mission_type,mission_seed,fault_label,timestamp_s,true_cht,sensor_cht,egt,rpm,oil_pressure,oil_temp,fuel_flow,vibration,battery_voltage,injection_timing,health_index,altitude,ambient_temp,throttle,fault_type,fault_severity,rul_seconds
endurance,7,healthy,0.0,28.07385734032746,28.277615481825716,543.3691867342369,1936.7124621042854,69.93065318841138,24.729818444573432,20.900323312640282,0.25088290028317467,13.149884297862087,20.006564032735717,0.8585533701499048,8.0,14.947999999999979,0.9,none,0.0,
endurance,7,healthy,1.0,31.25802920394359,31.510678891041966,549.1922482453167,2098.023280655624,70.65057238509266,26.524273384515265,22.636955054157376,0.20619404526435192,13.24036722986085,19.965690347760855,0.8550197354242569,16.0,14.896000000000015,0.9,none,0.0,
endurance,7,healthy,2.0,34.491933093185,34.569100860913174,553.1214874703353,2220.927340069751,72.3469304680893,26.180841734105254,23.821480201993978,0.17973860722861568,13.262882180761034,20.330139938237295,0.8514309105831712,24.0,14.843999999999994,0.9,none,0.0,
endurance,7,healthy,3.0,37.73454023452503,37.36326347192274,561.8184976250435,2279.016011225221,73.31787469237872,26.543511245888553,24.626730776941677,0.16689203301665956,13.438012636945679,19.916705136295995,0.8478324273080691,32.0,14.791999999999973,0.9,none,0.0,
endurance,7,healthy,4.0,40.958250237550985,40.79354336159445,565.4163015677773,2338.7602220355698,73.8003008183405,27.8729890961546,25.171437647417783,0.11458303984164721,13.49037673027482,20.353232175585866,0.8442549151322111,40.0,14.740000000000009,0.9,none,0.0,
endurance,7,healthy,5.0,44.144680275445054,44.279386090699,565.5636568646077,2385.039859829996,73.9536126806657,28.973747785448314,25.537165657755317,0.2126288867777659,13.458132212237041,20.44951901056154,0.8407187743976581,48.0,14.687999999999988,0.9,none,0.0,
endurance,7,healthy,6.0,47.28177049060767,47.53258255219819,571.0308074110226,2405.873553923813,73.867894904395,28.64054003069003,25.7799476054718,0.19501946840525677,13.438300081770143,19.71300730679289,0.8372373885313814,56.0,14.636000000000024,0.9,none,0.0,
endurance,7,healthy,7.0,50.361794296874855,49.764998335745766,572.2667510319221,2415.004068476516,73.60997804927368,31.008377544513877,25.938276469380458,0.185868238196231,13.44465652698553,19.82202862779585,0.8338193321123764,64.0,14.584000000000003,0.9,none,0.0,
endurance,7,healthy,8.0,53.37999079014745,53.27362430663867,580.4320563817049,2431.39300411654,74.20330345260417,30.030230606549328,26.03859585364771,0.23273528518515552,13.542531971459944,20.300663704083384,0.8304698885539672,72.0,14.531999999999982,0.9,none,0.0,
endurance,7,healthy,9.0,56.33362485074747,56.23561119459349,581.597178757151,2433.7306351295238,75.01500300068312,32.33669827781149,26.099071773502494,0.23347090967048306,13.495945200796248,19.815291068657356,0.8271920931552164,80.0,14.480000000000018,0.9,none,0.0,
endurance,7,healthy,10.0,59.221341276216585,59.18350954547305,585.1941246154095,2439.916423643756,75.540722132623,32.65153977242031,26.132183769055704,0.18289414882865684,13.512010080239317,19.997551562678712,0.8239874498520519,88.0,14.427999999999997,0.9,none,0.0,
endurance,7,healthy,11.0,62.04272105260489,62.23849389935618,586.6429266547511,2445.8445307296206,74.1546354190777,33.56758722487426,26.146504929515032,0.2078421991852092,13.436902925396845,20.074874069947516,0.820856423645205,96.0,14.375999999999976,0.9,none,0.0,
endurance,7,healthy,12.0,64.79797658871,64.94788076484495,597.8093103206787,2448.256636742055,73.84053169830794,33.57477487331455,26.14792472089063,0.20111223692702804,13.458441314495051,19.942403226695845,0.8177987788140124,104.0,14.324000000000012,0.9,none,0.0,
endurance,7,healthy,13.0,67.48774248025575,67.29254923957497,595.6856587495732,2449.800325334899,74.53317083346687,34.06630029242182,26.140489034898934,0.23906509055252465,13.449661754578242,20.349515447869727,0.8148138111158695,112.0,14.271999999999991,0.9,none,0.0,
endurance,7,healthy,14.0,70.11293194398444,70.25475015590183,599.8686256225327,2445.422479698227,74.21288165680839,34.821695574517285,26.126977279308385,0.14610075528746475,13.500551564691676,20.19284009687828,0.8119005071084966,120.0,14.220000000000027,0.9,none,0.0,
endurance,7,healthy,15.0,72.67463839305935,71.6986493437868,606.2508082994872,2443.9070148441315,74.72346255187281,35.055784566986205,26.109298822978815,0.14390188058972103,13.486988160919504,19.732695890008863,0.8090576533766357,128.0,14.168000000000006,0.9,none,0.0,
endurance,7,healthy,16.0,75.17406804052374,74.76233799851563,607.6159826711252,2439.741566060299,74.48228661924239,35.02054915052262,26.088765342555057,0.19030718415228845,13.456809699920422,19.945323438750844,0.8062839113253621,136.0,14.115999999999985,0.9,none,0.0,
endurance,7,healthy,17.0,77.61249382811121,76.83435000468687,613.9827336325592,2453.2286676216727,74.96332037758943,36.040715145673694,26.066277917029478,0.22058984155579897,13.537016813145122,20.342876049373817,0.8035778683075869,144.0,14.064000000000021,0.9,none,0.0,
endurance,7,healthy,18.0,79.9912240099512,80.54736925278074,612.7845399670763,2449.7604029363315,73.93446646260715,36.679187830349775,26.04245555645651,0.15914598765855764,13.407343141140355,20.095267540051452,0.80093807248829,152.0,14.012,0.9,none,0.0,
endurance,7,healthy,19.0,82.31158080538017,81.84144124826071,617.5705052082474,2451.212035785266,74.7463963688302,36.99487724241977,26.017723497561033,0.23326018424788558,13.477391892117101,20.190823041544412,0.7983630565345626,160.0,13.95999999999998,0.9,none,0.0,
endurance,7,healthy,20.0,84.5748859682748,85.18454541025912,621.3280554631577,2436.638821422858,73.77664000888556,38.586756669117065,25.99237386032685,0.18708418333811946,13.50090812644368,20.060136083004583,0.7925169237886664,168.0,13.908000000000015,0.9,none,0.0,
endurance,7,healthy,21.0,86.78245110564791,87.32365448550952,621.4959970928038,2435.1047263085325,75.48866366372015,37.82195108982622,25.9666073173535,0.23182064294896598,13.494983660943442,19.850186852810896,0.7787692526906009,176.0,13.855999999999995,0.9,none,0.0,
endurance,7,healthy,22.0,88.93557125565616,89.4430787233866,622.460869091242,2438.08156768751,74.27087643959797,39.71997919665824,25.940561719519614,0.21500569528653968,13.488320823090769,19.66332063127238,0.7653542268540879,184.0,13.803999999999974,0.9,none,0.0,
endurance,7,healthy,23.0,91.03552070088234,90.46695230679974,628.631406557697,2447.177778787077,74.29656885782622,40.10420533310967,25.914331760996397,0.17133628742252405,13.45842940914082,19.965563342688807,0.7522640607311175,192.0,13.75200000000001,0.9,none,0.0,
endurance,7,healthy,24.0,93.08355031293094,93.37974293423167,632.844234676548,2452.3130141163965,74.33138974165911,40.28603746188816,25.887982488548978,0.14799344681074023,13.48220605760397,19.961023699438343,0.7394911118089035,200.0,13.699999999999989,0.9,none,0.0,
endurance,7,healthy,25.0,95.08088594449275,95.05604981311293,637.1248860928206,2442.3667897661035,74.17614156201522,41.411930397677295,25.86155858203851,0.20485097827781323,13.514019589067352,19.85194087171873,0.7270278904339689,208.0,13.648000000000025,0.9,none,0.0,
endurance,7,healthy,26.0,97.02872753636245,96.85512544512544,635.9868673017552,2443.806722734851,74.36383440964273,40.493796793775196,25.835090729859246,0.2637680867332944,13.53807456968582,20.229063183693928,0.7148670652680429,216.0,13.596000000000004,0.9,none,0.0,
endurance,7,healthy,27.0,98.9282487109272,99.5723504903064,638.3279603901549,2441.226455921912,73.72399617810267,41.871310953574394,25.808600008679907,0.18850980336546141,13.515947988576942,19.765416687143965,0.7030014657717457,224.0,13.543999999999983,0.9,none,0.0,
endurance,7,healthy,28.0,100.78059669516576,101.2684880077133,641.1550460619982,2436.1614575528033,74.40961014109408,42.77283329091606,25.7821008921985,0.2622320886483913,13.500676783480198,20.0120691695737,0.6914240826750444,232.0,13.492000000000019,0.9,none,0.0,
endurance,7,healthy,29.0,102.5868924653652,103.31707835182581,645.1526937951668,2437.9361393091785,74.56818140598999,42.70378626476594,25.75560331806953,0.2319556582952027,13.390100799273663,20.07541167161204,0.6801280670930683,240.0,13.439999999999998,0.9,none,0.0,
endurance,7,healthy,30.0,104.3482310395625,103.98628869626468,649.1244331270358,2444.5699376503217,74.12379924104445,43.23225106771347,25.729114107822614,0.08474083631993963,13.54764334562778,20.099900549698187,0.6691067287393662,248.0,13.387999999999977,0.9,none,0.0,
endurance,7,healthy,31.0,106.06568186695283,105.18129601691298,648.9288180728846,2443.0658615224784,74.35791353137513,44.16384868834158,25.702637942304882,0.14492501866374646,13.448225614642862,19.57553010559346,0.6583535335467183,256.0,13.336000000000013,0.9,none,0.0,
endurance,7,healthy,32.0,107.7402892794778,107.7250348545071,655.6740211085338,2433.8787513393163,74.18672654276467,44.91711402423874,25.67617803178124,0.2918897196099063,13.521519041434148,20.098428891834963,0.6478621009080436,264.0,13.283999999999992,0.9,none,0.0,
endurance,7,healthy,33.0,109.3730729817848,109.53794790584867,653.4806505407925,2430.065271920846,74.52025703568891,45.33951421974317,25.64973657627358,0.19258664880293935,13.56082843799998,19.87949787701134,0.6376262006828737,272.0,13.232000000000028,0.9,none,0.0,
endurance,7,healthy,34.0,110.96502856329252,110.21623440407888,654.1600111039962,2431.3950232662064,75.0588245019784,45.49052183263856,25.62331508180004,0.15679534479127608,13.54611818635701,19.750057285959915,0.6276397500687568,280.0,13.180000000000007,0.9,none,0.0,
endurance,7,healthy,35.0,112.51712802128284,112.13611568750719,659.1019808957291,2439.9409337758675,74.49092923932704,45.33731251927574,25.596914577622194,0.14204064649680528,13.619144479198422,19.877981990781326,0.6178968104053004,288.0,13.127999999999986,0.9,none,0.0,
endurance,7,healthy,36.0,114.0303202875007,114.61582078416774,662.5301645583961,2434.916413934824,74.24436463043864,46.35679616961434,25.57053576548718,0.1656495378304865,13.473000896947525,19.671713405952275,0.6083915839567761,296.0,13.076000000000022,0.9,none,0.0,
endurance,7,healthy,37.0,115.50553175319014,115.70089515483467,657.8450942291705,2434.9966783869354,74.30108282543046,47.57539572088825,25.544179122152716,0.14678083452080404,13.491455596408807,19.712182685757348,0.5991184107042798,304.0,13.024000000000001,0.9,none,0.0,
endurance,7,healthy,38.0,116.9436667891743,116.64878555613316,665.3462839994675,2438.724209316396,75.19309475263447,46.752413153371165,25.517844969818675,0.3319269401000249,13.442640180815253,19.775253514709185,0.5900717651681755,312.0,12.97199999999998,0.9,none,0.0,
endurance,7,healthy,39.0,118.34560825873966,118.30405210579735,666.1683695690688,2422.7397556095902,74.39463977688487,47.45107592929039,25.491533524511524,0.16071443577751557,13.464392092208374,19.54171600418104,0.5812462532744987,320.0,12.920000000000016,0.9,none,0.0,
endurance,7,healthy,40.0,119.71221802187478,119.82695790214777,665.8063851384908,2429.674745588096,74.39188279041218,48.23707868829064,25.46524492932279,0.1718353570639329,13.524455295100127,19.90276455498686,0.5726366092741838,328.0,12.867999999999995,0.9,none,0.0,
endurance,7,healthy,41.0,121.04433742995508,121.10533674157197,674.8818228491446,2432.895504496519,73.7516709512699,47.66288263627877,25.438979277243103,0.2585230762672085,13.503096626209048,19.680688437346372,0.5642376927206652,336.0,12.815999999999974,0.9,none,0.0,
endurance,7,healthy,42.0,122.34278781033504,122.31828666341575,670.3480778111111,2427.6149057447055,72.79970609948684,48.04654197709021,25.412736626848393,0.19652032466216351,13.500413885097233,20.185260359588593,0.5560444855091388,344.0,12.76400000000001,0.9,none,0.0,
endurance,7,healthy,43.0,123.60837094056113,123.68804969680053,675.3226639564675,2427.298529465384,74.19179311066596,48.40804714327327,25.38651701307567,0.2486446393996569,13.493224602009741,19.974662632358406,0.5480520889792398,352.0,12.711999999999989,0.9,none,0.0,
endurance,7,healthy,44.0,124.8418695120908,125.38164243481776,674.4219133001953,2435.0344121035682,73.61393466013794,49.82883540269885,25.360320454626063,0.20694550374827367,13.497157436555154,20.308496630053792,0.5402557210818366,360.0,12.660000000000025,0.9,none,0.0,
endurance,7,healthy,45.0,126.04404758351812,126.38566194337922,674.9430533722002,2435.4360547213414,74.9803333564338,49.591272429851536,25.33414695904992,0.1234800653060332,13.539152127332807,19.859184564748645,0.5326507136099335,368.0,12.608000000000004,0.9,none,0.0,
endurance,7,healthy,46.0,127.21565102338504,126.90888923140682,679.2279292361898,2416.0332330467313,73.98626155944996,49.70307754087366,25.307996526240693,0.21474068519227713,13.514351829889955,19.925737567478254,0.5252325094932065,376.0,12.555999999999983,0.9,none,0.0,
endurance,7,healthy,47.0,128.35740794270825,127.62320373166047,679.2441889271217,2425.801565088158,74.12432782336442,50.419418955905215,25.28186915083471,0.24561314504262377,13.415767563766458,19.929233765217727,0.5179966601553717,384.0,12.504000000000019,0.9,none,0.0,
endurance,7,healthy,48.0,129.4700291173859,129.06695364061778,682.4751578209862,2430.3317027603994,74.46428075217091,50.95605832505952,25.255764823859842,0.178657795464348,13.49737156392793,20.095957069502234,0.5109388229333848,392.0,12.451999999999998,0.9,none,0.0,
endurance,7,healthy,49.0,130.55420840066932,130.82143250453132,681.1102817424422,2431.8833045452757,74.5210333834647,52.057359325614556,25.229683533868297,0.06026076191227092,13.579864053579724,19.833974568609943,0.5040547585573438,400.0,12.399999999999977,0.9,none,0.0,
endurance,7,healthy,50.0,131.61062312589803,131.24869023537218,681.692940144139,2430.741309775727,75.24726220223772,50.48181657541896,25.20362526771447,0.18447749966966165,13.420976994748903,19.978402465734124,0.4973403286898779,408.0,12.348000000000013,0.9,none,0.0,
endurance,7,healthy,51.0,132.63993449970383,131.9632007227503,682.1585837033277,2430.330037877997,74.82860190114154,52.30311641622834,25.177590011089553,0.15819138149760675,13.470243168747109,19.93097298295002,0.49079149352376783,416.0,12.295999999999992,0.9,none,0.0,
endurance,7,healthy,52.0,133.64278798589248,133.70193754473485,684.4567322134201,2427.0317390515947,73.69544201227556,53.02051169126788,25.15157774888874,0.2591167613414835,13.457624860741209,20.109120924013375,0.4844043094365268,424.0,12.244000000000028,0.9,none,0.0,
endurance,7,healthy,53.0,134.61981368021281,135.1556558606024,690.3355617320415,2424.3008572036247,74.77703603516917,52.74543264269624,25.12558846546335,0.16784950842490184,13.490299611597257,19.801747548318804,0.4781749267006531,432.0,12.192000000000007,0.9,none,0.0,
endurance,7,healthy,54.0,135.57162667622146,135.64879916943525,687.0455596121175,2428.6487312236686,74.78447977605235,53.05833133577335,25.099622144794303,0.12864126198514197,13.461825214793715,19.9353176752712,0.47209958724828915,440.0,12.139999999999986,0.9,none,0.0,
endurance,7,healthy,55.0,136.49882742244952,135.85556889372845,690.9257712316154,2431.8222227325527,73.33025896717864,53.88538570521368,25.07367877061099,0.18431827306827273,13.525416155155323,19.967350321163035,0.4661746224890224,448.0,12.088000000000022,0.9,none,0.0,
endurance,7,healthy,56.0,137.40200207107407,137.55047442576083,695.2680230050775,2424.456088873057,73.82468931013076,53.091869611902915,25.047758326473083,0.13590209088465716,13.49301894909027,19.74023402320832,0.4603964511795885,456.0,12.036000000000001,0.9,none,0.0,
endurance,7,healthy,57.0,138.28172281829407,137.75914080359644,688.6051441450869,2417.6103042772193,74.08935849253362,53.670323603145754,25.021860795826754,0.2838153797145204,13.547711318751675,19.95010309981378,0.45476157734426104,464.0,11.98399999999998,0.9,none,0.0,
endurance,7,healthy,58.0,139.13854823660643,139.86384041470515,697.6127328318656,2419.881451626349,74.37942448869445,54.71144789064068,24.99598616204328,0.2264947245753572,13.428221355908644,20.061551633931092,0.4492665882447273,472.0,11.932000000000016,0.9,none,0.0,
endurance,7,healthy,59.0,139.97302359917342,140.0608513727283,691.2014611762897,2428.5108113164783,74.26610707741035,54.4440606577393,24.970134408445453,0.18391825739883239,13.419779962756252,19.747961975789877,0.4439081523982834,480.0,11.879999999999995,0.9,none,0.0,
endurance,7,healthy,60.0,140.2475895387878,139.5253755725765,689.5149847830486,2338.8742044890264,73.40559731941853,55.235181968767826,20.066697547065253,0.22222732682268337,13.409215966623353,20.189169769929915,0.4419706231487245,488.0,11.827999999999975,0.75,none,0.0,
endurance,7,healthy,61.0,140.4591936413829,140.49138243851394,692.9072221440293,2273.270442426836,73.28358078034991,55.61925369764298,19.55126167348282,0.10290099596024402,13.420468321790905,19.8213996960093,0.44041777498289414,496.0,11.77600000000001,0.75,none,0.0,
endurance,7,healthy,62.0,140.62642655739208,140.29344639653115,695.0707818853418,2231.633943637372,73.87342556948234,55.74210487364635,19.19129969338375,0.24473065537266514,13.37071971882801,20.214046408918588,0.43913602367430693,504.0,11.72399999999999,0.75,none,0.0,
endurance,7,healthy,63.0,140.76209522225093,140.59450145130288,698.034921914056,2211.282836813547,73.01884712005463,55.2979877944532,18.938148216906956,0.17293697138278993,13.38593429107959,20.121616580561962,0.4380471220491857,512.0,11.672000000000025,0.75,none,0.0,
endurance,7,healthy,64.0,140.87502965154152,140.51876577790603,695.5964093706243,2189.1114668053583,73.14740065472778,56.2696283398522,18.758377102279773,0.2632221500302639,13.391572526334617,20.02903226625565,0.43709712091982755,520.0,11.620000000000005,0.75,none,0.0,
endurance,7,healthy,65.0,140.97132512731557,141.79829989411547,697.8273915625051,2178.0604895875067,72.6200617785125,55.783835287494576,18.629020948192366,0.2382270293604692,13.291704266471879,20.234652728908355,0.43624877963671693,528.0,11.567999999999984,0.75,none,0.0,
endurance,7,healthy,66.0,141.05519621550437,141.2241613197164,701.9061239232132,2167.3917166744254,72.00775903349698,55.544060891603955,18.534303284865082,0.10653598804987441,13.265254318732715,20.113288975981675,0.4354763482556556,536.0,11.51600000000002,0.75,none,0.0,
endurance,7,healthy,67.0,141.12956391685992,141.69295739833072,700.5590406453383,2160.747312881747,72.76636711257149,56.368423778594526,18.46338620066309,0.25624772911365057,13.33291911989066,19.764672182022704,0.4347619801922984,544.0,11.463999999999999,0.75,none,0.0,
endurance,7,healthy,68.0,141.1964593468662,141.50780059199946,695.0036737723574,2156.8091029247535,72.21108689691667,56.47857599812234,18.4088244095462,0.19628125164062607,13.354867655072377,19.811336563430633,0.43409326583881747,552.0,11.411999999999978,0.75,none,0.0,
endurance,7,healthy,69.0,141.2573012789926,141.53677346186504,698.475351279499,2150.3009362201246,72.05785669148224,55.86441940685152,18.365503246368398,0.27196620513147934,13.345008399725401,19.722998589374004,0.43346153684400823,560.0,11.360000000000014,0.75,none,0.0,
endurance,7,healthy,70.0,141.31308696867816,141.24171643492937,698.333301263267,2146.320863207946,71.55782119148292,55.96177029947998,18.32990910476097,0.18959076809825895,13.299404656883674,20.239478392249026,0.43286070022645184,568.0,11.307999999999993,0.75,none,0.0,
endurance,7,healthy,71.0,141.36452335750863,140.85141952444854,693.9554536035389,2147.347744824503,72.11223706597589,56.96498854483755,18.29962825214999,0.19923554281572822,13.313372790655334,20.176855526217842,0.4322864367497947,576.0,11.255999999999972,0.75,none,0.0,
endurance,7,healthy,72.0,141.41211728847412,142.06453470311922,694.9097104988005,2149.132240213212,72.6189632087774,56.9639369627126,18.273002532340875,0.23532767387618556,13.293740090653618,19.995695106116404,0.4317356497300786,584.0,11.204000000000008,0.75,none,0.0,
endurance,7,healthy,73.0,141.45623754104977,140.8890765220996,693.5657390980737,2155.153981885961,71.97887625985281,56.90556003827778,18.24889284467765,0.13591210400347448,13.398431002655949,19.55007375617946,0.43120608601690447,592.0,11.151999999999987,0.75,none,0.0,
endurance,7,healthy,74.0,141.49715749211677,140.7513939154178,693.4734914550422,2147.1594610134784,71.94957700003043,57.19463584733596,18.22651666213716,0.19242074450525276,13.305723585490199,19.86140611938166,0.43069607534587295,600.0,11.100000000000023,0.75,none,0.0,
endurance,7,healthy,75.0,141.53508445686765,141.5559793564543,698.2274237488366,2141.889381813342,71.27520385301608,57.773870730025884,18.205336411710796,0.2175898593712246,13.301961172646504,19.793493012331723,0.43020435107298616,608.0,11.048000000000002,0.75,none,0.0,
endurance,7,healthy,76.0,141.57017987192643,141.8847489648215,700.2436792274216,2141.1500285392917,71.45873833412954,57.17232267049303,18.18498279548225,0.24189609165806675,13.149065297047812,19.99017490922667,0.4297299268608308,616.0,10.995999999999981,0.75,none,0.0,
endurance,7,healthy,77.0,141.60257318222364,141.7368474272814,692.2580926395264,2145.756678376878,71.52602747611468,57.39621987882717,18.165202114795203,0.22628771085569532,13.293035367481808,19.81485109174654,0.4292720118332425,624.0,10.944000000000017,0.75,none,0.0,
endurance,7,healthy,78.0,141.6323713989414,141.9114494004193,696.0777533031118,2150.277482203962,71.863174122578,58.26721008927546,18.145820083739196,0.17036051886018763,13.213455263367718,20.20071101423591,0.42882995217865116,632.0,10.891999999999996,0.75,none,0.0,
endurance,7,healthy,79.0,141.659665681064,141.97655831123612,699.6717310719152,2140.3006092791834,71.10103917333421,57.617583597744364,18.12671697024247,0.2750159397083104,13.359181654103217,20.432854412668952,0.42840319093845225,640.0,10.839999999999975,0.75,none,0.0,
endurance,7,healthy,80.0,141.68453587040824,141.73867047583113,699.6540298413165,2135.8904089804973,71.55389110443959,58.501373484845374,18.10781051884884,0.19557666659441025,13.27283955627545,19.61709195120248,0.4279912402991066,648.0,10.788000000000011,0.75,none,0.0,
endurance,7,healthy,81.0,141.70705361942743,142.09370095698966,694.8229175398137,2146.806153526289,72.18719623067824,57.61430239510957,18.089044219248223,0.17360230815779393,13.231458917610116,19.597070500078935,0.42759366248203645,656.0,10.73599999999999,0.75,none,0.0,
endurance,7,healthy,82.0,141.7272845513106,140.90373937906028,699.781361122743,2136.634952199242,70.61411472220418,57.739585799184994,18.070379247158783,0.22109981204180804,13.304415514376021,20.053565895769164,0.42721005654596356,664.0,10.684000000000026,0.75,none,0.0,
endurance,7,healthy,83.0,141.74528975455226,142.80702655894433,697.5929162103132,2139.1715587208846,71.2061209491147,57.64773203729749,18.051788927989513,0.27393363378913144,13.277979234960453,19.734043678401584,0.4268400492554576,672.0,10.632000000000005,0.75,none,0.0,
endurance,7,healthy,84.0,141.761126819745,142.5450597262925,695.3650515507646,2143.088914298852,71.87247606601144,58.3689947757038,18.033254933567136,0.15613743614748749,13.269409482712225,19.898017443521034,0.4264832887463963,680.0,10.579999999999984,0.75,none,0.0,
endurance,7,healthy,85.0,141.77485056142882,141.3149776792239,693.2774474379244,2140.375768499078,71.59873377359919,58.29480993242103,18.0147646694187,0.20059142597911558,13.37641293175073,19.989563274932348,0.42613944011564353,688.0,10.52800000000002,0.75,none,0.0,
endurance,7,healthy,86.0,141.786513523202,141.74920546123423,697.8626716503575,2143.52931055681,71.7567797153223,58.01753496545327,17.99630947992509,0.2583116572993085,13.334738424207758,20.04686361104602,0.42580818233495,696.0,10.475999999999999,0.75,none,0.0,
endurance,7,healthy,87.0,141.79616633361331,141.80012383578762,694.0370236258955,2135.7809957621016,71.95006738659002,58.55298682807195,17.977883415324094,0.25081436138423474,13.259074493379643,19.687600830943,0.4254892060765392,704.0,10.423999999999978,0.75,none,0.0,
endurance,7,healthy,88.0,141.80385795926134,141.55017097484188,699.129311495342,2137.9632249023944,71.51533011342718,59.05058304182683,17.95948238468409,0.20481430065438735,13.274837760309882,19.934059451061604,0.42518221216673635,712.0,10.372000000000014,0.75,none,0.0,
endurance,7,healthy,89.0,141.80963588702284,141.9289902015316,697.3518857715595,2135.165630963633,71.29942161765631,58.60463606497557,17.94110357402676,0.2115713039267246,13.219097711161213,20.0874943690596,0.4248869104725954,720.0,10.319999999999993,0.75,none,0.0,
endurance,7,healthy,90.0,141.8135462573618,141.98299873122934,697.9039778898824,2133.054581638332,72.09167612604645,59.201644863659574,17.922745046597722,0.24067977743969596,13.287167412462598,19.906364885046433,0.42460301908741693,728.0,10.267999999999972,0.75,none,0.0,
endurance,7,healthy,91.0,141.8156339638151,142.192964080219,690.7985010138385,2134.342971062792,71.53700725650874,59.3201988274206,17.904405468266436,0.19996934106983738,13.28438061269827,19.768165825230383,0.42433026372291416,736.0,10.216000000000008,0.75,none,0.0,
endurance,7,healthy,92.0,141.81594272903823,141.86924733534798,697.3714311343256,2134.791109573197,71.36014946086,58.87131195195069,17.886083918885667,0.24988814709821,13.222436300761464,19.854173262282664,0.4240683772445919,744.0,10.163999999999987,0.75,none,0.0,
endurance,7,healthy,93.0,141.8145151645538,142.09167932460664,695.8365829813396,2138.5658412508765,71.32169094228055,59.06237676921201,17.867779762702057,0.2777017598207796,13.295142798912687,20.323713843903214,0.42381709930670086,752.0,10.112000000000023,0.75,none,0.0,
endurance,7,healthy,94.0,141.81139281911797,142.78569909362224,695.5642147847285,2136.037896396905,72.44671426375221,58.8932786639655,17.849492559332763,0.22260120535302166,13.207715343316867,20.140013472732413,0.42357617605672726,760.0,10.060000000000002,0.75,none,0.0,
endurance,7,healthy,95.0,141.80661621908823,141.71455630641503,699.9782646510719,2144.692025104611,72.03043232309149,59.03475950053407,17.831222002609664,0.22250754893195335,13.196564794343356,20.069224273061085,0.4233453598887589,768.0,10.007999999999981,0.75,none,0.0,
endurance,7,healthy,96.0,141.80022490312248,141.21706115955243,691.0498119144144,2136.742817815424,71.67437724890414,58.97556339037318,17.81296787856738,0.1637376524635268,13.34366854434175,19.712242441232256,0.42312440923148076,776.0,9.956000000000017,0.75,none,0.0,
endurance,7,healthy,97.0,141.79225745281568,141.54514954827613,701.3446719986986,2134.806381365433,71.27001459265043,59.07914030965647,17.79473003658258,0.25994701300016876,13.245815230999453,19.935719678915138,0.42291308836099273,784.0,9.903999999999996,0.75,none,0.0,
endurance,7,healthy,98.0,141.782751520382,142.57580814378684,693.5101324418364,2128.944053743506,70.80436249704843,59.692273359892596,17.77650836954777,0.18105908044100497,13.30665171371051,20.14412934186622,0.42271116723167923,792.0,9.851999999999975,0.75,none,0.0,
endurance,7,healthy,99.0,141.77174385414833,141.70070374820855,695.5558644119166,2138.431935231064,71.14703342804873,58.884712563804456,17.75830280025138,0.3297322706397776,13.253467788001094,20.138271300056605,0.4225184213204506,800.0,9.800000000000011,0.75,none,0.0,
endurance,7,healthy,100.0,141.759270322389,141.69082283298772,699.4790522358354,2135.405272738101,71.93749740330117,59.44801100824653,17.74011327202128,0.1254963106096091,13.264092378122747,19.854515929306224,0.42233463148111705,808.0,9.74799999999999,0.75,none,0.0,
endurance,7,healthy,101.0,141.74536593586998,141.6612368038968,699.51991660045,2129.1934378868223,71.6332941374772,59.038901312529056,17.721939742297355,0.18422860143549996,13.366892586109655,20.213855724956424,0.42215958380665175,816.0,9.696000000000026,0.75,none,0.0,
endurance,7,healthy,102.0,141.73006486935944,142.67190192011364,701.0568403314343,2129.0791872972063,71.29067731713498,59.396907591885295,17.703782178215985,0.15111005103972702,13.28218747671396,20.153992624658112,0.4219930694977645,824.0,9.644000000000005,0.75,none,0.0,
endurance,7,healthy,103.0,141.7134004822841,141.81022548459686,697.5443360005652,2129.4268446520837,71.2804923493837,60.65111631631487,17.685640553576786,0.25237658285660636,13.31138243333487,20.036607900117705,0.42183488473669795,832.0,9.591999999999985,0.75,none,0.0,
endurance,7,healthy,104.0,141.69540533865919,141.71191970890746,700.8229094960132,2134.6446227373444,72.18094826463333,60.396688733677706,17.667514846758923,0.2553201169499515,13.244751408343562,19.882745934844994,0.42168483056546047,840.0,9.54000000000002,0.75,none,0.0,
endurance,7,healthy,105.0,141.676111226382,140.804227121428,696.6324108325524,2138.0636606467383,71.37249350679215,59.60234521936776,17.649405039289537,0.250870776243254,13.312425721218139,19.976189155119044,0.42154271276794586,848.0,9.488,0.75,none,0.0,
endurance,7,healthy,106.0,141.65554917595534,141.96762709989434,699.2654286415444,2125.7143862737903,71.88640708279664,60.16432017936084,17.631311114860488,0.23885390048275862,13.265385007839518,20.311532627983116,0.42140834175554,856.0,9.435999999999979,0.75,none,0.0,
endurance,7,healthy,107.0,141.63374947868857,141.97849914252956,693.5284300406147,2131.2389232149717,71.9754442303991,59.84100920675089,17.61323305865282,0.16131260766008423,13.345378517478217,20.034098162970114,0.4212815324559158,864.0,9.384000000000015,0.75,none,0.0,
endurance,7,healthy,108.0,141.610741704413,141.758092283629,694.0873218792175,2127.7424077210217,72.16254955361954,60.62460381998692,17.595170856872564,0.2505270499908542,13.22808943546742,20.06817613795624,0.42116210420479594,872.0,9.331999999999994,0.75,none,0.0,
endurance,7,healthy,109.0,141.58655471873925,141.88289457459103,703.9564168204746,2134.0134053607535,72.41698708807976,60.82463196529907,17.57712449643211,0.11936175428287647,13.271542737609948,19.92182742283698,0.42104988064051607,880.0,9.279999999999973,0.75,none,0.0,
endurance,7,healthy,110.0,141.5612166998791,142.40540959815485,694.8753189654062,2126.66560812845,71.89809729539341,59.96036954593871,17.559093964731115,0.16857391489493584,13.266504567574678,20.249915542686832,0.420944689601247,888.0,9.228000000000009,0.75,none,0.0,
endurance,7,healthy,111.0,141.53475515504957,142.10241386608675,697.0923872449329,2129.714672989733,72.38743732553226,59.92360805198124,17.541079249506048,0.15916609035031717,13.332068627104473,19.81817635063413,0.4208463630247692,896.0,9.175999999999988,0.75,none,0.0,
endurance,7,healthy,112.0,141.50719693647474,141.45045951242219,697.2657074259748,2119.2236092108374,71.4192676340981,60.601322703563646,17.523080338726903,0.26714971182448166,13.23592977307233,19.85399482955895,0.42075473685070697,904.0,9.124000000000024,0.75,none,0.0,
endurance,7,healthy,113.0,141.47856825699867,140.93719971531775,692.35667993471,2127.0067539452843,71.39654900384356,60.42861053598426,17.505097220526064,0.2429099937043482,13.352388228927499,20.175987731097994,0.42066965092513564,912.0,9.072000000000003,0.75,none,0.0,
endurance,7,healthy,114.0,141.44889470532084,141.89183480077463,701.983105173217,2132.8815608447103,71.72126376132319,60.292394994463386,17.487129883149713,0.3181689880597264,13.294977517798355,20.09471311349861,0.42059094890749926,920.0,9.019999999999982,0.75,none,0.0,
endurance,7,healthy,115.0,141.41820126086515,141.80581312211643,694.3573937522152,2121.6159079894974,70.93234398231667,60.19989785695627,17.469178314924193,0.2031101715902153,13.307854701082698,19.780823493659604,0.4205184781797626,928.0,8.968000000000018,0.75,none,0.0,
endurance,7,healthy,116.0,141.38651230829225,140.75839304246753,692.8975909078492,2119.241166613686,70.89201537542404,60.810185920127545,17.45124250423298,0.15058062096149094,13.241754043987287,19.984540418790097,0.42045208975774473,936.0,8.915999999999997,0.75,none,0.0,
endurance,7,healthy,117.0,141.35385165166454,141.37423716018915,695.1616175956896,2117.2025062761554,71.42081503618266,60.42949662119303,17.43332243950099,0.23540950173206887,13.331995956174595,19.761569453875552,0.4203916382045757,944.0,8.863999999999976,0.75,none,0.0,
endurance,7,healthy,118.0,141.32024252827262,141.58455237088012,700.0675992831978,2110.1770979009325,72.22014154264056,60.5097473413715,17.415418109183577,0.2764092308194967,13.230839235820914,19.91911246615743,0.4203369815462198,952.0,8.812000000000012,0.75,none,0.0,
endurance,7,healthy,119.0,141.28570762213175,141.86899720007278,696.5920057759179,2110.0728003160343,71.91954577266085,59.832979226420534,17.397529501759127,0.15118114239581537,13.2438960298886,20.00897248804824,0.4202879811890138,960.0,8.759999999999991,0.75,none,0.0,
endurance,7,healthy,120.0,141.2502690771564,140.7573461704479,694.6192908734438,2121.051152074869,71.40665419935276,59.93703522720017,17.37965660572398,0.19091548712149964,13.19329066455008,19.74991760845796,0.4202445018391773,968.0,8.708000000000027,0.75,none,0.0,
endurance,7,healthy,121.0,141.21394851002054,141.5236420633859,699.0813934470266,2127.6107880146874,72.41728949003219,60.55708392377459,17.36179940958877,0.18641713948334465,13.332112781666032,20.026930456700963,0.4202064114242353,976.0,8.656000000000006,0.75,none,0.0,
endurance,7,healthy,122.0,141.17676702271183,140.00498755698592,695.696032471208,2104.0101571254418,71.92945201427166,60.78375898695956,17.343957901876184,0.2026089746688914,13.36244394957004,20.308131384006277,0.4201735810163195,984.0,8.603999999999985,0.75,none,0.0,
endurance,7,healthy,123.0,141.1387452147862,141.65530230423906,697.965261057377,2121.5571277836343,71.7912025834201,60.848790590704965,17.326132071119147,0.1453137229628521,13.349247197166306,19.941378658369494,0.4201458847572934,992.0,8.552000000000021,0.75,none,0.0,
endurance,7,healthy,124.0,141.09990319533108,141.46525826326558,698.949528007774,2112.8508183129247,71.48425882109436,60.6080728704665,17.30832190585972,0.15474199562837615,13.319433334956512,19.971223138516837,0.42012319978565926,1000.0,8.5,0.75,none,0.0,
endurance,7,healthy,125.0,141.06026059464315,141.1829600169786,697.2494993748905,2120.351731529996,72.66770337168953,60.61290236252759,17.290527394648347,0.21250930836279544,13.24129638795967,19.91312355944003,0.4201054061652121,1008.0,8.447999999999979,0.75,none,0.0,
endurance,7,healthy,126.0,141.01983657562843,141.626766624705,694.2386813375339,2116.8323159905794,72.17736701412905,60.851913202188136,17.272748526043316,0.24793372031171484,13.307211478538866,20.23069072362226,0.4200923868153875,1016.0,8.396000000000015,0.75,none,0.0,
endurance,7,healthy,127.0,140.9786498449307,141.21067260606017,693.6956602675629,2116.9168285443347,71.61722796952138,61.062976924032654,17.25498528861031,0.19476105582736863,13.352000643565654,20.205449575903124,0.420084027443268,1024.0,8.343999999999994,0.75,none,0.0,
endurance,7,healthy,128.0,140.93671866379484,139.93277811671004,691.9198104487415,2109.4768650467468,71.19353422754449,60.092646713732584,17.237237670922212,0.22765599138954634,13.292143499973491,20.279111994984632,0.4200802164772126,1032.0,8.291999999999973,0.75,none,0.0,
endurance,7,healthy,129.0,140.89406085867176,140.9724897228867,696.5133698257052,2118.3385045707482,71.16794210344928,61.31778778780054,17.219505661558994,0.12657234493017033,13.269520466781408,19.86369136805447,0.42008084500206355,1040.0,8.240000000000009,0.75,none,0.0,
endurance,7,healthy,130.0,140.85069383157057,140.24954781599595,698.2901010831149,2108.747490625612,72.43879879865176,60.25005539355171,17.20178924910738,0.30142299628450153,13.128061964395858,19.88126964219029,0.4200858066958949,1048.0,8.187999999999988,0.75,none,0.0,
endurance,7,healthy,131.0,140.8066345701644,141.90292389285094,698.5414354130372,2104.492522738261,72.12041767100993,61.16633123499501,17.184088422161043,0.11914887019680231,13.283122708230602,20.087157227036244,0.4200949977682715,1056.0,8.136000000000024,0.75,none,0.0,
endurance,7,healthy,132.0,140.76189965765553,140.87852112570746,693.8574280291803,2118.3835321233423,71.00793383488946,61.17301959241541,17.166403169320258,0.1726342410134234,13.22072017779174,20.03623862005703,0.4201083168999725,1064.0,8.084000000000003,0.75,none,0.0,
endurance,7,healthy,133.0,140.71650528240568,140.17281904829588,695.3904795783293,2110.7857753190733,71.52740893324857,61.184281837812996,17.148733479192128,0.2042490740235567,13.37710897438292,20.022408888572432,0.42012566518415506,1072.0,8.031999999999982,0.75,none,0.0,
endurance,7,healthy,134.0,140.67046724733697,141.19914601066154,693.8194977335894,2113.8265842711876,71.53994533927228,61.75500330831311,17.131079340390357,0.25396687004166374,13.253430386536095,20.089840556449335,0.42014694606891645,1080.0,7.980000000000018,0.75,none,0.0,
endurance,7,healthy,135.0,140.62380097910906,140.14105571023282,695.6637857707206,2116.75487570597,71.98222618012205,60.99647099096554,17.113440741535307,0.13235279226916588,13.283960094231565,19.701203543635682,0.42017206530122175,1088.0,7.927999999999997,0.75,none,0.0,
endurance,7,healthy,136.0,140.57652153707775,140.65658362160207,697.7029386405749,2116.365040170783,71.92226120112444,60.9449784574497,17.09581767125401,0.24977490444645226,13.271379406271793,20.084792022261215,0.4202009308721725,1096.0,7.875999999999976,0.75,none,0.0,
endurance,7,healthy,137.0,140.5286436220404,140.7070448578521,691.993600848377,2120.0308483467834,71.99594194080335,61.76644113526282,17.078210118180113,0.20986037961500725,13.283967456656606,20.372118294338566,0.42023345296357206,1104.0,7.824000000000012,0.75,none,0.0,
endurance,7,healthy,138.0,140.48018158477294,141.24517910933142,694.322375708442,2109.6621391400836,71.26958333576279,62.14799428682037,17.060618070953844,0.24390680009529123,13.267759580181938,19.8600135405071,0.42026954389576676,1112.0,7.771999999999991,0.75,none,0.0,
endurance,7,healthy,139.0,140.4311494343638,140.87038317851489,690.5306910587713,2116.0715775227145,71.37775378572145,60.89340833792253,17.043041518222097,0.18048419474317526,13.276817902525384,20.10209012681134,0.4203091180767293,1120.0,7.720000000000027,0.75,none,0.0,
endurance,7,healthy,140.0,140.3815608463492,140.66001271559364,692.8540512827722,2113.4965176382107,71.8935274909867,60.51101088286387,17.025480448638305,0.17435449937941724,13.36670996855202,20.029583938568646,0.42035209195235124,1128.0,7.668000000000006,0.75,none,0.0,
endurance,7,healthy,141.0,140.33142917065504,140.63177790186342,690.1576817397674,2108.543770478489,71.50506093340445,61.71783395585417,17.00793485086256,0.1360631771784452,13.190532716104606,19.925220010874664,0.4203983839579236,1136.0,7.6159999999999854,0.75,none,0.0,
endurance,7,healthy,142.0,140.2807674393494,140.8623776166062,696.1842701699431,2112.4431288715878,70.60335704532365,60.61420032880369,16.99040471356153,0.14973440887964068,13.293450948047221,20.239369195758297,0.42044791447076835,1144.0,7.564000000000021,0.75,none,0.0,
endurance,7,healthy,143.0,140.22958837421064,140.0696097017774,691.1300490685721,2101.713331389124,72.20697404029058,61.35420440511964,16.972890025408446,0.28175762444748664,13.324518668889654,19.643317051807443,0.42050060576399984,1152.0,7.5120000000000005,0.75,none,0.0,
endurance,7,healthy,144.0,140.1779043941152,141.21294817810977,693.8098455373231,2103.2666687825445,71.80954641365265,61.387899750425724,16.955390775083156,0.1664300156692508,13.23147649398803,19.629063426041874,0.420556381961388,1160.0,7.4599999999999795,0.75,none,0.0,
endurance,7,healthy,145.0,140.12572762224957,140.50348324130044,693.8950364480311,2106.7613196156417,71.75971859179484,61.48989898314733,16.93790695127211,0.25471289394355,13.285302227937066,20.014790545269218,0.4206151689932941,1168.0,7.4080000000000155,0.75,none,0.0,
endurance,7,healthy,146.0,140.0730698931506,140.822672724824,690.7039774372302,2108.9751452468954,71.00886572758914,61.51495945296566,16.9204385426683,0.23721836712846636,13.272008966204782,19.768800790638217,0.4206768945536563,1176.0,7.3559999999999945,0.75,none,0.0,
endurance,7,healthy,147.0,140.01994275957802,140.72208307874675,693.485126966298,2099.570090509786,71.09932356805764,62.01385712833471,16.90298553797132,0.2743777244585276,13.266068257855158,19.64865817614189,0.42074148805800127,1184.0,7.303999999999974,0.75,none,0.0,
endurance,7,healthy,148.0,139.96635749922342,140.78373261433455,692.5484417446702,2105.267239565755,70.96880817770229,60.78717926326276,16.88554792588734,0.2603110427327687,13.237087649464982,19.96954418642093,0.42080888060245303,1192.0,7.2520000000000095,0.75,none,0.0,
endurance,7,healthy,149.0,139.91232512125956,140.42298279999946,699.2023322693221,2106.3928488495562,71.27075803813317,60.86743175816116,16.868125695129073,0.25411533852184853,13.29847659591935,20.115931464252697,0.42087900492371766,1200.0,7.199999999999989,0.75,none,0.0,
endurance,7,healthy,150.0,139.8578563727336,139.87002774291915,697.0962315134051,2110.935773635542,71.07112614702427,60.98847390552385,16.850718834415858,0.18359327059259153,13.200954985516427,19.946241123922917,0.42095179536002436,1208.0,7.148000000000025,0.75,none,0.0,
endurance,7,healthy,151.0,139.80296174480824,139.8244245237842,689.6855965567751,2099.444992661488,72.07500826406815,60.890276372161956,16.833327332473555,0.23692385036969782,13.269890548882902,20.092239431481136,0.4210271878129912,1216.0,7.096000000000004,0.75,none,0.0,
endurance,7,healthy,152.0,139.74765147885418,139.8528637746553,691.7935819202892,2104.0148158675106,71.48054117296563,61.04601911308855,16.815951178034595,0.18865534058265504,13.258962838208332,19.800607059799248,0.4211051197104039,1224.0,7.043999999999983,0.75,none,0.0,
endurance,7,healthy,153.0,139.69193557239757,139.37331213618248,688.9052162321519,2102.6936208165416,71.28149713491898,61.10866445578506,16.798590359838016,0.09691581319961165,13.212980889840068,19.961883949283923,0.42118552996987735,1232.0,6.992000000000019,0.75,none,0.0,
endurance,7,healthy,154.0,139.63582378492578,139.79824177066948,690.5324747170539,2104.4853861372003,70.95461361320994,62.51068570761996,16.78124486662933,0.17396927978776336,13.308624152315762,20.130099871462523,0.421268358963383,1240.0,6.939999999999998,0.75,none,0.0,
endurance,7,healthy,155.0,139.57932564355505,139.31108498986003,696.3353510527046,2106.0978968169047,71.55795310131593,60.49491492152199,16.763914687160682,0.2565695947977673,13.196511463507907,19.76407483295678,0.42135354848262274,1248.0,6.887999999999977,0.75,none,0.0,
endurance,7,healthy,156.0,139.52245044856312,139.935540230955,697.1173090064593,2096.542043373994,72.69983723759431,61.53500484550034,16.746599810190748,0.24998918997104908,13.35459657160558,20.37323481657578,0.4214410417052248,1256.0,6.836000000000013,0.75,none,0.0,
endurance,7,healthy,157.0,139.4652072787901,139.34527881993168,694.1222242842945,2103.616560885573,72.10270173890302,61.669855022456424,16.72930022448472,0.21218651434993577,13.270266614649339,19.76262865166739,0.4215307831617454,1264.0,6.783999999999992,0.75,none,0.0,
endurance,7,healthy,158.0,139.4076049969109,140.00170796341015,688.1153039631704,2097.4375701396316,71.60548269876344,61.351470536939935,16.712015918814416,0.3503667495075715,13.373727415478871,19.88418657762661,0.42162271870345713,1272.0,6.732000000000028,0.75,none,0.0,
endurance,7,healthy,159.0,139.34965225458186,139.27862946883297,699.1426894260568,2106.999568321925,71.55937677733624,60.726582536661425,16.69474688195809,0.15779017270354476,13.196940969705652,19.785834662874905,0.4217167954709018,1280.0,6.680000000000007,0.75,none,0.0,
endurance,7,healthy,160.0,139.29135749746516,139.6874176578532,689.9421471427696,2101.363127351596,72.20623538710895,61.51850115313387,16.677493102700634,0.18490260572300243,13.195848786541585,20.08574480968145,0.4218129618631955,1288.0,6.627999999999986,0.75,none,0.0,
endurance,7,healthy,161.0,139.23272897013337,138.9675283382309,692.5083061178402,2100.7715660831736,71.11452455382965,62.104115754291236,16.660254569833448,0.2449080147323533,13.298901009103508,20.017115216189538,0.421911167508061,1296.0,6.576000000000022,0.75,none,0.0,
endurance,7,healthy,162.0,139.17377472085727,139.88547230442944,694.816057518342,2098.84397461348,72.53491287997254,61.09988495027239,16.64303127215443,0.1692519898185738,13.373616057800858,20.316876986667946,0.4220113632325757,1304.0,6.524000000000001,0.75,none,0.0,
endurance,7,healthy,163.0,139.11450260627976,139.63155624027573,692.946495132995,2090.6235367833283,71.5388438079646,61.92218122186936,16.625823198468087,0.2017935365803261,13.28265454078622,20.08453308670653,0.4221135010346154,1312.0,6.47199999999998,0.75,none,0.0,
endurance,7,healthy,164.0,139.0549202959784,139.0238832982725,689.2809726464268,2095.9608395768782,71.2920007546591,60.53248895047677,16.6086303375854,0.23864598301962767,13.299682166174156,20.287343924465567,0.4222175340549793,1320.0,6.420000000000016,0.75,none,0.0,
endurance,7,healthy,165.0,138.99503527691937,138.8408083332011,698.3412435471233,2095.4569951968033,71.0332119133034,61.575755394773374,16.591452678323893,0.2420563663409693,13.29659553110849,20.039501904897218,0.42232341655017513,1328.0,6.367999999999995,0.75,none,0.0,
endurance,7,healthy,166.0,138.93485485780528,139.237397460634,699.5976425700431,2096.6449351777846,71.4711075197092,61.141811268345755,16.574290209507605,0.12564548688282473,13.221692639652602,20.13854059196409,0.42243110386585736,1336.0,6.315999999999974,0.75,none,0.0,
endurance,7,healthy,167.0,138.87438617331964,138.537239966037,689.7643927997642,2103.940282069819,71.04308027454609,61.71079401761058,16.55714291996714,0.1567798125876205,13.31298941120692,19.797486461919696,0.4225405524108937,1344.0,6.26400000000001,0.75,none,0.0,
endurance,7,healthy,168.0,138.81363618827015,138.85257958279908,694.7914942258403,2086.3041275897735,71.26760005903758,61.19951255190679,16.54001079853958,0.14608851519534538,13.238853374651676,19.530504784873873,0.4226517196320496,1352.0,6.211999999999989,0.75,none,0.0,
endurance,7,healthy,169.0,138.7526117016333,139.34562784972647,689.3418477449885,2095.8862049023433,72.06295753829737,61.471368572576544,16.52289383406853,0.17407108501324806,13.1728240047381,20.050122661499792,0.4227645639892794,1360.0,6.160000000000025,0.75,none,0.0,
endurance,7,healthy,170.0,138.6913193505028,139.0071061469403,688.4843643489561,2101.0888751364755,71.14396501347571,61.72518128761398,16.505792015404108,0.1638775879129719,13.278391654514099,19.973468612399685,0.4228790449315989,1368.0,6.108000000000004,0.75,none,0.0,
endurance,7,healthy,171.0,138.6297656139439,138.44242932640012,694.9069225531023,2100.587971559957,71.44301899308007,61.126666386698886,16.48870533140296,0.17743377919476372,13.240838767513107,19.809126049804732,0.42299512287353935,1376.0,6.055999999999983,0.75,none,0.0,
endurance,7,healthy,172.0,138.56795681675598,138.50519818160936,690.6261045035562,2095.718784273226,71.81511517103822,59.936426036776844,16.471633770928264,0.21277363306595282,13.325693671146475,19.93538570121027,0.4231127591721585,1384.0,6.004000000000019,0.75,none,0.0,
endurance,7,healthy,173.0,138.50589913314553,138.46114402807106,693.9063400509259,2087.345200585478,72.40072963149474,61.4363302707031,16.45457732284962,0.18284544143274795,13.152178301915278,20.062731811409495,0.4232319161045974,1392.0,5.951999999999998,0.75,none,0.0,
endurance,7,healthy,174.0,138.44359859031172,139.02520984161902,686.5005404494352,2102.012755076194,71.15397201540738,61.51479538714622,16.43753597604322,0.24614096497566892,13.30087811702087,20.16657523653014,0.4233525568461761,1400.0,5.899999999999977,0.75,none,0.0,
endurance,7,healthy,175.0,138.38106107194656,138.36013865784292,694.1159810587701,2085.1273474665472,70.72704735981857,60.78736755683328,16.420509719391713,0.2185549194095922,13.283850925777653,20.15257370865142,0.4234746454490078,1408.0,5.848000000000013,0.75,none,0.0,
endurance,7,healthy,176.0,138.31829232165177,138.2860432365716,695.498324263562,2096.217487328692,70.74518399146324,61.86074413428347,16.403498541784234,0.19880343135810366,13.280788695182654,19.97042597046278,0.4235981468211214,1416.0,5.795999999999992,0.75,none,0.0,
endurance,7,healthy,177.0,138.25529794627417,138.55371939919723,687.0625128957731,2094.0879020014,71.4831142855614,61.41422014958424,16.38650243211649,0.21777549077490235,13.167389127034602,19.68905614259519,0.42372302670608486,1424.0,5.744000000000028,0.75,none,0.0,
endurance,7,healthy,178.0,138.19208341916186,138.1811406091107,701.1685209704548,2097.314736948605,71.615586319046,61.52604068234659,16.369521379290546,0.1636212638913238,13.289400788200625,19.918744077679982,0.42384925166310927,1432.0,5.692000000000007,0.75,none,0.0,
endurance,7,healthy,179.0,138.12865408334267,137.6710948777373,685.2068005471956,2088.319605433942,71.65335843026733,62.547215635774606,16.352555372215086,0.2512691999996644,13.254376863875981,20.18921694104477,0.4239767890476305,1440.0,5.639999999999986,0.75,none,0.0,
endurance,7,healthy,180.0,138.06501515462713,137.97163937169793,689.5192813527701,2082.3927844091113,71.52275691241111,61.40294645870195,16.33560439980523,0.19146207718730598,13.255462298591612,19.80981164433372,0.4241056069923502,1448.0,5.588000000000022,0.75,none,0.0,
endurance,7,healthy,181.0,138.00117172463732,137.81196602509166,694.724678451333,2081.895234475331,71.67275674417604,60.90453709244664,16.31866845098255,0.15916509630914538,13.367772326218374,20.023412936304776,0.42423567438873044,1456.0,5.536000000000001,0.75,none,0.0,
endurance,7,healthy,182.0,137.93712876376384,138.41337109740883,693.1743407956702,2082.6415909039238,71.74953590398596,60.86482879170774,16.301747514675156,0.12649073126767038,13.349416094214089,19.85090772265813,0.4243669608689271,1464.0,5.4839999999999804,0.75,none,0.0,
endurance,7,healthy,183.0,137.87289112405225,137.5069464147488,696.4357507388053,2090.193882256089,70.92762043842527,60.846237195556604,16.284841579817613,0.21139257728673802,13.229136551660455,20.11841024545958,0.42449943678815516,1472.0,5.432000000000016,0.75,none,0.0,
endurance,7,healthy,184.0,137.80846354202075,138.12329532749766,692.4070157038925,2088.6883908878717,71.17541311582032,60.159633615522296,16.26795063535095,0.18374028618167054,13.156345781202024,19.823039494189178,0.424633073207472,1480.0,5.3799999999999955,0.75,none,0.0,
endurance,7,healthy,185.0,137.74385064141092,137.69891755416091,692.9799992739838,2089.685635621674,71.394063934845,61.4067707160566,16.25107467022266,0.170545738523958,13.306626369379499,19.998250442714482,0.4247678418769728,1488.0,5.3279999999999745,0.75,none,0.0,
endurance,7,healthy,186.0,137.6790569358728,138.1848031225363,691.0545923896658,2090.624546888411,71.05329360708244,61.40889178696569,16.234213673386773,0.1696089574264809,13.281639764198042,20.28925891928983,0.4249037152193844,1496.0,5.2760000000000105,0.75,none,0.0,
endurance,7,healthy,187.0,137.61408683158623,138.36336790064524,689.2902712567753,2083.62541833933,71.24903028737795,61.478285982018825,16.2173676338037,0.1895725270866273,13.36439040471772,20.15449026112943,0.42504066631404924,1504.0,5.2239999999999895,0.75,none,0.0,
endurance,7,healthy,188.0,137.5489446298195,138.03312630786556,688.1765289482618,2089.463012778122,71.15229413454759,61.69202676446144,16.20053654044038,0.17312172180773366,13.236425809960553,20.272028615355524,0.42517866888129385,1512.0,5.1720000000000255,0.75,none,0.0,
endurance,7,healthy,189.0,137.48363452942732,136.54348920927777,691.8206324040492,2085.408478085154,71.76764782146536,61.277815791859396,16.183720382270163,0.13645429142788784,13.290930383641255,19.44922094925183,0.42531769726716473,1520.0,5.1200000000000045,0.75,none,0.0,
endurance,7,healthy,190.0,137.41816062928933,137.16362788020515,692.3954593768356,2078.4237020176965,70.6951362506286,60.03432482943925,16.16691914827289,0.3071959534446449,13.225813054304192,19.954077048692493,0.42545772642853275,1528.0,5.067999999999984,0.75,none,0.0,
endurance,7,healthy,191.0,137.35252693069035,137.03030127151547,689.9465750425969,2088.09825382737,71.33870674785065,61.291723595589524,16.150132827434884,0.17044562522571405,13.219836691196758,19.76901509013812,0.425598731918548,1536.0,5.0160000000000196,0.75,none,0.0,
endurance,7,healthy,192.0,137.28673733964405,137.4395485373397,685.0851507339368,2087.100797115681,71.37513392010308,61.751975874310595,16.133361408748858,0.062361536711011606,13.32359767795001,19.995418237465586,0.42574068987244307,1544.0,4.963999999999999,0.75,none,0.0,
endurance,7,healthy,193.0,137.22079566916136,136.90126343488853,691.6813887623665,2087.455133929422,71.25685184207384,60.933904980369356,16.116604881214005,0.18855384893419316,13.255981065468243,20.015239176485963,0.42588357699367463,1552.0,4.911999999999978,0.75,none,0.0,
endurance,7,healthy,194.0,137.15470564146486,136.14969818909486,695.0068731086333,2074.6125123187526,71.16671872172581,60.40357535500901,16.099863233836025,0.18443485588920833,13.263229898143171,19.852793033853615,0.4260273705403934,1560.0,4.860000000000014,0.75,none,0.0,
endurance,7,healthy,195.0,137.08847089015032,136.42574953502321,691.7493849518859,2089.515489975446,71.39013246166944,61.08537949862595,16.08313645562693,0.14570582718103553,13.258304108844115,19.826240001763228,0.4261720483122373,1568.0,4.807999999999993,0.75,none,0.0,
endurance,7,healthy,196.0,137.0220949622969,137.45357999572886,690.5876740073293,2084.066562550784,70.96016044118375,60.76081328566002,16.066424535605318,0.20899804498221464,13.282059956873423,19.86257204907385,0.4263175886374396,1576.0,4.755999999999972,0.75,none,0.0,
endurance,7,healthy,197.0,136.9555813205271,136.56681564222626,690.5373784838974,2072.473027244467,71.72313828568515,61.138570601752356,16.049727462796138,0.1996588369001505,13.276453244870442,19.78800089958956,0.42646397036024286,1584.0,4.704000000000008,0.75,none,0.0,
endurance,7,healthy,198.0,136.8889333450176,137.81426502495066,691.6753925323575,2073.7709318297643,71.55780564248437,60.69215226520696,16.033045226230776,0.17141327382519989,13.299492747447553,19.93562687907543,0.42661117282861205,1592.0,4.651999999999987,0.75,none,0.0,
endurance,7,healthy,199.0,136.82215433546222,137.17700818986935,691.7590926434542,2077.078934000633,70.51188863873209,60.5276005104605,16.016377814947134,0.21524908244788354,13.251465572298669,20.039981749902562,0.4267591758822431,1600.0,4.600000000000023,0.75,none,0.0,
endurance,7,healthy,200.0,136.75524751298823,136.76647597907902,689.6084403445846,2078.1651759718106,71.25024774776716,60.781996977818594,15.999725217989429,0.18375166183719788,13.347448241815917,19.719353528775734,0.4269079598408535,1608.0,4.548000000000002,0.75,none,0.0,
endurance,7,healthy,201.0,136.688216022027,137.4755416031483,688.6235318033996,2074.39214606135,71.04492917034348,60.46418905315016,15.983087424408405,0.24851362066205973,13.27681298263069,20.19932222903197,0.4270575054927537,1616.0,4.495999999999981,0.75,none,0.0,
endurance,7,healthy,202.0,136.62106293214003,136.41665152074964,690.6846366765108,2086.8016671871665,70.82508990897307,61.04211218715883,15.966464423261185,0.09311037161072566,13.260404807331836,19.719451854692036,0.4272077940836908,1624.0,4.444000000000017,0.75,none,0.0,
endurance,7,healthy,203.0,136.55379123980163,136.7389227414757,691.9108251949735,2070.595749737374,71.43065968005193,60.273693266582,15.94985620361131,0.2886467373456931,13.215608076572375,19.88813860068549,0.4273588073059553,1632.0,4.391999999999996,0.75,none,0.0,
endurance,7,healthy,204.0,136.486403870139,136.43818512586162,689.9260175226771,2074.6665745191244,71.53353770440143,60.940209731858616,15.933262754528771,0.2342720624431972,13.263535386738116,19.9520089170999,0.4275105272877514,1640.0,4.339999999999975,0.75,none,0.0,
endurance,7,healthy,205.0,136.41890367863107,138.16893822465906,687.6969663510655,2075.384942461971,71.63686301546025,61.396111890692154,15.916684065089978,0.15701844253277752,13.289539721412936,19.835805518968716,0.4276629365828173,1648.0,4.288000000000011,0.75,none,0.0,
endurance,7,healthy,206.0,136.35129345276673,135.9267796744498,689.2418863356942,2082.2527804888487,71.69072611924132,60.447577251205985,15.900120124377706,0.2237184241843851,13.185321111774398,19.78848953516947,0.4278160181602917,1656.0,4.23599999999999,0.75,none,0.0,
endurance,7,healthy,207.0,136.2835759136637,135.87902203427478,691.8884835792677,2084.165095621734,70.88322900645478,61.70007426293382,15.883570921481203,0.2826100486752898,13.325052274392814,19.955023895338712,0.4279697553948266,1664.0,4.184000000000026,0.75,none,0.0,
endurance,7,healthy,208.0,136.21575371764868,136.00627261596077,691.1422308130367,2067.7279054641467,72.35604837618763,61.86882036030167,15.867036445496073,0.16045125218018724,13.176057759147326,19.86727969632044,0.42812413205692934,1672.0,4.132000000000005,0.75,none,0.0,
endurance,7,healthy,209.0,136.14782945780013,136.78679054831093,691.5875306326936,2074.5568780455064,70.15093018150223,60.92541197414399,15.850516685524378,0.23865628457258808,13.245647397975233,20.07117304347799,0.42827913230353887,1680.0,4.079999999999984,0.75,none,0.0,
endurance,7,healthy,210.0,136.0798056654541,135.92280464505254,685.8867241845106,2076.76124150813,70.42049733322843,61.34232659656905,15.834011630674569,0.15149512818612726,13.267435873365633,20.026603964667768,0.42843474066882525,1688.0,4.02800000000002,0.75,none,0.0,
endurance,7,healthy,211.0,136.01168481167431,135.8699773903708,690.8568032060382,2070.581585291198,70.30894009888418,60.471786718562235,15.817521270061464,0.17875105510978112,13.216765963973227,20.061372931127334,0.4285909420552062,1696.0,3.975999999999999,0.75,none,0.0,
endurance,7,healthy,212.0,135.94346930868718,135.9636194511321,688.0408641415721,2074.0954252040106,72.42018498416158,60.662361557187275,15.801045592806306,0.2149519252890082,13.218387915229865,19.650479432025588,0.42874772172458164,1704.0,3.923999999999978,0.75,none,0.0,
endurance,7,healthy,213.0,135.87516151128276,136.2768326108536,692.1580736930848,2058.9327529751317,71.03304116120185,60.384083736078814,15.784584588036783,0.16799604499763687,13.245595696182189,19.866849158892954,0.42890506528977346,1712.0,3.872000000000014,0.75,none,0.0,
endurance,7,healthy,214.0,135.80676371818222,135.49689223063027,687.7498202457778,2076.641275595797,70.73945552974973,60.442603210897275,15.768138244886858,0.14095242017060566,13.22543654799929,20.157438948048647,0.4290629587061694,1720.0,3.819999999999993,0.75,none,0.0,
endurance,7,healthy,215.0,135.73827817337286,135.12728240029514,685.3268667270313,2085.218548042365,70.78195445741106,60.05752966849921,15.751706552497,0.22164596577349754,13.287886730733165,20.101330562616837,0.4292213882635686,1728.0,3.768000000000029,0.75,none,0.0,
endurance,7,healthy,216.0,135.66970706741128,136.12888575763986,688.1909753550689,2078.68308231505,71.02635898571336,60.34250797675729,15.735289500014003,0.1956884224829315,13.233138845809728,20.162669851087074,0.42938034057821717,1736.0,3.716000000000008,0.75,none,0.0,
endurance,7,healthy,217.0,135.6010525386955,135.17359539041612,689.229525566126,2068.761877042566,70.80486659661605,60.36220976399841,15.718887076591052,0.24689646277224367,13.277386143871995,20.04045765288053,0.4295398025850383,1744.0,3.6639999999999873,0.75,none,0.0,
endurance,7,healthy,218.0,135.53231667470695,135.47518795990948,686.7826338256136,2067.0292790448443,71.22835833702342,60.83390310846371,15.70249927138777,0.27512851629246116,13.314132137443893,20.296346701893604,0.42969976153004263,1752.0,3.612000000000023,0.75,none,0.0,
endurance,7,healthy,219.0,135.46350151322258,136.64252444133098,689.0756552638237,2070.31757736323,70.32714947125584,59.982963159508174,15.68612607357005,0.1410442169124151,13.296633265599809,20.198350712371347,0.42986020496292165,1760.0,3.5600000000000023,0.75,none,0.0,
endurance,7,healthy,220.0,135.39460904349852,135.3117042459297,689.5951424581868,2073.803085579458,71.03674468765176,60.87099259407662,15.66976747231028,0.24978071750970296,13.205464438234495,19.678643763468816,0.43002112072981813,1768.0,3.5079999999999814,0.75,none,0.0,
endurance,7,healthy,221.0,135.32564120742515,134.80205587117968,688.9113960066613,2068.8885944726508,71.81394424876464,61.336607984751595,15.653423456787149,0.2177039300491087,13.236737594298292,19.736451368742312,0.43018249696626754,1776.0,3.4560000000000173,0.75,none,0.0,
endurance,7,healthy,222.0,135.25659990065495,135.51107150637742,686.0804028679513,2071.9548291262486,70.95840154477344,60.812366368944325,15.637094016185717,0.26509584173959166,13.243009721116907,19.98488805233325,0.4303443220903067,1784.0,3.4039999999999964,0.75,none,0.0,
endurance,7,healthy,223.0,135.1874869737034,134.31590642138187,687.3289370503761,2061.4739642366003,70.25525972355419,60.07710520612107,15.620779139697474,0.14796198311553996,13.242452522054593,19.718236416072745,0.430506584795749,1792.0,3.3519999999999754,0.75,none,0.0,
endurance,7,healthy,224.0,135.1183042330236,135.248498665809,683.3994755299317,2068.9907451838826,70.72643754760122,59.67365995792726,15.604478816520215,0.10443727409252587,13.347101962035994,19.94403610884024,0.4306692740456175,1800.0,3.3000000000000114,0.75,none,0.0,
endurance,7,healthy,225.0,135.0490534420555,135.0298166725061,688.9185881769552,2069.0663807246515,71.12904743338594,59.74606912410326,15.588193035858112,0.23614809151656244,13.169496430200276,19.74855389290937,0.43083237906573457,1808.0,3.2479999999999905,0.75,none,0.0,
endurance,7,healthy,226.0,134.97973632224992,134.78760641263455,690.8217327044123,2059.852886437541,70.47803495695432,59.874467425611776,15.57192178692171,0.16342895813771555,13.17755728678972,20.311836984785238,0.430995889338467,1816.0,3.1960000000000264,0.75,none,0.0,
endurance,7,healthy,227.0,134.9103545540683,134.38431948611313,689.4477394605564,2067.682906232444,70.79491854970506,61.2405013416513,15.555665058927886,0.1959305041919673,13.168891709159048,20.025230518348856,0.4311597945966146,1824.0,3.1440000000000055,0.75,none,0.0,
endurance,7,healthy,228.0,134.8409097779587,134.86806307031068,688.2318810283998,2064.4374700698536,70.65345197294157,58.54981751070014,15.539422841099919,0.1699913864298685,13.183546994338274,19.96821142722512,0.4313240848174501,1832.0,3.0919999999999845,0.75,none,0.0,
endurance,7,healthy,229.0,134.7714035953084,135.86520706852158,689.3334388420673,2070.766225511092,71.38105467120035,60.42860225059092,15.523195122667403,0.2282369711240417,13.23704916881539,20.165691620069516,0.4314887502168978,1840.0,3.0400000000000205,0.75,none,0.0,
endurance,7,healthy,230.0,134.70183756937402,135.5910075022018,690.0208940668712,2073.278608155816,70.41894375549651,60.167933805429996,15.506981892866285,0.21920602899965308,13.23367805994251,20.061747577146637,0.43165378124385045,1848.0,2.9879999999999995,0.75,none,0.0,
endurance,7,healthy,231.0,134.63221322618932,133.56372354195,686.4066198092099,2076.486975711409,71.17462273519419,59.39739866038943,15.490783140938856,0.21649497632769465,13.181421177186234,19.62861954618422,0.431819168574623,1856.0,2.9359999999999786,0.75,none,0.0,
endurance,7,healthy,232.0,134.5625320554515,133.9115884051855,685.9333868559312,2067.858304020026,71.21644753057538,60.581680758884964,15.474598856133795,0.14636107885812819,13.258623919654895,19.90811799444262,0.43198490310753845,1864.0,2.8840000000000146,0.75,none,0.0,
endurance,7,healthy,233.0,134.49279551138633,135.11938922275317,687.0866527132755,2065.137406947577,71.38799729544766,60.267390019978926,15.45842902770605,0.24149216033483994,13.253341929312395,20.039479018692717,0.4321509759576406,1872.0,2.8319999999999936,0.75,none,0.0,
endurance,7,healthy,234.0,134.42300501359276,135.65918093014884,687.3464956641523,2065.336728786621,70.69891413457036,58.82432017016275,15.44227364491695,0.1627008256502529,13.2773730991402,19.916429374392486,0.43231737845153484,1880.0,2.7799999999999727,0.75,none,0.0,
endurance,7,healthy,235.0,134.35316194786725,134.767743329403,690.3462544370863,2067.922701061661,71.07332303644657,59.92360456560845,15.426132697034186,0.1911477892840495,13.277785607375991,20.01240373268913,0.43248410212235144,1888.0,2.7280000000000086,0.75,none,0.0,
endurance,7,healthy,236.0,134.28326766700874,134.26690919243032,687.973180269466,2051.805844043519,71.4401632055469,59.67170104662018,15.410006173331702,0.21322620752031068,13.322508882560191,19.759418564991414,0.4326511387048265,1896.0,2.6759999999999877,0.75,none,0.0,
endurance,7,healthy,237.0,134.2133234916042,134.28661283716744,690.1976881589013,2064.382242065121,70.22348017120314,60.36115286443482,15.393894063089865,0.24190955224830066,13.174283947042621,20.04748414556827,0.4328184801305046,1904.0,2.6240000000000236,0.75,none,0.0,
endurance,7,healthy,238.0,134.1433307107956,134.43114098645623,686.0246937677406,2075.919628268833,70.94269942089488,59.21899297234826,15.377796355595303,0.18513848734419416,13.27505780064841,19.86750900847098,0.4329861185230499,1912.0,2.5720000000000027,0.75,none,0.0,
endurance,7,healthy,239.0,134.0732905830286,134.829384091904,688.0075667553242,2058.532419973201,71.41420142976811,59.27467442308208,15.361713040140978,0.14351238821323992,13.222001798369487,19.519908104670446,0.43315404619367426,1920.0,2.519999999999982,0.75,none,0.0,
endurance,7,healthy,240.0,133.41045364443661,133.43826323005462,688.6436193339969,1956.8792803958258,69.10099951959943,59.907530116052705,10.684466054490661,0.1784361785923094,13.16132560956968,20.114896832497422,0.4369438141792368,1928.0,2.4680000000000177,0.55,none,0.0,
endurance,7,healthy,241.0,132.71209384330044,132.57632590640736,679.0397655285262,1882.650133697991,69.74104716770242,59.216689225815514,10.282499876623802,0.17872015079997625,13.149074485997698,20.293365599230683,0.4409506179742284,1936.0,2.415999999999997,0.55,none,0.0,
endurance,7,healthy,242.0,131.99462291087173,132.08967680514007,679.9128574462461,1829.871828428884,68.88429729959144,59.356116164506474,10.003379206290967,0.16148845134201528,13.105691013253656,20.219040631146974,0.4450741860036346,1944.0,2.363999999999976,0.55,none,0.0,
endurance,7,healthy,243.0,131.26919748089333,130.84682622931,681.5300241745844,1809.617107771334,68.87537522369213,58.60420322865918,9.808649678264759,0.2014249101195571,13.041708372816176,19.90359609499829,0.44924635402444535,1952.0,2.312000000000012,0.55,none,0.0,
endurance,7,healthy,244.0,130.54336431784395,129.88439845536683,677.2087961968753,1774.9148576700425,68.47039983187341,58.00914478633949,9.671895109715564,0.13492201743626706,13.110392407809778,19.98731611870376,0.45342101319238626,1960.0,2.259999999999991,0.55,none,0.0,
endurance,7,healthy,245.0,129.82219133968334,129.8137463015203,683.022427096041,1761.8172532277854,68.8761714979668,59.41854188519692,9.574968935795264,0.24665564723473846,12.957060271656617,19.66222298759428,0.45756719979570315,1968.0,2.208000000000027,0.55,none,0.0,
endurance,7,healthy,246.0,129.1090451260228,129.5982364832767,677.9655924909172,1750.8746532323137,67.23136819082151,58.275236321446386,9.50540539702759,0.07760403151914047,13.16764161250291,20.344346907196485,0.4616643448746154,1976.0,2.156000000000006,0.55,none,0.0,
endurance,7,healthy,247.0,128.40612538669168,129.23675750106827,679.4837720506576,1741.4675201665966,68.06000055842048,58.520694921955204,9.454641156620454,0.20076817454019502,13.107933009377104,20.01253882795522,0.46569900875199377,1984.0,2.103999999999985,0.55,none,0.0,
endurance,7,healthy,248.0,127.71483234220221,127.17860731445019,680.2666924562325,1742.2023568283191,68.49090728243729,58.21456373297874,9.41679364212916,0.24986820109836733,13.134304797336407,20.085007538862268,0.4696626364305634,1992.0,2.052000000000021,0.55,none,0.0,
endurance,7,healthy,249.0,127.03601923273204,127.45204028235985,679.1427910056915,1728.715009248547,68.24504591428484,58.18521157273687,9.387821828522627,0.12865350033377412,12.920901711020498,20.315439213661843,0.47355001482614867,2000.0,2.0,0.55,none,0.0,
endurance,7,healthy,250.0,126.37016585451232,126.73851114173092,676.2886907619288,1728.9496384961055,68.42869791792758,57.768527333125135,9.364949739063906,0.2303983438994175,13.053497119036713,20.305512248594027,0.47735821250372656,2008.0,1.947999999999979,0.55,none,0.0,
endurance,7,healthy,251.0,125.71749780406984,125.03273669100297,673.6163996046771,1728.3927703083425,67.27295487894294,56.893631702231495,9.346270419954557,0.2397806244303903,12.986272012439672,19.897544205231238,0.48108585112491775,2016.0,1.896000000000015,0.55,none,0.0,
endurance,7,healthy,252.0,125.07806839809571,124.58573245354692,674.1864075203971,1733.2484349683414,68.29765978100531,56.486945692728284,9.330473891248678,0.22540687930194653,13.04730477802703,19.764687131515743,0.484732604938068,2024.0,1.843999999999994,0.55,none,0.0,
endurance,7,healthy,253.0,124.4518149342489,124.44879200670418,680.6337676875368,1719.2521115221573,68.23226905506145,56.765834637927995,9.316660263127048,0.1394471428282663,13.08168633489763,19.767169845211114,0.48829885703880593,2032.0,1.7919999999999732,0.55,none,0.0,
endurance,7,healthy,254.0,123.83859731275969,123.42817048129746,672.0277452377853,1718.5625901212354,67.01872398304474,57.263237780884815,9.304211356411557,0.2809611613404722,13.098087685217305,20.24399203051314,0.4917854634016998,2040.0,1.740000000000009,0.55,none,0.0,
endurance,7,healthy,255.0,123.2382245324569,123.81558482604126,671.6453178448417,1722.2554007411327,67.86866578813955,56.90207721067576,9.292702512490033,0.29404673835678435,13.022889993500549,20.278070773476184,0.4951935909961547,2048.0,1.6879999999999882,0.55,none,0.0,
endurance,7,healthy,256.0,122.65047285180259,122.71460731878189,666.2187974322702,1716.620677961661,67.63666378113841,56.30234034504919,9.28184201129936,0.21968998740684276,12.986394612088976,20.188269511021595,0.4985246068270326,2056.0,1.636000000000024,0.55,none,0.0,
endurance,7,healthy,257.0,122.07509822092848,121.73983609591934,674.2036142093224,1727.8794697724713,67.91594123413365,56.061636717082706,9.271429454621783,0.30741406616258016,13.03796157675513,20.044494106427177,0.5017800019780155,2064.0,1.5840000000000032,0.55,none,0.0,
endurance,7,healthy,258.0,121.51184477626398,121.40382917919126,673.9988418798625,1717.9688051231574,67.92255145145663,56.01207447590431,9.261327177572209,0.236561174151458,13.001313599268153,19.677157219633955,0.5049613397115543,2072.0,1.5319999999999823,0.55,none,0.0,
endurance,7,healthy,259.0,120.9604506294437,120.90129737848419,667.8099715169824,1714.2751668383257,68.45355638727861,56.16391341742443,9.251440609778673,0.24017694752033275,12.982895010809486,19.958561649257604,0.5080702201000897,2080.0,1.4800000000000182,0.55,none,0.0,
endurance,7,healthy,260.0,120.42065179724959,120.26145074693127,668.703900538493,1721.5141888661456,67.95926694757483,55.159465681960704,9.241704784537871,0.27975470547458225,13.027506952267187,20.12523569412952,0.5111082560150876,2088.0,1.4279999999999973,0.55,none,0.0,
endurance,7,healthy,261.0,119.8921848547037,119.92384744081343,670.2354275052008,1724.5066926790632,68.59768894855418,55.55425985584786,9.232075071310497,0.23670031814044531,12.988362941779304,19.575483685749553,0.5140770569173073,2096.0,1.3759999999999764,0.55,none,0.0,
endurance,7,healthy,262.0,119.37478871148707,119.11357956181389,667.1042363433272,1719.5959197920397,68.10437746041949,56.32110301571246,9.222520809430824,0.15038601544155586,13.053061414879522,20.201132598691082,0.5169782180033252,2104.0,1.3240000000000123,0.55,none,0.0,
endurance,7,healthy,263.0,118.86820578677859,118.52425860327796,666.6535359920344,1716.201454581291,68.27363330463675,55.41324660562678,9.213020934799454,0.31467593799410015,12.982811844948925,19.8841511432263,0.5198133130275628,2112.0,1.2719999999999914,0.55,none,0.0,
endurance,7,healthy,264.0,118.3721827716133,118.71621168102043,665.6829119821876,1712.7304592134615,67.62552950099443,55.329601158451304,9.203560975651245,0.246218716581102,13.032431630567743,20.09281351321735,0.5225838896444691,2120.0,1.2200000000000273,0.55,none,0.0,
endurance,7,healthy,265.0,117.88647110874007,117.68499652459452,666.3888670229718,1725.0429353171367,68.58434350172537,55.753494203147596,9.19413098880608,0.18593433352490096,13.040534420818258,20.130922624814392,0.5252914664767087,2128.0,1.1680000000000064,0.55,none,0.0,
endurance,7,healthy,266.0,117.41082727931386,117.24234556229044,661.0097468082669,1715.0547483265088,68.14771802410219,53.804883744780405,9.184724141982294,0.133477481975403,12.99409346244731,20.201603831791083,0.5279375313635453,2136.0,1.1159999999999854,0.55,none,0.0,
endurance,7,healthy,267.0,116.94501295781572,116.18295750331038,669.1002364512896,1722.3045978356122,68.36819443497191,54.18947793827413,9.175335739920827,0.23318782101516494,13.049059818536444,20.00815630767773,0.5305235404143188,2144.0,1.0640000000000214,0.55,none,0.0,
endurance,7,healthy,268.0,116.48879507738346,116.29433379263685,665.5302725519697,1715.6086435698778,67.85407071414487,53.85649343994989,9.16596255538424,0.12104868588215678,13.027598906236213,19.967142339372376,0.5330509176092897,2152.0,1.0120000000000005,0.55,none,0.0,
endurance,7,healthy,269.0,116.04194583453027,116.7925617495637,661.5100776272525,1716.1631130816015,68.1947756842114,54.339387617141156,9.15660236958858,0.287555522209171,13.1223825778565,20.18953413954397,0.5355210547708118,2160.0,0.9599999999999795,0.55,none,0.0,
endurance,7,healthy,270.0,115.60424265314948,115.29021326011389,665.0700148863085,1706.049999312823,68.57244670165588,54.71464189028097,9.147253656504454,0.2198270395623477,13.014602678411,19.94607443960119,0.5379353117832533,2168.0,0.9080000000000155,0.55,none,0.0,
endurance,7,healthy,271.0,115.17546812146283,115.58177873781935,663.1579740764658,1718.3005470756323,67.75131141715462,53.7486567490898,9.137915365988777,0.23485290145751503,13.160509048266485,20.05285803256335,0.5402950169782257,2176.0,0.8559999999999945,0.55,none,0.0,
endurance,7,healthy,272.0,114.75540991127944,114.5787116554637,662.5420578081471,1715.7653677004257,67.9366771407514,54.52319473412798,9.128586774807816,0.2068797648459035,13.089900189744956,20.177588469132687,0.5426014676278936,2184.0,0.8039999999999736,0.55,none,0.0,
endurance,7,healthy,273.0,114.34386068598374,113.67449223856235,659.7626022491357,1723.07577521371,68.89642469147206,53.6090292155729,9.11926738429807,0.14226552001702464,12.946590060882034,20.139253454103944,0.5448559305071442,2192.0,0.7520000000000095,0.55,none,0.0,
endurance,7,healthy,274.0,113.94061800164357,113.31952344379074,663.747937117522,1722.4201047756883,67.28012620753569,53.26620059718024,9.109956850064654,0.1704343309559423,13.023584434238801,20.08821584919021,0.5470596424977914,2200.0,0.6999999999999886,0.55,none,0.0,
endurance,7,healthy,275.0,113.54548420423689,113.48364508307573,657.4999682866077,1717.8436730116357,67.02656621264765,52.81588748557339,9.100654933688014,0.16618298499982817,12.945112556363942,20.06245426200783,0.5492138112164971,2208.0,0.6480000000000246,0.55,none,0.0,
endurance,7,healthy,276.0,113.15826632503823,113.45189678399223,657.9259674489474,1710.759394541956,67.84818168215448,53.51985685446446,9.091361469548936,0.34019262876531187,13.025887598550966,19.855635880387506,0.551319615653931,2216.0,0.5960000000000036,0.55,none,0.0,
endurance,7,healthy,277.0,112.77877597554847,112.70644182011874,663.439396344773,1717.5271277741838,68.33631619808853,52.97924387832774,9.082076342039157,0.16375607884289983,13.057202244243188,19.99174575693275,0.5533782068167259,2224.0,0.5439999999999827,0.55,none,0.0,
endurance,7,healthy,278.0,112.4068292428999,112.80451281728654,654.8071361133098,1709.710745170576,68.39558129548017,53.019541086724644,9.072799469906306,0.23980338296958797,13.029387707784483,19.910267219920527,0.5553907083665257,2232.0,0.49200000000001864,0.55,none,0.0,
endurance,7,healthy,279.0,112.04224658635847,112.78597032151069,660.3313480650937,1715.3365779503654,68.7699978154923,53.0914785037766,9.063530795499657,0.17537125351867722,13.078993972234208,19.88464360128177,0.5573582172523297,2240.0,0.4399999999999977,0.55,none,0.0,
endurance,7,healthy,280.0,111.6848527353325,111.8321578988557,660.9950435861837,1708.3763818780963,67.37294107737405,52.073081694892885,9.05427027738262,0.24533066034558612,13.061362778286021,20.271806741795288,0.5592818043336355,2248.0,0.3879999999999768,0.55,none,0.0,
endurance,7,healthy,281.0,111.33447658915127,111.52565154805613,658.3777754102819,1708.2994868417677,68.3980113013339,52.791996202714294,9.045017885257913,0.26815231855629096,12.95525189426016,19.746545167544177,0.5611625149927664,2256.0,0.33600000000001273,0.55,none,0.0,
endurance,7,healthy,282.0,110.99095111877716,110.98710669947853,658.013042974044,1713.0517678391718,68.01728990653247,52.84624503707997,9.03577359648133,0.21108762280547638,13.009944578020308,20.07108088480609,0.5630013697353845,2264.0,0.2839999999999918,0.55,none,0.0,
endurance,7,healthy,283.0,110.65411327054672,111.19560512960344,659.0502255941557,1717.8856472692687,68.31807761101285,52.24389750181639,9.026537393667072,0.21768503192637081,13.04621331197737,20.000912621099193,0.5647993647786106,2272.0,0.23200000000002774,0.55,none,0.0,
endurance,7,healthy,284.0,110.32380387198958,111.16691441662907,655.5830851595682,1697.1068133443168,67.94138399998359,52.2874405971247,9.017309263042565,0.1468722564689447,12.956647263525587,19.808676957374402,0.566557472626445,2280.0,0.18000000000000682,0.55,none,0.0,
endurance,7,healthy,285.0,109.99986753974282,109.98672917846875,656.7653439374265,1715.1662527489805,68.2337523039576,51.73071568537494,9.0080891933184,0.21749301631685147,13.100252651690697,20.194532527283517,0.5682766426323895,2288.0,0.1279999999999859,0.55,none,0.0,
endurance,7,healthy,286.0,109.68215258955657,109.89168494533425,654.8881020353026,1711.7344954122734,68.08913682629505,51.2024152696742,8.998877174912074,0.250204665258013,13.058227836012831,19.823922874738177,0.5699578015492902,2296.0,0.07600000000002183,0.55,none,0.0,
endurance,7,healthy,287.0,109.37051094837284,109.0188625519727,653.0747683961837,1715.1315521151682,68.24366493113664,52.7615300550716,8.989673199414588,0.2114041572552181,12.97598274006801,20.010442887402785,0.5716018540665123,2304.0,0.02400000000000091,0.55,none,0.0,
endurance,7,healthy,288.0,109.06479806844997,110.01630682154172,654.7441060469489,1711.889017084784,68.04054230996192,51.19968233327826,8.980477259224257,0.19968492532042342,13.04759008604237,19.53898121397006,0.573209683334621,2312.0,-0.02800000000002001,0.55,none,0.0,
endurance,7,healthy,289.0,108.76487284349884,108.21412393952077,658.384818583756,1703.8371623510893,68.36053864965287,51.15352571372788,8.971289347294954,0.1421003200431214,13.014959511544985,20.086642178528976,0.5747821514777663,2320.0,-0.07999999999998408,0.55,none,0.0,
endurance,7,healthy,290.0,108.47059752679314,108.47301498828631,651.1162547058243,1710.72426984503,67.68551390663492,51.32788988122659,8.96210945696326,0.2575583075058883,13.04670976754154,19.968538492641944,0.5763201000940088,2328.0,-0.132000000000005,0.55,none,0.0,
endurance,7,healthy,291.0,108.18183765121408,107.80212626473377,648.4851526770914,1706.7411669578453,67.98422318129339,51.1134399299993,8.95293758182976,0.12162364805911999,13.008202756911142,19.87278257144056,0.577824350743828,2336.0,-0.18400000000002592,0.55,none,0.0,
endurance,7,healthy,292.0,107.89846195118788,107.40906601776,649.5250696576801,1717.3417489999106,68.75423929441081,51.265157504799724,8.943773715677393,0.1551009146487366,13.070328261474586,20.01747437169937,0.5792957054270631,2344.0,-0.23599999999999,0.55,none,0.0,
endurance,7,healthy,293.0,107.62034228647471,107.3383099535415,653.0815139941346,1706.2183754360965,68.26553668126603,50.577940236652196,8.934617852415455,0.24581675773390746,13.043334160996139,20.334221443125802,0.5807349470485443,2352.0,-0.2880000000000109,0.55,none,0.0,
endurance,7,healthy,294.0,107.3473535677671,107.46564293126528,645.0105764166719,1706.6807470941937,67.93843562516511,50.85232748059971,8.925469986041094,0.30185708805783107,12.989905374080953,20.113701757337264,0.5821428398726685,2360.0,-0.339999999999975,0.55,none,0.0,
endurance,7,healthy,295.0,107.07937368405628,106.35561748696439,649.2435835951544,1705.861972082871,67.78515777187594,50.943929754536846,8.916330110612856,0.23642236688461116,13.033014412877224,19.662457935689147,0.5835201299671705,2368.0,-0.3919999999999959,0.55,none,0.0,
endurance,7,healthy,296.0,106.81628343172558,106.45909077592823,651.6749238766212,1708.5405756586003,67.6297789726316,48.89405917015605,8.907198220232543,0.16747245225064694,13.025367650080973,20.09789481834052,0.5848675456363478,2376.0,-0.4440000000000168,0.55,none,0.0,
endurance,7,healthy,297.0,106.55796644533042,106.61031813443871,653.5817926042781,1707.4364353511478,67.77293334384309,49.727057166279536,8.898074309032701,0.18509597032534186,13.02837396927339,19.872578744610642,0.5861857978439758,2384.0,-0.4959999999999809,0.55,none,0.0,
endurance,7,healthy,298.0,106.30430913002527,106.82852426217956,648.1325812697371,1700.4900690119375,67.17700765176326,50.45793707521191,8.888958371168062,0.2281730419848521,13.050571052876714,20.30010612852652,0.5874755806261613,2392.0,-0.5480000000000018,0.55,none,0.0,
endurance,7,healthy,299.0,106.05520059559869,105.09293463560951,652.8991106941768,1700.8276855370364,68.81242061862548,49.053260637339115,8.879850400809646,0.14427619314893675,13.049504326663362,19.75737986344852,0.5887375714943741,2400.0,-0.6000000000000227,0.55,none,0.0,
endurance,7,healthy,300.0,105.81053259207847,105.52766373861263,650.9992364842675,1698.1144505303716,67.60882814862873,49.371069313992045,8.87075039214075,0.17132549829356586,13.045191807070717,20.12992084937606,0.5899724318288818,2408.0,-0.6519999999999868,0.55,none,0.0,
endurance,7,healthy,301.0,105.5701994468696,104.87599076547714,648.2704156378167,1707.6384738740146,67.88842945786008,50.556794647419736,8.861658339354083,0.14784777762368745,13.046654426259279,20.68314586951205,0.5911808072628217,2416.0,-0.7040000000000077,0.55,none,0.0,
endurance,7,healthy,302.0,105.33409800338866,105.40661010636059,649.299898968484,1700.92375561256,66.92634541679266,49.17182552012544,8.852574236649971,0.2342806534455412,12.992007733246867,20.159237304279134,0.5923633280571295,2424.0,-0.7559999999999718,0.55,none,0.0,
endurance,7,healthy,303.0,105.10212756115922,105.41121407467179,651.2698027447669,1692.4565207784174,68.00700790632536,50.56848635516197,8.84349807823495,0.16128577017631557,13.067704186897664,19.731242071374215,0.5935206094665407,2432.0,-0.8079999999999927,0.55,none,0.0,
endurance,7,healthy,304.0,104.87418981733335,104.67270530001525,645.6372405676404,1701.0173760178502,67.66412517605306,49.184722052489214,8.834429858320895,0.15530421159199273,13.032841613881063,20.167080495590657,0.5946532520968808,2440.0,-0.8600000000000136,0.55,none,0.0,
endurance,7,healthy,305.0,104.65018880960535,104.17495973760845,649.131915574587,1691.667863595241,68.09278702919934,49.71421360137425,8.825369571124437,0.26311950244801224,13.001769601578642,19.755968239576664,0.5957618422538471,2448.0,-0.9119999999999777,0.55,none,0.0,
endurance,7,healthy,306.0,104.43003086048478,104.4945162787225,651.3226928109024,1702.730443994285,67.62984205731595,48.572311827473136,8.81631721086645,0.18910722675262467,12.989693264861653,20.032429554014513,0.5968469522834865,2456.0,-0.9639999999999986,0.55,none,0.0,
endurance,7,healthy,307.0,104.21362452289607,104.88399284633543,650.8296070794798,1698.2860402318047,67.27182765897662,48.80190171101153,8.80727277177186,0.1880209839394839,13.089658202830607,20.01963249780082,0.5979091409045689,2464.0,-1.0160000000000196,0.55,none,0.0,
endurance,7,healthy,308.0,104.00088052707356,104.6025378693148,647.6734687999399,1699.5853168073138,68.04360654078336,48.54588537698726,8.79823624806937,0.20728353245014672,13.065602606687893,20.13399991298472,0.5989489535330457,2472.0,-1.0679999999999836,0.55,none,0.0,
endurance,7,healthy,309.0,103.79171172872076,104.21424920052306,649.214497793363,1701.2093806251783,68.00607946744887,48.98467101499308,8.789207633991332,0.2646855422328307,13.088339449383454,19.467131197076718,0.5999669225987817,2480.0,-1.1200000000000045,0.55,none,0.0,
endurance,7,healthy,310.0,103.586033058404,103.26449343889523,647.5420475825913,1703.2463380089196,67.20411519128854,48.92805848884345,8.78018692377369,0.16665509227097142,13.030954677878801,20.326752806742018,0.6009635678547494,2488.0,-1.1720000000000255,0.55,none,0.0,
endurance,7,healthy,311.0,103.38376147215095,102.73368065182125,646.0906542562745,1702.2504901380098,68.00145741154802,48.26541879098148,8.771174111655872,0.23939495906155156,12.985808692582793,19.645256182198935,0.6019393966788591,2496.0,-1.2239999999999895,0.55,none,0.0,
endurance,7,healthy,312.0,103.18481590322536,103.10424010606391,640.1251952285579,1703.8970355844413,67.8279864707153,48.33643756980057,8.762169191880748,0.2643693172007394,13.018951169265803,20.196004899485516,0.6028949043686022,2504.0,-1.2760000000000105,0.55,none,0.0,
endurance,7,healthy,313.0,102.98911721505,104.28708677010106,640.0993089111092,1700.9424660969908,67.99734612495287,48.9621210869617,8.753172158694628,0.17887557211363375,13.062339403217255,20.026827740426317,0.6038305744286816,2512.0,-1.3279999999999745,0.55,none,0.0,
endurance,7,healthy,314.0,102.79658815525053,102.93528385276453,645.0833539490308,1701.5110123469674,67.14726048330704,48.02626148091649,8.744183006347196,0.19711711038734897,13.098961617728568,19.914499977335627,0.6047468788517913,2520.0,-1.3799999999999955,0.55,none,0.0,
endurance,7,healthy,315.0,102.60715331079354,102.89342517921676,644.8154272320269,1705.5178647627874,67.51367372951691,48.13439552096149,8.735201729091544,0.12551240345089704,13.084024136973337,20.101237211357844,0.6056442783927125,2528.0,-1.4320000000000164,0.55,none,0.0,
endurance,7,healthy,316.0,102.42073906419266,101.49218792838812,644.6008010148918,1697.6807622135018,67.24571665793769,48.2339607784056,8.726228321184125,0.1862429054940101,13.071400504732795,19.989739723039417,0.6065232228358823,2536.0,-1.4839999999999804,0.55,none,0.0,
endurance,7,healthy,317.0,102.23727355075751,102.77201646581757,643.6729425219256,1697.201641670291,68.45212843419606,48.14229000296691,8.717262776884736,0.1793658895840739,13.075701050176589,19.87555266399389,0.6073841512565926,2544.0,-1.5360000000000014,0.55,none,0.0,
endurance,7,healthy,318.0,102.05668661686042,102.38555498179963,644.2227190228564,1691.6584277345648,67.33352616149968,48.27188791983737,8.708305090456543,0.13643232991187593,13.039028002289383,19.70811113094618,0.6082274922759702,2552.0,-1.5880000000000223,0.55,none,0.0,
endurance,7,healthy,319.0,101.87890977919686,100.5983422476993,643.7718196445061,1695.1226809709888,68.03941664594795,47.82074588483502,8.699355256166081,0.18243972548265588,12.974673414538266,20.039168458675576,0.6090536643098854,2560.0,-1.6399999999999864,0.55,none,0.0,
endurance,7,healthy,320.0,101.70387618501583,101.86651972887014,635.0656153426512,1694.38234592894,68.40907003839574,47.328196765359365,8.690413268283203,0.2056060866960413,13.065732368833798,19.84933358649725,0.6098630758119329,2568.0,-1.6920000000000073,0.55,none,0.0,
endurance,7,healthy,321.0,101.53152057329719,101.51252529074702,646.2475135921619,1705.0582715331175,68.17781442789948,46.62461815033954,8.681479121081107,0.21769695325850724,13.0655226931387,20.016210871844603,0.6106561255106306,2576.0,-1.7440000000000282,0.55,none,0.0,
endurance,7,healthy,322.0,101.36177923685324,101.1334049407055,642.2841726842689,1696.1171023458412,67.40275306224576,47.45224914663283,8.672552808836373,0.21193452224629422,12.968290698666584,19.66784785785909,0.6114332026409692,2584.0,-1.7959999999999923,0.55,none,0.0,
endurance,7,healthy,323.0,101.19458998533278,100.3794847959653,642.9120159479298,1700.4503455074664,69.11131232113851,46.19898965470116,8.663634325828859,0.17171461221200593,13.043934042979664,19.87109186364167,0.6121946871704462,2592.0,-1.8480000000000132,0.55,none,0.0,
endurance,7,healthy,324.0,101.02989210910594,101.06245126224924,645.6769423755845,1691.9443556806573,67.72344404764746,47.962811285391666,8.654723666341821,0.24136656377264495,13.037778643894521,19.812495684870946,0.6129409500197234,2600.0,-1.8999999999999773,0.55,none,0.0,
endurance,7,healthy,325.0,100.86762634400887,100.99211319481932,641.2736376730679,1693.0861862457773,67.41330113801571,47.360114403610275,8.64582082466181,0.15869759591118426,13.128002197211966,19.852732543954687,0.613672353278025,2608.0,-1.9519999999999982,0.55,none,0.0,
endurance,7,healthy,326.0,100.70773483692791,99.68001597935786,644.6929440662964,1691.4320723311434,68.12014446414285,47.635620170861316,8.636925795078719,0.21332875524221673,12.99593884344482,19.98982571764218,0.6143892504134129,2616.0,-2.004000000000019,0.55,none,0.0,
endurance,7,healthy,327.0,100.55016111220317,99.57942262782002,641.5351905641741,1691.943451912265,66.57322330692219,46.97598780921145,8.628038571885805,0.27360866717002513,13.001837589303848,19.856586298150066,0.61509198647805,2624.0,-2.055999999999983,0.55,none,0.0,
endurance,7,healthy,328.0,100.39485003883198,99.86458428561906,642.1066491483946,1692.5908372169931,67.18700988278484,47.25038965170179,8.619159149379598,0.20627950450183954,13.082327612643809,19.937296511302467,0.6157808983085796,2632.0,-2.108000000000004,0.55,none,0.0,
endurance,7,healthy,329.0,100.24174779845326,100.52955967870857,646.502825705521,1690.8835478879369,67.15646850477144,47.32036951163028,8.610287521860014,0.31774887132577223,13.033913714686529,19.961785455643763,0.6164563147217333,2640.0,-2.160000000000025,0.55,none,0.0,
endurance,7,healthy,330.0,100.09080185409417,100.06802871360915,641.8514811275002,1692.3312115891963,68.17055534860529,46.12038135516529,8.601423683630271,0.16853019488436144,12.978583899797469,19.75257551197187,0.6171185567052815,2648.0,-2.211999999999989,0.55,none,0.0,
endurance,7,healthy,331.0,99.94196091966081,100.57816402346036,638.8184864920647,1699.982403829037,67.896622295471,46.786315836836806,8.592567628996905,0.2275029889165809,13.093382934368545,20.20810978410564,0.6177679376044356,2656.0,-2.26400000000001,0.55,none,0.0,
endurance,7,healthy,332.0,99.79517493015547,99.50831597522878,640.4897420670042,1687.2008661986488,67.8003856991826,46.96495150615257,8.583719352269815,0.1741852668377316,13.01582100426334,19.687269781954853,0.6184047633038161,2664.0,-2.315999999999974,0.55,none,0.0,
endurance,7,healthy,333.0,99.6503950126028,100.51053947855661,641.4812107942641,1692.9035604049495,67.13030715236673,46.3915474884273,8.574878847762168,0.23020273490350757,12.981663309919742,20.03300076772108,0.6190293324050834,2672.0,-2.367999999999995,0.55,none,0.0,
endurance,7,healthy,334.0,99.50757345766843,99.86401286417764,644.800307113071,1694.15924064942,68.00061968098753,46.15034892600439,8.566046109790502,0.16699687990720558,13.02280764454777,19.864064729416423,0.6196419364003436,2680.0,-2.420000000000016,0.55,none,0.0,
endurance,7,healthy,335.0,99.36666369195316,99.35377515020258,643.6478947017788,1695.6080793780197,68.48551048630038,46.4099777236683,8.557221132674655,0.18696488731159847,13.003799602800942,20.019137552101643,0.6202428598414225,2688.0,-2.47199999999998,0.55,none,0.0,
endurance,7,healthy,336.0,99.22762025094696,98.92897987878332,639.2216397579475,1700.6455742826665,67.20824708350752,45.61568016169419,8.548403910737779,0.19607640718928676,12.942976472711699,20.329140922511794,0.6208323805051101,2696.0,-2.524000000000001,0.55,none,0.0,
endurance,7,healthy,337.0,99.09039875262674,99.39981800151779,639.9484163643326,1694.6842888846647,67.57560753894529,46.128327827448054,8.539594438306361,0.2579764009518248,13.02827342670066,20.04610748863596,0.6214107695544719,2704.0,-2.576000000000022,0.55,none,0.0,
endurance,7,healthy,338.0,98.95495587168296,98.00940029621535,630.9769428579718,1692.4360711623633,67.41786960177588,46.11589567478451,8.530792709710202,0.19899879389256625,13.012572318319133,20.03371664692981,0.6219782916963185,2712.0,-2.627999999999986,0.55,none,0.0,
endurance,7,healthy,339.0,98.82124931435969,98.36523135145696,638.3865070841691,1694.4324748364418,67.61027423385553,45.87798589484814,8.5219987192824,0.19903125785118175,13.006154283058837,20.018382964666856,0.6225352053349241,2720.0,-2.680000000000007,0.55,none,0.0,
endurance,7,healthy,340.0,98.6892377938939,98.27139525419919,640.8595275829658,1682.4213790414485,67.86775114564735,45.71843868293813,8.51321246135939,0.1677162236856944,12.975293479666117,20.16551508854212,0.6230817627220901,2728.0,-2.731999999999971,0.55,none,0.0,
endurance,7,healthy,341.0,98.55888100653937,98.29353215498794,637.549498641449,1694.317169275643,67.67378980254459,45.221496559004336,8.504433930280893,0.24143832194085701,13.015307934408984,20.01833267068277,0.6236182101036294,2736.0,-2.783999999999992,0.55,none,0.0,
endurance,7,healthy,342.0,98.43013960816154,98.24572869758104,642.1509858149166,1686.0918472900494,67.88642514700145,45.944066557128025,8.495663120389965,0.22209228244785775,12.988170434553604,20.170777119333806,0.6241447878623683,2744.0,-2.8360000000000127,0.55,none,0.0,
endurance,7,healthy,343.0,98.30297519138965,98.33879069869747,640.5638703585473,1687.9507265143668,68.68048447974813,44.80015689742874,8.486900026032975,0.240424844745717,13.044960471733026,20.168172785581685,0.6246617306577406,2752.0,-2.887999999999977,0.55,none,0.0,
endurance,7,healthy,344.0,98.17735026331279,97.63173468749794,644.283004250256,1683.9748888737724,67.31494473026794,45.297218440475184,8.47814464155957,0.14519972951408583,13.049221485654199,20.258609768213294,0.625169267562058,2760.0,-2.9399999999999977,0.55,none,0.0,
endurance,7,healthy,345.0,98.05322822370708,97.34380300314365,636.7542249868534,1690.417494226227,67.18703514159502,44.68269220003143,8.469396961322728,0.22998846536594583,13.046592140588348,19.46010020495315,0.6256676221935389,2768.0,-2.9920000000000186,0.55,none,0.0,
endurance,7,healthy,346.0,97.9305733437812,98.41796872775025,642.9295199483303,1682.3051989645116,66.54324924432301,44.11035053663438,8.46065697967874,0.24653130827400688,13.036512022550381,19.727397927867848,0.6261570128461661,2776.0,-3.0439999999999827,0.55,none,0.0,
endurance,7,healthy,347.0,97.80935074542802,97.33339086619819,638.1751968267245,1692.838025189841,67.59515643019888,44.333619807661925,8.45192469098716,0.21344794023398234,13.073126386571447,19.731389942774396,0.6266376526164544,2784.0,-3.0960000000000036,0.55,none,0.0,
endurance,7,healthy,348.0,97.68952638097016,97.36827466667934,638.4214875114853,1674.968041338753,67.8303146822408,45.35232584817388,8.4432000896109,0.2258640585305809,13.045507637011218,19.959431692416576,0.6271097495272007,2792.0,-3.1480000000000246,0.55,none,0.0,
endurance,7,healthy,349.0,97.57106701338793,97.30573954835647,637.5766620516007,1687.9324170815644,67.40291344980103,44.67078085570037,8.434483169916128,0.2726028090564318,12.944861581317811,20.2541445828128,0.6275735066482865,2800.0,-3.1999999999999886,0.55,none,0.0,
endurance,7,healthy,350.0,97.45394019701789,97.59771065691868,640.8497091735157,1691.0227138828557,68.21332989483672,44.83317701433393,8.425773926272328,0.16995521280403264,13.114939431143927,20.07005762979134,0.6280291222146033,2808.0,-3.2520000000000095,0.55,none,0.0,
endurance,7,healthy,351.0,97.33811425871104,97.768323959644,639.8268119597006,1685.981073882879,67.72757287121308,44.75400047619751,8.417072353052301,0.293900275372863,13.012781704999496,19.830322347448007,0.6284767897411737,2816.0,-3.3039999999999736,0.55,none,0.0,
endurance,7,healthy,352.0,97.2235582794397,97.46371021664748,637.1564033886908,1682.4946470678394,68.04760333257613,44.73686864718868,8.408378444632094,0.1887389203879479,12.957883211805633,19.88310794247911,0.6289166981355265,2824.0,-3.3559999999999945,0.55,none,0.0,
endurance,7,healthy,353.0,97.1102420763421,96.92915720433137,633.5640651145184,1687.0642569072886,67.64315487999644,44.02698688062684,8.399692195391106,0.20358590322076328,12.988382948813712,19.874757528456417,0.629349031807402,2832.0,-3.4080000000000155,0.55,none,0.0,
endurance,7,healthy,354.0,96.99813618519477,96.5863856522632,641.3943018089495,1676.6617138029367,67.62940305258448,44.58707961813388,8.391013599712002,0.1438960335414224,12.982285105323012,19.875640908438186,0.6297739707758396,2840.0,-3.4599999999999795,0.55,none,0.0,
endurance,7,healthy,355.0,96.88721184330197,97.43214534739806,636.3968591264531,1678.8554371283317,67.32150569807706,44.13512842597553,8.382342651980728,0.17749680566030349,12.969261414706056,19.630889008935117,0.6301916907737191,2848.0,-3.5120000000000005,0.55,none,0.0,
endurance,7,healthy,356.0,96.77744097279276,96.51180310721976,637.3055016066235,1680.1369112691173,67.65096284943927,43.62558691598413,8.373679346586556,0.32405740801389177,13.038631289761922,19.797161279024547,0.6306023633498126,2856.0,-3.5640000000000214,0.55,none,0.0,
endurance,7,healthy,357.0,96.66879616431558,96.03602555367645,636.2285733618872,1681.5679559190487,67.43268772508665,43.82696849393828,8.36502367792202,0.23521939271117742,13.046337591339618,19.79918181222203,0.6310061559684063,2864.0,-3.6159999999999854,0.55,none,0.0,
endurance,7,healthy,358.0,96.56125066112112,97.37798204137819,641.448788615892,1679.7269706574407,67.34759400976272,43.69146214943548,8.356375640382945,0.2872582073945656,13.1110264623036,19.97688794164377,0.6314032321065485,2872.0,-3.6680000000000064,0.55,none,0.0,
endurance,7,healthy,359.0,96.45477834352423,96.26262362236528,635.7192345153295,1685.2815405623778,67.65690682137367,42.444179816513646,8.347735228368443,0.12739364555251625,12.997778678171596,20.233621987038255,0.631793751348986,2880.0,-3.7200000000000273,0.55,none,0.0,
endurance,7,healthy,360.0,96.34935371373565,96.20190619726341,636.732388868934,1683.280040621043,66.67301007763996,43.191357592371354,8.339102436280934,0.13664727211509808,12.937513439933744,20.197851969306964,0.6321778694808369,2888.0,-3.7719999999999914,0.55,none,0.0,
endurance,7,healthy,361.0,96.24495188105503,96.16698831238561,630.0456603136358,1679.681500004554,67.438282780035,43.36290722456997,8.330477258526084,0.21841921730559224,13.083442576373484,19.910103897189167,0.6325557385780572,2896.0,-3.8240000000000123,0.55,none,0.0,
endurance,7,healthy,362.0,96.14154854741638,95.25890240353924,637.5193374109031,1681.36682605645,66.69216843796696,43.53643994542613,8.321859689512877,0.15647703967154314,13.007159601455045,20.033364909506798,0.6329275070957562,2904.0,-3.8759999999999764,0.55,none,0.0,
endurance,7,healthy,363.0,96.03911999327777,96.7802553778253,635.1232060151877,1679.33863939957,67.57469476773257,43.343315534306505,8.31324972365355,0.14735835763257576,13.03068844704324,19.97289105773851,0.6332933199544045,2912.0,-3.9279999999999973,0.55,none,0.0,
endurance,7,healthy,364.0,95.9376430638469,95.0655302258507,639.1049047930901,1687.1482917067754,68.01599459037632,43.70497478249877,8.30464735536363,0.2807784754911747,13.029240121077418,19.855276066168695,0.6336533186239945,2920.0,-3.980000000000018,0.55,none,0.0,
endurance,7,healthy,365.0,95.83709515563476,95.34430030474695,635.6737847090549,1679.119557931769,67.84885892656614,44.064304504051755,8.296052579061941,0.2159597675895087,13.092089498691344,19.9443433992989,0.6340076412061939,2928.0,-4.031999999999982,0.55,none,0.0,
endurance,7,healthy,366.0,95.73745420332925,95.74150605954347,633.6031091407984,1691.0355993655373,67.08334271289674,42.186847522543886,8.287465389170551,0.09716096502908762,13.119363443531903,20.339637575867584,0.6343564225145424,2936.0,-4.084000000000003,0.55,none,0.0,
endurance,7,healthy,367.0,95.63869866698154,95.53875989429078,639.3970512800075,1673.3389325405255,67.64338723711437,43.1582162317631,8.278885780114821,0.26679151439373583,12.941244678298878,19.935226712425347,0.6346997941527427,2944.0,-4.136000000000024,0.55,none,0.0,
endurance,7,healthy,368.0,95.54080751949738,96.05282127363091,638.2110488597075,1677.9143003466068,67.89137927389964,42.18839290549457,8.270313746323401,0.20049295975379877,13.028045508456728,19.93150246406053,0.6350378845910842,2952.0,-4.187999999999988,0.55,none,0.0,
endurance,7,healthy,369.0,95.44376023442625,96.48890129707553,635.9207293189746,1678.8528800099452,67.45514553048206,43.22054827996787,8.26174928222817,0.18880402734148866,12.994050624287588,20.190245918699844,0.6353708192410474,2960.0,-4.240000000000009,0.55,none,0.0,
endurance,7,healthy,370.0,95.34753677404134,95.13386853629636,637.4813888972279,1675.786240512985,66.74497989345643,43.333867655362035,8.253192382264325,0.29373485116264086,13.0918425746431,20.11640244042258,0.6356987205281344,2968.0,-4.291999999999973,0.55,none,0.0,
endurance,7,healthy,371.0,95.25211757770323,94.8660323518643,636.9306107267821,1676.8861306868748,68.31078765359332,42.270055607186556,8.244643040870306,0.22234003474887792,12.997240110608596,19.316867686932188,0.636021707962961,2976.0,-4.343999999999994,0.55,none,0.0,
endurance,7,healthy,372.0,95.15748355050063,95.08010718888043,635.7010956798664,1676.4469863716724,66.95340203565887,42.342134475192616,8.23610125248782,0.149266970861691,13.02731610952568,19.709038021594836,0.6363398982106621,2984.0,-4.396000000000015,0.55,none,0.0,
endurance,7,healthy,373.0,95.06361605216169,95.21745487245984,634.2188328134017,1679.006672526594,66.62524191749831,42.53408018635536,8.227567011561877,0.24113686665300038,13.062105906155347,20.05328465246767,0.6366534051586386,2992.0,-4.447999999999979,0.55,none,0.0,
endurance,7,healthy,374.0,94.9704968862292,94.95927622131964,634.0481049918602,1679.9829449738968,67.66685866573042,43.52425976094356,8.219040312540686,0.03699122571223157,13.04781398833793,19.684943945727756,0.6369623399826945,3000.0,-4.5,0.55,none,0.0,
endurance,7,healthy,375.0,94.87942399075054,94.51837521725383,632.4450329131877,1669.4824982745222,66.90812413839137,41.88750898411346,8.2178355096783,0.2723401949107921,12.978858085193792,20.00433126848895,0.6375187726058452,3000.0,-4.5,0.55,none,0.0,
endurance,7,healthy,376.0,94.79040203642079,94.60774582195359,636.8149350008824,1682.344735767708,66.9862462884086,41.42805763387828,8.21700720771041,0.26996958035664687,13.150781393993302,20.19864708262143,0.6380626744913114,3000.0,-4.5,0.55,none,0.0,
endurance,7,healthy,377.0,94.7034188979092,93.82739315427101,636.1980853502058,1679.940378760263,68.23294383776775,42.14625999174135,8.216437750107483,0.21930999333855578,13.05599596509123,20.122043376263,0.6385941197218326,3000.0,-4.5,0.55,none,0.0,
endurance,7,healthy,378.0,94.61845126777047,95.06894402662294,638.775838042183,1678.8236261881589,68.17387842174169,41.60453729449821,8.216046248005473,0.16519395722552496,13.000723218666309,20.31499498144058,0.6391132507000727,3000.0,-4.5,0.55,none,0.0,
endurance,7,healthy,379.0,94.53546850731453,94.57912160596825,629.2576990640111,1677.8165703304312,67.83327086603582,41.84261968503397,8.21577709031034,0.13993695218148008,13.001034689712359,19.90599478695221,0.6396202546207683,3000.0,-4.5,0.55,none,0.0,
endurance,7,healthy,380.0,94.45443528559257,94.12193826725745,629.0409236100697,1668.1853792011702,66.62574412991962,41.505793047732695,8.215592044394937,0.21750680132430886,13.033790911559654,19.77939568236942,0.6401153473471841,3000.0,-4.5,0.55,none,0.0,
endurance,7,healthy,381.0,94.3753133854147,94.62397785138812,630.3455096220756,1672.6713402495416,67.72951009159357,42.190419152570335,8.215464825328096,0.25086869793032185,13.006582352385871,20.190552852120735,0.6405987623767958,3000.0,-4.5,0.55,none,0.0,
endurance,7,healthy,382.0,94.29806293689944,94.12346385765477,636.7346685718325,1677.1029377491,66.89624919571723,42.4808480486975,8.215377362219645,0.22050762929331796,12.914767849831742,20.391417619272122,0.641070743304612,3000.0,-4.5,0.55,none,0.0,
endurance,7,healthy,383.0,94.22264325764372,94.17632780048146,636.6755272797817,1673.5141521511941,67.69191288594672,42.29285968601157,8.215317231332582,0.13548793519055086,13.043602455368044,19.790269967709428,0.6415315386899445,3000.0,-4.5,0.55,none,0.0,
endurance,7,healthy,384.0,94.14901342263255,94.07950810594677,631.4420166115159,1679.8440361769692,67.29562844566016,41.84923154894435,8.215275891347728,0.21601429443853176,13.022515343669385,20.183576666953364,0.6419813985744041,3000.0,-4.5,0.55,none,0.0,
endurance,7,healthy,385.0,94.07713264852813,93.40355818823481,635.0934421343866,1676.2274984908775,67.45471768109438,41.612063261791455,8.21524747010814,0.25747685729811925,13.057165484724969,20.22955767649982,0.6424205721339885,3000.0,-4.5,0.55,none,0.0,
endurance,7,healthy,386.0,94.00696055052413,93.91004379848589,633.4610442476318,1672.3210728148604,67.45866608657418,41.74240923167191,8.215227930505925,0.26866850605358,12.998376377562165,19.742825310140624,0.6428493061097684,3000.0,-4.5,0.55,none,0.0,
endurance,7,healthy,387.0,93.93845731176313,94.36925907700538,635.2151710423136,1677.7190206962703,67.3092600789739,41.411096722626525,8.2152144970294,0.20345240644463936,13.115216175095764,20.197602638486256,0.6432678437727886,3000.0,-4.5,0.55,none,0.0,
endurance,7,healthy,388.0,93.87158379281226,94.15132625269335,636.4360222789068,1673.91098643576,66.64365550584546,41.33619385687372,8.21520526151429,0.2140228520220607,13.093794604277011,20.404232303667936,0.6436764242551986,3000.0,-4.5,0.55,none,0.0,
endurance,7,healthy,389.0,93.8063016000952,94.47939153205857,636.7365201026613,1678.5191061893745,68.05934960086573,41.51708369390501,8.215198912097652,0.28010760720047456,13.138838047054742,20.06094099897021,0.6440752821321516,3000.0,-4.5,0.55,none,0.0,
endurance,7,healthy,390.0,93.74257312626955,94.23228214950261,636.5090520772739,1674.6657628708394,67.9237324741028,40.93477703428116,8.215194546873713,0.23711014270717903,12.902673424752532,20.037304651430787,0.644464647175108,3000.0,-4.5,0.55,none,0.0,
endurance,7,healthy,391.0,93.68036157147539,93.08435605305566,628.8686972045592,1681.4864655739846,67.7039136305945,40.038296504456156,8.215191545782256,0.2622348660165318,12.965318247995857,20.200539519693923,0.6448447442220115,3000.0,-4.5,0.55,none,0.0,
endurance,7,healthy,392.0,93.61963095158772,94.65804394766373,633.1409478410659,1682.0561406709687,67.5846989357494,41.38473062889131,8.215189482531878,0.13280497607352115,12.996416391530833,19.98992860748449,0.6452157931268703,3000.0,-4.5,0.55,none,0.0,
endurance,7,healthy,393.0,93.56034609768558,93.74110403147692,636.2544706936355,1679.9178214271374,67.49692449226468,41.43004363202992,8.215188064047243,0.14779948573794055,12.988641547158977,19.81005709760252,0.6455780087629989,3000.0,-4.5,0.55,none,0.0,
endurance,7,healthy,394.0,93.50247264963015,93.40815469997143,633.425590437292,1674.711371421984,67.54446833956875,41.365020152060254,8.215187088839057,0.10719804016380191,13.045245497988958,19.995489469197523,0.6459316010622554,3000.0,-4.5,0.55,none,0.0,
endurance,7,healthy,395.0,93.44597704573712,92.97475160862206,631.7447455424184,1674.5485781636728,67.99196116774978,41.245408494067924,8.21518641838343,0.26053748655517955,13.042012022763931,20.055570444963198,0.646276775078141,3000.0,-4.5,0.55,none,0.0,
endurance,7,healthy,396.0,93.39082650990468,93.23275143652505,633.8529267599803,1669.9624562881331,67.54442952005937,40.890105397102204,8.215185957445186,0.17229234827558623,12.917867044604208,19.818201629850385,0.6466137310644432,3000.0,-4.5,0.55,none,0.0,
endurance,7,healthy,397.0,93.33698903712951,94.33974688246951,633.4640897265884,1673.8475212688982,67.91339282196516,40.584626141857726,8.215185640550143,0.19814700938094554,13.131278081816037,20.003337313242977,0.6469426645637313,3000.0,-4.5,0.55,none,0.0,
endurance,7,healthy,398.0,93.28443337804883,93.85798619722648,632.9675321907242,1675.4218648012413,67.10947963381388,40.7296704681056,8.215185422684801,0.18206673566069612,13.034597628401427,19.88845959962234,0.6472637665017995,3000.0,-4.5,0.55,none,0.0,
endurance,7,healthy,399.0,93.23312902294379,93.68227195930247,636.9166214275651,1679.2681770889264,67.93817344017566,40.90477324531114,8.215185272902378,0.24799877243252685,13.109511693570733,19.973350457050202,0.6475772232854025,3000.0,-4.5,0.55,none,0.0,
endurance,7,healthy,400.0,93.18304618550025,92.94557671543372,631.1667928928637,1674.0726086349734,67.72022068968995,41.24048176345495,8.215185169926961,0.15336381588762263,13.04115637133563,20.02853375901154,0.6478832169014732,3000.0,-4.5,0.55,none,0.0,
endurance,7,healthy,401.0,93.13415578652777,93.64220100849607,631.3871710693675,1678.728637856601,66.47254523939482,40.45553768787389,8.215185099131364,0.2240113421806517,12.967400045866034,19.989278819985437,0.6481819250165952,3000.0,-4.5,0.55,none,0.0,
endurance,7,healthy,402.0,93.08642943777154,93.03154476918553,637.6887819731339,1674.3434171121655,67.5444832049571,40.28035335384938,8.21518505045939,0.20493622538277748,12.93517567514293,20.09079179530686,0.6484735210759085,3000.0,-4.5,0.55,none,0.0,
endurance,7,healthy,403.0,93.03983942590715,92.92602572656983,631.1785364528772,1679.7750047732497,67.799930455575,40.20344920097612,8.215185016997408,0.19170255815208895,13.083084992324693,20.125727883240838,0.6487581744008971,3000.0,-4.5,0.55,none,0.0,
endurance,7,healthy,404.0,92.99435869677717,92.78385123110452,631.1208775880534,1670.8027751426437,67.15642456176826,40.535651459731206,8.215184993992295,0.23894165879198223,12.994935556148011,19.93475527158895,0.649036050285699,3000.0,-4.5,0.55,none,0.0,
endurance,7,healthy,405.0,92.94996083990743,93.15241300173884,637.1297206541515,1683.1854103381138,67.52116605448778,40.12332760722361,8.215184978176282,0.1788620032394645,12.839276130433895,19.70746950716198,0.6493073100917088,3000.0,-4.5,0.55,none,0.0,
endurance,7,healthy,406.0,92.90662007332595,93.37780838023045,634.5458697407398,1667.279394213639,67.31398438112409,40.74022388781764,8.215184967302772,0.2452103246510856,13.02769639402041,19.819009870802983,0.64957211134033,3000.0,-4.5,0.55,none,0.0,
endurance,7,healthy,407.0,92.86431122869821,93.03846508290218,628.9387819768805,1676.3608285874125,67.95542513147922,40.43284832700564,8.215184959827232,0.15319711467206426,13.016315275142325,20.174877663294595,0.6498306078037944,3000.0,-4.5,0.55,none,0.0,
endurance,7,healthy,408.0,92.82300973678517,92.6689817251533,623.9115081760482,1673.9273084857005,67.61150268197815,41.326463245565,8.2151849546878,0.21067719211878094,13.027703614138646,19.70714608715679,0.6500829495940101,3000.0,-4.5,0.55,none,0.0,
endurance,7,healthy,409.0,92.78269161322613,92.50133632492108,635.9989121391916,1679.911795552346,68.39682437470611,40.59652286224572,8.215184951154441,0.1554432891360195,13.05462221145693,20.046491232191766,0.650329283249425,3000.0,-4.5,0.55,none,0.0,
endurance,7,healthy,410.0,92.74333344464546,92.98106184115215,631.4403997569583,1673.4978436272086,68.36195548370425,40.70964322359815,8.215184948725256,0.2037974027701496,12.997757868414,19.9307688977736,0.6505697518199107,3000.0,-4.5,0.55,none,0.0,
endurance,7,healthy,411.0,92.70491237507987,92.28787524686383,629.0666329488399,1678.598547029542,67.7898462936537,40.20144612463266,8.21518494705519,0.1564723016839777,12.987600495838242,19.86016427682077,0.6508044949496891,3000.0,-4.5,0.55,none,0.0,
endurance,7,healthy,412.0,92.66740609272208,92.49798408624704,639.9166578959364,1678.979611292274,67.33906907817514,40.372193000244124,8.215184945907021,0.1674896775395885,13.11574847672402,20.055038633316382,0.6510336489583246,3000.0,-4.5,0.55,none,0.0,
endurance,7,healthy,413.0,92.63079281697514,91.92867880780783,633.9277520610547,1681.5591668990853,66.97230473098406,39.71900152845868,8.215184945117656,0.25575388807397587,13.067731960544522,19.890417468253766,0.6512573469198194,3000.0,-4.5,0.55,none,0.0,
endurance,7,healthy,414.0,92.59505128581189,92.31347159995367,630.1863479595132,1675.997046086797,67.7393963453505,38.52529560684503,8.215184944574965,0.10937603850433698,13.059523399137241,19.987574644434826,0.6514757187398441,3000.0,-4.5,0.55,none,0.0,
endurance,7,healthy,415.0,92.56016074343295,92.59712779709383,628.6547752718283,1670.8065145372257,67.73457205856685,39.76493412169027,8.215184944201866,0.17855520243230733,13.052028834230184,19.883993879464438,0.6516888912311439,3000.0,-4.5,0.55,none,0.0,
endurance,7,healthy,416.0,92.52610092821713,92.43577840245779,631.4154125183322,1675.7510156186888,67.90963580352177,39.93908584645353,8.21518494394536,0.29001243636358387,13.022938363296443,20.001521218289245,0.6518969881871587,3000.0,-4.5,0.55,none,0.0,
endurance,7,healthy,417.0,92.49285206095763,92.82692912489226,629.9186573947637,1684.8783256177076,66.92267339081748,39.47896387495392,8.215184943769012,0.2771443332481996,13.016675821740952,19.771571370696417,0.6521001304538974,3000.0,-4.5,0.55,none,0.0,
endurance,7,healthy,418.0,92.46039483337759,92.24348341834171,634.0550802442891,1673.185786855838,67.4841877509757,40.6667112451636,8.215184943647774,0.19298193432682317,13.053467088180392,20.13696273278713,0.6522984360001045,3000.0,-4.5,0.55,none,0.0,
endurance,7,healthy,419.0,92.42871039691859,91.99948193197116,629.3759117206954,1674.4543368052505,67.17901484538979,38.89313096859082,8.215184943564422,0.18725531683454907,12.96572953743205,20.267786090658955,0.65249201998576,3000.0,-4.5,0.55,none,0.0,
endurance,7,healthy,420.0,92.39778035179573,91.97103448773953,630.5311562087995,1677.312784866417,67.18177214457836,39.513226862585974,8.215184943507118,0.18949966415868102,13.012407966135788,19.813865899237193,0.6526809948289494,3000.0,-4.5,0.55,none,0.0,
endurance,7,healthy,421.0,92.36758673631307,92.86487185246358,629.5565687347275,1683.8611982157481,67.71929615256028,39.24343120265668,8.21518494346772,0.22030822834536135,13.047607965524707,20.100534855231377,0.6528654702711445,3000.0,-4.5,0.55,none,0.0,
endurance,7,healthy,422.0,92.3381120164333,91.62051671773652,628.0832663158376,1674.8209513194613,67.358426084684,39.65446075170469,8.215184943440637,0.2434457994665738,13.102879468919966,20.052234149918863,0.6530455534409298,3000.0,-4.5,0.55,none,0.0,
endurance,7,healthy,423.0,92.30933907559564,92.85825092162861,634.8879464776971,1667.8705032552348,67.35242025188418,39.216920381253765,8.215184943422013,0.16277606948241696,13.042947089927495,19.821362303014908,0.6532213489162129,3000.0,-4.5,0.55,none,0.0,
endurance,7,healthy,424.0,92.28125120477611,91.69373440849618,625.2820973372378,1672.7242887633663,67.2220153528848,38.9028854753553,8.215184943409213,0.09733092588230492,13.038729359036424,20.0133684457195,0.6533929587849524,3000.0,-4.5,0.55,none,0.0,
endurance,7,healthy,425.0,92.25383209278436,91.99422532476812,630.5049459271102,1676.8193307230133,67.58484080117907,39.87226171911345,8.215184943400411,0.16075434432500396,12.995010579118835,20.06424374675303,0.653560482704444,3000.0,-4.5,0.55,none,0.0,
endurance,7,healthy,426.0,92.22706581679157,92.5766935034767,634.0270398686456,1677.710131226242,67.55843748892144,38.6240254328978,8.21518494339436,0.2148104571553817,12.951302635974764,20.226750401934517,0.6537240179591911,3000.0,-4.5,0.55,none,0.0,
endurance,7,healthy,427.0,92.20093683308372,91.79875438534997,632.5102092784621,1673.2188069296078,67.54499613593754,39.60177076855867,8.2151849433902,0.1907872601853532,12.881036753066157,20.339105221053593,0.6538836595174,3000.0,-4.5,0.55,none,0.0,
endurance,7,healthy,428.0,92.17542996803517,91.87379194113835,629.6239910468938,1675.2618000359344,67.86572770126236,39.973600948731494,8.21518494338734,0.20152958006672103,13.017718419199483,20.1256486332024,0.6540395000861303,3000.0,-4.5,0.55,none,0.0,
endurance,7,healthy,429.0,92.15053040929703,92.38616678980185,631.1414013428888,1671.9795762675494,67.44660600147438,39.578715038841544,8.215184943385374,0.22235211301222718,12.98606044759686,19.73251868040324,0.6541916301651307,3000.0,-4.5,0.55,none,0.0,
endurance,7,healthy,430.0,92.12622369719533,91.85850601212917,631.5739120656891,1686.3459729148476,67.08548329751993,39.577241150098885,8.21518494338402,0.19317551394361032,13.052657618081609,20.076390744277877,0.6543401380993942,3000.0,-4.5,0.55,none,0.0,
endurance,7,healthy,431.0,92.102495716334,92.02699793116062,631.0120937008691,1680.5154269139846,67.84614485965096,38.327360703833314,8.215184943383093,0.22224194196983255,13.035483297177116,20.054803014153034,0.6544851101304616,3000.0,-4.5,0.55,none,0.0,
endurance,7,healthy,432.0,92.07933268739787,91.18989892530912,632.7049805977067,1680.4491958313472,68.33622619335057,38.533192735493294,8.215184943382454,0.18858920872110366,13.05967487590884,20.041168112377783,0.6546266304465043,3000.0,-4.5,0.55,none,0.0,
endurance,7,healthy,433.0,92.05672115915061,91.82620106180785,629.6723837314931,1675.3617361189213,68.39763116274155,38.64851817259629,8.215184943382015,0.17791402311302174,13.002825913621214,19.6632281558892,0.6547647812312128,3000.0,-4.5,0.55,none,0.0,
endurance,7,healthy,434.0,92.03464800062349,92.249388920362,629.042121933655,1673.709404086005,67.68434866813814,38.817104227124275,8.215184943381713,0.2040973613423014,12.988104310984506,20.232692475749403,0.6548996427115239,3000.0,-4.5,0.55,none,0.0,
endurance,7,healthy,435.0,92.01310039348985,91.7767365846837,630.3084795870881,1670.9978235493356,67.45959398649435,38.77083515995909,8.215184943381505,0.12856414370268515,13.044142385158391,19.866074446613855,0.6550312932042087,3000.0,-4.5,0.55,none,0.0,
endurance,7,healthy,436.0,91.99206582462126,91.9134919160006,628.940265984008,1684.8343823508578,67.5114880792395,37.958397958753835,8.215184943381361,0.22289801406546406,13.075715408654583,19.943880007247113,0.6551598091613535,3000.0,-4.5,0.55,none,0.0,
endurance,7,healthy,437.0,91.97153207882097,92.5845558005904,632.1722237925869,1675.2826975043236,68.31218823710944,40.13108621022163,8.215184943381264,0.1732880378325724,13.03627980223445,19.970167850337706,0.6552852652147568,3000.0,-4.5,0.55,none,0.0,
endurance,7,healthy,438.0,91.9514872317302,91.34069220359531,627.9126049472718,1684.1439607084594,67.69471311162133,38.502419990759954,8.215184943381196,0.2882681190897106,13.033963648895218,20.086751189327227,0.6554077342192697,3000.0,-4.5,0.55,none,0.0,
endurance,7,healthy,439.0,91.93191964290348,91.9269403742528,635.1191492631265,1667.2360648680055,66.84224788576958,38.33566267655987,8.21518494338115,0.2479805144483381,13.052071383582584,19.807995013707632,0.6555272872951038,3000.0,-4.5,0.55,none,0.0,
endurance,7,healthy,440.0,91.91281794904883,91.96568418161334,634.3267230930404,1695.0070271856432,67.85639887288367,39.34094429650391,8.215184943381118,0.17872154977679927,13.03931136630186,20.039144686097472,0.6556439938691322,3000.0,-4.5,0.55,none,0.0,
endurance,7,healthy,441.0,91.8941710574288,91.67228788924372,628.498876210105,1674.5844535316828,67.14700475280813,38.02228564593296,8.215184943381097,0.2917992211180843,13.021170887395927,20.037663262295432,0.6557579217152076,3000.0,-4.5,0.55,none,0.0,
endurance,7,healthy,442.0,91.87596813941879,91.17811368464143,630.8401965008559,1672.8781219364903,67.23117176748339,38.56981814742662,8.215184943381082,0.20890280806863748,13.065528039162468,20.10286373393388,0.6558691369935193,3000.0,-4.5,0.55,none,0.0,
endurance,7,healthy,443.0,91.85819862421852,91.88032078737731,634.4403240614035,1688.143282906127,68.18510537477015,38.48035294752074,8.215184943381072,0.22016374084785714,13.022947974673016,19.9454503650826,0.6559777042890143,3000.0,-4.5,0.55,none,0.0,
endurance,7,healthy,444.0,91.8408521927135,92.46447266133679,631.9019958131825,1675.8910490385915,66.86366402673299,39.08727848593478,8.215184943381065,0.23117882658543742,13.066628584921794,20.245822390825445,0.6560836866489019,3000.0,-4.5,0.55,none,0.0,
endurance,7,healthy,445.0,91.82391877148241,91.60959712007214,635.8636833472856,1675.469286256029,68.83420008590039,38.450770709879684,8.215184943381058,0.16458273362831816,13.017235990896623,19.92253217303552,0.6561871456192686,3000.0,-4.5,0.55,none,0.0,
endurance,7,healthy,446.0,91.80738852694729,92.06435127296008,623.8578059219187,1680.1588877259953,66.93977060458728,38.422704251002955,8.215184943381056,0.267918959133919,13.136300292928803,19.97032316237042,0.656288141280817,3000.0,-4.5,0.55,none,0.0,
endurance,7,healthy,447.0,91.791251859663,91.6239195869727,631.4179853803164,1682.6304430320822,67.67095018224987,38.43680164986525,8.215184943381054,0.15217698253031664,13.05177080802112,19.95522642080886,0.6563867322837572,3000.0,-4.5,0.55,none,0.0,
endurance,7,healthy,448.0,91.77549939874264,91.9086356186551,633.6683092863503,1681.2894781563768,67.18278552297559,38.53930864569303,8.215184943381052,0.21373905632986895,13.022319632455998,19.96331780891892,0.6564829758818654,3000.0,-4.5,0.55,none,0.0,
endurance,7,healthy,449.0,91.76012199641562,91.70933459191873,632.7843684640537,1675.6111774032383,66.92138260436268,39.05451748745713,8.21518494338105,0.1975012006952288,12.903434424697464,19.838725424423146,0.656576927965733,3000.0,-4.5,0.55,none,0.0,
endurance,7,healthy,450.0,91.74511072271542,91.69733985243349,628.7249610780918,1674.286832081852,68.00984808539573,38.269288014823466,8.21518494338105,0.22378476973773898,13.041810694840697,20.134979619063753,0.6566686430952227,3000.0,-4.5,0.55,none,0.0,
endurance,7,healthy,451.0,91.73045686029381,91.48313679071067,624.6035985166808,1674.8598576338006,68.39410897162726,38.454794611948614,8.21518494338105,0.17234349885770414,12.990225617746107,19.919115368257685,0.6567581745311531,3000.0,-4.5,0.55,none,0.0,
endurance,7,healthy,452.0,91.71615189935842,91.31010483191037,629.2077889098678,1681.5073440652084,68.07741287290192,38.57753333280298,8.21518494338105,0.11556391904991348,12.946885722913036,20.03960255958648,0.6568455742662281,3000.0,-4.5,0.55,none,0.0,
endurance,7,healthy,453.0,91.70218753273102,92.31117395733283,630.2819673435426,1681.7675251196838,67.39611281311322,37.65214729861885,8.21518494338105,0.14739801353179072,13.073126754185331,19.75642184917974,0.6569308930552299,3000.0,-4.5,0.55,none,0.0,
endurance,7,healthy,454.0,91.68855565102332,92.07658936670795,625.7015817633358,1676.2017339384854,67.77152104026673,38.34893534188618,8.21518494338105,0.2190710734071804,12.997909456288932,19.74747489832709,0.6570141804444936,3000.0,-4.5,0.55,none,0.0,
endurance,7,healthy,455.0,91.67524833792771,91.6317801536138,629.7091716869853,1679.4495437540772,67.98449240889195,38.277289425931116,8.21518494338105,0.272813561650648,12.890921186694303,20.040552008379453,0.6570954848006794,3000.0,-4.5,0.55,none,0.0,
endurance,7,healthy,456.0,91.66225786562009,90.99282104978415,632.0153690905214,1668.1088069236073,68.44317725870162,38.629180800160995,8.21518494338105,0.1714986848281959,13.028121481569118,19.92161786182718,0.6571748533388609,3000.0,-4.5,0.55,none,0.0,
endurance,7,healthy,457.0,91.64957669027217,92.00916105258368,627.2127835443262,1678.2214073274845,67.53564030691531,38.89189484498415,8.21518494338105,0.21343901428178694,12.97021823177899,19.770603220309344,0.6572523321499428,3000.0,-4.5,0.55,none,0.0,
endurance,7,healthy,458.0,91.63719744767063,91.03063819751756,623.9111043095579,1677.1496799841248,66.20770347578546,37.66860299329676,8.21518494338105,0.07698656438957657,13.057038088969477,19.837147075278967,0.6573279662274276,3000.0,-4.5,0.55,none,0.0,
endurance,7,healthy,459.0,91.62511294894055,91.3226980152683,628.8385327472503,1678.297453065863,66.85547476253035,38.101345311688895,8.21518494338105,0.19208788106602911,13.048798002450338,19.814417627107158,0.6574017994935437,3000.0,-4.5,0.55,none,0.0,
endurance,7,healthy,460.0,91.61331617637072,91.94636597833042,631.4605883014555,1672.7445233864687,67.41984379295717,37.36464026651919,8.21518494338105,0.10879807027463669,12.964015166409053,20.230561383108444,0.6574738748247523,3000.0,-4.5,0.55,none,0.0,
endurance,7,healthy,461.0,91.60180027933826,90.95860676438916,631.240843215577,1674.5563874083273,66.79867667418235,39.00380549570357,8.21518494338105,0.10954149022044792,12.982827882992941,19.737477696838482,0.6575442340766463,3000.0,-4.5,0.55,none,0.0,
endurance,7,healthy,462.0,91.59055857033039,91.59061654031042,633.1540883419243,1676.5104395709022,67.20845713712501,38.67560035328973,8.21518494338105,0.19353313649052428,12.96223729531388,20.12124854303384,0.6576129181082572,3000.0,-4.5,0.55,none,0.0,
endurance,7,healthy,463.0,91.5795845210608,91.71911462742084,635.1217444864352,1684.3255817381944,67.73499997582388,38.24839938093303,8.21518494338105,0.23374596276838483,13.004767864457836,19.839973766823903,0.6576799668057821,3000.0,-4.5,0.55,none,0.0,
endurance,7,healthy,464.0,91.56887175867857,90.62387772329072,631.9209222659857,1672.279643364274,67.73571074596217,38.23597106392985,8.21518494338105,0.18071054695227828,13.086866140042872,20.03543710619323,0.6577454191057469,3000.0,-4.5,0.55,none,0.0,
endurance,7,healthy,465.0,91.55841406206736,90.57793211742873,629.6844588571612,1675.625973536414,68.62209992763837,38.36651915261293,8.21518494338105,0.22238559144294204,13.079735872901635,19.70919156579009,0.6578093130176172,3000.0,-4.5,0.55,none,0.0,
endurance,7,healthy,466.0,91.5482053582326,91.34338976150342,630.5665748030474,1674.6556628318076,67.63446325872013,38.18775325700953,8.21518494338105,0.16005670878647668,12.91523564734224,19.718781351642455,0.6578716856458717,3000.0,-4.5,0.55,none,0.0,
endurance,7,healthy,467.0,91.53823971877486,90.48051208249692,631.7700338693392,1680.5869027095237,66.559588780738,37.56620293454059,8.21518494338105,0.24924802252888095,12.963042276517,20.223484773949853,0.6579325732115486,3000.0,-4.5,0.55,none,0.0,
endurance,7,healthy,468.0,91.52851135644707,92.13579397427084,631.7913190641482,1673.2812326156727,66.882757673802,37.02339826737918,8.21518494338105,0.21144182830343433,12.982151034562172,19.97145086262815,0.6579920110732809,3000.0,-4.5,0.55,none,0.0,
endurance,7,healthy,469.0,91.51901462179374,90.8626830202704,628.9211042440647,1676.0952800785003,67.94236008295022,37.07287964142672,8.21518494338105,0.19774267340067164,12.98161745678152,20.09664619556044,0.658050033747829,3000.0,-4.5,0.55,none,0.0,
endurance,7,healthy,470.0,91.50974399987027,91.70548345944344,627.3396632154105,1676.0690434202538,67.14063047280366,38.69159460518773,8.21518494338105,0.19712456997288952,13.015417424603726,19.661878899587926,0.658106674930126,3000.0,-4.5,0.55,none,0.0,
endurance,7,healthy,471.0,91.5006941070402,92.18206284390288,628.7664999696322,1678.8745662273432,68.14413358259853,37.51448333165158,8.21518494338105,0.1607901153307695,12.979090075910651,19.92202501159168,0.6581619675128444,3000.0,-4.5,0.55,none,0.0,
endurance,7,healthy,472.0,91.49185968784894,92.08327305637481,629.0794909422506,1674.3011732300358,67.00554428142038,37.52725124419448,8.21518494338105,0.16517520637669958,13.061240125973333,20.06426235242397,0.6582159436054982,3000.0,-4.5,0.55,none,0.0,
endurance,7,healthy,473.0,91.48323561197176,91.27477394128924,632.7594860007074,1675.0211897877064,67.28320949805472,38.16530897390231,8.21518494338105,0.261968882500126,12.963684404506642,19.83589288215409,0.6582686345530887,3000.0,-4.5,0.55,none,0.0,
endurance,7,healthy,474.0,91.47481687123452,90.6445320462329,629.7104144322756,1683.6211486894158,68.49120106975776,38.040989114989436,8.21518494338105,0.1706396210159987,12.997909201238262,19.617034071121243,0.6583200709543081,3000.0,-4.5,0.55,none,0.0,
endurance,7,healthy,475.0,91.46659857670531,90.82565183507782,629.865782572399,1683.8783947225088,68.6595157408502,37.71502957304073,8.21518494338105,0.214792296491674,12.937590961887826,19.963488976203838,0.658370282679308,3000.0,-4.5,0.55,none,0.0,
endurance,7,healthy,476.0,91.45857595585537,91.98955986852013,632.3471717083296,1678.9653925256125,68.39547343548881,37.4575646221357,8.21518494338105,0.1855781139769489,12.978409064297658,20.283921998796338,0.658419298887046,3000.0,-4.5,0.55,none,0.0,
endurance,7,healthy,477.0,91.45074434978756,91.21467320845993,634.3378256453642,1675.4126936312607,67.40190435098549,37.40769982270556,8.21518494338105,0.23553745947908733,12.968257717142274,20.07030172226906,0.6584671480422187,3000.0,-4.5,0.55,none,0.0,
endurance,7,healthy,478.0,91.44309921053089,91.21696681146982,631.4516410248544,1675.0040444928845,67.27136572884498,37.684055528306956,8.21518494338105,0.2166572262735698,12.9370647839521,19.95668620223077,0.6585138579317922,3000.0,-4.5,0.55,none,0.0,
endurance,7,healthy,479.0,91.43563609839939,91.36459766812693,629.8528918769226,1676.2442129938463,67.8412814163064,37.377237125317144,8.21518494338105,0.25103938527869146,13.014466684407504,19.61834556118743,0.6585594556811376,3000.0,-4.5,0.55,none,0.0,
endurance,7,healthy,480.0,91.42835067941387,90.20270129289263,626.9302653782621,1690.9972150249162,67.44667773079344,37.44208116414895,8.21518494338105,0.2089872582048427,13.081322518286406,19.75886434085377,0.6586039677697844,3000.0,-4.5,0.55,none,0.0,
endurance,7,healthy,481.0,91.42123872278515,92.4118920321088,633.447823512366,1678.165740889542,67.93172029427372,37.785776344055016,8.21518494338105,0.14199851336169905,13.024746804857616,20.006853679372433,0.6586474200467967,3000.0,-4.5,0.55,none,0.0,
endurance,7,healthy,482.0,91.41429609845711,91.44869705250898,632.5972512746464,1683.9879507308651,67.88179035882054,37.224503393996635,8.21518494338105,0.1808357694101957,12.980534050985732,20.143754352008507,0.6586898377457849,3000.0,-4.5,0.55,none,0.0,
endurance,7,healthy,483.0,91.40751877470832,91.31417820394498,628.7997813077375,1679.5086492694197,67.36324943389096,37.49270058734308,8.21518494338105,0.1600753155526869,12.991751803124453,19.909740414390427,0.6587312454995591,3000.0,-4.5,0.55,none,0.0,
endurance,7,healthy,484.0,91.40090281581068,91.1181192719088,632.2921561253528,1678.4509036382099,67.0093517314067,38.018316937060376,8.21518494338105,0.09709260195492214,13.052615151098252,20.18267132926712,0.6587716673544339,3000.0,-4.5,0.55,none,0.0,
endurance,7,healthy,485.0,91.39444437974394,92.16760107874073,628.1158336758112,1683.1987734879863,67.49945358397368,37.75343693703316,8.21518494338105,0.19473679859525372,13.04897996263924,19.766733809725856,0.6588111267841927,3000.0,-4.5,0.55,none,0.0,
endurance,7,healthy,486.0,91.38813971596451,91.72903102434746,630.5143880668826,1675.7593949861332,67.80953127391975,37.89804103088547,8.21518494338105,0.24399055721380156,13.034148152574573,20.196641928260778,0.658849646703719,3000.0,-4.5,0.55,none,0.0,
endurance,7,healthy,487.0,91.38198516322744,90.87668496072884,629.9327359941801,1666.9112824824165,67.2739051379868,37.31195860988489,8.21518494338105,0.12883632008814522,13.008171348036004,20.137592556792736,0.6588872494823044,3000.0,-4.5,0.55,none,0.0,
endurance,7,healthy,488.0,91.3759771474603,91.92222173784621,633.5580276691488,1680.4620329817533,68.02571619297997,37.52925159029887,8.21518494338105,0.26481299641911576,13.062706025256666,20.10014912162123,0.6589239569566376,3000.0,-4.5,0.55,none,0.0,
endurance,7,healthy,489.0,91.37011217968762,91.80054048413439,630.2857297296903,1675.6650213080275,68.0521585527002,37.281857907235825,8.21518494338105,0.1448551111588166,13.008084436985778,20.21037765856269,0.6589597904434868,3000.0,-4.5,0.55,none,0.0,
endurance,7,healthy,490.0,91.36438685400476,90.5629671455976,622.3888544489993,1679.5709745127897,68.46256149379741,36.205756614111166,8.21518494338105,0.17520614319064337,12.998033504070838,20.04090947444798,0.6589947707520777,3000.0,-4.5,0.55,none,0.0,
endurance,7,healthy,491.0,91.35879784560007,91.35311682248722,627.174523634708,1682.8055209079787,68.11321717171253,37.50959866589083,8.21518494338105,0.08607453333529608,13.026466382644516,20.016241672064083,0.6590289181961783,3000.0,-4.5,0.55,none,0.0,
endurance,7,healthy,492.0,91.35334190882405,92.32558540935825,633.9933646592257,1676.861953006709,68.1688390142959,37.60774771659023,8.21518494338105,0.17187852933673187,13.014192989886231,20.109119785833833,0.6590622526058956,3000.0,-4.5,0.55,none,0.0,
endurance,7,healthy,493.0,91.34801587530461,91.45614509428053,634.3144010444903,1672.4197472455553,68.23559567526972,37.3670950756539,8.21518494338105,0.2912594798147167,12.92861387188361,19.68948887855398,0.659094793339191,3000.0,-4.5,0.55,none,0.0,
endurance,7,healthy,494.0,91.34281665210706,91.23847674353637,630.8381985739779,1668.1819910260542,67.81091946566258,37.115503527909176,8.21518494338105,0.2266118194126581,13.165554130244816,20.095978981390648,0.6591265592931221,3000.0,-4.5,0.55,none,0.0,
endurance,7,healthy,495.0,91.33774121993802,91.0201212388057,626.2327495116033,1681.7172473160567,67.08941154511237,37.47319203652056,8.21518494338105,0.19240409251525653,12.881116596592888,19.482694847338358,0.659157568914817,3000.0,-4.5,0.55,none,0.0,
endurance,7,healthy,496.0,91.33278663139205,90.82898211101431,631.133035923186,1680.62381306765,67.5678118548342,37.58449858033656,8.21518494338105,0.14811513764072723,13.021169853477355,20.042384981169,0.6591878402121857,3000.0,-4.5,0.55,none,0.0,
endurance,7,healthy,497.0,91.32795000924004,91.94720349716614,631.9246979725613,1674.1501458511311,67.15846861508778,37.20435861942855,8.21518494338105,0.16387109376471795,13.036730743924343,19.93835603203089,0.6592173907643789,3000.0,-4.5,0.55,none,0.0,
endurance,7,healthy,498.0,91.32322854475831,91.4125946845935,630.890230579512,1681.361665581605,66.47381233143857,37.21048639705036,8.21518494338105,0.1880937860650274,12.959919225578712,20.156721779087192,0.6592462377319962,3000.0,-4.5,0.55,none,0.0,
endurance,7,healthy,499.0,91.31861949609758,91.97325569124878,624.3514647597648,1671.9077885403035,68.23484837612943,37.89860821086785,8.21518494338105,0.15950438492625718,13.041705495861727,20.10639464007239,0.6592743978670511,3000.0,-4.5,0.55,none,0.0,
endurance,7,healthy,500.0,91.31412018669067,91.01415941407525,630.986704320243,1676.9004088398503,68.52986001078875,37.46096331663552,8.21518494338105,0.24544793563971717,13.060134984839886,19.72692947572523,0.6593018875226999,3000.0,-4.5,0.55,none,0.0,
endurance,7,healthy,501.0,91.30972800369821,92.01995488991717,635.5343666392725,1673.1859775517398,67.55597635775491,35.89204425554186,8.21518494338105,0.2648692165592951,12.954840884550851,19.879232023849603,0.6593287226627381,3000.0,-4.5,0.55,none,0.0,
endurance,7,healthy,502.0,91.30544039649129,90.64059708436946,627.3319936798667,1680.842426699569,68.31001108022836,36.85856583146328,8.21518494338105,0.14776745490508603,13.0610746675263,20.25883809788652,0.6593549188708707,3000.0,-4.5,0.55,none,0.0,
endurance,7,healthy,503.0,91.30125487517024,90.90722780835807,633.4396554414666,1678.2318733723835,67.2101618324877,37.1051742225646,8.21518494338105,0.22406631748422656,13.079668429201208,19.77879322640759,0.659380491359762,3000.0,-4.5,0.55,none,0.0,
endurance,7,healthy,504.0,91.29716900911875,90.45505960473075,631.5517766221313,1679.78062492585,67.7248486641608,37.09601264768365,8.21518494338105,0.2060954249995309,13.030823142578031,19.99736752099612,0.65940545497987,3000.0,-4.5,0.55,none,0.0,
endurance,7,healthy,505.0,91.29318042559228,91.74386159371373,628.7813492722862,1675.7874882054373,67.83682571420016,36.94198989739228,8.21518494338105,0.19632573052684807,12.997290340036086,19.75750023137565,0.6594298242280708,3000.0,-4.5,0.55,none,0.0,
endurance,7,healthy,506.0,91.28928680834026,91.94716623988045,626.0978536174409,1673.620798403965,67.40783011393555,37.49047627884998,8.21518494338105,0.20966587532754616,13.081171877023165,19.730589002215453,0.6594536132560764,3000.0,-4.5,0.55,none,0.0,
endurance,7,healthy,507.0,91.28548589626091,91.29808863897361,631.1489766052883,1676.231642504203,67.36565940141827,37.36689590213582,8.21518494338105,0.2143752978784747,12.953116451462925,20.19846483443107,0.6594768358786532,3000.0,-4.5,0.55,none,0.0,
endurance,7,healthy,508.0,91.28177548208821,91.66231304367373,630.0456164630746,1676.022601992228,66.06513267468239,36.58736730553917,8.21518494338105,0.20801628230646568,13.025434846181223,19.715430653039522,0.6594995055816448,3000.0,-4.5,0.55,none,0.0,
endurance,7,healthy,509.0,91.2781534111101,91.26693165954609,627.0691563365007,1679.3432143879302,67.80138500495491,36.880899815334686,8.21518494338105,0.10478711888780473,13.028396865072043,20.118512410455107,0.6595216355298034,3000.0,-4.5,0.55,none,0.0,
endurance,7,healthy,510.0,91.27461757991718,90.37065432376913,629.3185088828055,1677.3831146486857,67.93611439380297,37.203042122959324,8.21518494338105,0.21820635244248832,13.055581230684451,19.94614912884777,0.6595432385744343,3000.0,-4.5,0.55,none,0.0,
endurance,7,healthy,511.0,91.27116593518123,91.94851460174846,625.2915705413324,1681.596465105204,66.86053883548139,36.314050906155906,8.21518494338105,0.20404635017187206,12.931273809760059,19.87303797149234,0.6595643272608598,3000.0,-4.5,0.55,none,0.0,
endurance,7,healthy,512.0,91.2677964724628,91.31964305799418,632.3703114563724,1669.741835145985,67.88028568625744,37.13526955089242,8.21518494338105,0.2377906078522916,13.002492490454022,19.76348726254172,0.6595849138357037,3000.0,-4.5,0.55,none,0.0,
endurance,7,healthy,513.0,91.2645072350472,91.12117154882333,628.4439776525172,1671.9341695538155,67.17078885136534,36.56379908144346,8.21518494338105,0.20656714801744083,13.059272518544102,19.76177216656261,0.6596050102540036,3000.0,-4.5,0.55,none,0.0,
endurance,7,healthy,514.0,91.26129631280817,91.31554351388625,633.1992652410671,1670.3745527316466,67.6734231505013,36.8899163958046,8.21518494338105,0.2045719171725253,12.999078679109708,20.148716711327136,0.6596246281861535,3000.0,-4.5,0.55,none,0.0,
endurance,7,healthy,515.0,91.25816184109863,91.4949584150462,628.8876756724243,1676.2543249085847,67.2857747523156,37.43266952362767,8.21518494338105,0.2368352388894835,13.054096299742547,20.019964762752775,0.659643779024681,3000.0,-4.5,0.55,none,0.0,
endurance,7,healthy,516.0,91.25510199966789,92.4643841851806,632.9561637721978,1669.7545417947172,67.96623052534137,37.05440436208798,8.21518494338105,0.18070933479418366,12.990406393318706,19.95538690356148,0.6596624738908624,3000.0,-4.5,0.55,none,0.0,
endurance,7,healthy,517.0,91.25211501160454,90.84402086416755,626.2376256390575,1675.0644735962264,67.15825932161533,37.22371934880181,8.21518494338105,0.2492183669427445,12.971299079479813,19.88566317225086,0.6596807236411824,3000.0,-4.5,0.55,none,0.0,
endurance,7,healthy,518.0,91.24919914230462,91.16578805783406,635.7547048846699,1663.8018202466274,66.43180364479889,36.30395799667378,8.21518494338105,0.22140829464829592,12.996713012121186,20.117499206789045,0.6596985388736376,3000.0,-4.5,0.55,none,0.0,
endurance,7,healthy,519.0,91.24635269846421,91.07950337874016,631.1988262530173,1687.1010531402128,66.46805495988016,37.95352327969979,8.21518494338105,0.25082901907390565,12.99010933836871,19.994371771126595,0.6597159299338916,3000.0,-4.5,0.55,none,0.0,
endurance,7,healthy,520.0,91.24357402709619,91.46502175363842,631.184576609848,1680.9396235154359,67.1047901751327,37.139775144119945,8.21518494338105,0.16555328588066917,13.03887426616375,19.988003843472,0.6597329069212824,3000.0,-4.5,0.55,none,0.0,
endurance,7,healthy,521.0,91.24086151457027,91.37773977594564,630.7448483029921,1677.5936927628875,66.99956312054397,37.068262574055204,8.21518494338105,0.20795932632522793,13.054209626041247,19.905752819231026,0.6597494796946876,3000.0,-4.5,0.55,none,0.0,
endurance,7,healthy,522.0,91.23821358567592,91.01774278709875,628.8914980106695,1685.6919471125573,67.54754628065527,37.217228575931934,8.21518494338105,0.205748666850685,12.962861806041218,20.20716336970655,0.6597656578782498,3000.0,-4.5,0.55,none,0.0,
endurance,7,healthy,523.0,91.23562870270763,91.11800256933952,635.415724376427,1679.5064698864903,66.75048201942457,37.7474251682531,8.21518494338105,0.2184574481603239,13.004460523113611,19.910138468018637,0.6597814508669654,3000.0,-4.5,0.55,none,0.0,
endurance,7,healthy,524.0,91.23310536457191,91.39696633111289,629.3993308073074,1675.4468979507574,67.46889872799613,36.84861601039856,8.21518494338105,0.2583313727389736,13.093898067392674,19.834160218554977,0.6597968678321401,3000.0,-4.5,0.55,none,0.0,
endurance,7,healthy,525.0,91.23064210591562,90.07195473686183,629.9593299042559,1679.0130545047302,67.78161369902742,37.49692432371384,8.21518494338105,0.20891899513687925,13.030453910844741,20.24082080206228,0.6598119177267153,3000.0,-4.5,0.55,none,0.0,
endurance,7,healthy,526.0,91.22823749627496,91.28684865854693,629.1215854955063,1679.8655551046588,67.91512815183327,36.331388678834635,8.21518494338105,0.24799420027419378,13.007559416227263,20.140129013844685,0.6598266092904674,3000.0,-4.5,0.55,none,0.0,
endurance,7,healthy,527.0,91.22589013924478,91.21947266228239,624.1334830450281,1681.597451080507,67.23869012616757,36.54639672336099,8.21518494338105,0.19180301433347727,13.02159224804775,19.465114063569764,0.6598409510550826,3000.0,-4.5,0.55,none,0.0,
endurance,7,healthy,528.0,91.2235986716677,91.12422469484318,632.442408777716,1683.6899090843297,68.34532859788068,36.64103848609488,8.21518494338105,0.15264208319490213,13.017979974847496,19.757257353253014,0.6598549513491115,3000.0,-4.5,0.55,none,0.0,
endurance,7,healthy,529.0,91.22136176284246,91.90548204125226,629.450388922498,1664.051403242304,67.66173670037314,37.681972129982036,8.21518494338105,0.23651856517618214,13.094660928843759,19.826829113953764,0.6598686183028066,3000.0,-4.5,0.55,none,0.0,
endurance,7,healthy,530.0,91.21917811375116,90.0437866247576,626.66155028503,1675.335791604282,67.12203829221251,36.324711521946945,8.21518494338105,0.2394440257255795,13.036566162928965,19.66506759004958,0.6598819598528421,3000.0,-4.5,0.55,none,0.0,
endurance,7,healthy,531.0,91.21704645630489,91.17079555523235,629.2340818718404,1665.450374904319,69.09862506513538,37.069943822955736,8.21518494338105,0.21835072665891853,12.9315970632806,19.787823350622098,0.6598949837469246,3000.0,-4.5,0.55,none,0.0,
endurance,7,healthy,532.0,91.21496555260732,91.47375811095735,630.7256537446184,1677.4567453859593,67.84150714926987,36.41230184225372,8.21518494338105,0.20909022349754172,13.031144900517708,19.765526002745702,0.6599076975482907,3000.0,-4.5,0.55,none,0.0,
endurance,7,healthy,533.0,91.2129341942359,92.48766005973471,630.1519160392251,1665.456343370145,68.39419967776853,36.324283717196415,8.21518494338105,0.14350951114651717,13.052920533483606,19.96388039660988,0.6599201086401005,3000.0,-4.5,0.55,none,0.0,
endurance,7,healthy,534.0,91.21095120153998,91.0182146745796,630.4820253424706,1678.372523679747,67.29617106899198,36.426218736603495,8.21518494338105,0.1929640759681216,13.080740602533572,20.391676361119487,0.6599322242297243,3000.0,-4.5,0.55,none,0.0,
endurance,7,healthy,535.0,91.20901542295587,91.4493949155261,630.9478329094715,1684.1289357336036,67.42902706128905,36.480230151756935,8.21518494338105,0.2052403877228043,13.069577017736167,19.612390733667393,0.6599440513529287,3000.0,-4.5,0.55,none,0.0,
endurance,7,healthy,536.0,91.20712573433805,90.87189273073278,626.7049777324984,1674.1386384822804,67.226641177808,36.283744566847446,8.21518494338105,0.13232807905673932,12.98600474723071,19.865373527777077,0.6599555968779613,3000.0,-4.5,0.55,none,0.0,
endurance,7,healthy,537.0,91.20528103830637,90.65538568522753,631.7001296892659,1675.9402989031223,67.56230071465534,36.68484128411812,8.21518494338105,0.19358234331788168,13.031031238501031,19.987455732578166,0.659966867509541,3000.0,-4.5,0.55,none,0.0,
endurance,7,healthy,538.0,91.20348026360878,91.27135164585486,629.1548948617285,1679.9012751907028,68.07631709561436,37.32032136688441,8.21518494338105,0.2473895280879897,12.975540100523865,19.864982581946187,0.6599778697927496,3000.0,-4.5,0.55,none,0.0,
endurance,7,healthy,539.0,91.20172236449923,91.77505309070114,629.0931937337616,1672.9087482585683,67.09761493766992,36.99641122764824,8.21518494338105,0.1559950794420326,13.007269796797333,19.92357033894103,0.6599886101168341,3000.0,-4.5,0.55,none,0.0,
endurance,7,healthy,540.0,90.9601580054836,91.34177946274656,632.4409768026865,1630.442386916523,67.37886327860807,36.58784231681847,6.52384381200299,0.1607269481143549,13.021402282108511,20.066032446730738,0.6614645079593298,3000.0,-4.5,0.45,none,0.0,
endurance,7,healthy,541.0,90.70507341637787,91.10740907776108,629.2493418754984,1590.1736363584544,67.20292224837547,36.48335459156781,6.387944902103205,0.20073062743555392,12.867477386482047,20.07526790830213,0.6630230110276185,3000.0,-4.5,0.45,none,0.0,
endurance,7,healthy,542.0,90.44281293318716,90.63799433776401,633.6851481227491,1579.507054975413,66.58715273297825,36.654680333852596,6.294514401547102,0.19607868849612875,12.89316656524875,19.799622141943175,0.6646253570147931,3000.0,-4.5,0.45,none,0.0,
endurance,7,healthy,543.0,90.1776878282459,89.61302295464546,633.7828854546491,1554.0720721655182,66.04872653824023,37.51796633796498,6.2302809324147805,0.15614814429001297,12.962971141135853,20.18325251282136,0.666245205124708,3000.0,-4.5,0.45,none,0.0,
endurance,7,healthy,544.0,89.91261284401179,88.58018371844939,629.1413907427496,1535.7434439900435,67.21919507261963,37.34069355379069,6.186120422386311,0.24379617801292514,12.899138063653144,20.2391571867374,0.6678647470096323,3000.0,-4.5,0.45,none,0.0,
endurance,7,healthy,545.0,89.64954378144449,89.78381929625637,626.66224913981,1543.4645017020466,65.70833246252397,36.074984110199765,6.155760071741738,0.19806901700414542,12.989481989642583,20.442032430936266,0.6694720332146529,3000.0,-4.5,0.45,none,0.0,
endurance,7,healthy,546.0,89.38977831409233,88.84343927682316,623.2169748794759,1530.1688360832936,66.55904547949741,36.63138701845538,6.134887330673593,0.23162028087529873,12.983350038845828,19.97304505419059,0.6710591352788078,3000.0,-4.5,0.45,none,0.0,
endurance,7,healthy,547.0,89.1341627705181,89.79123794941135,626.1734189065714,1525.909328612663,66.01575265900401,36.570242142464075,6.120537321189245,0.19516196777336173,12.954237402608376,19.869762605447317,0.6726208823461604,3000.0,-4.5,0.45,none,0.0,
endurance,7,healthy,548.0,88.88323427060718,88.87321905488804,629.9002402680301,1528.8490719081617,66.58105284611082,36.13634009362277,6.110671689668753,0.12387295615377641,12.982786730314555,19.768927076490115,0.6741539927484911,3000.0,-4.5,0.45,none,0.0,
endurance,7,healthy,549.0,88.63731841830294,88.65750944671204,628.3667702467179,1513.7551097162716,65.31600997026442,36.21151822908999,6.103889067998417,0.171714221202172,12.964090387123527,19.877757900556357,0.675656477127107,3000.0,-4.5,0.45,none,0.0,
endurance,7,healthy,550.0,88.39659644000486,88.37550322376312,626.9855748343616,1513.3600845216163,67.11658668564175,36.076909807022794,6.09922601560006,0.17335710657471262,12.97976263935696,19.949996739575926,0.6771272282340136,3000.0,-4.5,0.45,none,0.0,
endurance,7,healthy,551.0,88.16115131746312,87.55034434232147,625.0901685509336,1517.4506304689658,66.3692027695835,35.46782348503973,6.09602016707619,0.2133611643982657,12.875544252204435,19.86430406844581,0.678565739071463,3000.0,-4.5,0.45,none,0.0,
endurance,7,healthy,552.0,87.93099947997916,87.97488895501574,622.9864919544058,1510.6700034386324,66.40679041244049,35.03181602757292,6.093816146216029,0.21717270572829658,12.940996174534387,20.076289317475858,0.6799719092605306,3000.0,-4.5,0.45,none,0.0,
endurance,7,healthy,553.0,87.70611256920425,87.99364983808843,622.231299650685,1521.7956410642569,66.76572555786699,36.06096460019485,6.09230088187467,0.2552601895590523,12.918550391006859,20.001603190193862,0.6813459120636377,3000.0,-4.5,0.45,none,0.0,
endurance,7,healthy,554.0,87.48643237941096,87.73900757922108,625.6365679624732,1524.9523465040202,65.78807362154399,35.535257306955934,6.091259137639984,0.22210286220060374,12.916661647337522,20.374706825148856,0.6826881031032273,3000.0,-4.5,0.45,none,0.0,
endurance,7,healthy,555.0,87.27188110645052,87.71419718611439,622.1018626518767,1519.7251274639082,66.20956539747353,35.797474002045995,6.090542938478639,0.22446923602951854,12.99616550716908,20.087718281254,0.6839989577431973,3000.0,-4.5,0.45,none,0.0,
endurance,7,healthy,556.0,87.0623683719669,87.07971124177757,622.3510561067955,1525.6951028410901,66.96438925650266,35.56956115843709,6.090050551555212,0.2484660520626409,12.949669434169698,20.418790544085898,0.6852790281727086,3000.0,-4.5,0.45,none,0.0,
endurance,7,healthy,557.0,86.85779603112236,87.96197188629131,624.7416277913161,1528.7853843787327,66.13468774585951,35.28011018629047,6.089712035545357,0.17410259430760802,12.944535795742764,19.96538846638762,0.6865289140321834,3000.0,-4.5,0.45,none,0.0,
endurance,7,healthy,558.0,86.65806145699725,85.9034343033615,624.0811208227193,1525.1298860890747,66.355251467099,35.61639417839018,6.089479305788581,0.21804927072644326,12.892900396611447,20.22291820547175,0.6877492423464444,3000.0,-4.5,0.45,none,0.0,
endurance,7,healthy,559.0,86.46305977820111,86.65201228168407,621.905177298609,1518.0994380775676,66.16123532436299,35.637322073622286,6.089319304080798,0.14259458366774172,12.826077685509748,20.30275497553595,0.688940653853469,3000.0,-4.5,0.45,none,0.0,
endurance,7,healthy,560.0,86.27268539730284,85.83300200482257,623.6913471101309,1513.8884643490992,66.20025031402933,34.994799707109884,6.089209302906697,0.1649909434359197,12.856522884829443,20.183916203545966,0.6901037937271622,3000.0,-4.5,0.45,none,0.0,
endurance,7,healthy,561.0,86.08683301529804,87.29390240108815,620.2866775514943,1513.757059519444,65.400815070292,35.98653856223353,6.089133677099502,0.21197220079719922,12.926973474424603,19.816181505883705,0.6912393053181161,3000.0,-4.5,0.45,none,0.0,
endurance,7,healthy,562.0,85.90539831694055,86.28409345988598,627.876165853438,1520.8751331412122,66.64174362605138,35.2348656460508,6.0890816843570565,0.20951754151843813,12.976959689627634,20.032540693982785,0.6923478259664058,3000.0,-4.5,0.45,none,0.0,
endurance,7,healthy,563.0,85.72827842336984,84.81212932471689,620.0018845066908,1516.2279204987883,66.23460887805038,35.26259597243503,6.089045939346625,0.21042569093004732,12.95190111948206,20.065160556305916,0.6934299842361493,3000.0,-4.5,0.45,none,0.0,
endurance,7,healthy,564.0,85.555372185196,86.02638797219473,617.1475442231055,1524.7126274953725,67.21537440431212,35.58500658127353,6.089021364651953,0.1812478830145521,12.940090989588976,20.081090143994526,0.6944863981248319,3000.0,-4.5,0.45,none,0.0,
endurance,7,healthy,565.0,85.38658036632998,85.54832999755136,616.2099755522902,1503.2159041866344,66.34215980083235,36.14078766961284,6.0890044695493675,0.12286074477197012,12.919881004386879,20.277540168418135,0.6955176739401487,3000.0,-4.5,0.45,none,0.0,
endurance,7,healthy,566.0,85.22180575312193,85.66973944550712,617.1465945910314,1520.0111834599484,65.89860465949482,35.30041078591455,6.088992854166338,0.21975203469230603,12.922986061504334,20.067172403406502,0.6965244056331966,3000.0,-4.5,0.45,none,0.0,
endurance,7,healthy,567.0,85.0609532125594,84.7070318718096,620.2157757391669,1515.8071843540747,65.59028996735562,34.53142687795475,6.088984868590506,0.11854313943435217,12.85976948628572,19.77909644869236,0.6975071744428984,3000.0,-4.5,0.45,none,0.0,
endurance,7,healthy,568.0,84.903929715845,84.98285963905589,616.5487617337973,1521.1133625735877,66.03340336345083,35.623548375727026,6.088979378507123,0.2258728008366318,12.895417964230486,19.744091990014905,0.6984665487519492,3000.0,-4.5,0.45,none,0.0,
endurance,7,healthy,569.0,84.75064433856373,85.07096538865669,611.9325176719038,1517.0011410232778,65.98277983843258,35.34563902751078,6.088975604074795,0.14489161187312516,12.963846353794716,20.020664842099507,0.6994030840857935,3000.0,-4.5,0.45,none,0.0,
endurance,7,healthy,570.0,84.60100824513776,84.3048152999099,622.5584553741326,1518.2315969216843,66.11678729823582,34.609610514838046,6.08897300915257,0.20283960701529624,12.910447182062871,19.718498767277367,0.7003173232076029,3000.0,-4.5,0.45,none,0.0,
endurance,7,healthy,571.0,84.45493466285147,84.33105053958255,620.9748176972331,1527.3784823344088,65.69862184331912,35.371556505636846,6.088971225143539,0.1711019017210284,12.914799742247515,19.69951230067888,0.7012097962769765,3000.0,-4.5,0.45,none,0.0,
endurance,7,healthy,572.0,84.31233884907029,83.1192249645058,616.1475594167078,1516.9381321658213,66.43314963590966,34.14521081866193,6.088969998637332,0.20955461877558773,12.815781458237609,19.935182498425842,0.7020810210502262,3000.0,-4.5,0.45,none,0.0,
endurance,7,healthy,573.0,84.17313805413539,85.12629085286213,625.6773537052705,1514.578623233218,66.45416408346628,34.2489082285894,6.088969155414315,0.2704925656367068,12.997977634864535,19.873220828452574,0.7029315031070796,3000.0,-4.5,0.45,none,0.0,
endurance,7,healthy,574.0,84.03725148163257,83.86324795008431,617.7712947654285,1519.7706403544196,66.39946776946401,34.463683837132784,6.088968575698489,0.21237375679879614,13.00874347063404,19.952984557117784,0.7037617360934287,3000.0,-4.5,0.45,none,0.0,
endurance,7,healthy,575.0,83.9046002471943,83.37805918827948,618.2498534304074,1517.448976841301,66.70109145347706,34.83970777056693,6.08896817714386,0.161474611346502,12.913997785017333,19.861436870435003,0.7045722019730379,3000.0,-4.5,0.45,none,0.0,
endurance,7,healthy,576.0,83.77510733662403,82.94699232975039,622.7235424145268,1518.2793338469062,66.31988297370833,34.28426645757702,6.088967903137552,0.14565227537671932,12.873048308445856,20.157365303583415,0.7053633712833947,3000.0,-4.5,0.45,none,0.0,
endurance,7,healthy,577.0,83.64869756387716,83.94311912698377,623.3347326646654,1521.9887423674127,65.63326522574782,34.681676230547374,6.0889677147582155,0.13853487700481457,12.919111136490335,20.144075650482762,0.7061357033924348,3000.0,-4.5,0.45,none,0.0,
endurance,7,healthy,578.0,83.52529752925841,83.31537735833986,622.521473060944,1516.1997947020611,65.75694843924748,33.60319067460801,6.088967585247423,0.3399531598808244,12.922309727045706,19.82801840922181,0.7068896467539467,3000.0,-4.5,0.45,none,0.0,
endurance,7,healthy,579.0,83.40483557807548,83.95022618804768,617.6501413481575,1514.7830432513672,66.01724224094457,33.81276647552443,6.088967496208751,0.1275290888062339,12.920953545751967,20.004985995394893,0.7076256391601866,3000.0,-4.5,0.45,none,0.0,
endurance,7,healthy,580.0,83.28724175990664,83.972363914063,617.6530319398541,1517.491811604858,66.81373308965166,33.31472082538441,6.0889674349946645,0.23815743295227632,12.921472373308157,19.911593121385966,0.7083441079907438,3000.0,-4.5,0.45,none,0.0,
endurance,7,healthy,581.0,83.17244778858333,83.22341315918835,615.6530800773476,1520.5107361162602,66.98168105351449,34.51827641415939,6.0889673929099795,0.2050059095988422,12.862663493844371,20.07070868934237,0.7090454704570364,3000.0,-4.5,0.45,none,0.0,
endurance,7,healthy,582.0,83.06038700295042,82.94009577270373,620.2753020776404,1524.1465237676211,65.47089132435627,34.14903301020594,6.088967363976759,0.22421642204000042,12.915133854679864,20.091515127223772,0.709730133842057,3000.0,-4.5,0.45,none,0.0,
endurance,7,healthy,583.0,82.95099432844033,82.8996127447076,618.5050000103472,1516.6004767904003,66.0599274205411,33.86924790062323,6.088967344085171,0.19410132407975386,12.887399840759922,20.297270501872998,0.7103984957351449,3000.0,-4.5,0.45,none,0.0,
endurance,7,healthy,584.0,82.84420623947926,82.66525103418971,616.8904794314477,1522.8108624046886,66.19037228884164,34.33000039459131,6.088967330409703,0.21019048184454456,12.839246800006395,19.87193112114765,0.7110509442616749,3000.0,-4.5,0.45,none,0.0,
endurance,7,healthy,585.0,82.73996072273162,82.80225562792162,618.2813477626311,1513.5370601823988,66.32673580427965,33.4120988299283,6.08896732100782,0.11182375350009391,12.942853924165528,20.283354400342546,0.7116878583076237,3000.0,-4.5,0.45,none,0.0,
endurance,7,healthy,586.0,82.63819724118039,82.54010216124391,616.3197888559689,1527.1953840297595,66.39541481438188,33.71329625768024,6.088967314544025,0.1839252559250178,12.96061780461996,19.938574434631658,0.7123096077390314,3000.0,-4.5,0.45,none,0.0,
endurance,7,healthy,587.0,82.5388566990359,82.08533993373085,619.1117967268852,1518.6154648475683,65.47410410291226,33.77449310920097,6.088967310100166,0.18291759418563708,12.973669457324583,19.886805214724376,0.7129165536163987,3000.0,-4.5,0.45,none,0.0,
endurance,7,healthy,588.0,82.44188140746161,83.25879588129271,619.904396718324,1523.3868060302739,65.97821466353966,33.79585903253327,6.088967307045014,0.16512083003075106,12.926104152130032,20.040679432919838,0.7135090484040947,3000.0,-4.5,0.45,none,0.0,
endurance,7,healthy,589.0,82.34721505110313,82.67708860587655,619.1246232773675,1521.8647943725439,66.59844788797284,33.71386599791873,6.088967304944595,0.19545073276692332,12.960069431885787,20.424693185017745,0.7140874361748559,3000.0,-4.5,0.45,none,0.0,
endurance,7,healthy,590.0,82.25480265540556,81.41701512367457,620.1228192774669,1520.2282551308263,65.81124501052192,33.29840615315744,6.088967303500558,0.041592925003100384,12.998465062458619,20.009652703895828,0.7146520528094693,3000.0,-4.5,0.45,none,0.0,
endurance,7,healthy,591.0,82.16459055470285,82.12228431316238,614.7347253023954,1517.177872527227,66.22453646554114,33.96186421244725,6.088967302507783,0.21275481521966408,12.907967623036532,20.094744412667605,0.7152032261917376,3000.0,-4.5,0.45,none,0.0,
endurance,7,healthy,592.0,82.07652636106295,82.20614498622525,614.7646578634849,1520.2501698141461,65.94844289343585,33.030662661327,6.088967301825248,0.13462591452068245,12.823761324771304,20.03456322244791,0.7157412763988289,3000.0,-4.5,0.45,none,0.0,
endurance,7,healthy,593.0,81.99055893387172,82.35172794327241,618.9226800519762,1513.9896552213222,66.1104449184242,33.46207908475852,6.088967301356006,0.29889822643050296,12.947921873180514,20.21160243390344,0.7162665158871105,3000.0,-4.5,0.45,none,0.0,
endurance,7,healthy,594.0,81.90663835013932,82.3994703280826,615.5002780602478,1522.9542972577917,65.95971865569388,34.072923784263814,6.088967301033402,0.1231773507496683,12.85578402296616,19.798326096934343,0.7167792496735697,3000.0,-4.5,0.45,none,0.0,
endurance,7,healthy,595.0,81.82471587551194,81.3747924334448,621.5561360350312,1512.3658911382472,65.79192178846924,34.08556362821459,6.088967300811614,0.2841340410509463,12.949471609463364,19.95198748809496,0.7172797755129243,3000.0,-4.5,0.45,none,0.0,
endurance,7,healthy,596.0,81.74474393597312,81.31309290791627,616.9087037928061,1525.94461646523,66.6632706108875,33.96188013785024,6.0889673006591325,0.17501519268092577,12.857695085521042,19.74423731962247,0.7177683840705216,3000.0,-4.5,0.45,none,0.0,
endurance,7,healthy,597.0,81.66667609021798,81.65623540579803,615.8784969865447,1524.8644687501878,66.99373353112883,33.339709434212814,6.088967300554303,0.21752148424564038,12.95955995079828,20.166592079052645,0.718245359091124,3000.0,-4.5,0.45,none,0.0,
endurance,7,healthy,598.0,81.59046700268487,81.6090421303682,620.8034768549036,1513.476324670055,65.13384496460783,33.20446299192016,6.088967300482231,0.21766221538857744,12.996040860889336,20.34878887230606,0.7187109775636794,3000.0,-4.5,0.45,none,0.0,
endurance,7,healthy,599.0,81.51607241722887,81.50730046248628,617.721500028101,1524.9391033527468,66.09061155634636,33.149417537282766,6.0889673004326825,0.22717406336027146,12.913334141759773,20.035651980602672,0.7191655098821692,3000.0,-4.5,0.45,none,0.0,
endurance,7,healthy,600.0,81.44344913142174,81.81135843031079,615.6917021775976,1519.2294571722064,65.83054195511066,33.67944381525635,6.088967300398618,0.20519752633050908,12.899007976714493,20.270347311801707,0.7196092200026293,3000.0,-4.5,0.45,none,0.0,
endurance,7,healthy,601.0,81.37255497146386,81.12119139364202,618.2709614804457,1517.5956029081265,65.86570794081075,33.513419799278026,6.088967300375199,0.17915978681947708,12.792996784046712,19.760018436199903,0.7200423655964321,3000.0,-4.5,0.45,none,0.0,
endurance,7,healthy,602.0,81.30334876769315,80.53648055537813,614.4421001143581,1521.566795240012,66.13213528253898,32.89054546979594,6.088967300359097,0.22998683744594497,12.96465849867816,20.193192618612983,0.7204651981999202,3000.0,-4.5,0.45,none,0.0,
endurance,7,healthy,603.0,81.23579033067732,81.054015922808,619.5772899700719,1520.306122103903,66.35328954716925,33.74244914575886,6.088967300348027,0.12140581681525356,12.94301037799515,20.17779083916839,0.7208779633604775,3000.0,-4.5,0.45,none,0.0,
endurance,7,healthy,604.0,81.16984042787507,81.23412945890206,614.8381219950797,1514.3183513350045,65.38820097581639,33.34680659471648,6.088967300340418,0.19920337137608357,12.864547555297962,20.17063725297526,0.7212809007791235,3000.0,-4.5,0.45,none,0.0,
endurance,7,healthy,605.0,81.10546076085309,81.77182615513756,615.181187853226,1526.7733114717623,66.43055512543371,32.90425330412145,6.088967300335185,0.20910504277999425,12.965425358681752,20.057138737292433,0.7216742444497111,3000.0,-4.5,0.45,none,0.0,
endurance,7,healthy,606.0,81.04261394304541,80.83807382601381,616.7842837028778,1519.7004650068377,67.13250172855352,33.0318531233775,6.088967300331589,0.23249092074641914,12.859295585760558,19.882853905139058,0.7220582227948116,3000.0,-4.5,0.45,none,0.0,
endurance,7,healthy,607.0,80.98126347804232,80.86044548551644,618.1693100231132,1525.812862626148,65.99663433303462,33.6270764151229,6.088967300329116,0.150286818151114,12.866122588154921,19.97030537430808,0.7224330587983643,3000.0,-4.5,0.45,none,0.0,
endurance,7,healthy,608.0,80.92137373839621,81.0395821248949,614.9935638382872,1513.8318754057143,66.55550494885713,32.570943099742166,6.088967300327416,0.24632941578359252,12.848503019833254,19.89954087199668,0.7227989701351671,3000.0,-4.5,0.45,none,0.0,
endurance,7,healthy,609.0,80.86290994493199,81.11027160790641,619.0470738743223,1518.3110089688964,66.18364394659106,33.58473045569731,6.088967300326247,0.1485643123843972,12.970160913000694,20.158461849515486,0.7231561692972852,3000.0,-4.5,0.45,none,0.0,
endurance,7,healthy,610.0,80.80583814655013,80.65975711243587,608.763101849082,1519.1601788196529,66.33814582483663,33.58692630061215,6.088967300325445,0.23684215865188057,12.908825812997046,19.95140261456028,0.7235048637174486,3000.0,-4.5,0.45,none,0.0,
endurance,7,healthy,611.0,80.75012520051062,80.55634245390974,613.9967526945035,1524.497095133093,66.38447624617507,33.238612141040605,6.0889673003248905,0.17997192600401618,12.90540266843213,19.810939755886263,0.7238452558895134,3000.0,-4.5,0.45,none,0.0,
endurance,7,healthy,612.0,80.69573875318629,80.93016344044985,618.2494665487139,1516.383341943955,66.19897559777284,32.50317477590682,6.088967300324511,0.2789963479062367,12.943446563676494,19.83766845948104,0.7241775434860533,3000.0,-4.5,0.45,none,0.0,
endurance,7,healthy,613.0,80.6426472212744,80.20498986777832,615.4049934123195,1526.0123460542272,67.00104425547491,33.27718080078131,6.088967300324248,0.19867404203394406,12.972120871804059,19.95253806884965,0.724501919473152,3000.0,-4.5,0.45,none,0.0,
endurance,7,healthy,614.0,80.59081977345562,81.02067408275678,613.2819263600721,1520.6683306282996,66.57553569338691,33.01409021384927,6.088967300324071,0.20516652833687019,12.972784452264436,19.799300399408143,0.7248185722224628,3000.0,-4.5,0.45,none,0.0,
endurance,7,healthy,615.0,80.54022631248965,80.09614941306124,616.1890963383278,1523.1073820727195,66.17213886607209,31.92418018184603,6.088967300323946,0.22208126929520974,12.901465079471924,19.934577706647012,0.7251276856205997,3000.0,-4.5,0.45,none,0.0,
endurance,7,healthy,616.0,80.49083745773714,80.51242248993853,613.337332926301,1520.7396236909783,66.2658406735371,32.25919893438248,6.088967300323862,0.06719107020799805,12.879606497237356,19.957997072864792,0.7254294391759237,3000.0,-4.5,0.45,none,0.0,
endurance,7,healthy,617.0,80.44262452809778,80.2920067668068,612.3792470362006,1526.4228138676801,66.56046943852606,33.39164919155908,6.088967300323804,0.2901727023022747,12.98925854737427,20.234422289669716,0.7257240081227879,3000.0,-4.5,0.45,none,0.0,
endurance,7,healthy,618.0,80.3955595253546,80.46775726189405,612.5419219584892,1524.591072858228,66.11330964114343,33.52399825604422,6.088967300323763,0.18361199956313753,12.924854594798745,19.853427844261265,0.7260115635232981,3000.0,-4.5,0.45,none,0.0,
endurance,7,healthy,619.0,80.34961511791482,79.95135812366374,619.1588620517653,1522.06922737506,65.32617458884741,32.05639443698438,6.088967300323737,0.21188555089280328,12.882602663556481,20.17160440451909,0.7262922723666532,3000.0,-4.5,0.45,none,0.0,
endurance,7,healthy,620.0,80.30476462493789,80.20550301669398,615.3010233083418,1520.5310385816676,67.0604979931485,32.65801097412573,6.088967300323717,0.12269923138892264,13.017769469232944,19.828842021876007,0.726566297666119,3000.0,-4.5,0.45,none,0.0,
endurance,7,healthy,621.0,80.26098200084135,79.93888661975045,614.3497851294887,1520.040126930472,66.61405236574817,32.5571929208304,6.088967300323704,0.17492907567439897,12.941424752006649,19.711166842014592,0.7268337985536928,3000.0,-4.5,0.45,none,0.0,
endurance,7,healthy,622.0,80.21824182017569,80.44982000764107,608.8726169735919,1515.0819791632746,66.45410686984862,33.47053154211076,6.088967300323695,0.2446498776684614,12.912665778985254,20.01596398293196,0.7270949303725149,3000.0,-4.5,0.45,none,0.0,
endurance,7,healthy,623.0,80.17651926285922,80.20003386502663,615.3197339207771,1529.0528159795078,65.70264434532909,33.20745041454801,6.08896730032369,0.20564706933997956,12.8260935244454,20.11143580005367,0.7273498447670792,3000.0,-4.5,0.45,none,0.0,
endurance,7,healthy,624.0,80.13579009976455,80.88206362873866,615.3468130192213,1523.3362599135412,66.5051919176432,32.51345646404976,6.088967300323684,0.241311233091205,12.818583868675296,19.771197734190416,0.7275986897712968,3000.0,-4.5,0.45,none,0.0,
endurance,7,healthy,625.0,80.09603067864833,79.74232448156434,615.8688537747648,1518.4850529567514,66.76348624401939,32.41174236693501,6.088967300323682,0.15573203709482927,12.911587007164291,19.93825352225793,0.7278416098944617,3000.0,-4.5,0.45,none,0.0,
endurance,7,healthy,626.0,80.05721791041583,80.04259176712193,608.4668324822835,1523.958381953667,65.89327309025425,32.87743690790749,6.088967300323679,0.21808921537211456,12.957755159817253,20.48942528975664,0.7280787462051701,3000.0,-4.5,0.45,none,0.0,
endurance,7,healthy,627.0,80.01932925571268,80.54544029157107,614.0724171791185,1525.1411506933323,65.92713611596896,32.58397176672062,6.088967300323679,0.16371723130184415,12.926569096133013,19.947616832378397,0.7283102364132428,3000.0,-4.5,0.45,none,0.0,
endurance,7,healthy,628.0,79.98234271183578,80.4473981148538,615.8625911996461,1518.9669604463697,65.73369627637227,32.45957993338025,6.088967300323678,0.21948342211714222,12.887524129691435,19.84045584015348,0.7285362149496947,3000.0,-4.5,0.45,none,0.0,
endurance,7,healthy,629.0,79.94623679995597,79.01796788942858,614.9862234684578,1514.9056563063846,66.5650564688211,32.24585348807929,6.088967300323676,0.31196992898374104,12.885681674730083,20.097525264204307,0.7287568130448023,3000.0,-4.5,0.45,none,0.0,
endurance,7,healthy,630.0,79.91099055264472,79.2310525774323,617.7185605859734,1516.0030789587277,66.7556898642365,32.07852097653399,6.088967300323676,0.22906626589783297,12.93583091978158,19.555863452263257,0.7289721588043122,3000.0,-4.5,0.45,none,0.0,
endurance,7,healthy,631.0,79.87658350169802,80.30829684971732,612.5073193223366,1512.9503645942211,66.48150129905815,32.50974272511662,6.088967300323676,0.23201440943425852,12.940805585407766,20.128095224216747,0.7291823772838338,3000.0,-4.5,0.45,none,0.0,
endurance,7,healthy,632.0,79.84299566625005,79.31087264687993,613.2991160777465,1523.8005713161488,66.29315306409883,32.44959880094655,6.088967300323676,0.20356818181541333,12.956043207827468,19.96362455426392,0.729387590561462,3000.0,-4.5,0.45,none,0.0,
endurance,7,healthy,633.0,79.81020754116989,79.09841416937256,610.3773313666022,1516.6328328661843,66.0278336342458,32.71427755199933,6.088967300323676,0.07201466040411827,12.979846648852343,20.003158146594036,0.7295879178086706,3000.0,-4.5,0.45,none,0.0,
endurance,7,healthy,634.0,79.7782000857345,80.39062495650509,612.5733781966693,1518.546479493937,65.97233918462221,33.12124865717065,6.088967300323676,0.25660355147625713,12.97773645594715,19.90544237410468,0.7297834753595169,3000.0,-4.5,0.45,none,0.0,
endurance,7,healthy,635.0,79.74695471257138,79.18614246187641,615.0102239309854,1522.1477905908932,66.89641739898407,32.24235889837909,6.088967300323676,0.2115827200917939,12.864271930678077,20.01930717568293,0.7299743767782003,3000.0,-4.5,0.45,none,0.0,
endurance,7,healthy,636.0,79.71645327686453,79.90873626944047,618.8135802577001,1523.5648559665856,65.59162909350756,31.983943374750453,6.088967300323676,0.23432111832729363,12.867717159320556,20.328888831379416,0.7301607329250103,3000.0,-4.5,0.45,none,0.0,
endurance,7,healthy,637.0,79.68667806581736,80.11750496738698,611.5555384084429,1518.1800162963627,65.64693990699926,32.7615428502003,6.088967300323676,0.21887889036511662,12.95478374263988,20.001970880418433,0.7303426520207057,3000.0,-4.5,0.45,none,0.0,
endurance,7,healthy,638.0,79.65761178836655,79.26512871724938,614.8941361164818,1519.654000089316,66.67622177576061,32.801781111491934,6.088967300323676,0.17214770821197223,12.907481193792304,19.49547107218431,0.7305202397093608,3000.0,-4.5,0.45,none,0.0,
endurance,7,healthy,639.0,79.62923756514076,78.57681927170864,615.89966331454,1508.0082240361505,66.46447597371245,33.01678707234513,6.088967300323676,0.19160729222123402,12.834228538606183,20.133304876867772,0.7306935991197145,3000.0,-4.5,0.45,none,0.0,
endurance,7,healthy,640.0,79.60153891865843,78.63574585181273,614.4086337014165,1513.8975936539025,66.01397222800608,33.56624204482507,6.088967300323676,0.29355520326145335,12.976005448125242,19.461429302911345,0.73086283092506,3000.0,-4.5,0.45,none,0.0,
endurance,7,healthy,641.0,79.57449976375902,79.75953831861638,613.8802602642154,1527.803422859922,65.26389049392371,32.985339596465366,6.088967300323676,0.17976165386332682,12.886957727552266,20.11224865135749,0.7310280334017065,3000.0,-4.5,0.45,none,0.0,
endurance,7,healthy,642.0,79.54810439826198,79.2216147194364,615.1430883193108,1521.2898458354555,67.76290438878664,32.97566539460983,6.088967300323676,0.19932183054458377,12.914778926808085,19.888823622266965,0.7311893024860521,3000.0,-4.5,0.45,none,0.0,
endurance,7,healthy,643.0,79.52233749384821,78.67601076432848,614.36668509272,1526.0933487933514,65.9990847654711,31.335957758929712,6.088967300323676,0.24017794292934289,12.926746996410905,20.12283236050681,0.7313467318302942,3000.0,-4.5,0.45,none,0.0,
endurance,7,healthy,644.0,79.49718408715857,80.11162801479263,615.990791492727,1516.0778042102772,66.06600852272726,32.09409342665116,6.088967300323676,0.2024182086338,12.911638057684005,20.04128712702884,0.7315004128568162,3000.0,-4.5,0.45,none,0.0,
endurance,7,healthy,645.0,79.4726295711044,79.41877098854782,607.9818029670057,1523.3582447286547,66.31437873898463,31.45831743464602,6.088967300323676,0.11168888762739444,12.870521560287015,20.090122431293327,0.7316504348112781,3000.0,-4.5,0.45,none,0.0,
endurance,7,healthy,646.0,79.44865968638486,79.35810131664752,616.5177601399708,1516.2517952936928,65.9752223092244,32.58146572948928,6.088967300323676,0.14389651135673925,13.008619277806927,20.027970181434032,0.7317968848144434,3000.0,-4.5,0.45,none,0.0,
endurance,7,healthy,647.0,79.42526051320625,78.50002425097395,618.2394215093441,1519.1208477917269,66.56582631439201,31.658256100916425,6.088967300323676,0.14988855183653288,12.937949337710098,20.276715414929452,0.7319398479127714,3000.0,-4.5,0.45,none,0.0,
endurance,7,healthy,648.0,79.40241846319857,79.77649456384678,616.1115960027354,1511.5386234809976,66.0857609809135,31.88186664051681,6.088967300323676,0.30565130222279674,12.947310573746766,20.122569852381847,0.7320794071278058,3000.0,-4.5,0.45,none,0.0,
endurance,7,healthy,649.0,79.3801202715244,79.77503955142132,615.9957566113645,1526.7211764623241,65.6546950635906,32.89716753954271,6.088967300323676,0.2130925230712947,12.877712544123954,19.70519118125,0.7322156435043871,3000.0,-4.5,0.45,none,0.0,
endurance,7,healthy,650.0,79.35835298917581,78.98273233087475,618.4242995485813,1503.1934494331163,66.80828295873803,32.37869349632075,6.088967300323676,0.16750669298941345,12.93795390699861,19.92705408285518,0.7323486361577164,3000.0,-4.5,0.45,none,0.0,
endurance,7,healthy,651.0,79.33710397545457,79.21794890607103,615.9753989074286,1519.8731149451573,65.85125183829317,32.34958444323311,6.088967300323676,0.24043388432050067,12.916905076843776,19.745078879690354,0.7324784623192998,3000.0,-4.5,0.45,none,0.0,
endurance,7,healthy,652.0,79.31636089063144,78.96928987677072,612.7419411736993,1512.2121036740632,66.19853310303782,31.99860667364196,6.088967300323676,0.19984541662775346,12.933923381066215,20.31736511511274,0.7326051973817977,3000.0,-4.5,0.45,none,0.0,
endurance,7,healthy,653.0,79.2961116887803,78.81973071300774,604.8417632004044,1524.7935291799256,66.63296593661134,31.83952974267346,6.088967300323676,0.21730142744311345,12.97369038063615,19.65470456862804,0.7327289149428079,3000.0,-4.5,0.45,none,0.0,
endurance,7,healthy,654.0,79.27634461078276,79.441527804671,612.7222465246772,1520.2835753111824,65.66735869232855,31.221231077184992,6.088967300323676,0.22183566135494343,12.864803440906742,19.799468939213757,0.7328496868476033,3000.0,-4.5,0.45,none,0.0,
endurance,7,healthy,655.0,79.25704817749944,79.39688180710563,609.0794862073892,1513.733087854473,66.38665806228411,31.41076780394384,6.088967300323676,0.13698455829847922,12.943126610301993,19.869523399433437,0.732967583230856,3000.0,-4.5,0.45,none,0.0,
endurance,7,healthy,656.0,79.23821118310381,79.39905434949347,613.3884164360164,1531.96955404385,66.1714946573975,32.43318419742875,6.088967300323676,0.24983275116392228,13.006261583798672,19.912553063316032,0.7330826725573647,3000.0,-4.5,0.45,none,0.0,
endurance,7,healthy,657.0,79.21982268857475,79.52805982909686,620.7254533308076,1522.3729071766363,67.29401174529723,32.25951075617256,6.088967300323676,0.2500956312632121,12.922441857979114,19.692338636528483,0.7331950216618137,3000.0,-4.5,0.45,none,0.0,
endurance,7,healthy,658.0,79.20187201534401,79.81241024819974,610.8034135861933,1512.2554225196527,66.18677208632009,31.814618792684456,6.088967300323676,0.22674744401912622,12.916284402447848,20.110309799381305,0.7333046957875853,3000.0,-4.5,0.45,none,0.0,
endurance,7,healthy,659.0,79.18434873909494,79.5046050418129,614.0381155522493,1510.9578576995648,67.0136373798476,32.7705523085022,6.088967300323676,0.2275392501953923,12.894021088220798,20.39693939982061,0.733411758624648,3000.0,-4.5,0.45,none,0.0,
endurance,7,healthy,660.0,79.16724268370895,78.77905647984744,609.4211038106856,1512.491860127468,65.80099982978378,31.52768128663501,6.088967300323676,0.22792554161366252,12.900993933876476,19.611555611512433,0.7335162723465425,3000.0,-4.5,0.45,none,0.0,
endurance,7,healthy,661.0,79.15054391535595,78.9812266278867,612.858620344938,1521.2295995729642,65.90296981362566,31.927873351126564,6.088967300323676,0.1755620069539827,12.910568987519316,20.16924771725064,0.7336182976464872,3000.0,-4.5,0.45,none,0.0,
endurance,7,healthy,662.0,79.13424273672565,79.26381590458463,612.3438424552952,1520.2890566651915,65.82714030983115,31.53452602187864,6.088967300323676,0.1813942157194607,12.886395337392822,20.31418397442288,0.7337178937726236,3000.0,-4.5,0.45,none,0.0,
endurance,7,healthy,663.0,79.11832968139608,79.25248066967187,613.2294665868633,1524.7404157391422,65.79202204795043,32.32146809040914,6.088967300323676,0.24919793221105996,12.91150432411016,20.087344704055976,0.7338151185624237,3000.0,-4.5,0.45,none,0.0,
endurance,7,healthy,664.0,79.10279550833626,79.22463702792855,613.2194356225643,1515.4186104438995,66.05009877531054,31.945232857023925,6.088967300323676,0.2200171952359979,12.997228060536091,19.836726976959667,0.7339100284762758,3000.0,-4.5,0.45,none,0.0,
endurance,7,healthy,665.0,79.08763119653976,79.02495580021682,611.6432140514358,1519.2627758129245,65.13427168282915,31.133105196589735,6.088967300323676,0.17413896024573958,12.88618645438665,19.977717122703275,0.7340026786302745,3000.0,-4.5,0.45,none,0.0,
endurance,7,healthy,666.0,79.07282793978604,79.91587987382827,609.1602941914592,1528.579862278257,65.73068296917118,31.125988735825363,6.088967300323676,0.16148388606298147,12.952340070304384,19.884618576855402,0.7340931228282256,3000.0,-4.5,0.45,none,0.0,
endurance,7,healthy,667.0,79.05837714152645,79.2769916948171,615.9179368646331,1513.9300082852437,66.82832603040082,31.810306169981132,6.088967300323676,0.19895274028307,12.90448758562199,19.90278216508773,0.7341814135928921,3000.0,-4.5,0.45,none,0.0,
endurance,7,healthy,668.0,79.04427040989209,78.42535866720999,617.2107827174665,1516.890065089504,66.57627455644784,31.445886456049642,6.088967300323676,0.28259367980843436,12.914588148371658,20.28555767624167,0.7342676021964951,3000.0,-4.5,0.45,none,0.0,
endurance,7,healthy,669.0,79.03049955282046,78.27899536801665,614.271360338429,1526.9126929064505,66.29270603476739,30.921579318975265,6.088967300323676,0.2847325375947882,12.957193081224354,19.78316732464093,0.7343517386904885,3000.0,-4.5,0.45,none,0.0,
endurance,7,healthy,670.0,79.01705657329815,78.65298141221436,614.4070693223556,1506.0745773795295,65.70917580738745,31.428711744745996,6.088967300323676,0.17829490658992375,12.957771401757139,19.833141304869304,0.734433871934625,3000.0,-4.5,0.45,none,0.0,
endurance,7,healthy,671.0,79.00393366471684,78.89770330814903,607.7276832236648,1518.657938503072,66.51225558870692,32.031029662356524,6.088967300323676,0.22678286316721202,12.97395706744556,19.948502696032325,0.7345140496253296,3000.0,-4.5,0.45,none,0.0,
endurance,7,healthy,672.0,78.99112320633985,79.28572424911908,612.6268588320893,1517.892502352195,66.37031989640745,31.453353628089552,6.088967300323676,0.2088236251459589,12.905210027364928,20.020673968386422,0.7345923183233984,3000.0,-4.5,0.45,none,0.0,
endurance,7,healthy,673.0,78.9786177588766,79.27080690291089,610.560235042784,1514.1898392358762,65.93176181421981,31.263855190735782,6.088967300323676,0.14646343829860334,12.87027609199012,20.282499653745198,0.7346687234810371,3000.0,-4.5,0.45,none,0.0,
endurance,7,healthy,674.0,78.96641006016247,79.67583739464972,612.1697673438952,1520.4463039836508,65.50279245862947,30.99052998840431,6.088967300323676,0.14442203672863904,12.899374014514116,19.791797511810497,0.7347433094682556,3000.0,-4.5,0.45,none,0.0,
endurance,7,healthy,675.0,78.95449302094154,78.74910536599323,614.117371269927,1514.5211606933767,66.03919479635503,31.987251488192953,6.088967300323676,0.14980978336339043,12.950487007416971,19.930621556776494,0.7348161195986357,3000.0,-4.5,0.45,none,0.0,
endurance,7,healthy,676.0,78.94285972074968,78.80883913451243,615.6391343720783,1523.0659347354353,66.42814783239092,30.697647562838775,6.088967300323676,0.2000215652623685,12.90936952020082,20.01245968699042,0.734887196154483,3000.0,-4.5,0.45,none,0.0,
endurance,7,healthy,677.0,78.93150340389572,78.7610345889143,615.4875517779568,1512.475153925408,66.32158471272183,31.34677319197988,6.088967300323676,0.19186843565996142,12.864352078592947,19.672624377655612,0.7349565804113815,3000.0,-4.5,0.45,none,0.0,
endurance,7,healthy,678.0,78.92041747553829,78.94172490647753,617.6466599851789,1521.735135920991,66.50057466522885,31.01861150095327,6.088967300323676,0.16860425956927086,12.905405531820834,19.86310686092042,0.7350243126621632,3000.0,-4.5,0.45,none,0.0,
endurance,7,healthy,679.0,78.90959549785603,79.06673394851963,615.4090564500865,1516.7617307039773,65.9830076063999,32.06561222584268,6.088967300323676,0.17505453433909385,12.960301089106801,20.175111648673955,0.7350904322403073,3000.0,-4.5,0.45,none,0.0,
endurance,7,healthy,680.0,78.89903118630906,78.41490772928464,618.1536322153569,1523.79071425997,66.94028910715281,32.295111820631405,6.088967300323676,0.18098245111411376,12.997210076108354,19.75273936753245,0.7351549775427815,3000.0,-4.5,0.45,none,0.0,
endurance,7,healthy,681.0,78.8887184059894,79.01276260159726,612.1365400049161,1515.2426102060763,65.47250094989067,31.04441379291304,6.088967300323676,0.15829907343662267,12.984717903577536,20.187298323755027,0.7352179860523396,3000.0,-4.5,0.45,none,0.0,
endurance,7,healthy,682.0,78.8786511680583,78.92745681330716,607.0979255771384,1517.3131270864644,66.51885800775449,30.685699829716967,6.088967300323676,0.13626263329893434,12.882179124771532,19.637089386122934,0.7352794943592891,3000.0,-4.5,0.45,none,0.0,
endurance,7,healthy,683.0,78.86882362626842,78.60730455619232,613.9275817776071,1510.3073713921601,65.42755984481322,31.76920739607868,6.088967300323676,0.23559263020756915,12.982603065698381,19.958854881205813,0.7353395381827399,3000.0,-4.5,0.45,none,0.0,
endurance,7,healthy,684.0,78.85923007356878,77.94738229917682,609.8812864050018,1517.017066200518,66.65964351144336,31.514339291578402,6.088967300323676,0.19773104639388325,12.923087929257946,20.073513926538354,0.7353981523913464,3000.0,-4.5,0.45,none,0.0,
endurance,7,healthy,685.0,78.84986493879056,79.10017818420998,612.7611608561699,1529.2016898883671,65.60817889115592,31.861109129638944,6.088967300323676,0.1333230876200842,12.922804523774964,20.061143120186305,0.7354553710235576,3000.0,-4.5,0.45,none,0.0,
endurance,7,healthy,686.0,78.84072278341182,78.4391273852308,613.3202188290725,1531.86917667715,65.89518441963612,31.24619882970931,6.088967300323676,0.2595309700375482,12.953231086547504,19.909800188803825,0.7355112273073829,3000.0,-4.5,0.45,none,0.0,
endurance,7,healthy,687.0,78.83179829839924,78.71013503784077,616.1782313834606,1518.0939744200457,65.95765578639731,30.70247402098127,6.088967300323676,0.19194986368502368,13.038257306020608,19.73818828116977,0.7355657536796886,3000.0,-4.5,0.45,none,0.0,
endurance,7,healthy,688.0,78.82308630112504,79.47304424740261,615.7699947181961,1522.1111920315077,66.09199088932091,30.96357558045468,6.088967300323676,0.25537708239123863,12.905635600345741,19.796010237934937,0.7356189818050345,3000.0,-4.5,0.45,none,0.0,
endurance,7,healthy,689.0,78.81458173235738,78.98861035961487,615.7195526962581,1519.0721904964826,66.00807284422812,30.812336915777784,6.088967300323676,0.1840650001851407,12.899803478248066,19.956257036557144,0.7356709425940628,3000.0,-4.5,0.45,none,0.0,
endurance,7,healthy,690.0,78.80627965332229,78.51730095236641,612.8203865538554,1522.249569230677,66.14627363610938,31.274713548846975,6.088967300323676,0.18534324855392303,12.934142565957902,19.986946538623695,0.7357216662214474,3000.0,-4.5,0.45,none,0.0,
endurance,7,healthy,691.0,78.79817524283565,78.63135289939132,612.5845475605641,1521.0843972449372,66.57007120261001,32.03225115121263,6.088967300323676,0.13179866066407872,12.935047639040588,20.113261238027036,0.7357711821434182,3000.0,-4.5,0.45,none,0.0,
endurance,7,healthy,692.0,78.79026379450346,79.22320896747905,618.6204071458133,1516.6883475981303,66.70301202873182,30.143418555666273,6.088967300323676,0.2007894928003339,12.894346886097011,20.114948002930852,0.7358195191148658,3000.0,-4.5,0.45,none,0.0,
endurance,7,healthy,693.0,78.7825407139887,78.04366554951082,613.0744489877214,1513.730096347703,65.62463121344092,30.932951625129043,6.088967300323676,0.1716883718943584,12.883030874070908,19.769753650616803,0.7358667052060409,3000.0,-4.5,0.45,none,0.0,
endurance,7,healthy,694.0,78.77500151634332,77.9059861468842,614.8074528068165,1520.5206686086676,66.4965735377059,30.98031252056026,6.088967300323676,0.2567637129308724,12.89584181877405,19.80613358612847,0.7359127678188546,3000.0,-4.5,0.45,none,0.0,
endurance,7,healthy,695.0,78.7676418234038,79.15531332630977,617.8995401075414,1517.9746655045149,66.18142071494326,31.057021170355846,6.088967300323676,0.1841286097881623,13.029975957991898,19.91747005110501,0.7359577337027918,3000.0,-4.5,0.45,none,0.0,
endurance,7,healthy,696.0,78.76045736124856,79.95658597718005,610.9916764486229,1524.9038991119005,66.22507412612153,31.63526960691438,6.088967300323676,0.2268054973800695,12.92811204991081,19.783109476802345,0.736001628970445,3000.0,-4.5,0.45,none,0.0,
endurance,7,healthy,697.0,78.75344395771604,78.40514346764678,609.2615133750943,1511.0360914823252,65.19568732801133,31.53955425443975,6.088967300323676,0.11213827049667377,12.958377365032584,20.33520705240523,0.7360444791126777,3000.0,-4.5,0.45,none,0.0,
endurance,7,healthy,698.0,78.74659753998193,78.77273540627807,605.1277722933295,1512.8252533486082,65.43333592585988,31.256959137909465,6.088967300323676,0.19526071102894368,12.93061068481218,19.935952710690156,0.7360863090134286,3000.0,-4.5,0.45,none,0.0,
endurance,7,healthy,699.0,78.73991413219387,78.45241352616888,615.1238275731695,1523.6022798331264,66.1380881928452,30.765786524187174,6.088967300323676,0.2403286725874153,12.97816743773834,20.675017280154634,0.7361271429641618,3000.0,-4.5,0.45,none,0.0,
endurance,7,healthy,700.0,78.73338985316268,77.60580110094887,609.9628626129961,1525.112290434573,66.78530628649835,30.747740980558824,6.088967300323676,0.21022431807336614,12.945527987172385,19.84705778068865,0.7361670046779726,3000.0,-4.5,0.45,none,0.0,
endurance,7,healthy,701.0,78.72702091410841,78.61488640488828,612.8698568121478,1513.6948027484982,67.06263882641198,30.367355162239612,6.088967300323676,0.21840937592563983,12.984121394990359,19.80769571963128,0.7362059173033595,3000.0,-4.5,0.45,none,0.0,
endurance,7,healthy,702.0,78.72080361646019,77.58741015885833,613.2481419514809,1520.7225920836875,66.34601127563265,30.58460762629883,6.088967300323676,0.186879823175805,12.941181693661832,20.141320824851185,0.7362439034376657,3000.0,-4.5,0.45,none,0.0,
endurance,7,healthy,703.0,78.71473434970837,78.63754574721685,612.5763804614123,1518.2325178777173,67.05242773238656,31.95920562363782,6.088967300323676,0.2180148532624704,12.988582605554837,19.864792235668837,0.7362809851402026,3000.0,-4.5,0.45,none,0.0,
endurance,7,healthy,704.0,78.70880958930778,78.73875497832184,614.0616037129761,1518.4487963921702,65.74996448478846,31.819151058904904,6.088967300323676,0.23788820323929552,12.897572509008008,19.62643612381347,0.7363171839450602,3000.0,-4.5,0.45,none,0.0,
endurance,7,healthy,705.0,78.70302589463101,79.60829992783454,612.6051590992435,1520.1326334233156,65.9207989917518,31.67673672150289,6.088967300323676,0.17597511885619435,12.998546645176372,20.04945193787244,0.7363525208736115,3000.0,-4.5,0.45,none,0.0,
endurance,7,healthy,706.0,78.69737990697035,79.79753704687123,616.4320070323166,1518.2290755188587,66.64345416290035,31.391891983122274,6.088967300323676,0.1788101969453353,12.927000781474524,19.85184075497856,0.7363870164467211,3000.0,-4.5,0.45,none,0.0,
endurance,7,healthy,707.0,78.69186834758733,78.95818873383041,615.2000030408336,1523.2684909993532,66.35297228398979,31.31555520572605,6.088967300323676,0.20751020084361213,12.962417343978895,20.124207415135,0.7364206906966616,3000.0,-4.5,0.45,none,0.0,
endurance,7,healthy,708.0,78.68648801580866,79.46608216793426,613.8332079122115,1515.5791882720334,66.73702892617227,30.811861710872446,6.088967300323676,0.15046998692489297,12.912912968440535,20.24930400288759,0.7364535631787463,3000.0,-4.5,0.45,none,0.0,
endurance,7,healthy,709.0,78.68123578716758,78.71457699755246,604.6955125442846,1515.4163546511818,65.37964509551578,31.619714251413964,6.088967300323676,0.16802938199607417,12.820280253974147,20.379496557832244,0.7364856529826862,3000.0,-4.5,0.45,none,0.0,
endurance,7,healthy,710.0,78.67610861158938,78.291041965718,612.9347880011287,1514.463810856343,66.67069110817813,31.29159239694929,6.088967300323676,0.20535370426598876,12.952087334631297,20.319882398334276,0.7365169787436749,3000.0,-4.5,0.45,none,0.0,
endurance,7,healthy,711.0,78.67110351162019,79.24519148688758,616.708599040043,1513.5815759270124,66.11015159622139,31.28437652269687,6.088967300323676,0.14540477231861265,12.993133308467023,19.937151046909058,0.7365475586532118,3000.0,-4.5,0.45,none,0.0,
endurance,7,healthy,712.0,78.66621758069789,78.50657553449776,614.0035370252384,1516.9752991032785,65.91583680784773,30.452062740678958,6.088967300323676,0.19967061610994405,12.935250975601978,19.66862127034646,0.7365774104696643,3000.0,-4.5,0.45,none,0.0,
endurance,7,healthy,713.0,78.6614479814642,78.65445995635856,611.78969397636,1527.909663792378,66.55601324581743,31.689100036777358,6.088967300323676,0.2634843254693268,12.91404747539681,20.266110362741905,0.7366065515285823,3000.0,-4.5,0.45,none,0.0,
endurance,7,healthy,714.0,78.65679194411705,77.70615894522197,611.4966165603171,1527.2694054617111,65.88542652937264,31.51083145120918,6.088967300323676,0.15990728146338246,12.871751456005953,20.326604526516928,0.7366349987527643,3000.0,-4.5,0.45,none,0.0,
endurance,7,healthy,715.0,78.65224676480196,77.99032164615424,615.2906815980396,1522.8137134430824,65.99143228972981,31.4751527988933,6.088967300323676,0.1896766901892378,12.916411262761656,20.161742948897388,0.7366627686620846,3000.0,-4.5,0.45,none,0.0,
endurance,7,healthy,716.0,78.647809804042,78.03717969167187,614.4145418255127,1518.361826189118,65.87213434273745,31.94629550952341,6.088967300323676,0.20134512780080946,12.895393239993373,19.910192288151205,0.7366898773830877,3000.0,-4.5,0.45,none,0.0,
endurance,7,healthy,717.0,78.6434784852049,78.72428487649218,610.6325508108599,1518.1833910207897,66.51145036459057,31.173119075306424,6.088967300323676,0.2584625332124219,12.884661937215212,20.186780675415946,0.7367163406583527,3000.0,-4.5,0.45,none,0.0,
endurance,7,healthy,718.0,78.63925029300677,78.6227032738048,612.3832869425871,1518.236366092963,66.25872113085475,30.939908840264557,6.088967300323676,0.24535274968022205,13.030106463727646,19.871954238316214,0.7367421738556352,3000.0,-4.5,0.45,none,0.0,
endurance,7,healthy,719.0,78.63512277205145,79.14091286310178,613.0750751835451,1521.0122590822164,66.25558742163945,31.355088982736937,6.088967300323676,0.1923211489210621,12.923772371927203,20.12770808626304,0.736767391976792,3000.0,-4.5,0.45,none,0.0,
endurance,7,healthy,720.0,78.63109352540458,78.47647249793647,615.6457425077595,1520.861330490434,66.44185612376371,30.88506745260331,6.088967300323676,0.20730617548211383,12.9883564117003,20.418199641510252,0.7367920096664926,3000.0,-4.5,0.45,none,0.0,
endurance,7,healthy,721.0,78.62716021320169,79.25065630075213,613.5341848653073,1518.4095368654882,66.24486268353297,30.99416484813713,6.088967300323676,0.16448337357478912,12.923270799394048,19.92656916761689,0.7368160412207243,3000.0,-4.5,0.45,none,0.0,
endurance,7,healthy,722.0,78.62332055128935,79.13682480579944,612.1022880322946,1512.356792902873,66.18885382674057,30.733946839325395,6.088967300323676,0.20976567220293582,12.91046905315741,19.759755608729137,0.7368395005950932,3000.0,-4.5,0.45,none,0.0,
endurance,7,healthy,723.0,78.61957230989873,77.93974043019567,613.3087398002347,1516.5417535481463,66.96473964740605,30.701736606634846,6.088967300323676,0.20771398855503548,12.900212816329118,19.676818997295427,0.7368624014129295,3000.0,-4.5,0.45,none,0.0,
endurance,7,healthy,724.0,78.61591331235074,77.85492079569605,613.7071384420838,1516.9053877625595,67.2757333270327,31.595771139636632,6.088967300323676,0.16097399163163886,12.993392166241202,20.006071243454628,0.7368847569731984,3000.0,-4.5,0.45,none,0.0,
endurance,7,healthy,725.0,78.612341433792,78.44739350934655,612.2673217402668,1514.5578249432951,66.35938065593473,30.806433513457527,6.088967300323676,0.19527709204325117,12.943898330982266,19.929545030932246,0.7369065802582226,3000.0,-4.5,0.45,none,0.0,
endurance,7,healthy,726.0,78.60885459996084,78.75371177670293,615.024941439579,1532.6882994179334,66.19908038028478,30.69811188478511,6.088967300323676,0.11566388780381785,12.884682915962985,20.381228010293672,0.7369278839412226,3000.0,-4.5,0.45,none,0.0,
endurance,7,healthy,727.0,78.6054507859828,77.59497692296864,613.1460023058975,1518.9906385238314,67.05108442003329,30.322201989123926,6.088967300323676,0.25060146497483593,12.951527380592543,19.726654102485575,0.7369486803936749,3000.0,-4.5,0.45,none,0.0,
endurance,7,healthy,728.0,78.60212801519471,78.13496962293104,616.674734990332,1520.2162966363198,66.51368923227461,31.051942527554697,6.088967300323676,0.25665399748219175,12.983614142400995,20.055950951346414,0.7369689816924974,3000.0,-4.5,0.45,none,0.0,
endurance,7,healthy,729.0,78.59888435799682,78.1856271277873,615.3636589173004,1522.434082326089,66.36099555179858,30.91470107173257,6.088967300323676,0.17170707942282942,12.873579569591744,19.827598256190075,0.7369887996270621,3000.0,-4.5,0.45,none,0.0,
endurance,7,healthy,730.0,78.59571793073222,79.40523967001631,618.1637801082908,1517.6259547729344,67.47573621029329,31.766892868559673,6.088967300323676,0.21559830442392508,12.961745218831544,20.154470949658364,0.7370081457060421,3000.0,-4.5,0.45,none,0.0,
endurance,7,healthy,731.0,78.59262689459297,78.26922769542135,613.2017862191474,1517.656187486211,64.81827237738675,31.32877217297402,6.088967300323676,0.10679021982321882,12.948363900841324,19.9009958665625,0.737027031164094,3000.0,-4.5,0.45,none,0.0,
endurance,7,healthy,732.0,78.58960945455226,78.97355521529755,610.6255751248276,1514.6649101329301,66.37073876651,31.117333973835635,6.088967300323676,0.16602301115488705,12.903850222652288,19.878109484131212,0.7370454669683826,3000.0,-4.5,0.45,none,0.0,
endurance,7,healthy,733.0,78.58666385832205,78.80603865452377,615.4515305827515,1518.8777250988658,65.77526742548065,31.353688937367696,6.088967300323676,0.3305306340430049,12.884636066211373,20.06717428373618,0.73706346382495,3000.0,-4.5,0.45,none,0.0,
endurance,7,healthy,734.0,78.58378839533542,78.52737741250041,612.7171732231083,1518.112448716029,65.81738390005692,30.244301772762977,6.088967300323676,0.22232192173284773,12.870271234522514,20.152630777582935,0.7370810321849328,3000.0,-4.5,0.45,none,0.0,
endurance,7,healthy,735.0,78.58098139575323,78.6332361665038,611.7371272801158,1518.6995967421722,66.0133642469426,31.11406280901754,6.088967300323676,0.21826614847036305,12.893960242382251,19.925861321123637,0.7370981822506301,3000.0,-4.5,0.45,none,0.0,
endurance,7,healthy,736.0,78.57824122949442,78.86515033952071,615.7709631564572,1516.6616287151937,65.95498248883045,29.871117853270828,6.088967300323676,0.27478948148177285,12.948973023246552,19.889877395961637,0.7371149239814297,3000.0,-4.5,0.45,none,0.0,
endurance,7,healthy,737.0,78.5755663052894,77.42463307773912,613.9744064578551,1515.3363218803956,66.31363050558204,30.596663528535558,6.088967300323676,0.24171185108573262,12.988246086061778,19.70179310206367,0.7371312670995914,3000.0,-4.5,0.45,none,0.0,
endurance,7,healthy,738.0,78.57295506975592,78.36653824289326,611.9319294879327,1525.684339776862,66.18725975404712,31.088212011355,6.088967300323676,0.22629488654897512,12.913613084087155,20.101029863536624,0.737147221095892,3000.0,-4.5,0.45,none,0.0,
endurance,7,healthy,739.0,78.57040600649705,79.12529550388827,608.9242638284167,1508.6666986345324,65.80507187942277,29.80627132796037,6.088967300323676,0.06815340784792287,12.947431407735326,20.383752602116783,0.7371627952351378,3000.0,-4.5,0.45,none,0.0,
endurance,7,healthy,740.0,78.56791763522054,78.80805509092288,619.5129668632238,1516.0024912018953,65.93229839402264,31.07374390209646,6.088967300323676,0.2554364647309337,12.874400790300681,20.041280541731545,0.7371779985615446,3000.0,-4.5,0.45,none,0.0,
endurance,7,healthy,741.0,78.56548851087918,78.99420212048129,612.3583565673542,1527.1913571529299,67.12975530426424,31.895144033153027,6.088967300323676,0.22398086275492457,12.877185376434657,19.473927629896227,0.7371928399039893,3000.0,-4.5,0.45,none,0.0,
endurance,7,healthy,742.0,78.56311722283166,78.39543223183173,616.1199101315667,1516.7984736479152,66.11482535558292,30.536214565129708,6.088967300323676,0.2911856427384727,12.855162438375903,20.088840799244363,0.7372073278811375,3000.0,-4.5,0.45,none,0.0,
endurance,7,healthy,743.0,78.56080239402337,77.9312956676633,616.5901876865674,1525.5373332293138,66.30229789398489,31.084756844793414,6.088967300323676,0.12897825958304204,12.871732517152534,19.92562545334069,0.7372214709064491,3000.0,-4.5,0.45,none,0.0,
endurance,7,healthy,744.0,78.5585426801867,78.27960767923032,614.4007562300571,1523.773171909856,66.61880387762353,30.876071431222,6.088967300323676,0.2542207913964821,12.918673739991876,20.40861765448555,0.7372352771930626,3000.0,-4.5,0.45,none,0.0,
endurance,7,healthy,745.0,78.55633676906044,79.19767685260487,613.101047386304,1521.8156005277638,66.19186270515779,31.09635897637822,6.088967300323676,0.18233615245174162,12.9221836127793,19.797115803917322,0.7372487547585662,3000.0,-4.5,0.45,none,0.0,
endurance,7,healthy,746.0,78.55418337962764,78.70114517492115,614.9950991894941,1515.2169924618988,66.5208843706158,30.873396381842486,6.088967300323676,0.17972290465162877,13.010893508789994,20.136626562886978,0.7372619114296532,3000.0,-4.5,0.45,none,0.0,
endurance,7,healthy,747.0,78.55208126137182,78.56767467458693,610.6378636567691,1521.4741539176068,66.29217211930137,30.86450659321153,6.088967300323676,0.27228168925252183,12.887468095021095,20.096987660342993,0.7372747548466668,3000.0,-4.5,0.45,none,0.0,
endurance,7,healthy,748.0,78.55002919355067,78.06487666981269,615.4426104240157,1522.230647558682,66.06866525682769,31.1537744865982,6.088967300323676,0.18061763694672206,12.854914716466011,20.031261095879458,0.737287292468037,3000.0,-4.5,0.45,none,0.0,
endurance,7,healthy,749.0,78.54802598448717,78.34791420702172,618.1498380689073,1513.5184694628354,66.18046276954263,30.573301154994546,6.088967300323676,0.22541631677748128,12.833210787606452,19.590151316291937,0.7372995315746128,3000.0,-4.5,0.45,none,0.0,
endurance,7,healthy,750.0,78.54607047087755,78.29742582142269,612.5039402688443,1518.3287700054357,66.47319675525685,31.19748275598288,6.088967300323676,0.23657864119387548,12.915099942040296,20.078630083815156,0.7373114792738891,3000.0,-4.5,0.45,none,0.0,
endurance,7,healthy,751.0,78.54416151711578,78.79349333549008,613.0782467851941,1523.5859273008941,65.60018531465454,30.451782352232392,6.088967300323676,0.15886750098647942,12.871730048475554,19.91907266196505,0.7373231425041351,3000.0,-4.5,0.45,none,0.0,
endurance,7,healthy,752.0,78.54229801463406,78.70499052792353,611.7243964766305,1514.0904950032993,66.41588633896181,30.823999353588807,6.088967300323676,0.2232081638655548,12.889219469079988,19.825152442536044,0.7373345280384229,3000.0,-4.5,0.45,none,0.0,
endurance,7,healthy,753.0,78.54047888125903,78.4725829199263,614.8664789353949,1519.1306858293422,66.71524035652617,30.60277401048515,6.088967300323676,0.1993024190332453,12.89088660485352,19.94111207825002,0.7373456424885609,3000.0,-4.5,0.45,none,0.0,
endurance,7,healthy,754.0,78.53870306058343,78.8649045638176,615.072149951007,1524.0247453207173,66.61735353423293,31.36050167811146,6.088967300323676,0.17547138521514688,12.852376262772495,19.75413339465418,0.7373564923089337,3000.0,-4.5,0.45,none,0.0,
endurance,7,healthy,755.0,78.53696952135247,77.92107304042267,611.2021246611346,1524.0482111949882,66.57502523123038,30.238457909831336,6.088967300323676,0.17217046039203365,12.946603674258562,19.765497742156853,0.73736708380025,3000.0,-4.5,0.45,none,0.0,
endurance,7,healthy,756.0,78.53527725686511,78.52785136117984,610.229757389096,1524.516946253163,66.70504567614985,30.350307261733292,6.088967300323676,0.19088211629394788,12.923051479221177,20.034333981394322,0.7373774231132016,3000.0,-4.5,0.45,none,0.0,
endurance,7,healthy,757.0,78.53362528438936,78.31387984420773,616.9592741712543,1514.1199312378467,66.64829652794772,31.689598639873374,6.088967300323676,0.16343804191330824,12.936177630132999,20.085898803825643,0.7373875162520354,3000.0,-4.5,0.45,none,0.0,
endurance,7,healthy,758.0,78.5320126445916,78.60270116526627,616.9560815597225,1517.2220851676796,66.0020873260607,29.482734435025385,6.088967300323676,0.12043113797882998,12.959529288914203,19.875910348519284,0.7373973690780398,3000.0,-4.5,0.45,none,0.0,
endurance,7,healthy,759.0,78.5304384009795,78.94256344218243,618.5160387687107,1522.6926837789094,67.60896455205305,31.206666557807644,6.088967300323676,0.26448268079083165,12.913578378660475,20.110893481937808,0.7374069873129487,3000.0,-4.5,0.45,none,0.0,
endurance,7,healthy,760.0,78.52890163935817,78.98788911442892,611.6757737504774,1519.219269168591,65.62294430843056,31.00594114497961,6.088967300323676,0.1503532285334516,12.942268970102237,20.185009826207278,0.7374163765422648,3000.0,-4.5,0.45,none,0.0,
endurance,7,healthy,761.0,78.52740146729924,78.81569356359469,614.2435668762483,1523.3252936701863,66.25834878652407,30.067793492632315,6.088967300323676,0.2613291850645887,12.932936085257982,20.13779773559615,0.7374255422185018,3000.0,-4.5,0.45,none,0.0,
endurance,7,healthy,762.0,78.52593701362268,78.71369560917503,613.4184964847324,1520.764962984726,66.32020344073578,30.845866603280584,6.088967300323676,0.19467623736870737,12.964767329627804,20.10623471284503,0.7374344896643521,3000.0,-4.5,0.45,none,0.0,
endurance,7,healthy,763.0,78.5245074278908,78.64419692528304,609.1091357564302,1515.5160426236555,65.39755194608612,30.701085688920003,6.088967300323676,0.21827189459219593,12.949739678886576,19.919948230378758,0.7374432240757776,3000.0,-4.5,0.45,none,0.0,
endurance,7,healthy,764.0,78.52311187991442,78.03585751470222,611.7618718761537,1517.001758307253,66.96729882526584,30.90470744975533,6.088967300323676,0.2997179989776635,12.856344588383596,20.1562133781341,0.7374517505250262,3000.0,-4.5,0.45,none,0.0,
endurance,7,healthy,765.0,78.52174955927083,79.17001192503467,610.4723045100872,1517.1250503502943,66.20552980068814,30.6689456297231,6.088967300323676,0.18813753999152952,12.908535495820711,20.07766375766974,0.7374600739635784,3000.0,-4.5,0.45,none,0.0,
endurance,7,healthy,766.0,78.52041967483304,78.3409377155613,609.1073720692111,1523.2552745559947,65.92631823901262,32.50686358151319,6.088967300323676,0.2223426181592855,12.928121932370953,19.942089648989064,0.7374681992250223,3000.0,-4.5,0.45,none,0.0,
endurance,7,healthy,767.0,78.51912145431042,78.71428378882584,611.2674572185101,1522.4196146286597,66.55049200813552,31.078033278106222,6.088967300323676,0.22480095312845866,12.863302847046315,19.912835212405582,0.7374761310278601,3000.0,-4.5,0.45,none,0.0,
endurance,7,healthy,768.0,78.51785414380025,77.7559669245867,611.6521017434635,1522.594115610497,66.21692728727626,30.31304815905602,6.088967300323676,0.24335319875557437,12.889603251688172,19.766953317469454,0.7374838739782497,3000.0,-4.5,0.45,none,0.0,
endurance,7,healthy,769.0,78.51661700734985,78.20191202137775,612.6714362395044,1513.4897200133573,65.45208530495654,31.001495939241387,6.088967300323676,0.212036821756001,12.865185607606701,19.81394376492157,0.7374914325726776,3000.0,-4.5,0.45,none,0.0,
endurance,7,healthy,770.0,78.51540932652922,79.3537139723715,612.3071512266608,1519.0719576250021,66.83198762715017,30.977852971522793,6.088967300323676,0.19222238499206076,12.955739614257595,20.008617159476646,0.7374988112005714,3000.0,-4.5,0.45,none,0.0,
endurance,7,healthy,771.0,78.51423040001384,78.40809050590644,614.141585155444,1525.6205544213676,66.58165006998894,30.91211036098742,6.088967300323676,0.2181245595058198,12.864549263016444,20.12462706431744,0.7375060141468488,3000.0,-4.5,0.45,none,0.0,
endurance,7,healthy,772.0,78.5130795431774,78.29773290124946,610.5900711944778,1521.3501085701876,66.12973414145436,30.831872923442393,6.088967300323676,0.2908410358234777,12.999917125502737,19.641271036695997,0.7375130455944052,3000.0,-4.5,0.45,none,0.0,
endurance,7,healthy,773.0,78.5119560876942,78.19237153947608,610.049267635521,1526.1348634371755,65.70026307150873,30.56209173857722,6.088967300323676,0.30880521268408234,12.960839321567509,19.92457787463199,0.7375199096265437,3000.0,-4.5,0.45,none,0.0,
endurance,7,healthy,774.0,78.51085938115109,77.97379046117999,613.9979125254309,1524.2421289645808,65.80242526482199,30.55321487809325,6.088967300323676,0.27847135991989425,12.922685802727218,19.95879537438622,0.7375266102293454,3000.0,-4.5,0.45,none,0.0,
endurance,7,healthy,775.0,78.50978878666852,78.1099122037012,612.7057559987616,1515.1587729146786,65.16822826408774,31.397781769650045,6.088967300323676,0.2290008605522334,12.956175301927669,20.43244915840105,0.7375331512939853,3000.0,-4.5,0.45,none,0.0,
endurance,7,healthy,776.0,78.50874368253078,77.83351257537045,611.1255332778873,1515.8519102659982,65.74997907936434,31.275912625225587,6.088967300323676,0.15995003280682682,12.94231836324317,19.890732542527243,0.7375395366189909,3000.0,-4.5,0.45,none,0.0,
endurance,7,healthy,777.0,78.50772346182488,79.29357366750139,613.6739606600098,1512.8719840983138,65.7929175963823,31.214351798869593,6.088967300323676,0.16865987009899083,12.929044210808426,20.087594642404383,0.7375457699124488,3000.0,-4.5,0.45,none,0.0,
endurance,7,healthy,778.0,78.50672753208818,77.79136996317953,612.3021252685863,1519.207742643619,66.6352757001782,29.994174888882235,6.088967300323676,0.22826816918787807,13.008728982519795,19.721001144080628,0.7375518547941575,3000.0,-4.5,0.45,none,0.0,
endurance,7,healthy,779.0,78.50575531496425,78.7308469232091,617.9813191299559,1516.3272110607136,66.54920365562715,30.121580646165363,6.088967300323676,0.25021924022773206,12.839535994438824,19.950996752981435,0.7375577947977305,3000.0,-4.5,0.45,none,0.0,
endurance,7,healthy,780.0,78.50480624586709,77.95669640290909,608.0055380719367,1527.8054795305948,65.99207251662693,29.88057807257874,6.088967300323676,0.16394411803626285,12.994883456959585,19.74206360134065,0.7375635933726468,3000.0,-4.5,0.45,none,0.0,
endurance,7,healthy,781.0,78.50387977365318,77.86281387553815,612.3555744195471,1509.8419421708336,65.49033649176603,31.028040719430432,6.088967300323676,0.2419317454845127,12.950395861868717,20.0801278766881,0.7375692538862557,3000.0,-4.5,0.45,none,0.0,
endurance,7,healthy,782.0,78.50297536030152,78.31173217759341,617.4212870074861,1516.2167169607756,65.50908741844746,30.17036281430026,6.088967300323676,0.15774741887255012,12.832597672520981,19.813103379488556,0.737574779625731,3000.0,-4.5,0.45,none,0.0,
endurance,7,healthy,783.0,78.50209248060109,78.21143914667057,606.6676496181586,1524.19259066908,65.83449550686939,30.36418954422859,6.088967300323676,0.17151238324549173,12.90721320741895,20.379376429080306,0.7375801737999808,3000.0,-4.5,0.45,none,0.0,
endurance,7,healthy,784.0,78.5012306218459,78.32648363504026,612.9906357784048,1514.033340803205,65.69275584131131,30.432435550017246,6.088967300323676,0.17687122526249577,12.925598466735522,20.085128589778872,0.7375854395415103,3000.0,-4.5,0.45,none,0.0,
endurance,7,healthy,785.0,78.50038928353727,79.0476689086851,617.4995044769109,1524.7848082221647,66.63284402622779,31.5557071810932,6.088967300323676,0.22982322090613289,12.860569010381978,20.232432044395146,0.7375905799082414,3000.0,-4.5,0.45,none,0.0,
endurance,7,healthy,786.0,78.49956797709314,78.69547905359116,612.415262715885,1517.6632031130378,66.18835559651372,30.339767697725836,6.088967300323676,0.3076096350909362,12.905166411519742,20.05866030105569,0.7375955978852885,3000.0,-4.5,0.45,none,0.0,
endurance,7,healthy,787.0,78.49876622556434,78.09716857275319,612.2197580648588,1519.3972180369774,66.64750581148067,30.70897094787565,6.088967300323676,0.2137232126669561,12.823379456935472,20.167534603340652,0.7376004963866916,3000.0,-4.5,0.45,none,0.0,
endurance,7,healthy,788.0,78.49798356335765,78.06841744252596,609.1055010579304,1519.4513002837336,66.00207180388202,30.813445438514748,6.088967300323676,0.2213503201138005,13.032698756700595,19.99205493710589,0.7376052782571089,3000.0,-4.5,0.45,none,0.0,
endurance,7,healthy,789.0,78.4972195359654,78.16025866665737,610.1395440868814,1518.219928560004,65.87425858907079,30.383664643964334,6.088967300323676,0.18287065837702274,12.92396612476151,19.86047778013014,0.7376099462734688,3000.0,-4.5,0.45,none,0.0,
endurance,7,healthy,790.0,78.49647369970154,78.3135304772176,613.7556558950828,1514.8412080876212,66.26690170842951,29.981194856637224,6.088967300323676,0.19685675977091485,12.984241554045695,20.12260343157976,0.7376145031465818,3000.0,-4.5,0.45,none,0.0,
endurance,7,healthy,791.0,78.49574562144396,78.10420298318918,613.2420785769046,1522.0486046539263,66.47064199790691,30.70279359058938,6.088967300323676,0.28002415593320124,12.902531209827922,20.140973235438423,0.7376189515227161,3000.0,-4.5,0.45,none,0.0,
endurance,7,healthy,792.0,78.495034878383,78.53115893635884,611.3242555604365,1529.2411755905352,66.39870769040566,30.345116286897106,6.088967300323676,0.24139102137315877,12.951749346834712,19.86017060514474,0.7376232939851328,3000.0,-4.5,0.45,none,0.0,
endurance,7,healthy,793.0,78.49434105777586,79.69764174331202,613.0028945854654,1521.0862759466588,67.72619254707075,30.705110369728995,6.088967300323676,0.14291931907092792,12.892674832566668,20.03339609129869,0.7376275330555873,3000.0,-4.5,0.45,none,0.0,
endurance,7,healthy,794.0,78.493663756707,78.07076333132781,606.9697303381065,1522.1209314723365,66.11418343207455,30.46216818907383,6.088967300323676,0.15688021288888715,12.927069057857889,20.150049636933026,0.7376316711957926,3000.0,-4.5,0.45,none,0.0,
endurance,7,healthy,795.0,78.49300258185406,78.00706470337694,611.5455246586389,1512.2897576261314,65.96312174263201,31.25376633261528,6.088967300323676,0.24075326305900002,12.91206989940662,19.744801044227962,0.7376357108088505,3000.0,-4.5,0.45,none,0.0,
endurance,7,healthy,796.0,78.49235714925952,78.66963346468071,607.8202035413448,1523.0003030518624,66.51922425758384,30.8109474435045,6.088967300323676,0.21074364404470625,12.967544837405008,20.028331827968888,0.7376396542406449,3000.0,-4.5,0.45,none,0.0,
endurance,7,healthy,797.0,78.49172708410771,78.25549983531405,612.1156963104447,1516.2199679218268,66.77665920544682,30.28925563497558,6.088967300323676,0.21573390022432595,12.89721079961461,19.69404286775846,0.7376435037812061,3000.0,-4.5,0.45,none,0.0,
endurance,7,healthy,798.0,78.49111202050713,78.67790476705285,611.7610637061289,1525.708875970657,66.14798198046684,30.992286633508282,6.088967300323676,0.1498498280494655,12.911562203842916,20.1070397595192,0.7376472616660399,3000.0,-4.5,0.45,none,0.0,
endurance,7,healthy,799.0,78.490511601278,77.87881627118655,609.4183415079038,1515.665620764978,66.00558943646877,30.72159837166528,6.088967300323676,0.25024494474916986,12.928578370028518,20.446434371158155,0.737650930077425,3000.0,-4.5,0.45,none,0.0,
endurance,7,healthy,800.0,78.48992547774479,78.21510642923624,611.4822748025277,1521.7680051973107,66.30883065065755,31.331674931256348,6.088967300323676,0.21001505822547326,12.949072655463937,20.00508148412979,0.737654511145682,3000.0,-4.5,0.45,none,0.0,
endurance,7,healthy,801.0,78.48935330953381,78.67276813257367,613.830251050734,1527.429171944207,65.92625241125715,31.005941908297096,6.088967300323676,0.19739997645691754,12.865772946844057,19.85487259918592,0.7376580069504091,3000.0,-4.5,0.45,none,0.0,
endurance,7,healthy,802.0,78.48879476437547,78.32725849335074,611.0146689622983,1524.826299219204,66.12369361257676,30.832784351668824,6.088967300323676,0.23813517691388575,12.865663117837524,20.05400502254722,0.7376614195216903,3000.0,-4.5,0.45,none,0.0,
endurance,7,healthy,803.0,78.48824951791137,77.8796430118933,616.1661833260596,1525.7902343372364,66.58287711333121,30.32650471023816,6.088967300323676,0.18478442665086847,12.952943384672972,19.813012418181334,0.7376647508412744,3000.0,-4.5,0.45,none,0.0,
endurance,7,healthy,804.0,78.48771725350595,78.27147255325357,616.2809370987534,1511.942930752901,65.97692675267922,30.097381762221445,6.088967300323676,0.13789880812713717,12.876390103058794,20.030189430034106,0.7376680028437254,3000.0,-4.5,0.45,none,0.0,
endurance,7,healthy,805.0,78.48719766206256,78.74855547570385,614.6561945510035,1519.6233682353359,64.71491708229422,29.586180290742654,6.088967300323676,0.22780156405915317,12.996970958085404,20.083724856167063,0.7376711774175466,3000.0,-4.5,0.45,none,0.0,
endurance,7,healthy,806.0,78.486690441844,78.63431633683652,613.9356339406149,1522.7436588272346,65.92148219151153,31.558433043546383,6.088967300323676,0.18685767675344886,12.988491750996111,20.15832682635091,0.7376742764062769,3000.0,-4.5,0.45,none,0.0,
endurance,7,healthy,807.0,78.48619529829732,78.64263890640999,616.3349414541341,1530.0138087854057,66.1957600913504,30.7141587281778,6.088967300323676,0.13166375649542958,13.00972275951326,20.02489219384421,0.7376773016095612,3000.0,-4.5,0.45,none,0.0,
endurance,7,healthy,808.0,78.4857119438827,78.03710069269796,607.8696671795103,1513.0590041141274,65.56819172348126,30.66571705879968,6.088967300323676,0.21337670215485052,13.001430518523605,19.84838298051977,0.7376802547841959,3000.0,-4.5,0.45,none,0.0,
endurance,7,healthy,809.0,78.48524009790653,78.8948530087889,610.618560751689,1523.3507433537025,65.96402146075802,30.11141805062728,6.088967300323676,0.1305786343712655,12.940723384768466,20.25129820073317,0.7376831376451489,3000.0,-4.5,0.45,none,0.0,
endurance,7,healthy,810.0,78.48477948635836,77.59806492114403,606.9152667967116,1525.0473657733462,65.74581662372266,31.742007861729856,6.088967300323676,0.2184860109639613,12.903382550020222,20.11515140521004,0.7376859518665553,3000.0,-4.5,0.45,none,0.0,
endurance,7,healthy,811.0,78.48432984175182,77.63996453928209,612.0744033667934,1526.0404863871559,65.4619599604491,30.860250654112573,6.088967300323676,0.2158954211493739,12.965391994213993,20.197938905523472,0.7376886990826901,3000.0,-4.5,0.45,none,0.0,
endurance,7,healthy,812.0,78.48389090296924,77.77379944008797,611.7941780650862,1519.770648599539,66.19905945139953,30.432129496866974,6.088967300323676,0.15244423332728402,12.984277569940776,19.919063823225784,0.737691380888917,3000.0,-4.5,0.45,none,0.0,
endurance,7,healthy,813.0,78.48346241511005,78.58012251195211,613.2318068240413,1519.2200374219499,66.80062839956433,30.145958330545408,6.088967300323676,0.21231180303619,12.900717083494373,19.850265257477535,0.7376939988426146,3000.0,-4.5,0.45,none,0.0,
endurance,7,healthy,814.0,78.48304412934276,78.79906557399376,614.3846302485326,1519.4247931679104,65.60748259546463,30.203749876405148,6.088967300323676,0.20057096360624277,12.897299352164893,20.02661385858982,0.7376965544640813,3000.0,-4.5,0.45,none,0.0,
endurance,7,healthy,815.0,78.4826358027604,77.62799811119315,614.6592222837041,1514.1814071095878,66.99081381812465,32.01388761850593,6.088967300323676,0.23886517733733068,12.905088861131762,19.89454744129381,0.7376990492374179,3000.0,-4.5,0.45,none,0.0,
endurance,7,healthy,816.0,78.48223719823952,78.28241238734327,615.8496633305144,1519.556987153775,65.41979120972599,31.039337433786038,6.088967300323676,0.17545561451165018,12.88925879465318,19.807280302364294,0.7377014846113894,3000.0,-4.5,0.45,none,0.0,
endurance,7,healthy,817.0,78.48184808430247,78.25716263681393,615.0417895193837,1516.5806990426827,66.87649376244086,30.256106417593696,6.088967300323676,0.27061603669700846,12.920872509229032,19.84564722892421,0.7377038620002663,3000.0,-4.5,0.45,none,0.0,
endurance,7,healthy,818.0,78.48146823498297,79.21938066411026,611.990759812912,1523.2656906597272,65.76295569334478,30.144854210313195,6.088967300323676,0.2011106591445365,12.86725801482361,20.117426056218175,0.7377061827846461,3000.0,-4.5,0.45,none,0.0,
endurance,7,healthy,819.0,78.48109742969488,77.26615580473764,612.5950359272764,1522.3118111760255,66.03331762992514,30.71116997937781,6.088967300323676,0.16087129573751913,12.907013178375998,19.6848416059881,0.7377084483122549,3000.0,-4.5,0.45,none,0.0,
endurance,7,healthy,820.0,78.48073545310413,78.16275219437017,616.3557575395813,1519.042587646457,65.03872835812057,30.42095897232229,6.088967300323676,0.17300851068109896,12.943762697923546,19.72077664639785,0.7377106598987304,3000.0,-4.5,0.45,none,0.0,
endurance,7,healthy,821.0,78.48038209500363,78.18322070133502,610.0453288709316,1517.9655429482082,65.95181561910366,30.559893118492944,6.088967300323676,0.22192636630158405,12.940600424897266,20.26323771397284,0.7377128188283848,3000.0,-4.5,0.45,none,0.0,
endurance,7,healthy,822.0,78.48003715019125,78.37066507627435,612.9273764456929,1520.6208807340881,65.76771521399479,29.8973508902225,6.088967300323676,0.3080203048170447,12.89989451384504,20.356747389722244,0.7377149263549523,3000.0,-4.5,0.45,none,0.0,
endurance,7,healthy,823.0,78.47970041835059,78.23442296504514,609.8226417513794,1516.3692034522333,65.49987179886124,30.07820358981679,6.088967300323676,0.23964169228308302,12.865773132154251,20.155777292493326,0.7377169837023159,3000.0,-4.5,0.45,none,0.0,
endurance,7,healthy,824.0,78.4793717039347,78.78122455647343,611.3781036460996,1511.587740231169,65.9025044667765,31.208135819495716,6.088967300323676,0.1489471896659159,12.902077479108646,20.23850441176344,0.7377189920652183,3000.0,-4.5,0.45,none,0.0,
endurance,7,healthy,825.0,78.47905081605253,78.20605721771844,616.849169597959,1515.82602521899,66.3923309642345,30.942511766673775,6.088967300323676,0.16764434964792765,12.904829907563931,19.711530190012873,0.7377209526099563,3000.0,-4.5,0.45,none,0.0,
endurance,7,healthy,826.0,78.47873756835803,77.5582854120475,613.495241622113,1522.5656903590632,66.6167894335191,31.48506619561449,6.088967300323676,0.21046204630695944,12.985994338093578,20.1384181365839,0.7377228664750579,3000.0,-4.5,0.45,none,0.0,
endurance,7,healthy,827.0,78.47843177894197,78.99671891264606,609.1981666527992,1517.783686006589,65.34176432800076,30.435038188866336,6.088967300323676,0.13520347270525507,12.81486483433292,19.752112608596924,0.7377247347719426,3000.0,-4.5,0.45,none,0.0,
endurance,7,healthy,828.0,78.47813327022628,77.67217110782276,611.9838059827724,1523.1304682989676,64.59940046839968,30.26669232038138,6.088967300323676,0.19044173352468885,12.912214121152592,20.051476011844496,0.7377265585855683,3000.0,-4.5,0.45,none,0.0,
endurance,7,healthy,829.0,78.47784186886098,78.59722863923982,614.9011025835924,1518.1259423903505,66.11527385429794,29.987747889488162,6.088967300323676,0.18505226894383248,12.945236248722365,20.105071054154703,0.73772833897506,3000.0,-4.5,0.45,none,0.0,
endurance,7,healthy,830.0,78.47755740562341,78.56412196625331,611.7433030715638,1519.2053127930917,66.71335043201267,30.541979051500956,6.088967300323676,0.15027780085632314,12.992726415332196,19.760519805554573,0.7377300769743256,3000.0,-4.5,0.45,none,0.0,
endurance,7,healthy,831.0,78.47727971532008,78.79237016480478,608.6002672212434,1523.6916766322806,65.94709657860284,29.983283663067002,6.088967300323676,0.21298013838726246,12.964877709111743,20.049474253775067,0.7377317735926565,3000.0,-4.5,0.45,none,0.0,
endurance,7,healthy,832.0,78.47700863669064,78.17431066291167,610.0573111769313,1524.6449475993395,66.51656391686488,31.01480655673423,6.088967300323676,0.10244827285475783,12.931241323281608,20.304731544347767,0.7377334298153126,3000.0,-4.5,0.45,none,0.0,
endurance,7,healthy,833.0,78.47674401231427,78.22489604404714,613.0732513276139,1520.20935669566,66.0994348056291,29.282016285110526,6.088967300323676,0.22463159097569757,13.010128271787407,19.826297517127045,0.7377350466040962,3000.0,-4.5,0.45,none,0.0,
endurance,7,healthy,834.0,78.4764856885183,77.90401721473226,613.1155090293502,1527.2534950420322,67.04925523453707,31.06468641143597,6.088967300323676,0.17240031175333867,12.965551139444232,20.23802542572722,0.7377366248979086,3000.0,-4.5,0.45,none,0.0,
endurance,7,healthy,835.0,78.4762335152889,78.63813787907348,616.9437047170085,1506.6780629886193,65.92124061734785,30.32644478482787,6.088967300323676,0.17817691078463307,12.871661278795663,20.29338891386152,0.737738165613297,3000.0,-4.5,0.45,none,0.0,
endurance,7,healthy,836.0,78.475987346184,79.38696596260687,611.6248095082559,1516.8456126057029,65.84345895083655,30.87596806189711,6.088967300323676,0.2149625600432132,12.941480325515846,19.818186823713244,0.7377396696449856,3000.0,-4.5,0.45,none,0.0,
endurance,7,healthy,837.0,78.47574703824827,78.03710127764373,612.7487668805372,1514.798834906044,66.34965875904383,30.00792602571299,6.088967300323676,0.21094224681942902,12.767927962514234,19.921227898925846,0.7377411378663958,3000.0,-4.5,0.45,none,0.0,
endurance,7,healthy,838.0,78.47551245193006,78.7715561029904,611.8500280061668,1518.1704974324452,65.85654551081043,29.934091909968082,6.088967300323676,0.20744829510105958,12.966233173840923,19.964196881242334,0.7377425711301536,3000.0,-4.5,0.45,none,0.0,
endurance,7,healthy,839.0,78.47528345100038,79.38539692225825,618.5749088981473,1520.5878396954004,65.70024576657003,30.474158131606735,6.088967300323676,0.2499519360442372,12.997084041245635,20.085874080215206,0.7377439702685837,3000.0,-4.5,0.45,none,0.0,
endurance,7,healthy,840.0,78.47505990247379,78.51903954793737,615.6051922137985,1522.6391900090337,66.38246130816157,30.718663440981086,6.088967300323676,0.22866874749256547,12.974433516904366,19.92472774020826,0.7377453360941941,3000.0,-4.5,0.45,none,0.0,
endurance,7,healthy,841.0,78.47484167653116,79.98358433360326,613.5542794707281,1515.2288423112407,65.41308205903074,30.142914885652065,6.088967300323676,0.21979915971138234,12.970124674297715,19.883749014942616,0.7377466694001471,3000.0,-4.5,0.45,none,0.0,
endurance,7,healthy,842.0,78.4746286464443,77.95196044734169,611.8945351358851,1516.6434215857341,66.1166370406301,30.01391415123856,6.088967300323676,0.19247842288076786,12.978228313435176,19.930381193060825,0.7377479709607202,3000.0,-4.5,0.45,none,0.0,
endurance,7,healthy,843.0,78.47442068850238,78.39137103213423,610.3859089158002,1519.0474420058833,66.31259068342969,29.715137275340606,6.088967300323676,0.2483574656289203,12.926675418648104,19.971206022294382,0.7377492415317559,3000.0,-4.5,0.45,none,0.0,
endurance,7,healthy,844.0,78.47421768194002,77.85278118307004,609.8507042777642,1514.5422273436814,66.23668417386314,30.083355526641814,6.088967300323676,0.156396943600039,12.944194651777801,20.30318881554374,0.7377504818511003,3000.0,-4.5,0.45,none,0.0,
endurance,7,healthy,845.0,78.47401950886724,78.9788192580381,617.2458015416652,1512.2422734968204,66.4152022479405,30.974363190104537,6.088967300323676,0.25619440790011433,12.90784867743735,20.082098098283588,0.7377516926390317,3000.0,-4.5,0.45,none,0.0,
endurance,7,healthy,846.0,78.47382605420096,78.50298309890901,611.9111090850074,1516.3645190955972,66.16166684824391,30.44698119451252,6.088967300323676,0.21290234301898525,12.899306951755008,20.039764475473877,0.737752874598679,3000.0,-4.5,0.45,none,0.0,
endurance,7,healthy,847.0,78.47363720559815,78.37095851979771,616.0753889667488,1517.4360276894836,65.16981614478104,31.690791917528138,6.088967300323676,0.2611546256685018,12.869644780378993,19.910364107087144,0.73775402841643,3000.0,-4.5,0.45,none,0.0,
endurance,7,healthy,848.0,78.47345285339065,79.3612892899843,609.2338640325846,1523.227991975951,66.6083042171813,31.78684690711855,6.088967300323676,0.1966622150802136,12.94509498598113,20.010887063904406,0.7377551547623298,3000.0,-4.5,0.45,none,0.0,
endurance,7,healthy,849.0,78.47327289052143,77.93009797298106,616.5585519784771,1513.5551671089947,66.08526191379433,31.438554756319906,6.088967300323676,0.15357259897783215,12.943478540053125,19.80541768795777,0.7377562542904699,3000.0,-4.5,0.45,none,0.0,
endurance,7,healthy,850.0,78.47309721248243,78.889224946442,610.7437994879889,1528.7341674676186,66.49006180401655,30.62530381867603,6.088967300323676,0.14709494565402742,13.020029995012736,20.31803066072828,0.7377573276393687,3000.0,-4.5,0.45,none,0.0,
endurance,7,healthy,851.0,78.47292571725389,77.62916026336131,615.6815979509565,1520.796857176789,65.92891403797464,30.38728989694084,6.088967300323676,0.2298060798541095,12.941738111330423,19.915068562837966,0.7377583754323414,3000.0,-4.5,0.45,none,0.0,
endurance,7,healthy,852.0,78.47275830524507,78.39406986199617,609.9248749540625,1518.9223352943845,66.25469943686542,31.1822635537357,6.088967300323676,0.23619846171270964,12.876681783826596,20.191807056714822,0.7377593982778623,3000.0,-4.5,0.45,none,0.0,
endurance,7,healthy,853.0,78.47259487923645,78.63045218132433,610.0642376665146,1516.9961386098196,67.04821516212108,29.399445190499005,6.088967300323676,0.26449331587933406,12.860452241111778,20.166843804129737,0.7377603967699184,3000.0,-4.5,0.45,none,0.0,
endurance,7,healthy,854.0,78.47243534432329,78.67412881329516,613.2071314438117,1521.686347783064,66.83744507886634,30.272145294116974,6.088967300323676,0.20177268854124789,12.89207141746206,19.95265779898051,0.7377613714883541,3000.0,-4.5,0.45,none,0.0,
endurance,7,healthy,855.0,78.47227960786043,79.22331827506154,606.796239357494,1520.9953235934124,65.96663019599775,30.017195087174766,6.088967300323676,0.19030160214024378,12.900408650410471,20.00080872409675,0.7377623229992081,3000.0,-4.5,0.45,none,0.0,
endurance,7,healthy,856.0,78.47212757940859,78.81647333111711,617.3415158220048,1520.4887183801802,66.59941161396289,30.82427091110611,6.088967300323676,0.23525879570826208,12.96350706961615,19.854439034851882,0.7377632518550417,3000.0,-4.5,0.45,none,0.0,
endurance,7,healthy,857.0,78.4719791706818,79.4132983898888,615.4547354402257,1515.2312745612937,66.82881499118963,31.283494217836104,6.088967300323676,0.25571399804668155,12.983588821879785,20.10127042282984,0.7377641585952601,3000.0,-4.5,0.45,none,0.0,
endurance,7,healthy,858.0,78.47183429549612,78.11199873363428,615.655690439601,1520.34079059392,65.91694373683994,30.40923963526784,6.088967300323676,0.17611074412697142,12.902415599410487,20.282026571185078,0.7377650437464258,3000.0,-4.5,0.45,none,0.0,
endurance,7,healthy,859.0,78.47169286971963,78.38205638957427,614.1977653534431,1524.731854990469,65.50535626902968,30.801880510894968,6.088967300323676,0.16804019214699856,12.89002082245475,19.995053549767178,0.7377659078225638,3000.0,-4.5,0.45,none,0.0,
endurance,7,healthy,860.0,78.47155481122353,79.25787651021447,612.3004464672673,1518.455354485712,66.96938016901906,30.848434410137102,6.088967300323676,0.2966893261362151,12.916482399405183,20.3258042186798,0.7377667513254603,3000.0,-4.5,0.45,none,0.0,
endurance,7,healthy,861.0,78.47142003983447,77.04003135545791,615.2958853324676,1514.9079834811803,66.60399381730856,30.439654273385074,6.088967300323676,0.2653098310166301,12.98050127430729,19.91314247036367,0.7377675747449547,3000.0,-4.5,0.45,none,0.0,
endurance,7,healthy,862.0,78.47128847728801,79.04463093362713,613.3256748456223,1511.5156474655212,66.6716834682112,31.817147341212277,6.088967300323676,0.1842692878982479,12.84461249820636,20.310534603753705,0.7377683785592228,3000.0,-4.5,0.45,none,0.0,
endurance,7,healthy,863.0,78.47116004718315,78.45437217202628,608.3617343442286,1515.9387110479365,66.71221959737758,30.00945879549011,6.088967300323676,0.21412965631207426,12.880692892910197,20.099678080070557,0.737769163235056,3000.0,-4.5,0.45,none,0.0,
endurance,7,healthy,864.0,78.47103467493791,78.77086097022259,609.5598796059556,1509.3668786572684,66.37498415609933,29.747782317102978,6.088967300323676,0.18834937080958303,12.959410605686552,19.647523779017117,0.7377699292281313,3000.0,-4.5,0.45,none,0.0,
endurance,7,healthy,865.0,78.47091228774613,78.93716228086645,613.0252264567083,1523.3697118741802,66.78053430961386,30.05420689522012,6.088967300323676,0.2825362464333299,12.948278307913297,19.97316603094695,0.7377706769832764,3000.0,-4.5,0.45,none,0.0,
endurance,7,healthy,866.0,78.47079281453512,78.32629249008801,611.4934180230014,1522.0032604361725,65.9082403201003,30.78722808891057,6.088967300323676,0.2363094232376646,12.923212124000134,20.03571009120397,0.7377714069347274,3000.0,-4.5,0.45,none,0.0,
endurance,7,healthy,867.0,78.47067618592436,78.44836040670081,614.6945252275224,1519.0068797663982,66.04467796826567,30.436383638464083,6.088967300323676,0.21481143020639984,12.90338718356081,20.103025352929176,0.737772119506382,3000.0,-4.5,0.45,none,0.0,
endurance,7,healthy,868.0,78.47056233418529,78.26740467811779,610.4088714018775,1516.9201214433701,66.79401798464194,31.051923454735732,6.088967300323676,0.1692713476965768,12.83550856361727,19.900147729042132,0.7377728151120447,3000.0,-4.5,0.45,none,0.0,
endurance,7,healthy,869.0,78.47045119320191,77.8733884824262,613.4032557851402,1521.4178332234408,66.54003028377173,30.293702034888295,6.088967300323676,0.22435678687460858,12.940238934290162,20.092379707113782,0.737773494155668,3000.0,-4.5,0.45,none,0.0,
endurance,7,healthy,870.0,78.47034269843242,78.77571583758026,612.8503175768069,1518.0468954105934,66.32714158148465,30.973305709111077,6.088967300323676,0.18085003334611,12.962085727051253,20.047216036563512,0.7377741570315859,3000.0,-4.5,0.45,none,0.0,
endurance,7,healthy,871.0,78.47023678687172,77.80774017984731,609.9821481416253,1517.8904798882045,66.21239798317059,29.435443797800144,6.088967300323676,0.10101959258973447,13.041123892671546,19.86939961690625,0.7377748041247438,3000.0,-4.5,0.45,none,0.0,
endurance,7,healthy,872.0,78.47013339701486,79.07097724553603,603.6656786021264,1522.0672638913777,66.23086677835813,30.374806541406922,6.088967300323676,0.2185398895112536,12.850045148649635,20.132703744762615,0.7377754358109216,3000.0,-4.5,0.45,none,0.0,
endurance,7,healthy,873.0,78.47003246882126,78.61616578581041,609.197313091937,1526.2428416000541,66.76979019919978,31.260866328043903,6.088967300323676,0.21882792948766133,12.946591479039224,20.362349614279676,0.7377760524569525,3000.0,-4.5,0.45,none,0.0,
endurance,7,healthy,874.0,78.46993394367988,78.16307135604498,617.1466342252369,1517.6841674860239,66.78860498038222,30.284717990328396,6.088967300323676,0.1767778118629787,13.017863383874474,19.985915916018605,0.7377766544209352,3000.0,-4.5,0.45,none,0.0,
endurance,7,healthy,875.0,78.4698377643752,79.280790698021,611.6211314177403,1522.9209213635067,65.77545842211305,30.252907947355578,6.088967300323676,0.17268370500275088,12.936591654157805,19.85066121847423,0.737777242052442,3000.0,-4.5,0.45,none,0.0,
endurance,7,healthy,876.0,78.46974387505396,78.48725592903912,615.6362203545574,1523.9647156244107,66.0132876119516,30.623886111835123,6.088967300323676,0.2235970209049754,12.929132305488041,20.04592619602864,0.7377778156927224,3000.0,-4.5,0.45,none,0.0,
endurance,7,healthy,877.0,78.46965222119276,78.32162616807673,613.1332608328322,1521.9284760899438,65.70844802810674,30.066032565148614,6.088967300323676,0.18144700410608544,12.946817146557041,19.93850343603349,0.7377783756749008,3000.0,-4.5,0.45,none,0.0,
endurance,7,healthy,878.0,78.46956274956635,78.08252373022614,614.421257332867,1509.6731156425144,66.2223441753418,30.222513121070776,6.088967300323676,0.20210017370787992,12.889321403981715,19.919148866070678,0.7377789223241703,3000.0,-4.5,0.45,none,0.0,
endurance,7,healthy,879.0,78.46947540821675,78.83314897295885,617.5490526604748,1523.302781080206,66.67469919090534,30.8178371713121,6.088967300323676,0.27913086245174545,12.773780103689532,20.222918862114717,0.737779455957981,3000.0,-4.5,0.45,none,0.0,
endurance,7,healthy,880.0,78.4693901464231,78.90993958533365,613.6680049882812,1527.478429311035,66.29803950077597,30.462787541981722,6.088967300323676,0.19244703494312623,12.916401192088358,19.82256309596852,0.7377799768862248,3000.0,-4.5,0.45,none,0.0,
endurance,7,healthy,881.0,78.46930691467215,78.26535187394506,611.5809918010107,1513.8291193379607,66.27301869346702,30.033070022432767,6.088967300323676,0.2140640741414454,12.82115922412396,19.997167576052192,0.7377804854114152,3000.0,-4.5,0.45,none,0.0,
endurance,7,healthy,882.0,78.46922566462956,78.63909085557863,615.4516371264483,1518.7875333312618,65.93631712238097,30.845924820413575,6.088967300323676,0.23920116869594985,12.905241924995453,19.690936874765598,0.7377809818288628,3000.0,-4.5,0.45,none,0.0,
endurance,7,healthy,883.0,78.4691463491118,79.21580307112423,614.1219988404956,1521.4179520153527,65.73924254050793,30.415444640978365,6.088967300323676,0.20336109989804957,13.055627750477747,20.246232868367763,0.7377814664268475,3000.0,-4.5,0.45,none,0.0,
endurance,7,healthy,884.0,78.46906892205874,79.05190724387124,613.2076926080672,1524.1086615083582,66.27751542260376,30.24023750206197,6.088967300323676,0.19966978851547337,12.896164326538269,19.83558074818743,0.7377819394867849,3000.0,-4.5,0.45,none,0.0,
endurance,7,healthy,885.0,78.46899333850695,79.05316261331367,612.2313799995009,1529.1922379925038,66.8283854819318,29.67233528912377,6.088967300323676,0.11295090971694746,12.969252826273875,20.1124535600989,0.7377824012833905,3000.0,-4.5,0.45,none,0.0,
endurance,7,healthy,886.0,78.46891955456353,78.38607621770176,611.9449429400923,1526.8370365697676,66.5037164357087,30.85356332594239,6.088967300323676,0.21201519319153117,12.852399585524676,19.97241596119964,0.7377828520848388,3000.0,-4.5,0.45,none,0.0,
endurance,7,healthy,887.0,78.46884752738066,78.75009415688348,610.6784399077993,1518.5577240403738,66.17938859507404,29.849002738290633,6.088967300323676,0.10830336182541409,12.986291241633493,19.86506043820387,0.7377832921529193,3000.0,-4.5,0.45,none,0.0,
endurance,7,healthy,888.0,78.46877721513073,78.7698989633341,606.5473700139488,1515.467405211478,65.9537521576348,30.899320905942936,6.088967300323676,0.20016735689317014,12.947809725804769,19.45002012868523,0.7377837217431884,3000.0,-4.5,0.45,none,0.0,
endurance,7,healthy,889.0,78.46870857698198,79.00652396990967,613.6619237377738,1518.829250139018,66.08804919769726,31.309892261314157,6.088967300323676,0.1594553466807549,12.891302136504354,20.04927900641481,0.7377841411051176,3000.0,-4.5,0.45,none,0.0,
endurance,7,healthy,890.0,78.46864157307488,77.61421584369104,615.7405932568929,1525.1180336919836,66.34489720345321,29.587420297285774,6.088967300323676,0.16426990765123436,12.937865180155452,20.253749830756284,0.7377845504822391,3000.0,-4.5,0.45,none,0.0,
endurance,7,healthy,891.0,78.46857616449888,78.34373326322356,614.9612497498084,1516.6287433380753,66.06493568388386,30.2945552506011,6.088967300323676,0.12910043483340933,12.934372079465229,19.75212017325501,0.7377849501122862,3000.0,-4.5,0.45,none,0.0,
endurance,7,healthy,892.0,78.46851231326994,78.06857920163546,608.9141804894797,1516.8939327491794,65.77387257008601,30.802379041119114,6.088967300323676,0.17169391934110306,12.909222763189776,20.147711543681762,0.7377853402273322,3000.0,-4.5,0.45,none,0.0,
endurance,7,healthy,893.0,78.46844998230836,78.55355319024873,614.0142311741143,1524.613083984274,65.75709069060912,30.83339260512887,6.088967300323676,0.20319067814313171,12.950122220136127,19.983459122610345,0.7377857210539248,3000.0,-4.5,0.45,none,0.0,
endurance,7,healthy,894.0,78.46838913541728,78.57055535092091,612.9083860491046,1522.7287162206655,66.95485019392005,30.03005700608795,6.088967300323676,0.29647064080863883,12.91507205674515,19.905478330112363,0.7377860928132175,3000.0,-4.5,0.45,none,0.0,
endurance,7,healthy,895.0,78.46832973726171,78.46341483448161,616.3215280413734,1514.5177751154379,67.06612496822531,29.982715462534795,6.088967300323676,0.1816667374925209,12.863124242293454,19.972427044285496,0.7377864557210986,3000.0,-4.5,0.45,none,0.0,
endurance,7,healthy,896.0,78.46827175334795,78.1720469784132,612.0318066424727,1516.2760010903205,65.75311497317453,29.23541792480128,6.088967300323676,0.18580511585304554,12.858322455601213,19.773703734123302,0.7377868099883157,3000.0,-4.5,0.45,none,0.0,
endurance,7,healthy,897.0,78.46821515000356,78.26888047581653,614.3627614196517,1516.6874464727941,65.98094008518638,30.598554624255883,6.088967300323676,0.25051050052505963,13.002585580414443,20.229034175256857,0.7377871558205991,3000.0,-4.5,0.45,none,0.0,
endurance,7,healthy,898.0,78.46815989435784,77.72772564328262,615.3901504637832,1524.4342309363828,66.80502807922974,30.905024549807806,6.088967300323676,0.1704232058384417,12.887365186694876,19.99212933301673,0.7377874934187805,3000.0,-4.5,0.45,none,0.0,
endurance,7,healthy,899.0,78.46810595432274,79.55126296440899,609.9151605471393,1522.6321745660425,66.90189139416677,30.003309617862183,6.088967300323676,0.3059285488630806,12.87365616722445,20.061129157792084,0.73778782297891,3000.0,-4.5,0.45,none,0.0,
endurance,7,healthy,900.0,78.46805329857418,78.93152991394675,615.2292101164602,1518.155584655437,65.89291204439121,29.35849534038222,6.088967300323676,0.1749656134966403,12.91518401172038,20.083325552038804,0.7377881446923698,3000.0,-4.5,0.45,none,0.0,
endurance,7,healthy,901.0,78.46800189653392,78.82211226928794,613.3605370451539,1516.6294900752252,65.9444933394382,30.49786372484613,6.088967300323676,0.11267354379633476,12.881223673474366,20.122912510800088,0.7377884587459852,3000.0,-4.5,0.45,none,0.0,
endurance,7,healthy,902.0,78.46795171835177,78.16055583173508,611.9852618651223,1521.2917995311066,66.82179600906268,30.63339376982808,6.088967300323676,0.2786460055718579,12.868409273714638,19.875680921741687,0.7377887653221336,3000.0,-4.5,0.45,none,0.0,
endurance,7,healthy,903.0,78.46790273488824,78.54500592398458,614.870566379556,1514.3507899816086,66.88434736442359,30.9284338011277,6.088967300323676,0.20894068681452269,12.95521372491078,20.160040555249267,0.7377890645988499,3000.0,-4.5,0.45,none,0.0,
endurance,7,healthy,904.0,78.46785491769765,78.84162081727932,615.6697763693169,1531.954887741348,66.1814013428221,31.202712607668314,6.088967300323676,0.2317904229525075,12.963039956671784,19.785051408470817,0.7377893567499301,3000.0,-4.5,0.45,none,0.0,
endurance,7,healthy,905.0,78.46780823901159,79.05653082172662,617.2438280634275,1518.228172544822,66.44368752539972,30.63684142546299,6.088967300323676,0.07679633259314485,12.856866229568196,19.89697399354554,0.7377896419450323,3000.0,-4.5,0.45,none,0.0,
endurance,7,healthy,906.0,78.46776267172282,78.00802325950957,612.6402265501363,1519.0345760344308,66.75114682506732,31.108163268213477,6.088967300323676,0.17318825322390435,12.991829725807676,19.556814951003812,0.7377899203497748,3000.0,-4.5,0.45,none,0.0,
endurance,7,healthy,907.0,78.4677181893695,78.59417479200216,614.5289517532233,1516.3256260120727,67.17877666194771,30.62504720330007,6.088967300323676,0.2011315521488137,12.88898457626816,19.941095947381562,0.737790192125833,3000.0,-4.5,0.45,none,0.0,
endurance,7,healthy,908.0,78.46767476611984,77.25203989814247,607.752115992141,1517.6249990346173,65.99152812249213,30.342499910313474,6.088967300323676,0.1682834585667204,12.889670220477148,20.065633047802358,0.7377904574310326,3000.0,-4.5,0.45,none,0.0,
endurance,7,healthy,909.0,78.46763237675707,78.99386148229914,614.0371911587282,1513.429609346882,65.55134562236984,30.547535807137137,6.088967300323676,0.25469649260794236,12.981763252312465,19.901959110113328,0.7377907164194417,3000.0,-4.5,0.45,none,0.0,
endurance,7,healthy,910.0,78.46759099666484,79.05300490202183,612.2137157204586,1524.906742251817,67.24192979614617,30.09751640705496,6.088967300323676,0.18168735778215062,12.816596183101195,20.197114319325344,0.7377909692414604,3000.0,-4.5,0.45,none,0.0,
endurance,7,healthy,911.0,78.4675506018129,78.32022037599054,616.7256627989581,1524.5522141797887,66.75981676581108,30.064603947222434,6.088967300323676,0.22345363660735523,12.97560180712572,19.833955748828135,0.7377912160439069,3000.0,-4.5,0.45,none,0.0,
endurance,7,healthy,912.0,78.46751116874316,78.83729135120791,612.4366158563596,1520.2781474609521,66.42428660449279,30.42386947908928,6.088967300323676,0.2178747702128988,12.967865093047635,20.106801307801998,0.7377914569701047,3000.0,-4.5,0.45,none,0.0,
endurance,7,healthy,913.0,78.46747267455602,78.41339058699214,615.4661080515228,1521.712760640422,65.2543871665612,30.72947971448389,6.088967300323676,0.20402357980268704,12.863436040394458,19.666907197782127,0.7377916921599645,3000.0,-4.5,0.45,none,0.0,
endurance,7,healthy,914.0,78.46743509689715,79.16568027173848,616.6775949950868,1529.0755900681047,66.53144818513982,30.24178169530917,6.088967300323676,0.2684270046759738,12.933662870422545,20.12261914511483,0.7377919217500659,3000.0,-4.5,0.45,none,0.0,
endurance,7,healthy,915.0,78.46739841394444,78.20808357856492,616.6250585756078,1516.5850825145835,66.77184679672887,30.84770402947896,6.088967300323676,0.19583413171151964,12.964320045773938,19.807711545437808,0.7377921458737363,3000.0,-4.5,0.45,none,0.0,
endurance,7,healthy,916.0,78.46736260439536,78.1819031806244,615.487758000835,1518.0578102490524,66.21868358225767,30.75609759645371,6.088967300323676,0.19803834227987407,12.953092202957732,20.039830692526227,0.7377923646611289,3000.0,-4.5,0.45,none,0.0,
endurance,7,healthy,917.0,78.4673276474546,78.56352637449531,617.104892909825,1517.3130664461348,66.03654344954636,29.920521207909818,6.088967300323676,0.08800787041050254,12.938204482768759,20.067019660481833,0.7377925782392976,3000.0,-4.5,0.45,none,0.0,
endurance,7,healthy,918.0,78.46729352282195,77.78479407579017,610.7473895170814,1516.8599073234243,67.20318701700546,30.9874518772019,6.088967300323676,0.19397047767102182,12.946779304622359,20.29379499673301,0.7377927867322719,3000.0,-4.5,0.45,none,0.0,
endurance,7,healthy,919.0,78.46726021068055,78.65893203622262,609.819719089593,1520.0890098580242,66.5779762495436,30.665382641590483,6.088967300323676,0.16781296231496334,12.9382092921897,19.78935415734571,0.7377929902611278,3000.0,-4.5,0.45,none,0.0,
endurance,7,healthy,920.0,78.46722769168538,77.82140691973905,612.1330178084129,1517.0070958731928,66.1327329390636,30.51739937331657,6.088967300323676,0.1842616516266526,12.961479437729546,19.90741977518273,0.7377931889440585,3000.0,-4.5,0.45,none,0.0,
endurance,7,healthy,921.0,78.467195946952,78.94469647210347,613.1158028249304,1517.5812768117453,66.3753359070681,29.799683557790427,6.088967300323676,0.14527941017139773,12.965958319481512,20.117859582167103,0.7377933828964433,3000.0,-4.5,0.45,none,0.0,
endurance,7,healthy,922.0,78.4671649580456,77.93731670346706,614.1612907839225,1513.537603043426,66.8145900014361,30.602977993291038,6.088967300323676,0.11427690735997374,12.89707416938489,19.87117724861714,0.7377935722309141,3000.0,-4.5,0.45,none,0.0,
endurance,7,healthy,923.0,78.46713470697031,78.72050498959207,611.396544127556,1516.200494987058,66.42769049045637,30.192452728842593,6.088967300323676,0.2644822528420343,12.870630284855753,20.105874526181207,0.7377937570574213,3000.0,-4.5,0.45,none,0.0,
endurance,7,healthy,924.0,78.46710517615873,78.64332856132516,610.9709988209178,1520.600873487971,66.75164449879792,30.406872626516922,6.088967300323676,0.07641374302143936,12.936688953952507,19.611385088276965,0.7377939374832976,3000.0,-4.5,0.45,none,0.0,
endurance,7,healthy,925.0,78.46707634846169,77.88763802546802,615.7490361995439,1518.09154407919,66.65624670703167,30.931127403094806,6.088967300323676,0.17871805967706142,12.923226134589164,19.81915592773018,0.7377941136133195,3000.0,-4.5,0.45,none,0.0,
endurance,7,healthy,926.0,78.46704820713839,78.42559720530734,617.3178170508369,1523.2109788025975,66.10986581214192,30.13859731824781,6.088967300323676,0.18628575766619943,12.86034397580085,20.069145433945803,0.7377942855497696,3000.0,-4.5,0.45,none,0.0,
endurance,7,healthy,927.0,78.4670207358466,77.84833871698933,609.5947480744579,1520.6792147771016,65.59396925685249,30.421709980605,6.088967300323676,0.10984216207614787,12.95414451423838,20.18713777050491,0.7377944533924945,3000.0,-4.5,0.45,none,0.0,
endurance,7,healthy,928.0,78.4669939186332,78.11529683489164,614.0509786171256,1523.3449260985499,66.53620727568725,30.331149949965035,6.088967300323676,0.18115684862782433,12.894739954824153,19.92308802930298,0.7377946172389642,3000.0,-4.5,0.45,none,0.0,
endurance,7,healthy,929.0,78.46696773992487,78.34534398239067,611.9983571466631,1520.1449152905286,66.59466355534477,30.152218827097407,6.088967300323676,0.18486709417614347,12.881445240617882,19.95221317037947,0.7377947771843274,3000.0,-4.5,0.45,none,0.0,
endurance,7,healthy,930.0,78.46694218451911,77.86041991249274,614.5376228217227,1513.8889086835663,66.3858302772603,29.98277068306079,6.088967300323676,0.2820928802382313,12.926644370648601,19.830146303932494,0.7377949333214677,3000.0,-4.5,0.45,none,0.0,
endurance,7,healthy,931.0,78.4669172375754,79.11650673187866,616.3089532589496,1521.7411856528927,66.05556709953396,31.67137531638734,6.088967300323676,0.17872313884047833,13.005694574429988,20.134976497698222,0.7377950857410569,3000.0,-4.5,0.45,none,0.0,
endurance,7,healthy,932.0,78.46689288460654,78.74166532403162,610.7468110342215,1519.958683501876,66.07006999183626,30.32363466495224,6.088967300323676,0.22947339770609065,12.854044464735797,19.993883550938655,0.7377952345316086,3000.0,-4.5,0.45,none,0.0,
endurance,7,healthy,933.0,78.46686911147027,78.6848316337648,609.632695132345,1517.0909310859968,65.81129058537215,30.97411926081143,6.088967300323676,0.305064748770282,12.883667205049951,19.662403447378576,0.7377953797795278,3000.0,-4.5,0.45,none,0.0,
endurance,7,healthy,934.0,78.46684590436107,78.29604356406486,616.0456149874105,1528.6177427423102,66.0973998747098,30.330965570452776,6.088967300323676,0.2893244234582232,13.02485451527129,20.027999322197783,0.7377955215691634,3000.0,-4.5,0.45,none,0.0,
endurance,7,healthy,935.0,78.46682324980208,78.06598531276617,611.0599398440684,1519.8499290717705,65.97397225004754,30.287487980611388,6.088967300323676,0.299700908949987,12.783024656386496,19.964003164711432,0.737795659982855,3000.0,-4.5,0.45,none,0.0,
endurance,7,healthy,936.0,78.46680113463735,77.74992341768173,609.4447829114829,1513.725111734699,66.6190339125238,29.9550022901867,6.088967300323676,0.22295412352140048,12.927117144471174,20.11037543754249,0.7377957951009828,3000.0,-4.5,0.45,none,0.0,
endurance,7,healthy,937.0,78.46677954602416,78.85375211151685,608.8101167614548,1514.2345428158815,66.3213854446595,30.002160537323064,6.088967300323676,0.1413080603693807,12.857735209112919,20.08096398890151,0.7377959270020122,3000.0,-4.5,0.45,none,0.0,
endurance,7,healthy,938.0,78.46675847142556,79.30021106187824,617.3812830704745,1525.2636380255428,66.09069219418657,30.14038722624012,6.088967300323676,0.22348939812757582,12.932767662321293,19.479939233055124,0.7377960557625409,3000.0,-4.5,0.45,none,0.0,
endurance,7,healthy,939.0,78.46673789860313,79.02277719320452,615.0625577668915,1516.9503551152538,66.07832304759918,30.06266463753764,6.088967300323676,0.20233400711871635,13.02299299498104,19.87021279576724,0.7377961814573428,3000.0,-4.5,0.45,none,0.0,
endurance,7,healthy,940.0,78.4667178156098,78.4548765043227,616.3449438432427,1523.5336474288295,66.43829998158495,30.162786115421557,6.088967300323676,0.1744876087226382,12.918481138349225,19.922238171548837,0.7377963041594113,3000.0,-4.5,0.45,none,0.0,
endurance,7,healthy,941.0,78.46669821078298,79.11212841226879,613.0135560654348,1520.2635087422802,65.90517648479083,30.606294974143147,6.088967300323676,0.23721972682761588,12.898779382653158,19.85522301033451,0.737796423940002,3000.0,-4.5,0.45,none,0.0,
endurance,7,healthy,942.0,78.46667907273775,78.7029342816204,613.3543838752479,1523.9999022306672,66.04096259642269,30.435910477008708,6.088967300323676,0.24147939032815283,12.845357484843287,19.89399434877199,0.7377965408686739,3000.0,-4.5,0.45,none,0.0,
endurance,7,healthy,943.0,78.46666039036026,77.9636392978242,615.3554341264145,1522.9903907865578,66.55810160826624,30.907240788804437,6.088967300323676,0.2419338018289685,12.959292180602276,19.64323591668261,0.7377966550133297,3000.0,-4.5,0.45,none,0.0,
endurance,7,healthy,944.0,78.46664215280128,77.85102789824025,608.7406432904035,1520.9727406784798,65.84563021939564,30.70339787484674,6.088967300323676,0.1815257523456794,12.99500087187806,20.15533766742674,0.7377967664402556,3000.0,-4.5,0.45,none,0.0,
endurance,7,healthy,945.0,78.46662434946991,78.4178798046835,614.9096483816305,1515.7142088084433,66.40417239655288,30.337570757474257,6.088967300323676,0.18940067392336113,12.87479205244022,19.908251103132265,0.7377968752141595,3000.0,-4.5,0.45,none,0.0,
endurance,7,healthy,946.0,78.46660697002737,78.75362865687507,615.7680284409892,1521.059316959934,67.18864669755222,30.575520312435685,6.088967300323676,0.23669766155875124,12.891226657011051,19.698681361637906,0.7377969813982086,3000.0,-4.5,0.45,none,0.0,
endurance,7,healthy,947.0,78.46659000438109,78.2735591378746,615.6252048453651,1518.883445510326,66.01040615087915,30.388301596862203,6.088967300323676,0.22004578263620503,12.93367202720433,19.781517982414343,0.7377970850540659,3000.0,-4.5,0.45,none,0.0,
endurance,7,healthy,948.0,78.46657344267877,78.35490153627076,611.8611541982488,1518.7967651918905,66.42610573741962,31.01996018433397,6.088967300323676,0.11064345659780364,12.841957904563095,19.978141479515642,0.7377971862419268,3000.0,-4.5,0.45,none,0.0,
endurance,7,healthy,949.0,78.46655727530269,78.64197540073745,610.0298597716813,1518.2027887001793,65.59363852215287,29.988191138328453,6.088967300323676,0.3291381331261888,12.921211301086084,19.695113512763854,0.7377972850205528,3000.0,-4.5,0.45,none,0.0,
endurance,7,healthy,950.0,78.46654149286414,78.72480087419144,610.133866992935,1521.2625151479824,65.90318402292365,29.02581429335365,6.088967300323676,0.06400890529178552,12.986074140113232,19.969640694300548,0.7377973814473067,3000.0,-4.5,0.45,none,0.0,
endurance,7,healthy,951.0,78.46652608619793,77.87864654120602,610.7804442722654,1526.8918221408608,65.24431512034717,30.74749159720591,6.088967300323676,0.25043839638185916,12.947208151183192,19.82130763832756,0.7377974755781855,3000.0,-4.5,0.45,none,0.0,
endurance,7,healthy,952.0,78.46651104635711,78.06797238471295,615.2779188051547,1519.1125847304834,65.88880039555727,30.601862271470587,6.088967300323676,0.2536136722153608,12.867654710472477,19.894504693657936,0.737797567467853,3000.0,-4.5,0.45,none,0.0,
endurance,7,healthy,953.0,78.46649636460774,79.26101187418072,617.1110568430253,1522.80362667475,66.08182947508166,30.843912792955514,6.088967300323676,0.22362748548912287,12.873028669851383,20.158040035183845,0.7377976571696712,3000.0,-4.5,0.45,none,0.0,
endurance,7,healthy,954.0,78.46648203242383,78.8703140015635,608.9267678104391,1522.6214762948218,65.69808470336001,30.52133012447058,6.088967300323676,0.19059922291414919,12.915097498272829,20.191586947481788,0.7377977447357318,3000.0,-4.5,0.45,none,0.0,
endurance,7,healthy,955.0,78.46646804148239,78.19236008666711,611.2702432759893,1512.1290243413057,66.45781417881243,30.183084806051543,6.088967300323676,0.21559639746887677,12.893547614430775,19.92000232729181,0.7377978302168863,3000.0,-4.5,0.45,none,0.0,
endurance,7,healthy,956.0,78.4664543836586,77.8093780836872,612.4147032499226,1520.1872583372576,65.86061858859867,30.149267152454044,6.088967300323676,0.2171469499794864,12.939583734998433,20.108954120144457,0.7377979136627753,3000.0,-4.5,0.45,none,0.0,
endurance,7,healthy,957.0,78.46644105102109,78.61417855060166,618.4479191945653,1519.5241090479444,66.66030334079969,32.14798683632435,6.088967300323676,0.21787954226079198,12.946353097602579,20.13417866527054,0.7377979951218572,3000.0,-4.5,0.45,none,0.0,
endurance,7,healthy,958.0,78.46642803582733,79.51495630935992,612.9881918870182,1514.8345916871142,65.96937079012629,29.928062557446623,6.088967300323676,0.19882548333840505,12.84281982467104,19.67782793400377,0.7377980746414372,3000.0,-4.5,0.45,none,0.0,
endurance,7,healthy,959.0,78.46641533051914,78.70215276670044,612.954092850693,1519.4864331566184,66.89612683652784,29.826898930192083,6.088967300323676,0.15231466476289515,12.948366536691065,20.293598581923778,0.737798152267694,3000.0,-4.5,0.45,none,0.0,
endurance,7,healthy,960.0,78.46640292771829,78.27453923332325,609.9823901569538,1522.0611577027387,66.17258544612339,30.684400297391672,6.088967300323676,0.19943090131840233,12.860817161206244,20.099024087329642,0.7377982280457065,3000.0,-4.5,0.45,none,0.0,
endurance,7,healthy,961.0,78.46639082022222,78.0061130942805,615.8834998084947,1520.6116706569119,66.19904935866947,30.082018481793284,6.088967300323676,0.28119546347023266,12.867512624307459,20.090099571491265,0.7377983020194806,3000.0,-4.5,0.45,none,0.0,
endurance,7,healthy,962.0,78.46637900099986,79.04084315062181,614.122415589211,1524.5276957315093,66.63092937290548,30.426419999316458,6.088967300323676,0.15722851619707573,12.947330539769547,19.87262945382463,0.7377983742319744,3000.0,-4.5,0.45,none,0.0,
endurance,7,healthy,963.0,78.46636746318757,79.31664183452503,615.6930319815285,1521.1381256918044,66.56609010707074,30.949411092913905,6.088967300323676,0.21364957249981215,12.889416479232509,19.93001663342772,0.7377984447251231,3000.0,-4.5,0.45,none,0.0,
endurance,7,healthy,964.0,78.46635620008509,79.51379772854571,609.6732356961887,1520.0391389111485,65.9941502031491,31.69306690645043,6.088967300323676,0.17846522099274054,12.929581186055653,20.108912142577612,0.7377985135398635,3000.0,-4.5,0.45,none,0.0,
endurance,7,healthy,965.0,78.46634520515171,79.03842627608259,614.3673064402396,1518.3961308491632,67.19713413634865,29.962853902128657,6.088967300323676,0.11377461588423556,12.955065273781463,20.114905375077704,0.7377985807161576,3000.0,-4.5,0.45,none,0.0,
endurance,7,healthy,966.0,78.46633447200246,78.56613898911205,615.9134260099443,1523.3022110500938,66.47576300359188,31.084813501788286,6.088967300323676,0.20818929586480198,12.959922991970913,19.88893782321522,0.7377986462930163,3000.0,-4.5,0.45,none,0.0,
endurance,7,healthy,967.0,78.46632399440439,79.07065224766444,613.4992374503034,1525.815190422603,66.74610219769052,30.97579825946267,6.088967300323676,0.22533963923885916,12.936763792811126,20.323736297967834,0.7377987103085211,3000.0,-4.5,0.45,none,0.0,
endurance,7,healthy,968.0,78.46631376627293,79.18515910156707,608.8421517670072,1515.7672143306518,65.29678804090614,29.91011480043386,6.088967300323676,0.23819206646383687,12.904172749386044,20.2143449827072,0.7377987727998473,3000.0,-4.5,0.45,none,0.0,
endurance,7,healthy,969.0,78.46630378166842,77.69457770765463,613.7105596259673,1521.8035904868973,66.52386294853726,31.081312297697156,6.088967300323676,0.2662339595135528,12.952976240181131,20.313840655937504,0.7377988338032848,3000.0,-4.5,0.45,none,0.0,
endurance,7,healthy,970.0,78.46629403479258,79.6186089600151,610.219829290363,1519.8795365316305,66.49880704383241,30.408637943033874,6.088967300323676,0.22242836272494354,12.883575635894283,20.267105597272323,0.7377988933542593,3000.0,-4.5,0.45,none,0.0,
endurance,7,healthy,971.0,78.46628451998522,78.50147934290017,619.2023543396855,1525.823929789998,66.10126074206806,29.9916255986586,6.088967300323676,0.20800214456577842,12.986306009842938,19.9768767674268,0.7377989514873535,3000.0,-4.5,0.45,none,0.0,
endurance,7,healthy,972.0,78.4662752317209,77.94707425789862,611.367140935574,1520.2626070333104,66.43370613814469,31.114748514888085,6.088967300323676,0.1717636818659959,12.91901262284832,19.76808641407807,0.7377990082363265,3000.0,-4.5,0.45,none,0.0,
endurance,7,healthy,973.0,78.46626616460573,78.39906574905126,612.2664837700532,1518.8874992230835,66.36404940417839,30.337736048492374,6.088967300323676,0.1331638186831105,12.840701655979688,19.821233332259403,0.7377990636341335,3000.0,-4.5,0.45,none,0.0,
endurance,7,healthy,974.0,78.46625731337424,80.13287157562,605.6074089073393,1512.1773830290608,65.9662494858037,30.22689820150634,6.088967300323676,0.15726214344354267,12.941993898468839,19.859029805841885,0.737799117712945,3000.0,-4.5,0.45,none,0.0,
endurance,7,healthy,975.0,78.46624867288637,78.60731057890173,617.737902449444,1512.1757785311534,66.15512884213031,30.54838818950455,6.088967300323676,0.1868292216905428,12.9794873656398,20.121166070166737,0.7377991705041658,3000.0,-4.5,0.45,none,0.0,
endurance,7,healthy,976.0,78.46624023812439,77.90312058915356,609.7658582536754,1518.029036596428,66.44379915116616,30.75612336840049,6.088967300323676,0.23878840356011355,12.912460940669535,19.882153391419543,0.7377992220384528,3000.0,-4.5,0.45,none,0.0,
endurance,7,healthy,977.0,78.46623200419008,78.47258534398316,612.9319002922083,1517.4099527427568,66.71927396377393,30.25044173575875,6.088967300323676,0.206746434202466,12.87627376650101,19.771418805414733,0.737799272345733,3000.0,-4.5,0.45,none,0.0,
endurance,7,healthy,978.0,78.46622396630183,79.15561574864607,615.0110666629904,1524.228090999808,66.34148159503664,30.5843105734904,6.088967300323676,0.16187886085608047,12.944380543119458,19.938220227043047,0.7377993214552208,3000.0,-4.5,0.45,none,0.0,
endurance,7,healthy,979.0,78.46621611979187,78.45042044596453,608.5183126839496,1516.817997148377,65.7526239666013,30.480395554709002,6.088967300323676,0.1907487891316675,12.86437780663354,19.690564036482925,0.7377993693954349,3000.0,-4.5,0.45,none,0.0,
endurance,7,healthy,980.0,78.46620846010357,78.51914003249263,607.5301304863877,1524.3292467465396,67.19321833513382,30.283725012218895,6.088967300323676,0.2715397574640058,12.965658137792017,20.310598915422432,0.7377994161942154,3000.0,-4.5,0.45,none,0.0,
endurance,7,healthy,981.0,78.4662009827888,78.17074142996425,611.5001909814889,1510.7511619020809,66.30449471357116,30.550929657556896,6.088967300323676,0.23597788221963295,12.926845841956371,19.97887671579112,0.7377994618787393,3000.0,-4.5,0.45,none,0.0,
endurance,7,healthy,982.0,78.46619368350534,78.96988197037221,612.4649036210163,1520.70523998384,66.23395047637362,31.126116655020052,6.088967300323676,0.1754131622159049,12.94181108217589,20.448867745601632,0.7377995064755365,3000.0,-4.5,0.45,none,0.0,
endurance,7,healthy,983.0,78.46618655801434,78.7042597733734,611.1815346408783,1514.866988885756,66.21793453004432,30.636120483623724,6.088967300323676,0.3225849125626977,12.941585703119413,19.47610691273259,0.7377995500105052,3000.0,-4.5,0.45,none,0.0,
endurance,7,healthy,984.0,78.46617960217789,78.70421592432918,610.081370582969,1518.250270354817,65.41704219641127,29.864943669479104,6.088967300323676,0.1790470146906461,12.87756284101078,19.978541060300874,0.7377995925089269,3000.0,-4.5,0.45,none,0.0,
endurance,7,healthy,985.0,78.4661728119566,78.42332773900199,609.8423075014053,1516.654128443911,65.76453340201572,31.336395975374476,6.088967300323676,0.17678064398134252,12.875667329416935,19.831333844932946,0.7377996339954814,3000.0,-4.5,0.45,none,0.0,
endurance,7,healthy,986.0,78.46616618340724,77.97948664499143,613.3777040090797,1507.439704799842,66.86654390677948,30.78681967223256,6.088967300323676,0.1822388322402821,12.926986322489673,20.35324337363544,0.7377996744942609,3000.0,-4.5,0.45,none,0.0,
endurance,7,healthy,987.0,78.46615971268048,79.26501486919653,613.0348372370138,1515.3618385915306,65.4718717376998,31.00560975327164,6.088967300323676,0.1067178110801218,13.06372778296136,20.303844026663977,0.7377997140287837,3000.0,-4.5,0.45,none,0.0,
endurance,7,healthy,988.0,78.46615339601864,77.84346765504444,610.3034765449222,1525.8150975672722,65.6963126606331,30.25313530947059,6.088967300323676,0.13034625105554776,13.006334751653679,20.0738297679464,0.7377997526220084,3000.0,-4.5,0.45,none,0.0,
endurance,7,healthy,989.0,78.46614722975352,77.97606035871742,611.56930847443,1507.5540580243687,66.87578198964316,31.083672637064225,6.088967300323676,0.1863299310926262,12.889770491467315,20.20666036370869,0.7377997902963468,3000.0,-4.5,0.45,none,0.0,
endurance,7,healthy,990.0,78.46614121030423,77.64298574287932,610.1485006234608,1530.760001179813,66.80439621266335,30.772808717077645,6.088967300323676,0.2019528305586086,12.943220753238887,20.214643641945926,0.737799827073677,3000.0,-4.5,0.45,none,0.0,
endurance,7,healthy,991.0,78.46613533417516,77.94111400698304,612.9446594511755,1521.438441165062,66.3785697305318,29.962153831619435,6.088967300323676,0.18958351074412327,12.965583501965783,20.178229139143152,0.7377998629753566,3000.0,-4.5,0.45,none,0.0,
endurance,7,healthy,992.0,78.46612959795394,78.7618668934872,614.6774695381481,1524.5371895950316,66.30494027429563,29.85568453464378,6.088967300323676,0.2041173329815618,12.900094663414881,20.04847928896026,0.7377998980222342,3000.0,-4.5,0.45,none,0.0,
endurance,7,healthy,993.0,78.4661239983094,78.68183806984447,615.993249891982,1518.8956098962508,65.52686991448316,30.45591298862896,6.088967300323676,0.1639921199336802,12.836338991503746,19.877304658820155,0.7377999322346624,3000.0,-4.5,0.45,none,0.0,
endurance,7,healthy,994.0,78.46611853198974,78.35781010989582,614.0623302285618,1515.8706338565462,66.48618347824303,30.478009451741116,6.088967300323676,0.19161236437108964,12.858000688607834,20.173682100273577,0.7377999656325089,3000.0,-4.5,0.45,none,0.0,
endurance,7,healthy,995.0,78.46611319582054,78.73224648997049,611.9881105725543,1526.9165999815662,65.4652245088231,31.274395992127292,6.088967300323676,0.2236199304764887,12.89289997297427,19.622670330990008,0.7377999982351688,3000.0,-4.5,0.45,none,0.0,
endurance,7,healthy,996.0,78.466107986703,77.78394596788499,616.5614414400519,1509.3888071556232,66.23253450464301,31.16686930897623,6.088967300323676,0.20671831065850016,12.94573826305468,19.748377928791605,0.7378000300615748,3000.0,-4.5,0.45,none,0.0,
endurance,7,healthy,997.0,78.46610290161205,79.0628812923717,615.5814787270365,1519.0689454154804,66.92513928697593,29.912933760473543,6.088967300323676,0.25323712349792704,12.910209037552931,19.868145828873082,0.7378000611302091,3000.0,-4.5,0.45,none,0.0,
endurance,7,healthy,998.0,78.4660979375947,78.57144494560887,614.5329519457363,1526.647333735223,66.94242321165585,30.535774497048635,6.088967300323676,0.20515629998743648,12.93306000047416,20.026672634283965,0.7378000914591141,3000.0,-4.5,0.45,none,0.0,
endurance,7,healthy,999.0,78.46609309176824,78.17179554583547,613.5164094691308,1527.172420665805,65.88844119746531,30.632824266685198,6.088967300323676,0.20192770864135387,13.005556046221015,20.194511719762087,0.7378001210659023,3000.0,-4.5,0.45,none,0.0,
endurance,7,healthy,1000.0,78.4660883613186,78.98587593330788,611.5982519629083,1520.2172795853542,65.5305587029856,31.658198934457356,6.088967300323676,0.23118423525439102,12.926602198611885,19.607571578080243,0.737800149967767,3000.0,-4.5,0.45,none,0.0,
endurance,7,healthy,1001.0,78.46608374349871,77.99198873346585,608.8387439738461,1512.8838851755609,65.79937544533334,30.56296075429655,6.088967300323676,0.21270499623813574,12.891511355785788,19.939976744974288,0.737800178181492,3000.0,-4.5,0.45,none,0.0,
endurance,7,healthy,1002.0,78.46607923562692,78.39822506463959,616.1659320931024,1513.4948860974564,66.31300045156087,30.64134255766621,6.088967300323676,0.14913521946649166,12.912811249420718,19.55076831260796,0.7378002057234617,3000.0,-4.5,0.45,none,0.0,
endurance,7,healthy,1003.0,78.46607483508541,78.79616275335586,613.0303555452646,1522.8763465172926,66.56181512474794,30.044840754205072,6.088967300323676,0.1342795477601031,12.869662100603586,20.29133368512214,0.7378002326096702,3000.0,-4.5,0.45,none,0.0,
endurance,7,healthy,1004.0,78.4660705393187,79.02149592145614,617.4535091578293,1512.7103666466621,66.21850106305983,31.09023649831171,6.088967300323676,0.2900613208282691,12.856912493794962,20.165848843098534,0.7378002588557309,3000.0,-4.5,0.45,none,0.0,
endurance,7,healthy,1005.0,78.46606634583213,78.68974731211846,615.2901195548905,1524.3780477353623,65.99771225131539,31.211339504846496,6.088967300323676,0.15031788531607143,12.90211914607533,19.92468322781823,0.7378002844768854,3000.0,-4.5,0.45,none,0.0,
endurance,7,healthy,1006.0,78.4660622521905,78.69618948446218,611.7607638071606,1519.1191995380268,65.86548762489906,30.14146872646121,6.088967300323676,0.1513766566271735,12.989175531663006,20.22812557006063,0.7378003094880123,3000.0,-4.5,0.45,none,0.0,
endurance,7,healthy,1007.0,78.46605825601652,79.15353601377174,614.1114851881533,1528.2227096939903,67.02015423954914,30.70785008247147,6.088967300323676,0.25770426487527953,12.862609133450116,19.865249849352814,0.7378003339036363,3000.0,-4.5,0.45,none,0.0,
endurance,7,healthy,1008.0,78.46605435498954,78.728898538295,613.9060556876901,1533.3037072014918,66.66124163436457,29.782423446157157,6.088967300323676,0.261519982713819,12.934948156380742,20.362082493904236,0.737800357737936,3000.0,-4.5,0.45,none,0.0,
endurance,7,healthy,1009.0,78.46605054684416,78.272670088004,610.7184076164715,1517.6012794553633,67.6257753481995,29.95885445510492,6.088967300323676,0.16351602586201425,12.949106737239552,20.09291118737344,0.7378003810047522,3000.0,-4.5,0.45,none,0.0,
endurance,7,healthy,1010.0,78.4660468293689,78.67617117095416,612.636737806699,1523.5682290018613,66.41942869794373,30.424767445186845,6.088967300323676,0.1893107460228166,12.904267162873314,20.36208174212281,0.7378004037175966,3000.0,-4.5,0.45,none,0.0,
endurance,7,healthy,1011.0,78.46604320040497,78.48109536862209,616.9508824902662,1513.559147272118,66.45934564416797,30.88775029114172,6.088967300323676,0.19997012109717835,12.917742600116268,19.935187917200835,0.737800425889659,3000.0,-4.5,0.45,none,0.0,
endurance,7,healthy,1012.0,78.46603965784493,78.81343843306693,614.7567714586287,1520.8340847554043,66.37304971394451,30.932604521650653,6.088967300323676,0.27791740709732615,12.982125252849386,19.93500298843343,0.7378004475338152,3000.0,-4.5,0.45,none,0.0,
endurance,7,healthy,1013.0,78.46603619963156,78.07001025450495,613.6803930277883,1520.7830361876033,65.39533575616517,31.332666798637682,6.088967300323676,0.18213704909314327,12.977216287451224,19.883179009628854,0.7378004686626345,3000.0,-4.5,0.45,none,0.0,
endurance,7,healthy,1014.0,78.4660328237566,78.55517102777124,614.0532129419788,1520.2365107456387,66.09208427950266,31.07662010131197,6.088967300323676,0.212481839632643,12.944680547770183,20.140222317830297,0.7378004892883865,3000.0,-4.5,0.45,none,0.0,
endurance,7,healthy,1015.0,78.46602952825963,78.59923005346778,608.8830717467623,1526.9878369344042,66.07418387266469,30.356412118213782,6.088967300323676,0.17966185960277073,12.896755378840929,19.891620433352497,0.7378005094230491,3000.0,-4.5,0.45,none,0.0,
endurance,7,healthy,1016.0,78.46602631122686,78.17768679982397,609.7792283623859,1519.1326968213975,66.1972766137204,30.14376602088729,6.088967300323676,0.26524640781884584,12.950667136352216,20.15893792080001,0.737800529078315,3000.0,-4.5,0.45,none,0.0,
endurance,7,healthy,1017.0,78.46602317079011,78.30685990448427,612.4825485874652,1515.5008461640384,65.6351169903384,30.13700024336034,6.088967300323676,0.11879799610821952,12.880606076380282,20.202304132695343,0.7378005482655985,3000.0,-4.5,0.45,none,0.0,
endurance,7,healthy,1018.0,78.46602010512566,78.45404594478848,611.4025509609355,1524.6471339839397,65.98808044066087,30.992400484893203,6.088967300323676,0.17841244283668561,12.937818780113492,20.38783278037798,0.7378005669960418,3000.0,-4.5,0.45,none,0.0,
endurance,7,healthy,1019.0,78.46601711245323,78.75180985313249,611.6644645212608,1520.8829926096391,66.36306689977981,30.062953717735997,6.088967300323676,0.1474701655721317,12.906188508290064,19.949422691736892,0.7378005852805222,3000.0,-4.5,0.45,none,0.0,
endurance,7,healthy,1020.0,78.4660141910349,78.80133204615754,612.0137931279335,1516.3914528598923,65.65674419549931,30.80128877233604,6.088967300323676,0.25387084819272604,12.84224852588281,20.024508722814492,0.7378006031296578,3000.0,-4.5,0.45,none,0.0,
endurance,7,healthy,1021.0,78.46601133917414,78.22123131359356,612.9086127271275,1520.2986884637467,66.42472692419032,30.304225114773725,6.088967300323676,0.22152469114862525,13.022562758029745,20.309233248449676,0.7378006205538141,3000.0,-4.5,0.45,none,0.0,
endurance,7,healthy,1022.0,78.46600855521484,78.1648207691549,615.8882356358938,1519.396073964835,66.30843952976485,30.52826812577928,6.088967300323676,0.18394506500359023,13.04203744966521,19.992552199505994,0.7378006375631094,3000.0,-4.5,0.45,none,0.0,
endurance,7,healthy,1023.0,78.46600583754028,78.26684063819596,618.3025521239236,1519.2081509184952,65.85001593632502,29.99648074075635,6.088967300323676,0.25968602228205934,12.898660496704474,19.857685016784817,0.7378006541674216,3000.0,-4.5,0.45,none,0.0,
endurance,7,healthy,1024.0,78.46600318457226,77.46700131539114,613.649992076464,1511.3477125781214,66.33572940368212,30.898378020684678,6.088967300323676,0.16032447377906334,12.929619874594158,19.668727270237415,0.7378006703763929,3000.0,-4.5,0.45,none,0.0,
endurance,7,healthy,1025.0,78.46600059477014,78.27771996906714,611.6061041178646,1518.3296381400548,66.24703258916078,30.71903197609857,6.088967300323676,0.22266433758519744,12.899510239065402,19.864876738950922,0.7378006861994364,3000.0,-4.5,0.45,none,0.0,
endurance,7,healthy,1026.0,78.46599806662998,78.8550449862613,613.2832704141463,1517.6283340176626,67.25685578022998,29.395018738894436,6.088967300323676,0.23050723565912729,12.883139241163336,20.09733643302348,0.7378007016457409,3000.0,-4.5,0.45,none,0.0,
endurance,7,healthy,1027.0,78.46599559868363,78.78343123843909,611.5934646765832,1522.212509833608,65.67310757740226,30.51957620856536,6.088967300323676,0.1643885699537426,12.99335108659039,20.358074200361838,0.7378007167242759,3000.0,-4.5,0.45,none,0.0,
endurance,7,healthy,1028.0,78.46599318949791,78.57255384896393,612.2633648774913,1517.8533073236438,65.86954789805293,30.361237172948588,6.088967300323676,0.27132653141126584,12.837241930955074,19.939561258323586,0.7378007314437984,3000.0,-4.5,0.45,none,0.0,
endurance,7,healthy,1029.0,78.46599083767376,78.26884028562976,614.9077350021985,1518.2056473955236,66.60164621883902,31.141167253279896,6.088967300323676,0.15904465977255827,12.859740962944175,19.807181174830713,0.7378007458128562,3000.0,-4.5,0.45,none,0.0,
endurance,7,healthy,1030.0,78.46598854184542,78.8688441186733,614.0074854784234,1514.1254804150547,66.06147107463539,30.43292768605963,6.088967300323676,0.19691127979542986,12.907290416058832,20.182036580300043,0.7378007598397932,3000.0,-4.5,0.45,none,0.0,
endurance,7,healthy,1031.0,78.46598630067966,78.6251590887446,610.6430054956141,1517.5615985890154,65.66704978458631,30.122364960373236,6.088967300323676,0.2297869793306344,12.933115513786916,20.086392118614842,0.7378007735327556,3000.0,-4.5,0.45,none,0.0,
endurance,7,healthy,1032.0,78.46598411287499,78.19675967739548,612.8974418571403,1512.3991117960052,66.65840108989178,30.384891166780413,6.088967300323676,0.23829760131489974,12.912557226801479,20.206325465869824,0.7378007868996953,3000.0,-4.5,0.45,none,0.0,
endurance,7,healthy,1033.0,78.46598197716091,77.77831659369329,611.3323304372942,1510.3050188008724,66.68961259566825,30.759737942262273,6.088967300323676,0.2684959541801788,12.918755906027373,20.10723643951537,0.7378007999483744,3000.0,-4.5,0.45,none,0.0,
endurance,7,healthy,1034.0,78.46597989229716,77.76222366776202,611.7416407842222,1529.4687121751751,66.4931600348434,31.03913704837726,6.088967300323676,0.23806108764205855,12.995899570002718,19.96666207201545,0.7378008126863707,3000.0,-4.5,0.45,none,0.0,
endurance,7,healthy,1035.0,78.46597785707301,78.90315310890801,610.2854689491056,1527.4288032131483,66.49788781473453,30.801142732098995,6.088967300323676,0.2022944983011291,12.905992364131198,19.78859081231916,0.7378008251210815,3000.0,-4.5,0.45,none,0.0,
endurance,7,healthy,1036.0,78.4659758703066,77.87236604459217,609.4269222857655,1526.6816525142372,65.22057855945236,30.436778105804255,6.088967300323676,0.21856576831339988,12.87919186248256,20.18784784536472,0.7378008372597276,3000.0,-4.5,0.45,none,0.0,
endurance,7,healthy,1037.0,78.46597393084413,77.63146513337901,612.1331389824613,1511.2193526781127,66.36048608530884,29.80649106123058,6.088967300323676,0.24936234854595488,12.972973203695078,20.09067169584966,0.7378008491093584,3000.0,-4.5,0.45,none,0.0,
endurance,7,healthy,1038.0,78.46597203755935,78.5833617658069,613.2363661152111,1519.5528619136346,66.58657078614559,30.513173477848056,6.088967300323676,0.18322570998977813,12.89532340437166,20.08587733808518,0.737800860676855,3000.0,-4.5,0.45,none,0.0,
endurance,7,healthy,1039.0,78.46597018935279,78.87750388134997,606.9669336260822,1518.109272164114,66.17003408752356,30.444783999978984,6.088967300323676,0.22500047381254099,12.887919978098322,20.242347059349882,0.7378008719689351,3000.0,-4.5,0.45,none,0.0,
endurance,7,healthy,1040.0,78.46596838515113,78.90520547123506,607.4549194849835,1524.5628474992332,66.44536840456841,30.088698995225176,6.088967300323676,0.1776597479195843,12.993313432711984,19.62921991084341,0.7378008829921563,3000.0,-4.5,0.45,none,0.0,
endurance,7,healthy,1041.0,78.46596662390665,78.27633130414618,614.0907997617421,1527.4669296740144,65.94628817746857,30.609324318712325,6.088967300323676,0.16569964791223382,12.980590715400316,19.89419997759059,0.7378008937529197,3000.0,-4.5,0.45,none,0.0,
endurance,7,healthy,1042.0,78.46596490459658,78.6721263372961,611.7875639857202,1525.0447828011252,67.1365964568344,30.480527441554717,6.088967300323676,0.2171931183262367,12.865150801665017,20.078796674940822,0.7378009042574744,3000.0,-4.5,0.45,none,0.0,
endurance,7,healthy,1043.0,78.46596322622246,78.51698299675697,612.7149254494769,1515.8246407942656,66.09930917857788,30.48309116007219,6.088967300323676,0.2824495019945372,12.978670484449296,20.16206835121362,0.7378009145119206,3000.0,-4.5,0.45,none,0.0,
endurance,7,healthy,1044.0,78.46596158780962,79.06991687189864,616.201414713524,1510.8768796893535,66.1739740271175,31.238621823908506,6.088967300323676,0.1663316059578703,12.817758227026374,19.902853969605104,0.7378009245222135,3000.0,-4.5,0.45,none,0.0,
endurance,7,healthy,1045.0,78.46595998840661,78.98991103100992,613.4323761882019,1520.4075616411046,65.89843318010182,30.98189363625123,6.088967300323676,0.18385864933419604,12.925725119347701,19.803631118373833,0.737800934294166,3000.0,-4.5,0.45,none,0.0,
endurance,7,healthy,1046.0,78.46595842708463,78.1918477081034,619.587449557774,1515.573034856355,65.78478943685543,30.47422574283631,6.088967300323676,0.2159682650848822,12.912746759539484,19.74479852340115,0.737800943833453,3000.0,-4.5,0.45,none,0.0,
endurance,7,healthy,1047.0,78.46595690293698,78.24059106490097,606.393362475962,1522.8289103971372,66.42163666011305,30.869750231101563,6.088967300323676,0.12501938400084017,12.932621340853595,19.676467104389914,0.7378009531456141,3000.0,-4.5,0.45,none,0.0,
endurance,7,healthy,1048.0,78.46595541507857,77.88697445671565,610.4055057484554,1511.8438512792573,65.31725164364295,30.633926764366777,6.088967300323676,0.2142697382965321,12.923910373362984,19.805409979008445,0.7378009622360571,3000.0,-4.5,0.45,none,0.0,
endurance,7,healthy,1049.0,78.46595396264534,78.67460593904697,611.9039282084683,1519.8636709844686,66.12672304265047,29.347881882325783,6.088967300323676,0.21748279709820412,12.934897861354306,20.015179998596,0.7378009711100609,3000.0,-4.5,0.45,none,0.0,
endurance,7,healthy,1050.0,78.46595254479386,78.6307555074873,613.4300828854596,1527.804650096533,67.02797853457614,30.086545211429517,6.088967300323676,0.16169099837916584,12.994317220411853,19.953252905975578,0.737800979772779,3000.0,-4.5,0.45,none,0.0,
endurance,7,healthy,1051.0,78.46595116070075,77.52504428978204,609.5417264786428,1512.4197926670502,65.88530193637435,30.76459593573699,6.088967300323676,0.1466485018564941,12.890907132811162,20.29964274430832,0.7378009882292418,3000.0,-4.5,0.45,none,0.0,
endurance,7,healthy,1052.0,78.46594980956225,79.05412742107471,612.1650867521926,1521.10154533437,66.08187758190266,31.00683296019772,6.088967300323676,0.21629834810278353,13.001024036431541,20.031977725457416,0.7378009964843604,3000.0,-4.5,0.45,none,0.0,
endurance,7,healthy,1053.0,78.4659484905937,77.99803663369578,613.6454279737585,1515.859638998829,66.02687073074544,30.461488147205355,6.088967300323676,0.22927613379819262,12.96419297342724,20.202682866808082,0.7378010045429284,3000.0,-4.5,0.45,none,0.0,
endurance,7,healthy,1054.0,78.46594720302917,78.69342494948084,606.6306651559619,1521.3360505047158,65.9987289341897,30.788647833283243,6.088967300323676,0.23779203657559322,12.90924693126555,20.25602614756748,0.7378010124096258,3000.0,-4.5,0.45,none,0.0,
endurance,7,healthy,1055.0,78.46594594612094,78.3865834003284,610.8862548265871,1511.8076444588376,66.35732330585256,31.177867519205076,6.088967300323676,0.1900171619209077,12.90344675944281,20.171635856079217,0.7378010200890208,3000.0,-4.5,0.45,none,0.0,
endurance,7,healthy,1056.0,78.46594471913909,78.39311834017828,614.4898431011991,1514.5251506912714,66.58254602920377,31.387555822118255,6.088967300323676,0.25374904343021126,12.924942765131807,20.162317840041908,0.7378010275855733,3000.0,-4.5,0.45,none,0.0,
endurance,7,healthy,1057.0,78.46594352137109,77.92011716467283,612.5272258691615,1524.3272759596064,65.12032788232918,30.342031794135107,6.088967300323676,0.1927829943718927,12.829474323103131,20.041648679217392,0.7378010349036364,3000.0,-4.5,0.45,none,0.0,
endurance,7,healthy,1058.0,78.46594235212137,78.68992865541323,614.9616586466041,1509.6259010577517,66.2250514423202,30.316368221346046,6.088967300323676,0.1985127275965496,12.94124646846883,20.33524319090551,0.7378010420474597,3000.0,-4.5,0.45,none,0.0,
endurance,7,healthy,1059.0,78.46594121071095,79.37174981280535,612.4078887936118,1517.5682476808386,66.92810754445686,30.871140067752542,6.088967300323676,0.21094908576628663,12.86140334445461,19.499841835969793,0.7378010490211921,3000.0,-4.5,0.45,none,0.0,
endurance,7,healthy,1060.0,78.46594009647696,78.54015479913454,619.0337495033245,1522.38238615121,66.39263049258518,31.471740142268768,6.088967300323676,0.21454854414537886,12.957970561699726,19.82692789249396,0.7378010558288832,3000.0,-4.5,0.45,none,0.0,
endurance,7,healthy,1061.0,78.46593900877235,78.69511622497171,613.9263421461766,1512.9227576310966,67.264946804464,30.753808536540873,6.088967300323676,0.3110304442188321,12.939707966405935,19.971352709867496,0.7378010624744864,3000.0,-4.5,0.45,none,0.0,
endurance,7,healthy,1062.0,78.46593794696547,78.4174302102248,614.9383544684877,1529.9813913705414,66.03043775623583,30.336741383068095,6.088967300323676,0.2517971288696852,12.905432335594279,19.767671150186967,0.737801068961861,3000.0,-4.5,0.45,none,0.0,
endurance,7,healthy,1063.0,78.46593691043971,78.17162661773439,616.6128381037208,1516.8800761965401,66.08537192379295,31.071097673577167,6.088967300323676,0.17448446099704085,12.89141702771158,19.92321921047145,0.7378010752947743,3000.0,-4.5,0.45,none,0.0,
endurance,7,healthy,1064.0,78.46593589859313,79.17632236954313,614.8040741513355,1515.1668218883685,65.66811499549732,29.68112139251705,6.088967300323676,0.21930470363607418,12.8533576878636,19.885230141213075,0.7378010814769038,3000.0,-4.5,0.45,none,0.0,
endurance,7,healthy,1065.0,78.46593491083814,79.86234554741861,616.68256121099,1512.0539750509367,66.36804697404008,29.875510001571964,6.088967300323676,0.2131755551632609,12.937715887755607,19.993450812620992,0.7378010875118399,3000.0,-4.5,0.45,none,0.0,
endurance,7,healthy,1066.0,78.46593394660113,77.45169554797712,614.7582964675714,1510.4785945546485,65.77837447120311,30.112377634570674,6.088967300323676,0.21003199214335122,12.934197465686278,19.940834888427286,0.737801093403087,3000.0,-4.5,0.45,none,0.0,
endurance,7,healthy,1067.0,78.46593300532213,79.43846852984842,610.978690635862,1520.8385728700496,66.56300258273811,30.39323327965709,6.088967300323676,0.21158593178206742,12.913940390005845,20.021236905687786,0.7378010991540664,3000.0,-4.5,0.45,none,0.0,
endurance,7,healthy,1068.0,78.46593208645454,78.34421421674874,613.8548978149144,1522.1270886779885,66.48615786042598,31.06660222981679,6.088967300323676,0.2057358858890901,12.889864112058698,19.437052993467553,0.7378011047681177,3000.0,-4.5,0.45,none,0.0,
endurance,7,healthy,1069.0,78.46593118946475,78.96068969040591,611.1465786500285,1515.5221113603511,66.97671612661887,29.8236786325154,6.088967300323676,0.24426446793835271,12.866612004723644,19.748647928878615,0.7378011102485009,3000.0,-4.5,0.45,none,0.0,
endurance,7,healthy,1070.0,78.46593031383186,78.66545437400708,611.8265363497823,1524.0917133039384,65.9194493682033,31.400832495898133,6.088967300323676,0.18152694969207345,12.895488020646617,19.901032295058098,0.737801115598399,3000.0,-4.5,0.45,none,0.0,
endurance,7,healthy,1071.0,78.46592945904737,78.61275787134386,608.7455024307392,1525.2225710076343,65.76568581120688,30.209795748254084,6.088967300323676,0.25380612096415345,12.872574446728203,19.81183431743496,0.7378011208209185,3000.0,-4.5,0.45,none,0.0,
endurance,7,healthy,1072.0,78.4659286246149,77.49961022374636,617.3941995234424,1518.3138505011689,65.3211091582843,30.777777752411676,6.088967300323676,0.2816491257662239,13.026532828028014,19.825013530244544,0.7378011259190924,3000.0,-4.5,0.45,none,0.0,
endurance,7,healthy,1073.0,78.46592781004986,78.19802742045356,615.3715946748296,1521.6640346956306,66.07414805095875,31.203033883109963,6.088967300323676,0.13574517897006116,12.950910129162883,19.800792531148932,0.7378011308958812,3000.0,-4.5,0.45,none,0.0,
endurance,7,healthy,1074.0,78.46592701487923,78.4243274039693,615.2975955584368,1525.5665241763295,65.42906603683306,29.99433956764131,6.088967300323676,0.16470904598987435,12.865118026859353,19.899565605283883,0.7378011357541749,3000.0,-4.5,0.45,none,0.0,
endurance,7,healthy,1075.0,78.46592623864123,79.24144121872916,615.0636535396175,1519.5810762659619,66.69647373324212,30.35255463650635,6.088967300323676,0.12178180592774938,12.879701586457855,19.777562243078872,0.737801140496795,3000.0,-4.5,0.45,none,0.0,
endurance,7,healthy,1076.0,78.46592548088509,78.42745395128973,609.7986250065495,1520.1917552484658,66.34830584964229,31.175891862956775,6.088967300323676,0.2666938928472659,12.95238549671373,19.988913379361396,0.7378011451264956,3000.0,-4.5,0.45,none,0.0,
endurance,7,healthy,1077.0,78.46592474117077,79.2641199817438,612.4314020583244,1524.7969629811726,65.42483379662234,31.090761020771826,6.088967300323676,0.16404621044316914,13.01571255174008,20.19536429508219,0.7378011496459652,3000.0,-4.5,0.45,none,0.0,
endurance,7,healthy,1078.0,78.46592401906868,78.52266879520005,608.9573259436122,1520.3072643386297,66.73765092830186,30.53251015987343,6.088967300323676,0.2612050710562439,12.887887093137264,20.00947372768741,0.7378011540578284,3000.0,-4.5,0.45,none,0.0,
endurance,7,healthy,1079.0,78.46592331415951,78.58745388792833,609.4841526026655,1523.7175189838044,65.6219461438071,30.509480345111683,6.088967300323676,0.3198348505929304,12.92934629081097,20.293197446299462,0.7378011583646473,3000.0,-4.5,0.45,none,0.0,
endurance,7,healthy,1080.0,78.46592262603389,78.71555930310737,615.6180119782771,1516.6122922909137,65.91762710604208,30.794723982529195,6.088967300323676,0.19846687146971329,12.86498068799635,19.933398455754414,0.7378011625689227,3000.0,-4.5,0.45,none,0.0,
endurance,7,healthy,1081.0,78.46592195429221,78.63102546504592,612.8218461627723,1511.307894032477,66.07516517532314,30.429193679052936,6.088967300323676,0.2607183230729964,12.880752156507473,20.299710760060847,0.7378011666730965,3000.0,-4.5,0.45,none,0.0,
endurance,7,healthy,1082.0,78.46592129854439,78.94454305646232,609.3686682581088,1528.5556952154986,66.37164857955814,30.216038725617945,6.088967300323676,0.15940650638949763,12.870753327151995,19.72376695179095,0.7378011706795518,3000.0,-4.5,0.45,none,0.0,
endurance,7,healthy,1083.0,78.4659206584096,77.44833305811585,613.4046563838835,1514.2928623022913,65.0620656933966,30.354132856438955,6.088967300323676,0.1947667530152171,12.91464433559843,20.043020397991956,0.7378011745906152,3000.0,-4.5,0.45,none,0.0,
endurance,7,healthy,1084.0,78.46592003351611,78.01722150644527,613.7662171029042,1521.1256053332468,66.37206526445017,30.333684707886864,6.088967300323676,0.2803398688780442,13.067040815331769,19.764567089040575,0.7378011784085583,3000.0,-4.5,0.45,none,0.0,
endurance,7,healthy,1085.0,78.46591942350105,78.39670140229903,613.1415134717308,1529.7746664978629,66.18215548418935,30.231578971575047,6.088967300323676,0.1727518680396681,12.82581866277284,19.787840212495887,0.7378011821355979,3000.0,-4.5,0.45,none,0.0,
endurance,7,healthy,1086.0,78.46591882801015,79.18709716309051,609.957721104947,1516.0124235372036,66.2511299104942,29.62031933452445,6.088967300323676,0.20754016771293687,12.958582836188599,19.756122898340948,0.7378011857738984,3000.0,-4.5,0.45,none,0.0,
endurance,7,healthy,1087.0,78.4659182466976,77.2189881335627,614.0288475944915,1514.2548688096522,65.71970986025603,30.030873368041394,6.088967300323676,0.3044458375160286,12.990630143552494,20.153833867051308,0.7378011893255727,3000.0,-4.5,0.45,none,0.0,
endurance,7,healthy,1088.0,78.46591767922583,79.41731642079739,611.6780070106256,1520.1750635277474,66.35857802514246,30.509497879188483,6.088967300323676,0.18960015729954185,12.921433903933004,20.189114658716754,0.7378011927926833,3000.0,-4.5,0.45,none,0.0,
endurance,7,healthy,1089.0,78.46591712526529,77.95371135103788,611.1745653937008,1519.0578223463351,65.87165223940251,30.255574214914834,6.088967300323676,0.24657598076226764,12.894058563777321,19.8357588197537,0.7378011961772437,3000.0,-4.5,0.45,none,0.0,
endurance,7,healthy,1090.0,78.4659165844943,79.773902872076,612.2402936842936,1528.4763418560044,66.19192327736302,31.375578261682637,6.088967300323676,0.22263273802507375,12.870263245075202,19.6265292446886,0.7378011994812192,3000.0,-4.5,0.45,none,0.0,
endurance,7,healthy,1091.0,78.4659160565988,77.99845841163682,613.7716448219868,1519.1623489072288,66.49311599395338,30.74297208260035,6.088967300323676,0.14402692871366993,12.891565841142716,19.966617201135445,0.7378012027065288,3000.0,-4.5,0.45,none,0.0,
endurance,7,healthy,1092.0,78.46591554127224,79.31391034400734,611.6205154266912,1508.5194662258525,66.19558254321616,30.43074670642505,6.088967300323676,0.14875589357257762,12.92251153913777,20.220824646345307,0.7378012058550452,3000.0,-4.5,0.45,none,0.0,
endurance,7,healthy,1093.0,78.46591503821536,77.8168899804649,613.6608223936369,1518.2967397892178,66.10231269933352,30.953480376103407,6.088967300323676,0.16827348149244942,12.90804632042196,20.13443768882498,0.737801208928597,3000.0,-4.5,0.45,none,0.0,
endurance,7,healthy,1094.0,78.46591454713602,78.81274090903729,610.5806080854369,1507.50173271056,66.93460990765216,31.29150863652005,6.088967300323676,0.20368170195323307,12.95884749321576,19.684954837760614,0.737801211928969,3000.0,-4.5,0.45,none,0.0,
endurance,7,healthy,1095.0,78.46591406774905,79.2300124090359,608.0803680164437,1518.9158339924854,67.00100854778572,30.847463071400384,6.088967300323676,0.1882574368439877,12.827688680861735,20.05745358018482,0.7378012148579035,3000.0,-4.5,0.45,none,0.0,
endurance,7,healthy,1096.0,78.46591359977606,78.9824220010326,608.5013943643066,1516.5790937729726,65.9778367885166,31.864215556563114,6.088967300323676,0.19428411461342182,12.851756458387305,20.09777526045995,0.7378012177171016,3000.0,-4.5,0.45,none,0.0,
endurance,7,healthy,1097.0,78.46591314294528,79.48186336255121,610.0210592033666,1515.3058547147152,66.50829669388072,30.549733027199952,6.088967300323676,0.21786875148534657,12.889352648068272,20.522723539742675,0.7378012205082234,3000.0,-4.5,0.45,none,0.0,
endurance,7,healthy,1098.0,78.46591269699142,77.96271112482027,620.8551824808002,1520.2826831193177,66.35397559093974,30.67434561311638,6.088967300323676,0.16760671217265263,12.825455143587941,20.026598879679405,0.73780122323289,3000.0,-4.5,0.45,none,0.0,
endurance,7,healthy,1099.0,78.46591226165552,78.71259759172895,612.9484797030676,1504.96646440908,66.51509385700079,30.057346904232876,6.088967300323676,0.24988131215369017,12.863235591005948,20.00126313056199,0.7378012258926836,3000.0,-4.5,0.45,none,0.0,
endurance,7,healthy,1100.0,78.46591183668475,78.13267895704189,613.01127049094,1517.5481656496652,66.50763629172688,30.929796310095778,6.088967300323676,0.15805676693762755,12.919536196021985,20.099408774391968,0.7378012284891486,3000.0,-4.5,0.45,none,0.0,
endurance,7,healthy,1101.0,78.46591142183235,78.07043815322645,612.6411032681893,1518.2325649402426,65.74816226198256,30.747253971809613,6.088967300323676,0.18624868628402969,12.879431756945202,20.37471480081263,0.7378012310237931,3000.0,-4.5,0.45,none,0.0,
endurance,7,healthy,1102.0,78.46591101685738,79.61205852061998,615.643476616421,1519.3951865062738,66.69471981167474,29.848056227879326,6.088967300323676,0.22611731435234467,12.873663071501058,20.072805120515554,0.737801233498089,3000.0,-4.5,0.45,none,0.0,
endurance,7,healthy,1103.0,78.46591062152466,78.84683703856751,611.0466654864534,1516.807268364352,65.69969200794804,30.721693940947493,6.088967300323676,0.10872296794664209,12.948115781146774,20.114560618303123,0.737801235913473,3000.0,-4.5,0.45,none,0.0,
endurance,7,healthy,1104.0,78.46591023560462,79.61138332152089,611.2267817613362,1524.9599880636752,66.93359778234647,29.88718992795313,6.088967300323676,0.1918995331231236,12.878646535965753,20.042253960340894,0.7378012382713479,3000.0,-4.5,0.45,none,0.0,
endurance,7,healthy,1105.0,78.46590985887316,78.3562264457776,613.3577656384325,1516.7132146196172,66.80081726633804,30.746836335796758,6.088967300323676,0.1965798048764408,12.877988186395774,19.912886602452645,0.7378012405730829,3000.0,-4.5,0.45,none,0.0,
endurance,7,healthy,1106.0,78.4659094911115,77.78826716562668,613.4632464719899,1526.9403012826028,65.97519995923778,29.880977366226734,6.088967300323676,0.15267413979590191,12.83401146869585,19.69752573405466,0.7378012428200147,3000.0,-4.5,0.45,none,0.0,
endurance,7,healthy,1107.0,78.46590913210608,78.80114165261354,616.5633309771074,1519.9311214971435,66.20385340237074,30.29759792691303,6.088967300323676,0.22861267028020402,12.854852119947424,19.820718408460234,0.7378012450134482,3000.0,-4.5,0.45,none,0.0,
endurance,7,healthy,1108.0,78.4659087816484,78.29389702998117,611.7426882389295,1521.395057286371,65.97283132023168,30.774115552610095,6.088967300323676,0.159809535012754,12.93042900352564,20.039878394585827,0.7378012471546571,3000.0,-4.5,0.45,none,0.0,
endurance,7,healthy,1109.0,78.46590843953494,78.96640180275992,614.0153716902205,1520.7369699382702,66.87238959183468,30.677208181751297,6.088967300323676,0.15557784277905146,12.965547242864245,19.7922906233132,0.7378012492448847,3000.0,-4.5,0.45,none,0.0,
endurance,7,healthy,1110.0,78.46590810556705,78.34008952798267,612.0519436938323,1516.9987936190596,65.81544575555408,30.835888074992464,6.088967300323676,0.2546404219636034,12.977738030337397,19.929943072094844,0.7378012512853449,3000.0,-4.5,0.45,none,0.0,
endurance,7,healthy,1111.0,78.46590777955078,78.83253799874684,616.0668653609954,1521.4654349274579,66.80906473852156,30.926736628126882,6.088967300323676,0.23363294005279828,12.9133332235668,19.939019478902463,0.7378012532772229,3000.0,-4.5,0.45,none,0.0,
endurance,7,healthy,1112.0,78.4659074612968,77.9197175327905,615.4804965035155,1524.161935784189,67.04869108897199,30.430041161947358,6.088967300323676,0.14394995605610778,12.975182289628076,19.89799009176848,0.7378012552216753,3000.0,-4.5,0.45,none,0.0,
endurance,7,healthy,1113.0,78.46590715062028,78.40819404754124,611.2671563278725,1511.9415513760814,66.83170295426827,30.257187270542165,6.088967300323676,0.2816101675326422,12.99371301909034,19.88745330713215,0.7378012571198311,3000.0,-4.5,0.45,none,0.0,
endurance,7,healthy,1114.0,78.46590684734083,77.99028364590367,610.7729642849079,1518.2642902462972,66.03702925947164,31.28123756941847,6.088967300323676,0.0883461402349845,12.834453040770722,19.817177132935537,0.7378012589727927,3000.0,-4.5,0.45,none,0.0,
endurance,7,healthy,1115.0,78.46590655128232,78.52052797682695,612.7457825093546,1522.0573957954716,66.1224398231878,30.31467844297304,6.088967300323676,0.21843635081497462,12.925799063822982,20.14927626301952,0.7378012607816362,3000.0,-4.5,0.45,none,0.0,
endurance,7,healthy,1116.0,78.46590626227282,78.59230438858785,612.236061013835,1525.5516916914528,66.48753429673387,30.6047974632618,6.088967300323676,0.16036034175532052,12.920933991873742,19.842115180194668,0.737801262547412,3000.0,-4.5,0.45,none,0.0,
endurance,7,healthy,1117.0,78.4659059801445,78.88434572067634,613.3995109762199,1522.6837386560717,65.52090585548518,30.2106184785831,6.088967300323676,0.1553818151589984,12.813456457779065,20.17411014542586,0.7378012642711455,3000.0,-4.5,0.45,none,0.0,
endurance,7,healthy,1118.0,78.46590570473352,77.94803007312228,610.1922604482684,1521.4637649640474,65.91028648597374,30.12642021779723,6.088967300323676,0.23054241747516951,12.948956153469629,20.311686839553943,0.7378012659538378,3000.0,-4.5,0.45,none,0.0,
endurance,7,healthy,1119.0,78.46590543587995,78.40806392861099,608.6478441573113,1518.310170531321,66.21371104515977,30.11206945293791,6.088967300323676,0.25052145993792213,12.89185082900514,20.21645101892366,0.7378012675964658,3000.0,-4.5,0.45,none,0.0,
endurance,7,healthy,1120.0,78.46590517342764,78.33951178790386,612.2213354508605,1519.9644538257917,66.04321484255432,31.181289835010524,6.088967300323676,0.15865275528446315,12.95480714384617,20.174572573578438,0.7378012691999838,3000.0,-4.5,0.45,none,0.0,
endurance,7,healthy,1121.0,78.46590491722421,77.789374994611,615.1227821227516,1523.3924394023215,65.82391388477585,29.903908215824227,6.088967300323676,0.24241863513514622,12.949567304108719,19.969836864576134,0.7378012707653228,3000.0,-4.5,0.45,none,0.0,
endurance,7,healthy,1122.0,78.46590466712085,78.9218185120649,617.9694596667363,1523.3971689118775,66.59395248332793,31.06638535970312,6.088967300323676,0.2289308364466675,12.961948764016205,19.950712705290883,0.7378012722933918,3000.0,-4.5,0.45,none,0.0,
endurance,7,healthy,1123.0,78.46590442297234,78.67236796981697,615.1798819774509,1517.978045405414,66.2255734546834,29.785956681837607,6.088967300323676,0.2488239238794398,12.943155936034124,20.21086125137237,0.737801273785078,3000.0,-4.5,0.45,none,0.0,
endurance,7,healthy,1124.0,78.4659041846369,78.12635142127777,614.6477177033038,1529.306421066581,66.33402150624235,30.148669247567558,6.088967300323676,0.1822380620878536,12.875080466179321,20.10977736482684,0.7378012752412481,3000.0,-4.5,0.45,none,0.0,
endurance,7,healthy,1125.0,78.4659039519761,77.57974635873583,617.140783852466,1519.0001981283917,66.23113972727067,31.12107289581028,6.088967300323676,0.25058267664647993,12.903748683572184,20.14457817523211,0.7378012766627473,3000.0,-4.5,0.45,none,0.0,
endurance,7,healthy,1126.0,78.46590372485484,78.29327266656598,610.2861643615882,1523.4184369415284,66.16851967596045,30.667795687582654,6.088967300323676,0.16061126706528606,12.85500427885178,20.182137317752588,0.7378012780504015,3000.0,-4.5,0.45,none,0.0,
endurance,7,healthy,1127.0,78.46590350314123,78.97223885526418,608.138332569028,1515.4637525912,65.85228956907464,30.513093985346753,6.088967300323676,0.16402751033939597,12.911973292703967,20.05656400739954,0.7378012794050162,3000.0,-4.5,0.45,none,0.0,
endurance,7,healthy,1128.0,78.46590328670652,79.06125174605864,612.7676089328573,1510.5248307292281,66.1963153333783,30.599490014678473,6.088967300323676,0.16793366394401538,12.974458506251718,20.025620557780087,0.7378012807273782,3000.0,-4.5,0.45,none,0.0,
endurance,7,healthy,1129.0,78.46590307542502,77.9324432468419,609.0965339441394,1522.5460478825917,66.50238625895116,29.869297611478192,6.088967300323676,0.18977048622101286,12.982368633576623,20.090007921237603,0.7378012820182553,3000.0,-4.5,0.45,none,0.0,
endurance,7,healthy,1130.0,78.46590286917403,79.61439474107841,610.8375583806078,1510.59695310611,66.16900603506588,30.954137249601867,6.088967300323676,0.14485454818046406,12.968305515895016,20.15920393738728,0.7378012832783973,3000.0,-4.5,0.45,none,0.0,
endurance,7,healthy,1131.0,78.46590266783377,79.1010024670926,611.4287603500561,1532.299276599462,66.65572314396776,30.901299422979843,6.088967300323676,0.1357605044744583,12.931770684523752,20.00576814883532,0.737801284508536,3000.0,-4.5,0.45,none,0.0,
endurance,7,healthy,1132.0,78.46590247128734,79.35314946233515,615.2423647232062,1525.4839088281403,66.43885608987118,30.97253680853029,6.088967300323676,0.11390282559052073,13.01095291793625,19.95004878825331,0.7378012857093854,3000.0,-4.5,0.45,none,0.0,
endurance,7,healthy,1133.0,78.46590227942058,78.2624310521639,609.1901594800013,1521.4086491436278,66.37544484084854,30.45093129274341,6.088967300323676,0.24650539041806985,12.898363133304949,20.01978687360416,0.7378012868816435,3000.0,-4.5,0.45,none,0.0,
endurance,7,healthy,1134.0,78.46590209212206,78.02873377375528,615.2951882435508,1517.994755116236,66.39420983679962,30.258955471962622,6.088967300323676,0.2654147871770234,12.966575403019412,20.15280325976853,0.7378012880259905,3000.0,-4.5,0.45,none,0.0,
endurance,7,healthy,1135.0,78.46590190928305,77.8388114355717,612.0099387783588,1522.77140223073,66.2527085373669,29.594724604620115,6.088967300323676,0.09461058520587125,12.789627083145202,19.81153178678018,0.7378012891430912,3000.0,-4.5,0.45,none,0.0,
endurance,7,healthy,1136.0,78.46590173079734,78.7413464078569,613.5724807187667,1526.292560932415,66.39065225201429,30.81144041768084,6.088967300323676,0.17700147468197291,12.905853320967854,20.162321648855844,0.7378012902335942,3000.0,-4.5,0.45,none,0.0,
endurance,7,healthy,1137.0,78.46590155656129,77.84380852709742,611.443869542298,1524.900130221319,66.24503412771178,30.090317353350944,6.088967300323676,0.22941774688760685,13.004859390160751,19.777402361048814,0.7378012912981329,3000.0,-4.5,0.45,none,0.0,
endurance,7,healthy,1138.0,78.46590138647372,77.53977968650867,614.1594119487286,1516.626300057792,66.56853617256056,31.459661725604565,6.088967300323676,0.2415598622373006,12.919800656537861,19.735893070822335,0.7378012923373255,3000.0,-4.5,0.45,none,0.0,
endurance,7,healthy,1139.0,78.46590122043585,78.62194881566288,615.5279517761869,1517.8385841445377,66.50343443090983,30.53206281008044,6.088967300323676,0.2248349346815411,12.933694490872014,19.883595896904342,0.7378012933517754,3000.0,-4.5,0.45,none,0.0,
endurance,7,healthy,1140.0,78.46590105835126,79.11440298140447,610.2683983342669,1518.6589298638742,66.2089093912865,29.50255798078033,6.088967300323676,0.15546870582901678,12.918125363468656,20.22700674958525,0.7378012943420716,3000.0,-4.5,0.45,none,0.0,
endurance,7,healthy,1141.0,78.46590090012583,78.57741869851561,615.7513206704523,1513.585480713194,66.9638228891362,30.180815616947324,6.088967300323676,0.1817128818072376,12.950188343837961,20.016490859252,0.7378012953087895,3000.0,-4.5,0.45,none,0.0,
endurance,7,healthy,1142.0,78.46590074566768,78.42533574181465,610.1658688650248,1525.0923767257655,66.8636829577283,30.077508219471333,6.088967300323676,0.1326415243100173,12.93640749511499,19.831579725308426,0.7378012962524902,3000.0,-4.5,0.45,none,0.0,
endurance,7,healthy,1143.0,78.4659005948871,78.0170672353561,612.533820971216,1526.6239949670596,66.23759640022097,30.310991872727293,6.088967300323676,0.23292675839729396,12.958595826772191,19.736153302776756,0.7378012971737218,3000.0,-4.5,0.45,none,0.0,
endurance,7,healthy,1144.0,78.46590044769654,79.00363088265438,614.4582576989355,1521.3170351828549,66.06697086392133,30.33492899610379,6.088967300323676,0.28700528362785555,12.86551764147189,20.18874890808882,0.7378012980730193,3000.0,-4.5,0.45,none,0.0,
endurance,7,healthy,1145.0,78.46590030401052,77.69090178290737,614.4863384846134,1515.3783302750955,66.41653120836214,30.634087218639117,6.088967300323676,0.3148388080753663,12.983009059808788,19.989516744715846,0.7378012989509051,3000.0,-4.5,0.45,none,0.0,
endurance,7,healthy,1146.0,78.46590016374559,78.78592743024053,612.1087769867928,1515.692214365401,66.46369091317433,30.80206327579756,6.088967300323676,0.17938671260740052,12.822317949687715,20.081780766711063,0.7378012998078887,3000.0,-4.5,0.45,none,0.0,
endurance,7,healthy,1147.0,78.4659000268203,77.8716875997663,610.888139682788,1522.6959075843356,66.84103214021954,31.026192483949167,6.088967300323676,0.19583676005458897,12.923237726475229,19.98535609742953,0.7378013006444679,3000.0,-4.5,0.45,none,0.0,
endurance,7,healthy,1148.0,78.46589989315513,78.288197442424,615.7189005538793,1525.2840223076919,66.39613270365301,30.738694272986677,6.088967300323676,0.15343148990416888,12.878148195097175,19.843992571559745,0.7378013014611289,3000.0,-4.5,0.45,none,0.0,
endurance,7,healthy,1149.0,78.46589976267246,78.75482532985198,608.9792324586156,1526.8969579281393,66.06380530211189,30.144688366452264,6.088967300323676,0.2052245606663636,12.955044774309032,20.012109667026284,0.7378013022583452,3000.0,-4.5,0.45,none,0.0,
endurance,7,healthy,1150.0,78.46589963529654,78.177901616324,615.6539735669775,1511.0274101305774,65.51791157883535,29.665553177444494,6.088967300323676,0.2680955484380062,12.903890741923888,20.396081052307274,0.7378013030365803,3000.0,-4.5,0.45,none,0.0,
endurance,7,healthy,1151.0,78.46589951095336,78.78776166134607,609.6179929236098,1515.9571900531166,66.40266758457128,29.589041139694462,6.088967300323676,0.0983105566761201,12.934549140917914,19.835200586672556,0.737801303796286,3000.0,-4.5,0.45,none,0.0,
endurance,7,healthy,1152.0,78.46589938957075,78.46737823906894,613.9175253432793,1519.4188701859803,66.42111928153282,29.83858300657732,6.088967300323676,0.07024071234565304,12.924183052543743,20.098513568807725,0.7378013045379035,3000.0,-4.5,0.45,none,0.0,
endurance,7,healthy,1153.0,78.4658992710782,77.55252653009497,617.4112401278644,1524.5720722690503,65.9263363048831,30.836562114630247,6.088967300323676,0.22694980594996733,12.997799190340038,19.870479503550715,0.7378013052618633,3000.0,-4.5,0.45,none,0.0,
endurance,7,healthy,1154.0,78.4658991554069,78.6985995936667,616.1998753387295,1509.8197723875448,66.16880400454708,31.23973637988792,6.088967300323676,0.2645312033243911,12.981199401898802,20.130151210608847,0.737801305968586,3000.0,-4.5,0.45,none,0.0,
endurance,7,healthy,1155.0,78.46589904248968,78.66543993414274,610.6153542410744,1526.3285809554716,67.28147905400488,31.0061392112398,6.088967300323676,0.2563613511355072,12.952923147629438,19.873553994796126,0.737801306658482,3000.0,-4.5,0.45,none,0.0,
endurance,7,healthy,1156.0,78.46589893226096,78.93187215005399,613.9708068578852,1516.606887928568,65.70219713274265,30.932703981205375,6.088967300323676,0.24722661947093938,12.914486290679825,20.31293174788935,0.737801307331952,3000.0,-4.5,0.45,none,0.0,
endurance,7,healthy,1157.0,78.46589882465673,78.1533463821245,610.187721092907,1522.5342525254846,66.16273204866138,30.496530422131432,6.088967300323676,0.16735210435962453,12.929435186109208,19.730341285757085,0.7378013079893868,3000.0,-4.5,0.45,none,0.0,
endurance,7,healthy,1158.0,78.46589871961451,78.52469844665892,614.5723329956874,1521.9887657136553,65.83965576676769,31.183574187135125,6.088967300323676,0.2130314076036772,12.841766249649234,20.36589716850666,0.7378013086311686,3000.0,-4.5,0.45,none,0.0,
endurance,7,healthy,1159.0,78.4658986170733,78.83944781277543,618.4101226058165,1517.4460855905684,66.49124961189467,29.845589416507845,6.088967300323676,0.21716239206123555,12.97616940977643,19.838484619790105,0.7378013092576697,3000.0,-4.5,0.45,none,0.0,
endurance,7,healthy,1160.0,78.46589851697354,79.53619228598467,607.5049233248769,1521.9950429957098,66.05927100362757,30.37910022752388,6.088967300323676,0.22530491581813147,12.843987668842908,20.343847675602245,0.7378013098692542,3000.0,-4.5,0.45,none,0.0,
endurance,7,healthy,1161.0,78.4658984192571,78.31671030172087,613.7735599374558,1516.4671991404887,66.70447060928001,31.503204670068484,6.088967300323676,0.2058863267590567,12.915047602523963,20.075395619480222,0.7378013104662773,3000.0,-4.5,0.45,none,0.0,
endurance,7,healthy,1162.0,78.46589832386725,78.41942309344138,609.6860802430571,1517.0070171052903,65.7263823750356,30.351347009745894,6.088967300323676,0.2645008497842319,12.99240082213315,19.62430199525191,0.7378013110490854,3000.0,-4.5,0.45,none,0.0,
endurance,7,healthy,1163.0,78.46589823074859,78.75589774221066,615.2542807633039,1519.082054437233,65.99084155471112,30.260914289482034,6.088967300323676,0.1836332900923159,12.91302423762147,20.240096131421637,0.7378013116180171,3000.0,-4.5,0.45,none,0.0,
endurance,7,healthy,1164.0,78.46589813984704,78.5985852350913,611.2816814639182,1525.0113778638806,66.81583671641435,30.51717546252421,6.088967300323676,0.18520658245320884,12.805525501832468,19.904751195933727,0.7378013121734028,3000.0,-4.5,0.45,none,0.0,
endurance,7,healthy,1165.0,78.46589805110982,78.06279079453896,610.9796033294391,1522.430916591029,66.02914735508885,30.72064959558533,6.088967300323676,0.20182322561148383,12.896582852362776,19.963402815962226,0.7378013127155651,3000.0,-4.5,0.45,none,0.0,
endurance,7,healthy,1166.0,78.46589796448538,78.27276180300677,613.8355441044225,1526.7887783909246,66.50048915451947,31.745477758482906,6.088967300323676,0.2670446190104967,12.938799151848347,19.56878186299636,0.7378013132448188,3000.0,-4.5,0.45,none,0.0,
endurance,7,healthy,1167.0,78.46589787992343,78.38099798461629,613.2576601599984,1521.51487959735,65.58466984746777,30.730552355111424,6.088967300323676,0.18818018136254705,12.85900612041636,19.950719893336476,0.7378013137614712,3000.0,-4.5,0.45,none,0.0,
endurance,7,healthy,1168.0,78.46589779737486,78.22905046056152,606.2355301496912,1519.8859313065009,66.13629986238115,29.6466448288175,6.088967300323676,0.2329036493266159,12.858505175173269,20.049974990340846,0.7378013142658223,3000.0,-4.5,0.45,none,0.0,
endurance,7,healthy,1169.0,78.46589771679173,78.20862588067781,614.0034315866334,1522.7938861485877,65.88171553840297,29.150655724581902,6.088967300323676,0.2115810571320673,12.940988493822529,19.758501116897765,0.737801314758165,3000.0,-4.5,0.45,none,0.0,
endurance,7,healthy,1170.0,78.46589763812725,78.70409933633664,608.4732577853569,1520.8946833601156,66.04232256079293,30.570662796256496,6.088967300323676,0.19699345494540857,12.990137362209616,19.799522647983864,0.7378013152387853,3000.0,-4.5,0.45,none,0.0,
endurance,7,healthy,1171.0,78.46589756133572,78.47374972375131,610.1027795328872,1515.3396322569304,66.75289230980532,30.48141226429358,6.088967300323676,0.16429220532950242,12.998710443077774,20.235432635164404,0.7378013157079624,3000.0,-4.5,0.45,none,0.0,
endurance,7,healthy,1172.0,78.46589748637257,78.03278978372329,617.3983871285596,1521.3017585435668,65.52905887918632,29.83648328731322,6.088967300323676,0.21591221426026752,12.988880828495235,20.026318793762616,0.7378013161659684,3000.0,-4.5,0.45,none,0.0,
endurance,7,healthy,1173.0,78.46589741319426,79.4497796260734,618.287451179765,1521.826243271102,66.36171126893917,29.901171392440027,6.088967300323676,0.1423412317808524,12.898853699553062,20.36339867603859,0.7378013166130697,3000.0,-4.5,0.45,none,0.0,
endurance,7,healthy,1174.0,78.46589734175828,78.8918859753245,614.3690879562484,1522.655672193108,66.36426511687542,31.130430437825773,6.088967300323676,0.14707822501383644,12.929362153159897,20.197051957777298,0.7378013170495257,3000.0,-4.5,0.45,none,0.0,
endurance,7,healthy,1175.0,78.46589727202316,78.62572963142094,618.1366692491797,1516.5447540447753,66.50433831402371,30.442271254285647,6.088967300323676,0.2755510011420167,12.952098182738185,19.73923732156526,0.7378013174755899,3000.0,-4.5,0.45,none,0.0,
endurance,7,healthy,1176.0,78.4658972039484,78.72727179290807,613.3012113637467,1516.8429650238395,65.53607892548501,30.45804871590555,6.088967300323676,0.12115459359334992,12.891596992797695,20.09981642626425,0.7378013178915095,3000.0,-4.5,0.45,none,0.0,
endurance,7,healthy,1177.0,78.46589713749447,78.93163836187205,607.7113802545094,1524.435299242268,65.20287466448332,30.583236052518398,6.088967300323676,0.20698653839853925,12.926237167214431,20.222766674667582,0.7378013182975265,3000.0,-4.5,0.45,none,0.0,
endurance,7,healthy,1178.0,78.46589707262277,78.18467060139372,612.6157861651755,1523.9565804846811,65.97452499135836,30.20553085161676,6.088967300323676,0.2056512420749958,12.931120557955468,20.218529739399976,0.7378013186938763,3000.0,-4.5,0.45,none,0.0,
endurance,7,healthy,1179.0,78.46589700929565,79.22020671125588,616.7346710922412,1523.1079596933039,67.33258248740533,30.582303144542326,6.088967300323676,0.1839221913731334,12.910769088782446,19.80471683871628,0.7378013190807893,3000.0,-4.5,0.45,none,0.0,
endurance,7,healthy,1180.0,78.46589694747631,78.66919112503658,609.3694919484378,1514.7305215020492,66.37904696991285,29.864591844225362,6.088967300323676,0.2577298132420367,12.938179546074899,19.952670183008436,0.7378013194584899,3000.0,-4.5,0.45,none,0.0,
endurance,7,healthy,1181.0,78.46589688712886,78.60805495462994,617.9318831866584,1518.5811416263127,65.9735509772514,30.698160436879345,6.088967300323676,0.15096096376010154,12.892585039011394,20.230357719597876,0.7378013198271978,3000.0,-4.5,0.45,none,0.0,
endurance,7,healthy,1182.0,78.46589682821826,78.46897336690053,613.5389481263053,1513.4069287652194,66.07966974548754,30.303302615340034,6.088967300323676,0.10223041785230169,12.941362680418623,19.360748591297764,0.7378013201871267,3000.0,-4.5,0.45,none,0.0,
endurance,7,healthy,1183.0,78.46589677071029,78.2693730457109,613.0350768585108,1524.8982626248683,66.45520879150298,30.336026244009172,6.088967300323676,0.18286237401476924,12.918872207381533,19.868241398007406,0.7378013205384861,3000.0,-4.5,0.45,none,0.0,
endurance,7,healthy,1184.0,78.46589671457156,78.21771143007076,616.9397709559681,1523.5019230029845,65.81297827354541,30.732495915186263,6.088967300323676,0.21111043983146932,12.969092472308823,20.075447722068997,0.7378013208814798,3000.0,-4.5,0.45,none,0.0,
endurance,7,healthy,1185.0,78.46589665976946,78.22477606272071,609.648510851838,1521.0241745970218,66.19369636360906,29.60609689520975,6.088967300323676,0.20334449520198475,12.957612614604642,19.939783253063336,0.7378013212163068,3000.0,-4.5,0.45,none,0.0,
endurance,7,healthy,1186.0,78.46589660627217,78.84758190984512,611.2637341719975,1512.1110841633595,66.98289497820357,29.754261645628468,6.088967300323676,0.2161255164005308,12.93039411952168,19.949472049767497,0.7378013215431619,3000.0,-4.5,0.45,none,0.0,
endurance,7,healthy,1187.0,78.46589655404863,78.37750005613628,612.1884165376421,1510.8294389176585,66.56778910591444,30.16218954619592,6.088967300323676,0.24001435813670174,12.898626681275841,20.249872897113534,0.7378013218622347,3000.0,-4.5,0.45,none,0.0,
endurance,7,healthy,1188.0,78.4658965030685,79.15284836935807,615.4566344712151,1513.8379161283385,66.70807409177054,30.419823363904193,6.088967300323676,0.16810833647786436,12.929016798161317,20.039149370354924,0.7378013221737105,3000.0,-4.5,0.45,none,0.0,
endurance,7,healthy,1189.0,78.4658964533022,78.24265025287698,609.6980282038087,1519.631687482542,66.09696389348147,29.891959953200963,6.088967300323676,0.18924911117303936,12.97057236634752,19.69047371087522,0.7378013224777702,3000.0,-4.5,0.45,none,0.0,
endurance,7,healthy,1190.0,78.4658964047208,79.05237017989043,612.8510565791203,1519.6941187592554,66.53474874213046,30.345998973628227,6.088967300323676,0.18925757499766271,12.90384298159154,20.023886400238485,0.7378013227745904,3000.0,-4.5,0.45,none,0.0,
endurance,7,healthy,1191.0,78.46589635729609,78.54693501989591,605.8049769229904,1516.9603505304608,66.29860120625688,30.9504809529299,6.088967300323676,0.271073357393964,12.887678183350026,19.856126165145703,0.7378013230643434,3000.0,-4.5,0.45,none,0.0,
endurance,7,healthy,1192.0,78.46589631100055,77.58659356442124,610.6196931185827,1519.854043581889,66.07159752936587,29.523269104361685,6.088967300323676,0.23376413303572458,12.885809006066161,19.97095286914976,0.7378013233471976,3000.0,-4.5,0.45,none,0.0,
endurance,7,healthy,1193.0,78.46589626580729,78.40560212760246,615.2890456388318,1523.7965007878145,66.63250341765784,30.687136891293605,6.088967300323676,0.15399389084922285,12.919553716851727,19.658810549173552,0.7378013236233172,3000.0,-4.5,0.45,none,0.0,
endurance,7,healthy,1194.0,78.46589622169006,77.9943592778377,614.8842450924544,1519.6384414221732,66.84411655100683,30.22086956849384,6.088967300323676,0.2510680574069704,12.987618780645183,19.743477490794678,0.7378013238928625,3000.0,-4.5,0.45,none,0.0,
endurance,7,healthy,1195.0,78.46589617862324,78.17919972835537,612.277247951367,1516.9891954398734,66.570321394168,30.900845472311186,6.088967300323676,0.21112495037889584,12.889020257786832,19.985653431267806,0.73780132415599,3000.0,-4.5,0.45,none,0.0,
endurance,7,healthy,1196.0,78.46589613658182,78.17868675246898,616.030625705307,1521.1867257559477,65.27219533850665,30.44813562988477,6.088967300323676,0.13555160373404676,12.871642542174332,20.084489723232316,0.7378013244128525,3000.0,-4.5,0.45,none,0.0,
endurance,7,healthy,1197.0,78.46589609554138,78.69311417476536,614.306258369787,1522.0081154393094,66.11096783638848,29.527635054471766,6.088967300323676,0.24194398781389076,12.970502127773091,20.40215475630948,0.7378013246635994,3000.0,-4.5,0.45,none,0.0,
endurance,7,healthy,1198.0,78.4658960554781,78.70345722612088,613.2507988179647,1524.4649725898496,66.20672158267679,31.026380245174245,6.088967300323676,0.18464682139753205,12.921434663035615,20.06470477287039,0.7378013249083759,3000.0,-4.5,0.45,none,0.0,
endurance,7,healthy,1199.0,78.4658960163687,77.24424481999075,609.1779364471076,1518.1389540143757,66.67379039795014,30.02953577749627,6.088967300323676,0.1834072984680827,12.868764079327608,19.841418922335365,0.7378013251473245,3000.0,-4.5,0.45,none,0.0,
endurance,7,healthy,1200.0,78.46589597819047,78.20419369645082,619.1011836730147,1524.0886328098215,65.89471311614952,30.553714787053433,6.088967300323676,0.2483950534468381,12.918033204378725,19.617425279886326,0.7378013253805841,3000.0,-4.5,0.45,none,0.0,
endurance,7,healthy,1201.0,78.46589594092126,78.0704127074941,613.0782939753675,1513.6754030705488,66.1893972942146,30.620702641604822,6.088967300323676,0.1737433191351201,12.950338140965764,20.031303635655938,0.7378013256082896,3000.0,-4.5,0.45,none,0.0,
endurance,7,healthy,1202.0,78.46589590453941,78.24136510081942,610.4881369395458,1520.169202330964,66.29272788880881,30.94095271830447,6.088967300323676,0.11215201413012948,12.932478961452482,20.010524659584124,0.7378013258305736,3000.0,-4.5,0.45,none,0.0,
endurance,7,healthy,1203.0,78.46589586902378,77.86268594837898,619.4494023522766,1522.8131499489168,66.24621234539751,30.699728604467523,6.088967300323676,0.12225817322181996,12.906052077833722,19.914170468123903,0.7378013260475653,3000.0,-4.5,0.45,none,0.0,
endurance,7,healthy,1204.0,78.46589583435377,77.80285508920998,611.8417833945683,1527.6462139780901,66.7010674205745,30.660366598530885,6.088967300323676,0.23060960224742424,12.931321286955393,19.996246192920562,0.7378013262593903,3000.0,-4.5,0.45,none,0.0,
endurance,7,healthy,1205.0,78.46589580050924,77.65730941483125,613.2375513187151,1519.380245436974,65.28569595093911,30.233409469353933,6.088967300323676,0.1958629174312432,12.947290270250415,19.892761779394938,0.7378013264661719,3000.0,-4.5,0.45,none,0.0,
endurance,7,healthy,1206.0,78.46589576747053,77.84600079036049,616.366763520037,1518.238519201553,65.66325645859904,30.750653135898297,6.088967300323676,0.11113952204255034,12.810164610677388,19.76036578273103,0.7378013266680303,3000.0,-4.5,0.45,none,0.0,
endurance,7,healthy,1207.0,78.46589573521845,77.94728153244488,607.6312708383447,1514.9382511939461,66.563751115304,30.595161176395536,6.088967300323676,0.2450449528438411,12.94350818276941,19.799586429227304,0.7378013268650824,3000.0,-4.5,0.45,none,0.0,
endurance,7,healthy,1208.0,78.46589570373429,77.93755395564169,605.984630652111,1521.1842370437705,66.29828655310764,31.465306425984338,6.088967300323676,0.17192237419776082,13.04049738744124,19.65046744487777,0.7378013270574427,3000.0,-4.5,0.45,none,0.0,
endurance,7,healthy,1209.0,78.46589567299975,78.43259493674972,610.3617675653362,1521.5204623147708,65.6592604083265,30.557717467015305,6.088967300323676,0.20377982042370263,12.74915800847915,19.524934960636013,0.7378013272452231,3000.0,-4.5,0.45,none,0.0,
endurance,7,healthy,1210.0,78.46589564299698,78.46668859210763,614.8704912160581,1522.0590933870353,66.04852014469704,30.748383154605893,6.088967300323676,0.28668548216866296,12.946186995641211,20.20504479645658,0.7378013274285324,3000.0,-4.5,0.45,none,0.0,
endurance,7,healthy,1211.0,78.46589561370857,78.41561484509126,611.4987444077547,1517.109168704911,66.23720976964614,30.143137553652256,6.088967300323676,0.21225919558134798,12.935618241135948,19.903752281413972,0.7378013276074774,3000.0,-4.5,0.45,none,0.0,
endurance,7,healthy,1212.0,78.4658955851175,78.10376318847379,615.8823730859332,1522.9116639130104,66.5068559851339,30.729637354789627,6.088967300323676,0.2089162784493361,12.95884762280048,19.866436823273848,0.7378013277821618,3000.0,-4.5,0.45,none,0.0,
endurance,7,healthy,1213.0,78.46589555720716,78.74826094249298,612.1455399449256,1518.1073373319846,65.83325846724581,31.11624374421119,6.088967300323676,0.16161023254495946,12.94720715491506,20.071633983409257,0.7378013279526869,3000.0,-4.5,0.45,none,0.0,
endurance,7,healthy,1214.0,78.46589552996136,78.31631479503766,608.4601411244803,1517.5472801212577,66.16976271946515,29.998714697908,6.088967300323676,0.1793017868680139,12.895193863123698,19.763671021599237,0.7378013281191518,3000.0,-4.5,0.45,none,0.0,
endurance,7,healthy,1215.0,78.46589550336427,78.49870007281626,610.5196887028426,1514.6429650133605,66.06456412238366,30.222715714121488,6.088967300323676,0.23618813193804142,12.91664359766911,19.7580011391438,0.7378013282816535,3000.0,-4.5,0.45,none,0.0,
endurance,7,healthy,1216.0,78.46589547740044,79.04225090716692,606.4189949322035,1511.7657363050243,65.67074318643462,30.995253812230704,6.088967300323676,0.14056719463140885,12.893535796967273,20.40491569945563,0.737801328440286,3000.0,-4.5,0.45,none,0.0,
endurance,7,healthy,1217.0,78.4658954520548,78.24089271770772,614.0245840215648,1518.287626851402,66.8505044545066,30.68914670876064,6.088967300323676,0.2353011948770294,12.903023837691254,20.220064828463357,0.7378013285951415,3000.0,-4.5,0.45,none,0.0,
endurance,7,healthy,1218.0,78.46589542731262,79.39340179689857,612.478435702474,1521.7469313649115,65.72052001810903,31.20586712578293,6.088967300323676,0.14485311774414955,12.912587558014783,20.198489272459263,0.7378013287463101,3000.0,-4.5,0.45,none,0.0,
endurance,7,healthy,1219.0,78.46589540315954,77.89180375209625,612.4651778568598,1524.2344390912517,65.52600214679764,30.24604780467294,6.088967300323676,0.06645615920809564,12.942511919369728,19.848211610129194,0.7378013288938793,3000.0,-4.5,0.45,none,0.0,
endurance,7,healthy,1220.0,78.46589537958153,78.44177918192644,610.6294000733087,1522.9540637609668,66.76824699108043,31.038763320464003,6.088967300323676,0.19344922822773997,12.860943352547425,19.887296581332127,0.737801329037935,3000.0,-4.5,0.45,none,0.0,
endurance,7,healthy,1221.0,78.4658953565649,78.1949365304811,612.6456582333074,1518.0766368523514,66.58528207780184,30.187597588590226,6.088967300323676,0.08408126425282131,12.956098054462519,20.198877048432863,0.7378013291785608,3000.0,-4.5,0.45,none,0.0,
endurance,7,healthy,1222.0,78.46589533409629,78.87525850484046,612.6233067048388,1513.0408050469343,66.38945294042395,30.212174182050276,6.088967300323676,0.13677912911856688,12.965339018513646,20.03727635134608,0.7378013293158385,3000.0,-4.5,0.45,none,0.0,
endurance,7,healthy,1223.0,78.46589531216264,78.73411391270906,612.9233530307448,1516.7689709882193,65.98889122320406,30.6918219319708,6.088967300323676,0.23099685160798009,12.916363701912227,19.429057738792615,0.7378013294498476,3000.0,-4.5,0.45,none,0.0,
endurance,7,healthy,1224.0,78.46589529075123,79.26136112332767,620.8519072724583,1520.044393639004,66.45305469155464,30.717412551186342,6.088967300323676,0.26350565518883207,12.976544662294806,19.87005161458417,0.737801329580666,3000.0,-4.5,0.45,none,0.0,
endurance,7,healthy,1225.0,78.46589526984963,78.49492463086557,614.1607605755497,1522.6316081293016,66.1364086216084,30.694240936924444,6.088967300323676,0.2582965094889499,12.97552420709949,19.89553082577519,0.7378013297083695,3000.0,-4.5,0.45,none,0.0,
endurance,7,healthy,1226.0,78.46589524944567,77.49407248846205,612.4886530650933,1519.1188358432903,66.19109643192212,29.666512411237786,6.088967300323676,0.13189127900939565,12.985619649819341,19.955905974862354,0.7378013298330326,3000.0,-4.5,0.45,none,0.0,
endurance,7,healthy,1227.0,78.46589522952752,79.04919269601307,614.2992179521373,1520.5607349344998,66.08297655691456,29.682556083518122,6.088967300323676,0.2166885299734939,12.919557817557275,19.94718298904657,0.7378013299547276,3000.0,-4.5,0.45,none,0.0,
endurance,7,healthy,1228.0,78.46589521008362,78.45492054838036,618.8556724248681,1516.4354178035849,65.91584123440457,29.943622544552507,6.088967300323676,0.20601316205963274,12.936995944226483,20.365335690874662,0.7378013300735249,3000.0,-4.5,0.45,none,0.0,
endurance,7,healthy,1229.0,78.46589519110266,78.82994441808388,613.814589209142,1523.0904212789885,66.55345713927603,30.476276362854804,6.088967300323676,0.21365536392297826,12.93145302882817,20.08209492247102,0.7378013301894939,3000.0,-4.5,0.45,none,0.0,
endurance,7,healthy,1230.0,78.46589517257362,77.88001104982789,616.1457985827861,1523.2662713391694,65.44356790491325,29.64094828791022,6.088967300323676,0.17108623319012903,12.90989375123555,20.289092798083004,0.7378013303027016,3000.0,-4.5,0.45,none,0.0,
endurance,7,healthy,1231.0,78.46589515448576,78.35907480612566,608.7490084958049,1521.7452275182256,66.59497257265237,30.314810168405568,6.088967300323676,0.18669526925044908,12.899649290508556,20.138892509338923,0.7378013304132138,3000.0,-4.5,0.45,none,0.0,
endurance,7,healthy,1232.0,78.46589513682856,78.498411067372,608.6222755066224,1512.5029382472962,66.17068445639025,29.797330741995786,6.088967300323676,0.17044774077106983,12.959171405812672,20.32712768125032,0.7378013305210949,3000.0,-4.5,0.45,none,0.0,
endurance,7,healthy,1233.0,78.46589511959178,78.91875563244294,617.3258559486881,1526.6806260849507,65.43838665730674,31.06339060306714,6.088967300323676,0.21940252574952482,12.925309496156732,19.75863442188522,0.7378013306264074,3000.0,-4.5,0.45,none,0.0,
endurance,7,healthy,1234.0,78.46589510276539,78.69036292519245,613.4858250348091,1519.0639307092847,65.90706636721245,30.994494941736036,6.088967300323676,0.19484513547668328,12.945299405125903,20.141002151527513,0.7378013307292124,3000.0,-4.5,0.45,none,0.0,
endurance,7,healthy,1235.0,78.46589508633963,78.4056445141736,612.7927232572916,1509.9374999121806,65.64880600521978,30.259002792692332,6.088967300323676,0.21283625053946667,12.963748850893026,20.095398987894544,0.7378013308295698,3000.0,-4.5,0.45,none,0.0,
endurance,7,healthy,1236.0,78.46589507030495,78.55807976100348,615.3316425135994,1515.5145208311242,65.77381073924838,29.79892976187939,6.088967300323676,0.1949172775414125,12.858154929855756,19.897943984044097,0.7378013309275375,3000.0,-4.5,0.45,none,0.0,
endurance,7,healthy,1237.0,78.46589505465205,78.91332740190528,612.9779609059286,1520.3678741290896,65.5902275504085,31.2935168108954,6.088967300323676,0.18895101284108284,12.967641190796156,19.944964670322566,0.7378013310231729,3000.0,-4.5,0.45,none,0.0,
endurance,7,healthy,1238.0,78.46589503937184,78.15776787313459,614.9943431093126,1516.355144585089,65.8104026224167,30.04364197198876,6.088967300323676,0.15814974495432815,12.95239552217814,19.933759357336513,0.7378013311165312,3000.0,-4.5,0.45,none,0.0,
endurance,7,healthy,1239.0,78.46589502445545,79.0038072235659,614.0375921258321,1518.5710028791307,66.02346876330657,29.917776848935258,6.088967300323676,0.2130408490177959,12.990610357838227,20.009303706189577,0.7378013312076666,3000.0,-4.5,0.45,none,0.0,
endurance,7,healthy,1240.0,78.46589500989421,78.71200118505091,611.1295196717552,1512.933308018921,65.89351358794737,29.561716513152582,6.088967300323676,0.2090258912858402,12.919871517913954,19.970393222906353,0.7378013312966322,3000.0,-4.5,0.45,none,0.0,
endurance,7,healthy,1241.0,78.46589499567966,79.43016415801719,612.0362289146395,1521.7961605960484,66.55594356383561,31.23293385288513,6.088967300323676,0.2182072431983663,12.895400014586151,20.18343157865473,0.7378013313834795,3000.0,-4.5,0.45,none,0.0,
endurance,7,healthy,1242.0,78.46589498180356,78.36053426831884,614.7148768166576,1522.2275338780098,65.95139066455954,30.722121116228628,6.088967300323676,0.1147438424101118,12.891219004534976,19.80666667727197,0.737801331468259,3000.0,-4.5,0.45,none,0.0,
endurance,7,healthy,1243.0,78.46589496825784,78.25005671831333,616.4825784662768,1525.9535936843204,66.24402397031298,29.431958409030617,6.088967300323676,0.2349282490541156,12.983801172747265,19.97444230160828,0.7378013315510199,3000.0,-4.5,0.45,none,0.0,
endurance,7,healthy,1244.0,78.46589495503464,78.03583637531182,616.0997366391756,1524.2911834714705,66.62683230328591,30.08715392916759,6.088967300323676,0.24109231218354316,12.87719190619896,20.459842219133318,0.7378013316318104,3000.0,-4.5,0.45,none,0.0,
endurance,7,healthy,1245.0,78.46589494212628,78.50735164747347,609.5240698059499,1515.788028078494,65.34141346090611,31.34852183863073,6.088967300323676,0.2130697592409747,12.921167390642854,19.997236128803138,0.7378013317106773,3000.0,-4.5,0.45,none,0.0,
endurance,7,healthy,1246.0,78.46589492952526,79.26461540674177,611.1984749802789,1525.2073236161273,65.51186837744758,30.40546769726696,6.088967300323676,0.2250959205155121,12.934965142819978,20.00096753508615,0.7378013317876664,3000.0,-4.5,0.45,none,0.0,
endurance,7,healthy,1247.0,78.46589491722426,78.1860464329751,611.4496788396822,1526.056207515891,66.22584410135633,30.300978044592313,6.088967300323676,0.12210455092546468,12.970462894934046,20.0375150544213,0.7378013318628224,3000.0,-4.5,0.45,none,0.0,
endurance,7,healthy,1248.0,78.46589490521615,79.04582190173498,610.8884916471868,1529.6647898905262,66.32887930323719,30.5373499374168,6.088967300323676,0.21276779293991696,12.874274606898707,20.1250718316647,0.7378013319361889,3000.0,-4.5,0.45,none,0.0,
endurance,7,healthy,1249.0,78.46589489349394,78.80910863176585,608.1131683630449,1512.7695536716926,66.62625219474266,31.18362031508564,6.088967300323676,0.19043057105166608,12.971056721696199,20.037468147135705,0.7378013320078087,3000.0,-4.5,0.45,none,0.0,
endurance,7,healthy,1250.0,78.46589488205083,77.92134365594939,609.6622725213172,1526.0962095872594,65.95229566700516,30.849482633617132,6.088967300323676,0.12568235080036916,12.918658210135902,19.90874330593089,0.7378013320777232,3000.0,-4.5,0.45,none,0.0,
endurance,7,healthy,1251.0,78.46589487088018,79.00048302834114,613.8928091900104,1531.6750310994676,66.1341661584843,30.369656092802394,6.088967300323676,0.1505178603133472,12.984258061200748,19.946345813960708,0.7378013321459731,3000.0,-4.5,0.45,none,0.0,
endurance,7,healthy,1252.0,78.46589485997549,79.15827653638762,611.3584907800678,1520.779659219484,66.91888128885113,30.197763858128585,6.088967300323676,0.21096819761626695,12.959393473056188,19.860250033372754,0.737801332212598,3000.0,-4.5,0.45,none,0.0,
endurance,7,healthy,1253.0,78.46589484933044,77.42412628898582,609.9008911075499,1519.0121119696762,66.38430658303537,30.054995404146155,6.088967300323676,0.13699831989301792,12.88527764552335,20.122470027693417,0.7378013322776367,3000.0,-4.5,0.45,none,0.0,
endurance,7,healthy,1254.0,78.46589483893884,78.55675982507374,616.3910528926125,1521.208894198852,65.59298206809375,30.479350409974703,6.088967300323676,0.25205572506521234,12.951967891285795,20.126345517248513,0.7378013323411268,3000.0,-4.5,0.45,none,0.0,
endurance,7,healthy,1255.0,78.46589482879466,78.49189638111346,611.124664679537,1520.5791276994942,66.41698964248462,31.393134765523186,6.088967300323676,0.16213104116258423,12.89312675443051,20.021892470598033,0.7378013324031052,3000.0,-4.5,0.45,none,0.0,
endurance,7,healthy,1256.0,78.46589481889201,78.67550348976118,614.6971639937873,1521.888786727673,67.12729493783803,30.30680051035255,6.088967300323676,0.2149876614771827,12.868852719950237,20.22766486508277,0.7378013324636079,3000.0,-4.5,0.45,none,0.0,
endurance,7,healthy,1257.0,78.46589480922513,78.89143517381409,613.2880861216985,1523.5008315342486,66.21874943412035,30.364293327356403,6.088967300323676,0.19033743028887862,12.868293519191782,19.694501976404258,0.73780133252267,3000.0,-4.5,0.45,none,0.0,
endurance,7,healthy,1258.0,78.46589479978843,79.11177528761993,616.0812772681952,1519.4699043975131,67.04196520296894,30.22789584452771,6.088967300323676,0.24800451926676986,12.904733519641079,19.927359912804032,0.737801332580326,3000.0,-4.5,0.45,none,0.0,
endurance,7,healthy,1259.0,78.4658947905764,77.93807971296565,612.8845908060844,1516.9202239391047,66.95705767241793,30.652911898356532,6.088967300323676,0.16599279548719734,12.910457343757376,20.340279948891325,0.7378013326366091,3000.0,-4.5,0.45,none,0.0,
endurance,7,healthy,1260.0,78.46589478158371,78.10666242189303,610.6945289257184,1521.5484744208989,66.00524839272758,30.59459835035872,6.088967300323676,0.20866507410861457,12.887186036237852,20.22477005611405,0.7378013326915522,3000.0,-4.5,0.45,none,0.0,
endurance,7,healthy,1261.0,78.46589477280513,78.54172217025149,611.9736348134628,1522.1222307062897,66.31861288982176,30.429404690434744,6.088967300323676,0.18386907506443956,12.848876358881745,19.589059014311033,0.7378013327451871,3000.0,-4.5,0.45,none,0.0,
endurance,7,healthy,1262.0,78.46589476423556,78.69131938723143,612.4557687913356,1515.4249817799246,65.96610015239547,30.845847350974427,6.088967300323676,0.22067581682891457,12.766886887239671,19.66743204535796,0.737801332797545,3000.0,-4.5,0.45,none,0.0,
endurance,7,healthy,1263.0,78.46589475587002,78.12045608644924,614.5619391169388,1521.815287861021,65.39304442924441,29.779330190316905,6.088967300323676,0.1247241342133974,12.835329214399716,20.19150866180616,0.7378013328486563,3000.0,-4.5,0.45,none,0.0,
endurance,7,healthy,1264.0,78.46589474770367,78.58501660411191,612.2354784977314,1515.7419357265658,66.9548578670779,30.44337846355563,6.088967300323676,0.15823007202082312,12.951613752124196,20.22580952705515,0.7378013328985509,3000.0,-4.5,0.45,none,0.0,
endurance,7,healthy,1265.0,78.46589473973177,78.23622383577691,608.3081232134714,1521.8707104069779,65.84997929064895,30.754873190701662,6.088967300323676,0.20547092180376433,12.947572487162894,19.914505635342106,0.7378013329472571,3000.0,-4.5,0.45,none,0.0,
endurance,7,healthy,1266.0,78.46589473194966,77.8914848373143,613.2638235343508,1526.8273422093448,67.31135759049707,29.923798176848248,6.088967300323676,0.2240111649357288,12.887463162869862,20.08477446438277,0.7378013329948039,3000.0,-4.5,0.45,none,0.0,
endurance,7,healthy,1267.0,78.46589472435285,77.82253115751185,614.5564670285927,1514.9706295517324,66.88105898351425,30.60037011102519,6.088967300323676,0.3218889725217487,12.902779891496712,20.154833042925937,0.7378013330412185,3000.0,-4.5,0.45,none,0.0,
endurance,7,healthy,1268.0,78.46589471693692,77.27223084191536,613.4731815195305,1517.8447053885825,66.70057631449122,30.03073594377543,6.088967300323676,0.20425804580970539,12.930608654164352,19.741801802045146,0.737801333086528,3000.0,-4.5,0.45,none,0.0,
endurance,7,healthy,1269.0,78.46589470969755,77.75108199533224,612.8646583803613,1524.7101864168067,66.41020799694161,31.076350008293126,6.088967300323676,0.16016770746017134,12.93963806445237,20.071058211734588,0.7378013331307587,3000.0,-4.5,0.45,none,0.0,
endurance,7,healthy,1270.0,78.46589470263055,79.2795475709005,613.2470667045078,1523.7921074665915,66.98071627384462,30.57235404184733,6.088967300323676,0.09712466388308583,12.88168979326505,19.766906250013403,0.7378013331739364,3000.0,-4.5,0.45,none,0.0,
endurance,7,healthy,1271.0,78.4658946957318,77.92199186300765,614.2192403230977,1522.1613606209128,66.27623756831292,29.811322160466865,6.088967300323676,0.2577153156468112,12.955461952830992,20.164575514707124,0.737801333216086,3000.0,-4.5,0.45,none,0.0,
endurance,7,healthy,1272.0,78.46589468899732,78.02153681700109,615.2581834935886,1514.2649930297282,65.43650251959832,30.388440046329997,6.088967300323676,0.19013502234361948,12.944610081555526,19.713233316242118,0.737801333257232,3000.0,-4.5,0.45,none,0.0,
endurance,7,healthy,1273.0,78.46589468242318,78.56441249487088,617.7583161527201,1516.4236598233108,66.8507945388932,30.38282784099307,6.088967300323676,0.13068049227800893,12.936869624869624,20.109695764366236,0.7378013332973983,3000.0,-4.5,0.45,none,0.0,
endurance,7,healthy,1274.0,78.46589467600558,78.60817245036957,607.6543010392761,1517.3965580833633,66.23453842650767,30.30414836821913,6.088967300323676,0.24016772705489617,12.840535555527753,19.602392101084046,0.7378013333366082,3000.0,-4.5,0.45,none,0.0,
endurance,7,healthy,1275.0,78.46589466974076,78.93818205848736,612.381333054248,1513.9587757861245,65.8047770897831,30.77839569542829,6.088967300323676,0.2833274343075443,12.871309852208656,20.196617432179444,0.7378013333748847,3000.0,-4.5,0.45,none,0.0,
endurance,7,healthy,1276.0,78.46589466362511,78.95124204623157,612.8251708222122,1521.1327229073106,65.84845561076588,31.013430174809457,6.088967300323676,0.22193616998210242,12.907461624782222,19.792548085886366,0.7378013334122498,3000.0,-4.5,0.45,none,0.0,
endurance,7,healthy,1277.0,78.46589465765507,78.60778027005061,613.4547784651198,1525.0401186968375,66.77038107039014,29.79308225958464,6.088967300323676,0.10427596147062222,12.902391867119633,19.86064499817025,0.7378013334487252,3000.0,-4.5,0.45,none,0.0,
endurance,7,healthy,1278.0,78.46589465182717,78.77412330863208,613.0417147116987,1519.2741450385597,66.4108445133848,30.265090079137938,6.088967300323676,0.1910172587942982,12.896664534111872,19.898853869538883,0.7378013334843323,3000.0,-4.5,0.45,none,0.0,
endurance,7,healthy,1279.0,78.46589464613803,79.16767214468221,613.9939278086323,1518.7466295037434,66.68155172852882,30.599078764582398,6.088967300323676,0.23932128910892153,12.932569544819888,19.88053175260973,0.7378013335190914,3000.0,-4.5,0.45,none,0.0,
endurance,7,healthy,1280.0,78.46589464058434,78.94227427237466,611.7010738938645,1531.7274606049452,65.5798459962177,30.96446273835657,6.088967300323676,0.1854128042836644,12.8548377349757,20.22593708011839,0.7378013335530231,3000.0,-4.5,0.45,none,0.0,
endurance,7,healthy,1281.0,78.46589463516288,78.87076176418967,608.7834070285847,1524.70478136972,65.89472863887927,30.376230345060023,6.088967300323676,0.20916497102500903,12.964041718082711,20.20341593401008,0.7378013335861469,3000.0,-4.5,0.45,none,0.0,
endurance,7,healthy,1282.0,78.46589462987052,77.92046201181864,610.9667943334396,1513.1070385923085,65.64196907022955,30.635918428863697,6.088967300323676,0.22495896349057276,12.976151765477944,19.961039035796514,0.7378013336184819,3000.0,-4.5,0.45,none,0.0,
endurance,7,healthy,1283.0,78.46589462470416,77.27591327954644,614.9744726301806,1520.8441739955097,66.5568330556921,30.907062454071742,6.088967300323676,0.21040530937758106,13.034793947125753,20.16981059597168,0.737801333650047,3000.0,-4.5,0.45,none,0.0,
endurance,7,healthy,1284.0,78.46589461966082,78.1599005201621,609.993580597661,1518.5290017453817,67.48526484949545,29.46426109417448,6.088967300323676,0.19055149189338633,12.957526436826091,20.43075068009114,0.7378013336808606,3000.0,-4.5,0.45,none,0.0,
endurance,7,healthy,1285.0,78.46589461473755,78.00652955869654,616.579371365303,1529.5609988593994,66.00042742035751,30.901097702355834,6.088967300323676,0.15579596181019764,12.916497927553076,20.083890339386944,0.7378013337109406,3000.0,-4.5,0.45,none,0.0,
endurance,7,healthy,1286.0,78.4658946099315,77.92796216860444,614.7675993655205,1526.560453061148,65.9459203427383,29.684906182809378,6.088967300323676,0.21603676178275608,12.95934190051888,20.155006322473234,0.7378013337403044,3000.0,-4.5,0.45,none,0.0,
endurance,7,healthy,1287.0,78.46589460523987,78.20841986773091,613.679772073837,1518.1502653805799,66.32096153710327,30.818692228475058,6.088967300323676,0.1981756619743407,12.920795366791575,20.12244746690736,0.737801333768969,3000.0,-4.5,0.45,none,0.0,
endurance,7,healthy,1288.0,78.46589460065995,78.1850436671072,612.765503368177,1517.4361376324186,66.2259243018335,30.296055470484685,6.088967300323676,0.1775970157224145,12.84439432134903,19.62682978798321,0.7378013337969512,3000.0,-4.5,0.45,none,0.0,
endurance,7,healthy,1289.0,78.46589459618907,78.31801953284152,607.9229107680361,1515.0469332333005,65.76995913955058,30.501398416541157,6.088967300323676,0.24842026733623535,12.914575017277471,20.13915469341067,0.737801333824267,3000.0,-4.5,0.45,none,0.0,
endurance,7,healthy,1290.0,78.46589459182465,79.55252151581816,610.6586696404646,1521.909216141449,66.9661418681106,30.205861609630773,6.088967300323676,0.19099053227697615,12.882009458134057,19.85746897753841,0.7378013338509326,3000.0,-4.5,0.45,none,0.0,
endurance,7,healthy,1291.0,78.46589458756415,78.52011901355053,611.1709313325572,1515.6932016653554,66.94507089627477,29.700487689380562,6.088967300323676,0.2469027964194437,12.929830736235276,19.834840146917195,0.7378013338769631,3000.0,-4.5,0.45,none,0.0,
endurance,7,healthy,1292.0,78.46589458340509,78.52399531855168,614.559617250838,1513.9668864568803,66.48653205018991,29.395479336785357,6.088967300323676,0.15598265098821487,12.915962650133885,19.866552613627782,0.7378013339023741,3000.0,-4.5,0.45,none,0.0,
endurance,7,healthy,1293.0,78.46589457934505,78.07588392271724,613.5313757311343,1518.3101920350343,66.82980964648455,29.521516351949625,6.088967300323676,0.11047191473227991,12.904327174673226,20.115868810564375,0.7378013339271798,3000.0,-4.5,0.45,none,0.0,
endurance,7,healthy,1294.0,78.46589457538167,78.51950500122388,609.8695546465249,1514.9522614439625,66.30640055827968,30.619599425921436,6.088967300323676,0.18415095052293554,12.819608056959275,20.012807849863048,0.7378013339513951,3000.0,-4.5,0.45,none,0.0,
endurance,7,healthy,1295.0,78.46589457151266,78.98048526407906,615.6396331112987,1514.1522069043242,65.77791239206006,30.015652721103432,6.088967300323676,0.20670070079162797,12.8834624566288,20.033837974594267,0.7378013339750338,3000.0,-4.5,0.45,none,0.0,
endurance,7,healthy,1296.0,78.46589456773577,78.52007586899035,605.5941122232911,1523.6245704864052,66.15730800879767,29.99739002844189,6.088967300323676,0.24497058884944906,12.856132339065905,19.745610893352758,0.7378013339981097,3000.0,-4.5,0.45,none,0.0,
endurance,7,healthy,1297.0,78.46589456404881,78.42046748139869,612.891215573927,1520.712061480573,66.1324162449795,30.699293316035153,6.088967300323676,0.17316176738711186,12.883406252155407,20.426714521625172,0.7378013340206362,3000.0,-4.5,0.45,none,0.0,
endurance,7,healthy,1298.0,78.46589456044963,78.9420041732906,609.25260406514,1519.131588527645,66.52287285625133,30.91370174929059,6.088967300323676,0.1864013316208851,12.927035491115005,20.01619448686255,0.7378013340426262,3000.0,-4.5,0.45,none,0.0,
endurance,7,healthy,1299.0,78.46589455693615,78.98302144633588,607.4550586319281,1514.0580488068945,66.66507291620906,30.405507119630407,6.088967300323676,0.1531714211468504,12.961818504140975,19.636352179160447,0.7378013340640927,3000.0,-4.5,0.45,none,0.0,
endurance,7,healthy,1300.0,78.46589455350632,78.73868729175646,613.8431773578579,1518.1229801214229,66.57551868641048,30.6811046395823,6.088967300323676,0.12973612289752112,12.93419665698628,19.878746680406465,0.7378013340850481,3000.0,-4.5,0.45,none,0.0,
endurance,7,healthy,1301.0,78.46589455015815,78.00847242555503,615.6753124341234,1511.7919792531793,65.96353261235835,30.286841965176794,6.088967300323676,0.2015259161123634,12.93386337061135,20.090739237316082,0.7378013341055045,3000.0,-4.5,0.45,none,0.0,
endurance,7,healthy,1302.0,78.4658945468897,79.42729951864291,611.6533916413827,1522.555619277705,66.09414446435035,30.42305145766294,6.088967300323676,0.16054832156547372,12.92853670560076,20.097949274467755,0.7378013341254739,3000.0,-4.5,0.45,none,0.0,
endurance,7,healthy,1303.0,78.46589454369908,78.60696548300655,609.1930488191571,1521.9268635211572,66.46388479522517,30.636006852029645,6.088967300323676,0.25344722712783446,12.984578131146165,19.98364201103424,0.7378013341449678,3000.0,-4.5,0.45,none,0.0,
endurance,7,healthy,1304.0,78.46589454058442,78.68024759235605,618.0391649302921,1517.4242323873577,66.28652871524451,31.130603725987122,6.088967300323676,0.1955434057662961,12.891154998844874,20.094336709032667,0.7378013341639977,3000.0,-4.5,0.45,none,0.0,
endurance,7,healthy,1305.0,78.46589453754392,78.83115194246696,615.7667726187337,1516.5175438894069,65.82305883344932,31.073366694901672,6.088967300323676,0.24908389130670214,13.030537231920947,20.024615288024567,0.7378013341825743,3000.0,-4.5,0.45,none,0.0,
endurance,7,healthy,1306.0,78.46589453457581,77.7617063156624,615.538600552209,1521.3408155254606,66.1605914424978,29.766239184588603,6.088967300323676,0.15879478737319128,12.89099689743258,19.770730150573332,0.7378013342007088,3000.0,-4.5,0.45,none,0.0,
endurance,7,healthy,1307.0,78.46589453167837,78.18030667049369,605.352645028481,1521.9000592145107,65.8439956892624,29.401112301712534,6.088967300323676,0.1852248234066016,12.858904820578791,20.01430629628008,0.7378013342184113,3000.0,-4.5,0.45,none,0.0,
endurance,7,healthy,1308.0,78.46589452884992,78.37695622620247,615.7994981437051,1510.5352907806866,66.26066305723188,30.90874988945279,6.088967300323676,0.22432526513838663,12.960895071513702,19.90917805943493,0.7378013342356926,3000.0,-4.5,0.45,none,0.0,
endurance,7,healthy,1309.0,78.4658945260888,77.99512179100635,611.0958999773187,1522.4141900340376,66.2010158880024,30.33995441367967,6.088967300323676,0.28434850392726263,12.937714945319819,20.333255241072816,0.7378013342525622,3000.0,-4.5,0.45,none,0.0,
endurance,7,healthy,1310.0,78.46589452339343,77.02441553093952,612.6145260160536,1522.9785936939697,65.98407092164983,31.27438943890857,6.088967300323676,0.2012415741139518,12.963482707609048,19.746118110739683,0.7378013342690304,3000.0,-4.5,0.45,none,0.0,
endurance,7,healthy,1311.0,78.46589452076223,79.07661486750187,617.0435785419282,1526.1738533003859,66.82584713252845,31.10560076767426,6.088967300323676,0.24523079377220625,12.934395524671055,19.79010937332447,0.7378013342851062,3000.0,-4.5,0.45,none,0.0,
endurance,7,healthy,1312.0,78.46589451819369,78.71689630614893,615.7283937594864,1515.708335538951,66.20425410661353,31.02453382850876,6.088967300323676,0.18228912300551606,12.936502480472829,19.858950744636566,0.7378013343007994,3000.0,-4.5,0.45,none,0.0,
endurance,7,healthy,1313.0,78.4658945156863,78.92891815716438,616.325678216933,1520.5883055882273,65.88481213369595,29.81335622022327,6.088967300323676,0.12586132418209994,12.95219310537626,20.264587130971893,0.7378013343161189,3000.0,-4.5,0.45,none,0.0,
endurance,7,healthy,1314.0,78.46589451323861,77.976011659869,610.8817407048002,1515.2935997555192,66.59999231410202,30.12957755850086,6.088967300323676,0.16033556894493534,12.827356646485665,19.941685605797478,0.7378013343310736,3000.0,-4.5,0.45,none,0.0,
endurance,7,healthy,1315.0,78.4658945108492,78.25628592079177,612.2895717675086,1520.59391184246,65.5253423792512,31.215231158772422,6.088967300323676,0.2861909687394212,12.904155149231508,20.286177514613833,0.7378013343456724,3000.0,-4.5,0.45,none,0.0,
endurance,7,healthy,1316.0,78.46589450851668,78.23509253418241,617.7463909706704,1514.2956475045848,66.19704047092476,30.946389219034796,6.088967300323676,0.18883123845218625,12.975943484708054,20.05147147684636,0.7378013343599235,3000.0,-4.5,0.45,none,0.0,
endurance,7,healthy,1317.0,78.4658945062397,78.52089769946582,609.0529493338196,1515.207843516622,65.89960375408556,30.32010101954217,6.088967300323676,0.21014305545112688,12.856025443387512,19.960279332411353,0.7378013343738352,3000.0,-4.5,0.45,none,0.0,
endurance,7,healthy,1318.0,78.46589450401693,79.11555124628212,612.8792339001585,1517.4454662728358,66.20926394618925,30.75680666388391,6.088967300323676,0.1315216949456212,12.838446432546128,20.009437473348147,0.7378013343874159,3000.0,-4.5,0.45,none,0.0,
endurance,7,healthy,1319.0,78.46589450184709,78.12586213167069,609.8858765701217,1520.3795782428633,66.71351871401743,30.701267586299643,6.088967300323676,0.21039879164733274,12.905457620231578,20.380403408421696,0.7378013344006731,3000.0,-4.5,0.45,none,0.0,
endurance,7,healthy,1320.0,78.4658944997289,78.44691258082554,614.9334170613138,1516.6830962876322,66.14593384604667,30.088162929123527,6.088967300323676,0.18693904388737656,12.931531703192784,20.221725291893094,0.7378013344136146,3000.0,-4.5,0.45,none,0.0,
endurance,7,healthy,1321.0,78.46589449766115,78.66453802231393,614.5691965976664,1530.892505193725,65.211082904217,30.67112848737838,6.088967300323676,0.20794391067197238,12.846500184403132,20.19996370526974,0.737801334426248,3000.0,-4.5,0.45,none,0.0,
endurance,7,healthy,1322.0,78.46589449564263,77.93773116197364,614.9924097571525,1528.8760660148957,65.85247148757419,30.541858382462845,6.088967300323676,0.2138925317703194,12.892434686417959,19.907259251908695,0.7378013344385808,3000.0,-4.5,0.45,none,0.0,
endurance,7,healthy,1323.0,78.46589449367217,77.63839290292039,616.1402833439305,1512.9053592979994,66.70294169245419,31.107381682160486,6.088967300323676,0.17545046547357163,12.823825156480744,20.182578133652438,0.7378013344506198,3000.0,-4.5,0.45,none,0.0,
endurance,7,healthy,1324.0,78.46589449174863,77.87868338633174,611.9463452167641,1523.8091267788545,66.5197776807921,31.039144468949566,6.088967300323676,0.1258606392973871,12.912698893327534,19.9966620964832,0.7378013344623722,3000.0,-4.5,0.45,none,0.0,
endurance,7,healthy,1325.0,78.46589448987089,78.88763797088535,609.032266766386,1527.1003322200816,66.75926401315255,30.816608986766134,6.088967300323676,0.18343286901785233,12.914355793599286,19.968421012460713,0.7378013344738447,3000.0,-4.5,0.45,none,0.0,
endurance,7,healthy,1326.0,78.46589448803786,78.37365768861434,618.1976888027508,1520.7568058570391,65.53198017887664,31.030745910236845,6.088967300323676,0.18740953282694975,12.849801309786855,20.18060002868578,0.737801334485044,3000.0,-4.5,0.45,none,0.0,
endurance,7,healthy,1327.0,78.46589448624847,77.87247576311975,617.0521998712496,1512.1857593525892,65.61985111101146,29.787396342494812,6.088967300323676,0.13558384766396886,12.953454275374453,19.71244311819813,0.7378013344959767,3000.0,-4.5,0.45,none,0.0,
endurance,7,healthy,1328.0,78.46589448450169,78.14994938631611,613.6670682450226,1508.433678072296,65.97637556926637,30.324956028419777,6.088967300323676,0.1088699195771134,12.892400563780194,19.77491854252388,0.7378013345066491,3000.0,-4.5,0.45,none,0.0,
endurance,7,healthy,1329.0,78.46589448279649,78.70313470209882,613.6153311328014,1517.6726952246634,66.04856512956552,29.823671694066725,6.088967300323676,0.21642693419864328,12.925478894714937,19.954553035341394,0.7378013345170675,3000.0,-4.5,0.45,none,0.0,
endurance,7,healthy,1330.0,78.46589448113188,79.18038297892429,608.8410340480566,1528.0630182828456,66.79853116257222,30.941983524464607,6.088967300323676,0.19049678238914217,12.865121900157018,20.110254415700695,0.7378013345272377,3000.0,-4.5,0.45,none,0.0,
endurance,7,healthy,1331.0,78.46589447950691,78.1796163476902,608.9272160360384,1522.3943413724055,66.88982188140827,29.787195876108974,6.088967300323676,0.1965749981784106,12.905329850833333,20.116493377028853,0.7378013345371659,3000.0,-4.5,0.45,none,0.0,
endurance,7,healthy,1332.0,78.46589447792064,78.95320177275374,617.0964823194532,1521.6101645932367,66.26323851592446,30.801169143415606,6.088967300323676,0.15396541811264738,12.870854052847422,19.916738782722724,0.7378013345468577,3000.0,-4.5,0.45,none,0.0,
endurance,7,healthy,1333.0,78.46589447637214,77.60771299445321,614.2604566783283,1517.9653127502131,66.3148906983835,30.56539900594878,6.088967300323676,0.26889267777641923,12.893888498359209,20.04653763856903,0.7378013345563186,3000.0,-4.5,0.45,none,0.0,
endurance,7,healthy,1334.0,78.4658944748605,78.88949245154129,611.1962365652815,1524.611380079319,66.74426004093907,29.859703463483832,6.088967300323676,0.15383715678411541,12.84169438152345,20.207084980346345,0.7378013345655543,3000.0,-4.5,0.45,none,0.0,
endurance,7,healthy,1335.0,78.46589447338486,77.96348362866206,613.8979871115147,1525.0292254918943,66.77179287969797,30.63959538827961,6.088967300323676,0.23202788291235896,12.999354062079814,19.63682050500004,0.7378013345745702,3000.0,-4.5,0.45,none,0.0,
endurance,7,healthy,1336.0,78.46589447194435,78.58430663327019,614.5973930376947,1522.5339643946204,66.3229621016779,30.032050155851707,6.088967300323676,0.20424284042118626,12.942908561846513,19.955061540357967,0.7378013345833714,3000.0,-4.5,0.45,none,0.0,
endurance,7,healthy,1337.0,78.46589447053813,78.6822335914357,614.8256093639458,1518.2582679889383,66.1027641224546,30.49492816380456,6.088967300323676,0.17818808448219947,12.866008371844584,19.85322656956201,0.737801334591963,3000.0,-4.5,0.45,none,0.0,
endurance,7,healthy,1338.0,78.4658944691654,79.283051983544,610.7820796654148,1516.4591930988072,66.45484159864893,30.83057200653353,6.088967300323676,0.3116312292571067,12.830900865064761,19.95345267528812,0.73780133460035,3000.0,-4.5,0.45,none,0.0,
endurance,7,healthy,1339.0,78.46589446782535,78.04732624716297,610.7808877605748,1518.9700669062913,66.46017052963354,30.585780193448137,6.088967300323676,0.15807944174493704,12.945162347996218,19.792203678189082,0.7378013346085375,3000.0,-4.5,0.45,none,0.0,
endurance,7,healthy,1340.0,78.46589446651721,77.88234604650825,612.0513522729199,1521.0611124494956,67.2792782731513,30.096904941199796,6.088967300323676,0.2275933990392861,12.863415345664292,19.881897419963952,0.7378013346165297,3000.0,-4.5,0.45,none,0.0,
endurance,7,healthy,1341.0,78.46589446524021,77.90375654279485,613.2686535844133,1516.0331377055625,66.18854621272087,30.899763559212683,6.088967300323676,0.12184606592125972,12.904994180150508,19.869218340731646,0.737801334624332,3000.0,-4.5,0.45,none,0.0,
endurance,7,healthy,1342.0,78.46589446399362,78.65512111288822,612.3238336050089,1521.625675278216,66.87087371123982,30.478457903971723,6.088967300323676,0.2529040495249038,12.885086959576004,20.11868128739862,0.7378013346319483,3000.0,-4.5,0.45,none,0.0,
endurance,7,healthy,1343.0,78.46589446277672,78.27038640190023,613.9446213689175,1524.1549555029633,65.28073610044375,30.365413964342704,6.088967300323676,0.1701475692266996,12.926041327470633,19.835994821542734,0.7378013346393832,3000.0,-4.5,0.45,none,0.0,
endurance,7,healthy,1344.0,78.46589446158877,78.50379234910294,615.4803659767654,1527.9611038935298,66.08117423415518,29.807108902898165,6.088967300323676,0.2676053541113595,12.873518887526584,20.11637668049039,0.7378013346466412,3000.0,-4.5,0.45,none,0.0,
endurance,7,healthy,1345.0,78.46589446042913,77.71592568122286,611.1045006365546,1520.4902249891734,65.90493992713743,31.35368827386286,6.088967300323676,0.1343547509451698,12.927953261110396,20.136435909511928,0.7378013346537264,3000.0,-4.5,0.45,none,0.0,
endurance,7,healthy,1346.0,78.46589445929709,78.10269962241803,614.2664329964101,1524.895233770163,66.47829949736158,30.403103655704363,6.088967300323676,0.08755616116666372,12.891066045531629,20.014180613447888,0.7378013346606429,3000.0,-4.5,0.45,none,0.0,
endurance,7,healthy,1347.0,78.465894458192,77.92054592233306,607.2921741289282,1511.3670647207425,66.21406644647186,30.02365607066578,6.088967300323676,0.20231671368891632,12.820891638444476,20.194108804959114,0.7378013346673947,3000.0,-4.5,0.45,none,0.0,
endurance,7,healthy,1348.0,78.46589445711322,78.48531121152837,609.7147488398941,1512.6341262293524,65.79619031392497,30.968073122034834,6.088967300323676,0.16551688167056158,12.955911555822976,20.294663515532097,0.7378013346739858,3000.0,-4.5,0.45,none,0.0,
endurance,7,healthy,1349.0,78.46589445606013,79.18205489063413,610.7131616878469,1523.0889268101848,65.7396048125922,30.189038412875377,6.088967300323676,0.2285315546832547,13.048399843729797,20.309265670031326,0.73780133468042,3000.0,-4.5,0.45,none,0.0,
endurance,7,healthy,1350.0,78.46589445503211,78.88263325377117,611.4872684898872,1519.8510961640854,66.3025477064636,30.00305899104755,6.088967300323676,0.16673198613837342,12.917084648321088,19.728030155991586,0.7378013346867007,3000.0,-4.5,0.45,none,0.0,
endurance,7,healthy,1351.0,78.46589445402857,78.87911513621349,615.9412583519355,1518.7542534124348,66.60065639287555,29.969072291742865,6.088967300323676,0.18431329045117587,12.792838233251667,20.022514041936276,0.7378013346928323,3000.0,-4.5,0.45,none,0.0,
endurance,7,healthy,1352.0,78.46589445304892,77.67056278029139,612.4116121983511,1530.9089839017704,66.62918730787729,30.48927366897991,6.088967300323676,0.26273250727081165,12.885899933867076,20.080482169414914,0.7378013346988177,3000.0,-4.5,0.45,none,0.0,
endurance,7,healthy,1353.0,78.4658944520926,78.95314500645328,615.7538707583099,1524.7618365083165,65.79159217944972,30.374301308522433,6.088967300323676,0.23929303831051427,12.893470953322371,20.58335215134642,0.7378013347046606,3000.0,-4.5,0.45,none,0.0,
endurance,7,healthy,1354.0,78.46589445115904,78.21116777666069,616.4066056024037,1517.2309319694891,66.92387757344208,30.771717166033042,6.088967300323676,0.124286994396765,12.922228600323393,19.900465337583075,0.7378013347103644,3000.0,-4.5,0.45,none,0.0,
endurance,7,healthy,1355.0,78.46589445024772,78.3349883107557,615.4006156894744,1525.672582534381,66.36777746321393,30.071098455080502,6.088967300323676,0.20669645792321914,12.885088927619263,20.274876961153907,0.7378013347159323,3000.0,-4.5,0.45,none,0.0,
endurance,7,healthy,1356.0,78.46589444935809,78.12718410325544,608.7778924612484,1516.922077245824,66.34108989597796,29.684710078603437,6.088967300323676,0.2113588295951117,12.916517752166408,20.152445312796047,0.7378013347213677,3000.0,-4.5,0.45,none,0.0,
endurance,7,healthy,1357.0,78.46589444848965,79.16977223794733,608.4694510456416,1531.5255201722284,66.25659809237483,30.02045640349279,6.088967300323676,0.21399772817959128,12.844338454620512,20.054753177368518,0.7378013347266736,3000.0,-4.5,0.45,none,0.0,
endurance,7,healthy,1358.0,78.46589444764189,77.21944567083669,606.4973797033548,1513.0866155088618,65.94670941046806,30.54429475335986,6.088967300323676,0.1781295546822863,12.92764621712265,20.004715606589546,0.7378013347318533,3000.0,-4.5,0.45,none,0.0,
endurance,7,healthy,1359.0,78.4658944468143,78.39158437646637,610.9988836816684,1512.8269364208109,66.05337982643456,31.151290973046287,6.088967300323676,0.22011972064691848,12.943042476933746,20.060313889448008,0.7378013347369097,3000.0,-4.5,0.45,none,0.0,
endurance,7,healthy,1360.0,78.46589444600643,77.78558425599181,614.0978717938849,1520.6196350005744,66.35399361776477,31.030827568287297,6.088967300323676,0.17604641871417503,12.841238974430587,20.025862752298632,0.7378013347418455,3000.0,-4.5,0.45,none,0.0,
endurance,7,healthy,1361.0,78.46589444521778,78.27756654739332,614.8810357033283,1516.1049489295851,66.53639784378146,30.53900430661111,6.088967300323676,0.16401202464059214,12.922725022654374,19.85453298709063,0.7378013347466639,3000.0,-4.5,0.45,none,0.0,
endurance,7,healthy,1362.0,78.46589444444791,78.16592556710914,614.9693780104568,1514.4977213567852,66.76940619405568,31.25394872452067,6.088967300323676,0.21060606246401692,12.915975893284767,20.16696316801892,0.7378013347513677,3000.0,-4.5,0.45,none,0.0,
endurance,7,healthy,1363.0,78.46589444369637,78.10060212768772,614.6602227936517,1529.6433834549882,66.40518987605935,30.59592224390603,6.088967300323676,0.22386281242537606,12.851379161675663,20.288919053082466,0.7378013347559594,3000.0,-4.5,0.45,none,0.0,
endurance,7,healthy,1364.0,78.46589444296272,78.09310116655914,611.7909790993965,1512.489969385903,66.30740145251308,29.937436490208096,6.088967300323676,0.18962006726961778,12.889966798511093,20.240560803791777,0.7378013347604417,3000.0,-4.5,0.45,none,0.0,
endurance,7,healthy,1365.0,78.46589444224655,78.31214688406482,616.2090145727649,1524.0185688943975,66.51294101658195,30.714983058861517,6.088967300323676,0.1177306233342857,12.916585861457783,19.854856666953857,0.7378013347648175,3000.0,-4.5,0.45,none,0.0,
endurance,7,healthy,1366.0,78.46589444154743,78.74787096774674,608.9546681217902,1521.4516069440594,65.93803513661658,30.5961644648716,6.088967300323676,0.283194173132704,12.934203073125296,20.052158578166164,0.7378013347690888,3000.0,-4.5,0.45,none,0.0,
endurance,7,healthy,1367.0,78.46589444086496,78.94083323347894,606.93328012184,1515.3822469861193,64.98859767436889,30.349424945592983,6.088967300323676,0.1588133507859542,12.917954287198805,19.824527892111043,0.7378013347732586,3000.0,-4.5,0.45,none,0.0,
endurance,7,healthy,1368.0,78.46589444019872,78.8512572571235,614.9691150546375,1515.829945208741,66.59372944689214,30.427107373143294,6.088967300323676,0.18131886615581175,12.86787614720306,20.388212698476234,0.7378013347773291,3000.0,-4.5,0.45,none,0.0,
endurance,7,healthy,1369.0,78.46589443954836,78.06025817953542,605.8749929447309,1521.0588045151137,66.47477111727514,30.861686971972144,6.088967300323676,0.12829963333852062,12.923086799218998,19.474861134155116,0.7378013347813026,3000.0,-4.5,0.45,none,0.0,
endurance,7,healthy,1370.0,78.46589443891348,77.98509139514249,610.8440961075091,1516.120910402935,66.62640064726605,30.128958794931034,6.088967300323676,0.21714321638681913,13.016983774169592,19.883850319376158,0.7378013347851816,3000.0,-4.5,0.45,none,0.0,
endurance,7,healthy,1371.0,78.46589443829372,78.44997180752594,613.0851443651062,1520.5492012531201,66.02991161285591,30.631413008606867,6.088967300323676,0.11014159810995232,12.86987452844078,19.99537904299058,0.7378013347889683,3000.0,-4.5,0.45,none,0.0,
endurance,7,healthy,1372.0,78.4658944376887,78.2861175350384,610.3185547799726,1515.9256612006805,66.1097629440567,29.50044853373392,6.088967300323676,0.17783356102844872,12.981230835877126,20.050316614603783,0.7378013347926647,3000.0,-4.5,0.45,none,0.0,
endurance,7,healthy,1373.0,78.4658944370981,78.36320862847775,611.5949896856744,1528.1245642851552,67.19075076045213,28.9221972599392,6.088967300323676,0.16125550672846273,12.809376640679412,19.634350519534983,0.7378013347962731,3000.0,-4.5,0.45,none,0.0,
endurance,7,healthy,1374.0,78.46589443652157,79.05071674380851,612.2608063977821,1524.690277820616,66.15188320872448,29.79952571692472,6.088967300323676,0.20401676721568626,12.933618371456562,20.27093161995647,0.7378013347997957,3000.0,-4.5,0.45,none,0.0,
endurance,7,healthy,1375.0,78.46589443595875,79.16110489715655,616.7278532819141,1525.9437698882514,65.25144470608701,30.014686379602562,6.088967300323676,0.1667372486747289,12.959600070450149,19.912287625108164,0.7378013348032344,3000.0,-4.5,0.45,none,0.0,
endurance,7,healthy,1376.0,78.46589443540933,79.00871403522696,609.64268925776,1529.9426067362908,65.69135322812905,30.623558510636627,6.088967300323676,0.18696746418768964,12.81305205781644,19.87504512126194,0.7378013348065912,3000.0,-4.5,0.45,none,0.0,
endurance,7,healthy,1377.0,78.465894434873,78.39622560035858,616.2765634698661,1523.0314349869225,65.41863661588411,31.086960715258726,6.088967300323676,0.15249444526823738,12.929861624115862,20.021134704062344,0.7378013348098681,3000.0,-4.5,0.45,none,0.0,
endurance,7,healthy,1378.0,78.46589443434944,77.9966210999651,612.8400611579501,1515.6413524675186,66.50815153732476,30.185707382230383,6.088967300323676,0.21028943337148573,12.959407865170988,20.218460197718148,0.7378013348130668,3000.0,-4.5,0.45,none,0.0,
endurance,7,healthy,1379.0,78.46589443383834,79.72776843236002,616.7344708777085,1516.364735303276,65.56521830293764,30.791528435704613,6.088967300323676,0.1547520254730063,12.94617598319464,20.001593929643185,0.7378013348161895,3000.0,-4.5,0.45,none,0.0,
endurance,7,healthy,1380.0,78.46589443333941,79.20162565114178,616.370565360589,1519.1306568319,66.17885578792747,30.53509041853594,6.088967300323676,0.2790047073718792,12.971048912002429,20.292095874029474,0.7378013348192378,3000.0,-4.5,0.45,none,0.0,
endurance,7,healthy,1381.0,78.46589443285237,77.84423199760707,611.5906990051044,1519.3907424218244,65.99712586373343,30.167390280090405,6.088967300323676,0.2179622721611334,12.91908868785532,20.16334741693729,0.7378013348222137,3000.0,-4.5,0.45,none,0.0,
endurance,7,healthy,1382.0,78.46589443237691,77.64976630779702,604.3723205023446,1513.9246691623953,66.41505806324055,30.32776846173488,6.088967300323676,0.16793869024090938,12.945767067171236,19.929414281071242,0.7378013348251184,3000.0,-4.5,0.45,none,0.0,
endurance,7,healthy,1383.0,78.46589443191279,77.93154414000061,616.6267193365319,1518.8042181973317,66.41160025353447,30.11073684535662,6.088967300323676,0.2049273818057082,12.935976762712096,19.93433555725041,0.7378013348279542,3000.0,-4.5,0.45,none,0.0,
endurance,7,healthy,1384.0,78.4658944314597,78.26274124241057,609.2155846986167,1527.5506033252207,65.59443832648444,30.670108888940508,6.088967300323676,0.1606116488707557,12.872006367956434,19.946503475995417,0.7378013348307224,3000.0,-4.5,0.45,none,0.0,
endurance,7,healthy,1385.0,78.4658944310174,78.39249246887232,605.6642968685886,1514.412593950762,66.2670645182431,31.216946824030696,6.088967300323676,0.19546443597124274,12.89239581166409,19.853255173013164,0.7378013348334247,3000.0,-4.5,0.45,none,0.0,
endurance,7,healthy,1386.0,78.46589443058564,77.84419544565564,610.3132674734422,1512.7084801497108,66.70390143540105,29.82915901799199,6.088967300323676,0.13407440455318909,12.95964331108636,20.067261568767236,0.7378013348360628,3000.0,-4.5,0.45,none,0.0,
endurance,7,healthy,1387.0,78.46589443016416,78.75414075279654,608.3860998080173,1522.3292943741349,66.22493609650023,30.394599720499063,6.088967300323676,0.08429068567508868,12.960907038829458,19.84929418919751,0.7378013348386379,3000.0,-4.5,0.45,none,0.0,
endurance,7,healthy,1388.0,78.46589442975271,77.84733731658625,616.5589685233505,1516.432686478521,66.33774614534813,30.299973662019195,6.088967300323676,0.17785636294929635,12.913654260812143,20.00472459060032,0.7378013348411516,3000.0,-4.5,0.45,none,0.0,
endurance,7,healthy,1389.0,78.46589442935105,78.13760496255044,614.8219131157299,1513.9296660190216,66.19949267452085,29.558026867461223,6.088967300323676,0.1940688104212162,12.937729598471247,20.227182778987203,0.7378013348436057,3000.0,-4.5,0.45,none,0.0,
endurance,7,healthy,1390.0,78.46589442895896,78.31142201776022,615.8806310421916,1518.2865102045223,66.19121630142341,30.60630254376288,6.088967300323676,0.2629236541326667,12.879761829772372,19.838748528557065,0.7378013348460013,3000.0,-4.5,0.45,none,0.0,
endurance,7,healthy,1391.0,78.4658944285762,78.73720893169826,610.7517159674322,1521.2713331484645,65.80157456460417,30.698514261076326,6.088967300323676,0.17648664153239196,12.942094786997448,19.645581728296225,0.7378013348483399,3000.0,-4.5,0.45,none,0.0,
endurance,7,healthy,1392.0,78.46589442820257,79.0035484392907,612.5579251498939,1518.3568793172153,65.72569420014491,30.754222946733286,6.088967300323676,0.1433330375012254,12.927780973117128,19.703189336623836,0.7378013348506226,3000.0,-4.5,0.45,none,0.0,
endurance,7,healthy,1393.0,78.46589442783784,78.06047617589144,612.7516899156427,1522.9516865407693,65.87455141448,29.83458229887794,6.088967300323676,0.18454784243060096,12.874731593746667,19.998356858927806,0.7378013348528512,3000.0,-4.5,0.45,none,0.0,
endurance,7,healthy,1394.0,78.46589442748179,78.15424440977111,614.8012111763184,1519.7051586952687,65.66341297208838,30.252567419089544,6.088967300323676,0.20522839912642085,12.92691224633339,19.740577962543533,0.7378013348550264,3000.0,-4.5,0.45,none,0.0,
endurance,7,healthy,1395.0,78.4658944271342,77.96194937501997,607.8644202510534,1523.997102872,66.48007605564035,30.747494550726465,6.088967300323676,0.2406062685288893,12.868486734704746,20.011500442806366,0.7378013348571502,3000.0,-4.5,0.45,none,0.0,
endurance,7,healthy,1396.0,78.4658944267949,78.07207700012223,611.3613179862283,1510.9981887360173,65.18765081401922,30.74674144583859,6.088967300323676,0.22476204849406378,12.98157702318898,20.15659006938984,0.7378013348592232,3000.0,-4.5,0.45,none,0.0,
endurance,7,healthy,1397.0,78.46589442646368,77.70345480220531,614.3467534152145,1521.5258835024972,66.45882186054423,30.050796899855733,6.088967300323676,0.12541948625104388,12.947351921501863,19.980049008037387,0.7378013348612469,3000.0,-4.5,0.45,none,0.0,
endurance,7,healthy,1398.0,78.46589442614034,77.42422231590194,611.3459474407697,1523.8776596547386,66.48356083905946,30.9611069498867,6.088967300323676,0.13313789396459708,12.973057919396249,20.65616464389834,0.7378013348632224,3000.0,-4.5,0.45,none,0.0,
endurance,7,healthy,1399.0,78.4658944258247,78.18132514969187,607.8888888831557,1519.7748777659863,66.06321057709705,31.178964319686983,6.088967300323676,0.18378211103696038,12.951931305220082,19.57765585514484,0.7378013348651509,3000.0,-4.5,0.45,none,0.0,
endurance,7,healthy,1400.0,78.46589442551658,77.71158837969139,614.4327177757621,1516.1481793794676,67.08942260867538,30.38439049147339,6.088967300323676,0.22473314298837674,12.933712586690826,19.92126962045445,0.7378013348670334,3000.0,-4.5,0.45,none,0.0,
endurance,7,healthy,1401.0,78.4658944252158,78.53471312726701,614.1837762973387,1518.8617694833645,66.94506561283377,30.93215825484022,6.088967300323676,0.2447472408887954,12.79233682076584,19.862539802301153,0.7378013348688711,3000.0,-4.5,0.45,none,0.0,
endurance,7,healthy,1402.0,78.46589442492217,78.37642472544793,608.5409518524078,1523.1659937596764,66.9252153511178,30.95112900616323,6.088967300323676,0.23102835867725413,12.849050994978107,20.18954032973703,0.7378013348706651,3000.0,-4.5,0.45,none,0.0,
endurance,7,healthy,1403.0,78.46589442463554,78.28380955777847,609.6970512382886,1519.153288273002,65.38534186345052,30.932761548012863,6.088967300323676,0.2510266477290618,13.018850625740575,20.12453001974979,0.7378013348724164,3000.0,-4.5,0.45,none,0.0,
endurance,7,healthy,1404.0,78.46589442435572,79.33931738232198,617.6908645052808,1522.6903261087148,67.03005787451264,30.954469939045946,6.088967300323676,0.177663554939553,12.845211878067708,19.86519566590239,0.7378013348741259,3000.0,-4.5,0.45,none,0.0,
endurance,7,healthy,1405.0,78.46589442408258,77.40850413614557,612.9577820043537,1514.4292172875696,65.3031458349289,30.131340548490268,6.088967300323676,0.2032070849986111,12.956155659860164,20.236497805994738,0.7378013348757948,3000.0,-4.5,0.45,none,0.0,
endurance,7,healthy,1406.0,78.46589442381593,78.2808938904855,609.5521292481401,1529.7756268925498,67.30681415427583,29.863259561410857,6.088967300323676,0.15027188250884738,12.928946405830565,20.128147647083413,0.7378013348774239,3000.0,-4.5,0.45,none,0.0,
endurance,7,healthy,1407.0,78.46589442355562,78.05539197026765,613.3249674643356,1520.678037013402,66.46226274095837,30.437203975685705,6.088967300323676,0.1774598316884782,12.924792698153857,19.997617232069587,0.7378013348790142,3000.0,-4.5,0.45,none,0.0,
endurance,7,healthy,1408.0,78.46589442330152,77.5581181914977,613.5787045103946,1521.6459188892402,66.202123308258,30.32550546669071,6.088967300323676,0.2963227756114363,12.820354498247845,19.94478995361848,0.7378013348805668,3000.0,-4.5,0.45,none,0.0,
endurance,7,healthy,1409.0,78.46589442305347,78.93964458714893,612.414961763672,1523.780408009825,65.32494877088858,30.748199444662855,6.088967300323676,0.11944966153783719,12.981129879192641,20.023635672320523,0.7378013348820824,3000.0,-4.5,0.45,none,0.0,
endurance,7,healthy,1410.0,78.46589442281133,78.40725590731307,611.0138024165564,1522.4112478950467,66.61919116723303,30.641884608608002,6.088967300323676,0.18379598185324272,12.934041850610907,20.287530320493023,0.7378013348835617,3000.0,-4.5,0.45,none,0.0,
endurance,7,healthy,1411.0,78.46589442257495,78.16654087080364,615.3889497180412,1515.2358154949657,66.90089098858164,31.28119970822297,6.088967300323676,0.20318451983844743,12.866754833261133,20.014127621349616,0.7378013348850061,3000.0,-4.5,0.45,none,0.0,
endurance,7,healthy,1412.0,78.46589442234419,78.53067013510807,614.4861440384011,1522.081745125951,66.38980127129153,29.609200777040865,6.088967300323676,0.20251276993039422,12.944559774491747,19.92929203937177,0.7378013348864159,3000.0,-4.5,0.45,none,0.0,
endurance,7,healthy,1413.0,78.46589442211894,77.98221439746688,610.947031240443,1511.039167546469,66.34082884071086,30.781763560386274,6.088967300323676,0.23622989777009135,12.939330602228107,19.458635325938943,0.7378013348877921,3000.0,-4.5,0.45,none,0.0,
endurance,7,healthy,1414.0,78.46589442189904,78.12574906360837,617.8489676225541,1523.3183134783067,66.02863674007342,31.164624408020362,6.088967300323676,0.26243815388110275,12.889648397336886,20.230958582532732,0.7378013348891357,3000.0,-4.5,0.45,none,0.0,
endurance,7,healthy,1415.0,78.46589442168438,78.36975222277255,618.3070409239003,1525.836345117013,67.35090693258817,30.993429079686415,6.088967300323676,0.20277719359428578,12.926271114832936,19.943093913812472,0.7378013348904472,3000.0,-4.5,0.45,none,0.0,
endurance,7,healthy,1416.0,78.46589442147483,78.40683016518172,611.7674288335122,1523.7806309051753,66.31361153486482,31.478989155716253,6.088967300323676,0.17813193402213218,12.949638588076347,20.148911965339778,0.7378013348917274,3000.0,-4.5,0.45,none,0.0,
endurance,7,healthy,1417.0,78.46589442127026,78.40464945877993,611.4157417541576,1521.1269556986385,66.13804164772793,31.200312010151112,6.088967300323676,0.25059668808522423,12.941432316302642,20.49581087107297,0.7378013348929773,3000.0,-4.5,0.45,none,0.0,
endurance,7,healthy,1418.0,78.46589442107057,77.90651176530423,611.5594246742157,1514.4995647015953,66.63110908919215,31.35307852253748,6.088967300323676,0.17338478270593893,12.924478492879583,19.545981154674973,0.7378013348941974,3000.0,-4.5,0.45,none,0.0,
endurance,7,healthy,1419.0,78.46589442087564,78.39247810813555,610.5067264642556,1521.8063798385274,65.5742800243638,29.92814839658685,6.088967300323676,0.21663627840205124,12.930151198026973,20.356613108797838,0.7378013348953882,3000.0,-4.5,0.45,none,0.0,
endurance,7,healthy,1420.0,78.46589442068534,77.89700862594799,614.6197545611667,1529.7950246720632,66.52095431539426,30.10690280416704,6.088967300323676,0.17975463207631126,12.917086759464494,19.962550811089724,0.737801334896551,3000.0,-4.5,0.45,none,0.0,
endurance,7,healthy,1421.0,78.46589442049958,78.11209916348398,613.167360209397,1520.5021098366026,66.11167202159952,30.766984466151495,6.088967300323676,0.24234016007242445,12.90631909375488,19.90095831856137,0.737801334897686,3000.0,-4.5,0.45,none,0.0,
endurance,7,healthy,1422.0,78.46589442031824,78.7285229883972,611.8941668707345,1523.851980747249,65.33069354700275,30.773725859564042,6.088967300323676,0.17538308291290425,12.938058753158707,20.088978355676044,0.737801334898794,3000.0,-4.5,0.45,none,0.0,
endurance,7,healthy,1423.0,78.46589442014121,79.43199175349419,604.6457052410349,1524.1312192458415,66.1368843523865,31.120733041539925,6.088967300323676,0.1702831837846801,12.990796722682132,20.24909331084542,0.7378013348998755,3000.0,-4.5,0.45,none,0.0,
endurance,7,healthy,1424.0,78.46589441996841,77.78779164972995,613.2554626173368,1516.8484469454745,65.99790644977661,31.369272285887103,6.088967300323676,0.1600773122824108,12.889099843735837,19.930425304975106,0.7378013349009314,3000.0,-4.5,0.45,none,0.0,
endurance,7,healthy,1425.0,78.46589441979971,78.58874700529293,611.7050388155701,1532.8620758793957,65.78863556556173,30.30957707257373,6.088967300323676,0.2069025355692107,12.909481981598514,19.958462113666133,0.737801334901962,3000.0,-4.5,0.45,none,0.0,
endurance,7,healthy,1426.0,78.46589441963503,78.3294830856601,613.4618704908338,1525.8887846915352,66.96144652428558,30.02772589141358,6.088967300323676,0.08931129882446141,12.957750041960749,20.121333144507858,0.7378013349029682,3000.0,-4.5,0.45,none,0.0,
endurance,7,healthy,1427.0,78.46589441947428,77.99185410064862,614.2441424762577,1522.2665100065879,66.98850606095458,31.69083106968413,6.088967300323676,0.2171598097059069,12.933409632969067,20.092321976814684,0.7378013349039503,3000.0,-4.5,0.45,none,0.0,
endurance,7,healthy,1428.0,78.46589441931735,77.3545660641636,611.8236400670797,1517.680202438822,67.12620828149235,30.92110384689869,6.088967300323676,0.1703635944749819,12.927445917069601,20.063156404110178,0.7378013349049091,3000.0,-4.5,0.45,none,0.0,
endurance,7,healthy,1429.0,78.46589441916416,78.78423236068863,615.7653060015368,1517.7880778529025,65.24219446170825,30.476530967277633,6.088967300323676,0.24556860731351146,12.887597362276948,19.75190691908532,0.7378013349058451,3000.0,-4.5,0.45,none,0.0,
endurance,7,healthy,1430.0,78.46589441901462,79.62310349455358,613.8930320344549,1522.8646783829727,65.85777151954268,30.57676152153349,6.088967300323676,0.15118717205082732,12.860981210082203,19.9622051111004,0.7378013349067587,3000.0,-4.5,0.45,none,0.0,
endurance,7,healthy,1431.0,78.46589441886863,79.4655458872278,611.768150003253,1524.0244686904496,65.96294679231987,30.933781686266933,6.088967300323676,0.14692915777924864,12.835938573990994,19.683990436209893,0.7378013349076507,3000.0,-4.5,0.45,none,0.0,
endurance,7,healthy,1432.0,78.46589441872612,77.37711634565869,610.2826938351467,1519.8151180154887,67.05505014109056,30.55810783528912,6.088967300323676,0.20441796489700637,12.981779974072964,20.130102879728124,0.7378013349085214,3000.0,-4.5,0.45,none,0.0,
endurance,7,healthy,1433.0,78.46589441858701,77.52261647326128,613.8565245682846,1505.2362366097418,66.19597298180129,30.021742401493086,6.088967300323676,0.21253599721310518,12.988555181595379,20.19545603375468,0.7378013349093713,3000.0,-4.5,0.45,none,0.0,
endurance,7,healthy,1434.0,78.46589441845121,78.29642525813755,610.1998760591712,1514.1968694816335,66.79903652007792,30.480742534926232,6.088967300323676,0.2639482063726909,12.944293507527833,19.74302882349648,0.7378013349102011,3000.0,-4.5,0.45,none,0.0,
endurance,7,healthy,1435.0,78.46589441831864,78.37877243115815,611.399304570535,1514.6432660515004,65.93045205699914,30.888367196062898,6.088967300323676,0.21811598008490424,12.937713447031111,20.279708486121947,0.737801334911011,3000.0,-4.5,0.45,none,0.0,
endurance,7,healthy,1436.0,78.46589441818924,78.85660355656175,609.9221405892827,1514.7372685024475,67.0796588806701,30.44721235763781,6.088967300323676,0.23520939241724662,12.9350199599972,20.157602111401733,0.7378013349118016,3000.0,-4.5,0.45,none,0.0,
endurance,7,healthy,1437.0,78.4658944180629,78.97317123742671,611.4057086679429,1524.5332978375043,66.46414542579156,29.809749318055406,6.088967300323676,0.15673459680294013,12.857463061375853,19.834316481708584,0.7378013349125735,3000.0,-4.5,0.45,none,0.0,
endurance,7,healthy,1438.0,78.46589441793958,77.3381649370463,614.4050370499164,1518.0340628276058,66.31322154835176,30.879141639321578,6.088967300323676,0.14786369021281262,12.997673759721444,20.148445555511138,0.737801334913327,3000.0,-4.5,0.45,none,0.0,
endurance,7,healthy,1439.0,78.4658944178192,78.73490150738097,609.972015831506,1514.7397882314633,65.82644628150875,30.710581072753975,6.088967300323676,0.2508563830378044,12.909622739548492,19.794367662166646,0.7378013349140624,3000.0,-4.5,0.45,none,0.0,
endurance,7,healthy,1440.0,78.46589441770168,78.72563802150302,613.7398253016493,1519.1390439154163,65.62247558376316,30.504111824750087,6.088967300323676,0.16846150490857717,13.018055809635221,19.96668294946119,0.7378013349147805,3000.0,-4.5,0.45,none,0.0,
endurance,7,healthy,1441.0,78.46589441758695,78.21856180921533,612.9601178350815,1516.1969472445157,65.5384255382272,29.899956106245515,6.088967300323676,0.260886154361731,12.865144068232583,20.045826243843926,0.7378013349154814,3000.0,-4.5,0.45,none,0.0,
endurance,7,healthy,1442.0,78.46589441747496,77.8595064352908,615.3064969425603,1511.1062751237105,65.89602753039449,30.10409461765102,6.088967300323676,0.16976052803767133,12.93346715150857,20.114428047516768,0.7378013349161656,3000.0,-4.5,0.45,none,0.0,
endurance,7,healthy,1443.0,78.46589441736563,78.8515510280666,613.7725924199959,1520.227294633032,66.05902428312176,30.159145286714367,6.088967300323676,0.15627873338634216,12.969296714588534,19.64090750129611,0.7378013349168338,3000.0,-4.5,0.45,none,0.0,
endurance,7,healthy,1444.0,78.46589441725891,78.88186442248826,618.7905672651199,1512.7439328904704,66.1245172217535,30.34221002081279,6.088967300323676,0.14217389467015557,12.894425277879323,19.822167434770233,0.7378013349174857,3000.0,-4.5,0.45,none,0.0,
endurance,7,healthy,1445.0,78.46589441715473,78.77601360843956,608.1958276033517,1512.8100073649339,65.73992497563395,30.319622308855532,6.088967300323676,0.20709513115168776,12.941279668363036,19.956596060311075,0.7378013349181223,3000.0,-4.5,0.45,none,0.0,
endurance,7,healthy,1446.0,78.46589441705304,79.20327221486683,610.223518187536,1520.4699979719712,65.90817777289145,30.57036702776856,6.088967300323676,0.2345637116371651,12.814399688685759,19.811523596630728,0.7378013349187436,3000.0,-4.5,0.45,none,0.0,
endurance,7,healthy,1447.0,78.46589441695376,77.99124234673359,610.2305197704203,1519.4085964397352,66.4150483566408,29.660297691209337,6.088967300323676,0.24428415766181635,12.90109921533827,20.253078804105492,0.7378013349193501,3000.0,-4.5,0.45,none,0.0,
endurance,7,healthy,1448.0,78.46589441685684,78.3367436704176,615.664728583736,1518.3746589682396,66.37175824405848,30.373824225766757,6.088967300323676,0.21164013609234375,12.919701676287877,20.03515402466567,0.7378013349199422,3000.0,-4.5,0.45,none,0.0,
endurance,7,healthy,1449.0,78.46589441676224,77.87062780067802,614.5360952963938,1520.5758212724788,65.67170137286206,30.444092023679847,6.088967300323676,0.18010521357742787,12.856809053906018,20.144254815264446,0.7378013349205201,3000.0,-4.5,0.45,none,0.0,
endurance,7,healthy,1450.0,78.46589441666988,78.52018749568322,615.8080543088687,1516.3426884880394,65.85629750818701,30.617537396423113,6.088967300323676,0.1299177103271555,12.874898592219756,20.194496486750968,0.7378013349210845,3000.0,-4.5,0.45,none,0.0,
endurance,7,healthy,1451.0,78.46589441657973,78.49191610435403,608.5447513894765,1523.9533680951918,65.61560272317865,29.838301198307505,6.088967300323676,0.20851815867936124,12.98892943886027,19.874780844631196,0.7378013349216352,3000.0,-4.5,0.45,none,0.0,
endurance,7,healthy,1452.0,78.46589441649172,78.56444207508068,611.3229442064513,1521.3199245451922,66.55432054031846,30.695359649594522,6.088967300323676,0.2671366873086707,12.821340285887034,19.7762980474181,0.737801334922173,3000.0,-4.5,0.45,none,0.0,
endurance,7,healthy,1453.0,78.4658944164058,79.0981523044808,615.3520640255626,1524.3739597525823,67.72739818049405,30.60775905719904,6.088967300323676,0.2303949725180465,12.981325499071595,19.929820504295776,0.737801334922698,3000.0,-4.5,0.45,none,0.0,
endurance,7,healthy,1454.0,78.46589441632193,78.81600445589332,612.7800894404793,1516.4536009387436,65.56018873195612,30.496095495643964,6.088967300323676,0.16827387923864678,12.968560478563916,20.131605001881915,0.7378013349232104,3000.0,-4.5,0.45,none,0.0,
endurance,7,healthy,1455.0,78.46589441624006,78.5674599182676,609.233071141672,1519.125140510055,66.25742128152496,30.22043612181816,6.088967300323676,0.27192422826883617,12.99588774129668,20.216375217689055,0.7378013349237106,3000.0,-4.5,0.45,none,0.0,
endurance,7,healthy,1456.0,78.46589441616014,77.64270177291283,614.2594304499893,1522.8616834242466,66.91037957769645,29.219104655629224,6.088967300323676,0.277373660193201,12.864763067689822,20.080542733379676,0.7378013349241989,3000.0,-4.5,0.45,none,0.0,
endurance,7,healthy,1457.0,78.46589441608212,78.50379307218417,614.4277931052809,1518.267434203738,66.49243216718106,30.229900121150674,6.088967300323676,0.16618758544260256,12.956927569710869,19.807003648930717,0.7378013349246755,3000.0,-4.5,0.45,none,0.0,
endurance,7,healthy,1458.0,78.46589441600597,78.17628917402322,617.4378054054896,1516.9841354496598,66.81817903863245,29.130616404358022,6.088967300323676,0.2227562849566187,12.845698919365606,19.998473009863527,0.7378013349251409,3000.0,-4.5,0.45,none,0.0,
endurance,7,healthy,1459.0,78.46589441593161,78.68908415851473,617.8180485392435,1517.7357995453717,65.96656261791733,30.98862434045319,6.088967300323676,0.2152722581871061,12.976461692513146,20.358171696833868,0.7378013349255951,3000.0,-4.5,0.45,none,0.0,
endurance,7,healthy,1460.0,78.46589441585904,78.60882275969627,612.8282692768256,1523.989247021265,67.67218829293516,30.378424334565416,6.088967300323676,0.2724474583394002,12.877942582281788,19.94070310302658,0.7378013349260385,3000.0,-4.5,0.45,none,0.0,
endurance,7,healthy,1461.0,78.46589441578818,77.99541088795436,606.6722952922124,1518.5017590452558,66.55604628496592,29.337348413556455,6.088967300323676,0.18000706557237733,12.848187327731447,19.705226382069636,0.7378013349264714,3000.0,-4.5,0.45,none,0.0,
endurance,7,healthy,1462.0,78.46589441571902,78.63299540225837,613.0485155723376,1517.212941296476,66.16172798291895,31.255118310252037,6.088967300323676,0.23230306885750499,12.983834779918311,20.256935715991307,0.737801334926894,3000.0,-4.5,0.45,none,0.0,
endurance,7,healthy,1463.0,78.4658944156515,78.63584779317172,611.510146229487,1511.3396035782237,66.26424644147657,30.24770566403889,6.088967300323676,0.24340854703003864,13.01273819100654,20.04295025692039,0.7378013349273065,3000.0,-4.5,0.45,none,0.0,
endurance,7,healthy,1464.0,78.4658944155856,78.0715934284742,611.104056394853,1519.233452765514,65.69553866936285,30.358848641594495,6.088967300323676,0.29147524862963076,12.853426781847103,19.997511002479186,0.7378013349277093,3000.0,-4.5,0.45,none,0.0,
endurance,7,healthy,1465.0,78.46589441552126,78.07631101810975,614.0094027091704,1523.788417368201,65.91714974448766,30.18312839790302,6.088967300323676,0.2217067512357465,12.901022039892384,20.029742809668413,0.7378013349281023,3000.0,-4.5,0.45,none,0.0,
endurance,7,healthy,1466.0,78.46589441545845,77.49220224744498,612.8881946744502,1513.6548938539484,65.49402330690366,29.917914984242724,6.088967300323676,0.19592645915455356,12.984391834536812,19.839050190676613,0.737801334928486,3000.0,-4.5,0.45,none,0.0,
endurance,7,healthy,1467.0,78.46589441539714,77.94841975334633,611.7760151062475,1521.914965452635,66.32495271615882,30.99122248866544,6.088967300323676,0.14804652333122306,12.823560096909977,19.977450411991065,0.7378013349288606,3000.0,-4.5,0.45,none,0.0,
endurance,7,healthy,1468.0,78.46589441533729,78.01470828183402,608.0326999306856,1511.8110356722125,67.10589653804425,30.102498658016113,6.088967300323676,0.20075045151516396,12.938109822028549,19.860236257390547,0.7378013349292263,3000.0,-4.5,0.45,none,0.0,
endurance,7,healthy,1469.0,78.46589441527887,78.67930573033715,610.3912044414616,1525.1676551645662,66.26815977834742,30.220012899806893,6.088967300323676,0.18474371956793875,12.896544775478295,20.018688295822493,0.7378013349295832,3000.0,-4.5,0.45,none,0.0,
endurance,7,healthy,1470.0,78.46589441522183,78.65949939751941,610.9573839314826,1514.142293234762,66.17390170703852,30.6428538126489,6.088967300323676,0.2951689998907978,12.997201821574892,19.876667215883312,0.7378013349299318,3000.0,-4.5,0.45,none,0.0,
endurance,7,healthy,1471.0,78.46589441516615,77.7588506632541,614.4940384964029,1521.7689515027655,67.09902732697566,30.899204414429445,6.088967300323676,0.19011102047414932,12.862299540880882,19.577831293352816,0.7378013349302719,3000.0,-4.5,0.45,none,0.0,
endurance,7,healthy,1472.0,78.46589441511179,77.47241686578111,613.7237442474975,1521.7310670992517,65.26320321270303,30.224229421472987,6.088967300323676,0.13691310916905614,12.988939870188968,19.67217787886056,0.7378013349306041,3000.0,-4.5,0.45,none,0.0,
endurance,7,healthy,1473.0,78.46589441505873,79.07807847684843,611.4776577908048,1515.8339280698149,66.72094751634195,30.135395392215386,6.088967300323676,0.20387251650642968,12.988374986874444,20.172835616204694,0.7378013349309283,3000.0,-4.5,0.45,none,0.0,
endurance,7,healthy,1474.0,78.46589441500693,79.05838902414189,612.3771168113124,1523.4426114928524,66.43954656899658,29.625793674636753,6.088967300323676,0.21181889539784554,12.863707896730347,19.55464377541784,0.7378013349312447,3000.0,-4.5,0.45,none,0.0,
endurance,7,healthy,1475.0,78.46589441495637,78.44159019267357,613.7293889517217,1515.2405099434202,66.53909810025587,31.41665917550602,6.088967300323676,0.19119367119973063,12.905996443168622,19.882672065750594,0.7378013349315536,3000.0,-4.5,0.45,none,0.0,
endurance,7,healthy,1476.0,78.46589441490701,78.01494762395977,616.6351678033647,1518.579126450429,65.80460125326637,30.97373264330766,6.088967300323676,0.18457732457722822,12.913118117055927,19.91540225584567,0.7378013349318552,3000.0,-4.5,0.45,none,0.0,
endurance,7,healthy,1477.0,78.46589441485884,78.28035492657692,614.5589009036489,1521.937903314804,66.31546871363624,30.16633655243542,6.088967300323676,0.26606592338155854,12.830655243159818,19.831377055185335,0.7378013349321495,3000.0,-4.5,0.45,none,0.0,
endurance,7,healthy,1478.0,78.4658944148118,78.87922818008147,615.5470711617952,1525.3645259713417,65.86766989473288,31.10568458439184,6.088967300323676,0.21931503173985872,12.907663344612034,19.7046141137226,0.7378013349324369,3000.0,-4.5,0.45,none,0.0,
endurance,7,healthy,1479.0,78.46589441476588,78.74772390043249,609.8435446038936,1512.7251979302425,66.04033127081809,31.665831100801235,6.088967300323676,0.17719884642177763,12.9278058203404,19.896350851052055,0.7378013349327174,3000.0,-4.5,0.45,none,0.0,
endurance,7,healthy,1480.0,78.46589441472106,78.00026410586185,614.8713550326777,1512.2355979651438,65.87171310311838,30.20617434551471,6.088967300323676,0.22577100147767684,12.873122604349811,19.6771584590216,0.7378013349329913,3000.0,-4.5,0.45,none,0.0,
endurance,7,healthy,1481.0,78.46589441467731,79.23436198519839,614.5626851120858,1514.7947081030652,66.21509848503487,29.438383950191884,6.088967300323676,0.10662935891893272,12.898616824420737,20.389699549583774,0.7378013349332586,3000.0,-4.5,0.45,none,0.0,
endurance,7,healthy,1482.0,78.46589441463459,78.25388092693753,608.1815552909153,1518.2565637397565,66.10813271386611,30.711510365230517,6.088967300323676,0.2431371672450336,12.911586774980663,20.074358743668736,0.7378013349335195,3000.0,-4.5,0.45,none,0.0,
endurance,7,healthy,1483.0,78.4658944145929,78.47040217119192,615.7691285791759,1521.1045125003416,65.40627623770298,30.820167302356914,6.088967300323676,0.2291704994965015,12.982927127123812,20.095742381869705,0.7378013349337744,3000.0,-4.5,0.45,none,0.0,
endurance,7,healthy,1484.0,78.4658944145522,79.47861550118132,605.8886985279164,1521.1734054813335,65.86579006489373,30.26410793314129,6.088967300323676,0.23231275255458136,12.963465336234503,19.753764476380386,0.7378013349340229,3000.0,-4.5,0.45,none,0.0,
endurance,7,healthy,1485.0,78.46589441451246,77.92773069330808,612.2174174754377,1517.801289268888,66.24170480694316,29.422007618583073,6.088967300323676,0.25659830643146897,12.964095528254958,20.246323714434922,0.7378013349342658,3000.0,-4.5,0.45,none,0.0,
endurance,7,healthy,1486.0,78.46589441447368,78.09830292373132,610.0518517136917,1515.955196697278,65.40455950698731,30.00969356353872,6.088967300323676,0.1813224366858146,12.961172207807996,20.09455134102267,0.7378013349345027,3000.0,-4.5,0.45,none,0.0,
endurance,7,healthy,1487.0,78.46589441443582,78.13589493084791,613.3266418805198,1520.30685435813,65.43880904701656,30.58989755138581,6.088967300323676,0.10655943141605335,12.88653741492958,20.357829586961522,0.7378013349347341,3000.0,-4.5,0.45,none,0.0,
endurance,7,healthy,1488.0,78.46589441439886,78.68388364223246,616.7327483423429,1520.3052873212016,66.5635027901725,30.15650870253106,6.088967300323676,0.15341283224703747,12.883267909160004,19.885694934218076,0.7378013349349599,3000.0,-4.5,0.45,none,0.0,
endurance,7,healthy,1489.0,78.46589441436278,78.97444045242216,616.7042636507103,1526.4209625243657,65.68199476857446,30.779869172078914,6.088967300323676,0.21152365772397255,12.868777415360523,20.030333376555163,0.7378013349351803,3000.0,-4.5,0.45,none,0.0,
endurance,7,healthy,1490.0,78.46589441432755,79.11251514861735,613.3150933551879,1518.9780002888986,67.00708823807221,30.404481650387986,6.088967300323676,0.20523817554945084,12.871448504157424,20.037320146082735,0.7378013349353956,3000.0,-4.5,0.45,none,0.0,
endurance,7,healthy,1491.0,78.46589441429316,78.43565815149209,611.5835694095517,1515.9848811103939,66.02109461126732,30.915731356353596,6.088967300323676,0.2823655972803976,13.020068688845257,20.031285581132195,0.7378013349356056,3000.0,-4.5,0.45,none,0.0,
endurance,7,healthy,1492.0,78.4658944142596,78.56095522197433,610.8556142956671,1513.5806031292354,65.38273419722786,30.533135847572954,6.088967300323676,0.21674530332184783,12.915816764114556,20.08090184420762,0.7378013349358108,3000.0,-4.5,0.45,none,0.0,
endurance,7,healthy,1493.0,78.46589441422682,78.35102329756829,606.2527594821174,1527.3785438147688,65.67992965763011,30.864309300755785,6.088967300323676,0.27724269140913527,12.955189159714347,19.94717296283227,0.737801334936011,3000.0,-4.5,0.45,none,0.0,
endurance,7,healthy,1494.0,78.46589441419484,78.76698130250941,612.5115553290365,1512.3978211943497,66.14788263350134,29.604563414644744,6.088967300323676,0.222118441591392,12.950044058254175,20.027716290604197,0.7378013349362064,3000.0,-4.5,0.45,none,0.0,
endurance,7,healthy,1495.0,78.46589441416361,77.82405685535268,613.5798285440673,1517.4810818429173,66.0205544927116,29.959004557662425,6.088967300323676,0.1599411198087062,12.969981148477991,19.86169020163649,0.7378013349363972,3000.0,-4.5,0.45,none,0.0,
endurance,7,healthy,1496.0,78.46589441413313,79.38097461346277,616.1921591997511,1519.6691958920467,66.75101943544503,30.076047289905077,6.088967300323676,0.15516504636135575,12.912584120659472,20.029353892975507,0.7378013349365833,3000.0,-4.5,0.45,none,0.0,
endurance,7,healthy,1497.0,78.46589441410337,79.37427625014125,608.9196524746659,1523.3960788086338,66.44051581778379,30.81744792645933,6.088967300323676,0.17548127411762404,12.93779283857011,20.027125485618036,0.7378013349367653,3000.0,-4.5,0.45,none,0.0,
endurance,7,healthy,1498.0,78.46589441407433,77.78799003550391,614.5005648145682,1514.9525661820521,65.45402630469034,30.605310595453354,6.088967300323676,0.19665763867996228,12.907150639187071,19.96549717576506,0.7378013349369427,3000.0,-4.5,0.45,none,0.0,
endurance,7,healthy,1499.0,78.46589441404598,78.01548256636507,609.0595590974377,1518.6100099140783,66.41459303779945,30.133957110021345,6.088967300323676,0.23850773799472247,12.89191899501396,19.856803589219876,0.7378013349371159,3000.0,-4.5,0.45,none,0.0,
endurance,7,healthy,1500.0,78.4658944140183,78.18005776405408,613.494491681623,1519.7507146713958,65.5563883468447,30.011287404345524,6.088967300323676,0.22497130410190133,12.983311507328814,20.048586650139647,0.737801334937285,3000.0,-4.5,0.45,none,0.0,
endurance,7,healthy,1501.0,78.46589441399126,78.5054410236001,611.4284622384188,1513.9565104277483,65.91138341785224,30.092552588354586,6.088967300323676,0.2896083889388473,12.954083090903573,19.718020446338272,0.7378013349374501,3000.0,-4.5,0.45,none,0.0,
endurance,7,healthy,1502.0,78.46589441396489,78.46938847922155,612.1268268884354,1523.3609761337643,66.34175143041229,30.361159310525306,6.088967300323676,0.16369296702970093,12.900579142563341,20.31268948478742,0.7378013349376114,3000.0,-4.5,0.45,none,0.0,
endurance,7,healthy,1503.0,78.46589441393914,78.1589264206974,610.682391193026,1513.3425467980653,65.76310334439474,30.82384179107537,6.088967300323676,0.24490590563182346,12.890877127966219,19.78414159037626,0.7378013349377687,3000.0,-4.5,0.45,none,0.0,
endurance,7,healthy,1504.0,78.465894413914,78.462174517292,615.3623720788436,1515.9621768218267,65.62882515102243,29.974518429671065,6.088967300323676,0.18962545052554156,12.87889639589159,19.88895849183082,0.7378013349379222,3000.0,-4.5,0.45,none,0.0,
endurance,7,healthy,1505.0,78.46589441388946,78.12028444196312,612.9766714429331,1512.805931440375,65.90752622996915,29.605037880803913,6.088967300323676,0.178357859365863,12.98206990375887,19.620404611085966,0.7378013349380722,3000.0,-4.5,0.45,none,0.0,
endurance,7,healthy,1506.0,78.4658944138655,78.37926388102369,616.2834538802109,1523.0388056680697,66.4728806146416,30.707801146848432,6.088967300323676,0.18756077839695673,12.997621094687624,19.861665828197406,0.7378013349382185,3000.0,-4.5,0.45,none,0.0,
endurance,7,healthy,1507.0,78.46589441384211,78.44304313605284,614.8379885969321,1522.4540739514853,66.33432902287612,30.692930849443705,6.088967300323676,0.12771097409238763,12.90109680266152,20.13916825749214,0.7378013349383614,3000.0,-4.5,0.45,none,0.0,
endurance,7,healthy,1508.0,78.46589441381929,77.9038823938924,612.54641479269,1513.6569672897613,66.68879835800962,30.679744257222342,6.088967300323676,0.188779459591145,12.941021015652279,19.907598572995745,0.737801334938501,3000.0,-4.5,0.45,none,0.0,
endurance,7,healthy,1509.0,78.465894413797,78.0831979238328,616.413584917849,1519.3083598883957,66.28045574204671,30.11571430120208,6.088967300323676,0.18369097163216808,12.89921112512055,20.24308926754241,0.7378013349386371,3000.0,-4.5,0.45,none,0.0,
endurance,7,healthy,1510.0,78.46589441377525,79.3765132337751,610.1093549728423,1516.642990341434,65.63391868033686,29.548014556093175,6.088967300323676,0.20814349403507834,12.915947575349874,19.93744593350911,0.73780133493877,3000.0,-4.5,0.45,none,0.0,
endurance,7,healthy,1511.0,78.46589441375401,78.70612608069163,610.4743879644519,1527.8101298365518,66.88793928726764,30.651664646679603,6.088967300323676,0.18790433482774752,12.878478808373528,19.761450484941523,0.7378013349388997,3000.0,-4.5,0.45,none,0.0,
endurance,7,healthy,1512.0,78.46589441373328,79.1966280801767,608.2812739015963,1517.5723932500043,66.58686859285824,30.450533538103798,6.088967300323676,0.18191074203651217,12.842767103848955,20.143392289191073,0.7378013349390264,3000.0,-4.5,0.45,none,0.0,
endurance,7,healthy,1513.0,78.46589441371304,78.25081121154251,613.0210522654818,1513.3341378073044,65.42153790761553,29.984147870183172,6.088967300323676,0.21800239665883692,12.933389238009628,20.179432970160622,0.73780133493915,3000.0,-4.5,0.45,none,0.0,
endurance,7,healthy,1514.0,78.46589441369329,78.12565138810719,608.8838903608978,1520.569158025092,66.386771223191,30.169998501582405,6.088967300323676,0.2039216544399922,12.862799646421573,20.218966615326764,0.7378013349392707,3000.0,-4.5,0.45,none,0.0,
endurance,7,healthy,1515.0,78.46589441367401,78.1404438471393,621.3720353928389,1522.0653801864255,65.75703477137142,30.629882266539724,6.088967300323676,0.22859614111713855,12.942900548404353,19.920477619592006,0.7378013349393885,3000.0,-4.5,0.45,none,0.0,
endurance,7,healthy,1516.0,78.46589441365518,78.69450246942503,615.4310265730986,1525.5477315939622,66.3023158823508,30.032986485420047,6.088967300323676,0.2998284131885639,12.845293554730535,19.93744468620281,0.7378013349395036,3000.0,-4.5,0.45,none,0.0,
endurance,7,healthy,1517.0,78.4658944136368,78.41827420873423,616.9695999776327,1522.194512186578,66.59493566152854,31.10192122579946,6.088967300323676,0.2149445656858283,12.922265198732967,20.220842202726736,0.7378013349396159,3000.0,-4.5,0.45,none,0.0,
endurance,7,healthy,1518.0,78.46589441361887,78.5998182466572,613.8484674303957,1517.0445287179598,65.85797801361231,30.800164626338233,6.088967300323676,0.16065337809800112,12.96985999808833,20.139630903027584,0.7378013349397254,3000.0,-4.5,0.45,none,0.0,
endurance,7,healthy,1519.0,78.46589441360136,77.99450491571238,611.498284290053,1520.187028570176,66.27989279533892,30.56818335140233,6.088967300323676,0.233329487569983,12.903459109028603,19.914531775718842,0.7378013349398324,3000.0,-4.5,0.45,none,0.0,
endurance,7,healthy,1520.0,78.46589441358427,78.91989924664132,616.0880579444737,1522.4103514650626,67.0551132455875,30.22263746765211,6.088967300323676,0.1690480564333896,12.924271720780599,19.89047740676516,0.7378013349399368,3000.0,-4.5,0.45,none,0.0,
endurance,7,healthy,1521.0,78.46589441356758,78.75752659897373,613.2436906651932,1524.9552380542254,66.51582117578387,31.12209719971876,6.088967300323676,0.2443021048619733,13.038429157500296,20.13251107005804,0.7378013349400387,3000.0,-4.5,0.45,none,0.0,
endurance,7,healthy,1522.0,78.4658944135513,78.54754519060536,609.1661325137678,1517.2702258459103,66.77027569349119,30.791405169865886,6.088967300323676,0.2656831135694977,12.842815087505121,19.961330688478235,0.7378013349401382,3000.0,-4.5,0.45,none,0.0,
endurance,7,healthy,1523.0,78.4658944135354,78.91807985071371,612.0237055572601,1525.2620541679605,66.42391279749648,30.363700770166318,6.088967300323676,0.1941181752485887,12.989405369273365,19.91964238907163,0.7378013349402355,3000.0,-4.5,0.45,none,0.0,
endurance,7,healthy,1524.0,78.46589441351988,79.04409589361818,614.3215099969036,1522.3325281674988,66.6568183010546,30.99230510039379,6.088967300323676,0.20129485295213093,13.01619334077902,19.88090319438876,0.7378013349403303,3000.0,-4.5,0.45,none,0.0,
endurance,7,healthy,1525.0,78.46589441350473,79.1518372916742,616.7123967515461,1522.3416605469602,66.35359833399527,30.246487060661174,6.088967300323676,0.2322780530873444,12.898079688990647,20.194317862621855,0.7378013349404228,3000.0,-4.5,0.45,none,0.0,
endurance,7,healthy,1526.0,78.46589441348993,77.94652322706169,614.1586735443398,1520.0045312101597,66.94783829173961,30.426641124300165,6.088967300323676,0.3360253063055335,12.897851279218411,19.894221362695557,0.7378013349405133,3000.0,-4.5,0.45,none,0.0,
endurance,7,healthy,1527.0,78.4658944134755,78.38757435902447,616.7544238559346,1516.2426818979543,65.70535779265387,31.68204182166685,6.088967300323676,0.23793410108557703,12.910306644160126,20.18661195320962,0.7378013349406014,3000.0,-4.5,0.45,none,0.0,
endurance,7,healthy,1528.0,78.4658944134614,78.39645005609778,614.2430265863295,1521.5453630094169,65.4753544641432,31.126073086733044,6.088967300323676,0.2375425663148089,12.902294826371321,19.912145422575854,0.7378013349406876,3000.0,-4.5,0.45,none,0.0,
endurance,7,healthy,1529.0,78.46589441344764,78.269624198378,613.0878769768683,1511.1850438832864,66.69395067507963,30.258526877434605,6.088967300323676,0.07779856189066073,12.86658219050814,19.973827950861605,0.7378013349407715,3000.0,-4.5,0.45,none,0.0,
endurance,7,healthy,1530.0,78.46589441343421,77.6317140192249,611.6180739420383,1512.8349256919412,66.50693800229504,29.923755018767558,6.088967300323676,0.14392045594094427,12.879713868319643,20.219522252316363,0.7378013349408536,3000.0,-4.5,0.45,none,0.0,
endurance,7,healthy,1531.0,78.4658944134211,78.2766664631108,611.7685596193842,1519.939103983624,66.30133135635029,30.53744628147581,6.088967300323676,0.18053096382397166,12.883420268893758,20.22038053701705,0.7378013349409338,3000.0,-4.5,0.45,none,0.0,
endurance,7,healthy,1532.0,78.4658944134083,78.44229780433204,616.5971661187704,1513.8452698383103,65.64344249993367,30.46737575239287,6.088967300323676,0.21079531460862075,12.901594256427078,20.00486605726835,0.737801334941012,3000.0,-4.5,0.45,none,0.0,
endurance,7,healthy,1533.0,78.4658944133958,79.43002269122793,615.9377962027386,1515.8984605944001,66.43999270291431,30.07462175717341,6.088967300323676,0.2086946244625826,12.948243946916092,20.0851290273337,0.7378013349410883,3000.0,-4.5,0.45,none,0.0,
endurance,7,healthy,1534.0,78.4658944133836,78.49745329520374,614.0568255539139,1521.90920836965,66.32022299652064,30.42806116693791,6.088967300323676,0.2167394291282521,12.899204923484975,19.837138789830536,0.7378013349411628,3000.0,-4.5,0.45,none,0.0,
endurance,7,healthy,1535.0,78.46589441337169,78.38966805195585,611.9828738092815,1524.4843000137619,66.77405850919419,31.152032173896142,6.088967300323676,0.1372255278255271,12.880365100691543,19.7198388379913,0.7378013349412357,3000.0,-4.5,0.45,none,0.0,
endurance,7,healthy,1536.0,78.46589441336006,79.24700874931487,616.0231318636698,1519.7413551527077,66.89412172416792,30.727618139723145,6.088967300323676,0.13830327728354375,12.996117033987787,20.153696726601453,0.7378013349413066,3000.0,-4.5,0.45,none,0.0,
endurance,7,healthy,1537.0,78.4658944133487,77.56382140272119,611.3354632000476,1523.2345886890005,66.1212514623036,29.63539066133807,6.088967300323676,0.15065572010068945,12.878080760243654,19.979692076473153,0.7378013349413761,3000.0,-4.5,0.45,none,0.0,
endurance,7,healthy,1538.0,78.46589441333762,79.41830800066964,614.2389892718048,1521.3927943223416,67.10194505176449,29.529405029427014,6.088967300323676,0.22598001582269703,12.911201945231612,20.146100737504277,0.7378013349414438,3000.0,-4.5,0.45,none,0.0,
endurance,7,healthy,1539.0,78.46589441332681,78.37502008188264,610.4084630747424,1527.0615145160587,66.67767424466871,29.717411610110442,6.088967300323676,0.16476615308468578,12.959659909333714,20.12627909765767,0.7378013349415098,3000.0,-4.5,0.45,none,0.0,
endurance,7,healthy,1540.0,78.46589441331625,78.41568186231726,612.5967893107392,1521.8875867333413,66.12169978398457,30.424874979603786,6.088967300323676,0.15156751481193867,12.954814957247363,19.957061482979014,0.7378013349415744,3000.0,-4.5,0.45,none,0.0,
endurance,7,healthy,1541.0,78.46589441330595,78.49965772037687,612.1035697412377,1513.6690557790507,65.88570274301391,30.312368173395104,6.088967300323676,0.09760450747623602,12.882360538584672,19.96766358842969,0.7378013349416374,3000.0,-4.5,0.45,none,0.0,
endurance,7,healthy,1542.0,78.46589441329589,78.1345793311919,613.3526685980347,1516.6187295908967,65.66841989492289,30.420964121593705,6.088967300323676,0.1729193572347089,13.04107047165787,19.868900999069737,0.7378013349416987,3000.0,-4.5,0.45,none,0.0,
endurance,7,healthy,1543.0,78.46589441328607,78.70034003748954,616.5699923166534,1521.9214378601948,66.6207667969877,30.456701319978517,6.088967300323676,0.23919223503690823,12.95669558384578,20.045966290282415,0.7378013349417588,3000.0,-4.5,0.45,none,0.0,
endurance,7,healthy,1544.0,78.46589441327647,77.9723086732664,612.2328702852471,1519.191921694145,66.50423704655732,30.282401724794546,6.088967300323676,0.27169177591207766,12.898864664862163,20.060074985791005,0.7378013349418173,3000.0,-4.5,0.45,none,0.0,
endurance,7,healthy,1545.0,78.46589441326711,78.06435489691908,607.6873794993119,1517.4661862961066,65.82775670554804,30.031265833383536,6.088967300323676,0.1782641054936488,12.962329181215809,20.43019399884306,0.7378013349418746,3000.0,-4.5,0.45,none,0.0,
endurance,7,healthy,1546.0,78.46589441325797,78.91086470835347,612.9226399626335,1520.3643013400367,66.93239931375994,30.492868037376454,6.088967300323676,0.22079469572224225,12.981508433678384,19.95369405205928,0.7378013349419305,3000.0,-4.5,0.45,none,0.0,
endurance,7,healthy,1547.0,78.46589441324905,79.65552287542086,613.1693595980402,1524.4948119925668,66.93335625181305,30.634363873325025,6.088967300323676,0.21587492930906182,12.881340710033637,20.184997131255123,0.737801334941985,3000.0,-4.5,0.45,none,0.0,
endurance,7,healthy,1548.0,78.46589441324033,78.82323184991013,615.4537541389511,1515.5485161731065,67.05575723400992,29.705552259057562,6.088967300323676,0.15440388494853557,12.865251124021336,19.932540138558,0.7378013349420381,3000.0,-4.5,0.45,none,0.0,
endurance,7,healthy,1549.0,78.46589441323184,78.76062018968325,610.1609252785646,1513.7760401515893,66.57613391747144,31.241359969378873,6.088967300323676,0.20195901347233752,12.872843499401744,19.950639797047653,0.7378013349420901,3000.0,-4.5,0.45,none,0.0,
endurance,7,healthy,1550.0,78.46589441322354,79.04916548542751,614.8928862988985,1519.440459688194,65.72017368075612,29.649941844138194,6.088967300323676,0.2449226210470402,12.843146326510126,19.868243472045055,0.7378013349421408,3000.0,-4.5,0.45,none,0.0,
endurance,7,healthy,1551.0,78.46589441321544,78.46645389325909,611.5867161797809,1516.4909871269433,65.95189798346881,30.093293354639712,6.088967300323676,0.2673263322018655,12.929078848070516,20.119733545080848,0.7378013349421904,3000.0,-4.5,0.45,none,0.0,
endurance,7,healthy,1552.0,78.46589441320754,78.79909223783815,613.4428532895384,1520.9046932029191,66.53100484765932,30.16986209074135,6.088967300323676,0.2124527314376317,12.925927986617316,20.28218299315998,0.7378013349422385,3000.0,-4.5,0.45,none,0.0,
endurance,7,healthy,1553.0,78.46589441319982,78.21061976797658,614.2091261822853,1521.610075007764,67.19576544427534,30.572678468630787,6.088967300323676,0.22946110279137882,12.895994083609677,19.992672066468973,0.7378013349422857,3000.0,-4.5,0.45,none,0.0,
endurance,7,healthy,1554.0,78.46589441319229,79.01708794079612,613.8018198920937,1519.1062743293887,65.93622987750102,30.554992486152006,6.088967300323676,0.24903567682827954,12.924148756565819,20.036951033119863,0.7378013349423317,3000.0,-4.5,0.45,none,0.0,
endurance,7,healthy,1555.0,78.46589441318493,77.96005370450058,612.4515625854123,1524.3822250136511,66.74232955158953,30.107512227938603,6.088967300323676,0.19299194176296702,12.98623885092601,20.032674348459555,0.7378013349423767,3000.0,-4.5,0.45,none,0.0,
endurance,7,healthy,1556.0,78.46589441317775,79.03258577412379,612.4068002641974,1521.2161472048545,65.9749909396241,30.65161174549417,6.088967300323676,0.25705613766785335,12.962976443359688,20.368873730760658,0.7378013349424205,3000.0,-4.5,0.45,none,0.0,
endurance,7,healthy,1557.0,78.46589441317074,78.58279195301158,606.4572925125539,1519.2896255097285,66.96048470160305,30.497654419912443,6.088967300323676,0.11840143984258783,12.90331825553042,19.781393375303075,0.7378013349424632,3000.0,-4.5,0.45,none,0.0,
endurance,7,healthy,1558.0,78.46589441316391,77.6841250322207,613.4144708016506,1516.5295429100504,66.74531165352353,30.68697446353518,6.088967300323676,0.16381676627149183,12.895738230776152,20.172558969736144,0.737801334942505,3000.0,-4.5,0.45,none,0.0,
endurance,7,healthy,1559.0,78.46589441315723,78.76003249360932,615.519373918958,1518.5489619472876,66.09373044924774,30.271475643041157,6.088967300323676,0.21123371842993288,12.910694870120679,20.234054532921167,0.737801334942546,3000.0,-4.5,0.45,none,0.0,
endurance,7,healthy,1560.0,78.4658944131507,78.54088708499626,608.7493390915632,1513.8600856536752,65.71288711677178,30.807961323958605,6.088967300323676,0.16385847715037322,12.999458105399265,20.03112385486983,0.7378013349425858,3000.0,-4.5,0.45,none,0.0,
endurance,7,healthy,1561.0,78.46589441314434,77.59615269685871,605.1228170978035,1519.2724289039418,67.05924249236882,30.783737612403176,6.088967300323676,0.22737457232218156,12.958202861017188,19.855300472339056,0.7378013349426247,3000.0,-4.5,0.45,none,0.0,
endurance,7,healthy,1562.0,78.46589441313813,79.06140575402301,619.9909000399572,1522.9202754844182,65.53403145498005,30.566168953074936,6.088967300323676,0.17141073112207433,13.001695929409193,19.891181954435517,0.7378013349426626,3000.0,-4.5,0.45,none,0.0,
endurance,7,healthy,1563.0,78.46589441313206,79.03295820479404,612.7211622231192,1521.9664092455764,65.91608629008616,30.647313731346404,6.088967300323676,0.19213154478018424,12.968470491988375,20.351241895997784,0.7378013349426997,3000.0,-4.5,0.45,none,0.0,
endurance,7,healthy,1564.0,78.46589441312614,78.52686054440807,612.2139969267581,1526.1339159263641,66.64455633137874,30.993648629832077,6.088967300323676,0.18292358781027043,12.968903960636638,20.07616125209965,0.7378013349427359,3000.0,-4.5,0.45,none,0.0,
endurance,7,healthy,1565.0,78.46589441312035,79.68993096810442,615.5063104821932,1522.5893972966655,65.3943188686239,30.256429052611836,6.088967300323676,0.12000357570583828,12.929278728738668,20.18098131001738,0.7378013349427712,3000.0,-4.5,0.45,none,0.0,
endurance,7,healthy,1566.0,78.46589441311471,78.4553641822696,607.2350472999409,1525.9384556082582,66.72607761573767,30.347997869352238,6.088967300323676,0.10045794284756199,12.973189993697877,20.35106196703226,0.7378013349428056,3000.0,-4.5,0.45,none,0.0,
endurance,7,healthy,1567.0,78.4658944131092,77.49701171460325,610.5488615817824,1526.7463287632702,65.7528257249097,30.77457596447642,6.088967300323676,0.19418279327377,12.916572427935876,20.043769693447988,0.7378013349428394,3000.0,-4.5,0.45,none,0.0,
endurance,7,healthy,1568.0,78.46589441310383,78.54261476059908,613.1297101313586,1515.6470144148714,66.37873447863292,30.316134573760255,6.088967300323676,0.13900498370135408,12.953354112588322,19.843300020881962,0.7378013349428721,3000.0,-4.5,0.45,none,0.0,
endurance,7,healthy,1569.0,78.46589441309858,78.71417055420282,608.4083917602508,1518.8674296237325,66.33170909196518,30.662688995563997,6.088967300323676,0.14352141220885514,12.964182159336922,19.954168824371777,0.7378013349429042,3000.0,-4.5,0.45,none,0.0,
endurance,7,healthy,1570.0,78.46589441309345,79.43926198591028,611.3439401396397,1510.3370890754309,66.03756104739966,31.106559463030536,6.088967300323676,0.12183954290657961,12.936192398738251,19.79593697848472,0.7378013349429355,3000.0,-4.5,0.45,none,0.0,
endurance,7,healthy,1571.0,78.46589441308845,78.63546176707285,617.2499831514141,1514.1804919224671,66.06348546423283,30.200011834453747,6.088967300323676,0.23056040879916634,12.964419218416994,20.033125912177205,0.7378013349429662,3000.0,-4.5,0.45,none,0.0,
endurance,7,healthy,1572.0,78.46589441308356,78.61477209544225,615.2559548732565,1515.5225811406522,66.19622728836842,30.456338944704875,6.088967300323676,0.2301880160158356,12.896421292757832,19.93831419498145,0.737801334942996,3000.0,-4.5,0.45,none,0.0,
endurance,7,healthy,1573.0,78.4658944130788,78.3041757103154,612.7835609072258,1524.2094250082337,66.18751773333581,30.853732314972255,6.088967300323676,0.210853953807037,12.89157175607873,19.832335553628834,0.7378013349430251,3000.0,-4.5,0.45,none,0.0,
endurance,7,healthy,1574.0,78.46589441307415,79.01738614862944,608.8653370679264,1519.5342059276488,65.9485394853113,30.145798387991697,6.088967300323676,0.20808899407696804,12.93660326386924,20.32790152202495,0.7378013349430534,3000.0,-4.5,0.45,none,0.0,
endurance,7,healthy,1575.0,78.4658944130696,79.42344202343273,613.802812117092,1522.697994357888,65.87562792974605,30.691066392494655,6.088967300323676,0.18012339861966625,12.956664648013668,20.38675670499973,0.7378013349430812,3000.0,-4.5,0.45,none,0.0,
endurance,7,healthy,1576.0,78.46589441306517,78.41747240706097,617.5776760838006,1517.678148765675,66.7337629721959,30.644312380371485,6.088967300323676,0.1883055225706427,12.927915572192969,20.124831346858283,0.7378013349431083,3000.0,-4.5,0.45,none,0.0,
endurance,7,healthy,1577.0,78.46589441306084,78.9397163123881,610.693669191051,1520.3116396513985,65.66114303636222,30.694843778829906,6.088967300323676,0.07880101302372543,12.939114887351607,19.881069673632954,0.7378013349431349,3000.0,-4.5,0.45,none,0.0,
endurance,7,healthy,1578.0,78.46589441305662,78.0343204919075,616.3796692357618,1518.275306035039,66.08191311073385,29.585949548079444,6.088967300323676,0.24978956901487742,12.900171886534999,20.101160840829113,0.7378013349431607,3000.0,-4.5,0.45,none,0.0,
endurance,7,healthy,1579.0,78.4658944130525,79.02205331060071,612.8745414828164,1525.0225965461466,66.24384021216034,30.297328996237866,6.088967300323676,0.22022597505535046,12.906640616931966,20.08078174752626,0.7378013349431858,3000.0,-4.5,0.45,none,0.0,
endurance,7,healthy,1580.0,78.46589441304847,78.88539049826862,615.3991430827366,1518.1700831269297,66.53533233781071,30.723373413602925,6.088967300323676,0.13300942274553956,12.956030588362443,19.888080693204714,0.7378013349432104,3000.0,-4.5,0.45,none,0.0,
endurance,7,healthy,1581.0,78.46589441304454,78.11990763123625,611.6803252960763,1519.7892093659057,66.0509947376976,30.75899693222736,6.088967300323676,0.22669125714053445,12.852786692467637,20.14642140048415,0.7378013349432344,3000.0,-4.5,0.45,none,0.0,
endurance,7,healthy,1582.0,78.4658944130407,78.67204425605854,611.7406427597327,1515.4694994831898,66.10747681989683,30.51418497226076,6.088967300323676,0.3085052266854808,12.896638709185115,19.98913010519868,0.737801334943258,3000.0,-4.5,0.45,none,0.0,
endurance,7,healthy,1583.0,78.46589441303695,79.5822985713832,612.3662677115689,1523.9165737254375,65.27581551497211,30.71822483706509,6.088967300323676,0.22239859377328414,12.917133026806818,19.719403852166966,0.7378013349432808,3000.0,-4.5,0.45,none,0.0,
endurance,7,healthy,1584.0,78.4658944130333,79.42006454016607,613.5519963144787,1514.0070422266879,66.58284114734957,30.809782099966483,6.088967300323676,0.16782418268754448,12.994465005222466,20.153820376234155,0.737801334943303,3000.0,-4.5,0.45,none,0.0,
endurance,7,healthy,1585.0,78.46589441302973,78.00247154582208,618.1463902440428,1521.338529133977,66.49974566597751,31.13073789404766,6.088967300323676,0.14723963733748158,12.934091115363085,19.857073106294457,0.7378013349433249,3000.0,-4.5,0.45,none,0.0,
endurance,7,healthy,1586.0,78.46589441302625,78.68934234023041,612.9629233884807,1519.8167453222927,66.25410214581836,30.818121025932744,6.088967300323676,0.10987121870148826,12.943299993135517,20.238655435691044,0.7378013349433462,3000.0,-4.5,0.45,none,0.0,
endurance,7,healthy,1587.0,78.46589441302285,78.76232643320954,609.6151287038072,1514.4370765718147,66.18498594837618,30.332099531555983,6.088967300323676,0.21506472996274337,12.873410976583017,20.01801385590579,0.737801334943367,3000.0,-4.5,0.45,none,0.0,
endurance,7,healthy,1588.0,78.46589441301953,78.0973792479689,612.272015351989,1520.9573858408073,65.72473370861611,29.71987651609793,6.088967300323676,0.1796542337671596,12.949325079592848,20.082726140892316,0.7378013349433872,3000.0,-4.5,0.45,none,0.0,
endurance,7,healthy,1589.0,78.46589441301629,79.34104945036978,614.5202657771304,1519.7893542894515,67.00573151859832,31.262698726756284,6.088967300323676,0.19168386642414248,12.855406123182185,19.79547041667002,0.737801334943407,3000.0,-4.5,0.45,none,0.0,
endurance,7,healthy,1590.0,78.46589441301312,78.03715461229037,615.1194391684949,1521.535504796735,67.41086238955641,31.406602849903113,6.088967300323676,0.20929218219809376,12.871582063772273,19.605093280558616,0.7378013349434265,3000.0,-4.5,0.45,none,0.0,
endurance,7,healthy,1591.0,78.46589441301003,78.05398307983718,613.3562708954613,1518.2114780896325,66.52415959323504,31.611192490936123,6.088967300323676,0.21592253063723332,12.8642740284611,20.182263275413256,0.7378013349434452,3000.0,-4.5,0.45,none,0.0,
endurance,7,healthy,1592.0,78.46589441300702,78.99270597859957,604.0741697932069,1522.6027232065462,65.90418481813595,30.229032044131948,6.088967300323676,0.14344360538355716,12.909305769052974,19.749687271858804,0.7378013349434636,3000.0,-4.5,0.45,none,0.0,
endurance,7,healthy,1593.0,78.46589441300408,78.47200258496945,615.9780356415017,1521.1697809402183,66.43401927522106,29.78960848881703,6.088967300323676,0.21942406095073885,12.874114999003002,19.79707071839887,0.7378013349434817,3000.0,-4.5,0.45,none,0.0,
endurance,7,healthy,1594.0,78.46589441300121,77.91654392235122,613.2696519272931,1511.5830148965938,66.58090506203777,31.314207538430324,6.088967300323676,0.24944775130506155,12.93747970695434,19.96590988544134,0.7378013349434991,3000.0,-4.5,0.45,none,0.0,
endurance,7,healthy,1595.0,78.46589441299841,78.25437049043829,612.320595581434,1520.8958552366548,65.61857204255169,30.61057529150631,6.088967300323676,0.2262189173518505,12.880138079723707,20.04169406265524,0.7378013349435162,3000.0,-4.5,0.45,none,0.0,
endurance,7,healthy,1596.0,78.46589441299567,78.49603492212314,615.1234434414471,1510.6543992846264,65.68980388668582,29.978572196492106,6.088967300323676,0.22911121813908022,12.860367772063286,20.055752023224358,0.7378013349435331,3000.0,-4.5,0.45,none,0.0,
endurance,7,healthy,1597.0,78.465894412993,78.74628400997145,618.5281852122877,1525.9748437280932,66.54330661791914,29.709855317838493,6.088967300323676,0.211580377006126,12.825806633448464,19.79554089507387,0.7378013349435494,3000.0,-4.5,0.45,none,0.0,
endurance,7,healthy,1598.0,78.46589441299038,78.66000316037977,609.4010993710782,1518.0525072876203,65.90674162771762,31.09326656406034,6.088967300323676,0.08968453394294987,12.951046840729735,19.963121623283815,0.7378013349435653,3000.0,-4.5,0.45,none,0.0,
endurance,7,healthy,1599.0,78.46589441298784,79.35056236168899,613.7804399844476,1519.1049986009614,65.82896846023098,30.577724896007638,6.088967300323676,0.23369557029271398,12.930794869545103,19.901618627390537,0.7378013349435808,3000.0,-4.5,0.45,none,0.0,
endurance,7,healthy,1600.0,78.46589441298535,77.05111904024903,606.0702385080659,1522.446751598779,66.54035805526952,30.576927387784195,6.088967300323676,0.2046669427032241,12.917917897254025,20.039204227801932,0.7378013349435961,3000.0,-4.5,0.45,none,0.0,
endurance,7,healthy,1601.0,78.46589441298292,78.69980976836156,609.4405920849562,1519.4296172256861,66.4337961130472,30.047138582564244,6.088967300323676,0.2680356236295433,12.883903366177217,19.876699060642053,0.737801334943611,3000.0,-4.5,0.45,none,0.0,
endurance,7,healthy,1602.0,78.46589441298055,79.04060180902722,611.0216293259956,1527.5292406044507,67.12748395722856,30.350409382102182,6.088967300323676,0.257168900926603,12.925469126857061,19.857517799689642,0.7378013349436254,3000.0,-4.5,0.45,none,0.0,
endurance,7,healthy,1603.0,78.46589441297823,78.99800482268982,612.76241328811,1522.2594590131896,65.71043210044326,30.29562442806653,6.088967300323676,0.22519772295240784,12.956673370307977,20.022821276964606,0.7378013349436396,3000.0,-4.5,0.45,none,0.0,
endurance,7,healthy,1604.0,78.46589441297597,78.11870204255727,614.351211695593,1519.638742293525,66.5230061610367,30.350717387083414,6.088967300323676,0.1821428899741682,12.919542569128346,19.85130675777416,0.7378013349436534,3000.0,-4.5,0.45,none,0.0,
endurance,7,healthy,1605.0,78.46589441297377,78.09840879583327,616.3603512733544,1516.3843815015396,66.59704422659776,31.101810772453135,6.088967300323676,0.27127902087815003,12.966877504521655,19.933238304479534,0.7378013349436668,3000.0,-4.5,0.45,none,0.0,
endurance,7,healthy,1606.0,78.46589441297162,78.44284370691202,611.2489490461431,1527.658116009552,65.84151707659534,29.669248371800325,6.088967300323676,0.1735007884455534,12.89723750465718,20.07061752871254,0.7378013349436799,3000.0,-4.5,0.45,none,0.0,
endurance,7,healthy,1607.0,78.46589441296952,78.10987060107742,607.7568247824297,1529.7215856256335,66.0843547171944,29.89613662033035,6.088967300323676,0.16580591807749817,12.907041259655477,19.877019995398634,0.7378013349436928,3000.0,-4.5,0.45,none,0.0,
endurance,7,healthy,1608.0,78.46589441296747,77.86410035220254,614.3395339761141,1518.4691588537924,67.28794056766526,29.672813118558803,6.088967300323676,0.08060094026238254,12.951707172706286,19.857943882465737,0.7378013349437054,3000.0,-4.5,0.45,none,0.0,
endurance,7,healthy,1609.0,78.46589441296547,78.2721228533641,615.5053383878815,1514.1748886116613,66.55594805720553,29.7544465200429,6.088967300323676,0.0771871265780127,12.897276711869162,20.226893313239483,0.7378013349437176,3000.0,-4.5,0.45,none,0.0,
endurance,7,healthy,1610.0,78.46589441296351,78.32379428792561,614.4544896973737,1522.1492074678342,65.17140770410003,30.832624676684045,6.088967300323676,0.17655674278130065,12.8725968671132,20.255919680083398,0.7378013349437296,3000.0,-4.5,0.45,none,0.0,
endurance,7,healthy,1611.0,78.4658944129616,78.75154662399675,609.3441002125662,1512.1251356979574,66.68838316709156,30.098822713309154,6.088967300323676,0.1933221134404337,12.935559040052842,19.906426160428435,0.7378013349437411,3000.0,-4.5,0.45,none,0.0,
endurance,7,healthy,1612.0,78.46589441295974,78.10360743959976,616.2109922748721,1517.0976004788326,66.46051976453711,30.592473134527538,6.088967300323676,0.1918595230967565,12.96793576068054,19.844432191695212,0.7378013349437524,3000.0,-4.5,0.45,none,0.0,
endurance,7,healthy,1613.0,78.46589441295792,79.38477757171734,615.7013098663418,1516.5688889452656,65.99060944696372,29.839495766790357,6.088967300323676,0.19669637973181175,12.922918079718999,19.92417998767247,0.7378013349437635,3000.0,-4.5,0.45,none,0.0,
endurance,7,healthy,1614.0,78.46589441295615,77.84496683680823,610.3231200874038,1519.8382119666098,66.46118156573036,30.578328949002678,6.088967300323676,0.19472290389267818,12.922043819770275,19.84557507402487,0.7378013349437744,3000.0,-4.5,0.45,none,0.0,
endurance,7,healthy,1615.0,78.46589441295441,78.60637311041593,612.7393054780761,1521.7350891723725,66.22595041694959,30.572421107325926,6.088967300323676,0.18202193920348989,12.935708917503453,20.429691446765027,0.7378013349437851,3000.0,-4.5,0.45,none,0.0,
endurance,7,healthy,1616.0,78.46589441295272,77.9954045215928,615.0386420443732,1525.5490139985561,66.25085984980942,30.17808267762019,6.088967300323676,0.19266574310794618,12.985291502779626,19.686640866565533,0.7378013349437954,3000.0,-4.5,0.45,none,0.0,
endurance,7,healthy,1617.0,78.46589441295107,78.39798958425762,610.9313678552072,1520.156702957974,66.17359747175189,30.10742600588513,6.088967300323676,0.26878821740442177,12.904200789057324,19.798768293917085,0.7378013349438055,3000.0,-4.5,0.45,none,0.0,
endurance,7,healthy,1618.0,78.46589441294947,78.5883691583758,613.1579292696298,1515.1740400189651,65.35787709715615,30.136637827244677,6.088967300323676,0.053421705735108155,12.86886021533871,20.275318031121305,0.7378013349438153,3000.0,-4.5,0.45,none,0.0,
endurance,7,healthy,1619.0,78.46589441294789,77.96759348786553,615.2096210720382,1516.8359290497003,66.84134205049753,30.63180117853915,6.088967300323676,0.20337640398255313,12.926268614262092,19.709003543460717,0.7378013349438249,3000.0,-4.5,0.45,none,0.0,
endurance,7,healthy,1620.0,78.46589441294635,78.03913080805192,620.2890442316356,1519.6250194962806,65.9318686041863,30.535135235738636,6.088967300323676,0.21095976985485035,12.9577728742954,20.0751517864666,0.7378013349438344,3000.0,-4.5,0.45,none,0.0,
endurance,7,healthy,1621.0,78.46589441294485,78.84752236267026,613.7143202667959,1520.658987931874,66.75038939929853,29.497195767897004,6.088967300323676,0.05616134222269151,12.987199301543388,20.05784120835598,0.7378013349438435,3000.0,-4.5,0.45,none,0.0,
endurance,7,healthy,1622.0,78.46589441294338,78.76125935543641,611.221077127013,1518.6513548996325,66.30481934593391,30.018108019723808,6.088967300323676,0.22850388015924455,12.856140645542014,19.682610093333924,0.7378013349438525,3000.0,-4.5,0.45,none,0.0,
endurance,7,healthy,1623.0,78.46589441294195,79.0597515430666,612.3891729755385,1521.6609300630425,65.87777016664637,30.239345613089945,6.088967300323676,0.14236223298979095,12.886039865476718,19.894831023404326,0.7378013349438612,3000.0,-4.5,0.45,none,0.0,
endurance,7,healthy,1624.0,78.46589441294056,79.21273466450393,611.8825606981788,1522.6136587558372,66.84219698667819,30.209252463133858,6.088967300323676,0.24714379987572088,12.918816264717268,19.923120242906695,0.7378013349438697,3000.0,-4.5,0.45,none,0.0,
endurance,7,healthy,1625.0,78.46589441293919,78.04371087779569,609.2315755524205,1524.8413244420724,65.40480725710579,30.056253716078512,6.088967300323676,0.19690976044932318,12.95444555942332,20.39689689022911,0.7378013349438781,3000.0,-4.5,0.45,none,0.0,
endurance,7,healthy,1626.0,78.46589441293786,78.27913923442202,613.9113368098378,1511.5732611536448,66.28609815202171,28.896628251950602,6.088967300323676,0.1944854068861279,12.921471783116559,19.87597227893639,0.7378013349438861,3000.0,-4.5,0.45,none,0.0,
endurance,7,healthy,1627.0,78.46589441293656,78.81608296800798,616.8979961944771,1512.809856488431,66.334125599974,30.650138512349915,6.088967300323676,0.13829380435868097,12.864676658703521,19.860127051613002,0.7378013349438941,3000.0,-4.5,0.45,none,0.0,
endurance,7,healthy,1628.0,78.4658944129353,78.84375491713212,617.6525102893992,1530.4379582745396,65.6976930037147,30.563201458923793,6.088967300323676,0.12022263826356812,12.951794890273113,20.205032230622525,0.7378013349439019,3000.0,-4.5,0.45,none,0.0,
endurance,7,healthy,1629.0,78.46589441293406,79.6841560737863,608.3926746764005,1521.9126752734214,65.96105156018115,30.900917053224603,6.088967300323676,0.23424331412333954,12.874067664519487,20.0827244714158,0.7378013349439094,3000.0,-4.5,0.45,none,0.0,
endurance,7,healthy,1630.0,78.46589441293285,77.88159610505096,614.2126264183925,1524.3472699228987,66.42255074217307,30.026483599490803,6.088967300323676,0.21351483001422367,12.87703813578551,19.630095861121905,0.7378013349439168,3000.0,-4.5,0.45,none,0.0,
endurance,7,healthy,1631.0,78.46589441293168,78.71211874844185,612.610128750962,1519.5445723067592,65.79878647401122,31.16038084406447,6.088967300323676,0.25651890097267405,12.864817231551573,20.12207909416291,0.7378013349439241,3000.0,-4.5,0.45,none,0.0,
endurance,7,healthy,1632.0,78.46589441293052,78.86931851847277,616.6018533003756,1518.3720444793576,66.36647134373689,29.8981595385365,6.088967300323676,0.17640020133764467,12.971881321583124,19.470546335359504,0.737801334943931,3000.0,-4.5,0.45,none,0.0,
endurance,7,healthy,1633.0,78.4658944129294,78.25658008543782,610.6401457238533,1522.0395653883247,65.7338758618002,30.166593346689275,6.088967300323676,0.20898183362201103,12.974194602669426,20.16927848976341,0.737801334943938,3000.0,-4.5,0.45,none,0.0,
endurance,7,healthy,1634.0,78.46589441292831,78.04560730006483,615.1280086162608,1523.291583046543,65.75794757796984,31.34578649155375,6.088967300323676,0.1396287757774516,12.85478307033976,20.061011990353972,0.7378013349439445,3000.0,-4.5,0.45,none,0.0,
endurance,7,healthy,1635.0,78.46589441292724,78.52052937962172,615.6261749071679,1523.9962072433702,65.57210811408868,29.784234216276538,6.088967300323676,0.22966393716691538,12.896033331535996,20.222078853500648,0.7378013349439512,3000.0,-4.5,0.45,none,0.0,
endurance,7,healthy,1636.0,78.46589441292619,78.86030236842223,615.0303990237928,1520.8169528853405,66.2014968484236,31.38637646744847,6.088967300323676,0.2263654672473186,12.947730214112969,20.178313188176457,0.7378013349439575,3000.0,-4.5,0.45,none,0.0,
endurance,7,healthy,1637.0,78.46589441292517,78.6862309681227,611.5959189511659,1512.4310978204899,66.15179140552057,30.558972209669168,6.088967300323676,0.14620341491955802,13.004497681616286,20.093313777720855,0.7378013349439638,3000.0,-4.5,0.45,none,0.0,
endurance,7,healthy,1638.0,78.46589441292417,78.29472283115639,617.3580314756713,1531.205380077824,65.65095711960673,31.37564176961811,6.088967300323676,0.22243557016112042,12.961450281476642,20.172396543474452,0.7378013349439698,3000.0,-4.5,0.45,none,0.0,
endurance,7,healthy,1639.0,78.4658944129232,78.43007474126381,612.4065758191417,1517.914415128382,66.09851779564433,30.314289091039864,6.088967300323676,0.20223720308679208,12.846934679003482,20.16671507466731,0.7378013349439758,3000.0,-4.5,0.45,none,0.0,
endurance,7,healthy,1640.0,78.46589441292225,78.1398528380081,612.9944223947264,1520.8130449262478,66.0807945832535,30.20721307044959,6.088967300323676,0.054078485473495086,12.895689660158983,20.455609790479308,0.7378013349439816,3000.0,-4.5,0.45,none,0.0,
endurance,7,healthy,1641.0,78.46589441292133,77.54638554999687,612.5833333407298,1514.1751557346377,66.05002489165192,31.041567695820365,6.088967300323676,0.2663164941027881,12.867299303692993,19.790967824576267,0.7378013349439871,3000.0,-4.5,0.45,none,0.0,
endurance,7,healthy,1642.0,78.46589441292042,78.37663629093667,613.8751622672359,1518.736924627279,65.55310095663793,31.275669336537913,6.088967300323676,0.16408581592740862,12.930330272205559,20.11097858539031,0.7378013349439928,3000.0,-4.5,0.45,none,0.0,
endurance,7,healthy,1643.0,78.46589441291954,78.51533133676926,610.4633123701682,1517.816984772959,67.08106277224749,29.776044093878067,6.088967300323676,0.14630739180672056,12.913020548442564,20.28409327107835,0.7378013349439981,3000.0,-4.5,0.45,none,0.0,
endurance,7,healthy,1644.0,78.46589441291867,78.64359806797582,614.2649255388554,1517.537900229763,66.61802650708344,30.425858704810643,6.088967300323676,0.19427865240132047,12.933382182601312,19.912614814440822,0.7378013349440034,3000.0,-4.5,0.45,none,0.0,
endurance,7,healthy,1645.0,78.46589441291783,77.17275384321755,616.4442459125888,1516.2825679103112,65.87450105247214,30.67194598033745,6.088967300323676,0.2593791690625077,12.938019975580959,19.63125165554329,0.7378013349440086,3000.0,-4.5,0.45,none,0.0,
endurance,7,healthy,1646.0,78.46589441291701,77.63484563940293,605.9935259470275,1521.5513870180866,65.9478208539212,30.406630394954316,6.088967300323676,0.2575961599710859,12.96014352308054,19.736388853110356,0.7378013349440136,3000.0,-4.5,0.45,none,0.0,
endurance,7,healthy,1647.0,78.46589441291621,77.39547114883047,616.1794396999641,1529.33687460618,66.1550137747234,30.087749415471997,6.088967300323676,0.2554864050529251,13.042351286492728,20.007520788988042,0.7378013349440184,3000.0,-4.5,0.45,none,0.0,
endurance,7,healthy,1648.0,78.46589441291543,78.55979834192284,608.1741179580742,1517.6625911855751,65.70963971544239,30.391340586057456,6.088967300323676,0.2482363216574549,12.806314702330507,19.970829408204963,0.7378013349440232,3000.0,-4.5,0.45,none,0.0,
endurance,7,healthy,1649.0,78.46589441291466,78.03097724777605,611.8991056306635,1527.4454942409627,66.16763322612326,29.76706517076071,6.088967300323676,0.16663105708561637,12.910431464219434,19.98298791646084,0.737801334944028,3000.0,-4.5,0.45,none,0.0,
endurance,7,healthy,1650.0,78.46589441291393,78.9561654410565,614.125820714411,1517.1346033943998,66.39835622260968,31.204547661828173,6.088967300323676,0.14902785216908146,12.943191005639324,19.79058096811771,0.7378013349440324,3000.0,-4.5,0.45,none,0.0,
endurance,7,healthy,1651.0,78.4658944129132,77.91989295543416,611.5169020968664,1525.4594915349119,66.29630636031865,30.20842258402857,6.088967300323676,0.1722504988334986,12.948135584055892,20.016233701185485,0.7378013349440369,3000.0,-4.5,0.45,none,0.0,
endurance,7,healthy,1652.0,78.46589441291249,78.32224655634519,615.835818555688,1518.5985577551805,66.4867987755481,30.558925371635823,6.088967300323676,0.2430296043937182,12.870428579870024,20.273392703854157,0.7378013349440413,3000.0,-4.5,0.45,none,0.0,
endurance,7,healthy,1653.0,78.4658944129118,78.7652137233164,618.3285503460894,1522.4897962058728,66.15007826468465,30.539594973636593,6.088967300323676,0.11274056578026995,12.926606432495172,19.72184381683755,0.7378013349440455,3000.0,-4.5,0.45,none,0.0,
endurance,7,healthy,1654.0,78.46589441291111,79.35070221869482,612.3600996054355,1516.6320477329575,65.76975209193716,29.983104520188316,6.088967300323676,0.1681771617819718,12.947624497267366,20.298362073407752,0.7378013349440496,3000.0,-4.5,0.45,none,0.0,
endurance,7,healthy,1655.0,78.46589441291046,79.19423031769688,615.830858074676,1516.519383933549,66.35646657187988,30.26466863544506,6.088967300323676,0.2736270605920371,12.979106005226024,19.62336061221605,0.7378013349440535,3000.0,-4.5,0.45,none,0.0,
endurance,7,healthy,1656.0,78.46589441290982,78.94735139726656,611.1707932218931,1523.5852877055636,67.03251231293333,30.317232863728552,6.088967300323676,0.15060909936016453,12.961376901709084,19.803681735378472,0.7378013349440575,3000.0,-4.5,0.45,none,0.0,
endurance,7,healthy,1657.0,78.4658944129092,78.4551286896623,612.2070957109729,1526.3121885499015,65.77476960065094,30.195931332233442,6.088967300323676,0.16386414487121873,13.00551952777884,19.76746053279933,0.7378013349440613,3000.0,-4.5,0.45,none,0.0,
endurance,7,healthy,1658.0,78.46589441290858,77.8326328586778,614.0088808989674,1518.9011856224806,66.35813385978358,29.560446319507836,6.088967300323676,0.24825278538654413,12.87161047397383,19.87215679438892,0.7378013349440651,3000.0,-4.5,0.45,none,0.0,
endurance,7,healthy,1659.0,78.46589441290799,78.13169886311387,613.0745665861261,1516.4447852689832,66.21395312305556,30.66495029183294,6.088967300323676,0.19253690548269958,12.996970483505915,20.331389981638367,0.7378013349440686,3000.0,-4.5,0.45,none,0.0,
endurance,7,healthy,1660.0,78.4658944129074,78.46951733401619,610.2586425071356,1515.8427856042279,66.06210409398241,30.549058262084905,6.088967300323676,0.1406396765777831,12.997578057501611,19.67183999911088,0.7378013349440723,3000.0,-4.5,0.45,none,0.0,
endurance,7,healthy,1661.0,78.46589441290683,77.91242302124658,613.3374128551756,1512.391060874187,65.8838517983203,30.82270544034392,6.088967300323676,0.2484902035066091,12.901890085632676,19.929607812201766,0.7378013349440757,3000.0,-4.5,0.45,none,0.0,
endurance,7,healthy,1662.0,78.46589441290628,78.58580900303909,612.5424080083883,1516.182784664066,66.07164343210152,30.124738915087185,6.088967300323676,0.1762848509544369,12.835092177418952,20.460924006829437,0.7378013349440791,3000.0,-4.5,0.45,none,0.0,
endurance,7,healthy,1663.0,78.46589441290574,78.14362862585394,610.466456064768,1514.8859623401033,66.49816207682336,30.291865415762388,6.088967300323676,0.14293838708699513,12.918686266807192,19.933445178033242,0.7378013349440824,3000.0,-4.5,0.45,none,0.0,
endurance,7,healthy,1664.0,78.46589441290521,79.03661089688809,615.9550692851474,1521.6417249585038,66.75428487194759,31.344006763425384,6.088967300323676,0.18579819176462822,12.916807285952826,19.924386407851557,0.7378013349440857,3000.0,-4.5,0.45,none,0.0,
endurance,7,healthy,1665.0,78.46589441290469,77.9420688118278,613.528133945506,1514.6848125773686,66.25258026829569,30.156748043732637,6.088967300323676,0.14609585133379843,12.872604836778414,19.95998914330794,0.7378013349440888,3000.0,-4.5,0.45,none,0.0,
endurance,7,healthy,1666.0,78.46589441290418,78.52965340385532,609.6462679181393,1517.120217584606,65.8841889899129,30.27967314987614,6.088967300323676,0.24737393780378555,12.824855691503817,20.295758494453597,0.737801334944092,3000.0,-4.5,0.45,none,0.0,
endurance,7,healthy,1667.0,78.46589441290368,78.47523878297629,614.9848580373367,1511.012770335253,66.46489517420444,30.553410335623322,6.088967300323676,0.21660974891559234,12.870381231427329,19.707481861546437,0.737801334944095,3000.0,-4.5,0.45,none,0.0,
endurance,7,healthy,1668.0,78.4658944129032,78.50285411438931,617.3101872669927,1517.134928629413,66.2264592468493,30.547692072353737,6.088967300323676,0.22215606596998103,12.937329054463365,20.25549561598956,0.7378013349440979,3000.0,-4.5,0.45,none,0.0,
endurance,7,healthy,1669.0,78.46589441290273,78.70905940900072,617.6013816328515,1516.6201531907564,66.5270371490591,31.26370066261023,6.088967300323676,0.21408885546451847,12.83828908628022,20.109708181700046,0.7378013349441008,3000.0,-4.5,0.45,none,0.0,
endurance,7,healthy,1670.0,78.46589441290227,78.62131049336205,609.3063839902624,1522.6480920905117,65.6337387410213,30.69344754983583,6.088967300323676,0.23861595652215303,12.859693026088427,19.874846966438273,0.7378013349441036,3000.0,-4.5,0.45,none,0.0,
endurance,7,healthy,1671.0,78.46589441290182,77.27270646300369,612.578764975727,1521.425714804449,65.97089771655651,30.761202771149527,6.088967300323676,0.2706319434893019,12.99374876874205,19.921197370328205,0.7378013349441064,3000.0,-4.5,0.45,none,0.0,
endurance,7,healthy,1672.0,78.46589441290138,78.48651837806835,615.2924407716646,1518.5892451001755,65.66818339096778,30.603155510270255,6.088967300323676,0.16679835114240488,12.945066351505638,20.208166402213532,0.737801334944109,3000.0,-4.5,0.45,none,0.0,
endurance,7,healthy,1673.0,78.46589441290095,77.4012030240804,612.7096382214329,1513.9507190654792,65.71645027221666,31.024682364307917,6.088967300323676,0.14105515480285422,12.917912204888415,20.05204688709411,0.7378013349441117,3000.0,-4.5,0.45,none,0.0,
endurance,7,healthy,1674.0,78.46589441290054,78.77344177527084,611.2998144234259,1524.1116349740307,64.78521846945927,30.548958943379624,6.088967300323676,0.19088622990256596,12.883158901489116,20.180005720315286,0.7378013349441143,3000.0,-4.5,0.45,none,0.0,
endurance,7,healthy,1675.0,78.46589441290013,78.32556631594733,614.7241625435776,1523.433529178351,65.54523320536828,31.377558916589134,6.088967300323676,0.19637814902596518,12.894682799684887,20.06634430402328,0.7378013349441167,3000.0,-4.5,0.45,none,0.0,
endurance,7,healthy,1676.0,78.46589441289973,79.18067834503611,611.9133483223146,1524.4990821800636,66.09523146398479,30.5198470464381,6.088967300323676,0.1951155988719318,12.891771698530224,20.010297652745145,0.7378013349441191,3000.0,-4.5,0.45,none,0.0,
endurance,7,healthy,1677.0,78.46589441289935,78.61401692336283,611.9026575049617,1519.7127357928866,66.22807450553292,30.517898157046623,6.088967300323676,0.227339844119844,13.020288121121455,19.870563875226257,0.7378013349441215,3000.0,-4.5,0.45,none,0.0,
endurance,7,healthy,1678.0,78.46589441289896,78.71448500451993,616.7970685563038,1512.9414055511238,67.31967669168677,30.80459257792625,6.088967300323676,0.3060549598542862,12.848898948440619,19.96407682497537,0.7378013349441239,3000.0,-4.5,0.45,none,0.0,
endurance,7,healthy,1679.0,78.46589441289859,78.63013541298761,613.740059599411,1512.253928221556,66.28236777117668,30.30685586961748,6.088967300323676,0.221542565481167,12.925682864475325,19.883552858180487,0.7378013349441261,3000.0,-4.5,0.45,none,0.0,
endurance,7,healthy,1680.0,78.46589441289822,78.61924856384317,610.7313979153402,1509.8420043275746,65.54760229563229,30.904749850493047,6.088967300323676,0.23405491969080347,12.875829429775296,19.90624438079651,0.7378013349441284,3000.0,-4.5,0.45,none,0.0,
endurance,7,healthy,1681.0,78.46589441289787,78.23964877981719,611.7705486806638,1525.2101022062295,66.24928897339053,29.934368585492397,6.088967300323676,0.18793423044552807,12.94833697094517,19.82941443786252,0.7378013349441306,3000.0,-4.5,0.45,none,0.0,
endurance,7,healthy,1682.0,78.46589441289753,78.66507942576106,610.9322792455968,1523.6323190691212,66.51158413660646,29.65183516696605,6.088967300323676,0.1938481966048522,12.968122888234474,20.10995811310384,0.7378013349441326,3000.0,-4.5,0.45,none,0.0,
endurance,7,healthy,1683.0,78.46589441289719,78.63772963330007,615.5238789197047,1523.6542593142499,66.28053789035631,29.961943642222312,6.088967300323676,0.08902303122443556,12.928417629842295,20.037881014816826,0.7378013349441348,3000.0,-4.5,0.45,none,0.0,
endurance,7,healthy,1684.0,78.46589441289686,79.45145611911876,615.0316651189615,1512.8302245861682,66.49313687280329,30.11718545164107,6.088967300323676,0.1522644683720875,12.903926669863973,20.07335463298514,0.7378013349441368,3000.0,-4.5,0.45,none,0.0,
endurance,7,healthy,1685.0,78.46589441289653,78.80598098225003,612.5247172868887,1516.7911746966217,66.23677426300728,31.3140908608255,6.088967300323676,0.19723354160138448,12.964983482830865,19.952197167285362,0.7378013349441387,3000.0,-4.5,0.45,none,0.0,
endurance,7,healthy,1686.0,78.46589441289622,78.58510520024095,615.6114880202592,1521.2619800375758,65.57883721984304,30.163276765552922,6.088967300323676,0.17893531379423164,12.988745436127253,20.292793956666742,0.7378013349441406,3000.0,-4.5,0.45,none,0.0,
endurance,7,healthy,1687.0,78.4658944128959,78.75936359890378,614.5260070805714,1519.282176773519,65.65021128053353,28.901280129623174,6.088967300323676,0.2772343030282537,12.867646284093585,19.80189125070916,0.7378013349441426,3000.0,-4.5,0.45,none,0.0,
endurance,7,healthy,1688.0,78.46589441289561,77.94425077710282,611.1705204778232,1525.6142138379425,66.59242931168059,31.655814272560885,6.088967300323676,0.15706106092913868,12.938200057467554,19.87666120992542,0.7378013349441443,3000.0,-4.5,0.45,none,0.0,
endurance,7,healthy,1689.0,78.46589441289532,79.12452192044618,609.9018827548612,1519.0369966818914,65.82335486448677,30.003487183574478,6.088967300323676,0.24008370780486976,12.918284421366293,20.187494060224598,0.7378013349441461,3000.0,-4.5,0.45,none,0.0,
endurance,7,healthy,1690.0,78.46589441289504,78.84189014565634,618.8547626274702,1524.7155616266261,66.295110072844,30.201847803962508,6.088967300323676,0.2103424964851563,12.942340433350106,20.221999325798198,0.7378013349441479,3000.0,-4.5,0.45,none,0.0,
endurance,7,healthy,1691.0,78.46589441289476,78.29873208374592,610.1440805286286,1529.3623075693047,66.6973628180967,29.866031599937696,6.088967300323676,0.19296212735397877,12.933984998444485,19.800642029467173,0.7378013349441495,3000.0,-4.5,0.45,none,0.0,
endurance,7,healthy,1692.0,78.46589441289449,77.19162189699055,616.8931591543474,1515.0556758837247,66.78416846815252,30.956805807378338,6.088967300323676,0.17969979514108758,12.939415861355007,19.95028846753988,0.7378013349441512,3000.0,-4.5,0.45,none,0.0,
endurance,7,healthy,1693.0,78.46589441289422,78.41817112456236,612.1302975987558,1528.185506828936,66.68392966728779,29.888772602668283,6.088967300323676,0.14263532188148254,12.927996438830707,19.94426203984393,0.7378013349441529,3000.0,-4.5,0.45,none,0.0,
endurance,7,healthy,1694.0,78.46589441289396,77.32680966720963,617.473723039603,1512.4894673257586,66.23881570175722,30.15482327115191,6.088967300323676,0.166434961025955,12.957307501190225,19.968469487699895,0.7378013349441545,3000.0,-4.5,0.45,none,0.0,
endurance,7,healthy,1695.0,78.4658944128937,79.4075278324743,613.1646577101238,1521.1619880005567,66.51739625727392,30.869952674834686,6.088967300323676,0.17540297183546952,12.872696805298872,20.156895043025997,0.7378013349441561,3000.0,-4.5,0.45,none,0.0,
endurance,7,healthy,1696.0,78.46589441289346,76.96046320921558,612.6261873020493,1511.7873804354385,66.4197674947632,30.617506629112125,6.088967300323676,0.13768013893084,12.910278500737109,19.915644655823446,0.7378013349441574,3000.0,-4.5,0.45,none,0.0,
endurance,7,healthy,1697.0,78.46589441289322,78.73940252276384,613.9050367055719,1516.4406834263139,65.36000312062531,30.76622911065164,6.088967300323676,0.13218159028328258,12.902827905044617,19.90036262659922,0.737801334944159,3000.0,-4.5,0.45,none,0.0,
endurance,7,healthy,1698.0,78.465894412893,78.67049577799186,611.5740402878407,1521.818647337603,66.31536526739156,31.33788449666181,6.088967300323676,0.20903375586158124,12.916916406737222,20.127036478120054,0.7378013349441603,3000.0,-4.5,0.45,none,0.0,
endurance,7,healthy,1699.0,78.46589441289277,77.91479766884964,607.1625586779569,1515.0535380592817,66.68109132165064,30.94019444598252,6.088967300323676,0.19516878347052136,12.851445404359033,19.95256603144893,0.7378013349441618,3000.0,-4.5,0.45,none,0.0,
endurance,7,healthy,1700.0,78.46589441289254,78.71280797960071,614.8080577671557,1516.643434705822,66.05465702396597,30.335970319470185,6.088967300323676,0.1563989948834406,12.892161810390089,19.691036843359957,0.7378013349441631,3000.0,-4.5,0.45,none,0.0,
endurance,7,healthy,1701.0,78.46589441289233,78.96638333304878,610.797055637532,1521.4046607067598,66.70152677792073,30.765362092756305,6.088967300323676,0.24429892854127752,12.860336577621327,19.866571335370462,0.7378013349441644,3000.0,-4.5,0.45,none,0.0,
endurance,7,healthy,1702.0,78.46589441289211,77.84478233374331,612.3616597714504,1517.7441503779503,65.40907278559379,30.64206106500035,6.088967300323676,0.23785544393741528,12.969115796617105,19.990241748393114,0.7378013349441657,3000.0,-4.5,0.45,none,0.0,
endurance,7,healthy,1703.0,78.4658944128919,78.16754512689472,616.3948873319798,1516.620170560755,66.35404247417178,29.850508406610242,6.088967300323676,0.18022779274065606,12.867820220055656,19.91829530235945,0.737801334944167,3000.0,-4.5,0.45,none,0.0,
endurance,7,healthy,1704.0,78.4658944128917,78.6501549840918,614.0686517709073,1523.08581006576,66.77020764466246,29.987555097059285,6.088967300323676,0.14455000636910773,12.878569976503602,19.493074073080134,0.7378013349441682,3000.0,-4.5,0.45,none,0.0,
endurance,7,healthy,1705.0,78.4658944128915,78.2584260552567,617.7734859193482,1518.6606261835295,66.16488068613268,30.188567168034012,6.088967300323676,0.22426943115332135,12.94115104003584,19.96685574020017,0.7378013349441694,3000.0,-4.5,0.45,none,0.0,
endurance,7,healthy,1706.0,78.4658944128913,78.19039492860023,616.2245864152422,1509.4136605200385,66.17690017030462,30.415800121780855,6.088967300323676,0.19583700647904279,12.95818186659601,20.299181829583095,0.7378013349441707,3000.0,-4.5,0.45,none,0.0,
endurance,7,healthy,1707.0,78.46589441289112,78.87951306038806,612.7316691125866,1515.8046523045625,66.24456820970407,30.260804250880604,6.088967300323676,0.15887900677859212,13.041374779539703,20.321416853807403,0.7378013349441718,3000.0,-4.5,0.45,none,0.0,
endurance,7,healthy,1708.0,78.46589441289093,79.14651128927844,614.002655369392,1531.6411332575988,65.90938729448958,30.991154064096126,6.088967300323676,0.13805145380422512,12.983918449069943,19.76624704489278,0.737801334944173,3000.0,-4.5,0.45,none,0.0,
endurance,7,healthy,1709.0,78.46589441289075,78.81895532435152,609.204964442766,1517.890312026135,66.04444859613177,30.40110101967027,6.088967300323676,0.23791738777801008,12.92370997539608,20.032722270632274,0.7378013349441741,3000.0,-4.5,0.45,none,0.0,
endurance,7,healthy,1710.0,78.46589441289058,78.35978482596411,613.3138130988817,1522.5792124028449,66.46831999635029,29.56939174418844,6.088967300323676,0.2488104536824628,12.844431314630558,20.064586368699167,0.737801334944175,3000.0,-4.5,0.45,none,0.0,
endurance,7,healthy,1711.0,78.4658944128904,78.47008256793954,605.9980876669789,1520.779860857567,66.98203907261912,30.454563918802744,6.088967300323676,0.15608170534652774,12.881601327190992,20.139387558959903,0.7378013349441761,3000.0,-4.5,0.45,none,0.0,
endurance,7,healthy,1712.0,78.46589441289024,79.07412400675686,613.024640308668,1512.3155631216753,66.66003049485482,30.66271768054846,6.088967300323676,0.17593450517495596,12.888821083104277,20.18221408278551,0.7378013349441772,3000.0,-4.5,0.45,none,0.0,
endurance,7,healthy,1713.0,78.46589441289007,78.70966184116602,611.111421768777,1515.8805948564907,66.96514607069543,30.197121994854275,6.088967300323676,0.19275567500713905,12.924806381410164,19.57295281149049,0.7378013349441782,3000.0,-4.5,0.45,none,0.0,
endurance,7,healthy,1714.0,78.46589441288991,78.56679624726947,616.381344154794,1524.536850981213,65.7203671412391,30.32856217025396,6.088967300323676,0.19601178778963727,12.889513091139742,20.018339716419142,0.7378013349441792,3000.0,-4.5,0.45,none,0.0,
endurance,7,healthy,1715.0,78.46589441288975,78.64123204330187,614.6272024659255,1521.4827795227193,66.05485826908041,29.7701961712517,6.088967300323676,0.1784067853307006,12.899645051844532,20.23298237402837,0.7378013349441801,3000.0,-4.5,0.45,none,0.0,
endurance,7,healthy,1716.0,78.4658944128896,78.25454855123662,611.2312521068305,1515.8879085416286,66.9136628797632,31.036250232828706,6.088967300323676,0.27147265940436704,12.942984416177415,19.86304614982333,0.7378013349441811,3000.0,-4.5,0.45,none,0.0,
endurance,7,healthy,1717.0,78.46589441288945,78.30311493554565,614.6042125202367,1517.0604396207082,66.06323878149341,29.6885739269146,6.088967300323676,0.07683328324331402,12.863146181584229,20.27561065225438,0.7378013349441819,3000.0,-4.5,0.45,none,0.0,
endurance,7,healthy,1718.0,78.46589441288931,78.43305703201759,614.6849852731343,1521.3254086330664,66.20378449354088,30.2302340977672,6.088967300323676,0.18773944968160078,12.905477399283265,20.040983539201257,0.7378013349441828,3000.0,-4.5,0.45,none,0.0,
endurance,7,healthy,1719.0,78.46589441288917,78.7642902485963,612.375533301542,1520.497072853181,66.6852324204798,30.317231882541456,6.088967300323676,0.13252223679087097,12.886829440086554,19.913562325289334,0.7378013349441837,3000.0,-4.5,0.45,none,0.0,
endurance,7,healthy,1720.0,78.46589441288903,78.2286263698557,611.048287872818,1519.0307142917898,65.56380761859614,29.65183954556735,6.088967300323676,0.09816764359270687,12.802928913528373,20.170592639090255,0.7378013349441845,3000.0,-4.5,0.45,none,0.0,
endurance,7,healthy,1721.0,78.4658944128889,78.70149736541748,610.9524277318815,1523.8530882130394,66.34889808201972,30.59689839978196,6.088967300323676,0.23343383144488458,12.883034823255366,19.54242569807329,0.7378013349441854,3000.0,-4.5,0.45,none,0.0,
endurance,7,healthy,1722.0,78.46589441288877,78.33098172075476,617.9024961311587,1526.3311938519957,66.62137190644899,30.470942417744563,6.088967300323676,0.18824398689939875,12.947324033282847,20.083422236208104,0.7378013349441861,3000.0,-4.5,0.45,none,0.0,
endurance,7,healthy,1723.0,78.46589441288864,78.63432136550637,613.3049394382369,1519.9825149195533,66.19685874433895,31.158409946563026,6.088967300323676,0.20341361488047255,12.928952287936232,20.234410562374585,0.737801334944187,3000.0,-4.5,0.45,none,0.0,
endurance,7,healthy,1724.0,78.46589441288852,77.78230290911215,615.6427577511456,1524.7968790538107,66.66853528194606,30.13047821397226,6.088967300323676,0.1959548267248077,12.984021833268702,19.892963538699785,0.7378013349441876,3000.0,-4.5,0.45,none,0.0,
endurance,7,healthy,1725.0,78.46589441288839,78.25645376068636,614.8905028505559,1522.6880553927822,66.20242810907425,30.982913719888327,6.088967300323676,0.1964753875980919,12.917010148854924,20.04811311389593,0.7378013349441885,3000.0,-4.5,0.45,none,0.0,
endurance,7,healthy,1726.0,78.46589441288828,77.72926455535037,611.8616517814567,1513.6116357455064,66.27743351845791,30.505239840843654,6.088967300323676,0.21258543273651834,12.990944411400376,20.385770978057785,0.7378013349441892,3000.0,-4.5,0.45,none,0.0,
endurance,7,healthy,1727.0,78.46589441288816,77.89652333141836,612.5807217605626,1517.8704182536746,66.48200918169243,30.100369066713167,6.088967300323676,0.2529023597835841,12.932101324744385,19.829164129940335,0.7378013349441899,3000.0,-4.5,0.45,none,0.0,
endurance,7,healthy,1728.0,78.46589441288805,78.34341838295987,618.3143607436533,1519.5027097365203,65.69964641553422,29.863310161830842,6.088967300323676,0.19368293794997077,12.869296690620237,19.74944221624666,0.7378013349441905,3000.0,-4.5,0.45,none,0.0,
endurance,7,healthy,1729.0,78.46589441288793,78.07496228593723,614.1347558074979,1514.1116800832235,65.81765255416076,30.129118188636117,6.088967300323676,0.16833908965799507,13.053000306847022,19.95600029196079,0.7378013349441912,3000.0,-4.5,0.45,none,0.0,
endurance,7,healthy,1730.0,78.46589441288782,79.06877638440085,606.052349355525,1524.053272922434,65.65224205951486,31.019353366751524,6.088967300323676,0.21084739570661382,12.909493866622936,19.915505957665555,0.737801334944192,3000.0,-4.5,0.45,none,0.0,
endurance,7,healthy,1731.0,78.46589441288772,77.75091824705402,610.6280131897058,1526.7673057336017,65.93544486339928,30.566717463121392,6.088967300323676,0.1834292841647329,12.858947085731902,19.937498523225383,0.7378013349441925,3000.0,-4.5,0.45,none,0.0,
endurance,7,healthy,1732.0,78.46589441288762,79.28080948788528,615.245643757915,1508.7155467912967,65.82068148940111,31.160962230039033,6.088967300323676,0.22802637282093258,12.925676938557585,20.206863251067205,0.7378013349441932,3000.0,-4.5,0.45,none,0.0,
endurance,7,healthy,1733.0,78.46589441288752,78.01704454553662,610.5990806190664,1519.5813560828917,66.4053586729828,30.98685512840262,6.088967300323676,0.22899945940506836,12.962314036153117,19.875204770101895,0.7378013349441938,3000.0,-4.5,0.45,none,0.0,
endurance,7,healthy,1734.0,78.46589441288742,78.67391702702504,612.4119784509445,1519.296682993218,66.00096515463072,30.570237268966817,6.088967300323676,0.14716480731016085,12.96412732801109,19.85297282426516,0.7378013349441943,3000.0,-4.5,0.45,none,0.0,
endurance,7,healthy,1735.0,78.46589441288732,77.985591899213,616.021810890397,1524.2104317393091,66.57197015080143,30.821525886839552,6.088967300323676,0.24918722340731336,12.934366206273449,20.15184616150538,0.737801334944195,3000.0,-4.5,0.45,none,0.0,
endurance,7,healthy,1736.0,78.46589441288722,78.95924243010694,611.9438385356648,1526.4355209615208,66.70186535759018,30.26330073571174,6.088967300323676,0.26512747796997044,12.840727172800985,19.818618548832852,0.7378013349441956,3000.0,-4.5,0.45,none,0.0,
endurance,7,healthy,1737.0,78.46589441288714,78.37683999529416,610.7770323585986,1515.238618472238,65.7728669687361,30.56203356512798,6.088967300323676,0.1886020637141767,12.969062113146613,20.111119046443783,0.7378013349441961,3000.0,-4.5,0.45,none,0.0,
endurance,7,healthy,1738.0,78.46589441288705,78.49178592627264,611.4306762279992,1525.4127914194148,66.48923351659123,30.190760752591128,6.088967300323676,0.24305568543285183,12.885736131935968,20.15285932352401,0.7378013349441968,3000.0,-4.5,0.45,none,0.0,
endurance,7,healthy,1739.0,78.46589441288697,78.84019093462194,611.2264781201067,1526.6970007179193,66.60139766112006,30.814857858846906,6.088967300323676,0.2112881145427308,12.916488324092331,20.152830221389916,0.7378013349441971,3000.0,-4.5,0.45,none,0.0,
endurance,7,healthy,1740.0,78.46589441288688,78.7228644222602,611.4376826198918,1518.8641712561864,65.65284202716266,30.27554241602629,6.088967300323676,0.09241294527509203,12.911777100936131,20.327633852897563,0.7378013349441976,3000.0,-4.5,0.45,none,0.0,
endurance,7,healthy,1741.0,78.4658944128868,78.41402321705637,614.268206380202,1516.972489986315,67.22395691413548,30.798498622636394,6.088967300323676,0.1747596617659434,12.879209243589328,20.42816221838992,0.7378013349441981,3000.0,-4.5,0.45,none,0.0,
endurance,7,healthy,1742.0,78.46589441288671,78.35570186457421,614.267180653464,1511.9318388371255,66.83523802952108,31.075601796205113,6.088967300323676,0.20833386518673247,12.921575871015307,19.801481241361927,0.7378013349441988,3000.0,-4.5,0.45,none,0.0,
endurance,7,healthy,1743.0,78.46589441288663,78.90626479692287,613.6984529198871,1517.9028786243623,65.56615332848541,30.210208129446556,6.088967300323676,0.2549912687236596,12.934301991813472,19.89828681140939,0.7378013349441992,3000.0,-4.5,0.45,none,0.0,
endurance,7,healthy,1744.0,78.46589441288656,78.3618676781952,612.7569977277642,1518.912564226114,65.51625509996195,30.647289541462854,6.088967300323676,0.2460975023609707,12.900091570302564,20.273223512179552,0.7378013349441996,3000.0,-4.5,0.45,none,0.0,
endurance,7,healthy,1745.0,78.46589441288648,78.59153061060314,612.1102764810324,1522.4556827064248,66.30081773841522,30.705052969605482,6.088967300323676,0.16378055527917404,13.042187276968809,19.753605141266053,0.7378013349442001,3000.0,-4.5,0.45,none,0.0,
endurance,7,healthy,1746.0,78.46589441288641,77.63699135978621,607.943583385933,1514.0383690713873,66.2100528199499,29.73629943731415,6.088967300323676,0.19308433203516276,12.95809801023013,19.975812311039753,0.7378013349442005,3000.0,-4.5,0.45,none,0.0,
endurance,7,healthy,1747.0,78.46589441288634,77.89069721493239,613.6269458531073,1528.3999585598783,65.46610194013229,30.371439404390145,6.088967300323676,0.26195429493285427,12.86425783591704,20.129185653671996,0.737801334944201,3000.0,-4.5,0.45,none,0.0,
endurance,7,healthy,1748.0,78.46589441288627,77.71080024348262,611.6506508399817,1519.7766696283738,65.8919491531016,30.325922446037172,6.088967300323676,0.10624666517580343,12.874821552009657,19.95994301898517,0.7378013349442014,3000.0,-4.5,0.45,none,0.0,
endurance,7,healthy,1749.0,78.4658944128862,78.35293432703412,612.206587240449,1520.873809064455,66.42255539163655,30.291279996400842,6.088967300323676,0.156349116296211,12.89173351693532,20.01579354147994,0.7378013349442019,3000.0,-4.5,0.45,none,0.0,
endurance,7,healthy,1750.0,78.46589441288613,77.89331524013994,611.4653372422508,1521.5856277604043,66.24351584886125,30.28194034825895,6.088967300323676,0.22968089671893865,12.83739585095008,20.143737262755938,0.7378013349442023,3000.0,-4.5,0.45,none,0.0,
endurance,7,healthy,1751.0,78.46589441288606,77.86393767566281,612.7491087915322,1529.4127070488075,66.40651552821201,30.742665864693773,6.088967300323676,0.17969995170627048,12.8902752109178,19.915378513911016,0.7378013349442027,3000.0,-4.5,0.45,none,0.0,
endurance,7,healthy,1752.0,78.465894412886,78.02554488319949,609.3302204009581,1519.0552560652757,66.5254255589969,30.056323847239604,6.088967300323676,0.28722606812575197,12.898101083647717,20.05415715070328,0.7378013349442031,3000.0,-4.5,0.45,none,0.0,
endurance,7,healthy,1753.0,78.46589441288594,78.88112684172854,607.2980513912182,1518.231796238463,66.32718397134033,30.737436611503995,6.088967300323676,0.2276707711934547,12.910002140440575,19.752203822457265,0.7378013349442034,3000.0,-4.5,0.45,none,0.0,
endurance,7,healthy,1754.0,78.46589441288589,77.40302406363924,618.855388946417,1521.1743115681613,66.52284786928837,30.9412460937375,6.088967300323676,0.19530401982346077,12.946883449354775,19.919101688579556,0.7378013349442037,3000.0,-4.5,0.45,none,0.0,
endurance,7,healthy,1755.0,78.46589441288583,79.11192459879001,609.1581738248237,1524.2228976640304,65.39584333970261,30.738161791412608,6.088967300323676,0.17012045515171284,12.943946222828453,20.19157989077631,0.7378013349442041,3000.0,-4.5,0.45,none,0.0,
endurance,7,healthy,1756.0,78.46589441288577,78.91770290352773,615.219070263676,1520.333119868328,66.93029543303619,30.4411719325727,6.088967300323676,0.17149893758814558,12.96202161418341,20.10386198550873,0.7378013349442044,3000.0,-4.5,0.45,none,0.0,
endurance,7,healthy,1757.0,78.46589441288572,78.47724254503238,618.0561998531613,1528.8619196312245,65.55422878987476,30.03513507325316,6.088967300323676,0.2432566347671359,12.884507468082662,20.00486537206642,0.7378013349442047,3000.0,-4.5,0.45,none,0.0,
endurance,7,healthy,1758.0,78.46589441288566,78.42467701959688,621.1687606169186,1512.2816721692636,66.50013596401828,31.10344739314867,6.088967300323676,0.23925477880708879,13.012901224784626,20.20276060746165,0.7378013349442052,3000.0,-4.5,0.45,none,0.0,
endurance,7,healthy,1759.0,78.4658944128856,78.363172545626,612.68116372508,1521.5013214780827,66.17926953254737,31.258658192660917,6.088967300323676,0.27155632987062867,12.862320656098227,20.18065088725504,0.7378013349442054,3000.0,-4.5,0.45,none,0.0,
endurance,7,healthy,1760.0,78.46589441288555,77.76196002583315,613.5985270362867,1520.099621795836,65.83720567028601,30.651068371222003,6.088967300323676,0.27184849653854654,12.950488691647656,19.989101657055304,0.7378013349442059,3000.0,-4.5,0.45,none,0.0,
endurance,7,healthy,1761.0,78.46589441288549,78.68803639694818,617.6111212864896,1516.0115817189287,65.78283586130057,30.04328843853411,6.088967300323676,0.1693539230816632,12.865241334194927,19.872898680135737,0.7378013349442062,3000.0,-4.5,0.45,none,0.0,
endurance,7,healthy,1762.0,78.46589441288543,78.19074481246798,612.9691549526646,1515.2218401267874,65.984815069372,30.227006129491564,6.088967300323676,0.21422463930832694,12.965374827808539,19.508154988053526,0.7378013349442065,3000.0,-4.5,0.45,none,0.0,
endurance,7,healthy,1763.0,78.46589441288539,79.25772345787658,613.89442946456,1518.9384080229977,66.50271231314133,30.97444067893112,6.088967300323676,0.25217814896822066,12.769096427523204,20.051941104448836,0.7378013349442067,3000.0,-4.5,0.45,none,0.0,
endurance,7,healthy,1764.0,78.46589441288535,78.966942606208,610.1113133323857,1508.195672598228,66.4064544272455,31.00486382486289,6.088967300323676,0.13542631704752273,12.8530461240597,20.09246586346727,0.7378013349442071,3000.0,-4.5,0.45,none,0.0,
endurance,7,healthy,1765.0,78.4658944128853,78.84935162056465,609.1436943168264,1521.9056957302705,65.94132045254298,31.17124283115467,6.088967300323676,0.1782183129133808,12.87275419787527,19.957576748002236,0.7378013349442073,3000.0,-4.5,0.45,none,0.0,
endurance,7,healthy,1766.0,78.46589441288526,78.4135345796162,611.7991048977191,1525.2321331101361,65.90503290175036,30.224168726740892,6.088967300323676,0.16637853265614477,12.937714947272193,19.88966600176977,0.7378013349442075,3000.0,-4.5,0.45,none,0.0,
endurance,7,healthy,1767.0,78.46589441288522,78.2990265496424,611.0593810615919,1518.0792336968964,66.59028153655818,30.262524793011522,6.088967300323676,0.2509619038709453,12.947536430718266,19.95271909330774,0.7378013349442079,3000.0,-4.5,0.45,none,0.0,
endurance,7,healthy,1768.0,78.46589441288518,77.74714509730092,611.821389222658,1523.0389999800443,66.46618837905547,30.03320812036178,6.088967300323676,0.23707200815731783,12.915432051884094,20.304835749048376,0.7378013349442081,3000.0,-4.5,0.45,none,0.0,
endurance,7,healthy,1769.0,78.46589441288513,78.06741122835196,610.7337401726202,1520.5812866137062,67.05039068976274,30.921619984852093,6.088967300323676,0.30659602049008816,12.958378900724965,19.78215283380168,0.7378013349442083,3000.0,-4.5,0.45,none,0.0,
endurance,7,healthy,1770.0,78.46589441288509,78.52695261677289,617.6559804453618,1525.9931700875875,65.77138724178653,30.322780395764966,6.088967300323676,0.19211319321404807,12.947193012118964,20.33546979992683,0.7378013349442085,3000.0,-4.5,0.45,none,0.0,
endurance,7,healthy,1771.0,78.46589441288505,79.18513036720563,614.9148200452792,1523.7098022043554,66.66804730150383,29.908334156126458,6.088967300323676,0.24457073541731175,12.93431741661084,19.866236789249395,0.7378013349442089,3000.0,-4.5,0.45,none,0.0,
endurance,7,healthy,1772.0,78.465894412885,79.07357553772349,610.2765728199379,1519.6370844985524,66.61418108613236,29.917743493375017,6.088967300323676,0.17727864546587965,13.012349933800955,19.708910654014193,0.7378013349442092,3000.0,-4.5,0.45,none,0.0,
endurance,7,healthy,1773.0,78.46589441288496,78.65122610933057,615.6014719946469,1526.9824643467596,66.458870495971,30.620762779458307,6.088967300323676,0.2555278135205209,12.852642152686414,19.594389938309078,0.7378013349442094,3000.0,-4.5,0.45,none,0.0,
endurance,7,healthy,1774.0,78.46589441288492,78.47986837978883,610.3128329095814,1514.4893473471536,66.26365207748857,30.35120915770963,6.088967300323676,0.2859462529722723,12.951423260603205,19.473194351618645,0.7378013349442096,3000.0,-4.5,0.45,none,0.0,
endurance,7,healthy,1775.0,78.46589441288488,78.52423202627408,607.3996204249738,1513.269405731911,66.47783873283166,30.516590880170803,6.088967300323676,0.2038810243100805,12.965473809126914,20.3991353897093,0.7378013349442099,3000.0,-4.5,0.45,none,0.0,
endurance,7,healthy,1776.0,78.46589441288484,78.68827842013445,614.848662701395,1517.7190080618016,65.99301790502795,30.74452523919062,6.088967300323676,0.09957036340653028,12.823129209061294,20.086514750672105,0.7378013349442103,3000.0,-4.5,0.45,none,0.0,
endurance,7,healthy,1777.0,78.46589441288481,79.18799853532283,617.757804443725,1518.952457957736,65.94233246801551,30.56690646550329,6.088967300323676,0.23878833925948628,12.9035851210978,20.27275060972714,0.7378013349442103,3000.0,-4.5,0.45,none,0.0,
endurance,7,healthy,1778.0,78.46589441288478,78.2755108385343,607.8342160670898,1515.2035915509796,66.10330195923005,30.19571384369316,6.088967300323676,0.1870227718406669,12.782459847877831,20.073417928201735,0.7378013349442105,3000.0,-4.5,0.45,none,0.0,
endurance,7,healthy,1779.0,78.46589441288475,78.26545907213612,608.382042568332,1514.1022045330956,65.77260339960173,30.861741038428804,6.088967300323676,0.2066631448116895,12.868894695256731,20.1166519700182,0.7378013349442106,3000.0,-4.5,0.45,none,0.0,
endurance,7,healthy,1780.0,78.46589441288472,78.27613199151702,614.5027684347542,1520.3206480186136,66.20279733651175,30.404796995874296,6.088967300323676,0.18050050976379087,12.921491303504435,19.901996599585633,0.7378013349442109,3000.0,-4.5,0.45,none,0.0,
endurance,7,healthy,1781.0,78.4658944128847,77.60440456975151,616.6932878765025,1517.2502893806736,65.67194842613712,30.83662443994034,6.088967300323676,0.26422990115025613,12.912411568613193,20.105399841543456,0.737801334944211,3000.0,-4.5,0.45,none,0.0,
endurance,7,healthy,1782.0,78.46589441288467,78.42779600672665,617.1692066345839,1517.746530879455,66.54632174728259,30.987307702606596,6.088967300323676,0.24445402223753487,12.953757331750134,19.992860606896265,0.7378013349442112,3000.0,-4.5,0.45,none,0.0,
endurance,7,healthy,1783.0,78.46589441288464,78.92550855600989,614.9300468319254,1517.3904152478744,65.56793222644457,30.130533691979725,6.088967300323676,0.14867035030899844,12.921924706971083,19.549586592012087,0.7378013349442114,3000.0,-4.5,0.45,none,0.0,
endurance,7,healthy,1784.0,78.46589441288461,78.03224515382841,608.5920199795645,1529.3670408999046,65.83137687487603,29.70582699401327,6.088967300323676,0.22867676325242714,12.917686549659448,20.338026571236263,0.7378013349442115,3000.0,-4.5,0.45,none,0.0,
endurance,7,healthy,1785.0,78.46589441288458,78.83833959516225,610.8039341503852,1519.7679692172987,66.64573651581927,30.248068987364867,6.088967300323676,0.29564719813906587,12.923902245409145,20.09047455208101,0.7378013349442116,3000.0,-4.5,0.45,none,0.0,
endurance,7,healthy,1786.0,78.46589441288455,78.10055216232189,611.7282506451297,1522.618872559632,67.12365267489736,29.687897228452247,6.088967300323676,0.1609507609269011,12.870827592432876,19.91135357949061,0.7378013349442119,3000.0,-4.5,0.45,none,0.0,
endurance,7,healthy,1787.0,78.46589441288452,78.05504148636106,611.4547589122374,1520.962961926399,65.80365360762816,30.447974985976444,6.088967300323676,0.13552010231570527,12.923704583947359,19.873569859009624,0.7378013349442121,3000.0,-4.5,0.45,none,0.0,
endurance,7,healthy,1788.0,78.4658944128845,79.42014758654409,613.2994953324022,1511.9165038251344,66.43594670177198,29.934070012510595,6.088967300323676,0.2380366342068662,12.917387525963024,20.28135757543267,0.7378013349442123,3000.0,-4.5,0.45,none,0.0,
endurance,7,healthy,1789.0,78.46589441288447,77.7367110638038,617.3022951430615,1533.8092185423902,65.74037219856156,30.432694561730262,6.088967300323676,0.1527921436562963,12.948781563302559,20.07539163136895,0.7378013349442125,3000.0,-4.5,0.45,none,0.0,
endurance,7,healthy,1790.0,78.46589441288444,78.8914076105957,614.768227692939,1514.8155707968165,65.22151300549075,30.396798112080564,6.088967300323676,0.19430966550713788,12.923578925502186,20.08392547374969,0.7378013349442125,3000.0,-4.5,0.45,none,0.0,
endurance,7,healthy,1791.0,78.46589441288441,78.25598936743444,613.1399218253371,1517.3214645444118,66.29555631713004,30.147765022781666,6.088967300323676,0.22269911796783776,12.9972201324674,20.063417097792463,0.7378013349442127,3000.0,-4.5,0.45,none,0.0,
endurance,7,healthy,1792.0,78.46589441288438,78.68287840071925,614.2490662004042,1513.4670779281848,65.37110425234196,29.730482595552285,6.088967300323676,0.2632863736979817,12.858306778480747,20.039099896517378,0.737801334944213,3000.0,-4.5,0.45,none,0.0,
endurance,7,healthy,1793.0,78.46589441288435,78.99107480362223,616.6965945522027,1519.5881346195515,67.14336612934466,31.217884692156,6.088967300323676,0.1556153119392505,12.946873173763366,20.273841461165922,0.7378013349442132,3000.0,-4.5,0.45,none,0.0,
endurance,7,healthy,1794.0,78.46589441288432,78.26651899192069,614.1557855634734,1521.5476023639146,65.80026799955517,30.39571184980821,6.088967300323676,0.20945525315904312,13.000298670633752,20.48461475006822,0.7378013349442134,3000.0,-4.5,0.45,none,0.0,
endurance,7,healthy,1795.0,78.4658944128843,78.05212079552048,610.4631038252381,1523.5454457331953,66.73133941291727,30.291223996903483,6.088967300323676,0.18956810297571824,12.936504003115692,19.895973519016714,0.7378013349442134,3000.0,-4.5,0.45,none,0.0,
endurance,7,healthy,1796.0,78.46589441288427,78.72408751874285,616.1754068530946,1520.111201834128,65.8855045404599,30.447577397907494,6.088967300323676,0.26218659697902963,12.919064712001717,20.331615838744177,0.7378013349442136,3000.0,-4.5,0.45,none,0.0,
endurance,7,healthy,1797.0,78.46589441288424,78.82052880041002,614.052837267975,1527.6503820783857,65.78764535273221,29.514419525760967,6.088967300323676,0.2025869457315314,12.877791700691619,19.846336614729715,0.7378013349442138,3000.0,-4.5,0.45,none,0.0,
endurance,7,healthy,1798.0,78.46589441288423,78.51056184447822,619.5693036077525,1523.2436527846314,66.08403766742818,30.11726209747402,6.088967300323676,0.26400500577288766,12.89880165641174,19.933685278997707,0.7378013349442138,3000.0,-4.5,0.45,none,0.0,
endurance,7,healthy,1799.0,78.46589441288421,77.99108751047149,614.709637747333,1528.504578465634,65.71542491446337,30.630662132951603,6.088967300323676,0.18324367554204896,12.860827392874263,20.089209876162816,0.7378013349442141,3000.0,-4.5,0.45,none,0.0,
endurance,7,healthy,1800.0,78.4658944128842,78.11608075199855,617.0164370809665,1516.524687797859,65.65430039904874,30.26995869921465,6.088967300323676,0.211041806492321,12.977058680172464,19.582295671391723,0.7378013349442141,3000.0,-4.5,0.45,none,0.0,
endurance,7,healthy,1801.0,78.46589441288418,78.87367227841612,614.5597581005943,1522.534930875157,65.72183076482175,30.79711535573966,6.088967300323676,0.27145493233326645,12.96523145812294,20.292881040291697,0.7378013349442141,3000.0,-4.5,0.45,none,0.0,
endurance,7,healthy,1802.0,78.46589441288417,78.54689189259179,613.5605436319698,1514.6394092606072,65.93885376264974,30.74256381127818,6.088967300323676,0.28810201170664385,12.95336710277581,20.194680765791468,0.7378013349442142,3000.0,-4.5,0.45,none,0.0,
endurance,7,healthy,1803.0,78.46589441288415,78.0600741348751,606.4296019306502,1518.0879830963547,66.46643889373777,29.826218900193975,6.088967300323676,0.19741887440469835,12.993413389472263,19.974184645737587,0.7378013349442144,3000.0,-4.5,0.45,none,0.0,
endurance,7,healthy,1804.0,78.46589441288414,78.52148158727796,615.5147998600405,1521.9757036920944,66.13450267588556,30.30647048219275,6.088967300323676,0.19209092504113862,12.949534972310726,20.07596024042972,0.7378013349442145,3000.0,-4.5,0.45,none,0.0,
endurance,7,healthy,1805.0,78.46589441288413,78.88580305502138,613.2885303701147,1521.4206923702009,65.86818793749829,30.67869523150956,6.088967300323676,0.19984701692334053,12.925557145793618,19.84042575786727,0.7378013349442145,3000.0,-4.5,0.45,none,0.0,
endurance,7,healthy,1806.0,78.46589441288411,78.61077565397306,614.0099711090172,1519.6262595327519,66.61818588023235,30.846864101000346,6.088967300323676,0.132843342556051,12.832532354081794,19.66773796581348,0.7378013349442146,3000.0,-4.5,0.45,none,0.0,
endurance,7,healthy,1807.0,78.4658944128841,78.78113328697113,610.668069371606,1526.6406052869218,66.45857503122949,30.596145813983004,6.088967300323676,0.20106913878145824,12.908251484674317,20.111426816548754,0.7378013349442147,3000.0,-4.5,0.45,none,0.0,
endurance,7,healthy,1808.0,78.46589441288408,78.11726996513316,614.6999119195482,1522.2432848346564,66.05759473511264,32.3799224499881,6.088967300323676,0.0650035137829503,12.828077190486116,19.843815612664635,0.7378013349442147,3000.0,-4.5,0.45,none,0.0,
endurance,7,healthy,1809.0,78.46589441288407,77.6421981475914,615.3427769380494,1521.732587131982,66.85714526927333,31.083617103173722,6.088967300323676,0.200844929896025,13.017472204415705,20.159841537258643,0.7378013349442147,3000.0,-4.5,0.45,none,0.0,
endurance,7,healthy,1810.0,78.46589441288405,77.86195176550112,613.0813404726609,1518.6935217832943,65.87298928047402,29.140640529302736,6.088967300323676,0.22413267205133605,12.900643235197334,19.939986710172402,0.737801334944215,3000.0,-4.5,0.45,none,0.0,
endurance,7,healthy,1811.0,78.46589441288404,78.007953861852,615.8175062386541,1518.5347620723726,65.26086995840534,30.324204193245535,6.088967300323676,0.16589695808286042,12.881062718744486,20.191636787295177,0.737801334944215,3000.0,-4.5,0.45,none,0.0,
endurance,7,healthy,1812.0,78.46589441288403,78.81156060538312,613.204386406755,1525.1205484247535,65.70373589502611,30.421713342365983,6.088967300323676,0.215666914164096,12.90502451199698,20.060139294667742,0.7378013349442152,3000.0,-4.5,0.45,none,0.0,
endurance,7,healthy,1813.0,78.46589441288401,78.83093763218778,612.4714309671236,1519.6188682519146,65.57844429807804,30.458713378218356,6.088967300323676,0.1697434308609819,13.00487087850036,19.940445976577465,0.7378013349442152,3000.0,-4.5,0.45,none,0.0,
endurance,7,healthy,1814.0,78.465894412884,79.22071032141089,615.4319008972665,1515.5081583479703,65.94195125377111,31.180160182050074,6.088967300323676,0.1387032243277685,12.890618189625512,20.127794412216957,0.7378013349442152,3000.0,-4.5,0.45,none,0.0,
endurance,7,healthy,1815.0,78.46589441288398,78.05411203620459,609.8931988153843,1516.5030932168875,66.50684979222733,29.93855955432688,6.088967300323676,0.16591203205468427,12.981529545119718,19.66254809078729,0.7378013349442154,3000.0,-4.5,0.45,none,0.0,
endurance,7,healthy,1816.0,78.46589441288397,77.97399615274371,608.9809777628589,1520.8076797742463,66.21847376934579,30.783776239553088,6.088967300323676,0.2101001027352209,12.969541358573913,19.918003587430995,0.7378013349442155,3000.0,-4.5,0.45,none,0.0,
endurance,7,healthy,1817.0,78.46589441288396,77.52357353022305,617.3014768932265,1512.1918956062552,66.01542534820022,29.880627913319426,6.088967300323676,0.2624466271263779,12.843503587574999,20.129772122802898,0.7378013349442156,3000.0,-4.5,0.45,none,0.0,
endurance,7,healthy,1818.0,78.46589441288394,77.92758038880866,610.3482248864021,1513.1886468048906,65.78303138290966,30.77970885998133,6.088967300323676,0.22055584115360738,12.952406535411868,20.113112949433283,0.7378013349442156,3000.0,-4.5,0.45,none,0.0,
endurance,7,healthy,1819.0,78.46589441288393,78.99931094585675,613.704318515271,1520.281440664007,66.12794104165336,30.707539966982516,6.088967300323676,0.2561889133062084,12.874204434986545,19.793170924645345,0.7378013349442157,3000.0,-4.5,0.45,none,0.0,
endurance,7,healthy,1820.0,78.46589441288391,78.30150597973565,609.550506516151,1511.2739959948387,66.3003039649789,30.545040312839102,6.088967300323676,0.2011107177009844,12.890937616738052,19.704072604577156,0.7378013349442158,3000.0,-4.5,0.45,none,0.0,
endurance,7,healthy,1821.0,78.4658944128839,79.43109446141264,614.2028982413592,1523.955964091391,66.17276289038256,29.90083819776327,6.088967300323676,0.29755672732208843,12.874814542770059,19.8906353081997,0.7378013349442158,3000.0,-4.5,0.45,none,0.0,
endurance,7,healthy,1822.0,78.46589441288388,78.36514444749686,613.7177200597173,1512.7490441247603,66.30152288260716,29.79229549788987,6.088967300323676,0.12241151220698844,12.935144742826967,20.16776931101548,0.7378013349442161,3000.0,-4.5,0.45,none,0.0,
endurance,7,healthy,1823.0,78.46589441288387,78.41471079565532,612.2543277160812,1525.7328252510727,66.1437889228109,30.720594707501608,6.088967300323676,0.236672340900698,12.866723506931532,19.885583553257234,0.7378013349442161,3000.0,-4.5,0.45,none,0.0,
endurance,7,healthy,1824.0,78.46589441288386,78.16335469007453,609.3823515741722,1523.0239432978776,66.38493941721092,30.216203754686436,6.088967300323676,0.22724572925419778,12.843803738784455,20.063101677435714,0.7378013349442162,3000.0,-4.5,0.45,none,0.0,
endurance,7,healthy,1825.0,78.46589441288384,78.76928976108383,612.7611557438707,1525.0871792375226,66.49332547885881,30.253104872718712,6.088967300323676,0.20763031455919356,12.913741370533327,20.18312848118777,0.7378013349442163,3000.0,-4.5,0.45,none,0.0,
endurance,7,healthy,1826.0,78.46589441288383,76.91003033098723,618.9033195720289,1517.4581531103897,65.09504097230909,29.907380642410804,6.088967300323676,0.21007892434875164,12.942621287912088,19.882237852993573,0.7378013349442163,3000.0,-4.5,0.45,none,0.0,
endurance,7,healthy,1827.0,78.46589441288381,79.11855295984059,610.1533383936805,1519.430900912122,66.91636989914528,30.7961711810216,6.088967300323676,0.17418209415188102,12.939980980879149,19.954226725825734,0.7378013349442165,3000.0,-4.5,0.45,none,0.0,
endurance,7,healthy,1828.0,78.4658944128838,78.67154094346972,614.0806148229253,1515.546604431591,65.85182886420601,30.49796353084393,6.088967300323676,0.2569211067847218,12.924074350101106,19.62776190427931,0.7378013349442165,3000.0,-4.5,0.45,none,0.0,
endurance,7,healthy,1829.0,78.46589441288378,78.42164633472672,614.41149087296,1514.0011606113103,65.11791150143979,30.300918405133782,6.088967300323676,0.2669582469707385,12.89984144647874,19.88793426380039,0.7378013349442166,3000.0,-4.5,0.45,none,0.0,
endurance,7,healthy,1830.0,78.46589441288377,77.8940916491849,613.3968652077943,1515.6156903998483,65.96822003109546,30.267389374648534,6.088967300323676,0.1394819023880349,12.95326697022537,20.018600187321205,0.7378013349442167,3000.0,-4.5,0.45,none,0.0,
endurance,7,healthy,1831.0,78.46589441288376,79.12350575336343,609.566972279352,1532.2586644391117,66.48011068543666,30.587330901255196,6.088967300323676,0.16672823947270618,12.99316735835792,20.065049325168502,0.7378013349442167,3000.0,-4.5,0.45,none,0.0,
endurance,7,healthy,1832.0,78.46589441288374,78.58746433173042,620.0426948999441,1517.4421063784819,65.45020255700129,30.190740115769607,6.088967300323676,0.26361609497401095,12.920859845481269,20.270045012187936,0.7378013349442168,3000.0,-4.5,0.45,none,0.0,
endurance,7,healthy,1833.0,78.46589441288373,79.03965543350887,607.2740281535883,1522.2277640890031,65.72031006193248,30.259794996894747,6.088967300323676,0.17148763383010932,12.862066290977413,19.829722220417505,0.737801334944217,3000.0,-4.5,0.45,none,0.0,
endurance,7,healthy,1834.0,78.46589441288371,79.02786023066284,614.4023799416794,1514.2885032230765,65.80466995811403,30.588470605976255,6.088967300323676,0.17985142784210842,12.984035431000168,19.877980679617867,0.7378013349442171,3000.0,-4.5,0.45,none,0.0,
endurance,7,healthy,1835.0,78.4658944128837,77.81251748291626,616.2069649192232,1522.516526872475,66.43414661285807,30.73171349121547,6.088967300323676,0.1273370962237262,12.962432536687981,20.064659047176853,0.7378013349442172,3000.0,-4.5,0.45,none,0.0,
endurance,7,healthy,1836.0,78.46589441288369,79.29791642505555,611.2896660211246,1526.7141736122246,66.06898288451758,30.414438518104063,6.088967300323676,0.23986558959117998,12.876833764831021,19.91133779502677,0.7378013349442172,3000.0,-4.5,0.45,none,0.0,
endurance,7,healthy,1837.0,78.46589441288367,78.09589072245177,611.7597825133446,1520.727043230257,65.92059069042801,29.44026397570839,6.088967300323676,0.1958098352772268,12.840583254121574,20.076710114251114,0.7378013349442173,3000.0,-4.5,0.45,none,0.0,
endurance,7,healthy,1838.0,78.46589441288367,78.37197935410046,612.7797110474688,1517.2560340965174,66.70082925760781,30.341986407974318,6.088967300323676,0.2032652873060837,12.885168878121805,19.762555362801677,0.7378013349442173,3000.0,-4.5,0.45,none,0.0,
endurance,7,healthy,1839.0,78.46589441288367,77.49161128226986,615.2118704437703,1520.291077924259,66.1354308077716,30.371374222256005,6.088967300323676,0.20295949225253312,12.90395558193991,20.444722583836263,0.7378013349442173,3000.0,-4.5,0.45,none,0.0,
endurance,7,healthy,1840.0,78.46589441288367,79.10332784905457,614.2118624068021,1522.714983902585,66.56775726997553,30.55765348351412,6.088967300323676,0.27835707936596976,12.994662163477301,20.067711793665932,0.7378013349442173,3000.0,-4.5,0.45,none,0.0,
endurance,7,healthy,1841.0,78.46589441288367,78.343970006597,616.4201286842923,1516.8352435461916,66.61996326486542,30.461939400007374,6.088967300323676,0.1243426685133806,12.933725044731903,19.86487536560205,0.7378013349442173,3000.0,-4.5,0.45,none,0.0,
endurance,7,healthy,1842.0,78.46589441288367,78.98839471018425,613.7603349206729,1514.0178480401605,66.3511033743191,30.113763072658397,6.088967300323676,0.15664134911466024,12.920085601097727,19.98009172380972,0.7378013349442173,3000.0,-4.5,0.45,none,0.0,
endurance,7,healthy,1843.0,78.46589441288367,78.19451397697675,615.1640200289434,1525.0996219487074,65.84131317570932,29.13096000179633,6.088967300323676,0.2919687497735841,12.809964391984304,19.90349682851419,0.7378013349442173,3000.0,-4.5,0.45,none,0.0,
endurance,7,healthy,1844.0,78.46589441288367,78.27968705884042,613.2482273947783,1514.5156076468625,66.48611684558121,30.838883540069205,6.088967300323676,0.16204463848816844,12.906241018809212,19.929754656599915,0.7378013349442173,3000.0,-4.5,0.45,none,0.0,
endurance,7,healthy,1845.0,78.46589441288367,78.76617461681903,615.3027370280695,1509.2426322120118,66.34117022479501,30.54073809566489,6.088967300323676,0.19615307595462292,12.974801067328402,20.28020286118858,0.7378013349442173,3000.0,-4.5,0.45,none,0.0,
endurance,7,healthy,1846.0,78.46589441288367,78.35641727890756,617.3457672675596,1517.1420050130891,65.92817100357867,30.920455488115515,6.088967300323676,0.19397654227566466,12.972784506991333,20.001562394474433,0.7378013349442173,3000.0,-4.5,0.45,none,0.0,
endurance,7,healthy,1847.0,78.46589441288367,78.59032339933363,613.3210684405672,1517.637688867569,67.31522220363497,30.609638968552908,6.088967300323676,0.22456231983970423,13.004045484914304,20.200456235924985,0.7378013349442173,3000.0,-4.5,0.45,none,0.0,
endurance,7,healthy,1848.0,78.46589441288367,78.72076830213999,615.9850970541756,1514.0837376167008,65.23731626827475,30.21188482758762,6.088967300323676,0.19354942859876878,12.923409375298277,19.75013091890064,0.7378013349442173,3000.0,-4.5,0.45,none,0.0,
endurance,7,healthy,1849.0,78.46589441288367,78.0364866999894,607.1386965170809,1525.0033984950887,66.21551405224137,30.192248098361887,6.088967300323676,0.16300611523002673,12.886680134115466,20.08258470199245,0.7378013349442173,3000.0,-4.5,0.45,none,0.0,
endurance,7,healthy,1850.0,78.46589441288367,79.06700435698984,611.593432973692,1523.1532597731189,66.96190287234268,31.611772855235568,6.088967300323676,0.25208752534320616,12.85385904391143,20.040921752987984,0.7378013349442173,3000.0,-4.5,0.45,none,0.0,
endurance,7,healthy,1851.0,78.46589441288367,79.45025653615149,612.3903788079883,1524.2228931063312,66.51306611180496,31.546596713830485,6.088967300323676,0.2022453864640414,12.852742459902306,19.962613138210035,0.7378013349442173,3000.0,-4.5,0.45,none,0.0,
endurance,7,healthy,1852.0,78.46589441288367,78.72000895403309,613.5268519184023,1523.0808974563693,66.38327662928131,30.268803723113777,6.088967300323676,0.2007440730086387,12.890810644824638,20.073697575012687,0.7378013349442173,3000.0,-4.5,0.45,none,0.0,
endurance,7,healthy,1853.0,78.46589441288367,79.41292976260576,613.7189896941744,1515.1495916935446,66.12989085593748,29.678420218898992,6.088967300323676,0.19298970846057395,12.939663969519055,20.033141924285317,0.7378013349442173,3000.0,-4.5,0.45,none,0.0,
endurance,7,healthy,1854.0,78.46589441288367,78.57084249521301,610.8672688817995,1523.7428429125907,66.59194374328855,30.4093708846686,6.088967300323676,0.22265779716948272,12.89908862340503,20.27243960821904,0.7378013349442173,3000.0,-4.5,0.45,none,0.0,
endurance,7,healthy,1855.0,78.46589441288367,78.33688566491355,609.4317878357815,1519.2237744757617,65.36852178809359,30.57935046778057,6.088967300323676,0.20065338179406092,12.978174445315128,19.697960108196323,0.7378013349442173,3000.0,-4.5,0.45,none,0.0,
endurance,7,healthy,1856.0,78.46589441288367,78.20551952606598,612.9977149954505,1517.6310934098217,66.52891505782638,29.788189942624996,6.088967300323676,0.11929502085220785,12.93884966206105,19.666238722952414,0.7378013349442173,3000.0,-4.5,0.45,none,0.0,
endurance,7,healthy,1857.0,78.46589441288367,78.76031210848357,615.4469880449954,1518.7146783887822,65.76435406288259,30.42295440040933,6.088967300323676,0.20247454048664418,12.851490094705468,20.332990248745197,0.7378013349442173,3000.0,-4.5,0.45,none,0.0,
endurance,7,healthy,1858.0,78.46589441288367,78.1371580912996,615.0994474221187,1521.3027359693913,66.96185249825803,30.917523567877364,6.088967300323676,0.08756765043539667,12.863225322187892,20.11439545755082,0.7378013349442173,3000.0,-4.5,0.45,none,0.0,
endurance,7,healthy,1859.0,78.46589441288367,78.36853246479784,612.0478314628283,1518.014063859868,66.16219263737696,30.13347825068791,6.088967300323676,0.28930162032744583,12.926330144757381,20.48902134021357,0.7378013349442173,3000.0,-4.5,0.45,none,0.0,
endurance,7,healthy,1860.0,78.46589441288367,77.81228090642364,617.662995586251,1517.9606901142677,66.41773981852407,30.194677191471946,6.088967300323676,0.16919145061089091,12.94871472330542,20.259031374207797,0.7378013349442173,3000.0,-4.5,0.45,none,0.0,
endurance,7,healthy,1861.0,78.46589441288367,78.58450405234953,616.2414522953646,1517.5574718038856,65.55852450269383,29.994029411656854,6.088967300323676,0.18284745955955853,12.943560441384209,20.098374720253194,0.7378013349442173,3000.0,-4.5,0.45,none,0.0,
endurance,7,healthy,1862.0,78.46589441288367,78.77708737798058,610.7787499612591,1516.9282869589238,65.23052518009594,30.524667298867197,6.088967300323676,0.16383455490488508,12.960235923437514,20.1762261815272,0.7378013349442173,3000.0,-4.5,0.45,none,0.0,
endurance,7,healthy,1863.0,78.46589441288367,79.47585918529856,611.920392696937,1514.7501314312533,66.85075102211933,30.110036832572973,6.088967300323676,0.28969957807615565,12.935167908126134,19.876170282807166,0.7378013349442173,3000.0,-4.5,0.45,none,0.0,
endurance,7,healthy,1864.0,78.46589441288367,78.98382392678252,614.7271133141836,1523.9757778482938,66.57208979017335,30.73431708875272,6.088967300323676,0.18449856265922715,12.85659538937724,19.960584596130435,0.7378013349442173,3000.0,-4.5,0.45,none,0.0,
endurance,7,healthy,1865.0,78.46589441288367,78.84915137951825,610.6397597259808,1517.0549880515566,67.39128296251523,30.806752402858255,6.088967300323676,0.18671661055033115,12.938060282094117,20.152800803226828,0.7378013349442173,3000.0,-4.5,0.45,none,0.0,
endurance,7,healthy,1866.0,78.46589441288367,78.32790135277702,609.6116968622857,1526.6133442013722,66.09758904582243,30.648176501044773,6.088967300323676,0.22039679527065262,12.928812197670979,20.09090903098041,0.7378013349442173,3000.0,-4.5,0.45,none,0.0,
endurance,7,healthy,1867.0,78.46589441288367,78.14808074493627,618.3754542197186,1520.132597297561,66.3955977938717,30.07568138537322,6.088967300323676,0.23828859225849025,12.958035045919903,19.87390781331554,0.7378013349442173,3000.0,-4.5,0.45,none,0.0,
endurance,7,healthy,1868.0,78.46589441288367,78.68333135399791,609.4694057014378,1519.0341774894694,65.92658751072535,29.962219519497605,6.088967300323676,0.2287572112605612,12.925738783308308,20.146351502520684,0.7378013349442173,3000.0,-4.5,0.45,none,0.0,
endurance,7,healthy,1869.0,78.46589441288367,79.1478457604959,615.3718427246673,1523.0910329223345,66.45620015899,29.582775149937188,6.088967300323676,0.17560525033385255,12.939132801924323,19.952864987048372,0.7378013349442173,3000.0,-4.5,0.45,none,0.0,
endurance,7,healthy,1870.0,78.46589441288367,78.28020674712144,610.8349193662093,1519.840735468971,66.04027639229963,30.21213513148073,6.088967300323676,0.31095850748946813,12.925828590267097,20.059786768601978,0.7378013349442173,3000.0,-4.5,0.45,none,0.0,
endurance,7,healthy,1871.0,78.46589441288367,78.45417084799081,615.4347407303368,1529.0157962272947,65.62884812986107,31.346588549141803,6.088967300323676,0.22039906229174677,12.886966095544079,20.00175022347222,0.7378013349442173,3000.0,-4.5,0.45,none,0.0,
endurance,7,healthy,1872.0,78.46589441288367,77.75348293783355,610.6394705054911,1526.0741248296638,65.11493219029512,30.081312481515987,6.088967300323676,0.2625805937799045,12.87930867888351,20.278783540991977,0.7378013349442173,3000.0,-4.5,0.45,none,0.0,
endurance,7,healthy,1873.0,78.46589441288367,77.53372779403445,609.4409826476415,1522.144591499293,65.92643325214739,29.48561463905815,6.088967300323676,0.3132880020771495,12.902388868274459,20.14217177762589,0.7378013349442173,3000.0,-4.5,0.45,none,0.0,
endurance,7,healthy,1874.0,78.46589441288367,78.47597024269372,610.9497429072101,1518.9880267036638,65.2092018800145,30.010090072252275,6.088967300323676,0.24695309424312978,12.95686347369369,20.090171222935044,0.7378013349442173,3000.0,-4.5,0.45,none,0.0,
endurance,7,healthy,1875.0,78.46589441288367,78.68554552712692,615.2526668974816,1518.655105176376,65.88598933249834,29.898872601735405,6.088967300323676,0.17561604637805708,12.897429255866776,20.0134256553861,0.7378013349442173,3000.0,-4.5,0.45,none,0.0,
endurance,7,healthy,1876.0,78.46589441288367,78.71094320622254,612.1798661300675,1516.2109805621285,65.84695241183637,30.693975747575152,6.088967300323676,0.1552906343754455,12.929868231003612,19.891928650719773,0.7378013349442173,3000.0,-4.5,0.45,none,0.0,
endurance,7,healthy,1877.0,78.46589441288367,78.50064669943143,613.621559943759,1522.0605303147051,66.47663594438136,30.28612471430639,6.088967300323676,0.16098381326457378,12.993656717883333,20.250299905316243,0.7378013349442173,3000.0,-4.5,0.45,none,0.0,
endurance,7,healthy,1878.0,78.46589441288367,79.2478670768154,612.6662166047684,1523.7076588531193,66.73770574934865,30.787204434566,6.088967300323676,0.2728095886994243,12.982847387867299,20.234899357280927,0.7378013349442173,3000.0,-4.5,0.45,none,0.0,
endurance,7,healthy,1879.0,78.46589441288367,77.87773245223279,614.9923586479451,1517.6749121140385,66.72536922501045,30.06787560796652,6.088967300323676,0.19099567282462218,12.886660910494507,20.363749077592328,0.7378013349442173,3000.0,-4.5,0.45,none,0.0,
endurance,7,healthy,1880.0,78.46589441288367,77.8082680846251,609.9238094928726,1518.737540876917,66.18422681807306,29.904257417455145,6.088967300323676,0.2823549572389041,12.972876398743518,19.8780303524704,0.7378013349442173,3000.0,-4.5,0.45,none,0.0,
endurance,7,healthy,1881.0,78.46589441288367,78.19137303558765,612.2965849153413,1512.4393498323093,65.74753875924142,30.1908620745225,6.088967300323676,0.14613826756992696,12.904912061095667,19.862072684698575,0.7378013349442173,3000.0,-4.5,0.45,none,0.0,
endurance,7,healthy,1882.0,78.46589441288367,77.8141719556533,617.7311259581904,1517.6692270518572,67.26314204093576,30.55114137417694,6.088967300323676,0.20504470451587786,12.870183134244664,20.25604408414796,0.7378013349442173,3000.0,-4.5,0.45,none,0.0,
endurance,7,healthy,1883.0,78.46589441288367,78.09097268495105,608.5798627362292,1522.7925516049131,67.60461518210795,29.12827536577494,6.088967300323676,0.15292339228982593,12.751181335272996,19.766134970781106,0.7378013349442173,3000.0,-4.5,0.45,none,0.0,
endurance,7,healthy,1884.0,78.46589441288367,78.32254108263449,614.8249981446968,1527.3136195897605,66.27350670544584,30.784624666858274,6.088967300323676,0.18289480783024067,12.884111819247222,20.14756506702234,0.7378013349442173,3000.0,-4.5,0.45,none,0.0,
endurance,7,healthy,1885.0,78.46589441288367,78.28089456027688,611.0535766053081,1515.4834539297726,66.39845554590015,30.407635956981178,6.088967300323676,0.1268457733836692,12.943743790720257,19.997467867646705,0.7378013349442173,3000.0,-4.5,0.45,none,0.0,
endurance,7,healthy,1886.0,78.46589441288367,78.36270905241665,613.7065629223439,1517.3924680101702,67.25313602120758,30.757646992293076,6.088967300323676,0.18414121553248894,12.979853235611532,20.192616310425294,0.7378013349442173,3000.0,-4.5,0.45,none,0.0,
endurance,7,healthy,1887.0,78.46589441288367,77.73157862137248,610.2001811085788,1515.7390557933827,65.88067043510192,29.978820758990608,6.088967300323676,0.20140896751115778,12.899009819479216,19.918209769047674,0.7378013349442173,3000.0,-4.5,0.45,none,0.0,
endurance,7,healthy,1888.0,78.46589441288367,77.83325748079768,614.6027421632099,1519.2193980023771,66.20844591489957,30.25311733119738,6.088967300323676,0.27141389490017137,13.000601191189798,19.913257731110743,0.7378013349442173,3000.0,-4.5,0.45,none,0.0,
endurance,7,healthy,1889.0,78.46589441288367,78.87346427997483,613.1057189474315,1529.4759542677857,65.99141408301662,30.6228271376915,6.088967300323676,0.18835229912788315,12.970106021364819,20.009729553845396,0.7378013349442173,3000.0,-4.5,0.45,none,0.0,
endurance,7,healthy,1890.0,78.46589441288367,77.94227829103937,610.3308049940272,1521.5329385940677,66.44205569370128,30.603937152344194,6.088967300323676,0.19781778410423062,12.873712045127412,19.899905181345506,0.7378013349442173,3000.0,-4.5,0.45,none,0.0,
endurance,7,healthy,1891.0,78.46589441288367,77.80209150206576,616.0500468300635,1520.690952855872,66.19989708159895,31.34289639703603,6.088967300323676,0.19316717948924303,12.932573039736177,19.815581072461022,0.7378013349442173,3000.0,-4.5,0.45,none,0.0,
endurance,7,healthy,1892.0,78.46589441288367,77.87798265867261,615.2123693391918,1522.5489395508998,66.15225499801953,29.695496862093727,6.088967300323676,0.16313559711392572,12.875283703659756,19.726039402391425,0.7378013349442173,3000.0,-4.5,0.45,none,0.0,
endurance,7,healthy,1893.0,78.46589441288367,78.52206283901273,619.8982539037117,1518.325176080089,65.50578181400076,30.409390276146038,6.088967300323676,0.22328557631839663,12.93880428239899,19.819608890562822,0.7378013349442173,3000.0,-4.5,0.45,none,0.0,
endurance,7,healthy,1894.0,78.46589441288367,78.3613921628268,616.2819291086221,1516.2586726634124,66.78447890245074,29.826410456566,6.088967300323676,0.2010173343378144,12.929466584524954,19.767868327003427,0.7378013349442173,3000.0,-4.5,0.45,none,0.0,
endurance,7,healthy,1895.0,78.46589441288367,78.90211260850796,611.9185144594625,1516.9758220738622,66.4509061448058,30.95638903037674,6.088967300323676,0.25582945409008506,12.870478151779544,20.034425797270984,0.7378013349442173,3000.0,-4.5,0.45,none,0.0,
endurance,7,healthy,1896.0,78.46589441288367,78.91899495518469,618.581180466712,1519.926114694399,66.42773525013934,30.400034449340232,6.088967300323676,0.17423070087952966,12.89841097194413,20.195612302875414,0.7378013349442173,3000.0,-4.5,0.45,none,0.0,
endurance,7,healthy,1897.0,78.46589441288367,78.50937879369715,613.2201610792865,1515.555320812479,65.459661422466,30.0495052965631,6.088967300323676,0.1680822491210499,12.941162328143886,19.921136283397015,0.7378013349442173,3000.0,-4.5,0.45,none,0.0,
endurance,7,healthy,1898.0,78.46589441288367,77.82025467221432,609.7033144495814,1527.2674250597554,66.45825387053944,30.204936361260547,6.088967300323676,0.18255394830100088,12.93956184729222,19.536441823937153,0.7378013349442173,3000.0,-4.5,0.45,none,0.0,
endurance,7,healthy,1899.0,78.46589441288367,78.79624997562108,613.4056802613027,1519.49927536254,66.07113330726001,30.22509835585874,6.088967300323676,0.12912759669462504,12.839579013079678,20.209032087571654,0.7378013349442173,3000.0,-4.5,0.45,none,0.0,
endurance,7,healthy,1900.0,78.46589441288367,78.25924930878809,611.5380808472995,1521.5614054795783,66.12237951978268,29.9345169297313,6.088967300323676,0.23251957547128863,12.867239772646682,19.99418865013054,0.7378013349442173,3000.0,-4.5,0.45,none,0.0,
endurance,7,healthy,1901.0,78.46589441288367,78.34835672814289,617.698488272175,1521.553839485254,65.80401126408341,31.001282801602073,6.088967300323676,0.2960612295413627,12.92913021354162,20.06242167510333,0.7378013349442173,3000.0,-4.5,0.45,none,0.0,
endurance,7,healthy,1902.0,78.46589441288367,77.96817937459662,619.6295147837218,1515.2374856901868,65.58061014468103,30.389471809902695,6.088967300323676,0.23425747111586803,12.870370951845668,19.64893240306536,0.7378013349442173,3000.0,-4.5,0.45,none,0.0,
endurance,7,healthy,1903.0,78.46589441288367,79.10773359450083,614.2771383686598,1516.979187069897,66.00456364718075,30.56854758463058,6.088967300323676,0.14680159408296345,12.903934749828386,20.051781338135797,0.7378013349442173,3000.0,-4.5,0.45,none,0.0,
endurance,7,healthy,1904.0,78.46589441288367,78.27522540504853,614.1005253162733,1515.1174515781092,66.91215018585966,30.988380366674704,6.088967300323676,0.24345739583184675,12.99148050440639,19.957862564242586,0.7378013349442173,3000.0,-4.5,0.45,none,0.0,
endurance,7,healthy,1905.0,78.46589441288367,77.91039421486988,611.2187132856474,1517.8210530189763,66.77457970803378,31.44695082790775,6.088967300323676,0.1973668386015096,12.932405732075567,20.102120379076354,0.7378013349442173,3000.0,-4.5,0.45,none,0.0,
endurance,7,healthy,1906.0,78.46589441288367,78.20401508541133,613.2230613300709,1525.4238203271475,65.58487852812422,30.89118303973446,6.088967300323676,0.14306516707612688,12.932208204598188,19.892964268796035,0.7378013349442173,3000.0,-4.5,0.45,none,0.0,
endurance,7,healthy,1907.0,78.46589441288367,77.74875115404596,612.0014475661588,1523.7937222255857,65.87452258896185,30.515483936355484,6.088967300323676,0.1548915636103868,12.911288530008921,19.780491956450263,0.7378013349442173,3000.0,-4.5,0.45,none,0.0,
endurance,7,healthy,1908.0,78.46589441288367,78.53633340300864,607.9715594980559,1526.8620216828358,65.92563691478964,30.091861926524412,6.088967300323676,0.2486359312440745,12.896109901802305,19.778664763559746,0.7378013349442173,3000.0,-4.5,0.45,none,0.0,
endurance,7,healthy,1909.0,78.46589441288367,78.0385649175959,610.3726647584302,1527.4230813447914,65.33559083127054,30.501270581344837,6.088967300323676,0.28902697950432826,12.973165332865653,19.814564391164197,0.7378013349442173,3000.0,-4.5,0.45,none,0.0,
endurance,7,healthy,1910.0,78.46589441288367,78.76799422592381,613.1448590508378,1517.7116536842523,65.82252317691231,30.522367776265686,6.088967300323676,0.23229685161241515,12.974815269444736,20.13641871973779,0.7378013349442173,3000.0,-4.5,0.45,none,0.0,
endurance,7,healthy,1911.0,78.46589441288367,78.62489830263867,611.8704209780851,1522.284929500736,66.31197695483654,31.469423727947348,6.088967300323676,0.212933428913017,12.97045829967574,20.148001003105993,0.7378013349442173,3000.0,-4.5,0.45,none,0.0,
endurance,7,healthy,1912.0,78.46589441288367,79.26454935143185,614.1277201644425,1523.990960314159,66.07562536784901,30.21161976448067,6.088967300323676,0.21242638178070658,12.856999414651979,20.02280470040378,0.7378013349442173,3000.0,-4.5,0.45,none,0.0,
endurance,7,healthy,1913.0,78.46589441288367,78.42446863536016,611.124306360413,1526.2483653951822,66.42904571291933,30.216958380204606,6.088967300323676,0.2019503216907249,12.904579216857504,20.441488851144683,0.7378013349442173,3000.0,-4.5,0.45,none,0.0,
endurance,7,healthy,1914.0,78.46589441288367,78.5215983713507,611.4134543508227,1517.7963538631009,66.9107484540132,31.25965723130172,6.088967300323676,0.2092876224032352,12.89066169314499,20.034083380018124,0.7378013349442173,3000.0,-4.5,0.45,none,0.0,
endurance,7,healthy,1915.0,78.46589441288367,78.21360732792245,608.1811134192479,1528.285154779728,66.1941037930334,31.152207142159313,6.088967300323676,0.09249866085268708,12.92130988883664,19.71793011638037,0.7378013349442173,3000.0,-4.5,0.45,none,0.0,
endurance,7,healthy,1916.0,78.46589441288367,78.35598947061773,611.6520433685079,1508.708522482331,66.05625569562599,29.399813697625717,6.088967300323676,0.1773580564276618,12.930341312572804,20.188533164556848,0.7378013349442173,3000.0,-4.5,0.45,none,0.0,
endurance,7,healthy,1917.0,78.46589441288367,78.74665251727923,613.9744509422941,1521.1992813124793,66.09151523846721,30.015623710598362,6.088967300323676,0.23939945899054652,12.900842331093003,20.41519216508679,0.7378013349442173,3000.0,-4.5,0.45,none,0.0,
endurance,7,healthy,1918.0,78.46589441288367,79.2565201584333,612.2106066052377,1523.572282415685,66.11532184180106,30.815664902956787,6.088967300323676,0.16618576080960024,12.858279786992773,20.255400719224664,0.7378013349442173,3000.0,-4.5,0.45,none,0.0,
endurance,7,healthy,1919.0,78.46589441288367,78.68016148569266,615.123634119082,1524.5851306487707,66.4777055752976,32.0908101657008,6.088967300323676,0.2645628854771687,12.96836380927696,20.271881351706874,0.7378013349442173,3000.0,-4.5,0.45,none,0.0,
endurance,7,healthy,1920.0,78.46589441288367,78.66492784322318,610.4372746289841,1520.4504071239578,65.86742567962554,30.25392066424644,6.088967300323676,0.2683832108213531,12.913380553578024,20.018013193652674,0.7378013349442173,3000.0,-4.5,0.45,none,0.0,
endurance,7,healthy,1921.0,78.46589441288367,78.81007070263338,616.9037270150393,1523.9726640203994,65.70574721459798,30.561008567664874,6.088967300323676,0.12843371565050982,12.91664442603021,20.19784308727146,0.7378013349442173,3000.0,-4.5,0.45,none,0.0,
endurance,7,healthy,1922.0,78.46589441288367,78.50144674851624,609.8388539623087,1520.2566889108953,66.99876911156468,30.238108399778433,6.088967300323676,0.21180595787934056,12.928795263011306,19.921434107792656,0.7378013349442173,3000.0,-4.5,0.45,none,0.0,
endurance,7,healthy,1923.0,78.46589441288367,77.43349619596707,612.6165426378279,1514.0647092705537,65.77732251269094,30.841119101509143,6.088967300323676,0.276410667248122,12.95508439787087,20.237960833000507,0.7378013349442173,3000.0,-4.5,0.45,none,0.0,
endurance,7,healthy,1924.0,78.46589441288367,78.573694040999,613.8896614129603,1514.6776377897522,66.5969224735925,30.85061692191019,6.088967300323676,0.18211580301880592,12.965401174601798,19.733596672823122,0.7378013349442173,3000.0,-4.5,0.45,none,0.0,
endurance,7,healthy,1925.0,78.46589441288367,78.72482695379792,616.5907885619393,1520.6286922606598,66.36060493114832,30.248057302314635,6.088967300323676,0.22031206779775642,12.962101270253086,20.160535547423567,0.7378013349442173,3000.0,-4.5,0.45,none,0.0,
endurance,7,healthy,1926.0,78.46589441288367,78.25482835036094,609.4737151173617,1513.9692316874684,66.19470867341951,30.02486547933053,6.088967300323676,0.15673206450613358,13.013817379259544,20.232666571659816,0.7378013349442173,3000.0,-4.5,0.45,none,0.0,
endurance,7,healthy,1927.0,78.46589441288367,77.84635057077067,614.5440360909009,1518.2606486377613,66.24604180725183,31.22945441475545,6.088967300323676,0.15838421925755095,12.916272454651708,19.750507430264772,0.7378013349442173,3000.0,-4.5,0.45,none,0.0,
endurance,7,healthy,1928.0,78.46589441288367,79.1084764280374,608.2153262316407,1516.2123610730541,66.28488664507934,29.885109780469385,6.088967300323676,0.14883260447762245,13.023749333177504,20.33883426619389,0.7378013349442173,3000.0,-4.5,0.45,none,0.0,
endurance,7,healthy,1929.0,78.46589441288367,78.11274380786163,620.5401045259398,1518.8190057868032,65.8742112828354,29.968797458085124,6.088967300323676,0.16964795783066342,12.827451307594966,19.818509514877547,0.7378013349442173,3000.0,-4.5,0.45,none,0.0,
endurance,7,healthy,1930.0,78.46589441288367,78.05887726689487,616.6400485230714,1529.4684622699099,66.32081843556223,30.21133921887058,6.088967300323676,0.13541925151659517,12.908459828682167,20.106226012457416,0.7378013349442173,3000.0,-4.5,0.45,none,0.0,
endurance,7,healthy,1931.0,78.46589441288367,78.76722392920723,609.2146591648323,1514.9158668591936,65.693852403297,30.8334214298163,6.088967300323676,0.28373694520658455,12.890787581576184,20.34132590351208,0.7378013349442173,3000.0,-4.5,0.45,none,0.0,
endurance,7,healthy,1932.0,78.46589441288367,78.40157525364225,613.8896613968274,1512.9821544348774,66.28515134081499,30.67080108126346,6.088967300323676,0.13953714162949085,12.887564303300264,20.254819071526086,0.7378013349442173,3000.0,-4.5,0.45,none,0.0,
endurance,7,healthy,1933.0,78.46589441288367,76.66777959595832,618.4255719377364,1517.303790204067,66.14917100392248,29.79854319142635,6.088967300323676,0.1808187035179409,12.957027619887905,20.148007120949593,0.7378013349442173,3000.0,-4.5,0.45,none,0.0,
endurance,7,healthy,1934.0,78.46589441288367,78.60556493314128,614.2296723901339,1518.21624774814,66.20040381851628,30.638639871669497,6.088967300323676,0.11803110918656341,12.978427511833866,19.77093638579736,0.7378013349442173,3000.0,-4.5,0.45,none,0.0,
endurance,7,healthy,1935.0,78.46589441288367,79.52975636559204,610.158804702369,1528.8919214321206,65.91644283771255,30.481636607364965,6.088967300323676,0.22570406375601046,12.890686609979678,20.034772642585317,0.7378013349442173,3000.0,-4.5,0.45,none,0.0,
endurance,7,healthy,1936.0,78.46589441288367,78.58648840010353,618.6203809545324,1517.9767404000333,66.41679236069422,29.748036993853827,6.088967300323676,0.23522238315516641,13.004603897760452,20.04064436335557,0.7378013349442173,3000.0,-4.5,0.45,none,0.0,
endurance,7,healthy,1937.0,78.46589441288367,78.92970964813726,611.2796834566267,1523.3250159560284,66.36034691030665,29.43097885773578,6.088967300323676,0.21974867727709288,12.908762215250611,19.960021366439115,0.7378013349442173,3000.0,-4.5,0.45,none,0.0,
endurance,7,healthy,1938.0,78.46589441288367,78.43528147676746,614.3436576257193,1521.548514034956,65.48180666949192,30.45206203521798,6.088967300323676,0.1282361705152243,12.887160739248621,19.8704751203469,0.7378013349442173,3000.0,-4.5,0.45,none,0.0,
endurance,7,healthy,1939.0,78.46589441288367,78.29007868458908,605.7458615058475,1517.1207346309777,65.11647537323772,30.34299755752702,6.088967300323676,0.2121183867106543,12.936691786375114,19.835454519689144,0.7378013349442173,3000.0,-4.5,0.45,none,0.0,
endurance,7,healthy,1940.0,78.46589441288367,78.60281015446272,612.0985021763375,1523.1614065066194,65.94647044312448,31.309895225362865,6.088967300323676,0.18994980826379432,12.968348029927881,20.047012291194644,0.7378013349442173,3000.0,-4.5,0.45,none,0.0,
endurance,7,healthy,1941.0,78.46589441288367,78.0955130517843,614.1298859342401,1515.2821183829387,67.03715614105347,30.155025205696006,6.088967300323676,0.19054348005251237,12.916997683122977,20.180818770136213,0.7378013349442173,3000.0,-4.5,0.45,none,0.0,
endurance,7,healthy,1942.0,78.46589441288367,77.72374066445603,615.6747551559912,1513.598596568241,65.70702991225242,30.582532445869862,6.088967300323676,0.32146709399365236,12.885942698172856,19.75659392050124,0.7378013349442173,3000.0,-4.5,0.45,none,0.0,
endurance,7,healthy,1943.0,78.46589441288367,78.8307932105679,612.2422018017326,1522.325828284998,66.75397464934977,30.149437596040674,6.088967300323676,0.09495953448819708,12.956237449485869,19.998954330235446,0.7378013349442173,3000.0,-4.5,0.45,none,0.0,
endurance,7,healthy,1944.0,78.46589441288367,78.77041181629743,609.6576680633522,1518.717183923818,66.0001772184458,30.603478379382228,6.088967300323676,0.2080809482088502,12.909049665022826,20.066923570126697,0.7378013349442173,3000.0,-4.5,0.45,none,0.0,
endurance,7,healthy,1945.0,78.46589441288367,79.38436409127229,612.5359434865507,1522.0006875403085,66.08366737746589,30.9273491294869,6.088967300323676,0.15181457460338366,12.968660322822416,19.773165541797525,0.7378013349442173,3000.0,-4.5,0.45,none,0.0,
endurance,7,healthy,1946.0,78.46589441288367,77.61266167564926,615.2356250606871,1521.211852676901,66.59523122070956,29.841448364827016,6.088967300323676,0.031151411515138172,12.955872544638561,19.52296147809462,0.7378013349442173,3000.0,-4.5,0.45,none,0.0,
endurance,7,healthy,1947.0,78.46589441288367,77.5939115486318,612.0151524476606,1517.9958320807355,66.81190381045062,30.65138145266341,6.088967300323676,0.2031324327753375,12.859247132763324,20.549731637802964,0.7378013349442173,3000.0,-4.5,0.45,none,0.0,
endurance,7,healthy,1948.0,78.46589441288367,78.72013744427207,608.8070506996148,1516.1191651507463,65.79483654183923,30.208787974103604,6.088967300323676,0.19307263043799358,12.88708460673253,20.105752781693973,0.7378013349442173,3000.0,-4.5,0.45,none,0.0,
endurance,7,healthy,1949.0,78.46589441288367,78.07468215511055,614.8578237295352,1518.880211765278,66.15057967157118,30.09180145566318,6.088967300323676,0.10726468547818235,12.907670007838057,19.800910231208128,0.7378013349442173,3000.0,-4.5,0.45,none,0.0,
endurance,7,healthy,1950.0,78.46589441288367,79.18309824290671,611.6165197404601,1518.8022471497152,66.133442282918,30.45988467332992,6.088967300323676,0.19843431732416508,12.941812783655715,20.475940439439558,0.7378013349442173,3000.0,-4.5,0.45,none,0.0,
endurance,7,healthy,1951.0,78.46589441288367,77.94729797718621,611.3546353263669,1521.5857559690533,65.73220351512386,30.477393887420202,6.088967300323676,0.17484260900792106,12.946370966095904,20.44364042410028,0.7378013349442173,3000.0,-4.5,0.45,none,0.0,
endurance,7,healthy,1952.0,78.46589441288367,78.75242615468133,613.5496279487355,1521.2297477916902,66.30908254291133,31.243903177033946,6.088967300323676,0.24667503088583453,12.997795415681017,19.609610823176897,0.7378013349442173,3000.0,-4.5,0.45,none,0.0,
endurance,7,healthy,1953.0,78.46589441288367,79.38402703039847,609.9941225593869,1519.1334210609552,65.53289239239288,30.23002378307801,6.088967300323676,0.20211880774001878,12.93626330891926,20.226798096721378,0.7378013349442173,3000.0,-4.5,0.45,none,0.0,
endurance,7,healthy,1954.0,78.46589441288367,78.35589279063349,611.7285746739977,1510.4801459825426,66.22229561116731,30.215443125126203,6.088967300323676,0.2459830929181456,12.911006359168619,20.206936561125854,0.7378013349442173,3000.0,-4.5,0.45,none,0.0,
endurance,7,healthy,1955.0,78.46589441288367,78.88349943163043,613.41051658236,1512.8858037680554,65.78262734501293,31.4247206342515,6.088967300323676,0.24458047116065784,12.931446686609663,19.879736407359314,0.7378013349442173,3000.0,-4.5,0.45,none,0.0,
endurance,7,healthy,1956.0,78.46589441288367,78.16187198733789,611.0427846783564,1518.8574680200318,66.38849608631125,29.59939946323253,6.088967300323676,0.11484106952081462,12.906155587944767,19.957978070675477,0.7378013349442173,3000.0,-4.5,0.45,none,0.0,
endurance,7,healthy,1957.0,78.46589441288367,78.98933563832,614.2259244209205,1516.2484774206912,65.6496292922781,30.57560541834793,6.088967300323676,0.22587527117301773,12.897580129305183,19.86270694114048,0.7378013349442173,3000.0,-4.5,0.45,none,0.0,
endurance,7,healthy,1958.0,78.46589441288367,78.65560609266296,615.5102516918279,1515.0808159265794,66.35336668035008,30.71788020259486,6.088967300323676,0.2803672265732259,12.94125881832708,20.34436421947501,0.7378013349442173,3000.0,-4.5,0.45,none,0.0,
endurance,7,healthy,1959.0,78.46589441288367,78.11344222537087,613.597606261635,1519.1901525370997,65.65326356085201,30.719113568105307,6.088967300323676,0.18932610282569226,12.910320531435719,20.345636609330747,0.7378013349442173,3000.0,-4.5,0.45,none,0.0,
endurance,7,healthy,1960.0,78.46589441288367,78.58033617931156,612.481249247778,1520.6029284797007,66.08489113067236,30.13842932255888,6.088967300323676,0.20103306960122552,12.998936430402994,19.511836634914655,0.7378013349442173,3000.0,-4.5,0.45,none,0.0,
endurance,7,healthy,1961.0,78.46589441288367,78.70772637536297,612.3412396683776,1516.1730787526296,66.56116557608924,30.631594783275407,6.088967300323676,0.23660147591118788,12.953998628685335,19.90123620604261,0.7378013349442173,3000.0,-4.5,0.45,none,0.0,
endurance,7,healthy,1962.0,78.46589441288367,78.43697662579395,610.234511091971,1513.4172963021026,66.53394428435499,30.58688587344896,6.088967300323676,0.24587304989916522,12.847557582085829,20.189969494765187,0.7378013349442173,3000.0,-4.5,0.45,none,0.0,
endurance,7,healthy,1963.0,78.46589441288367,78.68495652032468,609.8187185972239,1518.497143982017,65.96365597420882,30.236739734450488,6.088967300323676,0.351712928269061,12.884324725019262,19.900500900073187,0.7378013349442173,3000.0,-4.5,0.45,none,0.0,
endurance,7,healthy,1964.0,78.46589441288367,79.49381242745255,611.9676535652346,1518.387171927509,66.42155580076466,30.764557780352593,6.088967300323676,0.19289671579563117,12.934228538942715,19.786459442714218,0.7378013349442173,3000.0,-4.5,0.45,none,0.0,
endurance,7,healthy,1965.0,78.46589441288367,78.28713389681955,610.0469187507529,1516.8437172601223,65.78963674480464,29.671743238010645,6.088967300323676,0.16203096433438893,12.9213687208968,20.20939972976725,0.7378013349442173,3000.0,-4.5,0.45,none,0.0,
endurance,7,healthy,1966.0,78.46589441288367,77.93643266745727,613.1725614330072,1514.903757548164,66.69238021017247,31.107971312237776,6.088967300323676,0.17231399824024135,12.948955986582423,20.30421476617073,0.7378013349442173,3000.0,-4.5,0.45,none,0.0,
endurance,7,healthy,1967.0,78.46589441288367,78.90263936416088,613.6328655420908,1522.782849135073,66.80258630224735,31.642162861544374,6.088967300323676,0.20632050358986417,12.831790677755112,20.071665361782163,0.7378013349442173,3000.0,-4.5,0.45,none,0.0,
endurance,7,healthy,1968.0,78.46589441288367,78.90957744795139,610.2142249603598,1520.0475596700076,65.82224736137049,29.87230344977048,6.088967300323676,0.20260051359070466,12.955832429256205,19.853474483809432,0.7378013349442173,3000.0,-4.5,0.45,none,0.0,
endurance,7,healthy,1969.0,78.46589441288367,77.99515163425696,613.4786222635124,1521.7993587136814,66.42825588351606,31.355203310292154,6.088967300323676,0.197098868775978,12.861942694709203,19.944498209267586,0.7378013349442173,3000.0,-4.5,0.45,none,0.0,
endurance,7,healthy,1970.0,78.46589441288367,77.78603255422709,614.3106324355406,1515.2199530782943,65.79066177022837,30.265801621617392,6.088967300323676,0.20167871064667675,12.930930510159293,19.893815482194253,0.7378013349442173,3000.0,-4.5,0.45,none,0.0,
endurance,7,healthy,1971.0,78.46589441288367,78.57441681376656,613.8153402028342,1527.7768151231355,65.73656107462865,31.366064727540987,6.088967300323676,0.21864941401974347,12.80921214501861,19.998667012881956,0.7378013349442173,3000.0,-4.5,0.45,none,0.0,
endurance,7,healthy,1972.0,78.46589441288367,78.98286115885415,609.4691339530339,1524.7895538278945,66.67764729361706,30.326358152586216,6.088967300323676,0.27418040051978393,13.009272461249155,19.951442261211003,0.7378013349442173,3000.0,-4.5,0.45,none,0.0,
endurance,7,healthy,1973.0,78.46589441288367,78.62812800989796,612.903940301915,1503.4481221346168,66.36220112314318,30.25702606905646,6.088967300323676,0.14625091919656094,13.030923370862542,19.71912832678639,0.7378013349442173,3000.0,-4.5,0.45,none,0.0,
endurance,7,healthy,1974.0,78.46589441288367,77.90471821506692,611.6677046585413,1526.0870285721703,67.10992988672598,29.677628168822107,6.088967300323676,0.21650954733487024,12.839174392521366,20.194900666771826,0.7378013349442173,3000.0,-4.5,0.45,none,0.0,
endurance,7,healthy,1975.0,78.46589441288367,78.21495426988731,613.50820226945,1523.9694857097495,66.60432607188436,29.771256164423725,6.088967300323676,0.2339741842562691,12.973723728956086,19.74844981830817,0.7378013349442173,3000.0,-4.5,0.45,none,0.0,
endurance,7,healthy,1976.0,78.46589441288367,78.02679066011183,613.8656315285089,1520.8673334550622,65.58750508807547,29.806425764229612,6.088967300323676,0.23051051756815422,12.996076030529165,20.10152171452854,0.7378013349442173,3000.0,-4.5,0.45,none,0.0,
endurance,7,healthy,1977.0,78.46589441288367,78.1360574626465,611.8022808205936,1522.1615306006895,66.61426567176186,30.412151352954233,6.088967300323676,0.08833773860447319,12.922773731154653,20.03962194488589,0.7378013349442173,3000.0,-4.5,0.45,none,0.0,
endurance,7,healthy,1978.0,78.46589441288367,78.13675863330255,617.4330721917257,1511.7685105371988,66.24048006243429,30.572512991191985,6.088967300323676,0.26711188216824217,12.850307403186966,19.61665989560794,0.7378013349442173,3000.0,-4.5,0.45,none,0.0,
endurance,7,healthy,1979.0,78.46589441288367,78.0874404101802,614.4279096979243,1524.5778492970871,65.21413768237215,29.39993766876404,6.088967300323676,0.167822987790741,12.919435001246539,19.781276116564825,0.7378013349442173,3000.0,-4.5,0.45,none,0.0,
endurance,7,healthy,1980.0,78.46589441288367,78.34089082946507,610.8936012402875,1522.4574594687185,66.23457493023113,30.594416639394826,6.088967300323676,0.092221164309402,12.875783842773611,20.20442393874796,0.7378013349442173,3000.0,-4.5,0.45,none,0.0,
endurance,7,healthy,1981.0,78.46589441288367,78.3832112261289,613.2132500273707,1524.9937453912044,66.74166452582283,30.734665379273352,6.088967300323676,0.2579797579621831,12.923766830141075,20.654774825715364,0.7378013349442173,3000.0,-4.5,0.45,none,0.0,
endurance,7,healthy,1982.0,78.46589441288367,78.49773494087381,607.6278647236958,1522.7422943220654,66.01885583132048,30.738130551360765,6.088967300323676,0.2002551405006917,12.908385835760257,19.875467306595525,0.7378013349442173,3000.0,-4.5,0.45,none,0.0,
endurance,7,healthy,1983.0,78.46589441288367,77.68616135797865,612.6051929683285,1515.5412119350167,66.13955782940985,30.130157625735013,6.088967300323676,0.08657031952786416,12.976418062060805,19.84644209433667,0.7378013349442173,3000.0,-4.5,0.45,none,0.0,
endurance,7,healthy,1984.0,78.46589441288367,78.80012479486743,616.8847333275569,1520.4379714131862,67.16964765696413,31.27594704111145,6.088967300323676,0.18062887122351157,12.878168373637573,20.05002445838719,0.7378013349442173,3000.0,-4.5,0.45,none,0.0,
endurance,7,healthy,1985.0,78.46589441288367,78.29693133738063,614.3377959960546,1528.5991664289884,67.36216536853841,30.797611501136085,6.088967300323676,0.15613585438468383,12.864776530909909,19.99144151664709,0.7378013349442173,3000.0,-4.5,0.45,none,0.0,
endurance,7,healthy,1986.0,78.46589441288367,78.38181309725336,615.4014183042494,1516.6877925837957,65.69453454848765,30.345386912339425,6.088967300323676,0.21281043027056648,12.945632624206844,19.84554691342312,0.7378013349442173,3000.0,-4.5,0.45,none,0.0,
endurance,7,healthy,1987.0,78.46589441288367,78.52217097651483,614.2535735029286,1520.9137668410658,65.81394656040672,29.195154266565684,6.088967300323676,0.15111743765564922,12.88172770065537,20.154962110889894,0.7378013349442173,3000.0,-4.5,0.45,none,0.0,
endurance,7,healthy,1988.0,78.46589441288367,78.3707131477439,613.0400779436276,1517.3828255475619,66.86451360726767,29.72646449631537,6.088967300323676,0.16340808766791243,12.92593808285662,20.061724870904108,0.7378013349442173,3000.0,-4.5,0.45,none,0.0,
endurance,7,healthy,1989.0,78.46589441288367,79.34968914554564,615.9611542016634,1524.2283743568553,66.93335241790655,30.97719896914586,6.088967300323676,0.2506967177939111,12.9114643077992,20.136868447740387,0.7378013349442173,3000.0,-4.5,0.45,none,0.0,
endurance,7,healthy,1990.0,78.46589441288367,78.53111183977828,611.8974522612514,1525.0380449728427,65.99310243327082,30.642065800387655,6.088967300323676,0.19871871143131942,12.890175479812843,20.130293594006982,0.7378013349442173,3000.0,-4.5,0.45,none,0.0,
endurance,7,healthy,1991.0,78.46589441288367,77.84338647224013,611.5583839919667,1526.2236073310185,66.87674991682019,30.106340252424282,6.088967300323676,0.2313579993072324,13.008892372742213,19.66930718010233,0.7378013349442173,3000.0,-4.5,0.45,none,0.0,
endurance,7,healthy,1992.0,78.46589441288367,78.4859394091029,611.097952173382,1523.2479755402337,66.68797219212935,29.964930868844267,6.088967300323676,0.28307236235821553,12.869790439128142,20.06416836582073,0.7378013349442173,3000.0,-4.5,0.45,none,0.0,
endurance,7,healthy,1993.0,78.46589441288367,78.8750859299095,615.6381101993252,1523.5433443949782,66.09781795880735,30.742372627626672,6.088967300323676,0.19547942049897932,12.913204211145917,20.31867601832496,0.7378013349442173,3000.0,-4.5,0.45,none,0.0,
endurance,7,healthy,1994.0,78.46589441288367,78.97490310308504,608.5015040208901,1527.8794280592786,66.58478954601975,30.934430574708404,6.088967300323676,0.18594601265606103,12.874407326734444,20.1051854027231,0.7378013349442173,3000.0,-4.5,0.45,none,0.0,
endurance,7,healthy,1995.0,78.46589441288367,78.96988048991746,619.5807610687968,1515.7598089073158,65.32987026201555,30.087241177936203,6.088967300323676,0.24404627095313786,12.95747021319089,19.739363202407883,0.7378013349442173,3000.0,-4.5,0.45,none,0.0,
endurance,7,healthy,1996.0,78.46589441288367,77.59766737961108,613.29143705658,1508.799520679985,66.1205703177583,29.782951118386304,6.088967300323676,0.19233171221587744,12.875042305380264,19.883459083377232,0.7378013349442173,3000.0,-4.5,0.45,none,0.0,
endurance,7,healthy,1997.0,78.46589441288367,78.61118045923078,611.9785109040727,1515.5630347110157,65.3569711709098,30.61232174701577,6.088967300323676,0.2707062188177681,12.912840873718835,20.04663080789639,0.7378013349442173,3000.0,-4.5,0.45,none,0.0,
endurance,7,healthy,1998.0,78.46589441288367,78.76174544548132,618.5380931317735,1514.0880745532893,66.29672778026129,30.58110371605232,6.088967300323676,0.17209924176230923,12.828292198649077,19.81155860073034,0.7378013349442173,3000.0,-4.5,0.45,none,0.0,
endurance,7,healthy,1999.0,78.46589441288367,79.37314117698251,613.6480850980839,1517.149334431182,66.81640550572106,30.339020194642412,6.088967300323676,0.25913484881875876,12.899955214061437,19.699264801898714,0.7378013349442173,3000.0,-4.5,0.45,none,0.0,
endurance,7,healthy,2000.0,78.46589441288367,78.13851704551873,615.2547309765534,1524.6641613511324,66.26370086993776,29.892142100563703,6.088967300323676,0.1412403941469746,12.97808930399484,20.141172030526576,0.7378013349442173,3000.0,-4.5,0.45,none,0.0,
endurance,7,healthy,2001.0,78.46589441288367,78.82913642792943,614.3692680387943,1527.6999201524745,66.10718477452887,30.304183763719017,6.088967300323676,0.22040784503894237,12.934488665202894,19.492649189992616,0.7378013349442173,3000.0,-4.5,0.45,none,0.0,
endurance,7,healthy,2002.0,78.46589441288367,78.06512926724645,613.2665160850225,1519.3491777729762,65.65731270580356,30.664107096136906,6.088967300323676,0.1992184262068387,12.924995726879388,19.64951634152358,0.7378013349442173,3000.0,-4.5,0.45,none,0.0,
endurance,7,healthy,2003.0,78.46589441288367,78.68575826618302,609.3579061024334,1521.068740635677,65.78012388690004,31.29110904976215,6.088967300323676,0.15756570283575505,12.884485891823227,19.93290842253645,0.7378013349442173,3000.0,-4.5,0.45,none,0.0,
endurance,7,healthy,2004.0,78.46589441288367,78.57124219639283,612.0313193607142,1516.5278966838744,65.65848148524755,30.43226403727936,6.088967300323676,0.1841838331797255,12.817516927121645,19.939452841360623,0.7378013349442173,3000.0,-4.5,0.45,none,0.0,
endurance,7,healthy,2005.0,78.46589441288367,78.92337500032956,616.8769583508215,1524.6857963324296,66.37247942574719,30.573560999398637,6.088967300323676,0.1903802494999216,12.884438877741959,19.73556587300758,0.7378013349442173,3000.0,-4.5,0.45,none,0.0,
endurance,7,healthy,2006.0,78.46589441288367,77.83272866850461,613.7064126309469,1513.529445711393,66.95085004602937,30.275438330846697,6.088967300323676,0.2348505429065668,12.921897898078562,19.80738070206259,0.7378013349442173,3000.0,-4.5,0.45,none,0.0,
endurance,7,healthy,2007.0,78.46589441288367,78.48314634489411,614.8698914366121,1521.9059568448836,66.91064098243673,30.4610389456626,6.088967300323676,0.22783674470770765,12.906477880417976,20.034800556645525,0.7378013349442173,3000.0,-4.5,0.45,none,0.0,
endurance,7,healthy,2008.0,78.46589441288367,78.52727948171695,610.6772927350187,1513.4528282351744,65.00302631320078,31.725145389438765,6.088967300323676,0.2666178343340268,12.981426478480342,19.95310698172371,0.7378013349442173,3000.0,-4.5,0.45,none,0.0,
endurance,7,healthy,2009.0,78.46589441288367,78.82996647731623,614.024167418093,1522.9680351218885,65.90476928508461,30.757901440764936,6.088967300323676,0.19712139660383562,12.905060575699252,19.684678819301297,0.7378013349442173,3000.0,-4.5,0.45,none,0.0,
endurance,7,healthy,2010.0,78.46589441288367,78.8027482247213,615.0284493864132,1524.0380713754034,66.6522348933899,30.43214815823072,6.088967300323676,0.11245391502338256,12.982506096510516,19.889012648631816,0.7378013349442173,3000.0,-4.5,0.45,none,0.0,
endurance,7,healthy,2011.0,78.46589441288367,78.83285322665428,613.0990688068647,1517.5372510405855,66.27036629866919,31.184009306384002,6.088967300323676,0.24402089369833396,13.049481026835618,19.934070641559337,0.7378013349442173,3000.0,-4.5,0.45,none,0.0,
endurance,7,healthy,2012.0,78.46589441288367,77.65096391007388,605.6621084527284,1518.2859167533397,66.88229387581579,31.03144743854306,6.088967300323676,0.16884557277010015,12.93667405986059,19.54495509620659,0.7378013349442173,3000.0,-4.5,0.45,none,0.0,
endurance,7,healthy,2013.0,78.46589441288367,77.66526090487513,608.4520325359778,1519.5296951402206,65.89360398484,29.655088026060138,6.088967300323676,0.18547737791169916,12.934837896648652,20.29438637954452,0.7378013349442173,3000.0,-4.5,0.45,none,0.0,
endurance,7,healthy,2014.0,78.46589441288367,78.95493292756666,609.1115211907962,1519.172158454029,66.06779409772848,30.632844078281874,6.088967300323676,0.20153985058465804,12.93216613078807,19.82760522821689,0.7378013349442173,3000.0,-4.5,0.45,none,0.0,
endurance,7,healthy,2015.0,78.46589441288367,78.89816963612884,609.7260950310181,1524.4942708656304,66.34636268612732,29.738348356488235,6.088967300323676,0.23649179583884794,12.88261779028917,20.010728362665162,0.7378013349442173,3000.0,-4.5,0.45,none,0.0,
endurance,7,healthy,2016.0,78.46589441288367,77.73905659534286,609.7323367890356,1515.067192836149,66.44397299739498,31.33743392633166,6.088967300323676,0.19251537114029252,12.866518366733954,20.08297610554528,0.7378013349442173,3000.0,-4.5,0.45,none,0.0,
endurance,7,healthy,2017.0,78.46589441288367,78.91762453739574,612.1019432499418,1522.056554971263,66.5152329677229,30.10528643254227,6.088967300323676,0.2204917164990171,12.934095793138397,20.07734935772342,0.7378013349442173,3000.0,-4.5,0.45,none,0.0,
endurance,7,healthy,2018.0,78.46589441288367,79.03691567717277,615.1719289166577,1519.911953414591,66.41349318511438,30.082488490248465,6.088967300323676,0.2225572023393368,12.811146998185155,19.89149794892986,0.7378013349442173,3000.0,-4.5,0.45,none,0.0,
endurance,7,healthy,2019.0,78.46589441288367,78.5172018229928,607.5521508640122,1522.8281408367404,66.96068891436623,29.882218285887127,6.088967300323676,0.19501350713372517,12.940008313558126,19.88185202919806,0.7378013349442173,3000.0,-4.5,0.45,none,0.0,
endurance,7,healthy,2020.0,78.46589441288367,78.41674063202042,610.4090206724902,1513.8590189304716,66.46044585580371,30.539908575441395,6.088967300323676,0.24337874374880433,12.958911445368713,19.887444614226023,0.7378013349442173,3000.0,-4.5,0.45,none,0.0,
endurance,7,healthy,2021.0,78.46589441288367,77.40581827628998,614.5825578671444,1522.599346658424,66.9253730188977,29.753642633322755,6.088967300323676,0.21567096678873202,12.872906732528545,20.3385684514218,0.7378013349442173,3000.0,-4.5,0.45,none,0.0,
endurance,7,healthy,2022.0,78.46589441288367,78.55010167628163,614.3207810179822,1515.4480890440382,65.74379975229073,31.874023459106997,6.088967300323676,0.17148791199021274,13.02751683910252,19.531004923541225,0.7378013349442173,3000.0,-4.5,0.45,none,0.0,
endurance,7,healthy,2023.0,78.46589441288367,77.60374207278146,609.1827888518663,1515.0425782695684,65.95843715801644,30.602862572318656,6.088967300323676,0.18113381274163193,12.935881724485442,19.988949141361754,0.7378013349442173,3000.0,-4.5,0.45,none,0.0,
endurance,7,healthy,2024.0,78.46589441288367,78.57610275007661,614.4602810503751,1518.496411495205,66.10444735467341,30.998508983539807,6.088967300323676,0.24025640142890625,12.94560650251491,19.92844206781882,0.7378013349442173,3000.0,-4.5,0.45,none,0.0,
endurance,7,healthy,2025.0,78.46589441288367,78.90240479690723,614.1928392717992,1523.967628298537,66.07513884417388,30.0901665007375,6.088967300323676,0.10423798095815134,12.950546072239625,20.046827797840013,0.7378013349442173,3000.0,-4.5,0.45,none,0.0,
endurance,7,healthy,2026.0,78.46589441288367,78.09519457353491,609.6871179800044,1514.9930119292678,65.94593206156455,30.754116708406162,6.088967300323676,0.2048130560149015,12.851177774696529,20.301887372579245,0.7378013349442173,3000.0,-4.5,0.45,none,0.0,
endurance,7,healthy,2027.0,78.46589441288367,78.58726320974112,614.3278774906094,1522.6618453110477,67.20281897306296,30.5771302353288,6.088967300323676,0.1155411721482212,13.032364932072811,19.597250789553417,0.7378013349442173,3000.0,-4.5,0.45,none,0.0,
endurance,7,healthy,2028.0,78.46589441288367,78.64742814406546,610.2903879704031,1517.4880007387621,66.42784038830494,29.853834333707056,6.088967300323676,0.22958390375803953,12.879024474994473,19.8197257828618,0.7378013349442173,3000.0,-4.5,0.45,none,0.0,
endurance,7,healthy,2029.0,78.46589441288367,78.77389904435765,615.8857308743827,1519.9661467931046,66.22867392212011,29.965291664530643,6.088967300323676,0.29403237008387906,12.882537112459232,19.649361817057223,0.7378013349442173,3000.0,-4.5,0.45,none,0.0,
endurance,7,healthy,2030.0,78.46589441288367,78.09101472496376,608.9547366221199,1529.6825665828007,66.18644012185337,30.066235589095854,6.088967300323676,0.21687693404013983,12.90248017891318,20.080945162115054,0.7378013349442173,3000.0,-4.5,0.45,none,0.0,
endurance,7,healthy,2031.0,78.46589441288367,78.57761613168314,618.1714594942093,1511.4230572122503,66.38465763827327,29.70163145758794,6.088967300323676,0.2673617806727614,12.842870904305638,19.506542104181563,0.7378013349442173,3000.0,-4.5,0.45,none,0.0,
endurance,7,healthy,2032.0,78.46589441288367,78.0409624987541,611.6070458058858,1522.7472364153352,66.23798733129019,29.9245923018445,6.088967300323676,0.28778151881504893,12.962204974453526,19.897933243304706,0.7378013349442173,3000.0,-4.5,0.45,none,0.0,
endurance,7,healthy,2033.0,78.46589441288367,78.42600462721109,614.2026189885095,1515.2786298392855,67.83212592139478,30.313671845979865,6.088967300323676,0.1423008955734536,12.930346347218567,19.939440870606372,0.7378013349442173,3000.0,-4.5,0.45,none,0.0,
endurance,7,healthy,2034.0,78.46589441288367,77.66460231152806,610.8579646322208,1519.1341881619726,65.43145505531795,30.450604494688616,6.088967300323676,0.2729000854323614,12.895548439437965,19.859353728959455,0.7378013349442173,3000.0,-4.5,0.45,none,0.0,
endurance,7,healthy,2035.0,78.46589441288367,79.0244965109166,612.4847681797677,1528.1494956308966,65.33806320638473,30.281494402636287,6.088967300323676,0.208875576528693,12.911685747508221,19.788171335294475,0.7378013349442173,3000.0,-4.5,0.45,none,0.0,
endurance,7,healthy,2036.0,78.46589441288367,77.32551075765454,617.6098143485816,1522.6214706462838,67.02321379889094,30.66690409716449,6.088967300323676,0.20747834319908698,12.940925489509024,20.12690093954254,0.7378013349442173,3000.0,-4.5,0.45,none,0.0,
endurance,7,healthy,2037.0,78.46589441288367,79.13779381687134,610.2474925908753,1521.515278466136,66.53410512108479,30.42070932815459,6.088967300323676,0.162933436132778,12.937829418920915,19.737707373600998,0.7378013349442173,3000.0,-4.5,0.45,none,0.0,
endurance,7,healthy,2038.0,78.46589441288367,77.93516113033171,616.474826206943,1523.2265983995385,66.0871033200632,30.0780355711586,6.088967300323676,0.18337382431694396,12.850747484785796,19.87886916383705,0.7378013349442173,3000.0,-4.5,0.45,none,0.0,
endurance,7,healthy,2039.0,78.46589441288367,78.43229130894285,619.6854354162111,1527.7887977341566,66.38170882215954,30.31524637451742,6.088967300323676,0.2236666819641773,12.996857069935404,19.910122918523882,0.7378013349442173,3000.0,-4.5,0.45,none,0.0,
endurance,7,healthy,2040.0,78.46589441288367,78.7822640916584,613.7648887492045,1524.9159968682857,66.64524307356005,30.469671567139297,6.088967300323676,0.16094879770371587,12.937751764086377,20.101179712950305,0.7378013349442173,3000.0,-4.5,0.45,none,0.0,
endurance,7,healthy,2041.0,78.46589441288367,79.24745896637114,610.4090896229128,1525.1883030381546,67.5096708402524,30.031391602491926,6.088967300323676,0.27473571726867363,13.012679858732499,20.11308524669365,0.7378013349442173,3000.0,-4.5,0.45,none,0.0,
endurance,7,healthy,2042.0,78.46589441288367,78.412893568552,613.2215207531023,1513.3679322699516,66.54197087787199,30.29352050246843,6.088967300323676,0.17028936025204972,12.923914818375842,19.90519793356871,0.7378013349442173,3000.0,-4.5,0.45,none,0.0,
endurance,7,healthy,2043.0,78.46589441288367,78.51657975322341,611.5043692318751,1510.8567534402337,66.64455735762003,29.72486002474181,6.088967300323676,0.19129305009955794,12.954663330925534,19.85312270390083,0.7378013349442173,3000.0,-4.5,0.45,none,0.0,
endurance,7,healthy,2044.0,78.46589441288367,78.64158290312791,612.9006801080959,1520.647919047234,66.20806295756334,30.086451247552773,6.088967300323676,0.1012763393988974,12.946143308509662,19.932037832846003,0.7378013349442173,3000.0,-4.5,0.45,none,0.0,
endurance,7,healthy,2045.0,78.46589441288367,78.90386258831512,612.1230640998627,1516.3669861870576,66.48351501775429,30.750765330206075,6.088967300323676,0.2086119247559819,12.896380068812256,20.307458813001485,0.7378013349442173,3000.0,-4.5,0.45,none,0.0,
endurance,7,healthy,2046.0,78.46589441288367,77.81931373042563,614.7014542711174,1515.1252498218355,66.45986019892705,30.32139510946938,6.088967300323676,0.14447866247035135,12.946494677673671,19.9131323474057,0.7378013349442173,3000.0,-4.5,0.45,none,0.0,
endurance,7,healthy,2047.0,78.46589441288367,78.39118362321449,615.0747733596464,1517.3675919907496,65.98309742017139,29.935310864265933,6.088967300323676,0.2180625598451368,12.871994530056279,19.934669961211217,0.7378013349442173,3000.0,-4.5,0.45,none,0.0,
endurance,7,healthy,2048.0,78.46589441288367,78.908317788273,615.512005240418,1523.088489168128,66.39227787631008,30.436269283566336,6.088967300323676,0.2633526990251021,12.896747063843243,20.100675486445525,0.7378013349442173,3000.0,-4.5,0.45,none,0.0,
endurance,7,healthy,2049.0,78.46589441288367,78.2715519456831,614.8762522703827,1518.556181286546,65.85998118622068,30.74067560799296,6.088967300323676,0.20042313128007533,12.843067934574204,20.07655526572447,0.7378013349442173,3000.0,-4.5,0.45,none,0.0,
endurance,7,healthy,2050.0,78.46589441288367,78.96822920838702,617.7923192487001,1523.3753709975472,65.684169397414,30.201048851869405,6.088967300323676,0.19526431790020696,12.845192739607542,19.808006147376375,0.7378013349442173,3000.0,-4.5,0.45,none,0.0,
endurance,7,healthy,2051.0,78.46589441288367,78.91509465111282,610.7898660865525,1516.1693710256438,66.54637003649113,30.95227803725354,6.088967300323676,0.231544320481112,12.876198144670642,20.172087742293087,0.7378013349442173,3000.0,-4.5,0.45,none,0.0,
endurance,7,healthy,2052.0,78.46589441288367,78.97650785800785,615.1479735303271,1514.3114832105573,66.45204600385597,30.743331381589794,6.088967300323676,0.16701154935041448,12.837952212087108,20.043227396321193,0.7378013349442173,3000.0,-4.5,0.45,none,0.0,
endurance,7,healthy,2053.0,78.46589441288367,78.89903811562789,619.688316756697,1522.4552180411622,65.87230510822279,30.301860501846107,6.088967300323676,0.269881953110015,13.026758193053205,20.09509484651017,0.7378013349442173,3000.0,-4.5,0.45,none,0.0,
endurance,7,healthy,2054.0,78.46589441288367,78.62282542343601,614.4145805763735,1524.7087624124806,65.42954191603332,30.30183091216804,6.088967300323676,0.21573818090119,12.896772473447204,20.381951643671187,0.7378013349442173,3000.0,-4.5,0.45,none,0.0,
endurance,7,healthy,2055.0,78.46589441288367,77.98779616626304,612.9795675508939,1519.4364584744014,65.53824914896532,30.59499654535304,6.088967300323676,0.2675874174107834,12.961701829460344,19.816021579046946,0.7378013349442173,3000.0,-4.5,0.45,none,0.0,
endurance,7,healthy,2056.0,78.46589441288367,79.51291032876996,612.3807629519464,1523.9503751416016,65.9288147867968,30.46345081440385,6.088967300323676,0.14031504900858233,12.874722518761915,20.391545188692778,0.7378013349442173,3000.0,-4.5,0.45,none,0.0,
endurance,7,healthy,2057.0,78.46589441288367,78.9133459343908,608.3923194481013,1522.28478702733,66.2294689093195,30.913734851072427,6.088967300323676,0.15724920027132738,13.00083482121272,20.058283385486217,0.7378013349442173,3000.0,-4.5,0.45,none,0.0,
endurance,7,healthy,2058.0,78.46589441288367,79.1311855856719,613.4709763253582,1514.340212337282,66.83031443642913,30.751558074401387,6.088967300323676,0.19681990695738308,12.83006741135544,19.874351243058882,0.7378013349442173,3000.0,-4.5,0.45,none,0.0,
endurance,7,healthy,2059.0,78.46589441288367,79.4225469632361,607.284873365233,1521.3143403750482,64.95410619546543,30.459121018652155,6.088967300323676,0.15934763339306302,12.909870539453662,20.14197713625058,0.7378013349442173,3000.0,-4.5,0.45,none,0.0,
endurance,7,healthy,2060.0,78.46589441288367,78.59806334999456,616.2033208795658,1512.227822515367,65.52899257006513,29.514479889957737,6.088967300323676,0.17514870410654365,12.934507374920175,20.206989131755115,0.7378013349442173,3000.0,-4.5,0.45,none,0.0,
endurance,7,healthy,2061.0,78.46589441288367,78.72034195766675,613.1751788805404,1523.8191329687002,65.7129090621478,30.818989009659575,6.088967300323676,0.1718571186928563,12.99232071547566,20.240546221509742,0.7378013349442173,3000.0,-4.5,0.45,none,0.0,
endurance,7,healthy,2062.0,78.46589441288367,78.18766265962735,614.9854138889714,1524.8850992637438,66.94176842705272,30.31605142742393,6.088967300323676,0.222062340987404,12.927171788693148,20.0186303407394,0.7378013349442173,3000.0,-4.5,0.45,none,0.0,
endurance,7,healthy,2063.0,78.46589441288367,78.22897438572507,611.4365075368302,1526.508125641779,66.66883938787697,30.360609985253717,6.088967300323676,0.19424050476077648,12.943293534057972,20.04760208437863,0.7378013349442173,3000.0,-4.5,0.45,none,0.0,
endurance,7,healthy,2064.0,78.46589441288367,78.66412703885544,611.3824989808836,1507.8742839566528,66.89970044216516,30.99342103551104,6.088967300323676,0.10565352076586823,12.901998165760743,20.147391415407245,0.7378013349442173,3000.0,-4.5,0.45,none,0.0,
endurance,7,healthy,2065.0,78.46589441288367,79.48791510425916,621.0111934805125,1522.9325778877273,66.6714352608644,30.24665249588215,6.088967300323676,0.23959719680175914,12.877919359353141,20.08647088682546,0.7378013349442173,3000.0,-4.5,0.45,none,0.0,
endurance,7,healthy,2066.0,78.46589441288367,78.18801707374412,615.7972543887942,1524.0318142296785,66.18140223657016,30.324278310862688,6.088967300323676,0.09256919430374755,12.97350305578864,19.991835815663606,0.7378013349442173,3000.0,-4.5,0.45,none,0.0,
endurance,7,healthy,2067.0,78.46589441288367,77.78872191994654,611.8637707819083,1516.5237806585656,65.96022962232331,31.035877118639128,6.088967300323676,0.2561123216314653,12.916765729879417,20.06307399908926,0.7378013349442173,3000.0,-4.5,0.45,none,0.0,
endurance,7,healthy,2068.0,78.46589441288367,78.28891470747254,615.198062036757,1520.3599340928406,66.84513491240979,30.585115484351565,6.088967300323676,0.16850977917558937,12.973720403555648,20.08400154354821,0.7378013349442173,3000.0,-4.5,0.45,none,0.0,
endurance,7,healthy,2069.0,78.46589441288367,78.67900505394925,620.6793974060744,1523.105096668519,66.46627135771928,30.13150937484989,6.088967300323676,0.10904598761923903,12.979575106341251,19.586168713084323,0.7378013349442173,3000.0,-4.5,0.45,none,0.0,
endurance,7,healthy,2070.0,78.46589441288367,77.86751980954556,611.2552012751437,1517.996414120305,65.46295038486983,30.88045674328991,6.088967300323676,0.13694822093798747,12.985854650667479,19.339595685073544,0.7378013349442173,3000.0,-4.5,0.45,none,0.0,
endurance,7,healthy,2071.0,78.46589441288367,78.20737425754963,607.2443972998543,1517.5948197053651,66.64485334734559,30.95303434418369,6.088967300323676,0.24916773799338654,12.840494159384956,20.046376505264465,0.7378013349442173,3000.0,-4.5,0.45,none,0.0,
endurance,7,healthy,2072.0,78.46589441288367,78.68325904182012,615.6832499183843,1511.3737226912808,66.59004535604222,29.784575875227905,6.088967300323676,0.23663595645610602,12.981654224630686,20.022218285702113,0.7378013349442173,3000.0,-4.5,0.45,none,0.0,
endurance,7,healthy,2073.0,78.46589441288367,78.12506586347074,614.7972734912097,1517.8643518204562,67.02294783194489,30.333905973359858,6.088967300323676,0.2809484682013352,12.952911529842217,19.90647176136596,0.7378013349442173,3000.0,-4.5,0.45,none,0.0,
endurance,7,healthy,2074.0,78.46589441288367,78.89023159509702,610.9255265556042,1521.0612303981295,66.47777377607368,30.045532587910802,6.088967300323676,0.2145058330436359,12.966138626808688,19.958364501644265,0.7378013349442173,3000.0,-4.5,0.45,none,0.0,
endurance,7,healthy,2075.0,78.46589441288367,78.36885499548272,607.8765104844734,1521.9707647428588,66.06975943707101,30.487475264963223,6.088967300323676,0.2053980422865094,12.862462498257813,20.171814105802255,0.7378013349442173,3000.0,-4.5,0.45,none,0.0,
endurance,7,healthy,2076.0,78.46589441288367,78.99119920259237,611.0837404031749,1518.3732933264876,65.25035303278321,30.698815979051577,6.088967300323676,0.20091318097791727,12.880615576300732,19.858331667608084,0.7378013349442173,3000.0,-4.5,0.45,none,0.0,
endurance,7,healthy,2077.0,78.46589441288367,78.61359530093046,617.698002173795,1524.5170166320227,66.61057183603182,30.571490557228323,6.088967300323676,0.21558492043197403,12.982920011349345,20.11674540732873,0.7378013349442173,3000.0,-4.5,0.45,none,0.0,
endurance,7,healthy,2078.0,78.46589441288367,78.22684527177086,610.0117696670783,1516.330965120801,66.4434158055085,31.046928909303123,6.088967300323676,0.20991080669677986,12.877224012740978,19.845442653857518,0.7378013349442173,3000.0,-4.5,0.45,none,0.0,
endurance,7,healthy,2079.0,78.46589441288367,78.46896901519355,613.1243091953164,1519.9586312339743,66.24755558726454,29.523148614009212,6.088967300323676,0.2330271373205366,12.95665441822602,20.419603066550177,0.7378013349442173,3000.0,-4.5,0.45,none,0.0,
endurance,7,healthy,2080.0,78.46589441288367,79.49441688523518,616.1436091919186,1525.1441258240966,65.72614485583154,30.588339075795574,6.088967300323676,0.20054875135024863,12.85993350559611,20.063194684956223,0.7378013349442173,3000.0,-4.5,0.45,none,0.0,
endurance,7,healthy,2081.0,78.46589441288367,77.80228003541885,610.158438340539,1518.1059685482387,66.05036643283916,30.21487087588549,6.088967300323676,0.20244087586727277,12.870896226803193,19.821245273990197,0.7378013349442173,3000.0,-4.5,0.45,none,0.0,
endurance,7,healthy,2082.0,78.46589441288367,77.97958722131918,617.3893876705673,1519.1240973211577,66.33789145861981,30.77310694505358,6.088967300323676,0.26940523435416375,12.84379445976833,20.067843012099683,0.7378013349442173,3000.0,-4.5,0.45,none,0.0,
endurance,7,healthy,2083.0,78.46589441288367,79.37711886373242,609.7177347778821,1522.978865737725,66.01524101064557,31.19939063806889,6.088967300323676,0.18441980065165411,12.926020356387271,19.83746392934431,0.7378013349442173,3000.0,-4.5,0.45,none,0.0,
endurance,7,healthy,2084.0,78.46589441288367,78.12928379436089,619.4125722727714,1530.141468102477,65.96129596459402,30.370604507479445,6.088967300323676,0.3200737383774035,12.97333234183612,19.860940627142718,0.7378013349442173,3000.0,-4.5,0.45,none,0.0,
endurance,7,healthy,2085.0,78.46589441288367,78.51152783673707,612.7121688627715,1516.7808366446343,65.92283664322203,30.631395145414277,6.088967300323676,0.20041408395566734,12.91043391607329,19.969689962753698,0.7378013349442173,3000.0,-4.5,0.45,none,0.0,
endurance,7,healthy,2086.0,78.46589441288367,78.52822236742222,607.9587908830634,1522.861458254572,67.22188837222147,29.708704253372222,6.088967300323676,0.23240661958375414,12.964085343588556,20.2462285525523,0.7378013349442173,3000.0,-4.5,0.45,none,0.0,
endurance,7,healthy,2087.0,78.46589441288367,78.11353269481509,612.5342487031625,1517.9358260848865,66.48789932444622,31.21685190151218,6.088967300323676,0.16049871576746555,13.004256502668252,19.625615137044793,0.7378013349442173,3000.0,-4.5,0.45,none,0.0,
endurance,7,healthy,2088.0,78.46589441288367,77.74626044064355,604.5053396242333,1521.4127574850036,66.09592993870992,31.11682812158896,6.088967300323676,0.19983669067306248,13.02645610456983,20.12836310780146,0.7378013349442173,3000.0,-4.5,0.45,none,0.0,
endurance,7,healthy,2089.0,78.46589441288367,78.14451520467546,612.507200983709,1519.5951606852998,66.12207747236131,31.10054247503827,6.088967300323676,0.229499086674671,13.00827726993481,19.788656179052065,0.7378013349442173,3000.0,-4.5,0.45,none,0.0,
endurance,7,healthy,2090.0,78.46589441288367,78.20868854080301,610.7310045851391,1519.5622497968761,66.06104893337894,30.107396874160425,6.088967300323676,0.22777121494969377,12.872129924001111,19.528569521836435,0.7378013349442173,3000.0,-4.5,0.45,none,0.0,
endurance,7,healthy,2091.0,78.46589441288367,78.07882708611022,619.9602538926634,1525.2879215693433,65.58176092774481,29.55868770655046,6.088967300323676,0.20643540809521985,12.898539062856957,20.05860299818077,0.7378013349442173,3000.0,-4.5,0.45,none,0.0,
endurance,7,healthy,2092.0,78.46589441288367,77.93975912001731,619.0328126988661,1522.6050798150363,66.26083357366805,30.018780701743754,6.088967300323676,0.1500036467614348,12.890471421178617,19.78669471742366,0.7378013349442173,3000.0,-4.5,0.45,none,0.0,
endurance,7,healthy,2093.0,78.46589441288367,78.34323785636334,614.1093020012687,1514.5966925984694,65.34794479520522,31.147960481235955,6.088967300323676,0.161260863984842,12.90982630758358,19.742333873116888,0.7378013349442173,3000.0,-4.5,0.45,none,0.0,
endurance,7,healthy,2094.0,78.46589441288367,78.4384738929148,612.0035730500279,1513.072636792391,66.0514260975938,30.637351208772603,6.088967300323676,0.24947753585356613,12.987121673743186,20.099681702881437,0.7378013349442173,3000.0,-4.5,0.45,none,0.0,
endurance,7,healthy,2095.0,78.46589441288367,78.71152875038915,615.8879601639652,1514.973462038555,65.84936836818243,31.14534908096149,6.088967300323676,0.2664184595490771,12.944372802647727,20.275557081578874,0.7378013349442173,3000.0,-4.5,0.45,none,0.0,
endurance,7,healthy,2096.0,78.46589441288367,78.05591950489602,612.9193278197172,1529.8759771330283,66.66487753655346,30.71569776103598,6.088967300323676,0.1849493086875724,12.876988764717785,20.148408173796337,0.7378013349442173,3000.0,-4.5,0.45,none,0.0,
endurance,7,healthy,2097.0,78.46589441288367,78.82526432264487,608.1771537565826,1518.8260195741045,66.55573313126101,31.031278050966986,6.088967300323676,0.1720433275145676,12.95763491522156,19.980081637979655,0.7378013349442173,3000.0,-4.5,0.45,none,0.0,
endurance,7,healthy,2098.0,78.46589441288367,78.8484290421131,613.4183938310185,1524.0093833259173,66.18706193872576,29.919202518720738,6.088967300323676,0.22873949942083072,12.914865652294024,20.013565172927834,0.7378013349442173,3000.0,-4.5,0.45,none,0.0,
endurance,7,healthy,2099.0,78.46589441288367,78.76691384266236,612.5163473171563,1522.7640698658697,66.86455693800345,30.52730739894894,6.088967300323676,0.1307182953931365,12.92497813670414,20.16665889862817,0.7378013349442173,3000.0,-4.5,0.45,none,0.0,
endurance,7,healthy,2100.0,78.46589441288367,77.08050800710546,607.1226385955514,1513.2595124377644,65.9869844828152,30.049033700225856,6.088967300323676,0.1563359695958421,12.925571872460141,20.070481093103997,0.7378013349442173,3000.0,-4.5,0.45,none,0.0,
endurance,7,healthy,2101.0,78.46589441288367,77.92264754270772,612.2388164711728,1520.6145554302107,66.05031231737733,29.95585299244556,6.088967300323676,0.18093196964114994,12.891226246327912,19.818626470419705,0.7378013349442173,3000.0,-4.5,0.45,none,0.0,
endurance,7,healthy,2102.0,78.46589441288367,78.55399173151379,609.5186692865464,1515.6068596996727,66.77565838478345,31.14432276540271,6.088967300323676,0.19036318963018198,12.91933639898182,19.84402220516216,0.7378013349442173,3000.0,-4.5,0.45,none,0.0,
endurance,7,healthy,2103.0,78.46589441288367,78.97297190955281,608.6528156113161,1515.618019434378,65.75627757683378,29.465353510636177,6.088967300323676,0.055728438755926674,12.985652671818158,20.021108892326424,0.7378013349442173,3000.0,-4.5,0.45,none,0.0,
endurance,7,healthy,2104.0,78.46589441288367,78.4461080280849,612.3551763031685,1520.670830512664,65.75256851358787,31.281550121985,6.088967300323676,0.203881118973696,12.9075839763461,19.937096814061505,0.7378013349442173,3000.0,-4.5,0.45,none,0.0,
endurance,7,healthy,2105.0,78.46589441288367,78.97656486047485,610.703066337234,1518.0323772139786,65.57678552451753,29.703936639787752,6.088967300323676,0.3139754724502166,12.851781716589054,20.046994482359047,0.7378013349442173,3000.0,-4.5,0.45,none,0.0,
endurance,7,healthy,2106.0,78.46589441288367,78.60651692435303,616.2539387899766,1510.5053790719992,67.05215881052511,30.51158271097713,6.088967300323676,0.2714002325661158,12.923747181822986,20.298302638275914,0.7378013349442173,3000.0,-4.5,0.45,none,0.0,
endurance,7,healthy,2107.0,78.46589441288367,78.60321763674987,613.2195027528537,1524.6522511878213,66.3354987285968,30.550668884343512,6.088967300323676,0.22424348210544234,12.914536574449947,20.13236722327064,0.7378013349442173,3000.0,-4.5,0.45,none,0.0,
endurance,7,healthy,2108.0,78.46589441288367,78.26394158717473,612.4017109966918,1516.430177144086,65.7781473102228,29.99099500776801,6.088967300323676,0.25956890505676,12.913781551515946,20.288039085080158,0.7378013349442173,3000.0,-4.5,0.45,none,0.0,
endurance,7,healthy,2109.0,78.46589441288367,78.82789259203442,616.065850286655,1520.4074095555761,66.81393954421068,31.108918520262154,6.088967300323676,0.09957460128704346,12.861197530715186,20.13407300811078,0.7378013349442173,3000.0,-4.5,0.45,none,0.0,
endurance,7,healthy,2110.0,78.46589441288367,79.33823009926282,615.2865239915369,1515.3986514951825,66.74307094708617,31.084625191614045,6.088967300323676,0.19741195822085503,12.9523597018974,20.196003520246602,0.7378013349442173,3000.0,-4.5,0.45,none,0.0,
endurance,7,healthy,2111.0,78.46589441288367,78.66482263332047,609.6788120482911,1515.8235801527965,66.1879831338598,29.925272980465166,6.088967300323676,0.23581615414857024,12.77031212431962,20.063012816000015,0.7378013349442173,3000.0,-4.5,0.45,none,0.0,
endurance,7,healthy,2112.0,78.46589441288367,78.73105034292927,610.1814067548628,1520.7993682543995,66.3208566204777,29.69081414751515,6.088967300323676,0.21458504528416172,12.941085447802347,19.798309207960962,0.7378013349442173,3000.0,-4.5,0.45,none,0.0,
endurance,7,healthy,2113.0,78.46589441288367,78.92002053698612,612.1222996640837,1521.1676137858863,66.08994917575542,30.187929657656355,6.088967300323676,0.16106219735925098,12.915844982568997,19.90142243640844,0.7378013349442173,3000.0,-4.5,0.45,none,0.0,
endurance,7,healthy,2114.0,78.46589441288367,78.47269340476419,614.5226823614613,1509.8076033992447,65.79507131398343,30.29620867913955,6.088967300323676,0.2253073774572249,12.900960704789167,19.95972452309752,0.7378013349442173,3000.0,-4.5,0.45,none,0.0,
endurance,7,healthy,2115.0,78.46589441288367,78.31335000256139,617.4869802575649,1519.2940520252191,67.00958560523829,30.724610590966154,6.088967300323676,0.08506691220053242,12.870895338006203,19.99029948034288,0.7378013349442173,3000.0,-4.5,0.45,none,0.0,
endurance,7,healthy,2116.0,78.46589441288367,79.24318731142252,611.2732579149786,1518.558627938257,65.87795806907491,30.690641524375216,6.088967300323676,0.1548583438094265,12.941209449343539,20.114244818338385,0.7378013349442173,3000.0,-4.5,0.45,none,0.0,
endurance,7,healthy,2117.0,78.46589441288367,77.8662064106213,617.6228090498253,1515.8513061319757,65.62842191820384,30.67388067665224,6.088967300323676,0.2590566151992332,12.87474263751703,19.957140887085526,0.7378013349442173,3000.0,-4.5,0.45,none,0.0,
endurance,7,healthy,2118.0,78.46589441288367,77.65179089742009,608.4909977016002,1523.3852270016432,65.98373310245157,30.358808339140854,6.088967300323676,0.15984550079637894,12.920046925009999,19.93785921867335,0.7378013349442173,3000.0,-4.5,0.45,none,0.0,
endurance,7,healthy,2119.0,78.46589441288367,78.61755968278237,614.8187386963936,1519.8671516280967,65.43620873780166,31.674822235773554,6.088967300323676,0.155136391006845,12.875874889710309,20.208419560161186,0.7378013349442173,3000.0,-4.5,0.45,none,0.0,
endurance,7,healthy,2120.0,78.46589441288367,77.9731969860029,613.8670690914645,1526.5990272554263,65.88714692298404,30.330865819439097,6.088967300323676,0.2093234225209322,12.864268773334603,19.966021444033295,0.7378013349442173,3000.0,-4.5,0.45,none,0.0,
endurance,7,healthy,2121.0,78.46589441288367,77.53657068117295,616.2870404346888,1515.87762986037,66.06119660325759,29.86018296023567,6.088967300323676,0.2754914599129184,12.95141404243404,20.2754396909958,0.7378013349442173,3000.0,-4.5,0.45,none,0.0,
endurance,7,healthy,2122.0,78.46589441288367,78.58761314906322,614.5329908959736,1525.900707022686,67.14567066649415,30.267321730903213,6.088967300323676,0.14615701094795697,12.946275588358843,20.004058055370052,0.7378013349442173,3000.0,-4.5,0.45,none,0.0,
endurance,7,healthy,2123.0,78.46589441288367,79.330811696462,609.1669613808474,1509.1909228886805,66.35180195268454,30.51722407877245,6.088967300323676,0.1551258535219705,12.951707607588917,20.02450546611306,0.7378013349442173,3000.0,-4.5,0.45,none,0.0,
endurance,7,healthy,2124.0,78.46589441288367,78.33033665049037,613.2081324565506,1517.828851593121,66.67721259358333,30.31257996804906,6.088967300323676,0.1802737907144729,12.881857929023747,20.039734428935706,0.7378013349442173,3000.0,-4.5,0.45,none,0.0,
endurance,7,healthy,2125.0,78.46589441288367,77.64516991526739,615.5413652037029,1515.215201240519,66.52964972078377,30.520132924780146,6.088967300323676,0.16099720827072153,12.966827623296329,19.7790401734355,0.7378013349442173,3000.0,-4.5,0.45,none,0.0,
endurance,7,healthy,2126.0,78.46589441288367,77.80918931875667,611.1533457387417,1511.3789547506249,66.98523378334178,30.131678719412022,6.088967300323676,0.2031169613135648,12.896407376551382,20.409551039376478,0.7378013349442173,3000.0,-4.5,0.45,none,0.0,
endurance,7,healthy,2127.0,78.46589441288367,78.6390171259545,613.8549876115767,1516.8500460995033,66.11218944590776,29.418819773036233,6.088967300323676,0.15016508171001916,12.810328153142834,19.967649157265413,0.7378013349442173,3000.0,-4.5,0.45,none,0.0,
endurance,7,healthy,2128.0,78.46589441288367,78.17699558163798,607.3389677990805,1517.881077040106,66.7638680973389,30.55412393262343,6.088967300323676,0.20819024341706302,12.93490258339042,19.71029737970266,0.7378013349442173,3000.0,-4.5,0.45,none,0.0,
endurance,7,healthy,2129.0,78.46589441288367,78.5057373979144,620.8823507186246,1523.8919960544126,66.50145634062358,30.67298657926374,6.088967300323676,0.23048495502788158,12.85751942445438,20.09614994802374,0.7378013349442173,3000.0,-4.5,0.45,none,0.0,
endurance,7,healthy,2130.0,78.46589441288367,78.7847875831767,610.2678969271174,1517.981587964948,65.95746025455512,30.349630865869692,6.088967300323676,0.21240317339170922,12.859948776864094,20.10855226675665,0.7378013349442173,3000.0,-4.5,0.45,none,0.0,
endurance,7,healthy,2131.0,78.46589441288367,78.98299378124952,613.2894575585609,1520.9110993303732,65.94338579842295,30.586682447688375,6.088967300323676,0.09585107313460306,12.911919877080262,19.676229665216937,0.7378013349442173,3000.0,-4.5,0.45,none,0.0,
endurance,7,healthy,2132.0,78.46589441288367,77.88976359426934,617.377919638549,1521.4399905478476,66.30085620603762,30.22018609833304,6.088967300323676,0.3101525668334028,12.910316720717463,19.896025848905623,0.7378013349442173,3000.0,-4.5,0.45,none,0.0,
endurance,7,healthy,2133.0,78.46589441288367,79.08133134870509,608.4679957673129,1526.8395961296803,66.24766645134298,31.148574729740332,6.088967300323676,0.16476518338692273,12.862411726068611,20.220961687758432,0.7378013349442173,3000.0,-4.5,0.45,none,0.0,
endurance,7,healthy,2134.0,78.46589441288367,78.26466196173793,610.7822021237063,1512.7080360292987,65.85013009074547,29.95115372633187,6.088967300323676,0.15692163383274288,12.858136032846401,19.770598137920555,0.7378013349442173,3000.0,-4.5,0.45,none,0.0,
endurance,7,healthy,2135.0,78.46589441288367,77.99178465870303,614.9746088543814,1522.8962216880234,66.65090329833515,30.43872267506582,6.088967300323676,0.16497533434359157,12.893019162596481,20.208764225832688,0.7378013349442173,3000.0,-4.5,0.45,none,0.0,
endurance,7,healthy,2136.0,78.46589441288367,78.2016329239883,608.360639512969,1522.2094400539631,66.53125488995167,30.55207358456898,6.088967300323676,0.13402502400184646,12.97123544530687,20.01084328416944,0.7378013349442173,3000.0,-4.5,0.45,none,0.0,
endurance,7,healthy,2137.0,78.46589441288367,78.7968398007031,615.6041185231728,1519.3022708900949,65.70473877982597,31.259971509122536,6.088967300323676,0.1405317685129041,12.95269148038021,19.7014694929881,0.7378013349442173,3000.0,-4.5,0.45,none,0.0,
endurance,7,healthy,2138.0,78.46589441288367,77.17079040829523,611.1780954709432,1517.8775524166194,65.82610463945653,31.04471717186864,6.088967300323676,0.1894013269506174,12.967938292807837,20.086571856768867,0.7378013349442173,3000.0,-4.5,0.45,none,0.0,
endurance,7,healthy,2139.0,78.46589441288367,77.76516012846928,617.4210207567457,1509.817610521597,66.71058837510873,30.740834773824893,6.088967300323676,0.27412294715528146,12.934944760373062,19.450511555600716,0.7378013349442173,3000.0,-4.5,0.45,none,0.0,
endurance,7,healthy,2140.0,78.46589441288367,78.5671708945663,614.525898710543,1512.9869624225114,66.38915006896545,31.522318045483157,6.088967300323676,0.20530846857542134,12.908012590822201,20.094559736350778,0.7378013349442173,3000.0,-4.5,0.45,none,0.0,
endurance,7,healthy,2141.0,78.46589441288367,77.96767745234473,609.4709231235508,1522.753754985881,66.29044739790663,30.44481378893955,6.088967300323676,0.2017042830875527,12.94409341059089,20.241793801761965,0.7378013349442173,3000.0,-4.5,0.45,none,0.0,
endurance,7,healthy,2142.0,78.46589441288367,79.00688240962907,613.1327462859289,1522.751748454679,66.45013602162676,30.103114815662767,6.088967300323676,0.13769104074142127,12.884516102917898,20.063039102644613,0.7378013349442173,3000.0,-4.5,0.45,none,0.0,
endurance,7,healthy,2143.0,78.46589441288367,78.250787635707,606.713675345875,1514.0811127537518,65.62134062053651,31.045162151218967,6.088967300323676,0.18451717828366776,12.87904476172488,19.770910247597932,0.7378013349442173,3000.0,-4.5,0.45,none,0.0,
endurance,7,healthy,2144.0,78.46589441288367,79.21652402920361,613.0916452683596,1523.237252025424,65.78899990685385,30.115625919601865,6.088967300323676,0.20896099040200128,12.94638726818646,20.106162655042578,0.7378013349442173,3000.0,-4.5,0.45,none,0.0,
endurance,7,healthy,2145.0,78.46589441288367,78.72117196331035,612.6806162955216,1516.4452611967013,66.18296296702663,30.360794376726687,6.088967300323676,0.22916231833445466,12.924753315576536,19.892640870885003,0.7378013349442173,3000.0,-4.5,0.45,none,0.0,
endurance,7,healthy,2146.0,78.46589441288367,78.38032882207577,611.530498814468,1521.1747686497615,66.62285708477162,30.189467034645666,6.088967300323676,0.19100090634038558,12.862691735879512,20.23945276185094,0.7378013349442173,3000.0,-4.5,0.45,none,0.0,
endurance,7,healthy,2147.0,78.46589441288367,78.59235083876293,612.1631799195866,1520.1636412813864,65.32330089630851,30.464477860094803,6.088967300323676,0.29673937023275276,12.954532650139127,20.057784588112323,0.7378013349442173,3000.0,-4.5,0.45,none,0.0,
endurance,7,healthy,2148.0,78.46589441288367,78.48688839922522,610.3139495571093,1521.4451411668363,65.37674871047871,29.982471076450768,6.088967300323676,0.15662131228364798,12.943618703358572,19.408383286173457,0.7378013349442173,3000.0,-4.5,0.45,none,0.0,
endurance,7,healthy,2149.0,78.46589441288367,78.29380168264055,612.0274766992625,1525.210745569492,66.05669514511118,30.855302089559352,6.088967300323676,0.18785999070588671,12.944207061730145,19.89282270349969,0.7378013349442173,3000.0,-4.5,0.45,none,0.0,
endurance,7,healthy,2150.0,78.46589441288367,77.93000118430079,611.005433769659,1518.3344532325514,66.15935899069383,30.92437237743337,6.088967300323676,0.19116691335200736,12.894884433862217,20.009666366079184,0.7378013349442173,3000.0,-4.5,0.45,none,0.0,
endurance,7,healthy,2151.0,78.46589441288367,78.21093448227876,610.7872167589438,1530.5609083012484,65.41601657137446,30.603850730338745,6.088967300323676,0.1871208458365919,13.005318722738428,20.027519465619825,0.7378013349442173,3000.0,-4.5,0.45,none,0.0,
endurance,7,healthy,2152.0,78.46589441288367,78.02663405272405,609.8474590699188,1517.9179615377964,65.71505899963333,31.118393624650526,6.088967300323676,0.14709664499829175,12.93815628420219,19.988297483806207,0.7378013349442173,3000.0,-4.5,0.45,none,0.0,
endurance,7,healthy,2153.0,78.46589441288367,78.60672829021374,610.995980266488,1521.20788103996,66.39929495402156,31.085059913210838,6.088967300323676,0.12202198653754237,12.902996672495162,20.264307214560485,0.7378013349442173,3000.0,-4.5,0.45,none,0.0,
endurance,7,healthy,2154.0,78.46589441288367,77.87441833720489,615.5272177800831,1525.042776161342,66.91872941548816,30.97159706711603,6.088967300323676,0.19917546071777933,12.991874659961702,20.305196770156815,0.7378013349442173,3000.0,-4.5,0.45,none,0.0,
endurance,7,healthy,2155.0,78.46589441288367,79.03670689443379,613.4597158200226,1522.1436646763293,67.13499494153054,30.751605464563685,6.088967300323676,0.16232479957481866,12.904657321743406,19.6737964450437,0.7378013349442173,3000.0,-4.5,0.45,none,0.0,
endurance,7,healthy,2156.0,78.46589441288367,78.33740121075607,613.736279130941,1515.8289286217027,66.70842204389254,29.41008879844573,6.088967300323676,0.15485556651752766,12.872745610637665,20.054087144251252,0.7378013349442173,3000.0,-4.5,0.45,none,0.0,
endurance,7,healthy,2157.0,78.46589441288367,78.66044113795085,614.7628761140902,1517.257616547761,65.85989440107826,31.23843019488982,6.088967300323676,0.14641519368669742,12.963879243031233,20.19837444317844,0.7378013349442173,3000.0,-4.5,0.45,none,0.0,
endurance,7,healthy,2158.0,78.46589441288367,78.35543405330952,610.2919959180578,1513.4640665973002,66.31991653541799,30.86804649042058,6.088967300323676,0.16036576325299096,12.810840348065268,19.94566055220598,0.7378013349442173,3000.0,-4.5,0.45,none,0.0,
endurance,7,healthy,2159.0,78.46589441288367,78.45741781750876,618.5409127120904,1523.0315720710225,65.81878113178495,30.6992748238178,6.088967300323676,0.1295691578995259,12.870445036414841,19.927000695643237,0.7378013349442173,3000.0,-4.5,0.45,none,0.0,
endurance,7,healthy,2160.0,78.46589441288367,78.89345688980369,613.2942032184354,1509.6023185186673,66.16740325655687,31.078395847463547,6.088967300323676,0.18927165362980147,12.989409922539934,20.067454150754468,0.7378013349442173,3000.0,-4.5,0.45,none,0.0,
endurance,7,healthy,2161.0,78.46589441288367,77.78569439622638,618.3586509201368,1516.8033752886226,66.71763776941314,29.918098115696345,6.088967300323676,0.23414242190806983,12.939455259310272,19.93040777254797,0.7378013349442173,3000.0,-4.5,0.45,none,0.0,
endurance,7,healthy,2162.0,78.46589441288367,77.97533983726981,612.8299338184935,1521.409563003248,67.10055762791644,30.54718601620398,6.088967300323676,0.23989721518894097,12.947104739687274,19.865194522490807,0.7378013349442173,3000.0,-4.5,0.45,none,0.0,
endurance,7,healthy,2163.0,78.46589441288367,79.04772898649098,616.1138002801218,1523.4092604876303,65.80717793648897,30.943076465787012,6.088967300323676,0.23370471371047682,12.91149417329055,20.146330816138537,0.7378013349442173,3000.0,-4.5,0.45,none,0.0,
endurance,7,healthy,2164.0,78.46589441288367,78.45889649467358,612.6750668549814,1513.5048580888727,65.66573280297064,29.772188989158664,6.088967300323676,0.22095661439061595,12.853425233280008,19.888364477199087,0.7378013349442173,3000.0,-4.5,0.45,none,0.0,
endurance,7,healthy,2165.0,78.46589441288367,78.31275350598685,613.8863959907918,1521.3115009335365,65.93508303339574,30.429255425231215,6.088967300323676,0.15154113378512152,13.075038741564573,20.128074654769083,0.7378013349442173,3000.0,-4.5,0.45,none,0.0,
endurance,7,healthy,2166.0,78.46589441288367,78.88784158492103,608.8031937914909,1515.1719742969233,66.37866098640296,30.591465805792904,6.088967300323676,0.16545448429135523,12.886907715513495,20.092063966878722,0.7378013349442173,3000.0,-4.5,0.45,none,0.0,
endurance,7,healthy,2167.0,78.46589441288367,78.20471848831103,617.0781276698887,1516.7508950506265,65.99835142481608,30.98666664029434,6.088967300323676,0.22282818452312972,12.97777402006119,20.056326990512407,0.7378013349442173,3000.0,-4.5,0.45,none,0.0,
endurance,7,healthy,2168.0,78.46589441288367,77.95660649828372,613.8341743806398,1506.2310650100867,65.81505320490957,30.52776492342549,6.088967300323676,0.23101115792163873,12.929957715109474,20.442005740795164,0.7378013349442173,3000.0,-4.5,0.45,none,0.0,
endurance,7,healthy,2169.0,78.46589441288367,79.40823419208728,612.5190270099235,1520.944244123193,66.76178472665801,30.64172037108242,6.088967300323676,0.16400670625658192,12.95829460457645,19.99114206536506,0.7378013349442173,3000.0,-4.5,0.45,none,0.0,
endurance,7,healthy,2170.0,78.46589441288367,78.67819020731608,610.6260635714659,1519.9082437882894,66.46403187371611,31.404033405836643,6.088967300323676,0.18203292181167058,12.910937714920646,20.006135041364004,0.7378013349442173,3000.0,-4.5,0.45,none,0.0,
endurance,7,healthy,2171.0,78.46589441288367,78.23759200216787,613.9435383551479,1515.320430152864,66.02970366573363,30.40444927967883,6.088967300323676,0.1695838334187739,12.976399327870146,20.00485218600242,0.7378013349442173,3000.0,-4.5,0.45,none,0.0,
endurance,7,healthy,2172.0,78.46589441288367,78.41605865842367,612.0244351778874,1525.2005702279705,66.3815687840298,30.73061303912533,6.088967300323676,0.2526831370329348,12.988165857499776,19.622296608702044,0.7378013349442173,3000.0,-4.5,0.45,none,0.0,
endurance,7,healthy,2173.0,78.46589441288367,78.570381531221,615.7118752397308,1518.429075303357,66.0705920887505,30.712309896908433,6.088967300323676,0.2697952965663259,12.868212910647854,19.847345759848384,0.7378013349442173,3000.0,-4.5,0.45,none,0.0,
endurance,7,healthy,2174.0,78.46589441288367,78.90189558750573,614.1248813110374,1522.7086683829343,66.24352161484799,31.802309016478965,6.088967300323676,0.1884685612317741,12.96862007252062,20.285483055798565,0.7378013349442173,3000.0,-4.5,0.45,none,0.0,
endurance,7,healthy,2175.0,78.46589441288367,78.31509351042382,618.3814308180655,1526.2625046430364,65.76114456930341,30.46298413594486,6.088967300323676,0.20028946285858712,12.918179044599691,19.967263492818276,0.7378013349442173,3000.0,-4.5,0.45,none,0.0,
endurance,7,healthy,2176.0,78.46589441288367,78.56448351621243,611.2273724536911,1522.1915089667607,65.0601248677533,30.138780465694754,6.088967300323676,0.2851401927572777,12.904012415058391,20.03930461696889,0.7378013349442173,3000.0,-4.5,0.45,none,0.0,
endurance,7,healthy,2177.0,78.46589441288367,78.24768021840694,610.2023975710536,1526.4651322190273,66.70940837211093,31.213389151964947,6.088967300323676,0.20721376386177018,12.904159836523691,20.41125870731482,0.7378013349442173,3000.0,-4.5,0.45,none,0.0,
endurance,7,healthy,2178.0,78.46589441288367,79.22936346036741,615.299893732226,1517.5093846491707,66.0661189463219,31.45043593687554,6.088967300323676,0.2173577932066591,12.824165888524039,19.930598579164666,0.7378013349442173,3000.0,-4.5,0.45,none,0.0,
endurance,7,healthy,2179.0,78.46589441288367,78.35144139089165,608.140827550419,1524.9637118395076,66.2703747730002,29.701127838434672,6.088967300323676,0.312837716070772,12.962394652942699,20.122340326558405,0.7378013349442173,3000.0,-4.5,0.45,none,0.0,
endurance,7,healthy,2180.0,78.46589441288367,78.19350995384818,612.051464061277,1517.1081438748033,66.14389602232673,30.295676985733685,6.088967300323676,0.3265172029981578,12.863272792410013,20.139546469165406,0.7378013349442173,3000.0,-4.5,0.45,none,0.0,
endurance,7,healthy,2181.0,78.46589441288367,78.35330171175468,611.2964718093783,1517.3530042384698,66.62829621797086,29.913441401244892,6.088967300323676,0.2527675580565975,12.83736114607512,20.223265597195237,0.7378013349442173,3000.0,-4.5,0.45,none,0.0,
endurance,7,healthy,2182.0,78.46589441288367,79.01871456117287,603.7534403755185,1519.98681538369,66.30580574835571,30.04246917335392,6.088967300323676,0.238435788606986,13.001580746877355,20.038685599604186,0.7378013349442173,3000.0,-4.5,0.45,none,0.0,
endurance,7,healthy,2183.0,78.46589441288367,78.81753613468389,611.9076664410907,1528.8083715283103,66.35340997683855,31.002589841086053,6.088967300323676,0.12782774670975844,12.860954173002256,19.76163706209795,0.7378013349442173,3000.0,-4.5,0.45,none,0.0,
endurance,7,healthy,2184.0,78.46589441288367,78.98878256605694,611.4865349461138,1514.460050360839,65.5719841061205,31.099713745149984,6.088967300323676,0.15933357551575464,12.910123438851222,20.140139338616564,0.7378013349442173,3000.0,-4.5,0.45,none,0.0,
endurance,7,healthy,2185.0,78.46589441288367,78.29534494271003,613.4130049589658,1514.8121072671838,65.66007386945613,31.119702723881026,6.088967300323676,0.22649819161344115,12.904228471441476,20.067946212189643,0.7378013349442173,3000.0,-4.5,0.45,none,0.0,
endurance,7,healthy,2186.0,78.46589441288367,78.1966872936088,614.4503431879604,1524.2479378835537,66.5673947357412,29.739256859843863,6.088967300323676,0.09348312330179671,12.891714970814675,19.98306603694648,0.7378013349442173,3000.0,-4.5,0.45,none,0.0,
endurance,7,healthy,2187.0,78.46589441288367,78.3313072391888,610.12728430518,1517.0244035475248,65.92591063210858,30.903627602005997,6.088967300323676,0.20004110447371207,12.934665825174495,20.067444200382887,0.7378013349442173,3000.0,-4.5,0.45,none,0.0,
endurance,7,healthy,2188.0,78.46589441288367,79.05178540143564,611.1973388445082,1515.88125324161,66.13561751054274,30.50968138253046,6.088967300323676,0.23862576828651602,12.902481961988686,20.168021042844995,0.7378013349442173,3000.0,-4.5,0.45,none,0.0,
endurance,7,healthy,2189.0,78.46589441288367,79.18874585698556,621.7460977813022,1516.1219870287005,66.33817213398488,30.300307311004175,6.088967300323676,0.19749613943581534,12.915676139295947,20.41565786267128,0.7378013349442173,3000.0,-4.5,0.45,none,0.0,
endurance,7,healthy,2190.0,78.46589441288367,78.32252973279121,611.4225417577139,1519.4053581385392,65.59390862842245,30.052480072208432,6.088967300323676,0.21520152033587595,12.847480657087802,19.99013068263021,0.7378013349442173,3000.0,-4.5,0.45,none,0.0,
endurance,7,healthy,2191.0,78.46589441288367,79.38052204835151,613.806614996595,1514.948650360722,65.31272897689234,30.06869315444344,6.088967300323676,0.22967782328293543,12.891996419833827,20.680584614866163,0.7378013349442173,3000.0,-4.5,0.45,none,0.0,
endurance,7,healthy,2192.0,78.46589441288367,78.39153000759751,611.7895596406173,1519.3159707057164,65.34846420862719,29.979404998343448,6.088967300323676,0.22949867225619375,12.969130946917007,20.027950188514918,0.7378013349442173,3000.0,-4.5,0.45,none,0.0,
endurance,7,healthy,2193.0,78.46589441288367,78.92696460870376,614.5369183373579,1515.9266170010435,67.03679193846635,30.496501967542077,6.088967300323676,0.24049861665297914,12.881449469220431,19.81246608492232,0.7378013349442173,3000.0,-4.5,0.45,none,0.0,
endurance,7,healthy,2194.0,78.46589441288367,78.11443121591573,611.0747004690642,1517.4359691923366,65.88149053443564,30.648835784350588,6.088967300323676,0.13811272934840577,12.930456361282092,19.929811968140974,0.7378013349442173,3000.0,-4.5,0.45,none,0.0,
endurance,7,healthy,2195.0,78.46589441288367,78.33182590900074,612.4856552327612,1525.0490951067347,66.08756601374037,30.11617772106513,6.088967300323676,0.21223333624035837,12.85467022576923,20.480400266329422,0.7378013349442173,3000.0,-4.5,0.45,none,0.0,
endurance,7,healthy,2196.0,78.46589441288367,78.4245070179732,615.6952752091744,1516.1589462910417,66.5846685562595,30.80998853579182,6.088967300323676,0.3057139845295652,12.95920036504236,20.192992684950767,0.7378013349442173,3000.0,-4.5,0.45,none,0.0,
endurance,7,healthy,2197.0,78.46589441288367,78.40566878077615,612.9757013193962,1526.9973712775152,65.85341772555316,30.680143799599264,6.088967300323676,0.3028343640747124,13.008255507776136,20.154765995188068,0.7378013349442173,3000.0,-4.5,0.45,none,0.0,
endurance,7,healthy,2198.0,78.46589441288367,78.68288676013636,607.363699834564,1529.189407738574,66.47996831750841,31.176803277414216,6.088967300323676,0.19708028626837412,12.879354622573784,19.779868930953228,0.7378013349442173,3000.0,-4.5,0.45,none,0.0,
endurance,7,healthy,2199.0,78.46589441288367,78.45659428227744,613.9063201577362,1510.4435516497365,65.85468057572967,30.54368501286216,6.088967300323676,0.19688828567470126,12.861759200920687,20.065442288776627,0.7378013349442173,3000.0,-4.5,0.45,none,0.0,
endurance,7,healthy,2200.0,78.46589441288367,78.66834283875447,610.863607182084,1526.3552810692427,66.25690793903915,30.976527521659655,6.088967300323676,0.1933036961000492,12.926133182154388,19.711022517290356,0.7378013349442173,3000.0,-4.5,0.45,none,0.0,
endurance,7,healthy,2201.0,78.46589441288367,77.93506988969675,612.6108080241231,1524.4128013809618,66.40177086238059,30.11753118908335,6.088967300323676,0.18714053909137898,12.900345181605378,19.906371891599928,0.7378013349442173,3000.0,-4.5,0.45,none,0.0,
endurance,7,healthy,2202.0,78.46589441288367,78.12157071647927,620.4349362407215,1517.066934015656,66.58758002782044,30.17541758008772,6.088967300323676,0.17476570686846182,12.852010595269252,19.940926837363712,0.7378013349442173,3000.0,-4.5,0.45,none,0.0,
endurance,7,healthy,2203.0,78.46589441288367,77.80776862459409,615.0645175856977,1514.3461842709496,66.72364252567476,30.071647109011636,6.088967300323676,0.19761224140030587,12.91158418809622,19.702415248450187,0.7378013349442173,3000.0,-4.5,0.45,none,0.0,
endurance,7,healthy,2204.0,78.46589441288367,79.06016920286339,618.0391380860215,1521.4829048708948,65.67615289754976,30.668499876223777,6.088967300323676,0.15825741572825808,12.904459989881255,19.576027434971046,0.7378013349442173,3000.0,-4.5,0.45,none,0.0,
endurance,7,healthy,2205.0,78.46589441288367,77.76011756522698,615.3906237744249,1521.7300415416726,65.76879066602993,30.439876563811612,6.088967300323676,0.1493734901950594,12.941317428515186,20.06263480836436,0.7378013349442173,3000.0,-4.5,0.45,none,0.0,
endurance,7,healthy,2206.0,78.46589441288367,78.58017680444895,610.3991394092881,1517.5305735504119,66.97116941442424,30.255512544998187,6.088967300323676,0.22047549950757722,12.970942546324492,20.26935310596366,0.7378013349442173,3000.0,-4.5,0.45,none,0.0,
endurance,7,healthy,2207.0,78.46589441288367,78.12182945179283,610.6509492256738,1518.9635610027713,66.02997249719284,30.71994324538012,6.088967300323676,0.18800003347007296,12.941013573112782,19.86701249801398,0.7378013349442173,3000.0,-4.5,0.45,none,0.0,
endurance,7,healthy,2208.0,78.46589441288367,78.6874412669811,610.6330608323684,1514.495896794324,66.33950631723542,30.362398769684777,6.088967300323676,0.28114620776325167,12.88546913001781,19.984097849627936,0.7378013349442173,3000.0,-4.5,0.45,none,0.0,
endurance,7,healthy,2209.0,78.46589441288367,77.89666949964631,613.5430512717971,1518.5138218334962,66.60135071519882,30.69062328272979,6.088967300323676,0.10073317710591069,12.950947808418576,19.89604754289872,0.7378013349442173,3000.0,-4.5,0.45,none,0.0,
endurance,7,healthy,2210.0,78.46589441288367,78.31812081052074,609.1243847374747,1524.650457693515,64.90090403722851,30.380193551475156,6.088967300323676,0.15005299406213934,12.895852270664921,19.956531728907812,0.7378013349442173,3000.0,-4.5,0.45,none,0.0,
endurance,7,healthy,2211.0,78.46589441288367,77.75002160459987,611.6010485801488,1517.891739501469,65.94917951236236,29.293907992198882,6.088967300323676,0.20159016185705195,12.841590326264601,19.843597644681136,0.7378013349442173,3000.0,-4.5,0.45,none,0.0,
endurance,7,healthy,2212.0,78.46589441288367,78.52820743110902,609.5455627551851,1524.3307781879137,66.26686800497923,30.749116319142452,6.088967300323676,0.18890885105614932,12.889501521309969,20.051487883869893,0.7378013349442173,3000.0,-4.5,0.45,none,0.0,
endurance,7,healthy,2213.0,78.46589441288367,77.6487210366423,611.1483370213429,1513.8120967005314,65.64248644469352,30.722888842662467,6.088967300323676,0.25781168538078514,12.928298226862246,19.90920244802681,0.7378013349442173,3000.0,-4.5,0.45,none,0.0,
endurance,7,healthy,2214.0,78.46589441288367,78.89454021821676,609.5648234627696,1513.01119790171,65.93841870670192,30.126755360526552,6.088967300323676,0.20948492692274007,12.965395724705091,19.81364268651699,0.7378013349442173,3000.0,-4.5,0.45,none,0.0,
endurance,7,healthy,2215.0,78.46589441288367,78.0704983927699,609.6544115694261,1520.8073900455577,66.82789933977051,30.713969519835032,6.088967300323676,0.17284268551963922,12.918075683472109,20.109390033519503,0.7378013349442173,3000.0,-4.5,0.45,none,0.0,
endurance,7,healthy,2216.0,78.46589441288367,78.37088706801721,611.9565277320689,1525.7342954751787,66.62764109472029,30.84651616169426,6.088967300323676,0.14137868269773657,12.910397550391302,19.958886776808114,0.7378013349442173,3000.0,-4.5,0.45,none,0.0,
endurance,7,healthy,2217.0,78.46589441288367,76.76300127277031,613.2121679195998,1523.178266332782,66.19398175131494,30.033569941648782,6.088967300323676,0.12968544327840176,12.871894807882,20.150683169112252,0.7378013349442173,3000.0,-4.5,0.45,none,0.0,
endurance,7,healthy,2218.0,78.46589441288367,78.30094983762369,616.9033125914403,1523.5571135962864,66.80057776701513,30.677939703714248,6.088967300323676,0.25621375481664904,12.963811328957954,20.173339654829096,0.7378013349442173,3000.0,-4.5,0.45,none,0.0,
endurance,7,healthy,2219.0,78.46589441288367,77.47795607822403,612.5457125193137,1518.1628393422911,65.7352093969912,30.19804494585557,6.088967300323676,0.1732124563341108,12.933588479910323,19.830089973141607,0.7378013349442173,3000.0,-4.5,0.45,none,0.0,
endurance,7,healthy,2220.0,78.46589441288367,79.67936493275491,608.643256275418,1517.740045098236,67.11418976208145,30.000477491238325,6.088967300323676,0.22319887362465116,12.89486040876579,19.991246703655555,0.7378013349442173,3000.0,-4.5,0.45,none,0.0,
endurance,7,healthy,2221.0,78.46589441288367,78.67402942548307,614.4738689284325,1515.6199558849912,66.019515969411,30.395383231842647,6.088967300323676,0.22234118197659516,12.90155584613214,20.01282373182315,0.7378013349442173,3000.0,-4.5,0.45,none,0.0,
endurance,7,healthy,2222.0,78.46589441288367,78.74653420367038,616.3888459233627,1506.0626152477234,65.89410856098564,30.581425753392622,6.088967300323676,0.17673140095198608,12.903439358178781,19.830294931889597,0.7378013349442173,3000.0,-4.5,0.45,none,0.0,
endurance,7,healthy,2223.0,78.46589441288367,78.49125802256363,610.1920876098212,1518.2238770133981,65.9291599261193,30.25062322819657,6.088967300323676,0.22185755764031223,12.960231122402966,20.177723039173944,0.7378013349442173,3000.0,-4.5,0.45,none,0.0,
endurance,7,healthy,2224.0,78.46589441288367,78.11617835281116,614.4866962117951,1512.2617134696172,65.69735815586898,30.575769150800507,6.088967300323676,0.1577491649428059,12.944739103685796,19.91013887034577,0.7378013349442173,3000.0,-4.5,0.45,none,0.0,
endurance,7,healthy,2225.0,78.46589441288367,78.83884183463259,612.3230438783484,1518.1142841831324,66.55729207057345,30.951675260789088,6.088967300323676,0.22284947071143185,12.901368320429981,20.05783542132635,0.7378013349442173,3000.0,-4.5,0.45,none,0.0,
endurance,7,healthy,2226.0,78.46589441288367,78.21865080575121,611.996477653702,1523.4483714704133,65.73194171973097,30.08658518472505,6.088967300323676,0.23681237205105996,12.980301926630242,19.826373061248116,0.7378013349442173,3000.0,-4.5,0.45,none,0.0,
endurance,7,healthy,2227.0,78.46589441288367,77.87646166772497,615.8153831034628,1517.6776811811405,66.93588637133571,30.04453020983306,6.088967300323676,0.17460652414742472,12.902647981651524,19.834971425434496,0.7378013349442173,3000.0,-4.5,0.45,none,0.0,
endurance,7,healthy,2228.0,78.46589441288367,78.81041364562573,611.1225798732303,1512.9637049593425,65.88341040546786,30.79822762609355,6.088967300323676,0.20220605734656721,12.89085742438977,19.93255353401699,0.7378013349442173,3000.0,-4.5,0.45,none,0.0,
endurance,7,healthy,2229.0,78.46589441288367,78.45770977786802,612.9466862731389,1517.9662232775106,65.15574188692783,30.99866677351993,6.088967300323676,0.27727221617198416,12.91473016837374,20.013714624872947,0.7378013349442173,3000.0,-4.5,0.45,none,0.0,
endurance,7,healthy,2230.0,78.46589441288367,78.44962648184125,616.9493176988204,1514.4361359473692,66.88497086554055,30.97485068110659,6.088967300323676,0.11320765142054673,12.953610011903768,19.894376014688664,0.7378013349442173,3000.0,-4.5,0.45,none,0.0,
endurance,7,healthy,2231.0,78.46589441288367,78.72886996113596,608.6006776836103,1523.0002122460087,66.43440075485576,31.051267921415274,6.088967300323676,0.14900297460725156,12.975729550919702,19.959274629212732,0.7378013349442173,3000.0,-4.5,0.45,none,0.0,
endurance,7,healthy,2232.0,78.46589441288367,78.52602445693057,616.7439702164081,1519.4732452648477,65.66032356958355,30.48562612613933,6.088967300323676,0.17823424156166354,12.945143846411877,19.94002739833255,0.7378013349442173,3000.0,-4.5,0.45,none,0.0,
endurance,7,healthy,2233.0,78.46589441288367,78.0232755469959,609.1974127043131,1518.8094325753418,66.72024018109835,30.629275665432797,6.088967300323676,0.224789201571725,12.967855403598154,19.981970271854568,0.7378013349442173,3000.0,-4.5,0.45,none,0.0,
endurance,7,healthy,2234.0,78.46589441288367,78.95953795390385,616.1806104529236,1518.8223697763772,65.49518180533241,30.871981127925388,6.088967300323676,0.20637486055547744,12.955708825954641,19.885151167611085,0.7378013349442173,3000.0,-4.5,0.45,none,0.0,
endurance,7,healthy,2235.0,78.46589441288367,78.53399282277319,612.4582131772543,1523.8218725479855,65.1889875806832,30.403508571210423,6.088967300323676,0.27016507196887474,12.880949986114723,19.84586210192259,0.7378013349442173,3000.0,-4.5,0.45,none,0.0,
endurance,7,healthy,2236.0,78.46589441288367,78.13585321325294,610.6157252154253,1515.6680441238916,65.62310424062598,30.318883342382914,6.088967300323676,0.21113584678058847,12.85776832151027,20.10910496049122,0.7378013349442173,3000.0,-4.5,0.45,none,0.0,
endurance,7,healthy,2237.0,78.46589441288367,77.92651710670269,611.832534225064,1516.8723849557587,66.61147814816422,30.397402015050265,6.088967300323676,0.3299432974380865,12.878063052246494,20.000901148585655,0.7378013349442173,3000.0,-4.5,0.45,none,0.0,
endurance,7,healthy,2238.0,78.46589441288367,78.39885636510336,607.0111022293297,1522.148463605316,65.80982176979398,30.31104245226527,6.088967300323676,0.20349077865373602,12.973944843272319,19.979753239497764,0.7378013349442173,3000.0,-4.5,0.45,none,0.0,
endurance,7,healthy,2239.0,78.46589441288367,78.49723645274932,610.182683884241,1517.3424531737571,66.1249532709795,30.645384885498054,6.088967300323676,0.15301186072075892,12.824763897687113,20.009456686893927,0.7378013349442173,3000.0,-4.5,0.45,none,0.0,
endurance,7,healthy,2240.0,78.46589441288367,77.84346971805456,616.7610041149302,1520.9896445313766,66.23292587176611,30.15831695857745,6.088967300323676,0.2595133547416298,12.959584327118254,19.958785429629895,0.7378013349442173,3000.0,-4.5,0.45,none,0.0,
endurance,7,healthy,2241.0,78.46589441288367,78.3845981788171,611.5752121733238,1522.6730427797513,66.42011124490755,30.40284999253443,6.088967300323676,0.15546658831601462,12.902570512011954,20.166496044836993,0.7378013349442173,3000.0,-4.5,0.45,none,0.0,
endurance,7,healthy,2242.0,78.46589441288367,78.27179292917928,616.7058861904139,1530.10997661145,67.19729447769605,30.506589153053014,6.088967300323676,0.18315872286036924,12.89350901370734,20.13690257560488,0.7378013349442173,3000.0,-4.5,0.45,none,0.0,
endurance,7,healthy,2243.0,78.46589441288367,77.29876580614862,610.677490046535,1513.990582664062,65.67852459623738,30.24533355581498,6.088967300323676,0.30292190154061743,12.893651054015494,19.969638872648922,0.7378013349442173,3000.0,-4.5,0.45,none,0.0,
endurance,7,healthy,2244.0,78.46589441288367,78.08314585877616,614.1255083161071,1520.655087118551,66.98882520501476,30.475097743058168,6.088967300323676,0.22334168698354528,13.038513467816545,19.86874665729544,0.7378013349442173,3000.0,-4.5,0.45,none,0.0,
endurance,7,healthy,2245.0,78.46589441288367,79.33617309951106,614.9482574526633,1519.3792532117648,66.08086408379472,30.146759930481753,6.088967300323676,0.2999315628121327,12.863681424229233,20.039210442392697,0.7378013349442173,3000.0,-4.5,0.45,none,0.0,
endurance,7,healthy,2246.0,78.46589441288367,78.11048649839198,611.8390933301667,1522.581011892081,66.4442531473559,29.12386325727121,6.088967300323676,0.16720354492060804,12.911893985777816,19.775311159750157,0.7378013349442173,3000.0,-4.5,0.45,none,0.0,
endurance,7,healthy,2247.0,78.46589441288367,79.03171129271853,614.5525387501834,1518.1729310373944,66.39690048320007,30.714463839098656,6.088967300323676,0.20595695275079245,12.974364833354578,20.33536763738181,0.7378013349442173,3000.0,-4.5,0.45,none,0.0,
endurance,7,healthy,2248.0,78.46589441288367,78.65008171883797,613.8456604622751,1517.6248250370243,66.04965384923898,30.78062316948035,6.088967300323676,0.15184530464334106,12.926300870160684,20.0581931384304,0.7378013349442173,3000.0,-4.5,0.45,none,0.0,
endurance,7,healthy,2249.0,78.46589441288367,78.22446937849526,607.8804042348055,1515.725452585289,66.84671663182525,30.17369756954208,6.088967300323676,0.25953894243296993,12.93931246841428,20.338623609288337,0.7378013349442173,3000.0,-4.5,0.45,none,0.0,
endurance,7,healthy,2250.0,78.46589441288367,78.5822912521876,616.8784141313065,1512.1943960879719,66.1819198624253,30.848781193226316,6.088967300323676,0.24381219683888003,12.849341679272722,19.908623378273386,0.7378013349442173,3000.0,-4.5,0.45,none,0.0,
endurance,7,healthy,2251.0,78.46589441288367,78.8171245308162,615.7386174621861,1518.9236740419387,66.84554480972211,30.461776947651774,6.088967300323676,0.16496231754312907,12.938825873050575,19.917881161351513,0.7378013349442173,3000.0,-4.5,0.45,none,0.0,
endurance,7,healthy,2252.0,78.46589441288367,78.65086996599156,611.5651328034767,1522.0714513642063,65.82238197509768,29.996942433775462,6.088967300323676,0.2796361765559485,12.976135665695963,19.979625150442256,0.7378013349442173,3000.0,-4.5,0.45,none,0.0,
endurance,7,healthy,2253.0,78.46589441288367,78.0706890942101,614.8884698191822,1516.6145502201618,65.66393581532928,30.274907366094126,6.088967300323676,0.09620072872928509,12.865237619901427,19.94264407905691,0.7378013349442173,3000.0,-4.5,0.45,none,0.0,
endurance,7,healthy,2254.0,78.46589441288367,78.81270828054286,616.7941358112568,1523.175374327108,66.60850712806325,29.314227976441096,6.088967300323676,0.15884377965035001,12.841071153305187,19.829494182428338,0.7378013349442173,3000.0,-4.5,0.45,none,0.0,
endurance,7,healthy,2255.0,78.46589441288367,78.0948052640939,615.1578635451152,1514.1133404390348,65.95383975087913,29.90316142469263,6.088967300323676,0.10068591943043563,12.959479636257123,19.9370809614647,0.7378013349442173,3000.0,-4.5,0.45,none,0.0,
endurance,7,healthy,2256.0,78.46589441288367,78.09297680618083,614.6991107751435,1514.315256630775,64.79296174332129,30.212830010586185,6.088967300323676,0.22465680389475157,12.972038678422509,20.111451203317348,0.7378013349442173,3000.0,-4.5,0.45,none,0.0,
endurance,7,healthy,2257.0,78.46589441288367,78.60532645493387,617.3623340864702,1514.837481572423,65.82226739492786,30.557619376547244,6.088967300323676,0.2526361242998326,12.90385908082937,20.012981103481003,0.7378013349442173,3000.0,-4.5,0.45,none,0.0,
endurance,7,healthy,2258.0,78.46589441288367,79.21138302742605,615.1412928624031,1522.4594751920022,66.33216161086926,30.993272803695348,6.088967300323676,0.2332407233852755,12.898585414356289,19.95127160919826,0.7378013349442173,3000.0,-4.5,0.45,none,0.0,
endurance,7,healthy,2259.0,78.46589441288367,78.6217266791147,607.8810224732675,1515.7881725753282,65.67963699797032,30.673619638809633,6.088967300323676,0.27846888907804973,12.903719463888295,19.963581532350133,0.7378013349442173,3000.0,-4.5,0.45,none,0.0,
endurance,7,healthy,2260.0,78.46589441288367,79.40007746889091,614.528189033354,1525.1376747181048,66.39453975705892,30.808501130259184,6.088967300323676,0.2612612207639537,12.930090610086989,19.738199805109492,0.7378013349442173,3000.0,-4.5,0.45,none,0.0,
endurance,7,healthy,2261.0,78.46589441288367,78.95545028824436,615.0124317058146,1519.7800426638792,66.70744789400102,31.95298540971616,6.088967300323676,0.22713268654694285,12.957304353214939,19.582464179249996,0.7378013349442173,3000.0,-4.5,0.45,none,0.0,
endurance,7,healthy,2262.0,78.46589441288367,78.20896333605414,616.0740904947597,1518.4976725885942,66.3835741388244,30.726445697490707,6.088967300323676,0.21882597922738722,12.88736723469324,20.032196270329692,0.7378013349442173,3000.0,-4.5,0.45,none,0.0,
endurance,7,healthy,2263.0,78.46589441288367,78.72715900368622,613.8934254521365,1518.7712083338245,65.9964079204088,31.40695707367863,6.088967300323676,0.19697970644793333,12.934463810662669,19.93151611252438,0.7378013349442173,3000.0,-4.5,0.45,none,0.0,
endurance,7,healthy,2264.0,78.46589441288367,78.65113513475617,612.0692340001443,1519.4439003557575,66.36902828475147,31.34120313458425,6.088967300323676,0.18522067476463513,12.976238348489483,19.875839909925407,0.7378013349442173,3000.0,-4.5,0.45,none,0.0,
endurance,7,healthy,2265.0,78.46589441288367,78.74600303585133,613.6286174416003,1510.5437807410312,66.11311169863595,29.85656419887274,6.088967300323676,0.21515951034833802,12.88530525278366,20.048241228090873,0.7378013349442173,3000.0,-4.5,0.45,none,0.0,
endurance,7,healthy,2266.0,78.46589441288367,78.91962820073135,611.7313974969678,1533.0027339813844,66.29688215114801,31.040078101437686,6.088967300323676,0.19149961549628725,12.889028089894905,20.228687716144282,0.7378013349442173,3000.0,-4.5,0.45,none,0.0,
endurance,7,healthy,2267.0,78.46589441288367,77.57026196601677,613.369585040596,1519.3195492374068,66.59515758475044,30.63182152383666,6.088967300323676,0.2159571644692325,12.982171551811158,20.127497876040664,0.7378013349442173,3000.0,-4.5,0.45,none,0.0,
endurance,7,healthy,2268.0,78.46589441288367,78.33662633806574,613.6559903365039,1518.3339292924513,66.0967803421278,30.066561048941544,6.088967300323676,0.16305636090323458,12.890225896534977,19.939675884172924,0.7378013349442173,3000.0,-4.5,0.45,none,0.0,
endurance,7,healthy,2269.0,78.46589441288367,78.97770607375901,614.4147323867686,1525.1386066884716,65.37045731959662,30.16900711501769,6.088967300323676,0.1864822197315216,12.891652684645907,20.002599991573366,0.7378013349442173,3000.0,-4.5,0.45,none,0.0,
endurance,7,healthy,2270.0,78.46589441288367,78.78070845993814,613.9363241765923,1514.2092839685376,66.4579765554771,29.925535237181805,6.088967300323676,0.28972389843058194,12.926352734580384,19.893883548126603,0.7378013349442173,3000.0,-4.5,0.45,none,0.0,
endurance,7,healthy,2271.0,78.46589441288367,78.05691526395975,608.2174540707426,1517.3148682455867,66.93286414776163,30.83697649719546,6.088967300323676,0.14853945266577395,12.921734918863837,20.18487539375237,0.7378013349442173,3000.0,-4.5,0.45,none,0.0,
endurance,7,healthy,2272.0,78.46589441288367,77.94516444875913,612.2669620070369,1519.3232861992324,65.34403338685097,30.728838449206926,6.088967300323676,0.24106799386836497,12.98278639420683,20.37879100373017,0.7378013349442173,3000.0,-4.5,0.45,none,0.0,
endurance,7,healthy,2273.0,78.46589441288367,78.74425925469133,611.5709296533122,1517.8027962011338,66.13100282319492,30.966662487118306,6.088967300323676,0.26757466217156317,12.886785676901795,19.98641158523916,0.7378013349442173,3000.0,-4.5,0.45,none,0.0,
endurance,7,healthy,2274.0,78.46589441288367,78.66183312675096,610.5829183089082,1525.6695277259998,65.91757459842141,30.55376791913647,6.088967300323676,0.1539421625806355,12.921661032703616,20.078837072556375,0.7378013349442173,3000.0,-4.5,0.45,none,0.0,
endurance,7,healthy,2275.0,78.46589441288367,77.79615513786727,606.5348381406294,1514.6984182554374,65.92156802902173,30.437325153006732,6.088967300323676,0.14218047361989045,12.964932864179655,19.903207616715758,0.7378013349442173,3000.0,-4.5,0.45,none,0.0,
endurance,7,healthy,2276.0,78.46589441288367,78.4677580694904,610.7596683219634,1515.5221184373402,66.11787944630814,30.522527912866146,6.088967300323676,0.1678166453680803,12.881114626512966,20.060557504094206,0.7378013349442173,3000.0,-4.5,0.45,none,0.0,
endurance,7,healthy,2277.0,78.46589441288367,78.72554399319151,608.9048306084559,1526.3405025098336,66.06056881634856,30.376230979547074,6.088967300323676,0.28394723066159006,12.892185765834942,19.778443043689776,0.7378013349442173,3000.0,-4.5,0.45,none,0.0,
endurance,7,healthy,2278.0,78.46589441288367,78.60009008690403,616.4029040263667,1527.4615911178487,66.47124922829612,30.691981393412757,6.088967300323676,0.19158253711806725,12.976196318639927,20.031295135269147,0.7378013349442173,3000.0,-4.5,0.45,none,0.0,
endurance,7,healthy,2279.0,78.46589441288367,78.48289841538273,610.3419488403946,1518.130330239597,66.44114490043218,30.33031785198815,6.088967300323676,0.2169851659605933,12.8611458653208,20.189837842780754,0.7378013349442173,3000.0,-4.5,0.45,none,0.0,
endurance,7,healthy,2280.0,78.46589441288367,78.31237380642682,613.3555645657784,1519.7498684060813,66.51638499846963,29.633811318720493,6.088967300323676,0.1494056792879716,12.98157634769326,19.78850763995804,0.7378013349442173,3000.0,-4.5,0.45,none,0.0,
endurance,7,healthy,2281.0,78.46589441288367,77.91349255310843,608.2221447894258,1522.6471055933089,67.08709996135825,30.921334649540213,6.088967300323676,0.1785420455830673,13.007239576462696,19.997964189537075,0.7378013349442173,3000.0,-4.5,0.45,none,0.0,
endurance,7,healthy,2282.0,78.46589441288367,78.32613426058309,610.6548228222307,1511.932990987712,66.77385633028518,30.755650545624597,6.088967300323676,0.13094817713865156,12.840756360098336,19.84039129960918,0.7378013349442173,3000.0,-4.5,0.45,none,0.0,
endurance,7,healthy,2283.0,78.46589441288367,78.53969418171569,607.8883458008121,1525.4973299595586,66.0781234736838,30.967815724241678,6.088967300323676,0.21889667259928458,13.005477749444138,20.02864690274293,0.7378013349442173,3000.0,-4.5,0.45,none,0.0,
endurance,7,healthy,2284.0,78.46589441288367,78.55140779983395,612.7513522849011,1516.277558840445,65.03018747489884,29.83672031869618,6.088967300323676,0.21112700449596267,12.902298038082254,19.70038396028857,0.7378013349442173,3000.0,-4.5,0.45,none,0.0,
endurance,7,healthy,2285.0,78.46589441288367,78.10234087984335,613.4395114071639,1517.6891193275314,65.60290946764995,30.803372012745783,6.088967300323676,0.23661088496430585,13.016316457245367,19.776558075234817,0.7378013349442173,3000.0,-4.5,0.45,none,0.0,
endurance,7,healthy,2286.0,78.46589441288367,78.31007227950427,608.4494862567457,1520.3197955733945,65.16743861558571,30.434873046676465,6.088967300323676,0.18501792580417062,12.888047389519258,20.305194720004703,0.7378013349442173,3000.0,-4.5,0.45,none,0.0,
endurance,7,healthy,2287.0,78.46589441288367,78.0513293485366,610.8908351220881,1519.247637898923,66.20189023890518,30.437338412008977,6.088967300323676,0.20965716468018605,12.9020270174795,20.270922217292465,0.7378013349442173,3000.0,-4.5,0.45,none,0.0,
endurance,7,healthy,2288.0,78.46589441288367,78.97817489406941,613.6686986314766,1523.1191209522456,65.72426082309437,31.180653956111033,6.088967300323676,0.249594131077417,12.8651759425592,19.91048901349073,0.7378013349442173,3000.0,-4.5,0.45,none,0.0,
endurance,7,healthy,2289.0,78.46589441288367,79.31937237409265,617.2544216022447,1507.9993905920692,66.84488758374302,31.170435977753634,6.088967300323676,0.16831249928822276,12.876732835464571,19.930329069929503,0.7378013349442173,3000.0,-4.5,0.45,none,0.0,
endurance,7,healthy,2290.0,78.46589441288367,78.85315347311922,611.3194927497627,1509.8329596960502,66.73418170746254,30.625010636588282,6.088967300323676,0.11074180089193293,12.908131480704926,20.08549450197592,0.7378013349442173,3000.0,-4.5,0.45,none,0.0,
endurance,7,healthy,2291.0,78.46589441288367,78.6713984906448,610.9658583718762,1519.3780362630512,66.82538128434453,30.644004808469273,6.088967300323676,0.21660765925450776,12.975324962970934,19.73201847905484,0.7378013349442173,3000.0,-4.5,0.45,none,0.0,
endurance,7,healthy,2292.0,78.46589441288367,79.07423671996135,617.2802187121031,1516.7023132886034,66.37492070400799,29.601316374801062,6.088967300323676,0.262297640078242,12.9564175638701,20.14210718315324,0.7378013349442173,3000.0,-4.5,0.45,none,0.0,
endurance,7,healthy,2293.0,78.46589441288367,78.59710184074459,607.1573381145165,1520.9019931277744,66.44791413608083,30.087318969909933,6.088967300323676,0.26130605658610156,12.943174081717794,19.676035444573813,0.7378013349442173,3000.0,-4.5,0.45,none,0.0,
endurance,7,healthy,2294.0,78.46589441288367,79.16595067091046,608.5008149117886,1525.9176267648236,66.4466491694305,29.804999925456,6.088967300323676,0.14323871787858536,12.861638414059941,19.81795144621175,0.7378013349442173,3000.0,-4.5,0.45,none,0.0,
endurance,7,healthy,2295.0,78.46589441288367,79.0033103976259,615.488135496778,1514.1761552299938,65.69776541198436,30.01372836479971,6.088967300323676,0.1607527254304894,12.928036537135942,19.95697737718962,0.7378013349442173,3000.0,-4.5,0.45,none,0.0,
endurance,7,healthy,2296.0,78.46589441288367,79.1006459755518,614.7237454063775,1516.176977039832,66.60783472892892,30.681759631920833,6.088967300323676,0.17447583509725223,12.947319632610908,19.546164305102483,0.7378013349442173,3000.0,-4.5,0.45,none,0.0,
endurance,7,healthy,2297.0,78.46589441288367,78.7223481769028,610.5012740571269,1525.7864943315574,66.89285722428342,29.96446975732823,6.088967300323676,0.24330772391051098,12.910711630006325,19.966235772778255,0.7378013349442173,3000.0,-4.5,0.45,none,0.0,
endurance,7,healthy,2298.0,78.46589441288367,79.2258074307306,613.79744297418,1525.5953721682586,66.8813262557588,30.40377003324786,6.088967300323676,0.18382661152956822,12.923242258100728,20.27021702795175,0.7378013349442173,3000.0,-4.5,0.45,none,0.0,
endurance,7,healthy,2299.0,78.46589441288367,78.39500400179779,614.8984708892424,1519.9009727087061,65.9485348678383,30.7562038726231,6.088967300323676,0.23178524650873833,12.88684950224686,20.29598713498008,0.7378013349442173,3000.0,-4.5,0.45,none,0.0,
endurance,7,healthy,2300.0,78.46589441288367,78.60170654301955,609.8888159135779,1515.1343292519089,67.03183192445064,31.0150217763081,6.088967300323676,0.19342538510780563,12.943068549488622,19.913689077057352,0.7378013349442173,3000.0,-4.5,0.45,none,0.0,
endurance,7,healthy,2301.0,78.46589441288367,79.24123621362885,613.9259441213295,1516.8474611774377,65.49192448588391,29.722827893362425,6.088967300323676,0.2820037460620965,12.928918070418394,20.018662108466035,0.7378013349442173,3000.0,-4.5,0.45,none,0.0,
endurance,7,healthy,2302.0,78.46589441288367,78.18420695863593,611.3985348491093,1518.548197614658,65.17367212142382,29.595867347151138,6.088967300323676,0.17340456363498982,12.968761825111871,20.12265659440315,0.7378013349442173,3000.0,-4.5,0.45,none,0.0,
endurance,7,healthy,2303.0,78.46589441288367,79.42390726166042,616.769817298362,1515.1763912009603,65.72556141042935,30.66342703851942,6.088967300323676,0.18893948100588254,12.901914502451413,20.089144903730478,0.7378013349442173,3000.0,-4.5,0.45,none,0.0,
endurance,7,healthy,2304.0,78.46589441288367,77.49377831008863,613.3117457249605,1511.0087680086326,66.66968502238346,30.235631965128423,6.088967300323676,0.1643853132598275,12.925753802927959,20.108374534788513,0.7378013349442173,3000.0,-4.5,0.45,none,0.0,
endurance,7,healthy,2305.0,78.46589441288367,78.91880288880061,609.348108441651,1521.4345952764122,66.49116427796406,30.33118770600825,6.088967300323676,0.24175443082868497,12.95821742361573,20.00276806047284,0.7378013349442173,3000.0,-4.5,0.45,none,0.0,
endurance,7,healthy,2306.0,78.46589441288367,77.99195589692569,611.0121591267422,1521.5408841477856,66.3971560951133,30.546066477404747,6.088967300323676,0.1486332789020957,13.005111035265182,19.931613523855987,0.7378013349442173,3000.0,-4.5,0.45,none,0.0,
endurance,7,healthy,2307.0,78.46589441288367,78.04991144349964,614.1637869383857,1516.8013956870482,66.28443021923025,30.132970925918958,6.088967300323676,0.174511944652524,12.976896103173585,20.159203514824178,0.7378013349442173,3000.0,-4.5,0.45,none,0.0,
endurance,7,healthy,2308.0,78.46589441288367,78.90442872860137,612.2402059302767,1522.6617146918488,66.2408226215366,30.39285837219674,6.088967300323676,0.13091639252375387,12.905069479355841,19.818990576123518,0.7378013349442173,3000.0,-4.5,0.45,none,0.0,
endurance,7,healthy,2309.0,78.46589441288367,78.77412027485883,611.3620796361597,1514.4185602355524,66.07972133755841,30.597402736426627,6.088967300323676,0.18621029219909446,12.905504623668392,19.75219663025954,0.7378013349442173,3000.0,-4.5,0.45,none,0.0,
endurance,7,healthy,2310.0,78.46589441288367,78.12191282283158,608.5905359645874,1521.5905983625896,66.71590601730328,30.37933531090024,6.088967300323676,0.16192530112062212,12.974546007112597,19.989122959795424,0.7378013349442173,3000.0,-4.5,0.45,none,0.0,
endurance,7,healthy,2311.0,78.46589441288367,78.71324204896291,612.0220428953352,1521.643490877882,66.6598968006935,29.927622398723045,6.088967300323676,0.15041754616381575,12.884389332178708,19.976876182549105,0.7378013349442173,3000.0,-4.5,0.45,none,0.0,
endurance,7,healthy,2312.0,78.46589441288367,78.27057768545804,613.1152110907084,1522.7269478972637,65.29910212133555,30.997080549743817,6.088967300323676,0.2269285887274507,12.781450081449673,20.185931078783096,0.7378013349442173,3000.0,-4.5,0.45,none,0.0,
endurance,7,healthy,2313.0,78.46589441288367,78.78908773545817,616.1488854985428,1519.0749634137217,66.74734530063166,29.609416203696544,6.088967300323676,0.15663871665754314,12.865417405668802,20.421732545390583,0.7378013349442173,3000.0,-4.5,0.45,none,0.0,
endurance,7,healthy,2314.0,78.46589441288367,78.76883413340217,610.7536272279924,1512.6384234340003,66.64877231554925,30.294183295071626,6.088967300323676,0.20913703805235592,12.968648459597368,19.95093036944927,0.7378013349442173,3000.0,-4.5,0.45,none,0.0,
endurance,7,healthy,2315.0,78.46589441288367,78.21384733913614,611.4562712713841,1523.1755458711937,66.7871850773685,29.889981383880723,6.088967300323676,0.12366052491699075,12.940834859827307,20.23565910930354,0.7378013349442173,3000.0,-4.5,0.45,none,0.0,
endurance,7,healthy,2316.0,78.46589441288367,77.92595710276764,613.6575205489884,1527.3193803230977,65.10179467182272,30.594299843452816,6.088967300323676,0.20740735866854404,12.927819971324704,20.050780986311317,0.7378013349442173,3000.0,-4.5,0.45,none,0.0,
endurance,7,healthy,2317.0,78.46589441288367,77.84670284171084,613.1873952621117,1522.6538966049065,66.14394777180237,30.675642130921354,6.088967300323676,0.22971743215431722,12.947404816942907,20.161718017008894,0.7378013349442173,3000.0,-4.5,0.45,none,0.0,
endurance,7,healthy,2318.0,78.46589441288367,79.14300745630828,613.389484625867,1527.9340363890622,65.60670497293893,30.609172526785187,6.088967300323676,0.2149528618982439,12.953011408809527,20.141632601001774,0.7378013349442173,3000.0,-4.5,0.45,none,0.0,
endurance,7,healthy,2319.0,78.46589441288367,78.00587011276987,611.6121278907207,1514.8911496377445,66.6201824977382,30.507719821440016,6.088967300323676,0.15012904677433137,12.889901323294678,20.08096072189333,0.7378013349442173,3000.0,-4.5,0.45,none,0.0,
endurance,7,healthy,2320.0,78.46589441288367,79.42964973739386,615.8382484046849,1511.727401720258,66.80079840511385,30.770500743130256,6.088967300323676,0.30950643410931267,12.90967287851978,20.015224176442167,0.7378013349442173,3000.0,-4.5,0.45,none,0.0,
endurance,7,healthy,2321.0,78.46589441288367,78.0255184989179,614.3299751923104,1522.47669094664,66.75683072252599,29.46531794952761,6.088967300323676,0.17627440399591232,12.98910379265179,19.906373718051995,0.7378013349442173,3000.0,-4.5,0.45,none,0.0,
endurance,7,healthy,2322.0,78.46589441288367,78.94904199510276,612.9950784287777,1509.2082891685634,66.29118393701972,30.663461845672483,6.088967300323676,0.1755823766508002,12.970004275870433,20.112699564772804,0.7378013349442173,3000.0,-4.5,0.45,none,0.0,
endurance,7,healthy,2323.0,78.46589441288367,78.05369317737551,608.5871616165289,1523.911996582841,67.60845375436823,29.782110559261213,6.088967300323676,0.1538876514448268,12.91377754532677,20.117298410444903,0.7378013349442173,3000.0,-4.5,0.45,none,0.0,
endurance,7,healthy,2324.0,78.46589441288367,78.4285115668489,615.1599671771427,1515.019618887775,65.9250460707937,30.56151949182513,6.088967300323676,0.17545083035515796,12.901116455153394,20.21474642079627,0.7378013349442173,3000.0,-4.5,0.45,none,0.0,
endurance,7,healthy,2325.0,78.46589441288367,78.10373095111538,608.3304574658139,1528.1285952366331,66.23640620478473,31.00646544647559,6.088967300323676,0.20724936362575674,12.96434222934171,20.3860249527054,0.7378013349442173,3000.0,-4.5,0.45,none,0.0,
endurance,7,healthy,2326.0,78.46589441288367,78.01488235648918,615.4545281076945,1523.9411280900738,65.62507744003179,30.813553080195383,6.088967300323676,0.17815787316501608,12.884777562420092,20.41079023437067,0.7378013349442173,3000.0,-4.5,0.45,none,0.0,
endurance,7,healthy,2327.0,78.46589441288367,78.9088535494721,609.2309862826453,1523.630883349562,66.85907290739823,30.061511581644936,6.088967300323676,0.11291785413316946,12.955227126554295,19.609577383528425,0.7378013349442173,3000.0,-4.5,0.45,none,0.0,
endurance,7,healthy,2328.0,78.46589441288367,78.31496716389887,613.6757108610196,1525.7820202710036,65.77682766538194,30.254389921818955,6.088967300323676,0.17970149552508963,12.971992783707876,19.870819135218444,0.7378013349442173,3000.0,-4.5,0.45,none,0.0,
endurance,7,healthy,2329.0,78.46589441288367,78.62054700156494,617.6574716898799,1523.321937109261,65.89381583784353,30.357476168002854,6.088967300323676,0.18291208765124686,12.89113891161389,20.029805979364834,0.7378013349442173,3000.0,-4.5,0.45,none,0.0,
endurance,7,healthy,2330.0,78.46589441288367,78.3173550336604,617.9395790185114,1516.7970346154173,65.77681694722285,29.977400584275134,6.088967300323676,0.22390954865764223,12.95934400767464,20.135418151234976,0.7378013349442173,3000.0,-4.5,0.45,none,0.0,
endurance,7,healthy,2331.0,78.46589441288367,78.75148456424182,606.5914718655484,1519.3761348191572,65.22584571030906,30.58546543986687,6.088967300323676,0.22687794136121298,12.978520750318491,19.709214077071874,0.7378013349442173,3000.0,-4.5,0.45,none,0.0,
endurance,7,healthy,2332.0,78.46589441288367,78.3869779894993,612.9850833758296,1512.0581479474993,65.32825942985005,31.41763351070958,6.088967300323676,0.1518308638371586,12.901270575246935,20.162614965472226,0.7378013349442173,3000.0,-4.5,0.45,none,0.0,
endurance,7,healthy,2333.0,78.46589441288367,78.673504075928,615.6889673734156,1522.5569781125394,66.85916594252896,32.177061088264175,6.088967300323676,0.2137003888629372,12.921473846564865,19.9150029160825,0.7378013349442173,3000.0,-4.5,0.45,none,0.0,
endurance,7,healthy,2334.0,78.46589441288367,78.96032617690143,611.4128962795013,1513.3252818360552,66.52640873664339,31.217943229267814,6.088967300323676,0.14151098614772029,12.95530656770516,19.949624227607405,0.7378013349442173,3000.0,-4.5,0.45,none,0.0,
endurance,7,healthy,2335.0,78.46589441288367,78.06854100556573,604.531423205151,1517.4968565074603,66.63953541657264,31.066174560787587,6.088967300323676,0.31837699132656927,12.957193215448143,19.871669069715594,0.7378013349442173,3000.0,-4.5,0.45,none,0.0,
endurance,7,healthy,2336.0,78.46589441288367,79.04071988797767,605.8955523778812,1521.0010978789567,65.97502597361057,31.5087422159818,6.088967300323676,0.2224238137164023,12.900110220491444,20.23654167007376,0.7378013349442173,3000.0,-4.5,0.45,none,0.0,
endurance,7,healthy,2337.0,78.46589441288367,77.49236135021344,612.0510459768586,1529.7159969397496,66.49442412197605,30.14986785619464,6.088967300323676,0.15489760702153094,12.894165835145007,19.984750464441916,0.7378013349442173,3000.0,-4.5,0.45,none,0.0,
endurance,7,healthy,2338.0,78.46589441288367,78.20696316048318,615.6343211606755,1510.5741842385844,65.91435666362578,30.224116214106974,6.088967300323676,0.17173510275711334,12.93613646209528,19.967388568851668,0.7378013349442173,3000.0,-4.5,0.45,none,0.0,
endurance,7,healthy,2339.0,78.46589441288367,78.80584384928711,611.6761495371901,1515.3634847496373,65.89523350189098,30.168865438175256,6.088967300323676,0.21738954053403312,12.96906369701641,19.86792561204967,0.7378013349442173,3000.0,-4.5,0.45,none,0.0,
endurance,7,healthy,2340.0,78.81111275363543,78.954128507597,616.1404490789361,1589.453002021015,67.15196704334187,31.14376075048756,8.521633152749711,0.1743400274430583,12.91029792046376,19.629671794956035,0.7359521371868093,2992.0,-4.447999999999979,0.6,none,0.0,
endurance,7,healthy,2341.0,79.18804913782488,78.65240248215804,611.6818047117727,1642.4160132724944,68.38688007107612,30.215000596735457,8.802001089517022,0.20733905730367,12.975185244075426,19.94803465763075,0.7339091501135077,2984.0,-4.396000000000015,0.6,none,0.0,
endurance,7,healthy,2342.0,79.58394721936176,79.39677117450331,611.4165979943039,1672.9816353870467,67.31472964029837,31.316812567566252,8.997985749506284,0.19817324805729541,12.998027998455525,19.885640022655462,0.7317503118098379,2976.0,-4.343999999999994,0.6,none,0.0,
endurance,7,healthy,2343.0,79.99010475565609,79.96989117078257,612.8797616732173,1708.595618038827,67.61865667986372,30.223884579026276,9.135911811807203,0.08430183776185698,13.095664935893035,20.00379213849435,0.7295287908024636,2968.0,-4.291999999999973,0.6,none,0.0,
endurance,7,healthy,2344.0,80.40060508729032,79.91119365882533,615.5181925854331,1719.6453535901883,67.39866580199337,30.729464002477876,9.233892425204044,0.19423154925251,13.044167693535975,19.889171958615307,0.7272807364012612,2960.0,-4.240000000000009,0.6,none,0.0,
endurance,7,healthy,2345.0,80.8114450686984,80.62895165954306,619.1728035431129,1733.0957031296664,67.80164719034757,31.190847081896393,9.304390652289516,0.22770588050331275,13.06037869621186,20.439335659624533,0.7250306068248533,2952.0,-4.187999999999988,0.6,none,0.0,
endurance,7,healthy,2346.0,81.21993555799762,81.00308648798425,614.5539791495943,1745.753774440259,67.31491537097357,31.4170538580316,9.355981916242278,0.22980877322468551,13.11711785643259,20.265640934624418,0.7227948320578572,2944.0,-4.136000000000024,0.6,none,0.0,
endurance,7,healthy,2347.0,81.6242892903453,80.65186431042949,619.6626280383351,1742.2601263596791,68.0382796784845,31.418250808347256,9.39456668320785,0.2458683477940025,12.96893555485523,19.800057862983124,0.720584331841646,2936.0,-4.084000000000003,0.6,none,0.0,
endurance,7,healthy,2348.0,82.02333757659764,82.37188204236837,619.1584147462517,1758.6226457328532,67.96958894509574,30.73351943255987,9.424204869521747,0.14137468154512634,13.034755679948052,19.970858591587838,0.7184062465747159,2928.0,-4.031999999999982,0.6,none,0.0,
endurance,7,healthy,2349.0,82.41633556851293,81.93347485326278,612.7666426671927,1748.7534693708785,67.96134013996782,31.849156765225892,9.44768997003346,0.1792473576215323,13.067350687347991,20.160388660247065,0.7162651270936113,2920.0,-3.980000000000018,0.6,none,0.0,
endurance,7,healthy,2350.0,82.80282841262391,82.73758547390146,614.5126086270618,1758.6163020990634,69.02540701197317,31.60132874238377,9.466944096968188,0.1429830213716538,13.073269702486675,19.96026917158533,0.7141637524393043,2912.0,-3.9279999999999973,0.6,none,0.0,
endurance,7,healthy,2351.0,83.1825592642593,82.77203278676556,619.6888253408358,1762.6594024878495,68.01288146029482,30.099209644799636,9.483289793162326,0.2526956052785941,13.006713019036166,20.04214517122476,0.7121036918685252,2904.0,-3.8759999999999764,0.6,none,0.0,
endurance,7,healthy,2352.0,83.55540607962686,83.03268393329465,619.7300404769275,1753.3361350397565,68.51952912164205,32.44146999074426,9.497637057772556,0.1714978694943704,13.067319630557991,20.551825989737726,0.7100856910383331,2896.0,-3.8240000000000123,0.6,none,0.0,
endurance,7,healthy,2353.0,83.92133819204112,84.49078069474653,618.2922685671723,1755.0312042146252,68.62286346091294,32.139346679111,9.510612032468002,0.23021362933340409,13.038623735724896,19.83145547177736,0.7081099373145101,2888.0,-3.7719999999999914,0.6,none,0.0,
endurance,7,healthy,2354.0,84.28038648899647,85.11851689147473,617.2065926569702,1761.1768877233292,68.28569606177962,32.00545937669647,9.522645546120074,0.2800557261673455,12.992579363473816,20.108851938904237,0.706176241982187,2880.0,-3.7200000000000273,0.6,none,0.0,
endurance,7,healthy,2355.0,84.63262293908558,84.41027708654369,623.2695891288071,1764.772929689014,68.39145357645752,32.472978852125294,9.534034039449747,0.16182266655060012,13.082687985975259,20.05031269194855,0.7042841653312552,2872.0,-3.6680000000000064,0.6,none,0.0,
endurance,7,healthy,2356.0,84.97814654621756,85.00110117463167,624.2023996303496,1766.9102623191552,68.74871167901323,32.35998558672363,9.544981485238063,0.22815465782812344,13.029010182283054,20.087008065587487,0.7024331024725806,2864.0,-3.6159999999999854,0.6,none,0.0,
endurance,7,healthy,2357.0,85.3170737219035,85.34955751638373,618.1427286527654,1759.7932523497457,67.90130452710831,32.28064375578652,9.555628232215394,0.22417389092948511,12.984843336950256,20.14670456715635,0.7006223421609333,2856.0,-3.5640000000000214,0.6,none,0.0,
endurance,7,healthy,2358.0,85.64953169427837,85.60857706122323,620.2408195909907,1757.4959479869149,67.5412787138745,32.14705309760768,9.566070851569865,0.24109063869649675,13.013078941862283,19.858700744001503,0.698851107064216,2848.0,-3.5120000000000005,0.6,none,0.0,
endurance,7,healthy,2359.0,85.97565400421085,85.6294194585827,627.4951422432342,1756.0867940648477,69.53880384198787,32.09456212188955,9.576375792658993,0.11614065615195987,13.076183764017454,19.727425266274867,0.697118581281106,2840.0,-3.4599999999999795,0.6,none,0.0,
endurance,7,healthy,2360.0,86.29557743563345,86.76852906576417,622.1370334280673,1765.965078035789,68.67433673314235,32.909332980043686,9.58658877904181,0.28526177980332734,13.070115872135531,20.113413065345224,0.6954239290959717,2832.0,-3.4080000000000155,0.6,none,0.0,
endurance,7,healthy,2361.0,86.60943993126207,86.98931525352096,619.8148359272493,1768.0055917320624,68.33680407318789,32.25371687167091,9.596741273568993,0.25445999701422256,13.07375654856824,20.055548364418073,0.6937663077133048,2824.0,-3.3559999999999945,0.6,none,0.0,
endurance,7,healthy,2362.0,86.91737918514906,86.60717905039589,618.3828212638385,1768.1120683835165,68.43265767691074,31.79742628401032,9.606854926790673,0.2361033686956504,13.010327051236999,19.92724212615242,0.6921448758568689,2816.0,-3.3039999999999736,0.6,none,0.0,
endurance,7,healthy,2363.0,87.21953169995209,87.27678365610412,628.965261308478,1760.1372267203265,68.71162685289036,33.290532884235816,9.61694463775355,0.2030894899024683,13.041475427448487,19.9295875876801,0.690558799529551,2808.0,-3.2520000000000095,0.6,none,0.0,
endurance,7,healthy,2364.0,87.51603216310274,87.41529914641487,621.4664533776978,1766.7905039961097,69.59799110802285,33.23763222668027,9.627020660030361,0.1626508696686343,13.035193648316096,19.877782728272127,0.6890072558248164,2800.0,-3.1999999999999886,0.6,none,0.0,
endurance,7,healthy,2365.0,87.80701304164005,88.89074687585712,617.993734544838,1763.0512234324697,68.27964782857397,32.46135357798191,9.637090050806028,0.25338063098024793,13.049308622626205,19.686864514935824,0.6874894354021729,2792.0,-3.1480000000000246,0.6,none,0.0,
endurance,7,healthy,2366.0,88.09260432681154,88.08122473059922,619.3844687233848,1762.7808425656526,68.2475406137989,34.193508626150994,9.647157667943898,0.20246447202718734,13.015008266568817,20.058754984939956,0.6860045440475964,2784.0,-3.0960000000000036,0.6,none,0.0,
endurance,7,healthy,2367.0,88.37293338108812,88.68163627989054,630.6678437943201,1756.6194747708248,68.52433014657501,32.46705307933594,9.657226856032375,0.2230379971133808,13.02898560388658,19.836786222151524,0.6845518036082302,2776.0,-3.0439999999999827,0.6,none,0.0,
endurance,7,healthy,2368.0,88.6481248550504,88.17615665405417,631.1355294302048,1770.823390140382,68.0629143189256,32.60006897801773,9.66729991842972,0.1714071629853431,13.09016916720675,19.999304279837805,0.6831304525001891,2768.0,-2.9920000000000186,0.6,none,0.0,
endurance,7,healthy,2369.0,88.91830065178634,88.19261428123372,628.3024164469931,1772.3991618177579,68.14521099519409,33.67962932143122,9.67737844206174,0.25387162485353454,13.045372351452333,20.27358822676225,0.6817397459260817,2760.0,-2.9399999999999977,0.6,none,0.0,
endurance,7,healthy,2370.0,89.18357992343995,88.94428687347212,623.5931030828732,1771.8094872394543,69.17268019680932,32.87267798803639,9.687463520903515,0.1677821674318059,13.045214614797146,20.073852379795863,0.6803789558960962,2752.0,-2.887999999999977,0.6,none,0.0,
endurance,7,healthy,2371.0,89.44407908936347,89.14912074128138,628.3084366563833,1765.5687922515883,67.96334298330706,33.2104357725173,9.69755590974949,0.2678465876124987,13.076338417063916,20.18397673443225,0.6790473711170948,2744.0,-2.8360000000000127,0.6,none,0.0,
endurance,7,healthy,2372.0,89.69991186863304,88.80766510244892,630.5462497105367,1773.4506154606568,68.00857394037102,33.706184396663495,9.707656130017204,0.21547519793869155,13.067743231145233,19.881024417356517,0.6777442967939526,2736.0,-2.783999999999992,0.6,none,0.0,
endurance,7,healthy,2373.0,89.95118932196235,90.53479617992913,632.4663457166696,1774.014772441928,68.54818249423525,33.98495351167013,9.717764542547052,0.2062785358568887,13.16904900527922,19.94785097058904,0.6764690543734739,2728.0,-2.731999999999971,0.6,none,0.0,
endurance,7,healthy,2374.0,90.1980198996117,90.48881700081017,628.4476445638609,1766.2242173194052,67.98352706675966,35.167615382246865,9.727881397693297,0.23481223747333185,13.165174644019363,19.843995816079556,0.6752209812516807,2720.0,-2.680000000000007,0.6,none,0.0,
endurance,7,healthy,2375.0,90.44050949296418,91.04502087400238,628.8973080092491,1761.8378581701402,68.84960037148566,34.182225176101426,9.738006869789888,0.11199078264667116,13.116858031816415,19.9614906122451,0.6739994304586955,2712.0,-2.627999999999986,0.6,none,0.0,
endurance,7,healthy,2376.0,90.67876148817943,90.64390824931027,635.0329521487224,1772.1754395054047,67.43619558261186,33.95879953010629,9.748141080865139,0.22242583374320216,13.098285216114867,20.06929611950654,0.6728037703309289,2704.0,-2.576000000000022,0.6,none,0.0,
endurance,7,healthy,2377.0,90.91287682084227,90.67209007980752,625.2833256553979,1772.5067672713703,69.0399358647287,33.981954035127124,9.758284116958984,0.16703591378336607,13.118198183534286,19.96461363411472,0.6716333841771922,2696.0,-2.524000000000001,0.6,none,0.0,
endurance,7,healthy,2378.0,91.14295403087263,91.14399158628008,623.3330052131258,1766.4089766714133,68.9453432862913,34.44919773671828,9.76843603935026,0.19648951021295413,13.07870131637222,19.711780928413013,0.6704876699432094,2688.0,-2.47199999999998,0.6,none,0.0,
endurance,7,healthy,2379.0,91.36908931720211,91.07995132721119,635.4011316225304,1770.0495631894787,68.60922348571695,33.87993486175594,9.77859689228183,0.18114162010556792,13.093644013927577,19.688849217282577,0.6693660398775576,2680.0,-2.420000000000016,0.6,none,0.0,
endurance,7,healthy,2380.0,91.59137659188725,92.68564383056477,627.9555693301552,1788.656003310284,69.2129115646257,32.868954713725,9.78876670827596,0.1857852542027975,13.054297919849278,19.929931909425935,0.6682679202010502,2672.0,-2.367999999999995,0.6,none,0.0,
endurance,7,healthy,2381.0,91.80990753344203,91.90665091452573,632.5371360311632,1769.5904577567132,67.64693595507836,34.69374244929193,9.79894551179162,0.17949362269667074,13.082163373063958,19.812201003077043,0.667192750780886,2664.0,-2.315999999999974,0.6,none,0.0,
endurance,7,healthy,2382.0,92.02477163924954,91.30409815409186,631.7673732735419,1771.742832241809,69.6821144328252,34.05874331143713,9.809133321740912,0.18817642849623475,13.11758282681397,20.03591796447586,0.6661399848104284,2656.0,-2.26400000000001,0.6,none,0.0,
endurance,7,healthy,2383.0,92.23605627696581,92.88361112416545,636.4821781969166,1771.4533389163648,68.49413966143013,34.74076827555191,9.81933015322066,0.06300980957623412,13.065300011780753,19.912476453588678,0.6651090884951415,2648.0,-2.211999999999989,0.6,none,0.0,
endurance,7,healthy,2384.0,92.44384673486465,92.60287725359794,626.19939728682,1771.1442316818832,68.40220632796508,34.685796398558814,9.829536018703648,0.27296062103065954,13.018817701756566,19.789775260041374,0.6640995407449939,2640.0,-2.160000000000025,0.6,none,0.0,
endurance,7,healthy,2385.0,92.64822627109719,92.69554584641467,631.4444746105905,1767.9348532698152,66.96273738639468,34.24819219083058,9.839750928858479,0.2250327701354729,13.085555086080461,20.115164739803607,0.6631108328734973,2632.0,-2.108000000000004,0.6,none,0.0,
endurance,7,healthy,2386.0,92.84927616185662,93.26973855187669,632.0508817670194,1776.0514117037726,68.21265160517072,35.34621008151591,9.849974893113545,0.19782049114406855,13.082215075169275,20.423613874389957,0.6621424683034298,2624.0,-2.055999999999983,0.6,none,0.0,
endurance,7,healthy,2387.0,93.04707574844973,92.55593762549522,631.3300266873977,1765.1219817644921,69.02694078199038,35.48632062419551,9.860207920045115,0.21384163886425975,12.952119769608435,19.841656370194276,0.6611939622792424,2616.0,-2.004000000000019,0.6,none,0.0,
endurance,7,healthy,2388.0,93.24170248328454,92.44270450858289,634.2887259399853,1774.3567898895762,68.82455158420476,34.816473068846,9.870450017644439,0.14723199752666813,13.071621058845077,19.867563114607897,0.6602648415860856,2608.0,-1.9519999999999982,0.6,none,0.0,
endurance,7,healthy,2389.0,93.43323197478834,93.53765980050072,631.6885037921788,1781.6764403729444,68.51360783029327,34.69425494280176,9.88070119350138,0.1651820768389509,13.077124864343851,20.091994853364653,0.6593546442753703,2600.0,-1.8999999999999773,0.6,none,0.0,
endurance,7,healthy,2390.0,93.62173803127368,93.7137883699913,631.2221576723049,1778.0158461421304,68.84757991466529,35.528893571789006,9.890961454930913,0.23107285046380405,13.08357165116297,19.96747993882434,0.6584629193967588,2592.0,-1.8480000000000132,0.6,none,0.0,
endurance,7,healthy,2391.0,93.80729270377186,94.18026128753787,633.8919581246163,1775.396918639574,68.37988111506523,34.5643857539253,9.901230809060095,0.2059854898900989,13.07496068992324,19.825651245274308,0.6575892267364633,2584.0,-1.7959999999999923,0.6,none,0.0,
endurance,7,healthy,2392.0,93.98996632785489,94.25459315025334,632.3653960814732,1775.5327219801943,68.38118291914766,35.02887927718502,9.91150926288788,0.24885996682265127,13.08974442478174,19.800695103525904,0.6567331365617217,2576.0,-1.7440000000000282,0.6,none,0.0,
endurance,7,healthy,2393.0,94.16982756446727,94.76963409698008,634.6357614620814,1784.4105537736882,69.51979833373574,34.1596149785542,9.921796823326376,0.12029384816912637,13.052115148779945,20.160777660621893,0.6558942293713294,2568.0,-1.6920000000000073,0.6,none,0.0,
endurance,7,healthy,2394.0,94.34694343978956,94.39783621151975,631.5492486438487,1777.5249545516112,68.81380875340955,36.02889232689111,9.932093497229097,0.1220001352167561,12.998630332615795,20.167870735811054,0.6550720956520791,2560.0,-1.6399999999999864,0.6,none,0.0,
endurance,7,healthy,2395.0,94.52137938415537,94.84124914031116,634.5101255468246,1770.8392839344156,68.36587366396884,35.03747052097475,9.942399291410515,0.22743476146248265,13.042519379864649,19.824499419487385,0.6542663356409899,2552.0,-1.5880000000000223,0.6,none,0.0,
endurance,7,healthy,2396.0,94.69319927004373,94.59234517427817,631.037917551247,1787.7075615361573,68.58904957819409,35.71824544999786,9.95271421265949,0.16436988483402393,13.025814484938476,20.319779782569114,0.6534765590931835,2544.0,-1.5360000000000014,0.6,none,0.0,
endurance,7,healthy,2397.0,94.8624654491681,95.11749344257748,638.9245360853366,1781.5554242090222,68.67355699444136,35.63070469787912,9.963038267748438,0.15879875218837405,13.054047296042453,19.997973065392717,0.6527023850552787,2536.0,-1.4839999999999804,0.6,none,0.0,
endurance,7,healthy,2398.0,95.02923878868305,95.4435299485874,634.6851094396218,1779.1783863544624,67.89707356325869,36.42365946150239,9.973371463439737,0.3112292843732666,13.148899208478689,20.129481787901,0.651943441644177,2528.0,-1.4320000000000164,0.6,none,0.0,
endurance,7,healthy,2399.0,95.19357870652972,95.65799270738232,631.9229850922908,1780.0647009202562,68.58770698898938,35.53391071002653,9.98371380649009,0.18825658636459258,13.01598124369724,20.085667215258677,0.6511993658311134,2520.0,-1.3799999999999955,0.6,none,0.0,
endurance,7,healthy,2400.0,95.35554320593992,95.72634088735497,629.6348969466944,1783.3935876293403,67.92015087386007,34.99855869483752,9.994065303653528,0.25380272533152204,13.060140846985206,20.231199883912595,0.650469803230842,2512.0,-1.3279999999999745,0.6,none,0.0,
endurance,7,healthy,2401.0,95.51518890911909,94.89971260936515,641.2688641892935,1774.3486434934819,69.80585645529005,36.19149480222757,10.004425961683452,0.22300400875428517,13.080679931586445,20.088674233921935,0.6497544078958428,2504.0,-1.2760000000000105,0.6,none,0.0,
endurance,7,healthy,2402.0,95.67257109012742,95.55755339922639,633.7641984847503,1781.5832901630924,68.06505852761488,36.389539640897596,10.014795787334123,0.1557290926703563,13.071275817466905,19.802729582490507,0.6490528421154274,2496.0,-1.2239999999999895,0.6,none,0.0,
endurance,7,healthy,2403.0,95.8277437069783,96.33152430503904,636.3784976375648,1773.0396329433922,67.92741273538971,35.59461745302351,10.025174787361575,0.09438716916941424,13.126370093807978,19.973882805473814,0.6483647762196225,2488.0,-1.1720000000000255,0.6,none,0.0,
endurance,7,healthy,2404.0,95.98075943297252,95.25451245246855,634.9118976275232,1778.0590064344447,67.5738298001111,35.10874028455575,10.035562968524344,0.1881932274259815,13.12841807406569,20.215986267426143,0.6476898883877295,2480.0,-1.1200000000000045,0.6,none,0.0,
endurance,7,healthy,2405.0,96.13166968728657,96.82421340010153,636.7550764428609,1781.034099165462,68.07301640281605,35.79364942393482,10.04596033758391,0.3056954776001253,13.056321220229309,19.66979219524759,0.6470278644614342,2472.0,-1.0679999999999836,0.6,none,0.0,
endurance,7,healthy,2406.0,96.28052466483264,95.25651924788967,635.7874166667947,1777.2656525924558,68.51125736051061,36.708461286148996,10.05636690130498,0.14960824908280598,13.11726234399804,19.829108622637044,0.646378397762372,2464.0,-1.0160000000000196,0.6,none,0.0,
endurance,7,healthy,2407.0,96.42737336540763,95.40841710554564,633.2634430888044,1779.739842913853,68.14681117895765,36.74472872878579,10.0667826664558,0.2505682220328153,13.066194751532644,19.953681874641827,0.6457411889140341,2456.0,-0.9639999999999986,0.6,none,0.0,
endurance,7,healthy,2408.0,96.57226362214834,97.0015853610228,635.7358909860769,1780.6597544364247,68.72953956837993,35.867907552927186,10.07720763980823,0.20320073307338224,13.192093508583751,20.166009273997187,0.6451159456679126,2448.0,-0.9119999999999777,0.6,none,0.0,
endurance,7,healthy,2409.0,96.715242129309,96.66220059643899,636.3763984306119,1786.15393190179,67.78867778390203,36.80086919286714,10.087641828137857,0.19362400366156582,13.053884078155608,20.25759179909985,0.6445023827337876,2440.0,-0.8600000000000136,0.6,none,0.0,
endurance,7,healthy,2410.0,96.8563544693775,96.98668412005173,630.9322651725648,1778.75996833278,68.9212447300745,36.004688717900095,10.098085238224133,0.2643392150382852,13.082774306871555,20.04042999698808,0.6439002216140541,2432.0,-0.8079999999999927,0.6,none,0.0,
endurance,7,healthy,2411.0,96.995645139546,97.3353153058344,640.2761468277104,1779.4000181484896,68.66153129399414,36.03355245441777,10.108537876850333,0.20048548586321746,13.016046860329713,20.640241781499654,0.6433091904419923,2424.0,-0.7559999999999718,0.6,none,0.0,
endurance,7,healthy,2412.0,97.13315757755134,97.59434369612562,639.9516076768435,1794.902847180684,69.00047166999346,36.598689448824246,10.118999750803656,0.2310472817490118,13.13056409586342,20.01948161196245,0.642729023823889,2416.0,-0.7040000000000077,0.6,none,0.0,
endurance,7,healthy,2413.0,97.2689341869001,97.55743676514233,637.6747811257911,1779.2925114078998,68.62555503697261,35.8810872277742,10.12947086687525,0.251531762775831,13.06841998032647,20.11903327943371,0.6421594626849205,2408.0,-0.6519999999999868,0.6,none,0.0,
endurance,7,healthy,2414.0,97.40301636149314,97.41915796572601,636.8250297387333,1789.4281256322124,68.571688042008,36.01152128528414,10.139951231860156,0.0849888534741754,13.01396217792571,20.0215080781568,0.6416002541187005,2400.0,-0.6000000000000227,0.6,none,0.0,
endurance,7,healthy,2415.0,97.53544450966389,96.83146855103092,643.7766238903328,1788.8813682823575,67.63775124519489,36.70800360917612,10.150440852557447,0.1753649255279794,13.081845985503032,19.765053997407616,0.6410511512404145,2392.0,-0.5480000000000018,0.6,none,0.0,
endurance,7,healthy,2416.0,97.66625807764413,97.54408877770697,634.173300070873,1786.2892622095283,68.62830508430226,36.83435004988084,10.160939735770098,0.12546312418993288,13.046219201750151,20.085212282335828,0.6405119130434471,2384.0,-0.4959999999999809,0.6,none,0.0,
endurance,7,healthy,2417.0,97.79549557247125,97.69458749976165,635.4575088685699,1785.598003783694,68.02409352446355,37.9090032720155,10.171447888305106,0.23522529008260623,12.986522263608233,19.750368556631553,0.639982304259427,2376.0,-0.4440000000000168,0.6,none,0.0,
endurance,7,healthy,2418.0,97.92319458435001,97.73205746219465,639.1531695980813,1775.6027331611167,69.00462599083376,37.257038169204606,10.18196531697343,0.15382446468130945,13.068461095898165,19.737509139297526,0.6394620952216008,2368.0,-0.3919999999999959,0.6,none,0.0,
endurance,7,healthy,2419.0,98.04939180848186,98.2509871625222,640.4152047926624,1785.077571195147,68.31138924240464,37.725181025866114,10.192492028590028,0.25874717508115236,13.13270170747548,19.93322081491159,0.6389510617314613,2360.0,-0.339999999999975,0.6,none,0.0,
endurance,7,healthy,2420.0,98.17412306637453,97.88093619604494,637.886323306959,1787.9766498349286,68.9972467543958,37.35396505008714,10.20302802997382,0.12198771651317404,13.04392094753816,20.219514713304513,0.6384489849285514,2352.0,-0.2880000000000109,0.6,none,0.0,
endurance,7,healthy,2421.0,98.29742332664435,98.7048001416915,638.0771356988705,1786.128248111077,68.99372980048773,37.179782973396534,10.213573327947747,0.2666163242075198,13.117185800005224,20.14057335969818,0.637955651163368,2344.0,-0.23599999999999,0.6,none,0.0,
endurance,7,healthy,2422.0,98.41932672532306,98.4554539185928,638.2868938267434,1781.5542106443838,69.12784686827011,37.79799770788027,10.22412792933873,0.2242769569763045,13.161898440708049,19.760782091816953,0.6374708518732906,2336.0,-0.18400000000002592,0.6,none,0.0,
endurance,7,healthy,2423.0,98.53986658568137,98.78263639221605,641.9329800950297,1789.9849924158134,68.34563926329808,38.038219779443324,10.234691840977696,0.12307022500680664,13.145831941711707,20.14288785591206,0.6369943834614665,2328.0,-0.132000000000005,0.6,none,0.0,
endurance,7,healthy,2424.0,98.65907543758031,98.97010002869955,637.7433496435108,1789.055339163386,68.43149215427765,38.671058042350175,10.245265069699576,0.16483666636598973,13.085767285094603,19.97666565441622,0.636526047178577,2320.0,-0.07999999999998408,0.6,none,0.0,
endurance,7,healthy,2425.0,98.77698503636205,98.73859168095741,637.8921511992323,1784.518619758708,67.93304220857395,36.69248045181178,10.255847622343264,0.23268039318985562,13.081567894490906,20.27105961801076,0.6360656490074201,2312.0,-0.02800000000002001,0.6,none,0.0,
endurance,7,healthy,2426.0,98.89362638129069,98.21197872391971,639.4473051486892,1787.199101214822,67.51318224059553,38.225442759989804,10.266439505751705,0.1956811084625016,13.019158297117983,19.94545519608273,0.6356129995502425,2304.0,0.02400000000000091,0.6,none,0.0,
endurance,7,healthy,2427.0,99.00902973355423,98.87720612811344,642.9042144209336,1793.0626839323236,69.42083842218995,37.34940988134743,10.277040726771833,0.2633854791318442,12.97726129332611,19.984258455868538,0.6351679139187505,2296.0,0.07600000000002183,0.6,none,0.0,
endurance,7,healthy,2428.0,99.12322463383776,98.89439301472663,639.8436936042925,1790.940195594729,68.9083105018994,37.96081151525723,10.287651292254557,0.12064836406637652,13.049435879591046,19.952525513039525,0.6347302116267429,2288.0,0.1279999999999859,0.6,none,0.0,
endurance,7,healthy,2429.0,99.23623991947832,99.617232401088,635.8489054981516,1782.8406734342145,68.58585017590516,37.99680582808733,10.298271209054864,0.21984638951143654,13.062444779158875,20.06324088897476,0.6342997164853007,2280.0,0.18000000000000682,0.6,none,0.0,
endurance,7,healthy,2430.0,99.34810374121125,98.56693749617438,647.6871635461481,1789.9400881783317,68.89303569132385,38.65034575847689,10.308900484031673,0.18746665621332687,13.12459206793515,20.081921780926105,0.6338762565004681,2272.0,0.23200000000002774,0.6,none,0.0,
endurance,7,healthy,2431.0,99.45884357951783,99.223449142911,641.6294358683537,1788.280872023909,68.96993929841211,38.53103832350339,10.319539124047965,0.23012382067715428,13.081505098141312,19.80356778294993,0.6334596637733743,2264.0,0.2839999999999918,0.6,none,0.0,
endurance,7,healthy,2432.0,99.56848626058378,99.55700924568211,643.1005431720761,1796.8919018102122,67.8561277650694,38.72565305731116,10.330187135970727,0.20565520303255466,13.16504037433643,20.06298421627999,0.6330497744027316,2256.0,0.33600000000001273,0.6,none,0.0,
endurance,7,healthy,2433.0,99.67705797187767,99.01343223712878,643.4643326410785,1797.4224782511449,68.19197994761663,38.53934733248205,10.34084452667093,0.2607270519355195,13.194743428368412,20.489822202599523,0.6326464283896536,2248.0,0.3879999999999768,0.6,none,0.0,
endurance,7,healthy,2434.0,99.7845842773585,99.96536803754294,639.0658548097283,1800.5816379833036,67.84964023304218,38.19317770109645,10.351511303023624,0.15254024015239043,13.134399023120984,19.746590854726488,0.6322494695447423,2240.0,0.4399999999999977,0.6,none,0.0,
endurance,7,healthy,2435.0,99.89109013232115,99.87977088632327,639.7714746935856,1791.2036709738145,68.26789123857122,38.86187042545952,10.362187471907815,0.22639271810977887,13.171468594133874,20.18781176883396,0.6318587453973842,2232.0,0.49200000000001864,0.6,none,0.0,
endurance,7,healthy,2436.0,99.99659989788837,99.22912687550729,644.7853425241602,1796.2992850554224,69.06904317101822,39.57758067920589,10.372873040206553,0.17723645594788462,13.103198729513329,20.045441188704338,0.6314741071072096,2224.0,0.5439999999999827,0.6,none,0.0,
endurance,7,healthy,2437.0,100.10113735515777,100.33357479227617,643.4000993988025,1791.6860808018553,68.91124731361195,38.618133783279575,10.383568014806936,0.30207861491185845,13.081980891121164,20.23426558391572,0.6310954093776581,2216.0,0.5960000000000036,0.6,none,0.0,
endurance,7,healthy,2438.0,100.20472571901192,99.95384333458799,642.176250841696,1801.6511689521412,69.20297855910687,38.406804401713984,10.394272402600043,0.2085338514627472,12.987363468952283,19.724909926695005,0.6307225103716003,2208.0,0.6480000000000246,0.6,none,0.0,
endurance,7,healthy,2439.0,100.30738765159965,99.94285141077178,645.017749680003,1797.9362442069744,67.64581572008302,39.613833301054115,10.404986210480999,0.27289414198408307,12.993035628694804,20.528596149598677,0.6303552716289722,2200.0,0.6999999999999886,0.6,none,0.0,
endurance,7,healthy,2440.0,100.40914527549641,100.84505574077467,646.0101462741849,1785.9051697935602,69.2492981597502,39.05139347205024,10.415709445348963,0.21784090323862607,13.193828875588155,20.115545511534197,0.6299935579863691,2192.0,0.7520000000000095,0.6,none,0.0,
endurance,7,healthy,2441.0,100.51002018655123,100.18401152232217,642.3593930446323,1802.651894787796,69.11028915674605,38.69013306519768,10.426442114107106,0.18458248471492816,13.151260802644119,20.10297040663558,0.6296372374985517,2184.0,0.8039999999999736,0.6,none,0.0,
endurance,7,healthy,2442.0,100.61003346642782,101.05915078669359,646.3767598681972,1790.9925122235622,69.32361815565939,39.247952959447275,10.437184223662664,0.20289568094145333,13.016268611219552,20.030228033770307,0.6292861813618258,2176.0,0.8559999999999945,0.6,none,0.0,
endurance,7,healthy,2443.0,100.7092056948471,101.03558405024204,639.4878415965486,1792.3607016539722,68.36170655409397,39.87300207589359,10.447935780926855,0.1199362995936829,13.179199149960859,20.176656641255732,0.6289402638392413,2168.0,0.9080000000000155,0.6,none,0.0,
endurance,7,healthy,2444.0,100.8075569615382,99.92614229249342,639.8355911794108,1803.6306782678976,68.92347570691976,39.576708524425776,10.458696792814967,0.1958050282487812,13.004486842973472,19.84554802684712,0.6285993621875752,2160.0,0.9599999999999795,0.6,none,0.0,
endurance,7,healthy,2445.0,100.90510687790494,100.27688657582952,645.0851476200249,1797.2817386281222,69.40738458665903,39.363941709102065,10.469467266246319,0.19956432483414,13.099680980224022,20.17966872660999,0.6282633565860536,2152.0,1.0120000000000005,0.6,none,0.0,
endurance,7,healthy,2446.0,101.00187458841452,100.47326574373025,644.4574666173716,1801.170930378757,68.74114343883346,39.91657856885196,10.480247208144272,0.1940638581918468,13.036675246195815,20.104379791336267,0.6279321300667677,2144.0,1.0640000000000214,0.6,none,0.0,
endurance,7,healthy,2447.0,101.09787878171507,101.19869695057173,649.2656942662086,1790.4435879966013,69.04009755211804,39.16571935976784,10.491036625436196,0.22477608378925049,13.009297962622865,19.923360492013817,0.6276055684467495,2136.0,1.1159999999999854,0.6,none,0.0,
endurance,7,healthy,2448.0,101.19313770148847,100.41034086389516,641.7616593287443,1799.8730382797733,68.11889533943518,39.062102594960855,10.501835525053538,0.1565456876902051,13.05969748482434,20.291614554013147,0.6272835602616642,2128.0,1.1680000000000064,0.6,none,0.0,
endurance,7,healthy,2449.0,101.2876691570448,101.56486466190896,638.4658045306332,1800.8920742208113,68.73931428126131,39.619575358146705,10.512643913931786,0.19813142893374483,13.108818851632812,20.024688389758424,0.626965996701079,2120.0,1.2200000000000273,0.6,none,0.0,
endurance,7,healthy,2450.0,101.38149053366452,101.23858296611661,638.8177345933777,1797.3708941142463,68.17727237639717,39.36045886875847,10.523461799010434,0.11560613415591009,13.086216547658399,19.89526224254097,0.6266527715452763,2112.0,1.2719999999999914,0.6,none,0.0,
endurance,7,healthy,2451.0,101.4746188026944,100.63835443478833,646.4460506945387,1802.123048212138,68.9402596638767,39.99825120569582,10.534289187233083,0.2110929928072125,13.118725737713866,19.834096867013606,0.6263437811035713,2104.0,1.3240000000000123,0.6,none,0.0,
endurance,7,healthy,2452.0,101.56707053140308,102.51373940799088,643.5733769893625,1799.55591018189,68.02977326453646,39.71950410729928,10.545126085547322,0.1670252438373904,13.151589934902496,19.692352448740845,0.6260389241540932,2096.0,1.3759999999999764,0.6,none,0.0,
endurance,7,healthy,2453.0,101.65886189260203,101.62763222173201,642.9421337583475,1796.6988576391022,69.39066626555368,39.17706616300168,10.555972500904835,0.19523010323724463,13.166191119899658,20.237893912351918,0.625738101885008,2088.0,1.4279999999999973,0.6,none,0.0,
endurance,7,healthy,2454.0,101.75000867403735,101.55923269063187,643.8146024327191,1800.3224499853245,69.47012795569299,39.21221359815757,10.56682844026134,0.33904343185420094,13.00439541121146,20.084291018207917,0.6254412178371337,2080.0,1.4800000000000182,0.6,none,0.0,
endurance,7,healthy,2455.0,101.84052628755794,102.9575762904182,642.3857639086502,1800.9788094144296,68.35991998449191,40.28597616214323,10.577693910576583,0.23114840097174924,13.120669458229543,20.09803929726491,0.6251481778479261,2072.0,1.5319999999999823,0.6,none,0.0,
endurance,7,healthy,2456.0,101.93042977806553,102.21059483623213,640.8728237843895,1793.5042345727245,68.54893876923352,39.63264669533986,10.588568918814433,0.2380257380394069,12.977016249938242,19.879954342246496,0.6248588899967974,2064.0,1.5840000000000032,0.6,none,0.0,
endurance,7,healthy,2457.0,102.01973383225148,101.62488822404725,645.0595321230328,1805.10992843996,69.25384467209346,40.24507889134338,10.59945347194274,0.24707969960225992,13.082694222321988,19.835244958877887,0.624573264551735,2056.0,1.636000000000024,0.6,none,0.0,
endurance,7,healthy,2458.0,102.10845278712554,101.73569889267289,649.027686676221,1803.325371177127,68.35075479883683,40.77347807943683,10.610347576933462,0.1879553585295209,13.10256761879869,19.93315218513206,0.624291213917193,2048.0,1.6879999999999882,0.6,none,0.0,
endurance,7,healthy,2459.0,102.1966006383417,101.70128170268688,648.0826544550471,1811.4649110685132,69.24769608778325,39.878498473445255,10.621251240762595,0.2682666567532279,13.116474036415195,20.083846874187067,0.624012652583225,2040.0,1.740000000000009,0.6,none,0.0,
endurance,7,healthy,2460.0,102.28419104832565,101.9239793752554,644.0083199629249,1803.4573616324888,68.6312448934159,39.882947670564064,10.632164470410201,0.10392008430218458,13.100524059413626,20.235638426519323,0.6237374970758255,2032.0,1.7919999999999732,0.6,none,0.0,
endurance,7,healthy,2461.0,102.37123735420877,102.90156997719599,643.150003785712,1807.6962192295414,69.81313191202473,40.74030890794637,10.643087272860429,0.2651014817505974,13.009712645647786,20.003939404533337,0.6234656659084562,2024.0,1.843999999999994,0.6,none,0.0,
endurance,7,healthy,2462.0,102.4577525755733,102.90827346333741,644.3047930794928,1795.0222087294785,69.66657676682378,40.704041747178884,10.65401965510145,0.21535942199146793,13.148927123406823,19.979474085074045,0.6231970795347245,2016.0,1.896000000000015,0.6,none,0.0,
endurance,7,healthy,2463.0,102.54374942201297,102.00925797671454,647.2608609543948,1800.7797538678853,68.44735311214899,40.34710409157628,10.664961624125533,0.1338606761663096,13.109636775982725,19.43839581618806,0.6229316603021895,2008.0,1.947999999999979,0.6,none,0.0,
endurance,7,healthy,2464.0,102.6292403005137,102.71204968510341,644.9816718769355,1801.5128149531292,68.72003574973354,41.54550812473727,10.675913186929012,0.196264244331842,13.129659973578404,20.31447460330609,0.6226693324072696,2000.0,2.0,0.6,none,0.0,
endurance,7,healthy,2465.0,102.71423732265856,102.79410217776947,646.0789807540317,1805.3887658281385,68.28137504077377,40.04577087174482,10.686874350512296,0.23500525849329562,13.061733999205487,20.252343308939153,0.6224100218512203,1992.0,2.052000000000021,0.6,none,0.0,
endurance,7,healthy,2466.0,102.79875231166116,102.98551268955303,649.1870288604506,1808.9435437339705,68.10395457735119,40.67521227611514,10.697845121879835,0.19239290439405327,13.110654260110833,19.830805287312383,0.6221536563971615,1984.0,2.103999999999985,0.6,none,0.0,
endurance,7,healthy,2467.0,102.88279680923158,102.62434821617393,641.619888502449,1802.3266949816284,69.0629352631155,40.465650061749734,10.7088255080402,0.19681459486009178,13.119766736256924,19.796223380696542,0.6219001655281307,1976.0,2.156000000000006,0.6,none,0.0,
endurance,7,healthy,2468.0,102.96638208227886,103.17686846434947,644.5727507369313,1809.0443843499334,68.79180422521496,40.36304954976153,10.71981551600601,0.2554830540809467,13.086819803581303,19.694915662134687,0.6216494804061302,1968.0,2.208000000000027,0.6,none,0.0,
endurance,7,healthy,2469.0,103.04951912945384,103.22099948629274,644.2411140701347,1804.3147676333479,69.19049755309736,40.727229759310205,10.730815152793951,0.19440885548851627,13.113502111248682,20.065926941859612,0.6214015338321526,1960.0,2.259999999999991,0.6,none,0.0,
endurance,7,healthy,2470.0,103.13221868753632,102.92737179750645,652.1417355076927,1804.2970185198972,69.13709868867353,40.18623472636965,10.74182442542483,0.2199920970537258,13.222662567744516,20.15922161093332,0.6211562602071583,1952.0,2.312000000000012,0.6,none,0.0,
endurance,7,healthy,2471.0,103.21449123767003,102.1940545687716,645.4285551897048,1801.3885343579602,68.72392140068682,40.79773616055624,10.752843340923489,0.2357715922746141,13.007931713513095,19.956084335741963,0.6209135954939787,1944.0,2.363999999999976,0.6,none,0.0,
endurance,7,healthy,2472.0,103.29634701144921,103.66500883679346,643.4134076684542,1813.318634237375,69.21140958074805,41.712059893032865,10.763871906318885,0.17295470974695007,13.124327600013132,19.83844680390024,0.6206734771801314,1936.0,2.415999999999997,0.6,none,0.0,
endurance,7,healthy,2473.0,103.37779599686031,103.71802726503716,647.1531736523617,1813.8415093678323,68.2820688843206,41.45155149423631,10.774910128644056,0.17555008318136406,13.021692421832146,20.036211360029274,0.6204358442415161,1928.0,2.4680000000000177,0.6,none,0.0,
endurance,7,healthy,2474.0,103.45884794408212,103.4087699138731,641.2419242359588,1802.9484505075195,68.84933602870385,41.41417178538711,10.785958014936089,0.13004683187708388,13.095212400093832,19.72160815248876,0.6202006371069775,1920.0,2.519999999999982,0.6,none,0.0,
endurance,7,healthy,2475.0,103.5395123711479,103.55095194872234,646.6401820889554,1804.4527881017918,68.97225260494214,41.2369730507378,10.797015572236226,0.13747102085931862,13.025382585829922,20.053518764677044,0.6199677976237125,1912.0,2.5720000000000027,0.6,none,0.0,
endurance,7,healthy,2476.0,103.6197985694726,103.10632624046305,646.8245553039891,1813.5981627245556,68.68563576517111,40.979968950153705,10.808082807589738,0.14794390697537022,13.071425077450618,20.194828299816752,0.6197372690234981,1904.0,2.6240000000000236,0.6,none,0.0,
endurance,7,healthy,2477.0,103.69971560924859,103.84673077277624,645.6374552952461,1810.3900150982736,68.03215571843303,40.95643809207025,10.819159728046012,0.2320212923033676,13.126224631742106,20.437332741637224,0.6195089958897267,1896.0,2.6759999999999877,0.6,none,0.0,
endurance,7,healthy,2478.0,103.77927234471284,104.41651413279571,645.0740980523765,1810.9964154746885,68.47473065698789,41.96122197697839,10.83024634065855,0.20281088104432887,13.12949537393787,19.78412627656789,0.619282924125224,1888.0,2.7280000000000086,0.6,none,0.0,
endurance,7,healthy,2479.0,103.8584774192887,103.68840447626536,652.7751171554968,1805.2485707259407,69.34133780455684,40.78723313135568,10.841342652484892,0.31405038072606517,13.044993527481756,19.814430127959668,0.619059000920834,1880.0,2.7799999999999727,0.6,none,0.0,
endurance,7,healthy,2480.0,103.93733927060534,103.70325905373987,646.1632145743832,1806.0993852683616,68.2155404172766,41.19431363625343,10.85244867058675,0.21280893610320897,13.136525637086905,19.833965155404215,0.6188371747247523,1872.0,2.8319999999999936,0.6,none,0.0,
endurance,7,healthy,2481.0,104.01586613539749,102.93528065444174,651.6314083019818,1812.7520339671216,68.78163593262889,40.58233074958208,10.863564402029866,0.1422696095722138,13.142452303740816,19.95139405974229,0.6186173952125885,1864.0,2.8840000000000146,0.6,none,0.0,
endurance,7,healthy,2482.0,104.09406605428876,104.26383069618176,650.9140332674322,1811.0163416265127,68.690021030629,41.598272340574695,10.874689853884114,0.23159113150677496,13.032756602935546,19.98568876729074,0.6183996132581424,1856.0,2.9359999999999786,0.6,none,0.0,
endurance,7,healthy,2483.0,104.17194687646088,103.38217037108672,646.9244136394997,1819.7652478310133,68.94928393484214,42.12891485322241,10.885825033223487,0.16481038505508666,13.03296407260659,19.722816530580033,0.6181837809048764,1848.0,2.9879999999999995,0.6,none,0.0,
endurance,7,healthy,2484.0,104.24951626421186,104.05627915185069,647.4589806140752,1818.9647295414352,68.27954684784743,42.01495017939165,10.896969947126045,0.18739124405818458,13.069571202512908,20.04925666389549,0.617969851338065,1840.0,3.0400000000000205,0.6,none,0.0,
endurance,7,healthy,2485.0,104.32678169740562,104.51824807489743,647.1376914769518,1813.869744488934,69.16476591951313,42.70408512022285,10.90812460267397,0.17798295510020076,13.142671696364147,20.236796675608243,0.6177577788576092,1832.0,3.0919999999999845,0.6,none,0.0,
endurance,7,healthy,2486.0,104.40375047781563,104.58154042702634,646.393661655044,1816.214667427001,68.65097926879862,41.681786659969674,10.919289006953564,0.16579181689333128,13.109887186593479,19.824308416465936,0.6175475188514993,1824.0,3.1440000000000055,0.6,none,0.0,
endurance,7,healthy,2487.0,104.48042973336518,104.57068597005667,645.4813507546859,1809.1111902914608,69.21271672589671,42.04360179761028,10.930463167055224,0.18727141651229473,13.132375065086737,20.047122192207066,0.6173390277699055,1816.0,3.1960000000000264,0.6,none,0.0,
endurance,7,healthy,2488.0,104.55682642226665,104.4187628161508,650.6703951917309,1812.30163349371,69.03592707818605,42.58982874974864,10.941647090073449,0.2034892854790128,13.18652264494422,19.98609013546811,0.6171322630998896,1808.0,3.2479999999999905,0.6,none,0.0,
endurance,7,healthy,2489.0,104.63294733706226,104.92021284810306,650.5490376865907,1819.0853761292076,68.5481713257733,42.71766559836031,10.952840783106872,0.14979424560051086,13.103522493654376,19.906431085088837,0.6169271833407173,1800.0,3.3000000000000114,0.6,none,0.0,
endurance,7,healthy,2490.0,104.70879910856861,104.69826046910526,644.5221726031433,1813.0528492042708,68.66427258192925,42.801653706827025,10.964044253258223,0.21960344539923796,13.027287212228265,19.991450799587195,0.616723747979756,1792.0,3.3519999999999754,0.6,none,0.0,
endurance,7,healthy,2491.0,104.78438820972725,105.71842924519007,647.8993564968,1820.0329208515222,69.11227187742712,42.649638460707834,10.975257507634364,0.19254062611577555,13.033559107523763,19.742526371895234,0.6165219174689522,1784.0,3.4039999999999964,0.6,none,0.0,
endurance,7,healthy,2492.0,104.85972095936364,103.99460082514061,644.4552689288705,1819.3276547160508,68.61722827423348,42.65715819298694,10.986480553346277,0.1962156789990585,13.04080953386087,20.18131179609308,0.6163216532018614,1776.0,3.4560000000000173,0.6,none,0.0,
endurance,7,healthy,2493.0,104.93480352585658,105.54974173118822,646.1183906524058,1819.0184146897325,68.91729261091513,42.59533340651563,10.99771339750903,0.08846980213830509,13.109043491157761,19.72069465706392,0.6161229174912309,1768.0,3.5079999999999814,0.6,none,0.0,
endurance,7,healthy,2494.0,105.00964193072026,104.63235287397539,652.5605019522001,1822.3636127532513,69.1101378919529,42.42686454688672,11.008956047241844,0.22000893708067057,13.193127230371495,20.205894105061443,0.6159256735471152,1760.0,3.5600000000000023,0.6,none,0.0,
endurance,7,healthy,2495.0,105.08424205210106,105.3721405150845,646.3662873583912,1826.6177686179474,69.500251930033,42.31453195950946,11.020208509668066,0.3136376452355464,13.169527637412507,20.019085851418915,0.6157298854555089,1752.0,3.612000000000023,0.6,none,0.0,
endurance,7,healthy,2496.0,105.15860962819103,105.31465851467634,649.321760629065,1815.5564831101656,68.95413968454122,42.21507885420072,11.031470791915126,0.19367909289539695,13.024057299116532,19.769213236684706,0.6155355181574931,1744.0,3.6639999999999873,0.6,none,0.0,
endurance,7,healthy,2497.0,105.23275026056018,104.8042753332331,647.4872403657319,1811.3829315603978,68.62569676383107,43.3051660954565,11.042742901114652,0.26809432783381126,13.095481993222728,19.772699369026984,0.6153425374288757,1736.0,3.716000000000008,0.6,none,0.0,
endurance,7,healthy,2498.0,105.30666941740934,105.72141886823023,648.816064165365,1816.7758895480654,70.00288160019902,43.1276237695153,11.054024844402335,0.13476859668403246,13.106594555305652,20.260367273514706,0.6151509098603167,1728.0,3.768000000000029,0.6,none,0.0,
endurance,7,healthy,2499.0,105.38037243674565,106.10614537104887,643.7438825923979,1811.9710134721252,68.95373618387501,42.28619109940241,11.06531662891802,0.26157727250190943,13.133289295982696,19.935840431176914,0.6149606028379265,1720.0,3.819999999999993,0.6,none,0.0,
endurance,7,healthy,2500.0,105.45386452948239,104.59063361174663,651.2229346348078,1812.4953015548044,69.4113162608934,42.3662742286014,11.076618261805699,0.31364109615023333,13.169288824365763,19.451985518505246,0.6147715845243283,1712.0,3.872000000000014,0.6,none,0.0,
endurance,7,healthy,2501.0,105.52715078246504,105.76998740554419,648.4228793958368,1835.8408996511782,68.6599922612762,42.30053448406892,11.087929750213453,0.25725214946646113,13.09801762126702,20.19240112831196,0.6145838238401674,1704.0,3.923999999999978,0.6,none,0.0,
endurance,7,healthy,2502.0,105.60023616142529,105.74301034919328,652.469500169856,1824.3306086298844,68.01981052554032,42.98777601084854,11.099251101293575,0.18383104621930796,13.074078271554395,19.89834596426264,0.6143972904460651,1696.0,3.975999999999999,0.6,none,0.0,
endurance,7,healthy,2503.0,105.67312551386465,105.91222184152966,649.0436571446802,1822.0090641357892,69.79798254231406,43.61553552360344,11.110582322202415,0.12511961835793825,13.04639918259459,19.971301492991834,0.6142119547249989,1688.0,4.02800000000002,0.6,none,0.0,
endurance,7,healthy,2504.0,105.74582357186948,105.70735578091333,647.9898251339413,1825.1644846068834,68.52058447337956,43.07958506492651,11.121923420100499,0.2475064192175046,13.15520760085256,19.788574656038474,0.6140277877651037,1680.0,4.079999999999984,0.6,none,0.0,
endurance,7,healthy,2505.0,105.818334954859,105.52869345469294,658.320944773774,1819.5567801815996,67.972030026736,43.72721877264954,11.133274402152509,0.20638771176991572,13.081681601273417,20.222255595153758,0.6138447613428836,1672.0,4.132000000000005,0.6,none,0.0,
endurance,7,healthy,2506.0,105.89066417226779,106.49197576132339,647.3032578217438,1827.392973637294,69.05467748019528,42.72136209541032,11.144635275527238,0.1733028309036297,13.143562430301108,20.398705496207928,0.6136628479068204,1664.0,4.184000000000026,0.6,none,0.0,
endurance,7,healthy,2507.0,105.96281562616451,105.8924574388152,651.2589478233268,1816.6853646640361,68.78870671617375,42.461203276003594,11.156006047397629,0.2927501460048458,13.071495383307994,20.190426553476424,0.6134820205613747,1656.0,4.23599999999999,0.6,none,0.0,
endurance,7,healthy,2508.0,106.03479361380822,106.36606819705833,648.7850714742259,1816.0921219429163,68.19464375287033,43.67080308826611,11.16738672494079,0.23529215628244957,13.041689818642759,19.95436985999719,0.6133022530513685,1648.0,4.288000000000011,0.6,none,0.0,
endurance,7,healthy,2509.0,106.10660233014383,106.06339643597205,651.620037039589,1828.2975923271483,68.65505983431031,42.96742908883563,11.178777315337959,0.1590875799046547,13.067217523483155,19.868948760325754,0.6131235197467368,1640.0,4.339999999999975,0.6,none,0.0,
endurance,7,healthy,2510.0,106.17824587023816,106.37956436493288,656.2474001624047,1815.263898862418,68.709639834777,43.278280239707605,11.190177825774532,0.266991813481975,13.095546340271113,20.170737384971062,0.6129457956276457,1632.0,4.391999999999996,0.6,none,0.0,
endurance,7,healthy,2511.0,106.249728231658,106.09396532096152,652.7467053988726,1828.5329344617803,68.69846742249732,43.10842270029962,11.20158826344006,0.17455829014025265,13.137540769638157,19.522365372209006,0.6127690562699609,1624.0,4.444000000000017,0.6,none,0.0,
endurance,7,healthy,2512.0,106.32105331679155,106.55930964854198,653.5508181621448,1822.52057805155,68.36468667825997,43.398400157061594,11.213008635528226,0.20775364296559093,13.188499330859216,19.88983334806864,0.612593277831066,1616.0,4.495999999999981,0.6,none,0.0,
endurance,7,healthy,2513.0,106.39222493511453,105.72929182413593,648.6070508920085,1823.5727413565428,68.90948975974378,43.23158538820955,11.224438949236891,0.20432702290551244,13.086134763352558,20.18625200435189,0.6124184370360173,1608.0,4.548000000000002,0.6,none,0.0,
endurance,7,healthy,2514.0,106.46324680540242,106.75038261428914,652.1210340349928,1823.2421542584348,69.15226169985017,45.04619246113179,11.23587921176807,0.2420664267412252,13.081822767515419,20.012005127150683,0.6122445111640259,1600.0,4.600000000000023,0.6,none,0.0,
endurance,7,healthy,2515.0,106.53412255789,106.94197654511113,647.5756395342282,1825.1461135337058,68.83379044913572,43.67879255048264,11.247329430327909,0.15859194189141604,13.083139126100692,20.21190907299744,0.6120714780352648,1592.0,4.651999999999987,0.6,none,0.0,
endurance,7,healthy,2516.0,106.60485573637942,105.80058808967993,652.5030847139209,1822.6114432970785,69.45713124224982,43.997106473716855,11.258789612126764,0.19959555895157893,13.108278767333434,20.175600052570346,0.6118993159979892,1584.0,4.704000000000008,0.6,none,0.0,
endurance,7,healthy,2517.0,106.67544980029814,106.54149134680404,650.0415738707605,1823.7375295331603,68.96660350234392,43.93378708875547,11.270259764379096,0.23644155338188277,13.096603995062575,19.59696293612187,0.6117280039159616,1576.0,4.755999999999972,0.6,none,0.0,
endurance,7,healthy,2518.0,106.74590812670786,106.95223336677434,652.8721157522109,1826.8304888499158,69.09122006597018,44.777525814927785,11.281739894303573,0.222755892592537,13.17842539561003,19.889217795130655,0.6115575211561799,1568.0,4.807999999999993,0.6,none,0.0,
endurance,7,healthy,2519.0,106.81623401226561,106.80309692850497,648.502218014978,1830.5838881699572,68.74847412620659,44.40402453170158,11.293230009123024,0.19099630601274026,13.141897616995212,19.77750381752529,0.6113878475768935,1560.0,4.860000000000014,0.6,none,0.0,
endurance,7,healthy,2520.0,106.13381342892566,106.72248646407188,646.3169255327663,1669.057143220295,67.94980791391625,44.31714037245545,5.159823165604105,0.318881940056491,13.060102062002612,19.666632547656853,0.6158172667359546,1552.0,4.911999999999978,0.3,none,0.0,
endurance,7,healthy,2521.0,105.42753474106102,104.75023102713372,649.8534458629229,1548.6278822692816,66.91749694612186,43.415569913543294,4.826097762837648,0.2517954565314537,12.9549920996078,19.957870199887555,0.6203924529491356,1544.0,4.963999999999999,0.3,none,0.0,
endurance,7,healthy,2522.0,104.71091010938174,105.72616593248871,647.8377047496477,1474.4891100822208,66.5960175727598,44.687445291526814,4.597690371067336,0.1485156086388929,12.917868919154849,20.15343907912501,0.6250308502925382,1536.0,5.0160000000000196,0.3,none,0.0,
endurance,7,healthy,2523.0,103.99308494698664,104.46776926134596,648.9538656682935,1440.9108346851367,65.3246801657781,43.14937300621487,4.441747776472138,0.17506958553395122,12.854014653546107,19.754992320320877,0.6296765825784816,1528.0,5.067999999999984,0.3,none,0.0,
endurance,7,healthy,2524.0,103.28020596126314,103.54818417082248,649.1782502317546,1400.5540360325408,65.49323734034276,44.12546957641744,4.335665390873614,0.31840118655790617,12.844241591934436,19.913626924917512,0.6342920949615058,1520.0,5.1200000000000045,0.3,none,0.0,
endurance,7,healthy,2525.0,102.5763616009488,102.7280185533103,642.6242771029724,1363.2869150901013,64.1772930653691,43.63885167759928,4.2638901750269165,0.2118830233865076,12.7775614469914,19.94214053075866,0.63832145640909,1512.0,5.1720000000000255,0.3,none,0.0,
endurance,7,healthy,2526.0,101.8842285336879,101.98494654509923,645.368455651504,1362.668038433379,65.32512363385636,43.2244658028814,4.215720894863381,0.12020457505990151,12.883058973315139,19.61114484990211,0.6418877657530286,1504.0,5.2239999999999895,0.3,none,0.0,
endurance,7,healthy,2527.0,101.20551602145326,101.18415126824999,647.4110005663549,1341.1829536173889,64.99216477519121,42.658708786122524,4.183794591376665,0.2518193856061399,12.842810963775774,19.987746905452003,0.6456638729594466,1496.0,5.2760000000000105,0.3,none,0.0,
endurance,7,healthy,2528.0,100.54127135260521,100.76995213626238,642.4134076516948,1337.7032361125277,64.839976516363,44.20298680315857,4.163045198845545,0.13735190791059732,12.940720561302118,20.279943972733932,0.6495521944458424,1488.0,5.3279999999999745,0.3,none,0.0,
endurance,7,healthy,2529.0,99.89208975219904,99.61649609770308,641.6141950803617,1326.8988066156214,64.4385400026978,42.672412676591954,4.149987024010167,0.1374341419930371,12.739330494409831,19.96543277472308,0.6534864039086494,1480.0,5.3799999999999955,0.3,none,0.0,
endurance,7,healthy,2530.0,99.25825862285593,97.9963690827473,641.3764441334931,1326.7224795242314,64.45752838850613,42.899378289990835,4.142221745305647,0.15672491742474304,12.881894617698734,19.69185986282867,0.6574216462709617,1472.0,5.432000000000016,0.3,none,0.0,
endurance,7,healthy,2531.0,98.63985663962139,98.17612110498256,638.004912262677,1327.9910746034209,65.22219542913278,42.59535442591995,4.138099204689273,0.16309280225354095,12.80602457474575,19.691692664783588,0.6613278102038025,1464.0,5.4839999999999804,0.3,none,0.0,
endurance,7,healthy,2532.0,98.03682180862462,97.83226424539906,638.6976506047312,1323.6693828624855,63.55794801790303,42.69986472224425,4.136484016183161,0.21642574639055007,12.73764932944978,19.804265091142348,0.6651849034064125,1456.0,5.536000000000001,0.3,none,0.0,
endurance,7,healthy,2533.0,97.44899818999514,97.43721603660015,637.8996458083079,1324.9260484819317,63.98664732210218,42.554784088687065,4.136594981405445,0.1603145972537546,12.869136483778382,19.880260262446207,0.6689798735233112,1448.0,5.588000000000022,0.3,none,0.0,
endurance,7,healthy,2534.0,96.87616795406113,96.67162814977311,632.3562081435214,1319.1475215932749,63.99560895012481,43.13238952498214,4.137894599803125,0.16212927703185026,12.86012913752652,19.722905851730083,0.6727044229268451,1440.0,5.639999999999986,0.3,none,0.0,
endurance,7,healthy,2535.0,96.3180733557462,96.08941282106524,636.8436419352317,1319.2684290899913,64.1257832580021,41.89290810263787,4.140013046438245,0.08950950060497005,12.683378596787884,19.94774848807244,0.6763535067726758,1432.0,5.692000000000007,0.3,none,0.0,
endurance,7,healthy,2536.0,95.77443177925659,96.07132377757083,640.1227139397585,1321.6313146770392,63.08600389044501,42.83125465746547,4.142695865097517,0.18085262575084637,12.782993343444636,20.040694564777098,0.6799243007960716,1424.0,5.744000000000028,0.3,none,0.0,
endurance,7,healthy,2537.0,95.24494602008656,95.1098352185517,634.6108789493973,1324.9483812976125,64.13309427494691,41.491811488327315,4.1457679786751385,0.14613110458104017,12.832542853914847,19.66651308863748,0.6834154920458821,1416.0,5.795999999999992,0.3,none,0.0,
endurance,7,healthy,2538.0,94.72931129413739,95.31642078051104,633.6945229747553,1318.8441962444858,63.81304046895904,42.761547793560545,4.149108926615896,0.34121951966633146,12.739334519585384,20.017291174590625,0.6868267916292626,1408.0,5.848000000000013,0.3,none,0.0,
endurance,7,healthy,2539.0,94.2272199981498,94.16964155804189,631.693890958426,1329.1853490318383,63.63956370857958,42.203995037936124,4.152635827108562,0.12894843500184766,12.900834910102517,19.79975372541308,0.6901586000800922,1400.0,5.899999999999977,0.3,none,0.0,
endurance,7,healthy,2540.0,93.73836492555351,93.73744477263608,633.8906272999848,1327.825565432005,64.29777750206448,42.08712100086522,4.156291654273558,0.18126760310639034,12.808339642538233,19.94790718043473,0.6934117776477025,1392.0,5.951999999999998,0.3,none,0.0,
endurance,7,healthy,2541.0,93.26244142177175,93.20251078569923,633.6909086276142,1327.5467730390724,64.66028187742704,41.761801049136686,4.160037172317787,0.15409393102438687,12.79190337856404,19.96982382797633,0.6965874867100286,1384.0,6.004000000000019,0.3,none,0.0,
endurance,7,healthy,2542.0,92.79914881172486,93.46492138206241,630.3056347463513,1327.769406835046,65.30739108894221,41.63569300465024,4.163845385855371,0.13911241676629238,12.878751556340488,20.014004049002626,0.6996870837642172,1376.0,6.055999999999983,0.3,none,0.0,
endurance,7,healthy,2543.0,92.34819132826273,92.1944207927609,629.4322631302007,1329.2736898321332,64.3783996029351,42.126635119102815,4.167697721469025,0.17771500779100552,12.793847578886403,19.629571849801142,0.7027120454938425,1368.0,6.108000000000004,0.3,none,0.0,
endurance,7,healthy,2544.0,91.90927869874727,92.2334802605635,626.9988737732574,1335.261024857696,63.7042285117447,41.68371113086587,4.171581400446133,0.1745571452147841,12.688426104702854,19.80075648991987,0.7056639182560797,1360.0,6.160000000000025,0.3,none,0.0,
endurance,7,healthy,2545.0,91.48212649784423,90.8894851826716,632.3038168111215,1323.1403022911472,64.00605168971246,41.23108171753009,4.175487631098994,0.13776209948267504,12.72450155698835,19.780069443400368,0.7085442836625802,1352.0,6.211999999999989,0.3,none,0.0,
endurance,7,healthy,2546.0,91.06645634078603,90.6964558433685,626.9769047390917,1322.1013637052213,65.4560024632824,41.753071029541715,4.179410364997201,0.2412431184838362,12.816259462457904,19.74823145920545,0.711354735217423,1344.0,6.26400000000001,0.3,none,0.0,
endurance,7,healthy,2547.0,90.66199596813166,90.3546680123982,630.4430557942657,1328.0275426260657,63.44672496129638,41.538952301895435,4.183345441197889,0.18462100978927648,12.791651305771133,20.041769622635304,0.7140968625496311,1336.0,6.315999999999974,0.3,none,0.0,
endurance,7,healthy,2548.0,90.26847925707641,90.59593789206396,624.2928703444828,1325.2832276323484,64.06744601591514,40.91065035434321,4.187289997436616,0.13918208508085192,12.730974945658135,20.077536217883203,0.7167722408599637,1328.0,6.367999999999995,0.3,none,0.0,
endurance,7,healthy,2549.0,89.88564618338263,89.85059549078228,627.3124906980278,1321.106048434224,64.27020669521065,41.71980558268494,4.1912420649994875,0.20232801855666233,12.820560828210814,19.817371960321037,0.7193824239456785,1320.0,6.420000000000016,0.3,none,0.0,
endurance,7,healthy,2550.0,89.5132427504541,89.39096929588015,628.5366056114967,1324.7437832090013,64.48007729872012,40.30386647796429,4.195200289976592,0.2242242868134423,12.916019837447184,19.813138967803418,0.72192893967849,1312.0,6.47199999999998,0.3,none,0.0,
endurance,7,healthy,2551.0,89.151020896887,88.38838633829603,629.9232584015493,1341.5964265710375,64.37209314304746,40.89725655552288,4.199163741471529,0.21405235317971086,12.792677141885076,19.98044025634899,0.7244132871625861,1304.0,6.524000000000001,0.3,none,0.0,
endurance,7,healthy,2552.0,88.79873839026402,88.45573271976832,628.6117938838041,1330.5432694607478,64.19457795192085,40.74997019056571,4.203131779640778,0.23529681528067928,12.777256252061072,19.889765268839902,0.726836935041326,1296.0,6.576000000000022,0.3,none,0.0,
endurance,7,healthy,2553.0,88.4561587125057,88.3080521140501,620.7073708824289,1331.9878342674929,63.88536099339057,41.63931120125192,4.207103964898753,0.2628383069106661,12.715445182653799,20.092932549869676,0.729201320587458,1288.0,6.627999999999986,0.3,none,0.0,
endurance,7,healthy,2554.0,88.12305094040887,88.28150977395704,625.6640959471483,1332.1462194926648,64.84489466760081,40.59409486210947,4.2110799954467675,0.1415808859740505,12.825171935966637,20.150702220364597,0.7315078493259499,1280.0,6.680000000000007,0.3,none,0.0,
endurance,7,healthy,2555.0,87.79918962384376,88.47360537745945,628.3659556377461,1334.1624452057551,64.35980176729947,40.47643503449901,4.21505966429008,0.14570382426975825,12.843655799152955,19.962905232573135,0.7337578950170742,1272.0,6.732000000000028,0.3,none,0.0,
endurance,7,healthy,2556.0,87.48435466328593,86.3959066440691,624.2576298457477,1325.894846605565,64.24052991608829,40.72485139333246,4.219042829663678,0.2639754295776142,12.8610578529297,19.873146324359087,0.7359527998814028,1264.0,6.783999999999992,0.3,none,0.0,
endurance,7,healthy,2557.0,87.17833118781326,87.59648172978369,623.0659890756343,1325.98086962066,64.75779255085784,41.55071490703107,4.223029394683918,0.1993642815150004,12.787491561874187,20.196462561629247,0.7380938749854788,1256.0,6.836000000000013,0.3,none,0.0,
endurance,7,healthy,2558.0,86.88090943432253,86.91870663524662,630.1591777077404,1324.4674228744798,64.52176854409467,39.92728932142005,4.227019293347859,0.13919088095230878,12.844483405931008,20.215158050679346,0.7401824007324509,1248.0,6.887999999999977,0.3,none,0.0,
endurance,7,healthy,2559.0,86.59188462846343,86.01157170270315,622.444386696032,1331.0879800515454,64.97243664785066,40.483341787409344,4.231012480900255,0.21339963917798363,12.8336939218588,20.334193106657974,0.7422196274195065,1240.0,6.939999999999998,0.3,none,0.0,
endurance,7,healthy,2560.0,86.3110568676109,86.50916023331396,621.9041437992222,1330.5446413325403,64.83218869246996,39.8033838134214,4.235008927205551,0.1642487731998849,12.774900571124164,20.30839728939909,0.7442067758359832,1232.0,6.992000000000019,0.3,none,0.0,
endurance,7,healthy,2561.0,86.03823100607632,85.79777913957359,623.5017889616494,1335.0410893905637,63.69957722575208,41.244796678474565,4.239008612187534,0.13372608205706293,12.85670589064764,20.13401891713687,0.7461450378843326,1224.0,7.043999999999983,0.3,none,0.0,
endurance,7,healthy,2562.0,85.77321654267537,87.10901450614011,623.181649431558,1336.3006513219027,63.863349453001746,39.86170007776828,4.243011522691649,0.19464546298905386,12.797798879295943,19.487131409713733,0.7480355772118024,1216.0,7.096000000000004,0.3,none,0.0,
endurance,7,healthy,2563.0,85.51582751071393,85.15798517188483,619.0781057866958,1325.7140356894238,64.94308322660649,40.388089631778485,4.247017650326058,0.22012316451926572,12.833477292496148,20.218763046598532,0.7498795298446063,1208.0,7.148000000000025,0.3,none,0.0,
endurance,7,healthy,2564.0,85.26588237041553,85.04412518385323,624.1727744150843,1319.1069708778687,64.458380583872,39.66082243159648,4.251026989976262,0.20377944653040186,12.821102197157048,19.851856760174748,0.7516780048190522,1200.0,7.199999999999989,0.3,none,0.0,
endurance,7,healthy,2565.0,85.02320390378759,85.23104792657286,619.9734332814717,1330.1693617594447,65.34763112514395,39.30600929272885,4.255039538783059,0.19171092543257945,12.70829517417703,19.89844135899251,0.7534320848059285,1192.0,7.2520000000000095,0.3,none,0.0,
endurance,7,healthy,2566.0,84.78761911190692,85.0420895536874,619.2958049548243,1321.3507136829435,64.13575669254281,39.19621327364792,4.259055295439326,0.2175882311316378,12.856655209027462,20.173097235698442,0.7551428267257192,1184.0,7.303999999999974,0.3,none,0.0,
endurance,7,healthy,2567.0,84.55895911459284,84.66161515383118,617.7962440543987,1326.754602257647,64.9724164431534,40.16715153124823,4.26307425970622,0.19222806820482333,12.824130394430375,20.126118490923034,0.7568112623530925,1176.0,7.3559999999999945,0.3,none,0.0,
endurance,7,healthy,2568.0,84.33705905242934,83.64211500416808,623.7264222700006,1324.5990845420993,65.1300324995505,40.35785591477545,4.26709643208024,0.1456313576810515,12.835442339872769,20.06709724965432,0.7584383989096835,1168.0,7.4080000000000155,0.3,none,0.0,
endurance,7,healthy,2569.0,84.12175799109271,84.63998957011377,620.3156585495028,1323.499573619411,65.53914475709617,40.2585556426407,4.271121813564204,0.15483656454097702,12.866515613689836,20.145822700892868,0.7600252196446191,1160.0,7.4599999999999795,0.3,none,0.0,
endurance,7,healthy,2570.0,83.9128988279383,83.58285973124255,620.4950903060665,1330.1086495161874,63.483246376722825,38.95540718837994,4.275150405509645,0.1373738639513612,12.872685807111369,19.96149772673736,0.7615726844024928,1152.0,7.5120000000000005,0.3,none,0.0,
endurance,7,healthy,2571.0,83.71032820079851,83.5801520952766,616.0405002166262,1324.1903030214442,64.57204031718136,39.59195875730996,4.279182209508373,0.3100118594187335,12.837935138228465,20.391405093774072,0.7630817301786887,1144.0,7.564000000000021,0.3,none,0.0,
endurance,7,healthy,2572.0,83.51389639894329,82.71186684112948,622.345632548545,1330.2786130693235,64.7831149424872,38.94392762812673,4.283217227317877,0.2164940715095197,12.749901907824114,20.176567430396087,0.7645532716620872,1136.0,7.6159999999999854,0.3,none,0.0,
endurance,7,healthy,2573.0,83.32345727615463,83.5355340750558,620.9311125478005,1321.452553923303,63.98435723106075,39.54166342731782,4.287255460809994,0.223129545485525,12.826268872709106,19.870839338325876,0.7659882017652637,1128.0,7.668000000000006,0.3,none,0.0,
endurance,7,healthy,2574.0,83.13886816586644,83.41702005478982,613.8598327273884,1329.3884188897564,65.34833715193548,39.078369188321766,4.291296911935579,0.19863618529420687,12.840601815644439,19.978469751369662,0.7673873921423449,1120.0,7.720000000000027,0.3,none,0.0,
endurance,7,healthy,2575.0,82.95998979832206,84.000795591501,619.5449357502063,1329.881495095942,65.08663181395109,39.587809893673416,4.295341582700209,0.15014613252184586,12.785941215842978,19.778222867801965,0.7687516936947327,1112.0,7.771999999999991,0.3,none,0.0,
endurance,7,healthy,2576.0,82.78668621970219,82.22386048658079,618.6717874347034,1323.1082187693705,64.68778500953357,40.26917008915205,4.299389475147478,0.18725492496100637,12.872581768810464,20.086032012216787,0.7700819370649223,1104.0,7.824000000000012,0.3,none,0.0,
endurance,7,healthy,2577.0,82.61882471317703,82.87696412721172,621.3816696225488,1333.7620321971601,64.23959544113127,39.91697573055627,4.303440591347469,0.1930304684015124,12.82569897280921,19.770523247902197,0.7713789331186516,1096.0,7.875999999999976,0.3,none,0.0,
endurance,7,healthy,2578.0,82.45627572183713,81.82037527882588,615.4234559189642,1334.3379527263562,63.87077536867554,39.05851844097899,4.307494933388856,0.15652485959862944,12.87145127578124,19.928253085902053,0.7726434734156389,1088.0,7.927999999999997,0.3,none,0.0,
endurance,7,healthy,2579.0,82.29891277345861,82.44521413774298,615.9851318709327,1330.3344166489228,65.1495611558112,38.80263991686657,4.311552503373454,0.12125231126711099,12.843033109582342,19.971938370933568,0.7738763306691523,1080.0,7.980000000000018,0.3,none,0.0,
endurance,7,healthy,2580.0,82.14661240705928,81.69447739264092,618.9875291690614,1337.2449511128536,63.964796576476274,39.677019972515296,4.315613303412462,0.24084471020653067,12.778279727888387,20.02253804311197,0.7750782591946688,1072.0,8.031999999999982,0.3,none,0.0,
endurance,7,healthy,2581.0,81.99925410120304,82.33764348211696,613.0275261803453,1329.8368505598241,64.52094268706583,38.92877201043356,4.319677335623907,0.2665379685550702,12.760753657197709,19.695036093053464,0.7762499953478733,1064.0,8.084000000000003,0.3,none,0.0,
endurance,7,healthy,2582.0,81.85672020401115,81.86692937688774,617.6387661764936,1332.9168185693295,64.7293244222714,39.07400219272494,4.323744602130856,0.1796301856591092,12.835128283544808,20.225264246420146,0.777392257952239,1056.0,8.136000000000024,0.3,none,0.0,
endurance,7,healthy,2583.0,81.71889586483981,82.03432475860818,619.5946879822739,1337.750778616994,64.56900964662535,38.75909904163663,4.327815105060181,0.12912903089108613,12.849416860454271,19.667707762894647,0.7785057487164408,1048.0,8.187999999999988,0.3,none,0.0,
endurance,7,healthy,2584.0,81.58566896758423,81.54089330305078,619.3592322728165,1330.2620891117838,64.68875036871606,39.099884471876926,4.331888846541768,0.18317693052863274,12.798256199240406,20.14503197386147,0.7795911526418365,1040.0,8.240000000000009,0.3,none,0.0,
endurance,7,healthy,2585.0,81.45693006557073,81.54702435665877,618.0677923186058,1321.4106895686573,64.71093542478681,38.74486680980213,4.335965828707876,0.14774290033643347,12.738369460577903,20.055503372760224,0.7806491384202481,1032.0,8.291999999999973,0.3,none,0.0,
endurance,7,healthy,2586.0,81.332572317999,81.68435974369163,615.8300637873873,1331.4192768848127,64.59921889233215,39.18866260291445,4.340046053692802,0.21763305636495714,12.800315422786426,19.62673518351847,0.7816803588222789,1024.0,8.343999999999994,0.3,none,0.0,
endurance,7,healthy,2587.0,81.2124914278975,80.1638166215289,617.9209808259714,1331.791849282752,64.55961105357206,39.06677083070202,4.3441295236325494,0.16180338842211667,12.794633551388335,19.678172586248934,0.7826854510763839,1016.0,8.396000000000015,0.3,none,0.0,
endurance,7,healthy,2588.0,81.09658558155624,81.35217878737014,621.5076423166771,1328.5828939107807,64.795934757233,39.340820490841956,4.3482162406646845,0.1835614755927501,12.803138003052874,19.724009180548617,0.783665037238918,1008.0,8.447999999999979,0.3,none,0.0,
endurance,7,healthy,2589.0,80.98475538940146,80.05201177176721,617.3198979763831,1336.6559850263845,64.47908919899382,39.230156939595915,4.3523062069282,0.1300552721574143,12.770146096154132,20.25780522869439,0.7846197245553758,1000.0,8.5,0.3,none,0.0,
endurance,7,healthy,2590.0,80.87690382827816,81.30675493780062,610.8875007798961,1332.7278248143718,64.02943880449641,39.75776674816372,4.356399424563398,0.2543592793663216,12.832527812369626,20.17644591036111,0.7855501058130268,992.0,8.552000000000021,0.3,none,0.0,
endurance,7,healthy,2591.0,80.77293618510681,81.23600248108241,609.919669756077,1321.7224913720645,65.75274546166936,38.10055884915914,4.36049589571186,0.18125922127280747,12.624123575915776,20.24947264961299,0.7864567596851602,984.0,8.603999999999985,0.3,none,0.0,
endurance,7,healthy,2592.0,80.67276000188158,80.11024865969888,618.7711532672255,1324.7488013925372,63.62664307918511,38.91543367937186,4.3645956225164015,0.262379271838548,12.826040262474153,20.18180155604612,0.7873402510671297,976.0,8.656000000000006,0.3,none,0.0,
endurance,7,healthy,2593.0,80.57628502197808,81.19745575975372,617.6047527326689,1328.9611001918902,65.36271446814487,38.62085434928335,4.368698607121027,0.2559021659145844,12.78702851517234,20.03464700059587,0.7882011314044002,968.0,8.708000000000027,0.3,none,0.0,
endurance,7,healthy,2594.0,80.48342313773954,80.40889257470826,614.7371484765449,1339.0222764479124,64.34498243260207,39.14770324409461,4.372804851670917,0.2961775431579072,12.773108425136734,20.20181500679219,0.7890399390127818,960.0,8.759999999999991,0.3,none,0.0,
endurance,7,healthy,2595.0,80.3940883393109,80.11860046206671,616.6395208166671,1331.1361515569909,64.33014291926419,39.266967850824344,4.3769143583124315,0.1175803365693951,12.886322574315189,20.104649158488456,0.7898571993910424,952.0,8.812000000000012,0.3,none,0.0,
endurance,7,healthy,2596.0,80.3081966646912,81.39837705277193,603.7523920884981,1332.3587429712277,63.55875634432411,38.311821424542316,4.381027129193071,0.2796682947275097,12.847401103188723,19.88311786046042,0.7906534255260718,944.0,8.863999999999976,0.3,none,0.0,
endurance,7,healthy,2597.0,80.22566615097512,79.79400851611848,614.5195478528734,1336.3026364522627,63.95196671506401,38.81552411963743,4.385143166461499,0.11662608754542564,12.81312575070391,20.01397383427667,0.7914291181907875,936.0,8.915999999999997,0.3,none,0.0,
endurance,7,healthy,2598.0,80.14641678675544,79.49792109536011,614.4412228169931,1334.6220531998426,64.82091804356914,39.71991496765241,4.389262472267522,0.11480959609466063,12.77732937740775,19.737511109976303,0.7921847662349402,928.0,8.968000000000018,0.3,none,0.0,
endurance,7,healthy,2599.0,80.07037046565885,80.5529113032745,617.6417525798023,1342.3815438203087,63.74631724179468,38.66089690534301,4.393385048762087,0.23269458975656,12.817031136170653,20.004667032481077,0.7929208468689999,920.0,9.019999999999982,0.3,none,0.0,
endurance,7,healthy,2600.0,79.99745094098797,80.6803984993948,617.3947981201185,1328.3977280876265,64.48853063962574,39.199620073421826,4.3975108980972895,0.24545049963133897,12.772650208620083,20.069010041274232,0.7936378259412824,912.0,9.072000000000003,0.3,none,0.0,
endurance,7,healthy,2601.0,79.92758378144336,80.21267659206343,611.5042128227414,1323.9078087743226,64.48854558837252,38.30931679096024,4.401640022426364,0.1689365972340391,12.785544302953564,19.757426309425036,0.7943361582084755,904.0,9.124000000000024,0.3,none,0.0,
endurance,7,healthy,2602.0,79.86069632789975,79.15720318867942,617.7754554931099,1327.425195048564,64.6296236981547,39.381820474556925,4.405772423903675,0.2412081037423555,12.793725539910849,19.935925813357226,0.7950162875997255,896.0,9.175999999999988,0.3,none,0.0,
endurance,7,healthy,2603.0,79.79671765121142,79.33328063767422,614.5415147217662,1328.3074946689974,65.47621014960231,39.354169929497644,4.4099081046847495,0.15990904068401796,12.844124914758549,20.025658139075734,0.7956786474744371,888.0,9.228000000000009,0.3,none,0.0,
endurance,7,healthy,2604.0,79.73557851102225,80.49803112538216,615.1244170580227,1340.3706958413127,64.7839642782009,38.46816200841991,4.414047066926238,0.12430474171749806,12.85560800977875,20.00503231374689,0.7963236608739319,880.0,9.279999999999973,0.3,none,0.0,
endurance,7,healthy,2605.0,79.67721131555639,79.70123500548812,617.508792043443,1336.2974728331644,64.3708193184918,38.932553055983725,4.418189312785937,0.19779941927695854,12.799050208727769,20.02830266631936,0.7969517407671188,872.0,9.331999999999994,0.3,none,0.0,
endurance,7,healthy,2606.0,79.62155008236635,80.13802935078122,616.764354288455,1332.48898831561,64.36962880844214,38.23434571515182,4.422334844422786,0.2449632600716115,12.790577849612282,20.071672982928817,0.7975632902903125,864.0,9.384000000000015,0.3,none,0.0,
endurance,7,healthy,2607.0,79.5685304000157,79.54870074574539,614.930230624677,1331.2850267007375,64.23343946124226,38.785226830997594,4.426483663996853,0.20432557457462477,12.855528968238195,19.938985683346672,0.7981587029813426,856.0,9.435999999999979,0.3,none,0.0,
endurance,7,healthy,2608.0,79.51808939067402,79.83828160816029,611.3531022872849,1336.7696327710432,64.26474224455067,38.99830271735481,4.4306357736693744,0.2144983763357656,12.758777746900874,19.771474997184786,0.79873836300809,848.0,9.488,0.3,none,0.0,
endurance,7,healthy,2609.0,79.47016567360247,80.1567311056354,612.7994631145178,1337.1321652169363,64.66814563175029,38.562364379792335,4.434791175602702,0.27341196254890443,12.89491154482285,19.782023000853016,0.7989534737595919,840.0,9.54000000000002,0.3,none,0.0,
endurance,7,healthy,2610.0,79.42469932950874,79.38426252950835,612.5568095553728,1345.900574116204,64.3169604342467,38.54486763355225,4.4389498719603395,0.13379280456844894,12.73668792522864,20.11046854362218,0.7990154128713075,832.0,9.591999999999985,0.3,none,0.0,
