mission_type,mission_seed,fault_label,timestamp_s,true_cht,sensor_cht,egt,rpm,oil_pressure,oil_temp,fuel_flow,vibration,battery_voltage,injection_timing,health_index,altitude,ambient_temp,throttle,fault_type,fault_severity,rul_seconds
endurance,300,misfire,0.0,28.07385734032746,27.628157875101667,548.0194458835981,1933.2083479297105,69.73277355614272,26.229074278359747,20.900323312640282,0.2037259231422155,13.160170928791745,19.71508692606618,0.8585533701499048,8.0,14.947999999999979,0.9,none,0.0,2349.0
endurance,300,misfire,1.0,31.25802920394359,31.3877389113994,553.1913825958223,2098.5859359299816,72.32008522353918,25.894303841683577,22.636955054157376,0.21677877015196984,13.344712259893825,20.24836427714768,0.8550197354242569,16.0,14.896000000000015,0.9,none,0.0,2348.0
endurance,300,misfire,2.0,34.491933093185,33.532447086592235,559.3221164940365,2205.1240796199177,71.78521871380512,26.75564676486092,23.821480201993978,0.36221555132695565,13.293371703104556,19.78804790038924,0.8514309105831712,24.0,14.843999999999994,0.9,none,0.0,2347.0
endurance,300,misfire,3.0,37.73454023452503,37.30483441767525,561.8751513295074,2287.0321416753372,73.13401949029658,28.40488191756786,24.626730776941677,0.19740900345577456,13.319365879908416,19.79680526199746,0.8478324273080691,32.0,14.791999999999973,0.9,none,0.0,2346.0
endurance,300,misfire,4.0,40.958250237550985,41.52693440781738,565.0503314088834,2336.674464570237,73.13378877638738,27.83176371698564,25.171437647417783,0.26148130234169803,13.417905337410145,19.906672501194176,0.8442549151322111,40.0,14.740000000000009,0.9,none,0.0,2345.0
endurance,300,misfire,5.0,44.144680275445054,44.632822147122184,569.3504909788855,2382.0807705760035,73.24618578481984,29.713604251245258,25.537165657755317,0.24086276134542248,13.506675587559418,20.17799128671553,0.8407187743976581,48.0,14.687999999999988,0.9,none,0.0,2344.0
endurance,300,misfire,6.0,47.28177049060767,46.07450232915973,570.0027014748126,2402.93671321453,74.08844596775954,29.043605398428117,25.7799476054718,0.15442842928737047,13.44805177704011,20.041156008889732,0.8372373885313814,56.0,14.636000000000024,0.9,none,0.0,2343.0
endurance,300,misfire,7.0,50.361794296874855,50.12657829467978,580.2473395371715,2418.862142350292,74.50298784797062,30.060953100770114,25.938276469380458,0.18941133957293319,13.450883499813548,20.61387481501936,0.8338193321123764,64.0,14.584000000000003,0.9,none,0.0,2342.0
endurance,300,misfire,8.0,53.37999079014745,53.61570259379006,578.574447769607,2426.1161344397856,74.35680929350546,31.48363690207142,26.03859585364771,0.18552799549187737,13.497958092655786,20.2548297555808,0.8304698885539672,72.0,14.531999999999982,0.9,none,0.0,2341.0
endurance,300,misfire,9.0,56.33362485074747,56.81421524815935,581.0318992240105,2434.6979338641845,73.98108021130534,30.958558438349062,26.099071773502494,0.10737678699987918,13.569359801446673,19.688273549967576,0.8271920931552164,80.0,14.480000000000018,0.9,none,0.0,2340.0
endurance,300,misfire,10.0,59.221341276216585,58.735609662338554,583.8828776723453,2439.92784072196,74.8466520373332,32.00108254125764,26.132183769055704,0.21355691161994667,13.452075536118825,20.21643541457277,0.8239874498520519,88.0,14.427999999999997,0.9,none,0.0,2339.0
endurance,300,misfire,11.0,62.04272105260489,61.99246284746689,590.4311246808642,2450.6828314378504,73.93150048900199,32.092634474678995,26.146504929515032,0.20493136407658166,13.478374354149942,19.843615540949877,0.820856423645205,96.0,14.375999999999976,0.9,none,0.0,2338.0
endurance,300,misfire,12.0,64.79797658871,65.18877993958823,593.995039313441,2453.2696790734763,74.09641513950959,33.15960504097283,26.14792472089063,0.21883516053952162,13.506285982266467,19.841769372665265,0.8177987788140124,104.0,14.324000000000012,0.9,none,0.0,2337.0
endurance,300,misfire,13.0,67.48774248025575,68.73372265556705,595.7184021609384,2448.7691722535483,74.91674281922519,33.630528133200784,26.140489034898934,0.2336383217448812,13.475694343285783,19.88431599876721,0.8148138111158695,112.0,14.271999999999991,0.9,none,0.0,2336.0
endurance,300,misfire,14.0,70.11293194398444,70.30031372506014,599.2384883613437,2445.98852555873,74.82615032282085,33.866214301978374,26.126977279308385,0.22500628272213022,13.44089537139155,19.90911518002296,0.8119005071084966,120.0,14.220000000000027,0.9,none,0.0,2335.0
endurance,300,misfire,15.0,72.67463839305935,72.18270390043288,601.418971924624,2460.86689319518,75.00736076145942,35.279912635647634,26.109298822978815,0.15107629580559737,13.485923212069594,20.28833104762624,0.8090576533766357,128.0,14.168000000000006,0.9,none,0.0,2334.0
endurance,300,misfire,16.0,75.17406804052374,75.33299757566233,607.1004667600895,2448.083445961859,75.49265843670555,36.19688173425992,26.088765342555057,0.19885286197381621,13.512459322023588,19.997134863846355,0.8062839113253621,136.0,14.115999999999985,0.9,none,0.0,2333.0
endurance,300,misfire,17.0,77.61249382811121,77.35882003731226,617.4996656339152,2442.237107676695,74.34774264147674,35.92088713955906,26.066277917029478,0.1553319707404596,13.481621647490863,19.748853390796203,0.8035778683075869,144.0,14.064000000000021,0.9,none,0.0,2332.0
endurance,300,misfire,18.0,79.9912240099512,79.57112496572508,610.6896222919361,2451.373008166959,75.21634367279067,36.49869235891709,26.04245555645651,0.19412789126036925,13.423168491894428,20.176523250127673,0.80093807248829,152.0,14.012,0.9,none,0.0,2331.0
endurance,300,misfire,19.0,82.31158080538017,82.25062959989157,616.0410765446281,2446.416024003044,73.74810491014418,38.272004335674,26.017723497561033,0.1487093896129653,13.483633659865804,20.11622595936817,0.7983630565345626,160.0,13.95999999999998,0.9,none,0.0,2330.0
endurance,300,misfire,20.0,84.5748859682748,84.96171544305975,619.9452464035379,2447.277307924526,74.36910490441073,37.864447546758676,25.99237386032685,0.19502968854248814,13.465005630394446,20.197456728826182,0.7925169237886664,168.0,13.908000000000015,0.9,none,0.0,2329.0
endurance,300,misfire,21.0,86.78245110564791,86.40274393551329,622.467935536044,2443.1257695942645,76.45633070234011,39.38294701832728,25.9666073173535,0.1855718290392848,13.439948149389839,19.688287296585543,0.7787692526906009,176.0,13.855999999999995,0.9,none,0.0,2328.0
endurance,300,misfire,22.0,88.93557125565616,88.5725782172788,627.2245647898797,2451.3684141898584,74.12134907131075,40.62241267712484,25.940561719519614,0.28723303226897223,13.432304244963229,20.08902434067169,0.7653542268540879,184.0,13.803999999999974,0.9,none,0.0,2327.0
endurance,300,misfire,23.0,91.03552070088234,90.72203737326947,634.0812968085733,2441.7744315763084,75.70161138959763,40.23467456250729,25.914331760996397,0.238688206935866,13.52689212173655,20.017732666444186,0.7522640607311175,192.0,13.75200000000001,0.9,none,0.0,2326.0
endurance,300,misfire,24.0,93.08355031293094,93.42205563025986,631.134333650025,2453.13040189172,75.2666732161973,40.3120676596983,25.887982488548978,0.1413880870105867,13.421016592768524,19.843710290485756,0.7394911118089035,200.0,13.699999999999989,0.9,none,0.0,2325.0
endurance,300,misfire,25.0,95.08088594449275,95.37950526351948,635.2297797111344,2442.839759785016,75.35954767680239,40.61000014652722,25.86155858203851,0.20754750838133626,13.455834722880143,20.087223405969343,0.7270278904339689,208.0,13.648000000000025,0.9,none,0.0,2324.0
endurance,300,misfire,26.0,97.02872753636245,97.73623007133766,636.9335294652437,2432.2439053792345,74.51316923640421,41.005954830594845,25.835090729859246,0.18054966645964907,13.516740975718749,20.13118808119858,0.7148670652680429,216.0,13.596000000000004,0.9,none,0.0,2323.0
endurance,300,misfire,27.0,98.9282487109272,99.33449178874183,635.2587490686041,2438.5982709054933,74.17112583694124,41.45645274534883,25.808600008679907,0.17585978786195985,13.52285720891975,20.00808885847843,0.7030014657717457,224.0,13.543999999999983,0.9,none,0.0,2322.0
endurance,300,misfire,28.0,100.78059669516576,100.93396658448428,644.0387134376521,2443.746749969554,74.52790446410907,42.821736765647294,25.7821008921985,0.12264195944683792,13.543113328152934,20.36346785498319,0.6914240826750444,232.0,13.492000000000019,0.9,none,0.0,2321.0
endurance,300,misfire,29.0,102.5868924653652,102.89452662504183,650.58221378771,2437.318679985887,74.84806550620813,42.941451688726964,25.75560331806953,0.19992535308704865,13.408876463681889,20.160563002418716,0.6801280670930683,240.0,13.439999999999998,0.9,none,0.0,2320.0
endurance,300,misfire,30.0,104.3482310395625,104.4508805014559,648.7067744341927,2440.2954379557223,73.88512309514097,43.402529641735676,25.729114107822614,0.15355192924993188,13.469349780795437,20.342910154360165,0.6691067287393662,248.0,13.387999999999977,0.9,none,0.0,2319.0
endurance,300,misfire,31.0,106.06568186695283,106.20953392557053,650.0077901746382,2436.8619630288904,74.53903703143347,43.56890905190926,25.702637942304882,0.17323248055723078,13.393873428655358,19.8146291583126,0.6583535335467183,256.0,13.336000000000013,0.9,none,0.0,2318.0
endurance,300,misfire,32.0,107.7402892794778,108.15710662280995,651.7778983533466,2443.115912715922,74.9494010607029,44.68014231538382,25.67617803178124,0.20212699287925942,13.514907408877951,20.27155736577352,0.6478621009080436,264.0,13.283999999999992,0.9,none,0.0,2317.0
endurance,300,misfire,33.0,109.3730729817848,108.65664151801082,653.5508480029429,2439.115298976319,74.03228144401356,45.01687487887845,25.64973657627358,0.2110770677130849,13.448028002806272,20.061181712424,0.6376262006828737,272.0,13.232000000000028,0.9,none,0.0,2316.0
endurance,300,misfire,34.0,110.96502856329252,111.02745382986083,653.5063161408241,2437.9852225499753,75.0002652462874,46.07744032729515,25.62331508180004,0.28310846071742474,13.541684841449685,20.08336520742729,0.6276397500687568,280.0,13.180000000000007,0.9,none,0.0,2315.0
endurance,300,misfire,35.0,112.51712802128284,112.18714045389393,656.0194733589881,2429.9017060198316,74.32930842615349,45.708740721885924,25.596914577622194,0.17544134143478024,13.43773480452311,20.049963636486716,0.6178968104053004,288.0,13.127999999999986,0.9,none,0.0,2314.0
endurance,300,misfire,36.0,114.0303202875007,113.21140160614057,659.4066239529003,2441.5811693072565,74.733740135819,46.45293386088028,25.57053576548718,0.1923072829537537,13.52840422900606,19.942595255224404,0.6083915839567761,296.0,13.076000000000022,0.9,none,0.0,2313.0
endurance,300,misfire,37.0,115.50553175319014,116.05035989054733,662.6675405846231,2439.198147167363,72.59798437351172,46.38006134597726,25.544179122152716,0.23687800526479863,13.429527604999299,20.053657527965505,0.5991184107042798,304.0,13.024000000000001,0.9,none,0.0,2312.0
endurance,300,misfire,38.0,116.9436667891743,117.03918343057761,660.8875518305247,2434.4845598778434,75.0325341124532,46.85323897713414,25.517844969818675,0.19484777282702756,13.580247569873041,20.285536298198235,0.5900717651681755,312.0,12.97199999999998,0.9,none,0.0,2311.0
endurance,300,misfire,39.0,118.34560825873966,117.537838372523,669.1380428169479,2436.7704758228374,74.18375376941275,47.56896347112079,25.491533524511524,0.25121282476558215,13.470545003175829,19.835726158551807,0.5812462532744987,320.0,12.920000000000016,0.9,none,0.0,2310.0
endurance,300,misfire,40.0,119.71221802187478,119.44376212785895,672.1668383530944,2432.0823124228823,73.9096078952625,49.02628805313334,25.46524492932279,0.18892566535005095,13.485460142587177,20.35111586121493,0.5726366092741838,328.0,12.867999999999995,0.9,none,0.0,2309.0
endurance,300,misfire,41.0,121.04433742995508,120.76930755389141,672.8442744683649,2439.472656772019,74.06357380702677,48.04849706429508,25.438979277243103,0.15769963646580748,13.48654309589415,20.02660163629987,0.5642376927206652,336.0,12.815999999999974,0.9,none,0.0,2308.0
endurance,300,misfire,42.0,122.34278781033504,122.79307006991779,671.7963045891817,2438.3868276447092,74.12153688829378,48.59648169227456,25.412736626848393,0.17794216816263975,13.438862871523508,19.854166867575163,0.5560444855091388,344.0,12.76400000000001,0.9,none,0.0,2307.0
endurance,300,misfire,43.0,123.60837094056113,123.05464185003949,674.0703544430661,2428.1488586064106,74.89320985694881,49.59171739548761,25.38651701307567,0.13152054952354345,13.449571471868222,20.43146536640363,0.5480520889792398,352.0,12.711999999999989,0.9,none,0.0,2306.0
endurance,300,misfire,44.0,124.8418695120908,124.45241629577109,670.9803293297377,2435.322797536824,73.73778092090403,50.16402972811398,25.360320454626063,0.11269401869052437,13.456628247849329,19.930228471441197,0.5402557210818366,360.0,12.660000000000025,0.9,none,0.0,2305.0
endurance,300,misfire,45.0,126.04404758351812,125.99272517603661,676.6937706228431,2428.4022308731423,74.90172810393547,50.648957954492005,25.33414695904992,0.26783838745617483,13.44885980831936,20.13093705390536,0.5326507136099335,368.0,12.608000000000004,0.9,none,0.0,2304.0
endurance,300,misfire,46.0,127.21565102338504,127.87243699376417,673.5516592341814,2423.567349013701,75.78528497819129,50.52171670644657,25.307996526240693,0.23203601237929702,13.416744843697671,19.96546104312136,0.5252325094932065,376.0,12.555999999999983,0.9,none,0.0,2303.0
endurance,300,misfire,47.0,128.35740794270825,128.5668791141219,678.3879905208227,2435.166588179983,74.14236702553589,50.0344884200665,25.28186915083471,0.21220725044747837,13.510420184224769,19.710542579573705,0.5179966601553717,384.0,12.504000000000019,0.9,none,0.0,2302.0
endurance,300,misfire,48.0,129.4700291173859,129.57813083996228,677.3291883153667,2429.7103972055124,74.72283535003348,51.20725666051873,25.255764823859842,0.2384942400859568,13.450653576763802,19.554146677121185,0.5109388229333848,392.0,12.451999999999998,0.9,none,0.0,2301.0
endurance,300,misfire,49.0,130.55420840066932,130.8967627127361,679.0450817666314,2427.889761428174,74.22606474036118,51.130138860920376,25.229683533868297,0.2092296551585816,13.426760456380629,20.157766755104447,0.5040547585573438,400.0,12.399999999999977,0.9,none,0.0,2300.0
endurance,300,misfire,50.0,131.61062312589803,131.43074062635517,687.8809263323914,2419.7191259278334,73.59587990141463,51.29477855112462,25.20362526771447,0.2609457087435173,13.525149973370084,20.33400839694155,0.4973403286898779,408.0,12.348000000000013,0.9,none,0.0,2299.0
endurance,300,misfire,51.0,132.63993449970383,133.12183337166994,687.2035529389535,2433.0634522548557,73.98562778543112,51.61325451594537,25.177590011089553,0.2607000054946281,13.466635887949694,19.84689496707462,0.49079149352376783,416.0,12.295999999999992,0.9,none,0.0,2298.0
endurance,300,misfire,52.0,133.64278798589248,134.39365569604232,688.3774369915224,2424.310120274204,74.19064642441023,53.030865988490675,25.15157774888874,0.12806460282501708,13.472767300450744,19.98911851509982,0.4844043094365268,424.0,12.244000000000028,0.9,none,0.0,2297.0
endurance,300,misfire,53.0,134.61981368021281,134.125618212132,686.5748358582368,2431.84792954975,74.10803060303061,53.101670452494275,25.12558846546335,0.1606164652014197,13.485728051022232,19.809141166179046,0.4781749267006531,432.0,12.192000000000007,0.9,none,0.0,2296.0
endurance,300,misfire,54.0,135.57162667622146,134.7514713845982,688.9591564112816,2418.3303432434877,73.94362977763919,53.08543479696933,25.099622144794303,0.14287686035765287,13.489464152510045,20.18379375841008,0.47209958724828915,440.0,12.139999999999986,0.9,none,0.0,2295.0
endurance,300,misfire,55.0,136.49882742244952,136.46922446560205,692.1764185523845,2420.311413311609,74.05310631107271,53.03510344912099,25.07367877061099,0.34771775125968724,13.45731332603718,19.789210234662708,0.4661746224890224,448.0,12.088000000000022,0.9,none,0.0,2294.0
endurance,300,misfire,56.0,137.40200207107407,136.88704922334531,689.0068310900544,2427.2857392658484,73.91472829255075,53.86108985932484,25.047758326473083,0.21887605515136863,13.460013326843622,20.15774731619904,0.4603964511795885,456.0,12.036000000000001,0.9,none,0.0,2293.0
endurance,300,misfire,57.0,138.28172281829407,137.70047383821858,693.3250947405877,2423.064238466653,74.06090116118136,54.608890127146765,25.021860795826754,0.16030279513378198,13.522950832844636,20.192911909649236,0.45476157734426104,464.0,11.98399999999998,0.9,none,0.0,2292.0
endurance,300,misfire,58.0,139.13854823660643,139.36875029561426,691.8409670321158,2416.1869027055327,74.33362353581232,54.45094148183455,24.99598616204328,0.1469378755715432,13.42232116649043,20.313090597208763,0.4492665882447273,472.0,11.932000000000016,0.9,none,0.0,2291.0
endurance,300,misfire,59.0,139.97302359917342,139.47522172934515,697.7189025795549,2417.1913407023976,75.2082300854814,55.46748173153088,24.970134408445453,0.1866083691844668,13.503160453600227,19.873653928930107,0.4439081523982834,480.0,11.879999999999995,0.9,none,0.0,2290.0
endurance,300,misfire,60.0,140.2475895387878,140.23980184275663,698.3011765526073,2332.0549470149995,74.60354914302113,55.38214974409181,20.066697547065253,0.21372155536849388,13.41792647719632,20.09084564071234,0.4419706231487245,488.0,11.827999999999975,0.75,none,0.0,2289.0
endurance,300,misfire,61.0,140.4591936413829,140.54815802315278,693.1869347773824,2283.331137211647,72.34853902418796,55.443416294516155,19.55126167348282,0.19332141182893706,13.375008926889649,19.757366035411263,0.44041777498289414,496.0,11.77600000000001,0.75,none,0.0,2288.0
endurance,300,misfire,62.0,140.62642655739208,140.6158203611019,695.2394411814707,2247.7262970404695,72.66391074988671,55.231488235802544,19.19129969338375,0.21155098497582084,13.282683333093367,19.851641094780966,0.43913602367430693,504.0,11.72399999999999,0.75,none,0.0,2287.0
endurance,300,misfire,63.0,140.76209522225093,141.3736409927793,696.0923639492418,2215.96647994347,72.27050939988195,55.633240762877364,18.938148216906956,0.19776047941040145,13.313162271857362,19.809002067201057,0.4380471220491857,512.0,11.672000000000025,0.75,none,0.0,2286.0
endurance,300,misfire,64.0,140.87502965154152,139.96417598079503,696.6091140007311,2183.4267800146413,72.83604160528598,55.504722855384514,18.758377102279773,0.20276678795555506,13.369744965295693,19.799918144438628,0.43709712091982755,520.0,11.620000000000005,0.75,none,0.0,2285.0
endurance,300,misfire,65.0,140.97132512731557,140.63704777918943,694.8883649143185,2184.1677439859513,72.55838499504617,55.98574199889497,18.629020948192366,0.19491544871400335,13.250134273826646,20.065980244014785,0.43624877963671693,528.0,11.567999999999984,0.75,none,0.0,2284.0
endurance,300,misfire,66.0,141.05519621550437,141.71498065158227,696.1560314532817,2173.484596811939,71.81005168067325,56.98130790451725,18.534303284865082,0.27315445330624555,13.251198940551994,20.13697331391021,0.4354763482556556,536.0,11.51600000000002,0.75,none,0.0,2283.0
endurance,300,misfire,67.0,141.12956391685992,141.41769888380782,694.9933389105322,2161.7319531551284,72.41848350977843,56.73100440016774,18.46338620066309,0.18005648582254044,13.291200957696335,19.776978074759988,0.4347619801922984,544.0,11.463999999999999,0.75,none,0.0,2282.0
endurance,300,misfire,68.0,141.1964593468662,141.2898547828034,693.8113559177091,2158.94110989771,71.10971855347356,56.62783379095034,18.4088244095462,0.2264117683496232,13.397371235382897,19.448456008820507,0.43409326583881747,552.0,11.411999999999978,0.75,none,0.0,2281.0
endurance,300,misfire,69.0,141.2573012789926,141.3535993006319,696.695173950623,2148.1711938275357,71.67555210615228,57.009056529806855,18.365503246368398,0.18233116610466282,13.303793605546334,20.19825498010766,0.43346153684400823,560.0,11.360000000000014,0.75,none,0.0,2280.0
endurance,300,misfire,70.0,141.31308696867816,141.34436885431222,695.3228943890472,2153.507897179582,72.14081444593693,56.32673301883901,18.32990910476097,0.22997543581876878,13.197893291990995,20.215160489765744,0.43286070022645184,568.0,11.307999999999993,0.75,none,0.0,2279.0
endurance,300,misfire,71.0,141.36452335750863,141.70796269538906,694.9195982450191,2148.2667909168126,71.17981885813977,56.88060660658366,18.29962825214999,0.21665545687636514,13.251954371271133,19.572601687060814,0.4322864367497947,576.0,11.255999999999972,0.75,none,0.0,2278.0
endurance,300,misfire,72.0,141.41211728847412,141.50148001827827,698.7510108371022,2147.1298740121797,71.01197183271427,57.3528041287499,18.273002532340875,0.23152533502156286,13.32390950297747,19.75444131614858,0.4317356497300786,584.0,11.204000000000008,0.75,none,0.0,2277.0
endurance,300,misfire,73.0,141.45623754104977,141.19292530429942,694.7654186442824,2137.575119893436,71.43762796732831,57.3542131932823,18.24889284467765,0.11815580696384556,13.244069221891257,19.884780930214603,0.43120608601690447,592.0,11.151999999999987,0.75,none,0.0,2276.0
endurance,300,misfire,74.0,141.49715749211677,140.96319349870575,692.6602302815268,2151.350571771798,71.73356174325956,56.63079743396551,18.22651666213716,0.21114766122748857,13.332223996758968,19.959430448056953,0.43069607534587295,600.0,11.100000000000023,0.75,none,0.0,2275.0
endurance,300,misfire,75.0,141.53508445686765,141.96629819994658,701.3460783334651,2145.9392105227776,71.85619265246784,57.015626750636706,18.205336411710796,0.20154409705915136,13.343674312712146,19.999936185334445,0.43020435107298616,608.0,11.048000000000002,0.75,none,0.0,2274.0
endurance,300,misfire,76.0,141.57017987192643,140.5413581741586,693.930838013191,2143.9463875246315,71.82769592444254,57.26820859132567,18.18498279548225,0.2116557105215137,13.400306136831649,19.893135347502877,0.4297299268608308,616.0,10.995999999999981,0.75,none,0.0,2273.0
endurance,300,misfire,77.0,141.60257318222364,141.78815607984362,700.0352393021575,2142.660351453945,71.12325409385745,56.83715415234934,18.165202114795203,0.20728100685386178,13.300807885102714,19.91100915081632,0.4292720118332425,624.0,10.944000000000017,0.75,none,0.0,2272.0
endurance,300,misfire,78.0,141.6323713989414,141.801930263597,695.678416356522,2148.3254569153837,72.24096881865457,57.039475206501734,18.145820083739196,0.14024521476459822,13.305506218940975,20.039722875120944,0.42882995217865116,632.0,10.891999999999996,0.75,none,0.0,2271.0
endurance,300,misfire,79.0,141.659665681064,140.91940657385206,692.5306149514129,2145.717423374543,71.70145146271528,57.34945995564058,18.12671697024247,0.2283874545440345,13.335244868382922,19.861549393193048,0.42840319093845225,640.0,10.839999999999975,0.75,none,0.0,2270.0
endurance,300,misfire,80.0,141.68453587040824,142.42473929007465,700.6450670387221,2146.15556736518,72.24956213684536,57.31615160102082,18.10781051884884,0.17522819496326605,13.301978614147961,20.166329379662816,0.4279912402991066,648.0,10.788000000000011,0.75,none,0.0,2269.0
endurance,300,misfire,81.0,141.70705361942743,141.92121460714168,705.1284884106906,2135.526012896288,71.57161134858359,58.590193253998926,18.089044219248223,0.13288492992571976,13.285282593518533,20.423348553389545,0.42759366248203645,656.0,10.73599999999999,0.75,none,0.0,2268.0
endurance,300,misfire,82.0,141.7272845513106,141.8861368892398,696.5831350404816,2134.3554664923986,71.92213303740343,57.94806249884052,18.070379247158783,0.23279714137525126,13.401706035351445,19.76389891547376,0.42721005654596356,664.0,10.684000000000026,0.75,none,0.0,2267.0
endurance,300,misfire,83.0,141.74528975455226,142.32180591199858,696.5733517229822,2142.849933413697,72.61908651462457,57.43629257859969,18.051788927989513,0.17851254813319434,13.267641191222575,20.157861575713458,0.4268400492554576,672.0,10.632000000000005,0.75,none,0.0,2266.0
endurance,300,misfire,84.0,141.761126819745,142.06329789884362,697.8636320274538,2134.679691916244,71.66652770794639,57.79474881556865,18.033254933567136,0.2102420704471568,13.223582082434959,20.35743414543358,0.4264832887463963,680.0,10.579999999999984,0.75,none,0.0,2265.0
endurance,300,misfire,85.0,141.77485056142882,141.67941013783033,701.4914487177418,2136.9317012742017,71.84161261117619,58.8361697612745,18.0147646694187,0.04422771833038883,13.267145154364815,19.61684363566868,0.42613944011564353,688.0,10.52800000000002,0.75,none,0.0,2264.0
endurance,300,misfire,86.0,141.786513523202,142.00677547063475,697.9001694538156,2131.139658803805,71.99411915601007,58.1781095804101,17.99630947992509,0.20690872819634726,13.286534882675715,20.058953863752077,0.42580818233495,696.0,10.475999999999999,0.75,none,0.0,2263.0
endurance,300,misfire,87.0,141.79616633361331,141.72840291657062,697.7775298871575,2145.1774982673496,71.3910623164628,59.10892926880433,17.977883415324094,0.14972641286345767,13.225525421019356,19.91332357361209,0.4254892060765392,704.0,10.423999999999978,0.75,none,0.0,2262.0
endurance,300,misfire,88.0,141.80385795926134,141.8647929900711,694.2778881491915,2140.10163513779,71.82167400900566,58.78412194452239,17.95948238468409,0.2138923171734778,13.368711116736293,19.992758040708676,0.42518221216673635,712.0,10.372000000000014,0.75,none,0.0,2261.0
endurance,300,misfire,89.0,141.80963588702284,141.86544292441891,696.3134025271775,2136.4392998468993,72.02062737844251,58.24635564464447,17.94110357402676,0.18420611492629618,13.282173093735512,19.915789465460914,0.4248869104725954,720.0,10.319999999999993,0.75,none,0.0,2260.0
endurance,300,misfire,90.0,141.8135462573618,142.25950190148723,691.8647357053298,2136.9849771595354,71.59740891677033,58.77289367998464,17.922745046597722,0.2008843298764885,13.166122874468211,19.967091972396382,0.42460301908741693,728.0,10.267999999999972,0.75,none,0.0,2259.0
endurance,300,misfire,91.0,141.8156339638151,141.6597956977198,699.0754873459294,2140.070516053693,71.29374217487225,59.44508721864323,17.904405468266436,0.17461721151364606,13.283560240082679,20.23284117373906,0.42433026372291416,736.0,10.216000000000008,0.75,none,0.0,2258.0
endurance,300,misfire,92.0,141.81594272903823,142.73440476573722,694.108472316529,2142.7321240083384,70.56671570245568,59.00219326459871,17.886083918885667,0.10518650372260296,13.193401833172123,20.1419522356989,0.4240683772445919,744.0,10.163999999999987,0.75,none,0.0,2257.0
endurance,300,misfire,93.0,141.8145151645538,140.89544251106614,702.1413770546151,2131.083706579966,71.89976798432293,59.68179037947764,17.867779762702057,0.23630557691991586,13.273964502742169,19.862068960476442,0.42381709930670086,752.0,10.112000000000023,0.75,none,0.0,2256.0
endurance,300,misfire,94.0,141.81139281911797,142.4584118554272,695.9444622013825,2142.4999918292456,71.99987087552856,58.673603242502004,17.849492559332763,0.13954401055425986,13.35843056493782,19.738318134210825,0.42357617605672726,760.0,10.060000000000002,0.75,none,0.0,2255.0
endurance,300,misfire,95.0,141.80661621908823,141.74790664359816,697.6043351735384,2128.6837561288867,71.61313630181172,60.30409669729771,17.831222002609664,0.15914395931457137,13.243691006913012,20.07655146202628,0.4233453598887589,768.0,10.007999999999981,0.75,none,0.0,2254.0
endurance,300,misfire,96.0,141.80022490312248,141.42010653659912,690.7729874988431,2132.293502022304,71.77122495236695,59.413939457931455,17.81296787856738,0.23781135806824985,13.293427973912964,19.475492768328515,0.42312440923148076,776.0,9.956000000000017,0.75,none,0.0,2253.0
endurance,300,misfire,97.0,141.79225745281568,141.09571186481853,698.9421215546669,2132.1540625505436,71.20692898733537,59.70437117282548,17.79473003658258,0.18883305063282269,13.224885932179093,20.400057245131748,0.42291308836099273,784.0,9.903999999999996,0.75,none,0.0,2252.0
endurance,300,misfire,98.0,141.782751520382,141.97707298235466,698.4463156242631,2141.810763844318,70.77948151471506,60.051308153631695,17.77650836954777,0.18888595516879023,13.273788279269914,20.30319898874822,0.42271116723167923,792.0,9.851999999999975,0.75,none,0.0,2251.0
endurance,300,misfire,99.0,141.77174385414833,142.5969039940059,696.8493107948949,2137.238739908532,71.58328430759263,59.86544180478689,17.75830280025138,0.2122418049094024,13.291467311900137,20.147107037625787,0.4225184213204506,800.0,9.800000000000011,0.75,none,0.0,2250.0
endurance,300,misfire,100.0,141.759270322389,140.95184369627415,695.1328869991289,2143.2136800719845,72.23480949844516,60.808806345143346,17.74011327202128,0.19503775692255654,13.280361000432745,20.35533835957409,0.42233463148111705,808.0,9.74799999999999,0.75,none,0.0,2249.0
endurance,300,misfire,101.0,141.74536593586998,140.8211046393586,696.3545984255836,2128.394301754218,70.92017326513508,59.72409244560797,17.721939742297355,0.19485484184472956,13.351534765470138,19.884609804912316,0.42215958380665175,816.0,9.696000000000026,0.75,none,0.0,2248.0
endurance,300,misfire,102.0,141.73006486935944,141.39070992401793,695.8568514986998,2126.1435371285747,71.22329998405674,59.41961932989422,17.703782178215985,0.21961320688503316,13.296381518398636,19.837775713921335,0.4219930694977645,824.0,9.644000000000005,0.75,none,0.0,2247.0
endurance,300,misfire,103.0,141.7134004822841,141.7968835504705,700.9871729456434,2134.6807172745953,71.78690187245944,60.04912909162662,17.685640553576786,0.1497518536467092,13.262488970766812,20.184121714198483,0.42183488473669795,832.0,9.591999999999985,0.75,none,0.0,2246.0
endurance,300,misfire,104.0,141.69540533865919,141.55172689493452,693.9049107763886,2126.425258629575,71.73554260346329,59.83650155722665,17.667514846758923,0.21384974414442448,13.206327705059472,19.747561330178776,0.42168483056546047,840.0,9.54000000000002,0.75,none,0.0,2245.0
endurance,300,misfire,105.0,141.676111226382,141.4468027886102,699.7367504473176,2128.769970033204,70.84866748032336,59.435622361836025,17.649405039289537,0.19297576538649994,13.278417925515491,19.982005189700782,0.42154271276794586,848.0,9.488,0.75,none,0.0,2244.0
endurance,300,misfire,106.0,141.65554917595534,141.66040211077205,695.52651921403,2118.9003241840155,71.43783103312118,60.422856844771864,17.631311114860488,0.26269305719874747,13.313582118349444,19.340108943501424,0.42140834175554,856.0,9.435999999999979,0.75,none,0.0,2243.0
endurance,300,misfire,107.0,141.63374947868857,141.3930996387679,700.9183899557678,2118.752501841671,72.27726690506832,60.281565549312276,17.61323305865282,0.2142500279679649,13.280997050798067,20.07372382279036,0.4212815324559158,864.0,9.384000000000015,0.75,none,0.0,2242.0
endurance,300,misfire,108.0,141.610741704413,141.51866792522856,700.7582268703413,2128.21878176942,72.09256992926791,59.49349260282202,17.595170856872564,0.1844885061561057,13.324742916911521,20.170607925808575,0.42116210420479594,872.0,9.331999999999994,0.75,none,0.0,2241.0
endurance,300,misfire,109.0,141.58655471873925,141.86339466240312,695.2347708662327,2127.1391833544308,71.86690699747439,59.939554709916074,17.57712449643211,0.3058616189031864,13.27114271307512,19.96532048083124,0.42104988064051607,880.0,9.279999999999973,0.75,none,0.0,2240.0
endurance,300,misfire,110.0,141.5612166998791,142.1377141884649,693.8491990784421,2125.843200842447,71.63009703700264,59.99507026355254,17.559093964731115,0.1694217127881841,13.366416730573006,19.645923689106883,0.420944689601247,888.0,9.228000000000009,0.75,none,0.0,2239.0
endurance,300,misfire,111.0,141.53475515504957,141.66439704363634,696.6810004477016,2126.406886911511,71.7066389387601,59.77878966496432,17.541079249506048,0.2240315733603803,13.198051595735901,19.80941308044268,0.4208463630247692,896.0,9.175999999999988,0.75,none,0.0,2238.0
endurance,300,misfire,112.0,141.50719693647474,140.68368064629436,698.0146182446562,2124.721460440626,72.06452537810644,61.17965465278135,17.523080338726903,0.21976016264261955,13.307904695686776,20.049820679789377,0.42075473685070697,904.0,9.124000000000024,0.75,none,0.0,2237.0
endurance,300,misfire,113.0,141.47856825699867,141.75533323215063,699.9134977201908,2129.4776833816954,71.28169950454954,60.82271863685526,17.505097220526064,0.2230365676872901,13.220602699564946,19.96121517296039,0.42066965092513564,912.0,9.072000000000003,0.75,none,0.0,2236.0
endurance,300,misfire,114.0,141.44889470532084,141.5079648956385,691.5684515090729,2121.114235609114,71.83349046554738,60.694613514787235,17.487129883149713,0.1861437957214304,13.204851501987296,20.484052356497386,0.42059094890749926,920.0,9.019999999999982,0.75,none,0.0,2235.0
endurance,300,misfire,115.0,141.41820126086515,141.9471630088073,695.6424971959365,2126.7546942466533,71.62929393804345,60.16873731495779,17.469178314924193,0.21027002865325192,13.298807110060826,20.224886444309494,0.4205184781797626,928.0,8.968000000000018,0.75,none,0.0,2234.0
endurance,300,misfire,116.0,141.38651230829225,142.65847416146116,700.1904209049527,2121.2001195159946,71.58497846879163,61.25644662713077,17.45124250423298,0.18497913997380952,13.316085402994982,19.902849466708425,0.42045208975774473,936.0,8.915999999999997,0.75,none,0.0,2233.0
endurance,300,misfire,117.0,141.35385165166454,141.25964115003782,696.4635039794416,2120.3301293893155,71.48358511834448,61.077391186722394,17.43332243950099,0.16656003024044094,13.236571859533942,20.159663357150652,0.4203916382045757,944.0,8.863999999999976,0.75,none,0.0,2232.0
endurance,300,misfire,118.0,141.32024252827262,141.67460931249892,692.1747007152061,2115.725772913984,71.37156531735465,60.15922457507484,17.415418109183577,0.1290585219299215,13.334262399262691,20.218474684136876,0.4203369815462198,952.0,8.812000000000012,0.75,none,0.0,2231.0
endurance,300,misfire,119.0,141.28570762213175,141.38944063115116,695.3971007704462,2132.883049893904,70.77873946323412,60.44301758702236,17.397529501759127,0.16196052972501115,13.347058488988699,19.945323649284465,0.4202879811890138,960.0,8.759999999999991,0.75,none,0.0,2230.0
endurance,300,misfire,120.0,141.2502690771564,140.81920115825886,693.9163792465104,2112.8938724104155,71.95173459257362,60.25773093412688,17.37965660572398,0.26193721390093366,13.237661421104086,19.628021763524828,0.4202445018391773,968.0,8.708000000000027,0.75,none,0.0,2229.0
endurance,300,misfire,121.0,141.21394851002054,141.95631317344265,699.7721951235673,2124.9800226615484,72.2843793527641,60.728425443374896,17.36179940958877,0.17490469374299736,13.299450188509427,19.987917925463417,0.4202064114242353,976.0,8.656000000000006,0.75,none,0.0,2228.0
endurance,300,misfire,122.0,141.17676702271183,140.91484811400124,698.3634510496153,2117.9346369732284,71.75150607414434,60.93123029957029,17.343957901876184,0.19291658933561295,13.327304961781444,20.174046492786957,0.4201735810163195,984.0,8.603999999999985,0.75,none,0.0,2227.0
endurance,300,misfire,123.0,141.1387452147862,141.47749748183466,690.0812509532369,2119.314949779655,71.79174691536316,60.228580118853586,17.326132071119147,0.26674740510843464,13.26531696067492,19.776905176088306,0.4201458847572934,992.0,8.552000000000021,0.75,none,0.0,2226.0
endurance,300,misfire,124.0,141.09990319533108,141.54819462485878,695.9354823265778,2133.541155396365,71.66553225921668,60.52829897472802,17.30832190585972,0.25610669544522496,13.272397026615463,19.728501541783956,0.42012319978565926,1000.0,8.5,0.75,none,0.0,2225.0
endurance,300,misfire,125.0,141.06026059464315,141.6626112840572,695.782795436305,2123.8203954467554,70.8606213446642,61.35107455181183,17.290527394648347,0.16269324307430344,13.33470596012892,19.83525672815494,0.4201054061652121,1008.0,8.447999999999979,0.75,none,0.0,2224.0
endurance,300,misfire,126.0,141.01983657562843,140.14453283948976,699.6659506355179,2117.9960991078933,71.77357773615024,61.15946909116882,17.272748526043316,0.10731905638584419,13.305369815075247,19.807320285752386,0.4200923868153875,1016.0,8.396000000000015,0.75,none,0.0,2223.0
endurance,300,misfire,127.0,140.9786498449307,140.38560261434185,691.914306089055,2113.97446992658,71.46255799375473,61.83051035727387,17.25498528861031,0.20468545829855356,13.226907187598185,19.624822829121435,0.420084027443268,1024.0,8.343999999999994,0.75,none,0.0,2222.0
endurance,300,misfire,128.0,140.93671866379484,140.98309923658488,694.5851967207299,2116.0031190106993,71.29836142419289,60.51730057638159,17.237237670922212,0.1697364386750766,13.281276889221173,19.912380278868277,0.4200802164772126,1032.0,8.291999999999973,0.75,none,0.0,2221.0
endurance,300,misfire,129.0,140.89406085867176,141.1056063012299,696.4206512008935,2111.639619376063,71.52760777895175,60.8074139994199,17.219505661558994,0.30851770306511617,13.31408321904386,19.69089752192651,0.42008084500206355,1040.0,8.240000000000009,0.75,none,0.0,2220.0
endurance,300,misfire,130.0,140.85069383157057,141.1378030976307,695.5277113899238,2121.9346532325953,71.2136892207937,61.422773317384745,17.20178924910738,0.17701203328715467,13.306931373878506,19.887557078367514,0.4200858066958949,1048.0,8.187999999999988,0.75,none,0.0,2219.0
endurance,300,misfire,131.0,140.8066345701644,140.3058788934284,695.6018628228866,2116.880343053637,70.56249980233406,61.67193127316913,17.184088422161043,0.2335660774957944,13.304809097308075,20.024259301630885,0.4200949977682715,1056.0,8.136000000000024,0.75,none,0.0,2218.0
endurance,300,misfire,132.0,140.76189965765553,140.7980611162973,696.9742746002928,2112.5938820016645,71.47333250395864,61.44000888108329,17.166403169320258,0.17191284972866494,13.222470659385353,19.830824221049237,0.4201083168999725,1064.0,8.084000000000003,0.75,none,0.0,2217.0
endurance,300,misfire,133.0,140.71650528240568,140.86055910950014,697.8416535850463,2110.3261289728243,72.23569147494867,62.13685715065781,17.148733479192128,0.20946630260256838,13.236388287775538,20.210398314830606,0.42012566518415506,1072.0,8.031999999999982,0.75,none,0.0,2216.0
endurance,300,misfire,134.0,140.67046724733697,140.65357142184766,692.8788808437645,2112.5058629183036,71.82725711719124,61.50740791193617,17.131079340390357,0.261966366737456,13.332069234448136,19.672646588128522,0.42014694606891645,1080.0,7.980000000000018,0.75,none,0.0,2215.0
endurance,300,misfire,135.0,140.62380097910906,141.03213916605148,694.2151419933896,2118.3584876481227,72.34121654680314,60.644331185100036,17.113440741535307,0.10499292344105848,13.197456814190053,20.13177268004701,0.42017206530122175,1088.0,7.927999999999997,0.75,none,0.0,2214.0
endurance,300,misfire,136.0,140.57652153707775,140.10596203424168,694.6375417595254,2109.2794261427034,71.37910550071055,60.62679675424417,17.09581767125401,0.13191971318598983,13.284835621121136,19.784460140253778,0.4202009308721725,1096.0,7.875999999999976,0.75,none,0.0,2213.0
endurance,300,misfire,137.0,140.5286436220404,140.4672509123326,693.1103604969255,2122.2631119177067,71.87396743963009,61.679800999559944,17.078210118180113,0.24782806595936474,13.263088097736844,20.071553167124932,0.42023345296357206,1104.0,7.824000000000012,0.75,none,0.0,2212.0
endurance,300,misfire,138.0,140.48018158477294,140.33211858665527,698.0118319311533,2114.774441930434,71.66719137384395,61.220049464175666,17.060618070953844,0.23212357344150503,13.25622298694456,19.933415524065353,0.42026954389576676,1112.0,7.771999999999991,0.75,none,0.0,2211.0
endurance,300,misfire,139.0,140.4311494343638,140.023129729219,693.6726547576412,2114.309979429833,71.70212030424537,61.34482517472157,17.043041518222097,0.20970015518691773,13.228010742519201,19.94032143215523,0.4203091180767293,1120.0,7.720000000000027,0.75,none,0.0,2210.0
endurance,300,misfire,140.0,140.3815608463492,140.35118295664236,694.7922307039911,2112.0423002905704,71.90940713385214,61.02522458202199,17.025480448638305,0.17937451220512068,13.311813693588327,19.969345810619544,0.42035209195235124,1128.0,7.668000000000006,0.75,none,0.0,2209.0
endurance,300,misfire,141.0,140.33142917065504,140.8122851710201,697.2215491776437,2114.041923569476,71.10318224782552,61.130581582131136,17.00793485086256,0.22233148538542827,13.183526328682767,20.068222402268137,0.4203983839579236,1136.0,7.6159999999999854,0.75,none,0.0,2208.0
endurance,300,misfire,142.0,140.2807674393494,139.80118706228947,696.2507028886188,2105.242301648724,70.6457945908429,61.89239845719158,16.99040471356153,0.1422353863622952,13.29292852979143,20.14864407441285,0.42044791447076835,1144.0,7.564000000000021,0.75,none,0.0,2207.0
endurance,300,misfire,143.0,140.22958837421064,139.69433278852082,694.3658669779226,2109.8418191881565,72.54465103272263,61.75629344642963,16.972890025408446,0.23955892010159913,13.30816657095947,20.083086374877094,0.42050060576399984,1152.0,7.5120000000000005,0.75,none,0.0,2206.0
endurance,300,misfire,144.0,140.1779043941152,140.88324776464958,692.5795387089195,2109.009831240972,71.50243778010413,61.42264238741111,16.955390775083156,0.2687195540300138,13.354567296122681,20.091856148322968,0.420556381961388,1160.0,7.4599999999999795,0.75,none,0.0,2205.0
endurance,300,misfire,145.0,140.12572762224957,139.72013704545995,694.9183381334819,2115.752105315172,70.66685230224756,61.108995581243505,16.93790695127211,0.21417465079180723,13.250922501089276,19.89126793921732,0.4206151689932941,1168.0,7.4080000000000155,0.75,none,0.0,2204.0
endurance,300,misfire,146.0,140.0730698931506,139.00913874636387,689.5156459164408,2100.11797024722,70.48073293826387,61.37270977801064,16.9204385426683,0.15991432535967848,13.233490155936854,19.68625850809645,0.4206768945536563,1176.0,7.3559999999999945,0.75,none,0.0,2203.0
endurance,300,misfire,147.0,140.01994275957802,139.69489785883613,693.336232988601,2106.517664603546,71.60574275411601,61.58019435007455,16.90298553797132,0.23414351613619297,13.267217749337336,19.625330859676396,0.42074148805800127,1184.0,7.303999999999974,0.75,none,0.0,2202.0
endurance,300,misfire,148.0,139.96635749922342,139.79289435766805,698.0085089423736,2107.3594925440116,70.76914963829849,61.64220069149206,16.88554792588734,0.2398914037514098,13.286416827130891,20.182189426022354,0.42080888060245303,1192.0,7.2520000000000095,0.75,none,0.0,2201.0
endurance,300,misfire,149.0,139.91232512125956,139.8244943197325,696.5886932523061,2108.582525141308,71.42891572664693,61.06125035948746,16.868125695129073,0.26436464463557235,13.225668606006943,20.217277876411746,0.42087900492371766,1200.0,7.199999999999989,0.75,none,0.0,2200.0
endurance,300,misfire,150.0,139.8578563727336,140.11780626064245,694.654542682229,2114.166534958604,71.10900374446668,60.56705772809164,16.850718834415858,0.1897783716615136,13.32812116521204,20.04500356073898,0.42095179536002436,1208.0,7.148000000000025,0.75,none,0.0,2199.0
endurance,300,misfire,151.0,139.80296174480824,139.4301553156447,694.2599946976497,2110.150096956858,71.57604917282441,61.04189179442044,16.833327332473555,0.16202568245201251,13.211520828273308,19.986237755422337,0.4210271878129912,1216.0,7.096000000000004,0.75,none,0.0,2198.0
endurance,300,misfire,152.0,139.74765147885418,139.68687522023663,696.5009230615867,2111.9664198097175,71.388156915153,61.45512295481404,16.815951178034595,0.19494508758668175,13.364131622880429,19.58603042729126,0.4211051197104039,1224.0,7.043999999999983,0.75,none,0.0,2197.0
endurance,300,misfire,153.0,139.69193557239757,138.8871105156389,698.5256671921131,2107.998970327462,71.25425796450152,60.876448453075376,16.798590359838016,0.1725581411256182,13.331778270376297,20.121511055918372,0.42118552996987735,1232.0,6.992000000000019,0.75,none,0.0,2196.0
endurance,300,misfire,154.0,139.63582378492578,139.22186808033862,692.2753605589979,2102.284235776418,70.55147934984987,60.90842210627044,16.78124486662933,0.2027157270710171,13.254204749950503,19.986975874312982,0.421268358963383,1240.0,6.939999999999998,0.75,none,0.0,2195.0
endurance,300,misfire,155.0,139.57932564355505,139.43985033791526,692.1323509329181,2098.4979882970956,71.69870867742644,61.819706645277044,16.763914687160682,0.20827215622400955,13.250896224646514,20.097456873532924,0.42135354848262274,1248.0,6.887999999999977,0.75,none,0.0,2194.0
endurance,300,misfire,156.0,139.52245044856312,139.60241016960694,688.0440170885549,2104.6642175334687,70.96378600858453,61.8628900366995,16.746599810190748,0.15707487085809652,13.3076986727365,19.854226669180207,0.4214410417052248,1256.0,6.836000000000013,0.75,none,0.0,2193.0
endurance,300,misfire,157.0,139.4652072787901,139.8421495179377,692.6252689394032,2095.3748063529783,71.45930911842711,61.336877907763395,16.72930022448472,0.20493518931413826,13.283188908555616,20.11104872012465,0.4215307831617454,1264.0,6.783999999999992,0.75,none,0.0,2192.0
endurance,300,misfire,158.0,139.4076049969109,139.82475920601905,695.41745334054,2105.7906567781174,71.10554864897006,61.049961939684984,16.712015918814416,0.17299421254700154,13.24750973783562,19.728128484522113,0.42162271870345713,1272.0,6.732000000000028,0.75,none,0.0,2191.0
endurance,300,misfire,159.0,139.34965225458186,139.1972086956945,698.6388236316484,2096.1927055667807,70.49204682677423,60.64931035520932,16.69474688195809,0.2410422783315124,13.250070626784133,20.171112233432584,0.4217167954709018,1280.0,6.680000000000007,0.75,none,0.0,2190.0
endurance,300,misfire,160.0,139.29135749746516,139.57207229377758,693.6470092640121,2107.4893067642747,70.74501617116461,61.270797079828284,16.677493102700634,0.07228202758008367,13.274500582511394,19.896122259325935,0.4218129618631955,1288.0,6.627999999999986,0.75,none,0.0,2189.0
endurance,300,misfire,161.0,139.23272897013337,140.1260791883087,693.8351177148502,2103.682077157009,71.54352918183913,61.978375540469465,16.660254569833448,0.25009163293010395,13.242988589737076,19.723009526364176,0.421911167508061,1296.0,6.576000000000022,0.75,none,0.0,2188.0
endurance,300,misfire,162.0,139.17377472085727,138.54834347293024,693.6325166872142,2104.2453444393805,71.26713821512246,60.832316407453696,16.64303127215443,0.2520898463797504,13.387863671183426,19.763003930729607,0.4220113632325757,1304.0,6.524000000000001,0.75,none,0.0,2187.0
endurance,300,misfire,163.0,139.11450260627976,139.0867648648639,697.0303313962353,2107.326888028388,71.26843515141853,60.88776441690284,16.625823198468087,0.2311139255594054,13.260140850011638,19.86381178865625,0.4221135010346154,1312.0,6.47199999999998,0.75,none,0.0,2186.0
endurance,300,misfire,164.0,139.0549202959784,139.06646378678056,695.831974803643,2098.404142901379,71.68272390122885,61.602084328329966,16.6086303375854,0.24954565660911596,13.259083029585183,20.439369418406592,0.4222175340549793,1320.0,6.420000000000016,0.75,none,0.0,2185.0
endurance,300,misfire,165.0,138.99503527691937,138.34839404842452,693.0560728905106,2099.044573986295,71.61261206784974,62.02682836062432,16.591452678323893,0.2458207997350937,13.175864077332847,20.058070231949568,0.42232341655017513,1328.0,6.367999999999995,0.75,none,0.0,2184.0
endurance,300,misfire,166.0,138.93485485780528,138.9888738461034,689.2705668159662,2100.843134207664,70.73174522176683,60.992578594960705,16.574290209507605,0.1210642086745424,13.239933136061111,19.974071837538865,0.42243110386585736,1336.0,6.315999999999974,0.75,none,0.0,2183.0
endurance,300,misfire,167.0,138.87438617331964,138.19621191263144,693.8056082573979,2102.2834092557378,70.77661778358166,61.839065047840684,16.55714291996714,0.1727207675610201,13.285917100041546,20.025955670347045,0.4225405524108937,1344.0,6.26400000000001,0.75,none,0.0,2182.0
endurance,300,misfire,168.0,138.81363618827015,138.73823210039527,688.6965062540373,2096.6718249647342,71.71012408504558,61.37318749434024,16.54001079853958,0.2089662890117856,13.26382359366591,19.87545457352582,0.4226517196320496,1352.0,6.211999999999989,0.75,none,0.0,2181.0
endurance,300,misfire,169.0,138.7526117016333,138.71377175115813,692.4513080482989,2107.704451231485,71.0087096532654,62.299566908259905,16.52289383406853,0.23368160749090286,13.270843824354676,19.63114247315534,0.4227645639892794,1360.0,6.160000000000025,0.75,none,0.0,2180.0
endurance,300,misfire,170.0,138.6913193505028,138.80701094663533,694.1132414783821,2094.479093276499,71.41527058710038,61.69279811090737,16.505792015404108,0.1761874477898811,13.306616297194081,19.777799801325642,0.4228790449315989,1368.0,6.108000000000004,0.75,none,0.0,2179.0
endurance,300,misfire,171.0,138.6297656139439,138.46235817808787,694.0981798630855,2091.7282600899603,71.54270356916345,61.76688394992804,16.48870533140296,0.22254586969942097,13.313187516830702,20.206038728925456,0.42299512287353935,1376.0,6.055999999999983,0.75,none,0.0,2178.0
endurance,300,misfire,172.0,138.56795681675598,138.03802068848427,687.5899531424843,2098.2072331430068,70.93968930565819,61.44080777641379,16.471633770928264,0.2671634288918644,13.248045927811166,20.260434398239674,0.4231127591721585,1384.0,6.004000000000019,0.75,none,0.0,2177.0
endurance,300,misfire,173.0,138.50589913314553,138.528109284012,691.9754070969974,2094.315185470228,71.69758363436614,61.07269078103213,16.45457732284962,0.2630469512482017,13.274043035082077,19.864013948336652,0.4232319161045974,1392.0,5.951999999999998,0.75,none,0.0,2176.0
endurance,300,misfire,174.0,138.44359859031172,137.96108121373035,690.8903414457794,2092.5110806382213,71.58778422786133,61.379770565219324,16.43753597604322,0.14568122005268475,13.289277060194012,20.193314504656733,0.4233525568461761,1400.0,5.899999999999977,0.75,none,0.0,2175.0
endurance,300,misfire,175.0,138.38106107194656,139.06257174816406,696.3146212973157,2091.103978272172,70.62798233270891,60.73838923945408,16.420509719391713,0.17895121192753963,13.359603542588104,20.222413082745096,0.4234746454490078,1408.0,5.848000000000013,0.75,none,0.0,2174.0
endurance,300,misfire,176.0,138.31829232165177,138.5901732594109,692.3784241835939,2085.308127674862,71.48126254230226,61.4875665498504,16.403498541784234,0.21835181811826512,13.244574072380825,20.46806660780619,0.4235981468211214,1416.0,5.795999999999992,0.75,none,0.0,2173.0
endurance,300,misfire,177.0,138.25529794627417,138.48460284910908,694.3303874407043,2089.7479362556023,71.87893603267753,60.97178572414047,16.38650243211649,0.2577831615663054,13.236210243609527,19.9490908470809,0.42372302670608486,1424.0,5.744000000000028,0.75,none,0.0,2172.0
endurance,300,misfire,178.0,138.19208341916186,137.46985921454518,692.7196113318237,2085.7186232402546,71.98892508321225,60.70823795300613,16.369521379290546,0.28362863189490056,13.233564404811474,20.135440247981336,0.42384925166310927,1432.0,5.692000000000007,0.75,none,0.0,2171.0
endurance,300,misfire,179.0,138.12865408334267,138.0287183011303,687.43749479652,2101.728844124134,70.62865633922634,60.6192250517195,16.352555372215086,0.2004154400812364,13.211908680806278,20.028129402476015,0.4239767890476305,1440.0,5.639999999999986,0.75,none,0.0,2170.0
endurance,300,misfire,180.0,138.06501515462713,138.07313221921063,686.1380845330028,2093.745563329333,71.17221943472757,61.86059120643908,16.33560439980523,0.20330097834685396,13.228389020851237,20.088116677709497,0.4241056069923502,1448.0,5.588000000000022,0.75,none,0.0,2169.0
endurance,300,misfire,181.0,138.00117172463732,137.79012722714126,690.5609876617016,2084.0961742241943,71.47328212631189,62.014470688207616,16.31866845098255,0.2062776996899838,13.305033421491457,19.940277682639795,0.42423567438873044,1456.0,5.536000000000001,0.75,none,0.0,2168.0
endurance,300,misfire,182.0,137.93712876376384,137.74210482563586,690.9422307671259,2091.5635078972864,71.83542635301279,61.82878011647945,16.301747514675156,0.19965895655981747,13.299895987960559,20.076242415036354,0.4243669608689271,1464.0,5.4839999999999804,0.75,none,0.0,2167.0
endurance,300,misfire,183.0,137.87289112405225,136.87841276620424,687.0138633369963,2091.373060437535,72.01826216910486,62.0466754719819,16.284841579817613,0.21372102223305345,13.310998169755072,19.81675073695418,0.42449943678815516,1472.0,5.432000000000016,0.75,none,0.0,2166.0
endurance,300,misfire,184.0,137.80846354202075,137.74557120762523,697.593988243453,2091.1292526576945,71.7669508407826,60.80451706955687,16.26795063535095,0.14311283164448863,13.406041166189649,19.772735773779537,0.424633073207472,1480.0,5.3799999999999955,0.75,none,0.0,2165.0
endurance,300,misfire,185.0,137.74385064141092,137.18938796357097,695.3990818781496,2093.918700895472,72.02036601671311,60.76006579930601,16.25107467022266,0.3218471579162017,13.24055948402058,20.077294443675843,0.4247678418769728,1488.0,5.3279999999999745,0.75,none,0.0,2164.0
endurance,300,misfire,186.0,137.6790569358728,136.98794962888897,690.2092186295517,2081.909723904776,72.1802740837608,60.82189429121196,16.234213673386773,0.17988588141767972,13.279717971239785,20.144631589661337,0.4249037152193844,1496.0,5.2760000000000105,0.75,none,0.0,2163.0
endurance,300,misfire,187.0,137.61408683158623,138.07772743215548,689.4933636922053,2083.6946143812065,72.09893286882276,61.67538321097992,16.2173676338037,0.20135591131081831,13.252948102136195,20.152789396931738,0.42504066631404924,1504.0,5.2239999999999895,0.75,none,0.0,2162.0
endurance,300,misfire,188.0,137.5489446298195,137.18939478183773,691.9810881350083,2073.360924208398,70.71992848047154,61.59790352766288,16.20053654044038,0.11453384291508317,13.259387821248792,19.94699908293828,0.42517866888129385,1512.0,5.1720000000000255,0.75,none,0.0,2161.0
endurance,300,misfire,189.0,137.48363452942732,137.61365513178848,688.7454290762744,2082.1298661790092,70.6939773098236,61.34776238539317,16.183720382270163,0.16943837968261782,13.321059445406247,20.08778378022177,0.42531769726716473,1520.0,5.1200000000000045,0.75,none,0.0,2160.0
endurance,300,misfire,190.0,137.41816062928933,137.60951938086828,693.0866656521268,2082.948091336871,71.33358388344703,62.307263581079056,16.16691914827289,0.13946591955657894,13.294108259473813,20.315936556951563,0.42545772642853275,1528.0,5.067999999999984,0.75,none,0.0,2159.0
endurance,300,misfire,191.0,137.35252693069035,136.67817055772213,696.5382642384699,2075.698979446814,70.94836249671037,61.20783401764272,16.150132827434884,0.18804673734805608,13.224471613385742,20.012261824207464,0.425598731918548,1536.0,5.0160000000000196,0.75,none,0.0,2158.0
endurance,300,misfire,192.0,137.28673733964405,137.56430628766668,695.8386159118302,2080.548726145041,71.50783476072941,60.838951017302875,16.133361408748858,0.17559870187649618,13.32010036193292,20.07895834529799,0.42574068987244307,1544.0,4.963999999999999,0.75,none,0.0,2157.0
endurance,300,misfire,193.0,137.22079566916136,137.3063875562887,692.232019604133,2079.4965718034396,71.12039436412655,60.658783098049604,16.116604881214005,0.2062418515794875,13.321294159643486,20.200705831167895,0.42588357699367463,1552.0,4.911999999999978,0.75,none,0.0,2156.0
endurance,300,misfire,194.0,137.15470564146486,136.84768148612164,692.8352051499372,2082.2489779355474,70.90072500338077,61.01762497507196,16.099863233836025,0.23660079464110365,13.282331284118397,20.19593072039483,0.4260273705403934,1560.0,4.860000000000014,0.75,none,0.0,2155.0
endurance,300,misfire,195.0,137.08847089015032,136.66030786473334,687.5070100331209,2082.573309806236,71.0399187352318,60.154349503331986,16.08313645562693,0.21719410838728156,13.195735176991455,19.768115625252353,0.4261720483122373,1568.0,4.807999999999993,0.75,none,0.0,2154.0
endurance,300,misfire,196.0,137.0220949622969,137.2013867737536,694.1601956749672,2085.8778813641757,71.87814312447725,60.827321975880615,16.066424535605318,0.12094390679094552,13.278859188118032,19.812869718116495,0.4263175886374396,1576.0,4.755999999999972,0.75,none,0.0,2153.0
endurance,300,misfire,197.0,136.9555813205271,136.5889048788572,694.0937337216027,2085.2497231577267,71.15682367643171,61.006998249408525,16.049727462796138,0.27276187107457006,13.298474588282996,20.2054425258778,0.42646397036024286,1584.0,4.704000000000008,0.75,none,0.0,2152.0
endurance,300,misfire,198.0,136.8889333450176,136.87814534412917,694.722290314164,2084.3989514497493,72.23969834057463,61.74528021782787,16.033045226230776,0.1837682253607104,13.263554070007912,19.47695110013278,0.42661117282861205,1592.0,4.651999999999987,0.75,none,0.0,2151.0
endurance,300,misfire,199.0,136.82215433546222,136.515536493942,686.4800966092664,2071.4656587872396,71.22169931788667,61.691825407672994,16.016377814947134,0.2489692146341172,13.354861839124961,20.39076321857464,0.4267591758822431,1600.0,4.600000000000023,0.75,none,0.0,2150.0
endurance,300,misfire,200.0,136.75524751298823,137.40058949020994,688.4394303002855,2080.8032574099116,71.0557533098496,61.49117704135459,15.999725217989429,0.19090914276316087,13.199879206728198,20.12001847297874,0.4269079598408535,1608.0,4.548000000000002,0.75,none,0.0,2149.0
endurance,300,misfire,201.0,136.688216022027,136.3760810168348,684.2455148648172,2074.377159883187,71.54255224905444,60.86330021601817,15.983087424408405,0.21416341291453128,13.319556322466418,20.199815286883815,0.4270575054927537,1616.0,4.495999999999981,0.75,none,0.0,2148.0
endurance,300,misfire,202.0,136.62106293214003,136.0157622251388,690.0737952402764,2094.8076783688266,71.43911283539214,61.6825277515894,15.966464423261185,0.20007601291515142,13.294602307697676,20.31996726700615,0.4272077940836908,1624.0,4.444000000000017,0.75,none,0.0,2147.0
endurance,300,misfire,203.0,136.55379123980163,136.38279684885313,692.3308403726351,2078.83111729622,71.35424369315206,60.688568782426124,15.94985620361131,0.11147529322303165,13.163841808863824,19.702709330348977,0.4273588073059553,1632.0,4.391999999999996,0.75,none,0.0,2146.0
endurance,300,misfire,204.0,136.486403870139,135.93937845001113,688.6458353238941,2076.62933538923,70.87143809810716,60.973581114491175,15.933262754528771,0.1705412093350643,13.22371775060409,20.046380025176884,0.4275105272877514,1640.0,4.339999999999975,0.75,none,0.0,2145.0
endurance,300,misfire,205.0,136.41890367863107,136.4422444012077,694.4003613732353,2069.833864173775,71.0486497551409,60.865137018402216,15.916684065089978,0.15926123764235997,13.283449243455365,20.277965982057086,0.4276629365828173,1648.0,4.288000000000011,0.75,none,0.0,2144.0
endurance,300,misfire,206.0,136.35129345276673,137.00246792730985,689.8559017444132,2077.030498930681,69.72044444153984,61.601035473596745,15.900120124377706,0.20856008226510447,13.243001332005674,20.08764765992539,0.4278160181602917,1656.0,4.23599999999999,0.75,none,0.0,2143.0
endurance,300,misfire,207.0,136.2835759136637,135.7784526020235,689.8584409867342,2071.6473012538895,71.23387186451765,60.57564498805641,15.883570921481203,0.11081179436411753,13.270219783693745,20.264471633583327,0.4279697553948266,1664.0,4.184000000000026,0.75,none,0.0,2142.0
endurance,300,misfire,208.0,136.21575371764868,136.55742248509065,689.8223379584822,2077.8289222262274,71.3020388803709,60.848050734598665,15.867036445496073,0.11529175531438005,13.208667688309243,19.906241787598915,0.42812413205692934,1672.0,4.132000000000005,0.75,none,0.0,2141.0
endurance,300,misfire,209.0,136.14782945780013,135.99698720377933,692.7358961749318,2083.4024354853996,71.85900482159396,60.77626241012741,15.850516685524378,0.1994075179284293,13.252576109553498,19.671842332321546,0.42827913230353887,1680.0,4.079999999999984,0.75,none,0.0,2140.0
endurance,300,misfire,210.0,136.0798056654541,135.92379876944787,694.6047400450483,2075.529262012385,70.83868367385988,60.3463937644094,15.834011630674569,0.16210979586180904,13.207546505349496,20.19301930596406,0.42843474066882525,1688.0,4.02800000000002,0.75,none,0.0,2139.0
endurance,300,misfire,211.0,136.01168481167431,136.31378762344102,688.1147104452818,2078.5643857510863,71.51316414390715,60.03714176114285,15.817521270061464,0.2404844353734378,13.310701038575592,20.08223030945284,0.4285909420552062,1696.0,3.975999999999999,0.75,none,0.0,2138.0
endurance,300,misfire,212.0,135.94346930868718,136.26473344637654,689.2793972007572,2074.4194536153495,71.79265778600876,59.959788164410995,15.801045592806306,0.3136574596860363,13.221476960335192,19.984497487397007,0.42874772172458164,1704.0,3.923999999999978,0.75,none,0.0,2137.0
endurance,300,misfire,213.0,135.87516151128276,135.6708030020111,692.9179054853132,2069.135895382453,71.75841343432265,60.064883650013996,15.784584588036783,0.2418428360936404,13.233446900637622,19.48790348811299,0.42890506528977346,1712.0,3.872000000000014,0.75,none,0.0,2136.0
endurance,300,misfire,214.0,135.80676371818222,135.95835632887542,686.606913857262,2073.253237531547,71.1998630199834,60.746919048049925,15.768138244886858,0.09431627392322375,13.25627119068842,20.309784334395538,0.4290629587061694,1720.0,3.819999999999993,0.75,none,0.0,2135.0
endurance,300,misfire,215.0,135.73827817337286,135.76482856246486,689.0820985119854,2075.87942052642,71.49702876815444,59.92190298662812,15.751706552497,0.28240620588768267,13.236892153824261,20.062005047218214,0.4292213882635686,1728.0,3.768000000000029,0.75,none,0.0,2134.0
endurance,300,misfire,216.0,135.66970706741128,135.32918206720743,688.8034548802012,2063.7052303616974,70.63638984223367,60.26052411259959,15.735289500014003,0.11217495393771762,13.350678537802713,20.137194484848973,0.42938034057821717,1736.0,3.716000000000008,0.75,none,0.0,2133.0
endurance,300,misfire,217.0,135.6010525386955,136.2707688662032,691.5683815038329,2072.764417562119,71.21994153105291,60.28051564728658,15.718887076591052,0.22730085102007064,13.223760387496842,20.071979253109838,0.4295398025850383,1744.0,3.6639999999999873,0.75,none,0.0,2132.0
endurance,300,misfire,218.0,135.53231667470695,135.64620481077733,691.6331680851911,2073.92817812346,70.39823654904527,61.008687365705576,15.70249927138777,0.17999338197254955,13.288009116699957,19.533441177072067,0.42969976153004263,1752.0,3.612000000000023,0.75,none,0.0,2131.0
endurance,300,misfire,219.0,135.46350151322258,135.34877959912447,691.0955145528235,2068.8078745604785,71.56709427569524,59.69495247843322,15.68612607357005,0.22388000448311224,13.283844975938898,19.931125016112034,0.42986020496292165,1760.0,3.5600000000000023,0.75,none,0.0,2130.0
endurance,300,misfire,220.0,135.39460904349852,135.948564829635,684.6046889121615,2078.458381046353,71.13727689977391,59.566972512109615,15.66976747231028,0.13032027012939998,13.260217233982472,20.11228024761746,0.43002112072981813,1768.0,3.5079999999999814,0.75,none,0.0,2129.0
endurance,300,misfire,221.0,135.32564120742515,135.20318856613704,688.4342422051079,2071.598429017822,71.67398481735033,59.83610568554986,15.653423456787149,0.15241748102130365,13.209480950520163,19.618683430983342,0.43018249696626754,1776.0,3.4560000000000173,0.75,none,0.0,2128.0
endurance,300,misfire,222.0,135.25659990065495,134.92537636410668,688.1613139997705,2068.6243105293966,71.53767992694145,60.43961249421393,15.637094016185717,0.20407649946541936,13.224591982017335,19.858000920968,0.4303443220903067,1784.0,3.4039999999999964,0.75,none,0.0,2127.0
endurance,300,misfire,223.0,135.1874869737034,135.00030924785216,689.4315617267414,2068.8371283116444,72.0437134916684,60.29566340663251,15.620779139697474,0.29534655183177955,13.309587780444868,19.8222876656454,0.430506584795749,1792.0,3.3519999999999754,0.75,none,0.0,2126.0
endurance,300,misfire,224.0,135.1183042330236,135.36916043942102,690.4149421678445,2073.684506929173,71.09866973278397,61.123935066024636,15.604478816520215,0.1770682423532934,13.194947257410337,20.147667344775652,0.4306692740456175,1800.0,3.3000000000000114,0.75,none,0.0,2125.0
endurance,300,misfire,225.0,135.0490534420555,134.5774806970858,690.7749930242051,2070.5319585262655,71.39762730739714,61.39683996273903,15.588193035858112,0.12128614578572558,13.295275323849642,20.19735341465943,0.43083237906573457,1808.0,3.2479999999999905,0.75,none,0.0,2124.0
endurance,300,misfire,226.0,134.97973632224992,135.24881631939803,686.5058953143188,2070.145453344992,70.57196874317079,59.364022427619666,15.57192178692171,0.2930857759686574,13.330203052206189,20.162833699122398,0.430995889338467,1816.0,3.1960000000000264,0.75,none,0.0,2123.0
endurance,300,misfire,227.0,134.9103545540683,134.05418115806094,690.5365343306021,2067.6087549067834,70.85289223879774,59.7673978654178,15.555665058927886,0.10339975308621935,13.198854959772483,20.33221344896865,0.4311597945966146,1824.0,3.1440000000000055,0.75,none,0.0,2122.0
endurance,300,misfire,228.0,134.8409097779587,135.17500047675526,689.9665993865168,2061.384217133197,71.60032131343047,60.009276239560144,15.539422841099919,0.2669123432374593,13.354413660259807,19.952663692200883,0.4313240848174501,1832.0,3.0919999999999845,0.75,none,0.0,2121.0
endurance,300,misfire,229.0,134.7714035953084,135.05492397261497,682.1742197644321,2056.887807547733,70.28615929542862,59.64580861046866,15.523195122667403,0.2744981009739149,13.263701399216464,20.224312085991787,0.4314887502168978,1840.0,3.0400000000000205,0.75,none,0.0,2120.0
endurance,300,misfire,230.0,134.70183756937402,133.8471802278908,689.4969781781992,2065.71810870883,70.49767767976648,59.747470997643305,15.506981892866285,0.15211813018898712,13.373441028737753,19.99192980943232,0.43165378124385045,1848.0,2.9879999999999995,0.75,none,0.0,2119.0
endurance,300,misfire,231.0,134.63221322618932,134.48964876981586,686.7798064552553,2056.6370033428448,70.9437969908205,60.170882110150444,15.490783140938856,0.2658116547079568,13.346002311401369,19.764050444757626,0.431819168574623,1856.0,2.9359999999999786,0.75,none,0.0,2118.0
endurance,300,misfire,232.0,134.5625320554515,135.4400850126572,685.6895597651196,2074.7574046610703,70.69433539322048,59.53236477573504,15.474598856133795,0.25069049493612056,13.251645714409538,20.014991117349595,0.43198490310753845,1864.0,2.8840000000000146,0.75,none,0.0,2117.0
endurance,300,misfire,233.0,134.49279551138633,133.94465303923386,685.967565273974,2059.3516624053277,71.85619071291222,60.43561517710149,15.45842902770605,0.26325977881934276,13.231474859973106,19.672698938217824,0.4321509759576406,1872.0,2.8319999999999936,0.75,none,0.0,2116.0
endurance,300,misfire,234.0,134.42300501359276,134.91243929593264,688.7037815355271,2063.4383079586178,71.42452029297677,59.44294127723051,15.44227364491695,0.22089634336410255,13.232462804358265,19.898372026369543,0.43231737845153484,1880.0,2.7799999999999727,0.75,none,0.0,2115.0
endurance,300,misfire,235.0,134.35316194786725,134.46241939632205,687.9526643954878,2060.6739980278867,71.70726565355214,59.2928429249287,15.426132697034186,0.26472450836620365,13.282015266207408,19.984740869855273,0.43248410212235144,1888.0,2.7280000000000086,0.75,none,0.0,2114.0
endurance,300,misfire,236.0,134.28326766700874,133.7380156859713,687.0791123790146,2055.3522573732175,71.1406649407949,59.8317271074566,15.410006173331702,0.1246710060916435,13.262467302652999,19.761588703816486,0.4326511387048265,1896.0,2.6759999999999877,0.75,none,0.0,2113.0
endurance,300,misfire,237.0,134.2133234916042,134.7589196046749,687.2205335606246,2056.3907084695234,71.14868152318036,59.86100965896137,15.393894063089865,0.14610094104064492,13.264888834165601,19.907497777677083,0.4328184801305046,1904.0,2.6240000000000236,0.75,none,0.0,2112.0
endurance,300,misfire,238.0,134.1433307107956,133.8683946543985,688.3947478530353,2058.418048630444,70.40230081317608,59.466959331632715,15.377796355595303,0.2549453004775511,13.238673213440778,20.061682277252803,0.4329861185230499,1912.0,2.5720000000000027,0.75,none,0.0,2111.0
endurance,300,misfire,239.0,134.0732905830286,133.7304528521639,687.9151510006894,2053.9911024203675,71.57012441339712,60.28842378987865,15.361713040140978,0.28711686247132273,13.28365547610516,20.10031436611947,0.43315404619367426,1920.0,2.519999999999982,0.75,none,0.0,2110.0
endurance,300,misfire,240.0,133.41045364443661,132.4841387693698,679.8000153527028,1958.4401253638212,70.5078528251443,59.90460844428056,10.684466054490661,0.2535870617943389,13.127015983118358,19.80820688941349,0.4369438141792368,1928.0,2.4680000000000177,0.55,none,0.0,2109.0
endurance,300,misfire,241.0,132.71209384330044,132.6303864554628,681.284585195741,1883.1459520184867,70.12650065695168,60.14006479662178,10.282499876623802,0.21603420322114208,13.260763342274975,20.19558452716499,0.4409506179742284,1936.0,2.415999999999997,0.55,none,0.0,2108.0
endurance,300,misfire,242.0,131.99462291087173,131.76992591841733,685.1684306805928,1847.3174719542385,68.21093807127808,59.654129424360484,10.003379206290967,0.25057645670951306,13.123154574972663,19.7832344900155,0.4450741860036346,1944.0,2.363999999999976,0.55,none,0.0,2107.0
endurance,300,misfire,243.0,131.26919748089333,131.01270459960122,688.8501173351327,1793.2218412526706,68.9128106352502,59.054882860493926,9.808649678264759,0.11787638876718932,13.131537126487723,20.34540500479357,0.44924635402444535,1952.0,2.312000000000012,0.55,none,0.0,2106.0
endurance,300,misfire,244.0,130.54336431784395,130.02479482727057,685.2216250675217,1774.5714071485575,67.61447367120792,59.169854663065074,9.671895109715564,0.16955574143505336,13.10571556971672,20.044779180369776,0.45342101319238626,1960.0,2.259999999999991,0.55,none,0.0,2105.0
endurance,300,misfire,245.0,129.82219133968334,130.1002807346983,680.802644133756,1755.0560421828693,67.87127932835111,58.80719352992493,9.574968935795264,0.11560927257845878,12.996936007890689,19.985468278998198,0.45756719979570315,1968.0,2.208000000000027,0.55,none,0.0,2104.0
endurance,300,misfire,246.0,129.1090451260228,129.51480203328848,678.3481418456565,1752.971788870091,69.51746494792513,58.214061492398706,9.50540539702759,0.1593846451517251,12.962741681402722,19.732728658783813,0.4616643448746154,1976.0,2.156000000000006,0.55,none,0.0,2103.0
endurance,300,misfire,247.0,128.40612538669168,128.41164420945282,678.6722964569103,1744.3403658009122,68.21470829106654,57.94920732716163,9.454641156620454,0.2002924280953284,13.063970830290337,20.118663619123815,0.46569900875199377,1984.0,2.103999999999985,0.55,none,0.0,2102.0
endurance,300,misfire,248.0,127.71483234220221,127.24329008433757,678.2238945659689,1740.0220168501712,67.38855364412149,58.2282733508496,9.41679364212916,0.1907469620511737,13.110197625491129,19.925847972100982,0.4696626364305634,1992.0,2.052000000000021,0.55,none,0.0,2101.0
endurance,300,misfire,249.0,127.03601923273204,126.33147263253443,674.6067859135075,1735.5214357374007,68.42384397335567,57.40489880355805,9.387821828522627,0.11792510035743807,12.986120867544937,19.76123118421274,0.47355001482614867,2000.0,2.0,0.55,none,0.0,2100.0
endurance,300,misfire,250.0,126.37016585451232,126.18340956275166,674.1515416392828,1731.3801648615001,68.14907846690325,57.68444447225912,9.364949739063906,0.2305366405688606,13.078303330106268,20.16852987988879,0.47735821250372656,2008.0,1.947999999999979,0.55,none,0.0,2099.0
endurance,300,misfire,251.0,125.71749780406984,125.04194664538791,672.6674595225112,1734.9011255878083,68.02734885992348,57.875352603288,9.346270419954557,0.1423392895631751,13.05100856611076,20.154981885444016,0.48108585112491775,2016.0,1.896000000000015,0.55,none,0.0,2098.0
endurance,300,misfire,252.0,125.07806839809571,125.27016996894409,679.6780462489241,1724.5149846765507,67.92548659705452,57.41288573195642,9.330473891248678,0.2189882576710747,13.032795168189084,20.04671097941424,0.484732604938068,2024.0,1.843999999999994,0.55,none,0.0,2097.0
endurance,300,misfire,253.0,124.4518149342489,124.89167432809087,675.9060886626055,1721.436321028682,67.53659156477221,57.19677103056455,9.316660263127048,0.1797253752993333,13.05771802614771,20.068432107639826,0.48829885703880593,2032.0,1.7919999999999732,0.55,none,0.0,2096.0
endurance,300,misfire,254.0,123.83859731275969,123.57962841875889,677.6134168549804,1727.3886256820472,68.01331337143448,57.17715649370492,9.304211356411557,0.09151924723532666,12.993439000790255,20.07685388959609,0.4917854634016998,2040.0,1.740000000000009,0.55,none,0.0,2095.0
endurance,300,misfire,255.0,123.2382245324569,121.5978104149846,674.6829943085744,1724.4158487280113,67.04039178080085,56.22089600062745,9.292702512490033,0.26466848839551393,13.039277797136151,19.889598085627924,0.4951935909961547,2048.0,1.6879999999999882,0.55,none,0.0,2094.0
endurance,300,misfire,256.0,122.65047285180259,122.44876400859528,676.7746912330463,1719.1635091178105,68.56071828645376,56.20652608558256,9.28184201129936,0.24313580690188627,13.01911597161149,19.501268706863318,0.4985246068270326,2056.0,1.636000000000024,0.55,none,0.0,2093.0
endurance,300,misfire,257.0,122.07509822092848,122.06001162089733,666.4293084732776,1721.4973615055565,68.61838119908882,56.272234742153124,9.271429454621783,0.11801806797867131,13.061434288745525,19.863662792205158,0.5017800019780155,2064.0,1.5840000000000032,0.55,none,0.0,2092.0
endurance,300,misfire,258.0,121.51184477626398,121.21396148203986,665.6176201137597,1715.7908055755406,68.35716994984925,56.60282445681461,9.261327177572209,0.1413629594369212,13.020635102113854,19.839168421522483,0.5049613397115543,2072.0,1.5319999999999823,0.55,none,0.0,2091.0
endurance,300,misfire,259.0,120.9604506294437,120.45198596045427,667.0405218685879,1714.655030940301,67.99226643553945,56.28172481493339,9.251440609778673,0.17154492320076956,13.007438523661213,20.1923834702837,0.5080702201000897,2080.0,1.4800000000000182,0.55,none,0.0,2090.0
endurance,300,misfire,260.0,120.42065179724959,120.28652532946535,663.340757977255,1726.6774869687194,68.13603798482168,56.23457153612323,9.241704784537871,0.24439068551292356,13.039162158205789,19.817743685782222,0.5111082560150876,2088.0,1.4279999999999973,0.55,none,0.0,2089.0
endurance,300,misfire,261.0,119.8921848547037,120.55591913027804,667.2744044965864,1713.86397759213,68.2230868054132,55.50235186815593,9.232075071310497,0.25015970829194834,13.05502781758594,19.74839295761067,0.5140770569173073,2096.0,1.3759999999999764,0.55,none,0.0,2088.0
endurance,300,misfire,262.0,119.37478871148707,118.9787465325306,663.8107138957337,1727.3745418713406,68.16731877671194,55.83820511026689,9.222520809430824,0.16024484174414322,13.04237925491663,19.849555193550717,0.5169782180033252,2104.0,1.3240000000000123,0.55,none,0.0,2087.0
endurance,300,misfire,263.0,118.86820578677859,119.51606247891834,669.6166904781657,1714.1843642443291,67.63595769499283,55.52591055447643,9.213020934799454,0.20065319746250013,13.018895372188835,19.937034147980675,0.5198133130275628,2112.0,1.2719999999999914,0.55,none,0.0,2086.0
endurance,300,misfire,264.0,118.3721827716133,118.37550421485878,667.2165662510354,1721.9261213613274,68.22380141999523,54.860507829178786,9.203560975651245,0.16282768685742027,13.007224902398699,19.717023783592452,0.5225838896444691,2120.0,1.2200000000000273,0.55,none,0.0,2085.0
endurance,300,misfire,265.0,117.88647110874007,118.28057920384576,664.7737568694233,1721.521531002004,68.31568971768179,54.61675551118332,9.19413098880608,0.16265121891881767,13.043754994564974,19.925033701459803,0.5252914664767087,2128.0,1.1680000000000064,0.55,none,0.0,2084.0
endurance,300,misfire,266.0,117.41082727931386,117.14923480371706,660.6929864754379,1720.2629859971375,67.92460766552107,54.36779732927805,9.184724141982294,0.24598845947844908,13.043426256457392,20.147833907441612,0.5279375313635453,2136.0,1.1159999999999854,0.55,none,0.0,2083.0
endurance,300,misfire,267.0,116.94501295781572,117.05965148679503,663.0801209823536,1724.7107286915136,68.20492415978258,54.636363141688854,9.175335739920827,0.24342222990971024,13.074643598102268,20.17149987714745,0.5305235404143188,2144.0,1.0640000000000214,0.55,none,0.0,2082.0
endurance,300,misfire,268.0,116.48879507738346,116.63610181507026,659.043071812868,1723.7474163220725,67.05874387014947,53.6614533890415,9.16596255538424,0.15692825226940896,12.97659291549606,19.740667796484324,0.5330509176092897,2152.0,1.0120000000000005,0.55,none,0.0,2081.0
endurance,300,misfire,269.0,116.04194583453027,116.78497893859014,662.4470819997161,1713.29512012352,67.9844820875864,54.76176047957938,9.15660236958858,0.1735313763582811,12.970417807283138,19.828467225026323,0.5355210547708118,2160.0,0.9599999999999795,0.55,none,0.0,2080.0
endurance,300,misfire,270.0,115.60424265314948,115.56254935346718,662.5338194056523,1714.4960071956498,68.24993498280418,55.22646759964834,9.147253656504454,0.24242201299812782,13.034196484603536,20.2806013271998,0.5379353117832533,2168.0,0.9080000000000155,0.55,none,0.0,2079.0
endurance,300,misfire,271.0,115.17546812146283,115.03339045766937,658.4823997668653,1719.0191631213986,68.47192045302918,53.2616066267811,9.137915365988777,0.18998213584321322,13.044747139605622,20.096776518782274,0.5402950169782257,2176.0,0.8559999999999945,0.55,none,0.0,2078.0
endurance,300,misfire,272.0,114.75540991127944,115.29749574660157,662.2141193369654,1719.4591899933007,68.08180265416718,54.36006542148914,9.128586774807816,0.17433078783475897,12.954163182877446,20.016211745174466,0.5426014676278936,2184.0,0.8039999999999736,0.55,none,0.0,2077.0
endurance,300,misfire,273.0,114.34386068598374,115.01927083065911,660.9645937755523,1718.9811303735405,67.44229662114387,54.244613698963846,9.11926738429807,0.21740101728103037,13.073302586213035,19.90690353544972,0.5448559305071442,2192.0,0.7520000000000095,0.55,none,0.0,2076.0
endurance,300,misfire,274.0,113.94061800164357,114.40101508831631,655.6610877612748,1707.2856405236757,68.60848932693871,53.349566817940904,9.109956850064654,0.1514743618370208,13.082130163660487,20.205853258035994,0.5470596424977914,2200.0,0.6999999999999886,0.55,none,0.0,2075.0
endurance,300,misfire,275.0,113.54548420423689,113.76979895675768,663.4077595931814,1717.0475877878382,67.34491731379514,53.76678064550351,9.100654933688014,0.16929605808881426,12.99261003187795,20.015040198452535,0.5492138112164971,2208.0,0.6480000000000246,0.55,none,0.0,2074.0
endurance,300,misfire,276.0,113.15826632503823,113.62934612449037,656.5763088354195,1715.2782183895579,67.57251181071616,53.81712888103572,9.091361469548936,0.15325535181983116,13.085838925926911,20.276290970739105,0.551319615653931,2216.0,0.5960000000000036,0.55,none,0.0,2073.0
endurance,300,misfire,277.0,112.77877597554847,112.71801350729605,659.8192326109349,1713.8846700827128,68.31779485840048,52.64967587107394,9.082076342039157,0.1706484415246646,13.029898803544933,20.107179947611275,0.5533782068167259,2224.0,0.5439999999999827,0.55,none,0.0,2072.0
endurance,300,misfire,278.0,112.4068292428999,111.77112205232626,658.7378227115187,1719.644694570464,68.3993972732354,53.397242533668425,9.072799469906306,0.22112615382167058,13.01042695944076,20.244620623275164,0.5553907083665257,2232.0,0.49200000000001864,0.55,none,0.0,2071.0
endurance,300,misfire,279.0,112.04224658635847,112.61556115931582,656.6410651293742,1703.8382202107491,68.0289624035706,53.21864633490502,9.063530795499657,0.24292725863728154,12.981655770784363,19.904209556164336,0.5573582172523297,2240.0,0.4399999999999977,0.55,none,0.0,2070.0
endurance,300,misfire,280.0,111.6848527353325,111.55532449669023,656.3985230422744,1714.3357807378584,67.38956189400766,52.3348758235457,9.05427027738262,0.24141276825003982,12.951658280465901,20.17878397542023,0.5592818043336355,2248.0,0.3879999999999768,0.55,none,0.0,2069.0
endurance,300,misfire,281.0,111.33447658915127,111.94363022802553,664.121537350227,1712.3463005349636,68.69801718593045,52.90576089753601,9.045017885257913,0.1702049599151628,13.01277264325781,19.973725336032476,0.5611625149927664,2256.0,0.33600000000001273,0.55,none,0.0,2068.0
endurance,300,misfire,282.0,110.99095111877716,111.52690291883714,660.4787359419378,1708.4800982448223,67.8530675409155,53.29862102880407,9.03577359648133,0.16361145631447213,13.047139955873533,19.94040711969171,0.5630013697353845,2264.0,0.2839999999999918,0.55,none,0.0,2067.0
endurance,300,misfire,283.0,110.65411327054672,111.38386500115345,656.4777979865635,1710.9698675144489,67.51651607575126,52.78455648338662,9.026537393667072,0.2385431516122907,13.049566695551649,19.90437520661842,0.5647993647786106,2272.0,0.23200000000002774,0.55,none,0.0,2066.0
endurance,300,misfire,284.0,110.32380387198958,110.35994972018686,656.2513649847865,1710.889097909355,67.77025988138018,51.24737281984726,9.017309263042565,0.15707338496766418,13.013100536268405,19.95779119571456,0.566557472626445,2280.0,0.18000000000000682,0.55,none,0.0,2065.0
endurance,300,misfire,285.0,109.99986753974282,109.96434104100541,649.2210860619448,1708.006609018337,68.13598636581344,52.277558215660015,9.0080891933184,0.11607581403937248,13.126583962490312,20.240045213582032,0.5682766426323895,2288.0,0.1279999999999859,0.55,none,0.0,2064.0
endurance,300,misfire,286.0,109.68215258955657,109.7224561932388,651.1003392371248,1712.107858210033,68.01612671503429,51.91417703553838,8.998877174912074,0.20577549590870423,13.036283308415957,19.92996394395424,0.5699578015492902,2296.0,0.07600000000002183,0.55,none,0.0,2063.0
endurance,300,misfire,287.0,109.37051094837284,109.19086939538545,646.7995027182777,1707.209254729162,68.36983833655505,51.77154338661274,8.989673199414588,0.16692908688654873,13.123709630704298,19.996110351496405,0.5716018540665123,2304.0,0.02400000000000091,0.55,none,0.0,2062.0
endurance,300,misfire,288.0,109.06479806844997,109.33392081112255,656.8122945657691,1708.2260071446722,68.09524545252832,51.165957794576485,8.980477259224257,0.15614194677782728,12.968653697922756,19.947792696946976,0.573209683334621,2312.0,-0.02800000000002001,0.55,none,0.0,2061.0
endurance,300,misfire,289.0,108.76487284349884,108.90262118497579,646.921735647725,1707.4118927017919,67.33488926688341,51.276733464466616,8.971289347294954,0.23526917804220657,12.942278350000088,20.04445188919878,0.5747821514777663,2320.0,-0.07999999999998408,0.55,none,0.0,2060.0
endurance,300,misfire,290.0,108.47059752679314,107.85863848641486,655.2835088287145,1709.652666985507,67.51725142332563,51.84055272922056,8.96210945696326,0.29924539933132577,13.044010174516474,19.955711954009587,0.5763201000940088,2328.0,-0.132000000000005,0.55,none,0.0,2059.0
endurance,300,misfire,291.0,108.18183765121408,109.04804017592889,654.6515783193208,1710.6248490838143,68.51332952237117,51.21024755816752,8.95293758182976,0.20850688670181078,13.039717353827754,20.146774347210187,0.577824350743828,2336.0,-0.18400000000002592,0.55,none,0.0,2058.0
endurance,300,misfire,292.0,107.89846195118788,107.9898336218965,652.5396442835158,1707.2922397149591,67.02734565917913,50.861564502386535,8.943773715677393,0.1382991338736057,13.06180603967693,20.127848153696778,0.5792957054270631,2344.0,-0.23599999999999,0.55,none,0.0,2057.0
endurance,300,misfire,293.0,107.62034228647471,107.22574989284432,646.3736097897718,1709.7339634014977,68.19103431152872,51.01555100011867,8.934617852415455,0.20922677541965864,12.930408861704338,20.14090475927747,0.5807349470485443,2352.0,-0.2880000000000109,0.55,none,0.0,2056.0
endurance,300,misfire,294.0,107.3473535677671,107.41676647010347,653.5630973772572,1705.9078704526507,68.07675423210088,50.92946625012454,8.925469986041094,0.18575512909651223,13.007601136450887,20.076898995411298,0.5821428398726685,2360.0,-0.339999999999975,0.55,none,0.0,2055.0
endurance,300,misfire,295.0,107.07937368405628,107.59411744663844,655.6573276751461,1710.0294069973788,67.5255619316308,50.999320181293676,8.916330110612856,0.16675706771707277,13.012480114223276,20.069654383253564,0.5835201299671705,2368.0,-0.3919999999999959,0.55,none,0.0,2054.0
endurance,300,misfire,296.0,106.81628343172558,107.30191636060442,649.552980815879,1699.3153663341916,67.77965167742087,50.30531761050848,8.907198220232543,0.10946985508016399,12.960593690563218,19.95004408712736,0.5848675456363478,2376.0,-0.4440000000000168,0.55,none,0.0,2053.0
endurance,300,misfire,297.0,106.55796644533042,106.20531353877303,658.823133510826,1697.43325351141,67.83153281342477,50.48585480560761,8.898074309032701,0.1768784433383057,13.06952236282991,19.588266395985652,0.5861857978439758,2384.0,-0.4959999999999809,0.55,none,0.0,2052.0
endurance,300,misfire,298.0,106.30430913002527,106.0527080867418,646.8369507046112,1702.3396875531168,67.46603021996138,49.80145156801916,8.888958371168062,0.22771789723542077,12.920174017229398,20.03677816452689,0.5874755806261613,2392.0,-0.5480000000000018,0.55,none,0.0,2051.0
endurance,300,misfire,299.0,106.05520059559869,106.82306538109833,645.9348748799542,1705.4982065150625,68.1002707519525,50.44460629677568,8.879850400809646,0.2087140026843186,13.04063198614894,19.86510373048928,0.5887375714943741,2400.0,-0.6000000000000227,0.55,none,0.0,2050.0
endurance,300,misfire,300.0,105.81053259207847,106.16718283918738,650.3141314550385,1703.1107077272711,68.2561560699849,50.350297804911484,8.87075039214075,0.20401166398453277,13.090443639197353,19.753181893998672,0.5899724318288818,2408.0,-0.6519999999999868,0.55,none,0.0,2049.0
endurance,300,misfire,301.0,105.5701994468696,105.35537739610172,645.7839641198528,1706.7122301584773,67.82505262765167,49.007766927459805,8.861658339354083,0.17973113886980027,13.00174951095017,20.16251839422929,0.5911808072628217,2416.0,-0.7040000000000077,0.55,none,0.0,2048.0
endurance,300,misfire,302.0,105.33409800338866,106.13777035517,651.1535166138916,1704.5629189585775,67.6447616050751,49.766579485677454,8.852574236649971,0.1749115378151075,13.038788287644337,19.579899200351644,0.5923633280571295,2424.0,-0.7559999999999718,0.55,none,0.0,2047.0
endurance,300,misfire,303.0,105.10212756115922,104.39528991894055,644.4162945505847,1704.3431925446625,68.4273086933162,49.70104589182464,8.84349807823495,0.1802133316411552,13.107580502247076,19.99501999009861,0.5935206094665407,2432.0,-0.8079999999999927,0.55,none,0.0,2046.0
endurance,300,misfire,304.0,104.87418981733335,105.40693825066768,650.8936700951609,1711.4592609744532,67.78180389399076,49.51954358033361,8.834429858320895,0.17666184707861585,13.038151651421005,20.01032425726264,0.5946532520968808,2440.0,-0.8600000000000136,0.55,none,0.0,2045.0
endurance,300,misfire,305.0,104.65018880960535,104.26359478088638,642.9064758413194,1700.5036464353764,67.38145614628343,48.08229734888276,8.825369571124437,0.2333356079196354,13.063969752870031,20.157158441209912,0.5957618422538471,2448.0,-0.9119999999999777,0.55,none,0.0,2044.0
endurance,300,misfire,306.0,104.43003086048478,104.47628160697552,649.6521755295715,1703.0330135591123,68.17864320774034,49.37724959934406,8.81631721086645,0.23106419909929465,13.061696256546165,19.817650076664442,0.5968469522834865,2456.0,-0.9639999999999986,0.55,none,0.0,2043.0
endurance,300,misfire,307.0,104.21362452289607,104.34563219888294,644.8544713448356,1704.459868341393,68.3778375796215,49.40078651930244,8.80727277177186,0.21346559634898146,12.969732555842052,20.20720327288565,0.5979091409045689,2464.0,-1.0160000000000196,0.55,none,0.0,2042.0
endurance,300,misfire,308.0,104.00088052707356,103.55514639627631,653.4417205532548,1700.2047640167195,67.43586124535852,48.719582562343476,8.79823624806937,0.22132822778684488,13.023220278871424,19.882085070890675,0.5989489535330457,2472.0,-1.0679999999999836,0.55,none,0.0,2041.0
endurance,300,misfire,309.0,103.79171172872076,104.19598518519672,649.8963413847018,1700.7136314387988,67.61279902264864,48.32454657979116,8.789207633991332,0.17249815163099927,13.093987478190034,20.085265119323942,0.5999669225987817,2480.0,-1.1200000000000045,0.55,none,0.0,2040.0
endurance,300,misfire,310.0,103.586033058404,103.39767132349358,648.0905031235646,1707.63028436127,68.08997994541213,48.59665012401753,8.78018692377369,0.25250476516604853,13.083116134916004,19.988791063472338,0.6009635678547494,2488.0,-1.1720000000000255,0.55,none,0.0,2039.0
endurance,300,misfire,311.0,103.38376147215095,103.29131493532591,643.2091244530604,1705.7468228141915,68.19500840585253,49.199955670707205,8.771174111655872,0.14895359157012117,12.989614362649801,20.291980530389186,0.6019393966788591,2496.0,-1.2239999999999895,0.55,none,0.0,2038.0
endurance,300,misfire,312.0,103.18481590322536,103.14786347788743,648.0151436557173,1696.4367760977682,68.03769027632798,48.62628459924199,8.762169191880748,0.22741786386634155,13.041237016820517,20.057836586208875,0.6028949043686022,2504.0,-1.2760000000000105,0.55,none,0.0,2037.0
endurance,300,misfire,313.0,102.98911721505,102.96267721541014,647.1181828323697,1693.2827373510029,68.33751957101273,48.28824024101154,8.753172158694628,0.20332044985480802,13.009900882431621,19.79420170566858,0.6038305744286816,2512.0,-1.3279999999999745,0.55,none,0.0,2036.0
endurance,300,misfire,314.0,102.79658815525053,103.05466353068216,643.4124960794474,1707.872300590934,66.99881597123682,47.56634336359261,8.744183006347196,0.21167434860838819,13.049933683965282,20.085095625089693,0.6047468788517913,2520.0,-1.3799999999999955,0.55,none,0.0,2035.0
endurance,300,misfire,315.0,102.60715331079354,102.5170459710989,644.4621396453633,1701.7934528986036,67.94620782291355,47.941560971436175,8.735201729091544,0.20333992713153154,13.007154698212219,19.88557568408974,0.6056442783927125,2528.0,-1.4320000000000164,0.55,none,0.0,2034.0
endurance,300,misfire,316.0,102.42073906419266,103.45930571931108,646.6652413580271,1702.4999576467856,68.14682848957023,48.52647977370184,8.726228321184125,0.24360508701784234,13.032269511277434,19.650530619278936,0.6065232228358823,2536.0,-1.4839999999999804,0.55,none,0.0,2033.0
endurance,300,misfire,317.0,102.23727355075751,102.16713140158552,644.6183296051698,1697.621946744251,68.16111541804146,48.03754453599451,8.717262776884736,0.16075565907797024,12.95591908737235,19.785570403207828,0.6073841512565926,2544.0,-1.5360000000000014,0.55,none,0.0,2032.0
endurance,300,misfire,318.0,102.05668661686042,101.58852070016287,645.0322212324454,1698.2538273255425,67.29345943648586,46.91457115394674,8.708305090456543,0.23212522985707135,13.050626877515715,19.862591829361666,0.6082274922759702,2552.0,-1.5880000000000223,0.55,none,0.0,2031.0
endurance,300,misfire,319.0,101.87890977919686,101.08113527449724,640.1573800440243,1695.555851031587,68.36398099866935,48.70051133477387,8.699355256166081,0.1195724512339783,13.028963913507292,19.821238959679317,0.6090536643098854,2560.0,-1.6399999999999864,0.55,none,0.0,2030.0
endurance,300,misfire,320.0,101.70387618501583,101.72878960342129,640.3820917701703,1697.0065103609572,67.73319027798155,47.699025510725576,8.690413268283203,0.15438840123632572,13.027964887077426,20.059992512714736,0.6098630758119329,2568.0,-1.6920000000000073,0.55,none,0.0,2029.0
endurance,300,misfire,321.0,101.53152057329719,102.42121699698265,646.7731090041256,1693.9918881973879,68.0764029980051,47.452562709624935,8.681479121081107,0.13997771374839138,12.946022446319963,20.11390366459267,0.6106561255106306,2576.0,-1.7440000000000282,0.55,none,0.0,2028.0
endurance,300,misfire,322.0,101.36177923685324,101.04095129115778,641.2373704016537,1698.5389070537324,68.3689675871874,46.56509445717499,8.672552808836373,0.24987571776541956,13.030869126753803,19.92658873115653,0.6114332026409692,2584.0,-1.7959999999999923,0.55,none,0.0,2027.0
endurance,300,misfire,323.0,101.19458998533278,100.47483814478254,643.8748368732874,1704.9661264067074,67.8608461719956,46.596463776616304,8.663634325828859,0.15262268025339323,13.106237774590634,20.009598906460113,0.6121946871704462,2592.0,-1.8480000000000132,0.55,none,0.0,2026.0
endurance,300,misfire,324.0,101.02989210910594,100.56402928179713,639.7681270413839,1692.533594723777,68.32066688850053,47.43684021289426,8.654723666341821,0.24326865835749306,12.984886238191521,19.87708330272906,0.6129409500197234,2600.0,-1.8999999999999773,0.55,none,0.0,2025.0
endurance,300,misfire,325.0,100.86762634400887,100.23940581439052,645.0696075316702,1696.3300109955417,67.0263765976107,47.39749066739957,8.64582082466181,0.23476405790614643,13.038099108526024,19.93397840564551,0.613672353278025,2608.0,-1.9519999999999982,0.55,none,0.0,2024.0
endurance,300,misfire,326.0,100.70773483692791,100.81240619777935,645.6599501305201,1686.5689688987757,67.53756336435184,46.97630790627786,8.636925795078719,0.1839078943605153,13.03138776381906,20.021201197024308,0.6143892504134129,2616.0,-2.004000000000019,0.55,none,0.0,2023.0
endurance,300,misfire,327.0,100.55016111220317,100.16835643427963,640.9730556445596,1698.5835297336798,67.55233375012453,47.0776699854273,8.628038571885805,0.13917397988098887,12.966962886573572,20.274127521834174,0.61509198647805,2624.0,-2.055999999999983,0.55,none,0.0,2022.0
endurance,300,misfire,328.0,100.39485003883198,100.12726091876162,636.5018594503498,1700.5196433727456,67.49620584258896,46.48487382146763,8.619159149379598,0.2900313991856647,13.077712772517874,19.99689954185359,0.6157808983085796,2632.0,-2.108000000000004,0.55,none,0.0,2021.0
endurance,300,misfire,329.0,100.24174779845326,100.32894564645122,637.1044850347993,1691.8813091315053,67.71538793899289,46.88003268674147,8.610287521860014,0.24278276949005528,13.042132750887411,20.445815707745563,0.6164563147217333,2640.0,-2.160000000000025,0.55,none,0.0,2020.0
endurance,300,misfire,330.0,100.09080185409417,100.80828151375971,636.0559968539255,1695.8585455919078,68.57666991334801,45.54092420206581,8.601423683630271,0.1677753144774209,12.97686420018878,20.176795924523,0.6171185567052815,2648.0,-2.211999999999989,0.55,none,0.0,2019.0
endurance,300,misfire,331.0,99.94196091966081,100.05412957384317,641.2273612502331,1695.1926422916033,68.29434051196914,46.72243587047077,8.592567628996905,0.2275154214101866,12.937788194394464,19.5391372799874,0.6177679376044356,2656.0,-2.26400000000001,0.55,none,0.0,2018.0
endurance,300,misfire,332.0,99.79517493015547,99.01724892910067,640.1803815023951,1695.8428506990506,67.71824965611957,45.52420279349075,8.583719352269815,0.11269082275150402,13.136015546064968,20.10207092621508,0.6184047633038161,2664.0,-2.315999999999974,0.55,none,0.0,2017.0
endurance,300,misfire,333.0,99.6503950126028,100.36527059585413,646.1859209410682,1691.8831872835003,68.09484643715005,46.221108165363354,8.574878847762168,0.19354505318450047,13.008001065998545,19.76156990623696,0.6190293324050834,2672.0,-2.367999999999995,0.55,none,0.0,2016.0
endurance,300,misfire,334.0,99.50757345766843,99.4246309921934,641.1317745331498,1692.0029489845563,68.73666814921998,46.84153233863041,8.566046109790502,0.19372045352529346,13.055548718082617,19.85828157824449,0.6196419364003436,2680.0,-2.420000000000016,0.55,none,0.0,2015.0
endurance,300,misfire,335.0,99.36666369195316,99.30097734161996,644.8674632775433,1694.4317082497892,68.31845908828993,45.437683738865395,8.557221132674655,0.31017341784614894,13.004341472575414,20.202687235873032,0.6202428598414225,2688.0,-2.47199999999998,0.55,none,0.0,2014.0
endurance,300,misfire,336.0,99.22762025094696,98.66105984540741,636.8274791545977,1690.3249568509111,67.36935380039394,46.05901697002196,8.548403910737779,0.246557069884338,12.982547501617768,20.057656296903183,0.6208323805051101,2696.0,-2.524000000000001,0.55,none,0.0,2013.0
endurance,300,misfire,337.0,99.09039875262674,99.26660589164544,639.6239794626288,1691.477134116649,67.59818121167034,44.96056773330326,8.539594438306361,0.11740307080003397,13.070329006540815,20.129987815255078,0.6214107695544719,2704.0,-2.576000000000022,0.55,none,0.0,2012.0
endurance,300,misfire,338.0,98.95495587168296,98.7298870811824,634.0098083695832,1683.3788874265126,67.23871064953583,46.20266892649063,8.530792709710202,0.08489347488257593,13.079368127392408,20.082900468457613,0.6219782916963185,2712.0,-2.627999999999986,0.55,none,0.0,2011.0
endurance,300,misfire,339.0,98.82124931435969,98.1727702072651,639.4699057763654,1690.9223331908765,67.30522400378713,46.056782200004186,8.5219987192824,0.24952758083498425,13.079507986595388,19.987805638294564,0.6225352053349241,2720.0,-2.680000000000007,0.55,none,0.0,2010.0
endurance,300,misfire,340.0,98.6892377938939,97.47358408254766,640.9287650843762,1696.100922717399,67.63037180079401,45.592670687610465,8.51321246135939,0.17362068146976883,13.037727746126508,19.8936057731838,0.6230817627220901,2728.0,-2.731999999999971,0.55,none,0.0,2009.0
endurance,300,misfire,341.0,98.55888100653937,98.61568493683185,640.085776697883,1693.2275864237722,66.62476552362787,45.39818256265758,8.504433930280893,0.2467049896361831,13.0082106247203,20.276667799920297,0.6236182101036294,2736.0,-2.783999999999992,0.55,none,0.0,2008.0
endurance,300,misfire,342.0,98.43013960816154,97.55331078709422,641.9150088903776,1688.5825189863785,67.72639136992525,44.88282660923645,8.495663120389965,0.27375111116271555,13.02870031996243,20.225697884842983,0.6241447878623683,2744.0,-2.8360000000000127,0.55,none,0.0,2007.0
endurance,300,misfire,343.0,98.30297519138965,97.77390605571306,637.9234185856529,1681.4345134224375,66.80531970504364,43.79249645481887,8.486900026032975,0.21488238497554682,13.040654396437231,19.999854164816746,0.6246617306577406,2752.0,-2.887999999999977,0.55,none,0.0,2006.0
endurance,300,misfire,344.0,98.17735026331279,98.37584080796003,642.4460790331813,1686.4474455730965,67.56633960360053,45.31308502725484,8.47814464155957,0.21167636485246566,13.057330171605143,20.094849458385237,0.625169267562058,2760.0,-2.9399999999999977,0.55,none,0.0,2005.0
endurance,300,misfire,345.0,98.05322822370708,98.14461871282114,646.0770587372411,1681.2450275963588,66.87223323838224,45.43174338049997,8.469396961322728,0.1482532932278412,12.94198348989014,20.086945517899114,0.6256676221935389,2768.0,-2.9920000000000186,0.55,none,0.0,2004.0
endurance,300,misfire,346.0,97.9305733437812,98.485623827035,635.5279744041592,1688.9776110681976,66.93008584217117,44.77320379927334,8.46065697967874,0.16475470027335568,13.045296068830075,19.933485588099266,0.6261570128461661,2776.0,-3.0439999999999827,0.55,none,0.0,2003.0
endurance,300,misfire,347.0,97.80935074542802,97.2686636546103,642.4528548730013,1683.7560453570807,68.03518686028319,44.949053350127215,8.45192469098716,0.3125757924291936,13.046471052042843,20.3908548394322,0.6266376526164544,2784.0,-3.0960000000000036,0.55,none,0.0,2002.0
endurance,300,misfire,348.0,97.68952638097016,97.63707358581019,636.0242712327911,1691.984404350753,68.11805946333573,44.216638908213135,8.4432000896109,0.14901192291540272,12.975557353669092,20.155386439180866,0.6271097495272007,2792.0,-3.1480000000000246,0.55,none,0.0,2001.0
endurance,300,misfire,349.0,97.57106701338793,97.88865637659087,637.8445419574126,1687.2898732120236,67.24568561300215,45.45795222814394,8.434483169916128,0.23938897015272442,12.885057318037296,19.98205103694905,0.6275735066482865,2800.0,-3.1999999999999886,0.55,none,0.0,2000.0
endurance,300,misfire,350.0,97.45394019701789,97.81228524904179,638.3987777844098,1686.8840261883336,68.24622450801745,45.13173940486752,8.425773926272328,0.12708798988637132,13.104135759492904,19.995357080060042,0.6280291222146033,2808.0,-3.2520000000000095,0.55,none,0.0,1999.0
endurance,300,misfire,351.0,97.33811425871104,96.59687388327008,638.0376006817299,1694.536746469308,67.61875923230198,44.09941564973593,8.417072353052301,0.1445869188489199,12.927762528119304,19.89319089068878,0.6284767897411737,2816.0,-3.3039999999999736,0.55,none,0.0,1998.0
endurance,300,misfire,352.0,97.2235582794397,96.21537987229816,634.5602190753085,1689.2512717237091,67.91859806389417,44.713721160980846,8.408378444632094,0.17207851685340633,12.908274219173814,20.028984656024264,0.6289166981355265,2824.0,-3.3559999999999945,0.55,none,0.0,1997.0
endurance,300,misfire,353.0,97.1102420763421,97.79582495735283,637.7549086160388,1683.7085322503497,67.36281448393288,43.89236010106023,8.399692195391106,0.15355825970638817,12.948204127679876,20.009731272221128,0.629349031807402,2832.0,-3.4080000000000155,0.55,none,0.0,1996.0
endurance,300,misfire,354.0,96.99813618519477,97.04384279040987,635.8676674382158,1684.8498508425457,68.17361707382246,44.94738605833079,8.391013599712002,0.1598199217320406,12.96831841441162,20.212372554570965,0.6297739707758396,2840.0,-3.4599999999999795,0.55,none,0.0,1995.0
endurance,300,misfire,355.0,96.88721184330197,97.02798713438168,633.83043485726,1679.7292300923748,66.91083571125606,44.86086208488632,8.382342651980728,0.19191253279702525,13.014404418007537,20.064208728678874,0.6301916907737191,2848.0,-3.5120000000000005,0.55,none,0.0,1994.0
endurance,300,misfire,356.0,96.77744097279276,96.13207327750789,635.8317999923808,1696.9971403771567,66.91810029055453,44.07268743013428,8.373679346586556,0.22621382297710788,13.047611061667649,19.656746705061373,0.6306023633498126,2856.0,-3.5640000000000214,0.55,none,0.0,1993.0
endurance,300,misfire,357.0,96.66879616431558,96.9079792027869,636.6994120768071,1684.1154889863217,67.55280615856651,43.172379112287906,8.36502367792202,0.2906143796706399,13.028289240177306,20.23352380357972,0.6310061559684063,2864.0,-3.6159999999999854,0.55,none,0.0,1992.0
endurance,300,misfire,358.0,96.56125066112112,96.30687427637899,630.5210987179414,1676.8148881868528,68.1238677564118,43.3671976021663,8.356375640382945,0.12770430529527949,12.989617638751222,19.91087274209654,0.6314032321065485,2872.0,-3.6680000000000064,0.55,none,0.0,1991.0
endurance,300,misfire,359.0,96.45477834352423,95.94188441988919,638.6474938111218,1676.0594335195824,67.83656026275808,42.69152307332739,8.347735228368443,0.21376706529848055,12.926761088877353,19.95637154805249,0.631793751348986,2880.0,-3.7200000000000273,0.55,none,0.0,1990.0
endurance,300,misfire,360.0,96.34935371373565,96.6573949865328,642.7308242445388,1682.9082573990759,67.16631331528617,44.263954055152276,8.339102436280934,0.17462689042423946,13.04878771389665,20.242050993563375,0.6321778694808369,2888.0,-3.7719999999999914,0.55,none,0.0,1989.0
endurance,300,misfire,361.0,96.24495188105503,96.23721339014541,638.5619487554657,1680.0764196096377,66.84932631895799,43.72148059042537,8.330477258526084,0.40382645814792206,13.040948919321949,19.943156792877485,0.6325557385780572,2896.0,-3.8240000000000123,0.55,none,0.0,1988.0
endurance,300,misfire,362.0,96.14154854741638,96.4093289517915,632.7011974093571,1678.109551356193,67.67813114836561,43.401668825855,8.321859689512877,0.13181850804304554,13.016145691818735,19.929087048894576,0.6329275070957562,2904.0,-3.8759999999999764,0.55,none,0.0,1987.0
endurance,300,misfire,363.0,96.03911999327777,96.69739180452964,632.6982728439597,1691.924187536317,67.88779586257411,42.81712456402307,8.31324972365355,0.22655962021641685,13.017552048613364,20.206804266102555,0.6332933199544045,2912.0,-3.9279999999999973,0.55,none,0.0,1986.0
endurance,300,misfire,364.0,95.9376430638469,95.41990854302315,629.3258814039268,1683.4787418554354,68.28961528115263,43.379708458666514,8.30464735536363,0.12724865241199051,13.029065708833537,19.859601677065317,0.6336533186239945,2920.0,-3.980000000000018,0.55,none,0.0,1985.0
endurance,300,misfire,365.0,95.83709515563476,96.62097207103557,637.5909489380108,1669.5220878221612,68.12037247114338,44.255359771564095,8.296052579061941,0.1320730182365028,13.018484577144934,20.090640922229177,0.6340076412061939,2928.0,-4.031999999999982,0.55,none,0.0,1984.0
endurance,300,misfire,366.0,95.73745420332925,96.26122286574379,636.1726471728442,1675.3378514695246,68.41658348509664,42.71505500482715,8.287465389170551,0.21472632478857037,13.012073792799708,19.985506401454685,0.6343564225145424,2936.0,-4.084000000000003,0.55,none,0.0,1983.0
endurance,300,misfire,367.0,95.63869866698154,95.17087840747013,634.8372783374724,1688.5827201222419,67.51195607501205,42.10691717317698,8.278885780114821,0.10754600829804378,13.03595670567437,20.02545599786851,0.6346997941527427,2944.0,-4.136000000000024,0.55,none,0.0,1982.0
endurance,300,misfire,368.0,95.54080751949738,95.33919212116655,637.0709066404823,1680.4415485645354,68.01756677679111,42.68345666571068,8.270313746323401,0.142631208639899,13.008339350059924,19.57875448164653,0.6350378845910842,2952.0,-4.187999999999988,0.55,none,0.0,1981.0
endurance,300,misfire,369.0,95.44376023442625,94.90607364522877,638.0499417612407,1683.7693927071246,67.98713108777324,42.59345360806725,8.26174928222817,0.11467916171098154,13.019556203639823,20.139659277766697,0.6353708192410474,2960.0,-4.240000000000009,0.55,none,0.0,1980.0
endurance,300,misfire,370.0,95.34753677404134,95.67474653755775,634.3836649306458,1683.9478084564464,66.93224808915228,43.397288902361346,8.253192382264325,0.289106881431233,13.044662039477673,20.11676500805667,0.6356987205281344,2968.0,-4.291999999999973,0.55,none,0.0,1979.0
endurance,300,misfire,371.0,95.25211757770323,94.70695533623143,634.163381048671,1677.4787278744293,68.36036917151682,43.467399427718654,8.244643040870306,0.26371358304296,12.96444796457991,19.934838491664408,0.636021707962961,2976.0,-4.343999999999994,0.55,none,0.0,1978.0
endurance,300,misfire,372.0,95.15748355050063,95.04139918944192,637.1739636370297,1680.1984275644375,67.78615526376534,43.02685193322927,8.23610125248782,0.24493948088347356,13.052587050609077,19.835794293990737,0.6363398982106621,2984.0,-4.396000000000015,0.55,none,0.0,1977.0
endurance,300,misfire,373.0,95.06361605216169,95.42670333830492,635.1920094737138,1670.3098482080948,67.65291748870186,42.19175524452772,8.227567011561877,0.2177793539372222,13.040455342277976,20.01355572853117,0.6366534051586386,2992.0,-4.447999999999979,0.55,none,0.0,1976.0
endurance,300,misfire,374.0,94.9704968862292,95.50946831251449,636.5334543691309,1677.5267920388317,67.46967667980826,41.665089546839624,8.219040312540686,0.1475067973448058,13.015034018895085,20.06987802961615,0.6369623399826945,3000.0,-4.5,0.55,none,0.0,1975.0
endurance,300,misfire,375.0,94.87942399075054,95.37414508705523,633.7233027657694,1671.5224889372682,68.07077088418933,42.37842918603562,8.2178355096783,0.16086914198005153,13.0380437148913,19.813427216232135,0.6375187726058452,3000.0,-4.5,0.55,none,0.0,1974.0
endurance,300,misfire,376.0,94.79040203642079,94.7254169852288,632.418512921109,1676.4784030672145,66.59429892080011,42.255845132295505,8.21700720771041,0.12803481568321423,13.075887257288473,19.80127690617491,0.6380626744913114,3000.0,-4.5,0.55,none,0.0,1973.0
endurance,300,misfire,377.0,94.7034188979092,94.65953785746545,638.0342677438401,1681.5307497553533,67.03194803198139,41.56783687362676,8.216437750107483,0.19414571560656158,12.932432789034962,19.838369811021447,0.6385941197218326,3000.0,-4.5,0.55,none,0.0,1972.0
endurance,300,misfire,378.0,94.61845126777047,94.33325037143736,632.9411297097389,1675.7592629584572,67.76860526790016,42.20083084708925,8.216046248005473,0.2086700499002322,13.012207293767819,20.122195518811303,0.6391132507000727,3000.0,-4.5,0.55,none,0.0,1971.0
endurance,300,misfire,379.0,94.53546850731453,94.08176568352867,633.9424636134307,1673.145727095866,68.6903666291224,42.10794583282138,8.21577709031034,0.10235267050891571,13.012138629199843,20.278460398811102,0.6396202546207683,3000.0,-4.5,0.55,none,0.0,1970.0
endurance,300,misfire,380.0,94.45443528559257,94.3549198694214,635.2836372423609,1678.1549739448842,66.66035785888428,42.85285694113814,8.215592044394937,0.12652147635631483,13.002198053378436,19.876992442248746,0.6401153473471841,3000.0,-4.5,0.55,none,0.0,1969.0
endurance,300,misfire,381.0,94.3753133854147,94.68190176490835,633.7438129319039,1680.6326180393648,67.61562068614505,42.4804273934487,8.215464825328096,0.18683745410475097,12.987631064429562,19.949393560362196,0.6405987623767958,3000.0,-4.5,0.55,none,0.0,1968.0
endurance,300,misfire,382.0,94.29806293689944,93.91645217009436,638.0243539803478,1669.7884866707795,67.32693831354972,41.49078810339473,8.215377362219645,0.2192094551168572,13.021743502909287,20.147330851115818,0.641070743304612,3000.0,-4.5,0.55,none,0.0,1967.0
endurance,300,misfire,383.0,94.22264325764372,95.4331242594799,633.4119477555356,1672.3656283753621,67.54106656415887,41.373087042606194,8.215317231332582,0.1139475954360153,13.020376760946682,20.45420070998105,0.6415315386899445,3000.0,-4.5,0.55,none,0.0,1966.0
endurance,300,misfire,384.0,94.14901342263255,94.1828977758462,629.7498838386945,1681.3635946181244,67.87294152906786,41.6470053211252,8.215275891347728,0.18697326070398923,13.135010912909522,20.16587336853111,0.6419813985744041,3000.0,-4.5,0.55,none,0.0,1965.0
endurance,300,misfire,385.0,94.07713264852813,94.35733569306262,631.3515409177123,1675.308897628198,68.55499082124345,41.374456419840854,8.21524747010814,0.21285182256856355,13.046772434818001,20.346361853285448,0.6424205721339885,3000.0,-4.5,0.55,none,0.0,1964.0
endurance,300,misfire,386.0,94.00696055052413,93.37798541612884,637.2728668345167,1674.6415128707001,68.01039254700802,40.94195667158582,8.215227930505925,0.18290685493025083,13.080255785165631,19.987984392881277,0.6428493061097684,3000.0,-4.5,0.55,none,0.0,1963.0
endurance,300,misfire,387.0,93.93845731176313,93.1844770190021,638.4347773775718,1675.848684452004,67.21764184710283,41.49996946215844,8.2152144970294,0.19180446984188404,13.057605512322123,19.973972954703854,0.6432678437727886,3000.0,-4.5,0.55,none,0.0,1962.0
endurance,300,misfire,388.0,93.87158379281226,94.38465335988808,634.7161404029458,1674.92031186441,67.40693240977501,41.381041651670465,8.21520526151429,0.2012963413910129,13.01731020018373,19.935560613825906,0.6436764242551986,3000.0,-4.5,0.55,none,0.0,1961.0
endurance,300,misfire,389.0,93.8063016000952,93.98387707774481,632.0575528626958,1674.6458509275878,68.04004274275708,41.786365524682935,8.215198912097652,0.19531045871979139,13.02342958302062,19.901231521857568,0.6440752821321516,3000.0,-4.5,0.55,none,0.0,1960.0
endurance,300,misfire,390.0,93.74257312626955,93.61420305760954,630.2839258734055,1682.990124016612,66.8933986991177,40.73533600477427,8.215194546873713,0.24758685677134332,12.987403202480078,20.208266192238188,0.644464647175108,3000.0,-4.5,0.55,none,0.0,1959.0
endurance,300,misfire,391.0,93.68036157147539,94.22943780818444,628.7749003515385,1686.9035658158298,67.60043050499416,41.26141856623145,8.215191545782256,0.1976260051231029,13.061456954271712,19.969356747234585,0.6448447442220115,3000.0,-4.5,0.55,none,0.0,1958.0
endurance,300,misfire,392.0,93.61963095158772,94.22886142215609,630.139211630337,1676.4404409644512,67.45019089238076,41.36118258153828,8.215189482531878,0.22705511296742434,12.984538613612916,20.332386175149658,0.6452157931268703,3000.0,-4.5,0.55,none,0.0,1957.0
endurance,300,misfire,393.0,93.56034609768558,93.67065806811381,632.8423847741293,1671.2630277881576,67.62943885401508,40.69425867442969,8.215188064047243,0.2128221591919553,13.093242123382277,19.99430172395495,0.6455780087629989,3000.0,-4.5,0.55,none,0.0,1956.0
endurance,300,misfire,394.0,93.50247264963015,93.77856977987898,631.3632691355045,1676.9046956131317,67.89764872532325,41.150329893024065,8.215187088839057,0.21112676549604537,13.070021893824634,19.69050457491006,0.6459316010622554,3000.0,-4.5,0.55,none,0.0,1955.0
endurance,300,misfire,395.0,93.44597704573712,92.55183399905917,632.2277577018914,1683.5179848895707,67.92736123649635,40.24027375842497,8.21518641838343,0.13398109453144819,12.987594500243032,20.034495284347,0.646276775078141,3000.0,-4.5,0.55,none,0.0,1954.0
endurance,300,misfire,396.0,93.39082650990468,92.97408701637691,625.7833105105155,1682.4191360489533,67.80210775822901,40.56695507948465,8.215185957445186,0.17442262784564705,13.14605815002844,20.255832851917173,0.6466137310644432,3000.0,-4.5,0.55,none,0.0,1953.0
endurance,300,misfire,397.0,93.33698903712951,92.90304014750497,626.9308815363014,1672.9263067924264,67.1291513384095,39.75850236776923,8.215185640550143,0.19846584642880716,13.099877993335777,20.049023404095863,0.6469426645637313,3000.0,-4.5,0.55,none,0.0,1952.0
endurance,300,misfire,398.0,93.28443337804883,92.42742290137198,627.8806426700631,1682.9765715699925,66.66851086531643,40.76791886946611,8.215185422684801,0.20198018641562804,13.049716625128514,20.127182871687143,0.6472637665017995,3000.0,-4.5,0.55,none,0.0,1951.0
endurance,300,misfire,399.0,93.23312902294379,92.62591782610195,633.347972296111,1683.9542897216106,67.51753324683698,41.03452321684346,8.215185272902378,0.10430366985100874,12.977853188485227,19.45811513571256,0.6475772232854025,3000.0,-4.5,0.55,none,0.0,1950.0
endurance,300,misfire,400.0,93.18304618550025,93.6406153460227,627.9523857726714,1678.0524847566276,66.68134804014845,40.22921420904983,8.215185169926961,0.2917872489165555,12.993116399119952,20.08957173136082,0.6478832169014732,3000.0,-4.5,0.55,none,0.0,1949.0
endurance,300,misfire,401.0,93.13415578652777,91.76981090407843,634.0641837457816,1668.4194035104874,68.26885729542033,39.5742800941216,8.215185099131364,0.17608292718866211,12.990360116231464,20.05843839747301,0.6481819250165952,3000.0,-4.5,0.55,none,0.0,1948.0
endurance,300,misfire,402.0,93.08642943777154,93.33132984122385,636.5779979061007,1674.7848848009994,68.15083631517265,40.02852915701898,8.21518505045939,0.18776650387456637,12.939827843515577,19.9302727305708,0.6484735210759085,3000.0,-4.5,0.55,none,0.0,1947.0
endurance,300,misfire,403.0,93.03983942590715,92.8216875074109,629.7540078299845,1678.0948176460863,67.80328259268872,39.307015021098096,8.215185016997408,0.30018778101121113,13.050007257147843,19.893975361163918,0.6487581744008971,3000.0,-4.5,0.55,none,0.0,1946.0
endurance,300,misfire,404.0,92.99435869677717,92.49556182367138,628.8736393617771,1673.4226452601795,67.43617864382972,40.06980138718488,8.215184993992295,0.27027866251038385,12.983717250623767,19.824062343893207,0.649036050285699,3000.0,-4.5,0.55,none,0.0,1945.0
endurance,300,misfire,405.0,92.94996083990743,92.46803285789663,635.7678145287545,1674.5426280400459,67.280041480744,40.557543527049006,8.215184978176282,0.16676716651989634,12.985250954931738,20.07581513066077,0.6493073100917088,3000.0,-4.5,0.55,none,0.0,1944.0
endurance,300,misfire,406.0,92.90662007332595,93.00333764756311,630.5314309253898,1682.6790146927995,67.02339056750733,40.58517114780783,8.215184967302772,0.1988770386231668,12.907015874167792,20.648420720974663,0.64957211134033,3000.0,-4.5,0.55,none,0.0,1943.0
endurance,300,misfire,407.0,92.86431122869821,93.34417132953888,631.5533464134031,1671.2061981855616,66.91762099036814,40.58453731802686,8.215184959827232,0.22673803354957034,13.060459029698194,20.037870245181452,0.6498306078037944,3000.0,-4.5,0.55,none,0.0,1942.0
endurance,300,misfire,408.0,92.82300973678517,93.27450738322705,627.0842690968713,1680.7396392897679,67.50118407975528,39.71110412062466,8.2151849546878,0.2364357780651733,12.950457020999838,19.89592286966309,0.6500829495940101,3000.0,-4.5,0.55,none,0.0,1941.0
endurance,300,misfire,409.0,92.78269161322613,92.20155638047123,633.7591204147986,1678.8950406131025,67.4624420054549,39.809568201212656,8.215184951154441,0.15666700816553383,13.164174017299919,20.008506075046217,0.650329283249425,3000.0,-4.5,0.55,none,0.0,1940.0
endurance,300,misfire,410.0,92.74333344464546,92.48145812691763,638.6012956651062,1682.1735083804185,68.0136659971054,40.28142361163406,8.215184948725256,0.20049619616290623,13.065267748316074,20.131992775483447,0.6505697518199107,3000.0,-4.5,0.55,none,0.0,1939.0
endurance,300,misfire,411.0,92.70491237507987,93.02161693653555,635.4943763543973,1673.47953192159,67.25332002852026,40.065826317945245,8.21518494705519,0.23770788728079528,12.985030560523787,20.150711703354364,0.6508044949496891,3000.0,-4.5,0.55,none,0.0,1938.0
endurance,300,misfire,412.0,92.66740609272208,93.11640216721173,632.8741201997992,1668.0458215438543,67.65882807402238,39.110321904462964,8.215184945907021,0.32996533779662673,13.030816050845281,19.869448161799635,0.6510336489583246,3000.0,-4.5,0.55,none,0.0,1937.0
endurance,300,misfire,413.0,92.63079281697514,92.31565277779076,630.2016686477634,1673.133237228374,67.89207987638633,40.7474894511846,8.215184945117656,0.1419925444000611,13.016824585671989,20.158894805194464,0.6512573469198194,3000.0,-4.5,0.55,none,0.0,1936.0
endurance,300,misfire,414.0,92.59505128581189,92.55258981874834,632.5959043492816,1671.0953220341191,68.12679390197212,39.55321807081663,8.215184944574965,0.19961555932159533,13.125095966482787,20.0263837705393,0.6514757187398441,3000.0,-4.5,0.55,none,0.0,1935.0
endurance,300,misfire,415.0,92.56016074343295,92.50408292709481,632.5993631516332,1673.9263582400329,66.6357839085462,40.73198092172008,8.215184944201866,0.15915615626015706,13.0700861412379,20.156229012810545,0.6516888912311439,3000.0,-4.5,0.55,none,0.0,1934.0
endurance,300,misfire,416.0,92.52610092821713,92.60836815155984,631.0238624958217,1671.1742962506853,66.60991762700557,39.83177791384322,8.21518494394536,0.17951151328826917,13.012325993324175,19.97754728615788,0.6518969881871587,3000.0,-4.5,0.55,none,0.0,1933.0
endurance,300,misfire,417.0,92.49285206095763,92.69460578709837,629.1083280322189,1688.2968113723482,67.55551841618909,40.137410723230325,8.215184943769012,0.21350496817013573,13.01860809766025,20.264085204108216,0.6521001304538974,3000.0,-4.5,0.55,none,0.0,1932.0
endurance,300,misfire,418.0,92.46039483337759,92.75614317386827,637.0429028475467,1674.2447244767711,68.79717874730369,40.72402747039274,8.215184943647774,0.22284817442058838,12.986626141527111,19.82946370322729,0.6522984360001045,3000.0,-4.5,0.55,none,0.0,1931.0
endurance,300,misfire,419.0,92.42871039691859,92.00472879065447,628.0454265594848,1681.639001803828,67.73601611049897,39.42560370086926,8.215184943564422,0.16467827129064677,12.964564353588056,20.199534637490515,0.65249201998576,3000.0,-4.5,0.55,none,0.0,1930.0
endurance,300,misfire,420.0,92.39778035179573,91.73176169394696,629.9313081751003,1670.4960359248341,67.5534330398413,39.201521523274984,8.215184943507118,0.17197460214998533,13.02595927017552,19.991486541492073,0.6526809948289494,3000.0,-4.5,0.55,none,0.0,1929.0
endurance,300,misfire,421.0,92.36758673631307,93.14968033766816,637.8042371660391,1678.5829043149215,68.06308478495714,38.73099998427395,8.21518494346772,0.1266571973168218,12.93724128914443,19.9487694063869,0.6528654702711445,3000.0,-4.5,0.55,none,0.0,1928.0
endurance,300,misfire,422.0,92.3381120164333,91.91017695850893,630.2529762867409,1678.4159483422618,67.623300100527,39.623407564877716,8.215184943440637,0.19051240415859205,13.015487461670297,20.260694443971637,0.6530455534409298,3000.0,-4.5,0.55,none,0.0,1927.0
endurance,300,misfire,423.0,92.30933907559564,92.50287224295005,623.804147667309,1675.2191432621773,66.54629271258817,39.58108941101114,8.215184943422013,0.21742232995925234,13.005943969395453,19.893470404399963,0.6532213489162129,3000.0,-4.5,0.55,none,0.0,1926.0
endurance,300,misfire,424.0,92.28125120477611,92.41496472931858,630.999278487388,1675.0250784649338,66.9185197160157,39.81742350457469,8.215184943409213,0.20269762602710859,13.096012172752266,19.67133608221631,0.6533929587849524,3000.0,-4.5,0.55,none,0.0,1925.0
endurance,300,misfire,425.0,92.25383209278436,91.73157050244468,631.5931277399769,1678.0705311515696,67.403238867873,38.818179814226724,8.215184943400411,0.19116942365621253,12.933206145717909,19.916467288294836,0.653560482704444,3000.0,-4.5,0.55,none,0.0,1924.0
endurance,300,misfire,426.0,92.22706581679157,92.20794710838071,634.1525649822996,1681.264221169344,67.39190132865896,39.394893837336404,8.21518494339436,0.18440430783273454,12.924505610657054,20.12207769335223,0.6537240179591911,3000.0,-4.5,0.55,none,0.0,1923.0
endurance,300,misfire,427.0,92.20093683308372,92.24199333213333,628.6752004098852,1672.0128351912256,67.80119239368562,39.076192214796244,8.2151849433902,0.20177511487392957,12.990330281067868,19.717020421842573,0.6538836595174,3000.0,-4.5,0.55,none,0.0,1922.0
endurance,300,misfire,428.0,92.17542996803517,91.53753858258968,634.5723581974486,1684.4197307026334,67.79005304858966,39.456082789464034,8.21518494338734,0.1459949252755548,13.05882696987523,20.010304133978078,0.6540395000861303,3000.0,-4.5,0.55,none,0.0,1921.0
endurance,300,misfire,429.0,92.15053040929703,92.20794496515188,630.3074708850758,1674.8930881567558,67.80925882264667,39.405070132139656,8.215184943385374,0.18834043887639512,12.985075324332021,20.13578166777153,0.6541916301651307,3000.0,-4.5,0.55,none,0.0,1920.0
endurance,300,misfire,430.0,92.12622369719533,91.85029261110648,631.0579595747333,1673.0045244528178,66.88539450828844,39.26617622558787,8.21518494338402,0.27500718062427226,12.97762069989246,19.84103126639241,0.6543401380993942,3000.0,-4.5,0.55,none,0.0,1919.0
endurance,300,misfire,431.0,92.102495716334,92.73071989095283,628.0492345715253,1684.382239719128,67.48381340080888,39.14265418645683,8.215184943383093,0.2313571963809805,13.037049923614612,19.981935251511764,0.6544851101304616,3000.0,-4.5,0.55,none,0.0,1918.0
endurance,300,misfire,432.0,92.07933268739787,92.70098704820244,632.5639561788205,1681.0934847966353,67.89035684382812,38.476863029701676,8.215184943382454,0.177202637156889,12.986702114857907,20.079570330830585,0.6546266304465043,3000.0,-4.5,0.55,none,0.0,1917.0
endurance,300,misfire,433.0,92.05672115915061,91.9663508930065,631.0874859170333,1685.980822221508,67.43969604437183,39.08750174931407,8.215184943382015,0.19643300318270948,13.03523295011499,20.20005238906265,0.6547647812312128,3000.0,-4.5,0.55,none,0.0,1916.0
endurance,300,misfire,434.0,92.03464800062349,91.61682197770153,635.5738234342724,1675.8712135261146,67.5671063048153,38.250143537339525,8.215184943381713,0.21769120588756974,13.044625764815674,20.01253281053825,0.6548996427115239,3000.0,-4.5,0.55,none,0.0,1915.0
endurance,300,misfire,435.0,92.01310039348985,91.64582423934752,630.0811605898485,1675.4492697503063,67.49995236497816,38.48379669527411,8.215184943381505,0.17098987111156977,13.015765826412105,20.23509928709261,0.6550312932042087,3000.0,-4.5,0.55,none,0.0,1914.0
endurance,300,misfire,436.0,91.99206582462126,91.60865388629925,630.2174423441456,1667.2791980004438,67.45217025165127,39.10723379525336,8.215184943381361,0.1750482778353872,13.069864954314955,19.994548911565904,0.6551598091613535,3000.0,-4.5,0.55,none,0.0,1913.0
endurance,300,misfire,437.0,91.97153207882097,92.01319075558617,627.7815723974664,1669.8565231353773,67.78477123315052,39.304139831855224,8.215184943381264,0.236827071575607,12.963759440751382,20.25400768889413,0.6552852652147568,3000.0,-4.5,0.55,none,0.0,1912.0
endurance,300,misfire,438.0,91.9514872317302,92.0196334301896,630.7795318606783,1669.6800575668574,67.37308935971006,38.13426639168871,8.215184943381196,0.1676483558588013,12.93600988112553,20.25490600633906,0.6554077342192697,3000.0,-4.5,0.55,none,0.0,1911.0
endurance,300,misfire,439.0,91.93191964290348,92.52234460444612,629.3223721652175,1681.1820128389288,68.24940233389333,39.45217094646002,8.21518494338115,0.17122339216002394,12.993147974334848,20.081561491367193,0.6555272872951038,3000.0,-4.5,0.55,none,0.0,1910.0
endurance,300,misfire,440.0,91.91281794904883,91.48533192737757,627.2425480122013,1678.9868945539256,67.18167134502484,38.59511410386388,8.215184943381118,0.20300769357309725,12.998205071414064,20.050232977793414,0.6556439938691322,3000.0,-4.5,0.55,none,0.0,1909.0
endurance,300,misfire,441.0,91.8941710574288,92.12381237495512,631.5903106324142,1676.371404366724,67.9939576425012,39.59388265441248,8.215184943381097,0.21598890572483664,13.04447209141617,20.332677187204045,0.6557579217152076,3000.0,-4.5,0.55,none,0.0,1908.0
endurance,300,misfire,442.0,91.87596813941879,91.65501733264173,631.5452065203683,1673.0405721568213,67.44194298256575,38.34776587127176,8.215184943381082,0.1621733913662397,12.995096543118676,19.906852032402295,0.6558691369935193,3000.0,-4.5,0.55,none,0.0,1907.0
endurance,300,misfire,443.0,91.85819862421852,91.7294919989996,625.4028915206089,1681.1491030546383,67.597580386317,39.052050763222226,8.215184943381072,0.13881888674967235,12.963982255469494,20.150055360032226,0.6559777042890143,3000.0,-4.5,0.55,none,0.0,1906.0
endurance,300,misfire,444.0,91.8408521927135,91.38534854747614,634.4765522861692,1671.3288258242135,67.6057693122797,38.94647162623821,8.215184943381065,0.28216098331718453,12.953317731639032,19.74575947505972,0.6560836866489019,3000.0,-4.5,0.55,none,0.0,1905.0
endurance,300,misfire,445.0,91.82391877148241,91.45498755884199,629.4170877936366,1681.8523885737343,67.65760391289903,38.693094611656704,8.215184943381058,0.19801845211248725,13.120662980747461,20.068075207337596,0.6561871456192686,3000.0,-4.5,0.55,none,0.0,1904.0
endurance,300,misfire,446.0,91.80738852694729,91.8684510183322,629.6065155502399,1676.3316177290326,67.39095730772357,38.39925378822,8.215184943381056,0.23548868687840624,12.893996945820108,20.080935245009456,0.656288141280817,3000.0,-4.5,0.55,none,0.0,1903.0
endurance,300,misfire,447.0,91.791251859663,91.817360596118,637.0107970599862,1668.7166745690297,67.67062006004183,38.10975262206244,8.215184943381054,0.21905181142629024,13.100251700803263,20.01031468332061,0.6563867322837572,3000.0,-4.5,0.55,none,0.0,1902.0
endurance,300,misfire,448.0,91.77549939874264,91.84450085945005,625.2629760698896,1663.5720915275535,66.25294719940352,37.82891368557401,8.215184943381052,0.24357077440980163,13.017082832570853,19.700648708399353,0.6564829758818654,3000.0,-4.5,0.55,none,0.0,1901.0
endurance,300,misfire,449.0,91.76012199641562,91.3041756933769,633.2331582077358,1675.01416465153,67.88302600951312,38.493369528572025,8.21518494338105,0.21177578308289974,12.987183772335138,20.006493830392223,0.656576927965733,3000.0,-4.5,0.55,none,0.0,1900.0
endurance,300,misfire,450.0,91.74511072271542,92.85690561914295,627.480280818534,1680.1845945224757,68.20267630381079,38.433026881541586,8.21518494338105,0.2781431856233444,12.991732889843062,20.095864514903386,0.6566686430952227,3000.0,-4.5,0.55,none,0.0,1899.0
endurance,300,misfire,451.0,91.73045686029381,91.70778801442178,632.9591306703031,1691.3690855962082,68.42508256918217,38.216800357803194,8.21518494338105,0.1771485153121093,12.983920493770425,20.435973762856403,0.6567581745311531,3000.0,-4.5,0.55,none,0.0,1898.0
endurance,300,misfire,452.0,91.71615189935842,90.98293566868793,632.5888007532238,1673.634362493506,67.66057645320033,38.306607152321234,8.21518494338105,0.10160464836594299,13.04991638103398,20.05701970684794,0.6568455742662281,3000.0,-4.5,0.55,none,0.0,1897.0
endurance,300,misfire,453.0,91.70218753273102,92.20518952434807,630.1927586917194,1676.492741513217,67.50306802664615,38.34549790380062,8.21518494338105,0.22022410501370998,12.964264238265365,20.11307695355778,0.6569308930552299,3000.0,-4.5,0.55,none,0.0,1896.0
endurance,300,misfire,454.0,91.68855565102332,92.48036036607141,628.8405564183024,1678.062110553014,66.49389859902122,38.17387957805767,8.21518494338105,0.15849301408728525,13.015957862348367,19.845805245026956,0.6570141804444936,3000.0,-4.5,0.55,none,0.0,1895.0
endurance,300,misfire,455.0,91.67524833792771,91.7715768659355,634.7452189488603,1674.8231729986921,66.92617739117244,37.94965065771892,8.21518494338105,0.1370307882112312,12.968318137579137,19.988074391821943,0.6570954848006794,3000.0,-4.5,0.55,none,0.0,1894.0
endurance,300,misfire,456.0,91.66225786562009,91.22535131915132,631.6263626617653,1677.4274804208112,67.59930549226097,37.215190934681615,8.21518494338105,0.2574460477304261,13.013586020168832,20.20642187595483,0.6571748533388609,3000.0,-4.5,0.55,none,0.0,1893.0
endurance,300,misfire,457.0,91.64957669027217,91.78762131089917,627.9571063479835,1666.5169157336202,67.37226588561676,39.13325709462147,8.21518494338105,0.21416914557236943,13.049494665136198,20.170002521740656,0.6572523321499428,3000.0,-4.5,0.55,none,0.0,1892.0
endurance,300,misfire,458.0,91.63719744767063,91.6471300181812,637.3994612862921,1673.277524103767,67.80538539900952,38.73307351308635,8.21518494338105,0.09764539140060353,12.9694064647162,19.735773582647944,0.6573279662274276,3000.0,-4.5,0.55,none,0.0,1891.0
endurance,300,misfire,459.0,91.62511294894055,91.39009707815796,635.004552562389,1677.879088417902,67.67762336025328,37.82889553739186,8.21518494338105,0.17648082068282087,13.082393914609547,19.544409344773513,0.6574017994935437,3000.0,-4.5,0.55,none,0.0,1890.0
endurance,300,misfire,460.0,91.61331617637072,90.85732813419857,630.6090093661827,1683.2340240811986,67.51756182431455,38.19296769319285,8.21518494338105,0.2160751712273852,13.014410640031596,19.73325693649601,0.6574738748247523,3000.0,-4.5,0.55,none,0.0,1889.0
endurance,300,misfire,461.0,91.60180027933826,91.30735634452807,629.3330134520706,1679.4199754774538,68.05326836677109,37.804417832621255,8.21518494338105,0.19731732009528835,13.036574582237767,20.23233652601765,0.6575442340766463,3000.0,-4.5,0.55,none,0.0,1888.0
endurance,300,misfire,462.0,91.59055857033039,91.3014229909408,627.0775579923776,1687.449397936133,67.88061042913583,37.34683464454383,8.21518494338105,0.22019556670711637,12.942880641426324,19.96554993424296,0.6576129181082572,3000.0,-4.5,0.55,none,0.0,1887.0
endurance,300,misfire,463.0,91.5795845210608,91.98340980682792,633.0241925618936,1666.5370231355014,67.34406627288408,36.678601931055134,8.21518494338105,0.19585593015775968,13.022051484766619,19.911288557500228,0.6576799668057821,3000.0,-4.5,0.55,none,0.0,1886.0
endurance,300,misfire,464.0,91.56887175867857,92.10089533127736,634.9789640655157,1683.2957453280062,67.46449021851024,38.667245078045916,8.21518494338105,0.19032035511348555,13.012543403169113,19.92743688175588,0.6577454191057469,3000.0,-4.5,0.55,none,0.0,1885.0
endurance,300,misfire,465.0,91.55841406206736,90.92609656479249,629.3952245330261,1680.3899620485915,67.60350570631175,38.303189766556834,8.21518494338105,0.23853495755026635,13.07358521333301,20.02371854687855,0.6578093130176172,3000.0,-4.5,0.55,none,0.0,1884.0
endurance,300,misfire,466.0,91.5482053582326,91.57181479157659,631.7889262584624,1682.6612488441267,68.09724782235476,37.958311482208224,8.21518494338105,0.25314805798206075,12.977484062619832,19.64073225603692,0.6578716856458717,3000.0,-4.5,0.55,none,0.0,1883.0
endurance,300,misfire,467.0,91.53823971877486,91.16292249182256,637.4046742673252,1682.2412557537793,67.68747161868062,38.212334562275856,8.21518494338105,0.2850282824363085,13.04103584635904,19.893466876516793,0.6579325732115486,3000.0,-4.5,0.55,none,0.0,1882.0
endurance,300,misfire,468.0,91.52851135644707,91.24513519682982,629.554964145058,1679.7701594357427,67.40475875343137,37.521236054030744,8.21518494338105,0.2183811046277559,12.943250126313218,20.121169321163404,0.6579920110732809,3000.0,-4.5,0.55,none,0.0,1881.0
endurance,300,misfire,469.0,91.51901462179374,92.34376726875023,630.7641446565794,1672.3656910193674,67.37429415042538,37.24828974011052,8.21518494338105,0.19409038901524306,13.020862565481407,19.838005281273105,0.658050033747829,3000.0,-4.5,0.55,none,0.0,1880.0
endurance,300,misfire,470.0,91.50974399987027,91.63239257913416,631.695171784823,1683.8681939546373,67.07794223352101,38.873451789212325,8.21518494338105,0.24871264624855258,13.007275767753734,20.164709733346005,0.658106674930126,3000.0,-4.5,0.55,none,0.0,1879.0
endurance,300,misfire,471.0,91.5006941070402,91.6800532507864,627.2062869155186,1674.4568277124017,66.84721487074441,38.07757433269589,8.21518494338105,0.21313613048287566,13.003827049573088,19.504091985881818,0.6581619675128444,3000.0,-4.5,0.55,none,0.0,1878.0
endurance,300,misfire,472.0,91.49185968784894,91.93034166389941,631.9745958948525,1676.180552321458,67.41137710224027,37.88339296456835,8.21518494338105,0.24934300755952038,12.980827830637221,19.619600934099633,0.6582159436054982,3000.0,-4.5,0.55,none,0.0,1877.0
endurance,300,misfire,473.0,91.48323561197176,91.75506855096097,631.6076556294336,1677.5910925754795,67.49730940646525,37.83860664844812,8.21518494338105,0.23437248737825564,13.142011875151004,20.260777423784774,0.6582686345530887,3000.0,-4.5,0.55,none,0.0,1876.0
endurance,300,misfire,474.0,91.47481687123452,91.48196095814053,632.1728087042973,1674.9395932567456,67.5966657881155,37.985656288740465,8.21518494338105,0.27237644958758467,12.969730976448378,20.218086951701718,0.6583200709543081,3000.0,-4.5,0.55,none,0.0,1875.0
endurance,300,misfire,475.0,91.46659857670531,91.2932073241184,631.8144442706187,1679.1166993787215,67.39899727918095,37.370934551713894,8.21518494338105,0.14861725208551047,13.057953875576832,19.97512919079033,0.658370282679308,3000.0,-4.5,0.55,none,0.0,1874.0
endurance,300,misfire,476.0,91.45857595585537,91.59599942397472,631.9059450210182,1680.763405725034,68.20874182668624,37.26448074730748,8.21518494338105,0.1408914550615529,13.04746762773128,19.862763290934858,0.658419298887046,3000.0,-4.5,0.55,none,0.0,1873.0
endurance,300,misfire,477.0,91.45074434978756,91.87313330090814,631.8042271881862,1671.3158624696393,67.18322854019686,37.74277547824935,8.21518494338105,0.1834314046571634,13.014648705838546,20.184564900583517,0.6584671480422187,3000.0,-4.5,0.55,none,0.0,1872.0
endurance,300,misfire,478.0,91.44309921053089,91.78716722237067,630.201695938267,1675.3002062695598,67.85955671999317,38.66393289927678,8.21518494338105,0.22569395927849736,12.955630906534065,19.994285175484006,0.6585138579317922,3000.0,-4.5,0.55,none,0.0,1871.0
endurance,300,misfire,479.0,91.43563609839939,91.76879138806353,631.4535703763331,1681.894342731198,67.91339755260154,37.22519580600419,8.21518494338105,0.18988404439325393,12.959577462717458,19.84520434381219,0.6585594556811376,3000.0,-4.5,0.55,none,0.0,1870.0
endurance,300,misfire,480.0,91.42835067941387,92.09594830796976,634.5122499600621,1671.751081669863,67.80856078749302,37.8548845803521,8.21518494338105,0.27499822547941144,13.020700267073602,20.00593479980068,0.6586039677697844,3000.0,-4.5,0.55,none,0.0,1869.0
endurance,300,misfire,481.0,91.42123872278515,92.3409634274817,626.9989682838393,1678.1601460756447,67.96710388745925,37.354809641461365,8.21518494338105,0.2131663686437473,12.958478271356716,20.01607868060663,0.6586474200467967,3000.0,-4.5,0.55,none,0.0,1868.0
endurance,300,misfire,482.0,91.41429609845711,91.14976770890729,634.9596510178325,1677.6322258456062,66.63653146513434,36.620881540871636,8.21518494338105,0.20404351900824144,13.029646154302062,20.27082342046868,0.6586898377457849,3000.0,-4.5,0.55,none,0.0,1867.0
endurance,300,misfire,483.0,91.40751877470832,91.42244152060063,629.0848270531725,1685.8142770382308,67.56426831019313,36.84435473313211,8.21518494338105,0.21446417646008012,13.007931647584996,19.95837941438267,0.6587312454995591,3000.0,-4.5,0.55,none,0.0,1866.0
endurance,300,misfire,484.0,91.40090281581068,91.8628523376681,626.915033984411,1672.5149565667514,67.93234209805073,37.966740474856124,8.21518494338105,0.1943261395767075,12.993270961285589,19.80926174107838,0.6587716673544339,3000.0,-4.5,0.55,none,0.0,1865.0
endurance,300,misfire,485.0,91.39444437974394,92.09961833530164,622.9801135436506,1679.637044794302,67.17893428885688,37.416103548809566,8.21518494338105,0.19958646501792254,12.98934915189289,19.606198472187884,0.6588111267841927,3000.0,-4.5,0.55,none,0.0,1864.0
endurance,300,misfire,486.0,91.38813971596451,90.61488663996147,630.8300383716717,1668.9656910841827,67.90256498137506,37.84341873257827,8.21518494338105,0.19981536678171094,12.985034401414039,20.188371306016396,0.658849646703719,3000.0,-4.5,0.55,none,0.0,1863.0
endurance,300,misfire,487.0,91.38198516322744,90.83273098409198,631.6526447225965,1673.9958456113031,67.23703430622557,38.0480739666095,8.21518494338105,0.21418127374564297,13.037522542247439,20.24116021158423,0.6588872494823044,3000.0,-4.5,0.55,none,0.0,1862.0
endurance,300,misfire,488.0,91.3759771474603,91.78333740901087,626.8166875119962,1679.8763967395694,68.10613538124865,37.568198649148364,8.21518494338105,0.17801350023540982,12.988614998920495,20.117579900407055,0.6589239569566376,3000.0,-4.5,0.55,none,0.0,1861.0
endurance,300,misfire,489.0,91.37011217968762,91.36616664824173,629.7273706374142,1670.9398686901125,67.69724485566014,36.993982353383345,8.21518494338105,0.14392837921744317,13.040129318111974,20.10879712712127,0.6589597904434868,3000.0,-4.5,0.55,none,0.0,1860.0
endurance,300,misfire,490.0,91.36438685400476,90.88512932824055,632.6998138019521,1676.3849735264014,67.6618498656097,37.8900927076657,8.21518494338105,0.19967917908177477,13.073293642119323,19.614524695123855,0.6589947707520777,3000.0,-4.5,0.55,none,0.0,1859.0
endurance,300,misfire,491.0,91.35879784560007,91.58968440938892,624.9891610200893,1679.5171929836235,67.83209913877012,37.01918458945011,8.21518494338105,0.16041110373933176,12.968116277687738,19.781093426456522,0.6590289181961783,3000.0,-4.5,0.55,none,0.0,1858.0
endurance,300,misfire,492.0,91.35334190882405,89.94276444092499,633.6521676450008,1684.3113146941778,66.60369913961043,37.22760633932035,8.21518494338105,0.19455050787792805,13.07417885121785,19.946912390705865,0.6590622526058956,3000.0,-4.5,0.55,none,0.0,1857.0
endurance,300,misfire,493.0,91.34801587530461,90.11843627675964,628.4626806876552,1684.2043083545589,67.94223827572104,36.80253914008463,8.21518494338105,0.1381375617249359,13.027111374040285,20.171083850427042,0.659094793339191,3000.0,-4.5,0.55,none,0.0,1856.0
endurance,300,misfire,494.0,91.34281665210706,91.20739368711214,632.9945697041159,1673.945990674183,67.15423084485573,38.017932097855926,8.21518494338105,0.1233858333415089,12.98831236489607,20.266733840369458,0.6591265592931221,3000.0,-4.5,0.55,none,0.0,1855.0
endurance,300,misfire,495.0,91.33774121993802,91.09722959527556,633.7956715668402,1677.933222411674,67.7422982512067,36.608563431525916,8.21518494338105,0.1725206390218996,13.067911804209439,20.062285935972973,0.659157568914817,3000.0,-4.5,0.55,none,0.0,1854.0
endurance,300,misfire,496.0,91.33278663139205,91.05058378070741,633.7792842775594,1678.070716430287,67.26727415844242,37.5449977267337,8.21518494338105,0.25018252839927774,13.094807816567375,20.237071344066212,0.6591878402121857,3000.0,-4.5,0.55,none,0.0,1853.0
endurance,300,misfire,497.0,91.32795000924004,91.56806107293973,624.4291365303867,1677.1571557970624,67.06030118686256,37.51710623612056,8.21518494338105,0.22649433824516294,12.965097532497532,19.947740951599894,0.6592173907643789,3000.0,-4.5,0.55,none,0.0,1852.0
endurance,300,misfire,498.0,91.32322854475831,91.61757388826189,638.291801890957,1682.420887453608,67.50527532882094,36.35918090225507,8.21518494338105,0.2310949757350344,13.064006041109685,20.14869498252928,0.6592462377319962,3000.0,-4.5,0.55,none,0.0,1851.0
endurance,300,misfire,499.0,91.31861949609758,91.80876602051968,629.6969796191547,1675.1669389716546,67.43511811927293,36.24153762475528,8.21518494338105,0.2706688334008654,13.063011494895676,19.90969445423707,0.6592743978670511,3000.0,-4.5,0.55,none,0.0,1850.0
endurance,300,misfire,500.0,91.31412018669067,90.78507007094494,630.5859397534879,1674.2347819609406,67.55078948481646,36.75645212591662,8.21518494338105,0.19697029641982125,12.93281459895987,19.668097522988848,0.6593018875226999,3000.0,-4.5,0.55,none,0.0,1849.0
endurance,300,misfire,501.0,91.30972800369821,92.29517447694232,630.9674150036219,1687.6350574958847,67.65279093731328,36.99167589153447,8.21518494338105,0.18931474629535203,13.058742220965028,20.070931060354795,0.6593287226627381,3000.0,-4.5,0.55,none,0.0,1848.0
endurance,300,misfire,502.0,91.30544039649129,91.08933774694582,629.6072258250565,1676.7055152888106,67.56924697579795,37.0116103098847,8.21518494338105,0.17153194961857218,12.978148891231434,20.308054576290814,0.6593549188708707,3000.0,-4.5,0.55,none,0.0,1847.0
endurance,300,misfire,503.0,91.30125487517024,90.61417373242953,628.632642499699,1678.2179197101982,68.06547200211959,37.211663482454085,8.21518494338105,0.31337396572417586,12.96374430411276,19.97530219787315,0.659380491359762,3000.0,-4.5,0.55,none,0.0,1846.0
endurance,300,misfire,504.0,91.29716900911875,92.39505226354079,629.2083918231501,1676.560736659058,68.20958022174743,36.652423558869096,8.21518494338105,0.20095064813081467,12.981553255869871,19.922406926964232,0.65940545497987,3000.0,-4.5,0.55,none,0.0,1845.0
endurance,300,misfire,505.0,91.29318042559228,92.32401245242907,632.4426805719597,1683.2453602888634,67.35915750724331,37.581321509613645,8.21518494338105,0.2500423994001425,12.98520991960401,20.4231107993186,0.6594298242280708,3000.0,-4.5,0.55,none,0.0,1844.0
endurance,300,misfire,506.0,91.28928680834026,91.113672759766,629.7486458968991,1675.022276700749,67.64224384793827,37.76307549315817,8.21518494338105,0.2907670485794762,12.956919534344783,19.96085267879714,0.6594536132560764,3000.0,-4.5,0.55,none,0.0,1843.0
endurance,300,misfire,507.0,91.28548589626091,91.5294287015439,631.0143808781066,1680.7698542293497,67.82292128221475,37.503794776396255,8.21518494338105,0.2545125113558586,13.00739453351162,20.150565497807065,0.6594768358786532,3000.0,-4.5,0.55,none,0.0,1842.0
endurance,300,misfire,508.0,91.28177548208821,90.51986425596806,623.4973778469192,1682.5699756732618,67.62120967085902,36.18745097750401,8.21518494338105,0.2527522435023788,12.995942092135543,20.026215152342107,0.6594995055816448,3000.0,-4.5,0.55,none,0.0,1841.0
endurance,300,misfire,509.0,91.2781534111101,91.36096513063461,627.0576672022119,1667.3334168239767,67.6995943987778,37.48155521506493,8.21518494338105,0.10235426147071665,12.988968221895917,20.032116744733,0.6595216355298034,3000.0,-4.5,0.55,none,0.0,1840.0
endurance,300,misfire,510.0,91.27461757991718,91.37198217095667,627.6047558213902,1678.3269202654083,67.51670416666042,37.36344245378266,8.21518494338105,0.22019080032450364,13.040433957762119,19.975879721390594,0.6595432385744343,3000.0,-4.5,0.55,none,0.0,1839.0
endurance,300,misfire,511.0,91.27116593518123,91.6449397678021,629.5589258701821,1679.4924046512406,67.43751922916097,37.23342583299249,8.21518494338105,0.25549671027899357,12.972442440997025,19.810751319113898,0.6595643272608598,3000.0,-4.5,0.55,none,0.0,1838.0
endurance,300,misfire,512.0,91.2677964724628,90.55836773284344,634.2315133164757,1679.2843139353204,67.18174086579768,37.00884048874989,8.21518494338105,0.23550407843175036,12.957194775668397,20.180814161432842,0.6595849138357037,3000.0,-4.5,0.55,none,0.0,1837.0
endurance,300,misfire,513.0,91.2645072350472,91.86210466694969,631.5199123039143,1674.3649569281777,67.505785214811,36.492768245944596,8.21518494338105,0.09974483675260554,12.961799217923721,19.952232867040173,0.6596050102540036,3000.0,-4.5,0.55,none,0.0,1836.0
endurance,300,misfire,514.0,91.26129631280817,90.49994566101756,629.1136297172271,1680.7651315022488,68.21085224370597,35.645082771183375,8.21518494338105,0.2956893498311135,12.968198312028706,19.655737772073834,0.6596246281861535,3000.0,-4.5,0.55,none,0.0,1835.0
endurance,300,misfire,515.0,91.25816184109863,92.39825419938423,629.9179518790963,1675.5773653747945,67.37310531567823,36.84768972094921,8.21518494338105,0.2073307395255122,12.995547416331078,19.783852323856284,0.659643779024681,3000.0,-4.5,0.55,none,0.0,1834.0
endurance,300,misfire,516.0,91.25510199966789,90.89633704596696,626.3847659331251,1673.758313230684,67.63519962927091,37.647830720454444,8.21518494338105,0.2486700438267516,12.936655695290105,19.678244206448614,0.6596624738908624,3000.0,-4.5,0.55,none,0.0,1833.0
endurance,300,misfire,517.0,91.25211501160454,91.41915090851973,628.8326127995128,1679.6919603924002,67.56022176976568,35.59242665427166,8.21518494338105,0.1397146242279675,13.04858293376201,20.142552032886204,0.6596807236411824,3000.0,-4.5,0.55,none,0.0,1832.0
endurance,300,misfire,518.0,91.24919914230462,91.96803157654062,629.2065107928366,1678.8539390993785,67.51739646657845,37.100422306438446,8.21518494338105,0.2212944896771334,13.09595563893936,19.901394337536914,0.6596985388736376,3000.0,-4.5,0.55,none,0.0,1831.0
endurance,300,misfire,519.0,91.24635269846421,91.44325336845314,627.4090099874006,1677.820563739408,67.4058476702471,36.51433302994269,8.21518494338105,0.2834257452412652,13.02022414299394,20.034865697732904,0.6597159299338916,3000.0,-4.5,0.55,none,0.0,1830.0
endurance,300,misfire,520.0,91.24357402709619,90.77702450109517,627.5431219173199,1680.2302668906448,67.24578446028731,37.59545035516094,8.21518494338105,0.2877898758403007,12.986619465335812,19.53877326714073,0.6597329069212824,3000.0,-4.5,0.55,none,0.0,1829.0
endurance,300,misfire,521.0,91.24086151457027,90.7881597388727,628.9768917537885,1678.6286700515154,66.9934016524047,37.54733413226525,8.21518494338105,0.31450998037930056,12.988398044393655,20.293045207650938,0.6597494796946876,3000.0,-4.5,0.55,none,0.0,1828.0
endurance,300,misfire,522.0,91.23821358567592,91.91563504147987,630.9475153856289,1677.9822321318393,68.17562431819066,36.55550024479755,8.21518494338105,0.08458101346352774,13.033007532190926,20.11719973044044,0.6597656578782498,3000.0,-4.5,0.55,none,0.0,1827.0
endurance,300,misfire,523.0,91.23562870270763,91.8066238421591,629.9897725627862,1671.4405588449806,67.01593092289775,37.16661311766389,8.21518494338105,0.21141396037286153,12.938723106957582,19.771881705744622,0.6597814508669654,3000.0,-4.5,0.55,none,0.0,1826.0
endurance,300,misfire,524.0,91.23310536457191,90.13210068560933,625.3395190127009,1684.0104857687452,67.65692534152696,36.322854105878974,8.21518494338105,0.23972349697084927,13.01068637483331,20.219760885808785,0.6597968678321401,3000.0,-4.5,0.55,none,0.0,1825.0
endurance,300,misfire,525.0,91.23064210591562,90.77979143475153,631.0000634843698,1680.1547319816211,67.56351870276828,36.27212555173948,8.21518494338105,0.16390397320985414,13.058427502520749,19.98066157382008,0.6598119177267153,3000.0,-4.5,0.55,none,0.0,1824.0
endurance,300,misfire,526.0,91.22823749627496,92.13648034241852,629.6402526478639,1675.6516348849316,66.69307634814287,36.96643565504032,8.21518494338105,0.15755778864894804,12.982956740422212,20.22917242893381,0.6598266092904674,3000.0,-4.5,0.55,none,0.0,1823.0
endurance,300,misfire,527.0,91.22589013924478,90.88993900957792,635.0734778429357,1676.9616363827074,68.1809226166664,36.59024178323828,8.21518494338105,0.2675925600679861,12.965571942294234,20.0994798643045,0.6598409510550826,3000.0,-4.5,0.55,none,0.0,1822.0
endurance,300,misfire,528.0,91.2235986716677,90.26709880886858,629.3306264306605,1680.2580949247,67.61003226356391,35.89828163668678,8.21518494338105,0.17662525992110834,13.070248251674354,20.049824613076275,0.6598549513491115,3000.0,-4.5,0.55,none,0.0,1821.0
endurance,300,misfire,529.0,91.22136176284246,91.30672951115916,627.3150525042003,1675.0101149745847,67.3853411017302,36.835550648532084,8.21518494338105,0.13134633201671736,13.124242011335065,19.84964358215116,0.6598686183028066,3000.0,-4.5,0.55,none,0.0,1820.0
endurance,300,misfire,530.0,91.21917811375116,90.76106853327622,632.0312929876785,1675.5643562107127,67.58229660760897,37.02112555759097,8.21518494338105,0.25867859029285933,12.979273710369139,19.732514923244864,0.6598819598528421,3000.0,-4.5,0.55,none,0.0,1819.0
endurance,300,misfire,531.0,91.21704645630489,91.42445946609574,629.2676457389973,1677.910511371484,67.31565744171802,36.7158883432019,8.21518494338105,0.18644622090162793,13.015360378094753,19.97262586780967,0.6598949837469246,3000.0,-4.5,0.55,none,0.0,1818.0
endurance,300,misfire,532.0,91.21496555260732,91.07882869282321,627.6060858994134,1674.1410470257715,66.3769717371153,36.61254291661098,8.21518494338105,0.2269038476198047,13.080692142326969,19.883938041182457,0.6599076975482907,3000.0,-4.5,0.55,none,0.0,1817.0
endurance,300,misfire,533.0,91.2129341942359,91.59000366512886,630.8992051591655,1679.1786909992868,67.59353566379927,35.93868899878297,8.21518494338105,0.2035816898993379,13.044360308094006,19.595756855813164,0.6599201086401005,3000.0,-4.5,0.55,none,0.0,1816.0
endurance,300,misfire,534.0,91.21095120153998,91.67795075851615,627.395863469343,1679.1461437612643,67.27873820634103,36.4954125523087,8.21518494338105,0.1950543387828075,13.022959778812217,20.289961969552312,0.6599322242297243,3000.0,-4.5,0.55,none,0.0,1815.0
endurance,300,misfire,535.0,91.20901542295587,90.90666918499194,632.3469219104654,1670.654935407064,67.30872412518264,36.675402551310796,8.21518494338105,0.1987893039693126,13.046276508458918,20.48365733025097,0.6599440513529287,3000.0,-4.5,0.55,none,0.0,1814.0
endurance,300,misfire,536.0,91.20712573433805,91.61830321172819,632.8438286784948,1687.4207449150547,67.34694629906748,36.48943323009343,8.21518494338105,0.21930394223061495,12.989054849282773,20.28102316652314,0.6599555968779613,3000.0,-4.5,0.55,none,0.0,1813.0
endurance,300,misfire,537.0,91.20528103830637,91.62289065723678,630.4102625797867,1671.6016846677496,67.29996198769445,36.721790334865425,8.21518494338105,0.18122438646232175,12.899464046212234,19.999335710275524,0.659966867509541,3000.0,-4.5,0.55,none,0.0,1812.0
endurance,300,misfire,538.0,91.20348026360878,91.21062331787778,631.4497005355641,1682.3284523617635,67.72419095721469,36.79375489311217,8.21518494338105,0.19370467146881945,13.031658347731298,19.84270490865961,0.6599778697927496,3000.0,-4.5,0.55,none,0.0,1811.0
endurance,300,misfire,539.0,91.20172236449923,90.99427874393152,629.6886575822716,1681.5532660353604,66.72452699638447,37.189911978373416,8.21518494338105,0.1975262788480086,12.986036112626513,19.860264334699945,0.6599886101168341,3000.0,-4.5,0.55,none,0.0,1810.0
endurance,300,misfire,540.0,90.9601580054836,91.62168862571582,631.6615200108629,1637.0750777738851,67.19026523656194,36.177337797331546,6.52384381200299,0.09830628738501677,12.987918151660915,19.78829787590866,0.6614645079593298,3000.0,-4.5,0.45,none,0.0,1809.0
endurance,300,misfire,541.0,90.70507341637787,90.76192368770249,630.2775988905248,1592.5005814793528,66.50639386411135,36.711918252323805,6.387944902103205,0.21874208795416733,12.983082387955635,20.133747167389682,0.6630230110276185,3000.0,-4.5,0.45,none,0.0,1808.0
endurance,300,misfire,542.0,90.44281293318716,90.38657720466445,637.1116317867923,1567.892640699923,66.4802605567327,37.15955551212141,6.294514401547102,0.12810774341293168,12.913330725908445,20.233174905013527,0.6646253570147931,3000.0,-4.5,0.45,none,0.0,1807.0
endurance,300,misfire,543.0,90.1776878282459,89.85064743589716,629.9727588718638,1557.726764242869,66.97313042176327,36.56564337369127,6.2302809324147805,0.17429326257757702,12.947184250040504,19.92641613312106,0.666245205124708,3000.0,-4.5,0.45,none,0.0,1806.0
endurance,300,misfire,544.0,89.91261284401179,89.84149346949893,628.9785278458721,1552.8622260154718,65.29437952098378,35.68035705071769,6.186120422386311,0.28965151072089085,12.872026134596371,19.902670572881377,0.6678647470096323,3000.0,-4.5,0.45,none,0.0,1805.0
endurance,300,misfire,545.0,89.64954378144449,88.96953296016287,623.7257233989047,1534.6700880328826,65.86533071137426,36.12535490973584,6.155760071741738,0.27438904463297586,12.881761564124824,20.268648030013022,0.6694720332146529,3000.0,-4.5,0.45,none,0.0,1804.0
endurance,300,misfire,546.0,89.38977831409233,89.7664369700988,628.1730238763631,1537.6876606969042,66.34071043578481,36.299439587804535,6.134887330673593,0.21221866637774298,12.958186392853028,19.759897314781984,0.6710591352788078,3000.0,-4.5,0.45,none,0.0,1803.0
endurance,300,misfire,547.0,89.1341627705181,89.83759119872003,624.7405804947009,1531.6385526328193,66.65027636065159,35.81117153009128,6.120537321189245,0.21593063646457694,12.88583237310621,20.10674924014152,0.6726208823461604,3000.0,-4.5,0.45,none,0.0,1802.0
endurance,300,misfire,548.0,88.88323427060718,89.01629415207191,625.9235390626773,1522.6960669316654,65.50145720311548,35.567352229832814,6.110671689668753,0.2852481097043015,12.914521001376311,19.898101613777744,0.6741539927484911,3000.0,-4.5,0.45,none,0.0,1801.0
endurance,300,misfire,549.0,88.63731841830294,88.77775592005304,627.3396624673367,1524.599633571425,66.67258443215734,35.4332859028519,6.103889067998417,0.17655579626551912,13.01237180637852,19.788086021016632,0.675656477127107,3000.0,-4.5,0.45,none,0.0,1800.0
endurance,300,misfire,550.0,88.39659644000486,88.13133399764382,622.7343153786225,1516.7356638260737,65.62603431390076,36.160094026304996,6.09922601560006,0.1330360556474391,12.991676768899937,20.25364644429963,0.6771272282340136,3000.0,-4.5,0.45,none,0.0,1799.0
endurance,300,misfire,551.0,88.16115131746312,88.90666261702381,623.5034465073579,1521.758163864505,66.15278011516645,35.92755063498882,6.09602016707619,0.18107118920408766,12.946025898681514,19.996466054065195,0.678565739071463,3000.0,-4.5,0.45,none,0.0,1798.0
endurance,300,misfire,552.0,87.93099947997916,88.75158790364684,629.6844240336219,1525.1797308899959,64.95732311896218,35.24389599672188,6.093816146216029,0.18974762300012593,12.95735472537228,19.834360054272445,0.6799719092605306,3000.0,-4.5,0.45,none,0.0,1797.0
endurance,300,misfire,553.0,87.70611256920425,88.10991681773557,621.0810867542663,1517.2327717594767,66.92123737287402,36.12591688971042,6.09230088187467,0.21118314606334576,12.956440551122874,20.21782518772123,0.6813459120636377,3000.0,-4.5,0.45,none,0.0,1796.0
endurance,300,misfire,554.0,87.48643237941096,87.06291081938943,620.3476635597258,1526.0310669299915,66.09111501492264,35.100419850224924,6.091259137639984,0.25515137433630264,12.872077391253022,19.974362887171164,0.6826881031032273,3000.0,-4.5,0.45,none,0.0,1795.0
endurance,300,misfire,555.0,87.27188110645052,87.13560927992754,625.8251961753656,1516.0401253462408,66.6935359929324,35.58406708811896,6.090542938478639,0.20654038883503512,12.977173923829168,19.811933703730073,0.6839989577431973,3000.0,-4.5,0.45,none,0.0,1794.0
endurance,300,misfire,556.0,87.0623683719669,86.72678496269131,620.4941845180093,1527.3683273294084,66.64666020043484,36.06733935733583,6.090050551555212,0.24263580574796142,12.889478881074723,20.13091825573839,0.6852790281727086,3000.0,-4.5,0.45,none,0.0,1793.0
endurance,300,misfire,557.0,86.85779603112236,87.23304615617226,624.5557212156804,1516.0682169302904,65.84360945122154,35.76860621981218,6.089712035545357,0.21517662550102382,12.88629531385344,20.10272890310394,0.6865289140321834,3000.0,-4.5,0.45,none,0.0,1792.0
endurance,300,misfire,558.0,86.65806145699725,86.32174755616838,621.6884631783963,1515.251995062804,66.23058743017761,35.63733313154451,6.089479305788581,0.22135779244964748,12.879288070465963,20.123726863018717,0.6877492423464444,3000.0,-4.5,0.45,none,0.0,1791.0
endurance,300,misfire,559.0,86.46305977820111,86.05961828720133,622.4434902355697,1516.4414528939003,66.04792339836983,35.27217560641588,6.089319304080798,0.18017251342527124,12.940591105787158,20.0801231291841,0.688940653853469,3000.0,-4.5,0.45,none,0.0,1790.0
endurance,300,misfire,560.0,86.27268539730284,85.98814715764142,626.8638340704388,1517.1029450989085,65.7017152993313,34.98280038384654,6.089209302906697,0.17483925902657946,12.929805928358874,20.145136869552495,0.6901037937271622,3000.0,-4.5,0.45,none,0.0,1789.0
endurance,300,misfire,561.0,86.08683301529804,85.8618631507936,625.3335317931129,1518.6346969182307,66.50047110986434,34.478699889257484,6.089133677099502,0.23585398043154815,12.925737336980292,19.903675550373766,0.6912393053181161,3000.0,-4.5,0.45,none,0.0,1788.0
endurance,300,misfire,562.0,85.90539831694055,86.32204381850904,622.1717215245557,1525.6204608641672,65.9917199995167,35.3755577960132,6.0890816843570565,0.21551744834362124,12.906246553636656,20.627491667154704,0.6923478259664058,3000.0,-4.5,0.45,none,0.0,1787.0
endurance,300,misfire,563.0,85.72827842336984,85.76166116206574,624.8072933754227,1524.4494989763714,67.01727434290844,34.164272895547136,6.089045939346625,0.08166366922410853,12.95577860015917,20.11420351778781,0.6934299842361493,3000.0,-4.5,0.45,none,0.0,1786.0
endurance,300,misfire,564.0,85.555372185196,85.71890781368613,618.42646527784,1515.2445082200034,66.82147907824294,34.85103183698899,6.089021364651953,0.30736209221845384,12.895816425606869,19.801384629235326,0.6944863981248319,3000.0,-4.5,0.45,none,0.0,1785.0
endurance,300,misfire,565.0,85.38658036632998,85.74838652171965,624.5584534719095,1516.2374703931168,67.20266641623732,34.92820218016285,6.0890044695493675,0.17015894673830426,12.93143778597388,19.948300068201245,0.6955176739401487,3000.0,-4.5,0.45,none,0.0,1784.0
endurance,300,misfire,566.0,85.22180575312193,84.54338314630839,619.4934436803843,1517.562879937832,65.3695340160832,35.92288205861747,6.088992854166338,0.2478808587067166,13.01090287097482,19.770650558872468,0.6965244056331966,3000.0,-4.5,0.45,none,0.0,1783.0
endurance,300,misfire,567.0,85.0609532125594,84.40764482643061,624.2666668753383,1509.9734889027682,66.62093146336339,34.45519463008307,6.088984868590506,0.21527122530846834,12.975470793076624,20.161912435613488,0.6975071744428984,3000.0,-4.5,0.45,none,0.0,1782.0
endurance,300,misfire,568.0,84.903929715845,84.58841630338583,627.2913098684758,1515.377450567836,65.82410436631875,35.042505765265844,6.088979378507123,0.1530974538156132,12.969354525245965,20.061739294469447,0.6984665487519492,3000.0,-4.5,0.45,none,0.0,1781.0
endurance,300,misfire,569.0,84.75064433856373,84.73817700688038,625.3982679806336,1520.9041283025933,66.08886546516109,34.62174110460835,6.088975604074795,0.1407897036325373,12.915249039009026,19.7123390343429,0.6994030840857935,3000.0,-4.5,0.45,none,0.0,1780.0
endurance,300,misfire,570.0,84.60100824513776,84.45765823140256,620.4142932325793,1512.3838168993893,66.23197132493361,34.51565452151761,6.08897300915257,0.21352069666885942,12.974778001844903,19.866436980473665,0.7003173232076029,3000.0,-4.5,0.45,none,0.0,1779.0
endurance,300,misfire,571.0,84.45493466285147,84.4111518841815,615.5543398042341,1522.3140698908362,66.38314661256614,33.94331646243949,6.088971225143539,0.24135226819103467,12.909380186618812,20.247782824989073,0.7012097962769765,3000.0,-4.5,0.45,none,0.0,1778.0
endurance,300,misfire,572.0,84.31233884907029,84.11099732324692,623.5583119529331,1506.872892244473,66.08066474822668,34.75027833538402,6.088969998637332,0.22329688442253254,12.892341764380848,19.949940703216754,0.7020810210502262,3000.0,-4.5,0.45,none,0.0,1777.0
endurance,300,misfire,573.0,84.17313805413539,84.51772242243936,618.7313206386802,1512.6621464446537,65.71669989534915,34.293525273891504,6.088969155414315,0.17128346356340773,12.789225484791054,19.71581947537934,0.7029315031070796,3000.0,-4.5,0.45,none,0.0,1776.0
endurance,300,misfire,574.0,84.03725148163257,84.42472535298097,624.5327697360525,1510.8972013360901,66.09078330537038,33.74536032274988,6.088968575698489,0.22072757369474458,12.942431046302708,19.922557571905724,0.7037617360934287,3000.0,-4.5,0.45,none,0.0,1775.0
endurance,300,misfire,575.0,83.9046002471943,84.22363897032791,616.6386448324017,1517.7627412871936,66.37534195434256,33.31686104915263,6.08896817714386,0.23604211015241341,13.039583548672898,20.211739693064054,0.7045722019730379,3000.0,-4.5,0.45,none,0.0,1774.0
endurance,300,misfire,576.0,83.77510733662403,83.46719303217712,615.6528977071042,1521.6380730537203,65.73779679388282,34.56777753875579,6.088967903137552,0.20118198287631872,12.95207297671984,19.81957780645668,0.7053633712833947,3000.0,-4.5,0.45,none,0.0,1773.0
endurance,300,misfire,577.0,83.64869756387716,84.61352313911644,621.1601868384599,1525.083764605867,65.98954231217077,34.59078321013647,6.0889677147582155,0.27625213903224927,12.879777466223977,19.90118298763314,0.7061357033924348,3000.0,-4.5,0.45,none,0.0,1772.0
endurance,300,misfire,578.0,83.52529752925841,83.29986234250971,614.9914120454547,1523.2723245025359,66.60928814774911,33.60477784852225,6.088967585247423,0.27621100697459183,12.8623875644002,20.00305595098497,0.7068896467539467,3000.0,-4.5,0.45,none,0.0,1771.0
endurance,300,misfire,579.0,83.40483557807548,83.46848756088964,617.7452280536418,1516.6483853300015,66.04171361486034,34.39883064559574,6.088967496208751,0.17247212493292838,12.887946563861679,19.97108907637829,0.7076256391601866,3000.0,-4.5,0.45,none,0.0,1770.0
endurance,300,misfire,580.0,83.28724175990664,82.19226898616004,618.8602912096734,1516.4319365487022,65.98362272092584,34.54248373085394,6.0889674349946645,0.2273304405232957,12.86328862650256,19.719154227665808,0.7083441079907438,3000.0,-4.5,0.45,none,0.0,1769.0
endurance,300,misfire,581.0,83.17244778858333,83.83309679832514,616.7792988923618,1513.8953103595666,65.67470198293356,34.05021020747779,6.0889673929099795,0.19680538628039992,12.920333045580515,20.016004677624952,0.7090454704570364,3000.0,-4.5,0.45,none,0.0,1768.0
endurance,300,misfire,582.0,83.06038700295042,83.98310604000667,616.1409748595489,1525.9991335480365,66.45045340676238,34.3800086071226,6.088967363976759,0.25398449157669745,12.93430349173597,20.127895533317698,0.709730133842057,3000.0,-4.5,0.45,none,0.0,1767.0
endurance,300,misfire,583.0,82.95099432844033,83.0184227533572,620.0773999155979,1518.0882022733633,65.92877000480628,33.75743767042496,6.088967344085171,0.1303194178630115,12.91640480288389,19.925994915982574,0.7103984957351449,3000.0,-4.5,0.45,none,0.0,1766.0
endurance,300,misfire,584.0,82.84420623947926,83.12250004256745,616.3719292989595,1523.3838586067518,66.08708235254659,33.46286955019977,6.088967330409703,0.19884033485839922,12.93879495293746,19.986017580552033,0.7110509442616749,3000.0,-4.5,0.45,none,0.0,1765.0
endurance,300,misfire,585.0,82.73996072273162,82.42690141052903,614.1069483862932,1524.9703389095241,65.95639143938624,34.64062191242401,6.08896732100782,0.0692193704784341,12.871535587325779,19.732742669187054,0.7116878583076237,3000.0,-4.5,0.45,none,0.0,1764.0
endurance,300,misfire,586.0,82.63819724118039,82.37965218601073,615.0057979359827,1507.1589457704472,66.72608002998994,33.39144007676735,6.088967314544025,0.13257474727845642,12.826040090923224,19.86824558495906,0.7123096077390314,3000.0,-4.5,0.45,none,0.0,1763.0
endurance,300,misfire,587.0,82.5388566990359,81.3945996321744,621.6890371973401,1515.8551951518366,66.6208873971914,34.23584396184582,6.088967310100166,0.21218690178389885,12.816793915837291,20.200403711989754,0.7129165536163987,3000.0,-4.5,0.45,none,0.0,1762.0
endurance,300,misfire,588.0,82.44188140746161,82.31579727438941,619.6112861735969,1521.196898853764,65.50743355287116,34.007735336209215,6.088967307045014,0.2336567932726119,12.958254822045637,19.898647787035166,0.7135090484040947,3000.0,-4.5,0.45,none,0.0,1761.0
endurance,300,misfire,589.0,82.34721505110313,83.52351982719412,617.2453963837593,1523.8970174845374,65.56513169080692,34.383791659280995,6.088967304944595,0.1728993791942903,12.925558178571505,20.23062394366133,0.7140874361748559,3000.0,-4.5,0.45,none,0.0,1760.0
endurance,300,misfire,590.0,82.25480265540556,81.84700055029866,613.7976824939844,1517.252535558641,66.0115600822577,34.0968472387366,6.088967303500558,0.11330029404670096,12.895750790443168,20.112023591081567,0.7146520528094693,3000.0,-4.5,0.45,none,0.0,1759.0
endurance,300,misfire,591.0,82.16459055470285,81.63001812114959,616.2800674681962,1510.523170215047,66.62225087127159,32.86952816661459,6.088967302507783,0.22167192265525953,12.948267373175613,19.74798674899462,0.7152032261917376,3000.0,-4.5,0.45,none,0.0,1758.0
endurance,300,misfire,592.0,82.07652636106295,82.9023811945381,612.4394942141867,1514.9812453444415,66.13585600453078,34.06809781049224,6.088967301825248,0.21028514355595085,12.952104244698003,19.98125973743621,0.7157412763988289,3000.0,-4.5,0.45,none,0.0,1757.0
endurance,300,misfire,593.0,81.99055893387172,82.46132314420781,620.2931940379865,1517.9810548452192,65.82614524117409,33.738935659515654,6.088967301356006,0.18036837610015435,12.8806599439508,20.141268747762904,0.7162665158871105,3000.0,-4.5,0.45,none,0.0,1756.0
endurance,300,misfire,594.0,81.90663835013932,82.5640857586861,618.6782697062422,1521.4736837933256,66.76187613324747,33.22788285565629,6.088967301033402,0.1500701949386026,12.967907854316856,20.12666555065963,0.7167792496735697,3000.0,-4.5,0.45,none,0.0,1755.0
endurance,300,misfire,595.0,81.82471587551194,81.86806917469893,623.0743954455367,1519.6184075208448,65.9018787965579,34.17059406867907,6.088967300811614,0.10895779698317876,12.875469757627462,20.02197891691639,0.7172797755129243,3000.0,-4.5,0.45,none,0.0,1754.0
endurance,300,misfire,596.0,81.74474393597312,81.93040164752229,619.7567418111225,1523.2059889147693,66.91131151174677,32.30692147290441,6.0889673006591325,0.20262609626649725,13.015460357988426,20.120849390711015,0.7177683840705216,3000.0,-4.5,0.45,none,0.0,1753.0
endurance,300,misfire,597.0,81.66667609021798,80.97881232039019,618.7779296624551,1520.670303116099,66.2315744185558,32.70495176679727,6.088967300554303,0.13691693608007754,12.92969469326307,20.020234766765103,0.718245359091124,3000.0,-4.5,0.45,none,0.0,1752.0
endurance,300,misfire,598.0,81.59046700268487,81.22464324957085,610.907036236906,1521.244601118121,66.30920489579073,33.43633398355633,6.088967300482231,0.1069340779001994,12.941941841251529,20.085105925505957,0.7187109775636794,3000.0,-4.5,0.45,none,0.0,1751.0
endurance,300,misfire,599.0,81.51607241722887,82.37890747970869,611.3326431589468,1512.5081772239334,65.77136849596023,33.30970007402328,6.0889673004326825,0.2037485902083104,12.869075086486664,19.777630702633708,0.7191655098821692,3000.0,-4.5,0.45,none,0.0,1750.0
endurance,300,misfire,600.0,81.44344913142174,82.45278992991734,617.4962051240807,1520.3663321216193,66.07312571650608,33.90775816688294,6.088967300398618,0.1754435316947714,12.867938230353541,19.856565818835957,0.7196092200026293,3000.0,-4.5,0.45,none,0.0,1749.0
endurance,300,misfire,601.0,81.37255497146386,81.73576586935265,620.2658230990282,1524.2257432767656,65.31672306173398,33.68284685852806,6.088967300375199,0.21513332957466724,12.888653984518633,19.791641029670306,0.7200423655964321,3000.0,-4.5,0.45,none,0.0,1748.0
endurance,300,misfire,602.0,81.30334876769315,81.54013034769207,614.6246133116651,1520.3248620921584,65.89526604452722,33.42454038087641,6.088967300359097,0.16539211542827428,13.005412095256895,20.366933103544145,0.7204651981999202,3000.0,-4.5,0.45,none,0.0,1747.0
endurance,300,misfire,603.0,81.23579033067732,81.01794534977446,615.2599126845993,1516.4679037127953,65.5648992164283,31.85552335905654,6.088967300348027,0.18725414108703148,12.951833625014428,19.94035965160846,0.7208779633604775,3000.0,-4.5,0.45,none,0.0,1746.0
endurance,300,misfire,604.0,81.16984042787507,81.16813073364692,622.3182332830212,1515.5196861020374,66.28143774215073,32.80684792217102,6.088967300340418,0.2713566623937495,12.979213309052883,19.97213973672496,0.7212809007791235,3000.0,-4.5,0.45,none,0.0,1745.0
endurance,300,misfire,605.0,81.10546076085309,82.02492450321438,613.9145758404547,1521.1130288550394,65.41055763730519,34.08858991689062,6.088967300335185,0.19381106134465403,12.91061584471666,19.8196642604218,0.7216742444497111,3000.0,-4.5,0.45,none,0.0,1744.0
endurance,300,misfire,606.0,81.04261394304541,82.24382413932341,613.9733959010628,1522.5797458001216,66.03689637425398,32.77255341742532,6.088967300331589,0.23445441437672715,12.922605788071714,20.00751241846433,0.7220582227948116,3000.0,-4.5,0.45,none,0.0,1743.0
endurance,300,misfire,607.0,80.98126347804232,81.28529422950275,614.2354523198503,1519.2382625957853,65.75837330590728,33.19424293052538,6.088967300329116,0.20133753721716727,12.953798339709325,20.132530719977034,0.7224330587983643,3000.0,-4.5,0.45,none,0.0,1742.0
endurance,300,misfire,608.0,80.92137373839621,80.59325057873188,608.8427814093377,1511.327352760688,66.21695533666025,33.566599648563724,6.088967300327416,0.1906297770654496,12.954836500624465,19.841089375202372,0.7227989701351671,3000.0,-4.5,0.45,none,0.0,1741.0
endurance,300,misfire,609.0,80.86290994493199,80.82173106054006,619.0342340593254,1513.9248571983114,66.01769799354481,32.62261475869411,6.088967300326247,0.2259910561106818,12.962201652407323,20.081858008518445,0.7231561692972852,3000.0,-4.5,0.45,none,0.0,1740.0
endurance,300,misfire,610.0,80.80583814655013,80.7107712679396,611.5215424109756,1504.5478792295003,66.00218203677682,31.930359708621566,6.088967300325445,0.15413828876303776,12.905624510319608,20.14589512573477,0.7235048637174486,3000.0,-4.5,0.45,none,0.0,1739.0
endurance,300,misfire,611.0,80.75012520051062,80.56956141506083,611.021506901349,1524.4833015645982,67.45018879699862,32.988621678686485,6.0889673003248905,0.22544624605511732,12.993363838688511,20.05397974467655,0.7238452558895134,3000.0,-4.5,0.45,none,0.0,1738.0
endurance,300,misfire,612.0,80.69573875318629,80.7537834096119,614.1292977367369,1521.7811621628255,66.69608881265546,32.485314497530936,6.088967300324511,0.1737062789502563,12.959011318227978,19.954405783777883,0.7241775434860533,3000.0,-4.5,0.45,none,0.0,1737.0
endurance,300,misfire,613.0,80.6426472212744,81.14467769991003,619.2488056251937,1521.0594236185068,65.59991167689967,32.980910258232804,6.088967300324248,0.17060872079914594,12.96987901479114,20.29272091875449,0.724501919473152,3000.0,-4.5,0.45,none,0.0,1736.0
endurance,300,misfire,614.0,80.59081977345562,80.246895199893,615.4002685450002,1513.5596910450731,66.17711410207725,32.91490353958624,6.088967300324071,0.13604696834906022,12.914667967501511,19.69364921893615,0.7248185722224628,3000.0,-4.5,0.45,none,0.0,1735.0
endurance,300,misfire,615.0,80.54022631248965,80.74948468781882,614.4693736872522,1522.1428254717227,65.98793702788895,32.808870339229756,6.088967300323946,0.16151233673029064,12.829468590237894,20.001806401842494,0.7251276856205997,3000.0,-4.5,0.45,none,0.0,1734.0
endurance,300,misfire,616.0,80.49083745773714,80.37401427286132,614.1472162290576,1522.4725550208238,65.7494547497506,32.505697487376054,6.088967300323862,0.2192819964755536,12.967006394835737,20.016705876322366,0.7254294391759237,3000.0,-4.5,0.45,none,0.0,1733.0
endurance,300,misfire,617.0,80.44262452809778,81.0714635828998,615.1207945095878,1512.8033756191066,66.50112107339977,32.25613134816733,6.088967300323804,0.1773300982954208,12.903548183061744,19.86219156947379,0.7257240081227879,3000.0,-4.5,0.45,none,0.0,1732.0
endurance,300,misfire,618.0,80.3955595253546,80.474088881765,621.3356971093997,1525.704254869502,66.32116989723983,33.03369295155165,6.088967300323763,0.13525910189343232,13.014182619331939,19.820874105209214,0.7260115635232981,3000.0,-4.5,0.45,none,0.0,1731.0
endurance,300,misfire,619.0,80.34961511791482,80.25978247696409,612.4765448025728,1516.6944114022788,65.99440173669231,32.45990555315759,6.088967300323737,0.1579688767668989,12.890392340515787,20.14773125040602,0.7262922723666532,3000.0,-4.5,0.45,none,0.0,1730.0
endurance,300,misfire,620.0,80.30476462493789,80.0824738930386,614.9342953703205,1520.9475706136898,66.11964191341015,32.629016396982756,6.088967300323717,0.196786827121903,12.962826223396489,19.83213159337068,0.726566297666119,3000.0,-4.5,0.45,none,0.0,1729.0
endurance,300,misfire,621.0,80.26098200084135,80.13652754422867,617.9442421287768,1514.883737912656,66.28944487480061,31.83834747931233,6.088967300323704,0.19050298021044185,12.892540809184558,20.217506593496648,0.7268337985536928,3000.0,-4.5,0.45,none,0.0,1728.0
endurance,300,misfire,622.0,80.21824182017569,80.62475009062744,610.0570796857618,1522.7886730066668,65.41899195944491,33.25356571642691,6.088967300323695,0.268056615150093,12.949628894019526,20.22643975597986,0.7270949303725149,3000.0,-4.5,0.45,none,0.0,1727.0
endurance,300,misfire,623.0,80.17651926285922,79.91740242219699,609.9274494630235,1511.159924646773,66.29287217511543,32.24028698066956,6.08896730032369,0.27329391130956515,12.94828015279267,20.105021334682437,0.7273498447670792,3000.0,-4.5,0.45,none,0.0,1726.0
endurance,300,misfire,624.0,80.13579009976455,79.54854277465591,619.4640229969182,1514.485162842726,65.12346344277664,33.487715378531284,6.088967300323684,0.1921153975250443,12.882754612436994,20.101313301856184,0.7275986897712968,3000.0,-4.5,0.45,none,0.0,1725.0
endurance,300,misfire,625.0,80.09603067864833,79.12797865052546,611.9848582673142,1524.1437987954203,65.81228642158383,33.0605301454065,6.088967300323682,0.22201242014958647,12.944348502278162,19.936530269018494,0.7278416098944617,3000.0,-4.5,0.45,none,0.0,1724.0
endurance,300,misfire,626.0,80.05721791041583,80.39233691406432,611.7403022819357,1519.4825180522314,65.96279326034644,33.23862771185698,6.088967300323679,0.2145184096698911,12.944557107942803,20.157758853132673,0.7280787462051701,3000.0,-4.5,0.45,none,0.0,1723.0
endurance,300,misfire,627.0,80.01932925571268,80.2309678290017,610.5606877955669,1514.9894095619543,66.0895227219621,32.622270475055686,6.088967300323679,0.13387734362172904,12.926086396825676,19.709468685235006,0.7283102364132428,3000.0,-4.5,0.45,none,0.0,1722.0
endurance,300,misfire,628.0,79.98234271183578,79.94466306018248,611.8669751826831,1523.6212213229467,65.50079361794698,32.72822865782522,6.088967300323678,0.17501137277294262,12.884272374305876,19.87360819755317,0.7285362149496947,3000.0,-4.5,0.45,none,0.0,1721.0
endurance,300,misfire,629.0,79.94623679995597,79.88744763122746,613.4563839573229,1527.4108276328375,66.55306449282475,32.58905166213407,6.088967300323676,0.18624850982122937,12.889457931786808,19.662833783138353,0.7287568130448023,3000.0,-4.5,0.45,none,0.0,1720.0
endurance,300,misfire,630.0,79.91099055264472,80.10390918308144,612.8677866682324,1520.3394202032287,65.71619805822189,32.84092346316295,6.088967300323676,0.10088797809631458,12.886908209867851,19.63195273420029,0.7289721588043122,3000.0,-4.5,0.45,none,0.0,1719.0
endurance,300,misfire,631.0,79.87658350169802,80.00851840965544,620.1167324937804,1518.0931762858047,67.03843659436731,32.161743111717016,6.088967300323676,0.25526275795740855,12.927496534348313,19.8419819619117,0.7291823772838338,3000.0,-4.5,0.45,none,0.0,1718.0
endurance,300,misfire,632.0,79.84299566625005,79.54085535510046,617.6353894513917,1525.4403667833433,66.27399582971583,31.93765146339581,6.088967300323676,0.20555712495667475,12.98639856872561,20.226008457757295,0.729387590561462,3000.0,-4.5,0.45,none,0.0,1717.0
endurance,300,misfire,633.0,79.81020754116989,80.15424750464304,613.2006899312938,1515.2328337028268,66.01211382527147,32.7189108375085,6.088967300323676,0.22449262610098303,12.885377468316454,20.143904116095236,0.7295879178086706,3000.0,-4.5,0.45,none,0.0,1716.0
endurance,300,misfire,634.0,79.7782000857345,80.40839159987276,612.3961686359073,1521.3262487642044,65.74224997353345,32.42862262786698,6.088967300323676,0.2013144569911717,12.979702208668515,19.9682098804385,0.7297834753595169,3000.0,-4.5,0.45,none,0.0,1715.0
endurance,300,misfire,635.0,79.74695471257138,79.3140581826521,613.9160848173816,1516.0097920922626,67.0982123489091,32.32348625736788,6.088967300323676,0.12890925618777482,12.926920848862384,20.213484225753707,0.7299743767782003,3000.0,-4.5,0.45,none,0.0,1714.0
endurance,300,misfire,636.0,79.71645327686453,80.19297692259741,616.921355641762,1526.572083404102,65.95978986231759,32.535357599721635,6.088967300323676,0.2297077903275614,12.997068415044971,20.025968009190837,0.7301607329250103,3000.0,-4.5,0.45,none,0.0,1713.0
endurance,300,misfire,637.0,79.68667806581736,79.98729197916306,614.5669318148621,1518.6267747502043,67.49282468210056,32.112950781724926,6.088967300323676,0.13144726166017373,12.970474443061088,20.270370285716886,0.7303426520207057,3000.0,-4.5,0.45,none,0.0,1712.0
endurance,300,misfire,638.0,79.65761178836655,79.31162935952604,620.2691324058102,1520.881445406021,65.98726515657121,32.00367877119579,6.088967300323676,0.20281447999129915,12.952860567012669,19.900843709808584,0.7305202397093608,3000.0,-4.5,0.45,none,0.0,1711.0
endurance,300,misfire,639.0,79.62923756514076,78.8170968033325,609.0321284428567,1510.638564152023,66.42516123817313,32.79329316862716,6.088967300323676,0.20956080774893257,12.906519143286694,19.89542092765439,0.7306935991197145,3000.0,-4.5,0.45,none,0.0,1710.0
endurance,300,misfire,640.0,79.60153891865843,79.91967630823468,614.8211849440114,1524.4995830011324,66.18380668921903,32.23019945248717,6.088967300323676,0.27455697395399814,12.884317260388476,20.24528064999722,0.73086283092506,3000.0,-4.5,0.45,none,0.0,1709.0
endurance,300,misfire,641.0,79.57449976375902,78.31472303722846,614.8857779098812,1526.665626820432,66.96968994923611,31.508099888908465,6.088967300323676,0.2094891929026488,12.984297745110911,20.223282812297438,0.7310280334017065,3000.0,-4.5,0.45,none,0.0,1708.0
endurance,300,misfire,642.0,79.54810439826198,79.74124707149717,613.3613068475147,1520.295842636203,66.74413827776692,32.85641415774491,6.088967300323676,0.14776675171682277,12.97022997818984,20.135813828981444,0.7311893024860521,3000.0,-4.5,0.45,none,0.0,1707.0
endurance,300,misfire,643.0,79.52233749384821,79.32847849122624,618.5214974793342,1533.0281495801019,65.46667166839998,32.61819427760345,6.088967300323676,0.2163915095436757,12.877872479067802,19.999487184147938,0.7313467318302942,3000.0,-4.5,0.45,none,0.0,1706.0
endurance,300,misfire,644.0,79.49718408715857,78.79754433671147,612.9100281350245,1523.7178836036885,66.12740082649177,31.106549512517375,6.088967300323676,0.15882675723161668,13.001759540430754,19.903202836896956,0.7315004128568162,3000.0,-4.5,0.45,none,0.0,1705.0
endurance,300,misfire,645.0,79.4726295711044,79.91736318923014,613.2344174834637,1520.1526672327175,66.97097100731862,31.38915405031208,6.088967300323676,0.21739680450211202,12.975652014653633,19.998869267074998,0.7316504348112781,3000.0,-4.5,0.45,none,0.0,1704.0
endurance,300,misfire,646.0,79.44865968638486,78.59037054579107,612.6038452899339,1520.549927553727,66.02273306545189,32.565830901041345,6.088967300323676,0.20117904506551845,12.999054142474808,20.374583611999547,0.7317968848144434,3000.0,-4.5,0.45,none,0.0,1703.0
endurance,300,misfire,647.0,79.42526051320625,79.26583098206338,612.5898980563416,1522.8829106595729,66.6548666327776,31.008082292985772,6.088967300323676,0.21312307026338514,12.937701548230379,20.015672614472045,0.7319398479127714,3000.0,-4.5,0.45,none,0.0,1702.0
endurance,300,misfire,648.0,79.40241846319857,79.23493815239085,610.6538960246621,1532.447827460412,66.729096688957,32.42653366533478,6.088967300323676,0.21590024005241423,12.922988978923456,19.740989235441123,0.7320794071278058,3000.0,-4.5,0.45,none,0.0,1701.0
endurance,300,misfire,649.0,79.3801202715244,79.38770024356523,615.7019124843002,1521.610252353238,66.26052091552211,33.83202008894278,6.088967300323676,0.22026419834987473,12.94773017476933,20.027482331475436,0.7322156435043871,3000.0,-4.5,0.45,none,0.0,1700.0
endurance,300,misfire,650.0,79.35835298917581,79.13075121486631,615.7755662221127,1522.9706238479644,66.50933586252181,32.45438416275593,6.088967300323676,0.21204660394726368,12.928603722622018,20.016133301054282,0.7323486361577164,3000.0,-4.5,0.45,none,0.0,1699.0
endurance,300,misfire,651.0,79.33710397545457,80.3715387513791,615.3746048381206,1511.8831328615088,66.00194007988725,32.148440116772754,6.088967300323676,0.18942282927757684,12.919695068248751,19.88648799665457,0.7324784623192998,3000.0,-4.5,0.45,none,0.0,1698.0
endurance,300,misfire,652.0,79.31636089063144,79.01433211082842,615.1891536187895,1516.9918045065338,66.33423906576803,31.074303225732304,6.088967300323676,0.22937427188453907,12.965180047517027,20.181409241704348,0.7326051973817977,3000.0,-4.5,0.45,none,0.0,1697.0
endurance,300,misfire,653.0,79.2961116887803,79.02903233640966,612.5911575237211,1514.8078721341656,66.83995090958224,32.66089626358957,6.088967300323676,0.0974510425373098,12.94536440320859,19.68428938972925,0.7327289149428079,3000.0,-4.5,0.45,none,0.0,1696.0
endurance,300,misfire,654.0,79.27634461078276,79.44776732521444,622.3036346789706,1519.3343874917543,66.42012362174373,31.769552828587234,6.088967300323676,0.09520882897937291,12.86895351091691,19.761333335017458,0.7328496868476033,3000.0,-4.5,0.45,none,0.0,1695.0
endurance,300,misfire,655.0,79.25704817749944,78.8006910193409,612.946845928509,1514.1766307901707,66.65700356695771,31.45837627507109,6.088967300323676,0.20611078935777993,12.828814145057995,19.953084240220957,0.732967583230856,3000.0,-4.5,0.45,none,0.0,1694.0
endurance,300,misfire,656.0,79.23821118310381,79.60114928195057,616.3262766026049,1512.6812477973053,66.28511476789471,31.622551611512453,6.088967300323676,0.1757515071053178,12.967641510893703,19.937259824034378,0.7330826725573647,3000.0,-4.5,0.45,none,0.0,1693.0
endurance,300,misfire,657.0,79.21982268857475,79.44809645259808,615.6626237953477,1524.5481512450856,65.46659478102802,31.99757326856318,6.088967300323676,0.15714416852158983,12.995440732410662,19.99375473058861,0.7331950216618137,3000.0,-4.5,0.45,none,0.0,1692.0
endurance,300,misfire,658.0,79.20187201534401,78.94193614955921,613.0490672284051,1525.3861207714979,66.45631710461315,31.987839817440324,6.088967300323676,0.1584590249383016,12.882921027034792,20.069041439568657,0.7333046957875853,3000.0,-4.5,0.45,none,0.0,1691.0
endurance,300,misfire,659.0,79.18434873909494,78.94267815718277,612.6007212538467,1519.3064001882483,66.25119563540187,32.05886336520522,6.088967300323676,0.18081241413216798,12.84055967200126,19.943646123516306,0.733411758624648,3000.0,-4.5,0.45,none,0.0,1690.0
endurance,300,misfire,660.0,79.16724268370895,78.88602714369759,609.4430354409211,1520.9733051909113,66.45366396411906,31.428619388016752,6.088967300323676,0.27681186280639536,12.967017544508806,20.364243063688214,0.7335162723465425,3000.0,-4.5,0.45,none,0.0,1689.0
endurance,300,misfire,661.0,79.15054391535595,79.73715759971458,614.4417969982392,1519.0345249282086,65.79265205865401,31.154151330515393,6.088967300323676,0.23056272474145892,12.87575295286133,20.29830659998757,0.7336182976464872,3000.0,-4.5,0.45,none,0.0,1688.0
endurance,300,misfire,662.0,79.13424273672565,79.16194445539047,611.44218373738,1524.9259897989048,66.21864717489684,32.66182814520402,6.088967300323676,0.1228661157371564,12.973113812870473,19.861754257979666,0.7337178937726236,3000.0,-4.5,0.45,none,0.0,1687.0
endurance,300,misfire,663.0,79.11832968139608,79.54294588045688,615.3690945101181,1517.377569196809,65.24188734182006,31.12293030800465,6.088967300323676,0.1813629543301408,12.854072124354184,20.089468493613502,0.7338151185624237,3000.0,-4.5,0.45,none,0.0,1686.0
endurance,300,misfire,664.0,79.10279550833626,79.81792926201916,607.1641696733683,1514.2055763142405,66.12213761345778,31.7233592816452,6.088967300323676,0.18543210210082814,12.860499043349234,20.10104797457742,0.7339100284762758,3000.0,-4.5,0.45,none,0.0,1685.0
endurance,300,misfire,665.0,79.08763119653976,78.8720752127217,610.3938097295131,1512.6350225376393,66.15274745993166,32.05961355762715,6.088967300323676,0.1794771209873743,13.036616310717834,19.903981092787127,0.7340026786302745,3000.0,-4.5,0.45,none,0.0,1684.0
endurance,300,misfire,666.0,79.07282793978604,79.46849784632408,618.9285447523691,1513.6458492876309,65.52876051063573,31.071269478740337,6.088967300323676,0.18251692251487023,12.950575288061959,19.920886777748386,0.7340931228282256,3000.0,-4.5,0.45,none,0.0,1683.0
endurance,300,misfire,667.0,79.05837714152645,79.82164865621898,612.9799617177144,1512.5594498043247,66.35320693004027,32.272209000613984,6.088967300323676,0.17078301560229076,12.943634278296475,19.99894323778843,0.7341814135928921,3000.0,-4.5,0.45,none,0.0,1682.0
endurance,300,misfire,668.0,79.04427040989209,79.05368369332,613.7056511966531,1524.8998318651372,66.0012263347658,32.44096040770666,6.088967300323676,0.13376683034942527,12.927524172792532,19.555192599096436,0.7342676021964951,3000.0,-4.5,0.45,none,0.0,1681.0
endurance,300,misfire,669.0,79.03049955282046,79.3750770327643,612.6411265678288,1516.415172680845,66.50851326379983,31.26777592263483,6.088967300323676,0.19407053273746885,12.948264161818054,19.739268522582815,0.7343517386904885,3000.0,-4.5,0.45,none,0.0,1680.0
endurance,300,misfire,670.0,79.01705657329815,78.64497026944142,608.8585419827217,1520.2064176805877,65.48211182501761,31.75038852657521,6.088967300323676,0.2818634901680565,12.87029384359361,19.760953053976657,0.734433871934625,3000.0,-4.5,0.45,none,0.0,1679.0
endurance,300,misfire,671.0,79.00393366471684,79.15369640242035,614.9850369174387,1519.1269826807938,65.87798083932704,31.93089695669808,6.088967300323676,0.14507951396632768,12.893590871269975,19.98161545654574,0.7345140496253296,3000.0,-4.5,0.45,none,0.0,1678.0
endurance,300,misfire,672.0,78.99112320633985,78.56676635990294,612.5845533811444,1518.8677179484641,66.07584426415775,31.893787089501586,6.088967300323676,0.2302420959602037,12.951939766313865,20.01665294515784,0.7345923183233984,3000.0,-4.5,0.45,none,0.0,1677.0
endurance,300,misfire,673.0,78.9786177588766,79.898616684656,619.1983175655724,1513.8492764551604,66.2464125506735,32.174707790885705,6.088967300323676,0.15891744725054374,12.990799709981026,19.75565456849513,0.7346687234810371,3000.0,-4.5,0.45,none,0.0,1676.0
endurance,300,misfire,674.0,78.96641006016247,77.95872659123572,611.501743741028,1514.8897364909697,66.34006502316555,31.85107211378696,6.088967300323676,0.1314155999930949,12.93477990584039,20.00389839918331,0.7347433094682556,3000.0,-4.5,0.45,none,0.0,1675.0
endurance,300,misfire,675.0,78.95449302094154,79.58157594042578,612.8266128949157,1520.2614874190422,65.99258505093647,31.737064492036005,6.088967300323676,0.20594219109471826,12.898845253466105,19.725491250438758,0.7348161195986357,3000.0,-4.5,0.45,none,0.0,1674.0
endurance,300,misfire,676.0,78.94285972074968,78.62785968624782,613.6903736629328,1528.178415929093,65.98863920087723,31.466543158261825,6.088967300323676,0.144476711235984,12.8180060451869,20.005653432084255,0.734887196154483,3000.0,-4.5,0.45,none,0.0,1673.0
endurance,300,misfire,677.0,78.93150340389572,78.6306614188968,611.0796392780554,1522.374817280055,66.6885161460301,31.295607955419616,6.088967300323676,0.23004938232546704,12.95410824492733,19.73392476458972,0.7349565804113815,3000.0,-4.5,0.45,none,0.0,1672.0
endurance,300,misfire,678.0,78.92041747553829,79.57524759597413,610.4833805289363,1515.4960975205436,66.19938287392884,31.31733393182924,6.088967300323676,0.15114082355391506,12.857469884880812,20.315923127503122,0.7350243126621632,3000.0,-4.5,0.45,none,0.0,1671.0
endurance,300,misfire,679.0,78.90959549785603,78.85811179978882,615.698175674448,1524.0183917261202,66.25906176200296,30.41702100663484,6.088967300323676,0.1209178635771033,12.985892870560043,19.9864301146878,0.7350904322403073,3000.0,-4.5,0.45,none,0.0,1670.0
endurance,300,misfire,680.0,78.89903118630906,79.09359414591923,618.8225538218959,1515.706325942079,65.99328575428636,32.61538652056067,6.088967300323676,0.24113413888630078,12.966534582951306,20.325885185368755,0.7351549775427815,3000.0,-4.5,0.45,none,0.0,1669.0
endurance,300,misfire,681.0,78.8887184059894,79.01216409032497,609.6051049458557,1515.4534216019,66.00633676763952,30.92264365054901,6.088967300323676,0.2916218243230694,12.896503613547832,20.033651915790077,0.7352179860523396,3000.0,-4.5,0.45,none,0.0,1668.0
endurance,300,misfire,682.0,78.8786511680583,78.98492689548775,611.0762194673391,1512.797936220256,66.2196033366926,31.50913900025451,6.088967300323676,0.22989176072328535,12.94189386721971,19.94766318082656,0.7352794943592891,3000.0,-4.5,0.45,none,0.0,1667.0
endurance,300,misfire,683.0,78.86882362626842,79.19507526371994,609.2102136134267,1521.7673100422846,67.197396748355,31.789628493359828,6.088967300323676,0.2964914936533238,12.923226749597049,19.54724314321891,0.7353395381827399,3000.0,-4.5,0.45,none,0.0,1666.0
endurance,300,misfire,684.0,78.85923007356878,78.04905637447452,613.0008419918466,1516.94795002516,66.33238221529916,31.606150394342414,6.088967300323676,0.19035524976871787,12.915487159802366,19.816622214304907,0.7353981523913464,3000.0,-4.5,0.45,none,0.0,1665.0
endurance,300,misfire,685.0,78.84986493879056,79.22827938394029,614.200291558952,1519.947503746498,67.40858844061356,31.746001496881433,6.088967300323676,0.22993103861570038,12.95761627881171,20.153877611449047,0.7354553710235576,3000.0,-4.5,0.45,none,0.0,1664.0
endurance,300,misfire,686.0,78.84072278341182,77.88696623890166,613.1852009006074,1524.854799076101,66.87789234700426,31.245841225262282,6.088967300323676,0.21168365660149185,12.949280245435068,19.966484083166794,0.7355112273073829,3000.0,-4.5,0.45,none,0.0,1663.0
endurance,300,misfire,687.0,78.83179829839924,80.07274477088806,610.4765823388313,1506.3381143746535,65.98468913486654,31.59700628923414,6.088967300323676,0.13810332406231993,12.876921690353019,19.81417031965222,0.7355657536796886,3000.0,-4.5,0.45,none,0.0,1662.0
endurance,300,misfire,688.0,78.82308630112504,79.4551584935605,611.5448068546954,1525.1013935426497,66.35344277733476,31.373583328025223,6.088967300323676,0.19322588294772883,12.924841507748607,20.177616748762556,0.7356189818050345,3000.0,-4.5,0.45,none,0.0,1661.0
endurance,300,misfire,689.0,78.81458173235738,78.97950711108373,613.6583949329676,1519.9011011307873,65.329387246825,31.63032211024696,6.088967300323676,0.1326979505578053,12.865371316275263,19.985140431597507,0.7356709425940628,3000.0,-4.5,0.45,none,0.0,1660.0
endurance,300,misfire,690.0,78.80627965332229,78.58211196187447,609.9043084208388,1511.419341705729,65.25220202630413,31.68146901820623,6.088967300323676,0.16355805580067362,12.869738241849255,19.868489668919803,0.7357216662214474,3000.0,-4.5,0.45,none,0.0,1659.0
endurance,300,misfire,691.0,78.79817524283565,78.31487639679705,610.015875331872,1524.743047471268,66.62370063847055,30.896909259368964,6.088967300323676,0.2147209919450756,12.869387387076467,20.118157485056983,0.7357711821434182,3000.0,-4.5,0.45,none,0.0,1658.0
endurance,300,misfire,692.0,78.79026379450346,78.58108538736552,615.2048433723127,1524.8749586400031,66.7117385343444,30.512933817194874,6.088967300323676,0.1516129323063134,12.993606307133845,19.73824013201689,0.7358195191148658,3000.0,-4.5,0.45,none,0.0,1657.0
endurance,300,misfire,693.0,78.7825407139887,78.6832318594054,617.2724924890643,1525.0669638550796,67.29363579544817,32.3475862456513,6.088967300323676,0.1221207880533488,12.890780025745856,19.928886044919157,0.7358667052060409,3000.0,-4.5,0.45,none,0.0,1656.0
endurance,300,misfire,694.0,78.77500151634332,78.66572677691336,613.8667097057829,1517.5975390574756,66.06158908942868,30.559911621179616,6.088967300323676,0.19093544492062234,12.94829303354021,19.798501429567168,0.7359127678188546,3000.0,-4.5,0.45,none,0.0,1655.0
endurance,300,misfire,695.0,78.7676418234038,78.98862128194543,615.8283001388362,1527.1335178386191,67.37292845391042,31.245199044873058,6.088967300323676,0.17600796276087494,12.964692070923276,20.2274019183492,0.7359577337027918,3000.0,-4.5,0.45,none,0.0,1654.0
endurance,300,misfire,696.0,78.76045736124856,78.89536301210357,618.705112004475,1506.2601539013506,66.56382755210888,31.69260732516409,6.088967300323676,0.264714155984011,12.85409717277059,19.955976156134763,0.736001628970445,3000.0,-4.5,0.45,none,0.0,1653.0
endurance,300,misfire,697.0,78.75344395771604,79.03181578804771,615.1361883223484,1523.734092609759,66.33655064360296,31.515540829716734,6.088967300323676,0.2455985011900837,12.959500030704474,20.377345738296132,0.7360444791126777,3000.0,-4.5,0.45,none,0.0,1652.0
endurance,300,misfire,698.0,78.74659753998193,78.47003073077165,615.6927487789744,1518.7527704190727,66.32727097657107,31.390858683552135,6.088967300323676,0.23610195186163097,12.875171673621226,19.958547313744383,0.7360863090134286,3000.0,-4.5,0.45,none,0.0,1651.0
endurance,300,misfire,699.0,78.73991413219387,78.62116353376085,614.4955026330128,1510.7966037599833,66.82779272853074,31.449970075831867,6.088967300323676,0.17877527184075898,12.946216706155457,19.78471188407809,0.7361271429641618,3000.0,-4.5,0.45,none,0.0,1650.0
endurance,300,misfire,700.0,78.73338985316268,78.63479035091123,609.8354784329779,1517.7740661957414,66.91248356563177,30.989033931641377,6.088967300323676,0.19504949108212757,12.989145245052809,20.02978004889486,0.7361670046779726,3000.0,-4.5,0.45,none,0.0,1649.0
endurance,300,misfire,701.0,78.72702091410841,78.88906833043225,613.972913733996,1508.3934561569451,66.13921482722816,30.016849939906493,6.088967300323676,0.19381309172461134,12.980526418395401,19.762234209468573,0.7362059173033595,3000.0,-4.5,0.45,none,0.0,1648.0
endurance,300,misfire,702.0,78.72080361646019,78.7548796940101,613.3367799082256,1518.166132209602,66.03927345768848,31.306391639558864,6.088967300323676,0.2769705179408888,12.812966398503194,19.879899155472508,0.7362439034376657,3000.0,-4.5,0.45,none,0.0,1647.0
endurance,300,misfire,703.0,78.71473434970837,78.43064227039046,608.5494836881633,1519.0843443994597,65.82318292179075,31.87626225150549,6.088967300323676,0.14188455440720998,12.975276643797715,20.02486848194476,0.7362809851402026,3000.0,-4.5,0.45,none,0.0,1646.0
endurance,300,misfire,704.0,78.70880958930778,79.30426640762107,611.0996314773621,1518.7846248906035,65.44358515109944,31.434058602605578,6.088967300323676,0.13543415134654013,12.92099496475057,19.86557834870734,0.7363171839450602,3000.0,-4.5,0.45,none,0.0,1645.0
endurance,300,misfire,705.0,78.70302589463101,78.46258313769192,613.0168240711794,1514.3344067643739,66.1709922853625,31.44069592633937,6.088967300323676,0.2011264758409254,12.941937279223028,19.854480832727535,0.7363525208736115,3000.0,-4.5,0.45,none,0.0,1644.0
endurance,300,misfire,706.0,78.69737990697035,78.60942045754466,614.4543025402929,1519.0087493715744,66.44319894280933,31.55834291303462,6.088967300323676,0.20049495310290358,12.87478938164648,20.233651526050416,0.7363870164467211,3000.0,-4.5,0.45,none,0.0,1643.0
endurance,300,misfire,707.0,78.69186834758733,79.67639172362624,612.3147804114292,1516.3747554523077,65.7658591185859,31.481800743324495,6.088967300323676,0.21391171640130693,12.99174520035126,20.047175275691586,0.7364206906966616,3000.0,-4.5,0.45,none,0.0,1642.0
endurance,300,misfire,708.0,78.68648801580866,78.39037165394977,614.5256521623149,1517.7115632092234,66.06112003273978,30.96907883655381,6.088967300323676,0.19031761240140077,12.955739482525733,20.01196268454275,0.7364535631787463,3000.0,-4.5,0.45,none,0.0,1641.0
endurance,300,misfire,709.0,78.68123578716758,78.35384454361187,614.2575310592265,1525.6349501870604,65.83315454161851,31.523007190861986,6.088967300323676,0.26234980084240145,12.91687943159875,19.83792120082788,0.7364856529826862,3000.0,-4.5,0.45,none,0.0,1640.0
endurance,300,misfire,710.0,78.67610861158938,79.4048044966322,610.4776830048643,1515.566325109551,66.44064220870987,30.654993760162224,6.088967300323676,0.16121735759489808,12.921518200009016,19.71673123219209,0.7365169787436749,3000.0,-4.5,0.45,none,0.0,1639.0
endurance,300,misfire,711.0,78.67110351162019,78.52376426754148,612.1635999624777,1518.0847062717144,65.98904592540138,31.26939678719812,6.088967300323676,0.22030758328758246,12.867450895002877,20.172448631498746,0.7365475586532118,3000.0,-4.5,0.45,none,0.0,1638.0
endurance,300,misfire,712.0,78.66621758069789,78.2809273331803,614.8267422907157,1518.771135362302,66.63491199365396,30.329295554514903,6.088967300323676,0.16085747667930128,12.881023776529704,19.977834441840752,0.7365774104696643,3000.0,-4.5,0.45,none,0.0,1637.0
endurance,300,misfire,713.0,78.6614479814642,79.76377985198752,611.3654066286431,1526.421835568292,65.83794539993717,31.64673678339046,6.088967300323676,0.17353655127733544,12.941037373778961,20.104339731058847,0.7366065515285823,3000.0,-4.5,0.45,none,0.0,1636.0
endurance,300,misfire,714.0,78.65679194411705,78.77369069968995,611.7105441722754,1512.3978859741037,65.12874546806238,31.74849757538927,6.088967300323676,0.21812461572790987,12.9132730899253,20.388188611170378,0.7366349987527643,3000.0,-4.5,0.45,none,0.0,1635.0
endurance,300,misfire,715.0,78.65224676480196,78.78841474289675,612.2557439703364,1522.0676722291055,65.96052638320006,30.83659759685003,6.088967300323676,0.20684233820070072,12.921622044242122,20.327842599306972,0.7366627686620846,3000.0,-4.5,0.45,none,0.0,1634.0
endurance,300,misfire,716.0,78.647809804042,78.6945960456291,616.6296172785682,1518.1322492301258,65.80053413838691,30.540248363560384,6.088967300323676,0.14745387234228474,12.923979962212869,20.25680607280886,0.7366898773830877,3000.0,-4.5,0.45,none,0.0,1633.0
endurance,300,misfire,717.0,78.6434784852049,78.37299390340048,612.5416994516065,1521.1515722534584,65.19730804402994,31.436733803807662,6.088967300323676,0.18301147566666398,12.926928538566415,19.99168517803704,0.7367163406583527,3000.0,-4.5,0.45,none,0.0,1632.0
endurance,300,misfire,718.0,78.63925029300677,78.47835359109469,612.2567950077542,1526.8284957587493,66.70323300606714,31.045467527357587,6.088967300323676,0.3317881367305846,12.892468120562771,20.122749850096273,0.7367421738556352,3000.0,-4.5,0.45,none,0.0,1631.0
endurance,300,misfire,719.0,78.63512277205145,79.51182364496236,614.060775262684,1527.0477142887505,66.43705549157869,32.254209574274,6.088967300323676,0.21782580178488006,13.01464938818754,19.85948198102685,0.736767391976792,3000.0,-4.5,0.45,none,0.0,1630.0
endurance,300,misfire,720.0,78.63109352540458,79.16370098594957,612.2944200446916,1514.511794041004,66.04784847587678,31.576036601994993,6.088967300323676,0.20030969417257344,13.014268759226708,19.844985885591814,0.7367920096664926,3000.0,-4.5,0.45,none,0.0,1629.0
endurance,300,misfire,721.0,78.62716021320169,78.38388856566917,618.6970114911924,1515.8206776750803,66.95016821038307,31.70228081051551,6.088967300323676,0.14400621592752796,12.85788341550275,20.12961307656924,0.7368160412207243,3000.0,-4.5,0.45,none,0.0,1628.0
endurance,300,misfire,722.0,78.62332055128935,78.6345054808232,611.1605217703938,1518.8117808676338,65.81237874248492,30.706281953929405,6.088967300323676,0.17808394132538613,12.962610348712127,19.829932407793667,0.7368395005950932,3000.0,-4.5,0.45,none,0.0,1627.0
endurance,300,misfire,723.0,78.61957230989873,77.65731358354724,612.1941712650096,1520.4465335513091,65.58224574346603,30.819343345186947,6.088967300323676,0.2767780428898757,12.91921230265059,19.790461349228117,0.7368624014129295,3000.0,-4.5,0.45,none,0.0,1626.0
endurance,300,misfire,724.0,78.61591331235074,77.64461313286938,612.0884998811999,1516.9699426886825,66.69660676978617,30.44457043134905,6.088967300323676,0.1968348238825694,12.891520030390856,20.02759354129004,0.7368847569731984,3000.0,-4.5,0.45,none,0.0,1625.0
endurance,300,misfire,725.0,78.612341433792,78.51162821174428,620.425987426594,1524.3630169165651,66.74064268722853,31.08965438159035,6.088967300323676,0.19481991313647376,12.920467779269227,20.06186031447348,0.7369065802582226,3000.0,-4.5,0.45,none,0.0,1624.0
endurance,300,misfire,726.0,78.60885459996084,79.1752011823316,609.7298701176467,1523.127993817343,66.32899659535808,31.066955704769892,6.088967300323676,0.08351106714586597,12.902921698492335,20.07050058577308,0.7369278839412226,3000.0,-4.5,0.45,none,0.0,1623.0
endurance,300,misfire,727.0,78.6054507859828,78.8420329461039,607.1250563445304,1523.5825761976246,65.49554733309179,31.230794148545538,6.088967300323676,0.1664708555161438,12.924923865830962,20.355517474236663,0.7369486803936749,3000.0,-4.5,0.45,none,0.0,1622.0
endurance,300,misfire,728.0,78.60212801519471,77.84680748628627,611.3791349935107,1511.383228718457,65.80974248954664,31.595886600410044,6.088967300323676,0.16498573473927222,12.914144243215762,20.12331149190006,0.7369689816924974,3000.0,-4.5,0.45,none,0.0,1621.0
endurance,300,misfire,729.0,78.59888435799682,78.75562945627314,617.5541635240622,1514.2070995050187,66.05562667790909,31.567987396787476,6.088967300323676,0.1544933491062384,12.957913591788458,19.834744446588534,0.7369887996270621,3000.0,-4.5,0.45,none,0.0,1620.0
endurance,300,misfire,730.0,78.59571793073222,79.132272958706,611.5728014545363,1523.4642782298752,65.3250967634585,30.78349723324545,6.088967300323676,0.21733120031136954,12.873080040137822,20.162466439520685,0.7370081457060421,3000.0,-4.5,0.45,none,0.0,1619.0
endurance,300,misfire,731.0,78.59262689459297,77.44573090765512,614.2867040521362,1524.9350949518844,65.79283876668458,29.51319521963876,6.088967300323676,0.20118201114543974,12.860159391665324,20.074483042248016,0.737027031164094,3000.0,-4.5,0.45,none,0.0,1618.0
endurance,300,misfire,732.0,78.58960945455226,78.70159859485507,612.8829258672968,1522.0187489574341,65.92614976596879,30.44266191761201,6.088967300323676,0.17648927494801633,12.901882944664983,19.973307388330543,0.7370454669683826,3000.0,-4.5,0.45,none,0.0,1617.0
endurance,300,misfire,733.0,78.58666385832205,78.08140679659878,610.2285557044994,1514.9676227189339,65.43749771838083,31.25039028725996,6.088967300323676,0.13696960865071536,12.900684115181273,19.804848589154116,0.73706346382495,3000.0,-4.5,0.45,none,0.0,1616.0
endurance,300,misfire,734.0,78.58378839533542,78.56140909725073,611.4122938600902,1515.1524955976513,65.99597150111053,32.08648439211729,6.088967300323676,0.20249310066940487,12.868046919406027,19.714754069169,0.7370810321849328,3000.0,-4.5,0.45,none,0.0,1615.0
endurance,300,misfire,735.0,78.58098139575323,78.04967178799689,610.1637227661641,1524.4231400466506,66.5239751031901,30.880116334107395,6.088967300323676,0.2065604302494094,12.967169222354238,19.85821821732061,0.7370981822506301,3000.0,-4.5,0.45,none,0.0,1614.0
endurance,300,misfire,736.0,78.57824122949442,79.61244441667468,612.1361960715365,1524.774678875275,66.52151104830645,30.474902579437437,6.088967300323676,0.17881036388128796,12.909999860381763,20.018671840158504,0.7371149239814297,3000.0,-4.5,0.45,none,0.0,1613.0
endurance,300,misfire,737.0,78.5755663052894,79.43348189251098,614.6006695035126,1509.16312983724,66.37658990213654,31.015767407893815,6.088967300323676,0.20492002296514222,12.891891626293717,20.141138282117257,0.7371312670995914,3000.0,-4.5,0.45,none,0.0,1612.0
endurance,300,misfire,738.0,78.57295506975592,78.25478153859073,615.2848962309281,1515.8485227980384,67.31704301270058,30.8967549212793,6.088967300323676,0.19615208291964326,12.916361884169989,19.51908449530307,0.737147221095892,3000.0,-4.5,0.45,none,0.0,1611.0
endurance,300,misfire,739.0,78.57040600649705,79.44565733594425,613.3278074762493,1519.6430250296164,65.82686332829772,31.970927119434883,6.088967300323676,0.29538433224276656,12.898134281056324,20.169026996251198,0.7371627952351378,3000.0,-4.5,0.45,none,0.0,1610.0
endurance,300,misfire,740.0,78.56791763522054,78.49649257977268,610.8707192952401,1524.7948996679763,66.09054861175167,30.266107488055443,6.088967300323676,0.23803533766822033,12.91021889316196,20.127363473341074,0.7371779985615446,3000.0,-4.5,0.45,none,0.0,1609.0
endurance,300,misfire,741.0,78.56548851087918,78.59939229906824,613.50484240841,1520.2929461689848,66.82235828325307,30.869799903866436,6.088967300323676,0.15374627537796787,12.92724364637969,19.989388036281063,0.7371928399039893,3000.0,-4.5,0.45,none,0.0,1608.0
endurance,300,misfire,742.0,78.56311722283166,77.84006561763316,613.3557430957477,1526.0668046337096,66.754037116688,30.94071080068221,6.088967300323676,0.1467184127158006,12.85843457096653,19.6267392253877,0.7372073278811375,3000.0,-4.5,0.45,none,0.0,1607.0
endurance,300,misfire,743.0,78.56080239402337,79.24806481804474,615.9284275060028,1522.5370534349943,66.73364487567116,30.55950271189534,6.088967300323676,0.16685307323242737,13.034721679513314,19.941317364475385,0.7372214709064491,3000.0,-4.5,0.45,none,0.0,1606.0
endurance,300,misfire,744.0,78.5585426801867,78.85742310283096,614.2285419510282,1517.8924551386451,66.77506834166354,30.304744865655007,6.088967300323676,0.16037156844429948,12.856989591992043,19.958591320529134,0.7372352771930626,3000.0,-4.5,0.45,none,0.0,1605.0
endurance,300,misfire,745.0,78.55633676906044,78.72079940150022,613.6918253856312,1521.296554901618,66.16924295848443,31.26617441149324,6.088967300323676,0.16396777337377327,12.848416678404954,20.213763325667465,0.7372487547585662,3000.0,-4.5,0.45,none,0.0,1604.0
endurance,300,misfire,746.0,78.55418337962764,78.55633642018377,612.3129069231748,1524.270093389783,66.46243660269874,30.545384519361274,6.088967300323676,0.23723442550719873,12.939068595438277,19.685846199044104,0.7372619114296532,3000.0,-4.5,0.45,none,0.0,1603.0
endurance,300,misfire,747.0,78.55208126137182,78.44826445368255,613.591747031643,1517.1608798979082,66.36237047049985,30.606636858641515,6.088967300323676,0.1940889196405767,12.902216366217086,19.946588096646963,0.7372747548466668,3000.0,-4.5,0.45,none,0.0,1602.0
endurance,300,misfire,748.0,78.55002919355067,78.1467156133704,610.3886368386818,1518.8901785873427,65.89186248623605,31.048266915099685,6.088967300323676,0.2371772303909272,13.006138866431229,20.104996752389585,0.737287292468037,3000.0,-4.5,0.45,none,0.0,1601.0
endurance,300,misfire,749.0,78.54802598448717,78.51229630005066,613.8751588226334,1521.3235076087228,66.0181466439646,31.268441246022117,6.088967300323676,0.1451299589809691,12.923553796232524,19.803814052582354,0.7372995315746128,3000.0,-4.5,0.45,none,0.0,1600.0
endurance,300,misfire,750.0,78.54607047087755,79.13191317033441,615.9720960547512,1518.8200690305312,65.94959788222938,30.5223899071921,6.088967300323676,0.20349546086629566,12.970512682848723,19.96544871025039,0.7373114792738891,3000.0,-4.5,0.45,none,0.0,1599.0
endurance,300,misfire,751.0,78.54416151711578,79.64879564883364,610.883467547966,1519.574767895183,66.3800549095578,30.778638822658632,6.088967300323676,0.17470846269372148,12.931963512207409,20.13308049655027,0.7373231425041351,3000.0,-4.5,0.45,none,0.0,1598.0
endurance,300,misfire,752.0,78.54229801463406,78.82391785446212,610.194569458442,1514.3070993975027,65.87224209194851,30.747879534082863,6.088967300323676,0.19759141531739552,12.918837903742705,19.786975346759654,0.7373345280384229,3000.0,-4.5,0.45,none,0.0,1597.0
endurance,300,misfire,753.0,78.54047888125903,78.541135024741,613.5818863178786,1518.6955025547077,65.65294773459551,31.335775307641804,6.088967300323676,0.14617292250762076,12.944073395531554,20.271662530082963,0.7373456424885609,3000.0,-4.5,0.45,none,0.0,1596.0
endurance,300,misfire,754.0,78.53870306058343,78.74653976132575,613.9460658823201,1519.9050380746382,66.39906558231223,31.325344202204885,6.088967300323676,0.15384893206103112,12.96926838994335,20.046220839064926,0.7373564923089337,3000.0,-4.5,0.45,none,0.0,1595.0
endurance,300,misfire,755.0,78.53696952135247,79.33316184496616,614.8366913457112,1513.465218972668,66.64969987961223,31.271526113600437,6.088967300323676,0.13907594971788578,12.838122881544216,19.89618421068521,0.73736708380025,3000.0,-4.5,0.45,none,0.0,1594.0
endurance,300,misfire,756.0,78.53527725686511,78.30411253527909,610.2992667979634,1518.4139111016943,65.9593378301359,29.851356743732207,6.088967300323676,0.23634938561260344,12.879587922221113,20.296018588589508,0.7373774231132016,3000.0,-4.5,0.45,none,0.0,1593.0
endurance,300,misfire,757.0,78.53362528438936,78.88283106152494,608.3724693765583,1514.6077542031042,66.78101724787498,31.13399234273956,6.088967300323676,0.10533922008083775,12.993964136401921,19.76299947161806,0.7373875162520354,3000.0,-4.5,0.45,none,0.0,1592.0
endurance,300,misfire,758.0,78.5320126445916,78.95487310971535,605.616611907827,1523.6946195966548,66.43320886455949,31.069345482341504,6.088967300323676,0.13360834809760092,12.905275279071134,19.99791352135113,0.7373973690780398,3000.0,-4.5,0.45,none,0.0,1591.0
endurance,300,misfire,759.0,78.5304384009795,78.62413140895828,616.0085775609381,1523.44244920442,66.36150547244466,31.138229497751862,6.088967300323676,0.2189185875741286,12.895013298509646,19.711117920672486,0.7374069873129487,3000.0,-4.5,0.45,none,0.0,1590.0
endurance,300,misfire,760.0,78.52890163935817,79.12265493774751,613.4272667691032,1527.8207885767752,66.85995335451736,30.102739949704826,6.088967300323676,0.18753868433216372,12.977830964453304,20.123585582232007,0.7374163765422648,3000.0,-4.5,0.45,none,0.0,1589.0
endurance,300,misfire,761.0,78.52740146729924,78.55840184205154,617.2306761232821,1525.3956415519685,65.79779306869602,31.613250943337537,6.088967300323676,0.2249674800271604,12.835940081301647,20.22158657869713,0.7374255422185018,3000.0,-4.5,0.45,none,0.0,1588.0
endurance,300,misfire,762.0,78.52593701362268,78.34861685580705,613.9081879226994,1517.3928141898627,65.96576099311504,30.534872128959233,6.088967300323676,0.16733720799400378,12.860992802012692,19.837680796862493,0.7374344896643521,3000.0,-4.5,0.45,none,0.0,1587.0
endurance,300,misfire,763.0,78.5245074278908,78.03779547698608,615.034905721658,1517.39811829946,66.40411495724221,30.43488890075117,6.088967300323676,0.10310545919050004,12.95464723931319,19.90671554727263,0.7374432240757776,3000.0,-4.5,0.45,none,0.0,1586.0
endurance,300,misfire,764.0,78.52311187991442,80.08066753107076,611.7373366250343,1528.9722768632862,66.40533441483522,31.37080565892182,6.088967300323676,0.2670345840250588,12.973781956123455,20.2605579114683,0.7374517505250262,3000.0,-4.5,0.45,none,0.0,1585.0
endurance,300,misfire,765.0,78.52174955927083,79.76755196317177,615.2971024232228,1515.724706266298,65.85826294184724,31.132629209579438,6.088967300323676,0.22286621409360985,12.966038978607628,20.002907838198965,0.7374600739635784,3000.0,-4.5,0.45,none,0.0,1584.0
endurance,300,misfire,766.0,78.52041967483304,78.25871811697924,608.856206315151,1513.9953987094184,65.57068714160897,31.10539295854109,6.088967300323676,0.1963186369807621,13.005236726431171,20.23705964548404,0.7374681992250223,3000.0,-4.5,0.45,none,0.0,1583.0
endurance,300,misfire,767.0,78.51912145431042,78.01996673392146,610.5909744334907,1524.9885262960968,66.76248632683595,30.929681858790918,6.088967300323676,0.18865720576303152,12.921343885336325,20.299597121135847,0.7374761310278601,3000.0,-4.5,0.45,none,0.0,1582.0
endurance,300,misfire,768.0,78.51785414380025,78.60275086702892,614.6014661906187,1514.567933206872,65.48082255306738,30.04517941909771,6.088967300323676,0.17553606834548333,12.943947432386649,19.98569302594821,0.7374838739782497,3000.0,-4.5,0.45,none,0.0,1581.0
endurance,300,misfire,769.0,78.51661700734985,78.74956459543057,612.9947693505475,1525.7283175946197,66.27034531276564,31.408185024594577,6.088967300323676,0.28182027393024367,12.898553238083128,20.152122015458723,0.7374914325726776,3000.0,-4.5,0.45,none,0.0,1580.0
endurance,300,misfire,770.0,78.51540932652922,77.99716596416089,613.8387333301439,1525.716649687623,65.68758414520609,31.036448680603723,6.088967300323676,0.17638179970696732,12.9541218640947,20.187472970050752,0.7374988112005714,3000.0,-4.5,0.45,none,0.0,1579.0
endurance,300,misfire,771.0,78.51423040001384,79.03844426797718,613.7513909695398,1522.583580807647,66.91364436081666,30.185294988737365,6.088967300323676,0.1882826540489682,12.838455941823126,19.763512367216947,0.7375060141468488,3000.0,-4.5,0.45,none,0.0,1578.0
endurance,300,misfire,772.0,78.5130795431774,78.41041241524577,616.8466946222009,1509.5629184573609,66.08963149484971,31.233212910212636,6.088967300323676,0.2035888908532347,12.918632926704738,20.020445629377242,0.7375130455944052,3000.0,-4.5,0.45,none,0.0,1577.0
endurance,300,misfire,773.0,78.5119560876942,78.3078610636005,611.4698649593013,1516.4408349161363,66.1363245765031,31.284433109623688,6.088967300323676,0.22170910519164103,12.828210894535554,19.80549420558856,0.7375199096265437,3000.0,-4.5,0.45,none,0.0,1576.0
endurance,300,misfire,774.0,78.51085938115109,78.9868017754634,615.3678370632537,1528.8749506698944,65.86561130673371,31.45707139950558,6.088967300323676,0.24054171376490469,12.881588074382158,19.948687758803445,0.7375266102293454,3000.0,-4.5,0.45,none,0.0,1575.0
endurance,300,misfire,775.0,78.50978878666852,78.22026318994098,615.0661373185878,1516.5466072525496,66.51745859533216,30.28521074286739,6.088967300323676,0.268220850607335,12.937034976625366,19.92831583341203,0.7375331512939853,3000.0,-4.5,0.45,none,0.0,1574.0
endurance,300,misfire,776.0,78.50874368253078,78.1142160056416,617.7159810767885,1523.0099103075065,66.08687573735088,30.929829631797247,6.088967300323676,0.2706718242317371,12.974308714542738,19.97714331934226,0.7375395366189909,3000.0,-4.5,0.45,none,0.0,1573.0
endurance,300,misfire,777.0,78.50772346182488,78.58879520886696,618.4269576708509,1525.5136653475138,65.33556642397919,30.686035033422744,6.088967300323676,0.21319359531579776,12.951879208699312,19.760839720775362,0.7375457699124488,3000.0,-4.5,0.45,none,0.0,1572.0
endurance,300,misfire,778.0,78.50672753208818,77.64575637358661,611.1031895892972,1513.4428321279497,66.58116634941821,31.55687225484979,6.088967300323676,0.13731294738876945,13.044693090669137,19.75050245408354,0.7375518547941575,3000.0,-4.5,0.45,none,0.0,1571.0
endurance,300,misfire,779.0,78.50575531496425,78.29623394849119,614.5090061171842,1522.920286902446,66.49958695153025,31.634911013864926,6.088967300323676,0.18808833291769897,12.890370951625098,19.92787263978642,0.7375577947977305,3000.0,-4.5,0.45,none,0.0,1570.0
endurance,300,misfire,780.0,78.50480624586709,78.05207283500643,614.2850984971806,1519.9665307757566,66.62784731851197,30.813760547676758,6.088967300323676,0.2023922746596517,13.029467541796052,20.140140024020543,0.7375635933726468,3000.0,-4.5,0.45,none,0.0,1569.0
endurance,300,misfire,781.0,78.50387977365318,77.9151113749091,611.92588836442,1518.602567391477,67.20802960452328,30.374764887609235,6.088967300323676,0.2312864072900722,12.808140130122451,20.388682346772985,0.7375692538862557,3000.0,-4.5,0.45,none,0.0,1568.0
endurance,300,misfire,782.0,78.50297536030152,77.30478329565823,612.2468307589436,1520.1400503736309,66.71141651503225,31.196638812445855,6.088967300323676,0.231019363427818,12.935872566695297,20.237341742557646,0.737574779625731,3000.0,-4.5,0.45,none,0.0,1567.0
endurance,300,misfire,783.0,78.50209248060109,78.56273497066428,614.2584490281581,1527.4969376687684,66.12074090183698,30.470395899904453,6.088967300323676,0.2177017905412058,12.875689883116793,19.823487769781636,0.7375801737999808,3000.0,-4.5,0.45,none,0.0,1566.0
endurance,300,misfire,784.0,78.5012306218459,78.86719902105195,613.1622060985404,1523.2673349628567,66.28654792110423,30.278120954882404,6.088967300323676,0.24908705669606368,12.948283994116704,20.119916454374586,0.7375854395415103,3000.0,-4.5,0.45,none,0.0,1565.0
endurance,300,misfire,785.0,78.50038928353727,78.39354251280008,609.5861213337978,1521.583872972592,66.12107334658751,30.980660475391602,6.088967300323676,0.24094863858124838,12.756166402510566,19.78885846355815,0.7375905799082414,3000.0,-4.5,0.45,none,0.0,1564.0
endurance,300,misfire,786.0,78.49956797709314,78.75558234718712,614.3910517776856,1522.870860128883,66.25952762151168,31.626552351334254,6.088967300323676,0.2527480012142368,12.948989438700456,19.85583415474923,0.7375955978852885,3000.0,-4.5,0.45,none,0.0,1563.0
endurance,300,misfire,787.0,78.49876622556434,78.19332869181575,609.6300091346058,1519.5418022311815,66.83597629145405,30.479500999101766,6.088967300323676,0.24843022220266847,12.865547229423573,20.285094605383897,0.7376004963866916,3000.0,-4.5,0.45,none,0.0,1562.0
endurance,300,misfire,788.0,78.49798356335765,77.82948343186861,612.4002447047892,1525.5119003973332,66.03809908747125,32.255133268007484,6.088967300323676,0.14402950329378708,13.040433202947794,19.909341686854706,0.7376052782571089,3000.0,-4.5,0.45,none,0.0,1561.0
endurance,300,misfire,789.0,78.4972195359654,78.89614275950775,613.4492984870925,1520.9642511305162,66.69932714774895,30.718100046549004,6.088967300323676,0.22647815820578293,12.906427564383494,19.701154364500532,0.7376099462734688,3000.0,-4.5,0.45,none,0.0,1560.0
endurance,300,misfire,790.0,78.49647369970154,78.28555677983775,607.3945424400339,1519.5076067302525,66.33001809755982,30.664986639298338,6.088967300323676,0.184744025727387,12.902483860285894,19.912097172224705,0.7376145031465818,3000.0,-4.5,0.45,none,0.0,1559.0
endurance,300,misfire,791.0,78.49574562144396,78.61621940755168,613.9656394544018,1527.358978088428,65.40056864755691,30.8527664015458,6.088967300323676,0.23699346078814335,12.873266839044266,19.649731182753904,0.7376189515227161,3000.0,-4.5,0.45,none,0.0,1558.0
endurance,300,misfire,792.0,78.495034878383,78.91921555172888,612.2069704651033,1519.4769343702098,66.49541089739645,31.657100513547523,6.088967300323676,0.2950802195686111,13.020642130781432,19.99690526827142,0.7376232939851328,3000.0,-4.5,0.45,none,0.0,1557.0
endurance,300,misfire,793.0,78.49434105777586,78.86554702593227,612.6111905138492,1523.7782936570225,66.45371031048026,30.116921610772707,6.088967300323676,0.25577176379622146,12.869539460006788,20.036493547531894,0.7376275330555873,3000.0,-4.5,0.45,none,0.0,1556.0
endurance,300,misfire,794.0,78.493663756707,78.64353887381772,609.875030987954,1515.8073087834734,65.98274999516433,30.163040298214476,6.088967300323676,0.1231166985514763,12.90321347875783,19.64966467740534,0.7376316711957926,3000.0,-4.5,0.45,none,0.0,1555.0
endurance,300,misfire,795.0,78.49300258185406,78.2152975379029,608.7728043834084,1521.4813384128333,65.49023147577049,30.8708692595443,6.088967300323676,0.16379390609618133,12.868561884185233,19.90323372308294,0.7376357108088505,3000.0,-4.5,0.45,none,0.0,1554.0
endurance,300,misfire,796.0,78.49235714925952,77.83616131673148,612.4629321983258,1517.3532779605944,65.06703782073642,30.57941052141035,6.088967300323676,0.12206011993309962,12.986874254767052,19.769903915467566,0.7376396542406449,3000.0,-4.5,0.45,none,0.0,1553.0
endurance,300,misfire,797.0,78.49172708410771,78.62373928675258,611.6297555667907,1527.4163258895762,66.0904377609521,30.96764112653171,6.088967300323676,0.17438516579551017,12.912091328549607,19.816065580110475,0.7376435037812061,3000.0,-4.5,0.45,none,0.0,1552.0
endurance,300,misfire,798.0,78.49111202050713,78.80392929884745,611.7547840238627,1516.433797849793,65.60486415477715,31.234332937066842,6.088967300323676,0.14081173916065745,12.95098983224717,20.17627323410151,0.7376472616660399,3000.0,-4.5,0.45,none,0.0,1551.0
endurance,300,misfire,799.0,78.490511601278,78.59349942526053,611.6567240527778,1518.9418645880332,66.7733154732797,30.278977425292116,6.088967300323676,0.22171716538182967,12.957966921151296,19.80896584375657,0.737650930077425,3000.0,-4.5,0.45,none,0.0,1550.0
endurance,300,misfire,800.0,78.48992547774479,78.55283178736134,609.1681370937458,1514.8675112556098,65.26885842110079,30.803661424824707,6.088967300323676,0.21231130909018092,12.887322284111386,19.748829412939447,0.737654511145682,3000.0,-4.5,0.45,none,0.0,1549.0
endurance,300,misfire,801.0,78.48935330953381,78.40062134589077,613.771114902266,1516.3506554848796,65.96617322181854,30.583509845005857,6.088967300323676,0.22105229863980067,12.963494588895518,19.735431795128036,0.7376580069504091,3000.0,-4.5,0.45,none,0.0,1548.0
endurance,300,misfire,802.0,78.48879476437547,78.65355354925543,613.7673927151784,1519.7068678744656,66.79726006329292,31.543995792437734,6.088967300323676,0.189678621903366,12.968023477935429,20.03463270529447,0.7376614195216903,3000.0,-4.5,0.45,none,0.0,1547.0
endurance,300,misfire,803.0,78.48824951791137,77.90319773171308,607.6397391605408,1522.925718298577,65.79988230365846,30.686067400177826,6.088967300323676,0.26816837318482056,12.907716230615538,19.979426623047576,0.7376647508412744,3000.0,-4.5,0.45,none,0.0,1546.0
endurance,300,misfire,804.0,78.48771725350595,78.45349664483423,611.6039847258093,1523.2483106580082,66.80559594202447,31.103550089135354,6.088967300323676,0.1582341266663234,12.914100233434365,19.96691392051473,0.7376680028437254,3000.0,-4.5,0.45,none,0.0,1545.0
endurance,300,misfire,805.0,78.48719766206256,79.32844144588456,618.2431611494231,1521.1271765770643,66.6266214114215,31.091452996321326,6.088967300323676,0.14329371700354487,12.905083407003259,20.04550465543802,0.7376711774175466,3000.0,-4.5,0.45,none,0.0,1544.0
endurance,300,misfire,806.0,78.486690441844,79.93164733166797,612.7121483714221,1521.42921256426,66.15335403162119,31.30463898050415,6.088967300323676,0.23736019293463945,12.974213296637998,19.977989980606726,0.7376742764062769,3000.0,-4.5,0.45,none,0.0,1543.0
endurance,300,misfire,807.0,78.48619529829732,78.22043439480575,611.237972877747,1522.0342804394684,66.28600194578993,30.33356861460209,6.088967300323676,0.2091190161798554,12.906859729257889,20.11310598119439,0.7376773016095612,3000.0,-4.5,0.45,none,0.0,1542.0
endurance,300,misfire,808.0,78.4857119438827,77.73779449341725,609.7512469738521,1518.834542078112,66.33064328262608,29.914475765185834,6.088967300323676,0.18554929006153587,12.95262103743859,19.9673510169461,0.7376802547841959,3000.0,-4.5,0.45,none,0.0,1541.0
endurance,300,misfire,809.0,78.48524009790653,78.6781790861799,608.0820387014263,1525.8915088494123,66.20262965768963,31.540187047045542,6.088967300323676,0.28257704304796527,12.915642596047617,19.953741713091624,0.7376831376451489,3000.0,-4.5,0.45,none,0.0,1540.0
endurance,300,misfire,810.0,78.48477948635836,78.0827878293699,616.1716414753737,1510.7927029363968,66.23881161572308,30.2407664554229,6.088967300323676,0.25469601346877324,12.94148907110674,20.073005279185097,0.7376859518665553,3000.0,-4.5,0.45,none,0.0,1539.0
endurance,300,misfire,811.0,78.48432984175182,78.76183184015422,613.0311619958965,1510.4315103793886,66.47433744990816,30.298490272879757,6.088967300323676,0.13775984110453204,12.867946235454996,20.143347854389855,0.7376886990826901,3000.0,-4.5,0.45,none,0.0,1538.0
endurance,300,misfire,812.0,78.48389090296924,78.8144372333156,614.785040983085,1525.9805078066079,66.8586329495432,31.44667181070875,6.088967300323676,0.22800311947667426,12.903731244378163,20.02524484934706,0.737691380888917,3000.0,-4.5,0.45,none,0.0,1537.0
endurance,300,misfire,813.0,78.48346241511005,78.99884487066927,615.73611319161,1516.970342977138,66.95758716181768,31.09992273845583,6.088967300323676,0.2724776891716493,12.925765251435553,19.861313746401244,0.7376939988426146,3000.0,-4.5,0.45,none,0.0,1536.0
endurance,300,misfire,814.0,78.48304412934276,78.29499258604433,613.7002922127618,1511.2218621323252,67.53090259203198,30.057263538817143,6.088967300323676,0.23477909339638625,12.879219617045415,20.070808476075136,0.7376965544640813,3000.0,-4.5,0.45,none,0.0,1535.0
endurance,300,misfire,815.0,78.4826358027604,78.92033885585997,608.5945791478948,1523.8235403133137,65.0644954572662,30.60535164152808,6.088967300323676,0.2187852519111111,12.961216422131717,19.9303739052477,0.7376990492374179,3000.0,-4.5,0.45,none,0.0,1534.0
endurance,300,misfire,816.0,78.48223719823952,78.76013776001366,613.0851893929262,1528.3305233108167,66.50356206639381,30.748503521665324,6.088967300323676,0.2230464934414325,12.9333009868224,20.14651313749578,0.7377014846113894,3000.0,-4.5,0.45,none,0.0,1533.0
endurance,300,misfire,817.0,78.48184808430247,78.37943925770186,612.0534315235399,1527.0629750462094,65.86650859939498,31.112138272748016,6.088967300323676,0.167289353283191,12.950430002603955,19.813295991146344,0.7377038620002663,3000.0,-4.5,0.45,none,0.0,1532.0
endurance,300,misfire,818.0,78.48146823498297,78.85800531734378,609.3287057487879,1519.8253570925956,66.44177936446411,30.959313411546454,6.088967300323676,0.2051763756451336,12.91224970942128,20.11122152025664,0.7377061827846461,3000.0,-4.5,0.45,none,0.0,1531.0
endurance,300,misfire,819.0,78.48109742969488,77.98024023543827,615.7646160383233,1520.0555110658308,66.13245728233461,30.88008021537997,6.088967300323676,0.255556469390216,13.029087886307217,19.86556622736904,0.7377084483122549,3000.0,-4.5,0.45,none,0.0,1530.0
endurance,300,misfire,820.0,78.48073545310413,78.3986541322334,614.8209357161148,1521.9820158111386,65.71663851973766,29.200674644366696,6.088967300323676,0.22017762539471336,13.0340834433166,19.955981819649097,0.7377106598987304,3000.0,-4.5,0.45,none,0.0,1529.0
endurance,300,misfire,821.0,78.48038209500363,79.18048629479,620.2320008577021,1511.908775911607,66.25761108516566,30.18246554278396,6.088967300323676,0.226030418593848,12.85648192724777,19.87397961793389,0.7377128188283848,3000.0,-4.5,0.45,none,0.0,1528.0
endurance,300,misfire,822.0,78.48003715019125,78.1147383599649,611.0394737004996,1523.463406973279,66.96819097626863,31.019032102235872,6.088967300323676,0.21753982097214028,12.974919386542451,19.962047980518243,0.7377149263549523,3000.0,-4.5,0.45,none,0.0,1527.0
endurance,300,misfire,823.0,78.47970041835059,78.61664887993587,612.501150064018,1516.9425463005243,65.65429212125512,30.48974475548916,6.088967300323676,0.1860911656961461,12.999192366320077,20.256918548263112,0.7377169837023159,3000.0,-4.5,0.45,none,0.0,1526.0
endurance,300,misfire,824.0,78.4793717039347,79.11833806062361,610.5036003525141,1523.6040246452237,65.7237889118701,30.746539808848322,6.088967300323676,0.29364338661050493,12.948156443327436,20.34512363320619,0.7377189920652183,3000.0,-4.5,0.45,none,0.0,1525.0
endurance,300,misfire,825.0,78.47905081605253,78.70811191320918,606.0817332888572,1518.9950174623664,67.03853281808922,29.929972567456197,6.088967300323676,0.15088219265796715,12.82384912001297,19.86279033587157,0.7377209526099563,3000.0,-4.5,0.45,none,0.0,1524.0
endurance,300,misfire,826.0,78.47873756835803,77.34532144093752,610.7291807008139,1515.1459368563692,65.55229273568025,30.30584761695482,6.088967300323676,0.13608814702665256,12.88833172425086,19.995593579252464,0.7377228664750579,3000.0,-4.5,0.45,none,0.0,1523.0
endurance,300,misfire,827.0,78.47843177894197,78.05646916104999,607.2248231136191,1520.0181361425985,65.70039803631313,31.003100215927986,6.088967300323676,0.2138423175259924,12.942191238317783,20.081109614570256,0.7377247347719426,3000.0,-4.5,0.45,none,0.0,1522.0
endurance,300,misfire,828.0,78.47813327022628,78.89629257886857,615.0109424820051,1515.886642295625,66.146949114969,31.092698817625326,6.088967300323676,0.07798657240844598,12.985328339328058,20.057003139700825,0.7377265585855683,3000.0,-4.5,0.45,none,0.0,1521.0
endurance,300,misfire,829.0,78.47784186886098,78.46224311021817,616.0164927762956,1518.5731543551565,65.65617953856861,30.376341673800134,6.088967300323676,0.22729723916817082,12.988096969621814,19.92865946886319,0.73772833897506,3000.0,-4.5,0.45,none,0.0,1520.0
endurance,300,misfire,830.0,78.47755740562341,78.7508212954506,608.4854954753137,1523.5139120740248,66.4364635477165,31.2048548322511,6.088967300323676,0.19914563595589363,12.828783348131635,20.02281904666444,0.7377300769743256,3000.0,-4.5,0.45,none,0.0,1519.0
endurance,300,misfire,831.0,78.47727971532008,78.3428168037632,605.4787728280897,1519.5037345176543,66.32581915167215,29.918738025577433,6.088967300323676,0.19257721118695506,13.00562949475363,20.214644542749806,0.7377317735926565,3000.0,-4.5,0.45,none,0.0,1518.0
endurance,300,misfire,832.0,78.47700863669064,77.80755155729673,613.21472118461,1518.262921700734,66.7383475405136,30.703863193564267,6.088967300323676,0.1919962962437366,12.903352012209337,19.58238755947655,0.7377334298153126,3000.0,-4.5,0.45,none,0.0,1517.0
endurance,300,misfire,833.0,78.47674401231427,77.89678380343015,607.1685122459917,1519.8857803640171,66.86007141725769,30.60264130968059,6.088967300323676,0.18572260103896376,12.879937731220021,19.79134224482012,0.7377350466040962,3000.0,-4.5,0.45,none,0.0,1516.0
endurance,300,misfire,834.0,78.4764856885183,78.51266839539956,610.9378764706015,1527.245870778411,65.54058759615708,30.579132479748274,6.088967300323676,0.21148533792477373,12.988193748102221,20.155219756049842,0.7377366248979086,3000.0,-4.5,0.45,none,0.0,1515.0
endurance,300,misfire,835.0,78.4762335152889,78.24593665406051,606.4102161884853,1512.9877807137473,66.49944144739221,30.742526761062766,6.088967300323676,0.19521048114254352,12.966702492400927,19.851610702389966,0.737738165613297,3000.0,-4.5,0.45,none,0.0,1514.0
endurance,300,misfire,836.0,78.475987346184,78.1063034405136,617.9922008343009,1517.6076828562693,65.451680129426,30.203166439451792,6.088967300323676,0.15825693415602704,12.859062829726547,19.887817469841973,0.7377396696449856,3000.0,-4.5,0.45,none,0.0,1513.0
endurance,300,misfire,837.0,78.47574703824827,78.6309772884539,615.2168713068227,1516.853059103442,66.12086449957481,30.82301392226794,6.088967300323676,0.24049111123069378,12.910231780131362,19.88164705495296,0.7377411378663958,3000.0,-4.5,0.45,none,0.0,1512.0
endurance,300,misfire,838.0,78.47551245193006,78.67762631099112,606.9019567033337,1518.1303091749635,66.30284183301255,31.185105425277346,6.088967300323676,0.19217210622520822,12.93831607973134,19.446612404279467,0.7377425711301536,3000.0,-4.5,0.45,none,0.0,1511.0
endurance,300,misfire,839.0,78.47528345100038,79.59453723797183,613.4802890878739,1523.5905422893757,65.54010421045808,30.49322961583639,6.088967300323676,0.15947654352066115,12.88804891992337,19.89146998670017,0.7377439702685837,3000.0,-4.5,0.45,none,0.0,1510.0
endurance,300,misfire,840.0,78.47505990247379,79.32608349736735,614.8909840058661,1515.789478624529,65.82371947930281,30.849768157241424,6.088967300323676,0.22061861614873066,12.904333611574314,19.927564991170662,0.7377453360941941,3000.0,-4.5,0.45,none,0.0,1509.0
endurance,300,misfire,841.0,78.47484167653116,78.58359016514214,608.9509230638185,1506.9914474094799,66.63223512738857,30.34133884273803,6.088967300323676,0.24092305957797244,12.93046282057803,19.61472655358003,0.7377466694001471,3000.0,-4.5,0.45,none,0.0,1508.0
endurance,300,misfire,842.0,78.4746286464443,77.93899959791811,611.5548881448246,1530.921788969483,66.48113314793044,30.23204306643891,6.088967300323676,0.16020504340890238,12.9957628777047,19.856345076023352,0.7377479709607202,3000.0,-4.5,0.45,none,0.0,1507.0
endurance,300,misfire,843.0,78.47442068850238,77.6717288126493,611.9001203812737,1527.3149322415563,66.86246453985764,30.771258408007558,6.088967300323676,0.2029951626722275,12.84715447936748,19.73938766487614,0.7377492415317559,3000.0,-4.5,0.45,none,0.0,1506.0
endurance,300,misfire,844.0,78.47421768194002,78.87279709575265,616.4283324393986,1516.9832625309161,65.65852522843211,30.25510920256804,6.088967300323676,0.19980867653774137,12.85089381770336,19.970546689846955,0.7377504818511003,3000.0,-4.5,0.45,none,0.0,1505.0
endurance,300,misfire,845.0,78.47401950886724,77.58528905235134,606.4688371676529,1516.4967441633355,66.93900292084055,31.25656876815459,6.088967300323676,0.14111086776049067,12.880915389382997,20.236082568578034,0.7377516926390317,3000.0,-4.5,0.45,none,0.0,1504.0
endurance,300,misfire,846.0,78.47382605420096,79.26331190775052,613.6194612554549,1522.6356548498893,66.45084648219517,29.831764021592818,6.088967300323676,0.11799443244273318,12.858630714917972,19.726321732808408,0.737752874598679,3000.0,-4.5,0.45,none,0.0,1503.0
endurance,300,misfire,847.0,78.47363720559815,77.92694630900056,612.1157117223585,1515.4865158581988,65.82114930394178,30.292969942263387,6.088967300323676,0.20905388133682293,12.89379897714878,19.782208543577404,0.73775402841643,3000.0,-4.5,0.45,none,0.0,1502.0
endurance,300,misfire,848.0,78.47345285339065,79.08874803522092,618.2994452187124,1528.3859844641072,65.20118929060185,31.482024724358993,6.088967300323676,0.12540963503654562,12.965175803350803,19.891636412361116,0.7377551547623298,3000.0,-4.5,0.45,none,0.0,1501.0
endurance,300,misfire,849.0,78.47327289052143,78.26723969838972,614.7514627336244,1513.5511439062282,66.14977216698944,30.696631198741137,6.088967300323676,0.1397284534459836,12.98548641779447,20.06707453239702,0.7377562542904699,3000.0,-4.5,0.45,none,0.0,1500.0
endurance,300,misfire,850.0,78.47309721248243,77.81560577489277,610.9998055956871,1519.6163760740976,65.83257885766616,30.56373325713419,6.088967300323676,0.2137823660414665,12.843342203340294,20.434705759508066,0.7377573276393687,3000.0,-4.5,0.45,none,0.0,1499.0
endurance,300,misfire,851.0,78.47292571725389,79.26990590744427,609.9599023434491,1525.4030866645144,66.1000671868382,30.167951102856343,6.088967300323676,0.17333644397694029,12.917443340700377,20.22384959527178,0.7377583754323414,3000.0,-4.5,0.45,none,0.0,1498.0
endurance,300,misfire,852.0,78.47275830524507,78.57237896677496,611.1079039465513,1520.6121478592063,66.49835797253432,30.102505562264604,6.088967300323676,0.2338184727203243,12.896762249315215,20.079038556888065,0.7377593982778623,3000.0,-4.5,0.45,none,0.0,1497.0
endurance,300,misfire,853.0,78.47259487923645,78.42193369107092,610.3755648699071,1513.1936758534282,66.34905134855987,29.538987855100803,6.088967300323676,0.18543911771196153,12.967743282501315,20.1950952180435,0.7377603967699184,3000.0,-4.5,0.45,none,0.0,1496.0
endurance,300,misfire,854.0,78.47243534432329,78.37495926706893,617.3054086398337,1515.2821618983558,65.9524526075867,29.91971879975273,6.088967300323676,0.18162393409580077,12.871069787597603,20.23718510555672,0.7377613714883541,3000.0,-4.5,0.45,none,0.0,1495.0
endurance,300,misfire,855.0,78.47227960786043,78.68250117714118,604.6189924010278,1521.6297389314554,66.23104902614061,29.783352073577397,6.088967300323676,0.10554276955632064,12.911599818992427,20.048194416596107,0.7377623229992081,3000.0,-4.5,0.45,none,0.0,1494.0
endurance,300,misfire,856.0,78.47212757940859,77.90837166033833,615.5896403561391,1517.3356794965453,66.56742184702325,31.25595653449191,6.088967300323676,0.2499345606222257,12.957495949800077,20.411780619294525,0.7377632518550417,3000.0,-4.5,0.45,none,0.0,1493.0
endurance,300,misfire,857.0,78.4719791706818,78.31209636723145,608.2556488281292,1517.3162476550262,66.64087626890922,30.76149315097763,6.088967300323676,0.2015086867406112,12.934349600344198,20.022806302855894,0.7377641585952601,3000.0,-4.5,0.45,none,0.0,1492.0
endurance,300,misfire,858.0,78.47183429549612,78.36529486512228,609.4874874256077,1525.8060626966833,66.4618849312337,29.401767181003965,6.088967300323676,0.2217030647858662,12.993782512961296,19.973290168137623,0.7377650437464258,3000.0,-4.5,0.45,none,0.0,1491.0
endurance,300,misfire,859.0,78.47169286971963,78.94815758727081,612.9224717223228,1512.9905061460236,66.02058546927503,30.335222450152013,6.088967300323676,0.13931305993761772,12.91723487337336,19.845809924080285,0.7377659078225638,3000.0,-4.5,0.45,none,0.0,1490.0
endurance,300,misfire,860.0,78.47155481122353,78.15896400962504,617.9764683520739,1519.9373237947696,66.36245487260805,30.987718735072292,6.088967300323676,0.2260643211499522,12.943413539480126,19.850815635312614,0.7377667513254603,3000.0,-4.5,0.45,none,0.0,1489.0
endurance,300,misfire,861.0,78.47142003983447,79.50766071253145,608.203402964606,1517.01076007969,66.1389799801421,30.253837613858607,6.088967300323676,0.197005715210195,12.849842379324345,20.359713597319615,0.7377675747449547,3000.0,-4.5,0.45,none,0.0,1488.0
endurance,300,misfire,862.0,78.47128847728801,77.71477344497718,611.2539677594723,1525.2370864148086,66.31413131557414,31.206535578557283,6.088967300323676,0.21074060173458697,12.787844694279888,19.34253519468386,0.7377683785592228,3000.0,-4.5,0.45,none,0.0,1487.0
endurance,300,misfire,863.0,78.47116004718315,78.7409205601218,618.6783960663896,1519.304761294644,66.29037637301994,30.502436786709687,6.088967300323676,0.2239684389828028,12.898389688595875,19.99436497802001,0.737769163235056,3000.0,-4.5,0.45,none,0.0,1486.0
endurance,300,misfire,864.0,78.47103467493791,78.73931441019866,611.9021551491628,1524.102627103238,65.88798552796554,31.27238666945602,6.088967300323676,0.256229708573206,12.965062589042464,20.10223835663129,0.7377699292281313,3000.0,-4.5,0.45,none,0.0,1485.0
endurance,300,misfire,865.0,78.47091228774613,78.41740986635723,614.590850107096,1526.3543570605125,66.38812525279351,29.985128445287426,6.088967300323676,0.2513530281279177,12.861686895855453,20.001010508195712,0.7377706769832764,3000.0,-4.5,0.45,none,0.0,1484.0
endurance,300,misfire,866.0,78.47079281453512,78.17093550189597,611.4003724463781,1510.198509142325,66.1956150336927,30.728990217763286,6.088967300323676,0.15402342283372297,12.858379416079204,20.353816133978157,0.7377714069347274,3000.0,-4.5,0.45,none,0.0,1483.0
endurance,300,misfire,867.0,78.47067618592436,77.89303112035418,613.078099462333,1520.9782989069947,66.34567835352703,31.139408977638304,6.088967300323676,0.1640776297842939,12.835359333349855,20.03264587888903,0.737772119506382,3000.0,-4.5,0.45,none,0.0,1482.0
endurance,300,misfire,868.0,78.47056233418529,79.42849585673734,613.8858749243284,1517.0578034338848,66.03305718722676,30.70267160664735,6.088967300323676,0.19740182231575773,12.960036506397419,19.885090537696527,0.7377728151120447,3000.0,-4.5,0.45,none,0.0,1481.0
endurance,300,misfire,869.0,78.47045119320191,78.36537127469457,618.2621070235497,1518.0761838861292,65.83511653343642,30.265829495220107,6.088967300323676,0.22044074644094147,12.992393878892399,19.839417587893493,0.737773494155668,3000.0,-4.5,0.45,none,0.0,1480.0
endurance,300,misfire,870.0,78.47034269843242,78.69310402699028,612.4036919380025,1527.5598457532737,65.9713170881192,30.166491571339623,6.088967300323676,0.09811747010493528,12.868986785057666,20.305581876963053,0.7377741570315859,3000.0,-4.5,0.45,none,0.0,1479.0
endurance,300,misfire,871.0,78.47023678687172,78.61908431592387,611.2617848704025,1524.0279981156211,66.35777031526851,30.14468244180026,6.088967300323676,0.15474063647550018,12.943881676911051,19.77552692936722,0.7377748041247438,3000.0,-4.5,0.45,none,0.0,1478.0
endurance,300,misfire,872.0,78.47013339701486,78.72636071549688,619.5607078364206,1523.6749656432219,65.29902061857905,30.342655660174064,6.088967300323676,0.2686557494109627,12.880445818266345,19.989951568066626,0.7377754358109216,3000.0,-4.5,0.45,none,0.0,1477.0
endurance,300,misfire,873.0,78.47003246882126,79.55830678452115,614.6440762940126,1521.1060148417675,65.52447353807649,30.717038814824388,6.088967300323676,0.2204538567225246,12.943717413795774,20.106139793255867,0.7377760524569525,3000.0,-4.5,0.45,none,0.0,1476.0
endurance,300,misfire,874.0,78.46993394367988,77.79092417698104,616.0522840705646,1516.5156656205784,66.022956283439,30.84107550059873,6.088967300323676,0.2739753400310381,12.893837006106612,19.962678904823388,0.7377766544209352,3000.0,-4.5,0.45,none,0.0,1475.0
endurance,300,misfire,875.0,78.4698377643752,77.99049095935662,617.1177030050164,1521.7673400961314,66.09114635091885,29.81696215040587,6.088967300323676,0.23161716608057448,13.029623732401877,19.9295083371053,0.737777242052442,3000.0,-4.5,0.45,none,0.0,1474.0
endurance,300,misfire,876.0,78.46974387505396,78.30937430895676,614.3749458521756,1522.1118076899008,66.08563810682635,30.347044225078537,6.088967300323676,0.23655661993862787,12.931511645667081,19.945278102185313,0.7377778156927224,3000.0,-4.5,0.45,none,0.0,1473.0
endurance,300,misfire,877.0,78.46965222119276,78.19619520789746,614.9660435590151,1526.9807332163148,65.45085053559805,30.73496700331401,6.088967300323676,0.17922076058882386,12.873553538167132,20.0096515764918,0.7377783756749008,3000.0,-4.5,0.45,none,0.0,1472.0
endurance,300,misfire,878.0,78.46956274956635,78.24991803624434,610.0950036534388,1524.9554007382205,66.11165073157113,31.273097070877725,6.088967300323676,0.1746182583358175,12.908780512268121,20.16147528499987,0.7377789223241703,3000.0,-4.5,0.45,none,0.0,1471.0
endurance,300,misfire,879.0,78.46947540821675,78.99342713857101,614.7308901232155,1518.3876042053244,66.427779840383,30.583529234343164,6.088967300323676,0.21638583341835374,12.880600594160988,20.188276436250895,0.737779455957981,3000.0,-4.5,0.45,none,0.0,1470.0
endurance,300,misfire,880.0,78.4693901464231,78.30401001324843,609.9484133215491,1520.9117102419834,66.70330318407659,30.44940603754335,6.088967300323676,0.20170080532191118,12.985649246692933,20.093593033875447,0.7377799768862248,3000.0,-4.5,0.45,none,0.0,1469.0
endurance,300,misfire,881.0,78.46930691467215,78.13215712770841,609.0840375315772,1512.8601302211591,65.70658961150464,30.84185647439844,6.088967300323676,0.20180840519513887,12.908441365642702,20.063786442757316,0.7377804854114152,3000.0,-4.5,0.45,none,0.0,1468.0
endurance,300,misfire,882.0,78.46922566462956,78.61537679121365,614.1919778182595,1511.4029448649326,65.99685914480484,30.139989819086484,6.088967300323676,0.15778680042294643,12.888896341351797,20.035428997058123,0.7377809818288628,3000.0,-4.5,0.45,none,0.0,1467.0
endurance,300,misfire,883.0,78.4691463491118,78.39578057497633,616.3721860561927,1524.6326906446086,65.7187557953715,31.45226077147771,6.088967300323676,0.08222310544909626,12.953184679556365,20.436836771146048,0.7377814664268475,3000.0,-4.5,0.45,none,0.0,1466.0
endurance,300,misfire,884.0,78.46906892205874,79.0676868432673,612.2250307306501,1522.4626554124786,65.46511879520459,31.084073272677486,6.088967300323676,0.23124888771967714,12.954506818430737,19.772128711845834,0.7377819394867849,3000.0,-4.5,0.45,none,0.0,1465.0
endurance,300,misfire,885.0,78.46899333850695,79.03212422816895,611.8516512743128,1514.5646593991517,66.10172104528044,30.036283222016273,6.088967300323676,0.19443863224786856,12.881763372281313,20.040710698783005,0.7377824012833905,3000.0,-4.5,0.45,none,0.0,1464.0
endurance,300,misfire,886.0,78.46891955456353,79.09747618391663,613.0612084125197,1516.8410454974728,66.31754482033266,30.455612163192903,6.088967300323676,0.2670495398328772,12.884737071289647,19.985483208724787,0.7377828520848388,3000.0,-4.5,0.45,none,0.0,1463.0
endurance,300,misfire,887.0,78.46884752738066,79.00367506567152,611.8932085702841,1522.238170978424,66.65007141926243,30.38116123817694,6.088967300323676,0.14109164501702526,12.928368817986364,19.594491088212802,0.7377832921529193,3000.0,-4.5,0.45,none,0.0,1462.0
endurance,300,misfire,888.0,78.46877721513073,78.5218693480153,615.3587437906863,1516.5183007737903,65.8042901517521,30.45251661723657,6.088967300323676,0.1882195397814366,12.99604215728931,20.218100958042452,0.7377837217431884,3000.0,-4.5,0.45,none,0.0,1461.0
endurance,300,misfire,889.0,78.46870857698198,78.6491348444059,613.3458548466967,1521.960507081885,66.68711733431786,30.063950232191434,6.088967300323676,0.16048516629420057,12.882819858994779,20.014676007616938,0.7377841411051176,3000.0,-4.5,0.45,none,0.0,1460.0
endurance,300,misfire,890.0,78.46864157307488,78.4240616193667,614.3514039015497,1518.0231742013466,67.0729811280854,30.386015529112022,6.088967300323676,0.15925701342040582,12.94468633951051,20.43631144136632,0.7377845504822391,3000.0,-4.5,0.45,none,0.0,1459.0
endurance,300,misfire,891.0,78.46857616449888,78.74486828379486,608.079552395131,1520.1826021854379,66.80670391985377,30.593638789319407,6.088967300323676,0.11071739496857247,12.964943896466083,20.358413540175455,0.7377849501122862,3000.0,-4.5,0.45,none,0.0,1458.0
endurance,300,misfire,892.0,78.46851231326994,78.02408801338035,610.8105891973393,1516.7199471114297,67.05861562000861,30.463820014091667,6.088967300323676,0.13751942116683055,12.924987216880194,19.970662829938586,0.7377853402273322,3000.0,-4.5,0.45,none,0.0,1457.0
endurance,300,misfire,893.0,78.46844998230836,78.09789432974905,621.1417887002694,1526.1781370058989,66.388529187906,30.86456576814549,6.088967300323676,0.1941987067721606,12.896728406473743,20.212249448119362,0.7377857210539248,3000.0,-4.5,0.45,none,0.0,1456.0
endurance,300,misfire,894.0,78.46838913541728,78.39987816039555,612.0621152679527,1514.6271527038937,67.20634358874719,30.86908274928555,6.088967300323676,0.1524476140805207,12.840137360140048,19.345218785963397,0.7377860928132175,3000.0,-4.5,0.45,none,0.0,1455.0
endurance,300,misfire,895.0,78.46832973726171,78.65725243341431,616.2856590193882,1517.9385888817435,65.71915391471126,29.930787653652935,6.088967300323676,0.19262146823654988,12.88265702804636,20.058381946311254,0.7377864557210986,3000.0,-4.5,0.45,none,0.0,1454.0
endurance,300,misfire,896.0,78.46827175334795,78.939753901445,608.0353266718105,1522.6667286464262,65.46042839864027,30.605905510277815,6.088967300323676,0.1670836423438219,12.994442729444176,19.81717732309663,0.7377868099883157,3000.0,-4.5,0.45,none,0.0,1453.0
endurance,300,misfire,897.0,78.46821515000356,77.37860292086347,610.1641053570146,1525.217756208385,66.01048201702703,31.486278012392518,6.088967300323676,0.29651201335935873,12.953863759566255,20.165328708302795,0.7377871558205991,3000.0,-4.5,0.45,none,0.0,1452.0
endurance,300,misfire,898.0,78.46815989435784,78.16291541726106,612.1899529322155,1520.091903165541,65.32281388530932,30.752214536947964,6.088967300323676,0.28719466451597897,12.88026262467083,20.33095892205801,0.7377874934187805,3000.0,-4.5,0.45,none,0.0,1451.0
endurance,300,misfire,899.0,78.46810595432274,77.82740055490413,610.8608841185861,1519.4024708260454,65.5555343800806,31.12409758872603,6.088967300323676,0.17635895587363273,12.95112137071088,20.063721141556307,0.73778782297891,3000.0,-4.5,0.45,none,0.0,1450.0
endurance,300,misfire,900.0,78.46805329857418,78.53976031243809,614.290486661711,1516.9523252871586,66.45246185189193,30.596408819691337,6.088967300323676,0.17923379258009453,12.909244301500694,20.07357826643741,0.7377881446923698,3000.0,-4.5,0.45,none,0.0,1449.0
endurance,300,misfire,901.0,78.46800189653392,78.11133497061711,617.9955923065894,1526.0137113145222,66.00490338543733,31.130925204173064,6.088967300323676,0.12637874234734037,12.964993723453848,20.278787064616882,0.7377884587459852,3000.0,-4.5,0.45,none,0.0,1448.0
endurance,300,misfire,902.0,78.46795171835177,78.83319007461748,617.7895903417095,1514.8844902846522,65.69446532874788,29.841599102126697,6.088967300323676,0.17419130039790381,12.961372790718574,19.984638181895292,0.7377887653221336,3000.0,-4.5,0.45,none,0.0,1447.0
endurance,300,misfire,903.0,78.46790273488824,78.54083700107753,612.9091733804288,1512.4485134176161,66.48866452049249,30.38008534256157,6.088967300323676,0.2177420078312135,13.014194731388317,19.88018824114631,0.7377890645988499,3000.0,-4.5,0.45,none,0.0,1446.0
endurance,300,misfire,904.0,78.46785491769765,78.17134258766008,615.1006401544603,1525.1256999298835,65.5558483226016,29.843525033220633,6.088967300323676,0.18891629311945138,12.952629797146004,19.794121358257737,0.7377893567499301,3000.0,-4.5,0.45,none,0.0,1445.0
endurance,300,misfire,905.0,78.46780823901159,78.15022989296277,612.1034606341984,1517.2361026309295,65.9531367841043,30.742168551248366,6.088967300323676,0.12876272472156575,12.844897209656205,19.950516033419706,0.7377896419450323,3000.0,-4.5,0.45,none,0.0,1444.0
endurance,300,misfire,906.0,78.46776267172282,77.7432598649284,608.5659633157715,1522.3886088304107,66.33635808549532,30.81814853812963,6.088967300323676,0.21016090224431483,12.967463984115867,19.949484341108587,0.7377899203497748,3000.0,-4.5,0.45,none,0.0,1443.0
endurance,300,misfire,907.0,78.4677181893695,78.74483854622166,615.8446461625662,1517.6672661630691,66.23793739072586,30.818202551543685,6.088967300323676,0.2451425093317036,12.956260755531742,20.410817106315577,0.737790192125833,3000.0,-4.5,0.45,none,0.0,1442.0
endurance,300,misfire,908.0,78.46767476611984,78.24774084156661,612.4436997078972,1527.2288956794364,66.00678398116162,30.66486026778411,6.088967300323676,0.1387450462016284,12.877808922439133,20.019582354682374,0.7377904574310326,3000.0,-4.5,0.45,none,0.0,1441.0
endurance,300,misfire,909.0,78.46763237675707,78.7537701608582,612.0076251229057,1511.8591146322576,66.11515585048747,31.1511270629811,6.088967300323676,0.23629254068136069,12.921403978425396,20.055252176678803,0.7377907164194417,3000.0,-4.5,0.45,none,0.0,1440.0
endurance,300,misfire,910.0,78.46759099666484,78.27475824254034,616.2207629668698,1527.3132018260842,67.3120684896729,31.126856543372927,6.088967300323676,0.16268786727372053,12.877923323836322,20.06477799421548,0.7377909692414604,3000.0,-4.5,0.45,none,0.0,1439.0
endurance,300,misfire,911.0,78.4675506018129,78.40158925702745,614.8596186119343,1518.5471571688306,66.33211117099793,30.239557861216937,6.088967300323676,0.1607777822759835,12.95061704490456,20.380593327410256,0.7377912160439069,3000.0,-4.5,0.45,none,0.0,1438.0
endurance,300,misfire,912.0,78.46751116874316,78.82292700389773,609.2839913915358,1523.3812753314353,67.07697238630905,30.64865280046432,6.088967300323676,0.2483163253856749,12.909810608292636,19.855328305013657,0.7377914569701047,3000.0,-4.5,0.45,none,0.0,1437.0
endurance,300,misfire,913.0,78.46747267455602,79.03067570430845,611.0392871240134,1518.9888050191746,65.49877697025093,30.940920542536308,6.088967300323676,0.13627359218639956,12.908869535182143,20.275036627012025,0.7377916921599645,3000.0,-4.5,0.45,none,0.0,1436.0
endurance,300,misfire,914.0,78.46743509689715,80.02577207306055,614.1604236747171,1530.7162923074366,66.60047757945291,31.081624455790244,6.088967300323676,0.1086583727841641,12.843075574399451,20.05786406519199,0.7377919217500659,3000.0,-4.5,0.45,none,0.0,1435.0
endurance,300,misfire,915.0,78.46739841394444,77.97902680154965,613.5652486754741,1528.859273543091,66.62696067388015,29.809769403998448,6.088967300323676,0.19401396569899976,12.848782743090391,19.951258669891125,0.7377921458737363,3000.0,-4.5,0.45,none,0.0,1434.0
endurance,300,misfire,916.0,78.46736260439536,78.3900593154823,610.2560416548778,1522.196446422763,66.63165885879785,30.912938717500076,6.088967300323676,0.1763741857444191,12.916425516757602,20.207261845535196,0.7377923646611289,3000.0,-4.5,0.45,none,0.0,1433.0
endurance,300,misfire,917.0,78.4673276474546,78.17322964704535,615.0184228530625,1515.3356376956688,65.87539209643563,30.86513795722272,6.088967300323676,0.24346210803609078,12.92065180785709,20.236430353570604,0.7377925782392976,3000.0,-4.5,0.45,none,0.0,1432.0
endurance,300,misfire,918.0,78.46729352282195,77.79029491231371,616.0398100197173,1520.7674750288895,67.88213178722519,30.752195556419103,6.088967300323676,0.21996768523274485,12.964521749034803,19.823080939542287,0.7377927867322719,3000.0,-4.5,0.45,none,0.0,1431.0
endurance,300,misfire,919.0,78.46726021068055,78.64548363860261,614.6743819538526,1514.78196911375,66.27865386061661,30.09702591745259,6.088967300323676,0.23895059085144996,12.913950576804297,20.049530799601598,0.7377929902611278,3000.0,-4.5,0.45,none,0.0,1430.0
endurance,300,misfire,920.0,78.46722769168538,79.25409343021042,610.1951802452745,1528.8066282742043,66.10843794499142,30.383608402061736,6.088967300323676,0.28908253112434285,12.85786849630119,20.0948549144124,0.7377931889440585,3000.0,-4.5,0.45,none,0.0,1429.0
endurance,300,misfire,921.0,78.467195946952,77.91427715901814,618.2666009837723,1516.1909880627222,65.79874148282566,30.547719842168267,6.088967300323676,0.24870793925082613,12.809229986479187,19.977320637636392,0.7377933828964433,3000.0,-4.5,0.45,none,0.0,1428.0
endurance,300,misfire,922.0,78.4671649580456,78.71821405557036,614.7951641420792,1527.0543067668134,66.31805668836006,30.76549897288474,6.088967300323676,0.17519954037794674,12.8767336678177,19.709692055369366,0.7377935722309141,3000.0,-4.5,0.45,none,0.0,1427.0
endurance,300,misfire,923.0,78.46713470697031,78.63279768595385,615.9004591981161,1529.0138026380414,65.44399595382579,30.19959414780981,6.088967300323676,0.2246828432747936,12.92432521451008,20.03296988716492,0.7377937570574213,3000.0,-4.5,0.45,none,0.0,1426.0
endurance,300,misfire,924.0,78.46710517615873,79.14693823820213,610.0699636618974,1522.5506421711777,66.72973038982323,30.741737196807517,6.088967300323676,0.23179671894655418,12.866940258397563,19.83708305217047,0.7377939374832976,3000.0,-4.5,0.45,none,0.0,1425.0
endurance,300,misfire,925.0,78.46707634846169,78.42289798189802,612.0782035713166,1519.8372299126265,65.89138934775005,30.488234538235414,6.088967300323676,0.1555741622443703,12.870947215944089,19.88351433515693,0.7377941136133195,3000.0,-4.5,0.45,none,0.0,1424.0
endurance,300,misfire,926.0,78.46704820713839,79.1317964930018,614.2990561504645,1512.521175146889,65.9384906293018,30.868459218281814,6.088967300323676,0.26276668724041846,12.84418320723148,20.174648677165056,0.7377942855497696,3000.0,-4.5,0.45,none,0.0,1423.0
endurance,300,misfire,927.0,78.4670207358466,78.30597823048485,615.9952752246213,1512.8314339550743,65.2722125047123,30.632469254509893,6.088967300323676,0.18595892379212742,12.86985169617765,19.73637046106666,0.7377944533924945,3000.0,-4.5,0.45,none,0.0,1422.0
endurance,300,misfire,928.0,78.4669939186332,78.1878990812908,614.7328939018362,1519.8490744477926,66.00097306789615,30.420695562981273,6.088967300323676,0.13623642099785305,12.827681690580553,19.76600629610905,0.7377946172389642,3000.0,-4.5,0.45,none,0.0,1421.0
endurance,300,misfire,929.0,78.46696773992487,78.66389086014833,610.3411372028746,1516.1433818623295,65.6156903439664,29.969064690760117,6.088967300323676,0.30218839623793303,12.848809672065848,20.29614230595584,0.7377947771843274,3000.0,-4.5,0.45,none,0.0,1420.0
endurance,300,misfire,930.0,78.46694218451911,78.67008614901611,607.4275887738916,1512.7054463987554,65.86834001278436,31.178851702707956,6.088967300323676,0.2138868397830902,12.955793961242522,20.168374323988832,0.7377949333214677,3000.0,-4.5,0.45,none,0.0,1419.0
endurance,300,misfire,931.0,78.4669172375754,77.78404627883391,616.8388256486276,1525.622702610786,66.30206899735857,30.78709189386077,6.088967300323676,0.1233626435499544,12.927598868492874,20.08872435212666,0.7377950857410569,3000.0,-4.5,0.45,none,0.0,1418.0
endurance,300,misfire,932.0,78.46689288460654,78.54424818386056,612.4431519500528,1532.2319728854648,66.0784955619155,30.929205696693298,6.088967300323676,0.15153099153430233,12.919752983245154,20.112217103031444,0.7377952345316086,3000.0,-4.5,0.45,none,0.0,1417.0
endurance,300,misfire,933.0,78.46686911147027,78.86420497776996,618.7367621501055,1520.5603895945408,65.973533849289,30.6159525683419,6.088967300323676,0.17258437008354852,12.938750394480333,20.06961610125212,0.7377953797795278,3000.0,-4.5,0.45,none,0.0,1416.0
endurance,300,misfire,934.0,78.46684590436107,78.85262660065928,608.0447565351066,1518.9719114319305,65.89180125781576,30.39408195362204,6.088967300323676,0.23670563882680284,12.96233664512252,20.331939592101378,0.7377955215691634,3000.0,-4.5,0.45,none,0.0,1415.0
endurance,300,misfire,935.0,78.46682324980208,78.06290707275869,614.4875491856799,1521.2307915939323,66.29318834356646,30.668698515993245,6.088967300323676,0.12597497826785664,12.931763056400763,20.314055733328075,0.737795659982855,3000.0,-4.5,0.45,none,0.0,1414.0
endurance,300,misfire,936.0,78.46680113463735,78.12593344244202,609.318849615025,1516.173271201215,66.23220840194926,31.40107002992601,6.088967300323676,0.19164974231621568,12.941346134585611,20.123970919039643,0.7377957951009828,3000.0,-4.5,0.45,none,0.0,1413.0
endurance,300,misfire,937.0,78.46677954602416,78.16513232171924,608.5669974683562,1516.5992110579211,66.53385188045333,30.040049072539016,6.088967300323676,0.28762681606998736,12.973890589532328,20.147086688849214,0.7377959270020122,3000.0,-4.5,0.45,none,0.0,1412.0
endurance,300,misfire,938.0,78.46675847142556,78.4217376156907,613.6098854414554,1515.7409845608217,66.22986188965541,30.418774473550226,6.088967300323676,0.13727936826638193,12.905155679227954,19.969660832413716,0.7377960557625409,3000.0,-4.5,0.45,none,0.0,1411.0
endurance,300,misfire,939.0,78.46673789860313,78.50891194495946,607.7830118159765,1519.9942696146913,66.4881849762566,31.178427426941884,6.088967300323676,0.18781502643798764,12.917960738652605,19.78643647282515,0.7377961814573428,3000.0,-4.5,0.45,none,0.0,1410.0
endurance,300,misfire,940.0,78.4667178156098,78.99417786229236,618.8771931013468,1522.6848849011221,66.53138363663174,29.52917551814504,6.088967300323676,0.23270623689518138,12.879658196043893,20.22877703126824,0.7377963041594113,3000.0,-4.5,0.45,none,0.0,1409.0
endurance,300,misfire,941.0,78.46669821078298,77.88443087237889,611.5934927146511,1521.0480926783878,65.58997914444576,30.40117151566895,6.088967300323676,0.2651826377707605,12.973468575313333,20.043587964697444,0.737796423940002,3000.0,-4.5,0.45,none,0.0,1408.0
endurance,300,misfire,942.0,78.46667907273775,79.04014629012873,608.6328728372845,1519.627696388526,66.59341882585113,30.50096964709161,6.088967300323676,0.168667149798506,12.90939438305937,20.268503025918893,0.7377965408686739,3000.0,-4.5,0.45,none,0.0,1407.0
endurance,300,misfire,943.0,78.46666039036026,78.107358914685,612.9506865240028,1514.9957744195322,65.7560384602826,30.096585174354963,6.088967300323676,0.28314378857017225,12.928485370577759,20.005257468711704,0.7377966550133297,3000.0,-4.5,0.45,none,0.0,1406.0
endurance,300,misfire,944.0,78.46664215280128,78.47269947282315,617.1250630377095,1510.5715142429403,66.05677075654012,30.479402750215385,6.088967300323676,0.1423691729425084,12.898383326286211,19.719136963758807,0.7377967664402556,3000.0,-4.5,0.45,none,0.0,1405.0
endurance,300,misfire,945.0,78.46662434946991,78.44311793212967,609.4285025395435,1518.5109858119215,66.61103959865743,30.037570689810078,6.088967300323676,0.18030597255832181,12.962597045960209,19.895174318279874,0.7377968752141595,3000.0,-4.5,0.45,none,0.0,1404.0
endurance,300,misfire,946.0,78.46660697002737,78.43064652218897,611.802374396597,1529.7964248928358,66.21682516567937,30.693868559711834,6.088967300323676,0.1635463823234174,12.927327142417042,20.233055751731523,0.7377969813982086,3000.0,-4.5,0.45,none,0.0,1403.0
endurance,300,misfire,947.0,78.46659000438109,78.15699179204925,611.8361953377727,1517.7446980255338,66.44554731926905,30.25663521803605,6.088967300323676,0.21416248638227464,12.878115485472025,20.016532712569933,0.7377970850540659,3000.0,-4.5,0.45,none,0.0,1402.0
endurance,300,misfire,948.0,78.46657344267877,77.87133532634758,611.9714521938199,1528.0753438314196,65.93051057084712,30.202621337080693,6.088967300323676,0.11099396461198266,12.960758611890384,20.334376691657994,0.7377971862419268,3000.0,-4.5,0.45,none,0.0,1401.0
endurance,300,misfire,949.0,78.46655727530269,78.37057677084535,616.7279713008843,1523.4180924852349,66.85632350259549,31.01020375483836,6.088967300323676,0.20916368754321416,12.912744224871362,20.364078497087107,0.7377972850205528,3000.0,-4.5,0.45,none,0.0,1400.0
endurance,300,misfire,950.0,78.46654149286414,78.84779767442852,612.863437681904,1518.4136948710748,64.91974993249305,30.262053143132214,6.088967300323676,0.19576271970224668,12.897606450776543,19.731000831713995,0.7377973814473067,3000.0,-4.5,0.45,none,0.0,1399.0
endurance,300,misfire,951.0,78.46652608619793,79.0175040072062,609.5948057319401,1515.151421666702,66.28893979550561,31.189560091154245,6.088967300323676,0.2405190937890513,12.88843716118418,19.914344394759176,0.7377974755781855,3000.0,-4.5,0.45,none,0.0,1398.0
endurance,300,misfire,952.0,78.46651104635711,77.62202135736455,608.0722559973442,1512.9091811299222,66.12604861506874,30.730643121911182,6.088967300323676,0.1982391094716969,12.849110744690384,20.063951316076892,0.737797567467853,3000.0,-4.5,0.45,none,0.0,1397.0
endurance,300,misfire,953.0,78.46649636460774,78.89879882531005,614.1147189823811,1518.3396723679782,66.52750105772353,30.472424326007978,6.088967300323676,0.13559560236747847,12.933158434424115,19.731221424364776,0.7377976571696712,3000.0,-4.5,0.45,none,0.0,1396.0
endurance,300,misfire,954.0,78.46648203242383,79.06635134889443,612.2560270289024,1517.5480690295149,65.28147774645674,30.962809956192388,6.088967300323676,0.12505492415165417,12.931912103637105,20.07438363614555,0.7377977447357318,3000.0,-4.5,0.45,none,0.0,1395.0
endurance,300,misfire,955.0,78.46646804148239,78.9648324613753,614.1851712211599,1516.3063962901792,65.60212078690554,31.170913635069063,6.088967300323676,0.18405112799946455,12.915746814925638,20.092422847032445,0.7377978302168863,3000.0,-4.5,0.45,none,0.0,1394.0
endurance,300,misfire,956.0,78.4664543836586,77.75183490536773,613.7498476044044,1523.3406789254263,65.91271879226333,30.788578350220966,6.088967300323676,0.23010744580147305,12.952847687023965,20.294406974996452,0.7377979136627753,3000.0,-4.5,0.45,none,0.0,1393.0
endurance,300,misfire,957.0,78.46644105102109,79.06423580625517,614.4748522113958,1521.8257590647115,65.48332467571646,30.963484792051904,6.088967300323676,0.11720504847045958,12.867524055889481,20.44886082682691,0.7377979951218572,3000.0,-4.5,0.45,none,0.0,1392.0
endurance,300,misfire,958.0,78.46642803582733,78.87183099875523,612.8383916606809,1521.4945636431748,65.74396810053629,30.80710306673642,6.088967300323676,0.15203468686474317,13.015032473227963,19.931702316173627,0.7377980746414372,3000.0,-4.5,0.45,none,0.0,1391.0
endurance,300,misfire,959.0,78.46641533051914,78.34603713755564,613.5009479552602,1517.3239862827932,66.34282202216195,30.140833234896505,6.088967300323676,0.2173050423024568,12.905296902484679,19.96718690950632,0.737798152267694,3000.0,-4.5,0.45,none,0.0,1390.0
endurance,300,misfire,960.0,78.46640292771829,78.87019732094558,615.0826139289267,1526.6856490727234,65.27971373930161,31.772998986361756,6.088967300323676,0.12851921643742553,12.889703997019415,20.073815562623277,0.7377982280457065,3000.0,-4.5,0.45,none,0.0,1389.0
endurance,300,misfire,961.0,78.46639082022222,77.7449867849931,612.230116508517,1510.8695451555898,65.84284911018679,31.11430093699601,6.088967300323676,0.18797754048699603,12.965470850872496,20.11297430645467,0.7377983020194806,3000.0,-4.5,0.45,none,0.0,1388.0
endurance,300,misfire,962.0,78.46637900099986,77.87480882705734,612.3146928046177,1513.5944805796655,65.63484846169727,31.38048968342903,6.088967300323676,0.18775235514993754,12.978881869569754,19.886301620449622,0.7377983742319744,3000.0,-4.5,0.45,none,0.0,1387.0
endurance,300,misfire,963.0,78.46636746318757,79.06421622778133,612.0524247746503,1523.590207822115,67.48700110163286,30.901941782255268,6.088967300323676,0.2619244017091353,12.834344287878732,20.128955775186817,0.7377984447251231,3000.0,-4.5,0.45,none,0.0,1386.0
endurance,300,misfire,964.0,78.46635620008509,78.76256753575763,613.1413619010364,1523.4523788301187,65.56639997785797,29.70740214720052,6.088967300323676,0.16354446905067271,12.91012491589777,19.90751284321421,0.7377985135398635,3000.0,-4.5,0.45,none,0.0,1385.0
endurance,300,misfire,965.0,78.46634520515171,78.38682722143592,617.7935595259027,1523.4106478880863,66.68744089333866,31.365653712294623,6.088967300323676,0.23414126952695088,12.983294672955505,19.988248459811757,0.7377985807161576,3000.0,-4.5,0.45,none,0.0,1384.0
endurance,300,misfire,966.0,78.46633447200246,76.95411216601406,616.2502398360348,1518.1846094109026,65.7475736352698,30.335607085442287,6.088967300323676,0.24789090213128995,12.92415081190224,20.003877188608563,0.7377986462930163,3000.0,-4.5,0.45,none,0.0,1383.0
endurance,300,misfire,967.0,78.46632399440439,78.61865372365381,609.816877921637,1517.2846310934126,66.87626444253645,30.1859423237162,6.088967300323676,0.14255372033521604,12.903323665565468,19.793899162056995,0.7377987103085211,3000.0,-4.5,0.45,none,0.0,1382.0
endurance,300,misfire,968.0,78.46631376627293,78.98487875214452,605.9664104416669,1519.802287137241,66.37116254463662,30.2626090743609,6.088967300323676,0.24754767863991828,12.9581435312971,19.963041158895688,0.7377987727998473,3000.0,-4.5,0.45,none,0.0,1381.0
endurance,300,misfire,969.0,78.46630378166842,77.7664160251271,610.4987398375793,1514.8788099953756,65.97749411542695,31.202508064670745,6.088967300323676,0.20790643039636342,13.03403985811429,20.10390919660365,0.7377988338032848,3000.0,-4.5,0.45,none,0.0,1380.0
endurance,300,misfire,970.0,78.46629403479258,79.11951658350692,616.0905634121028,1521.88601785723,66.06415001365653,30.143885112185654,6.088967300323676,0.17677242137847,12.898158672357686,19.663288831188748,0.7377988933542593,3000.0,-4.5,0.45,none,0.0,1379.0
endurance,300,misfire,971.0,78.46628451998522,77.63174244636288,612.0396574441819,1527.9988474928116,65.87265568057597,30.608504191798815,6.088967300323676,0.14532117923866192,12.799383579006433,20.004885848615395,0.7377989514873535,3000.0,-4.5,0.45,none,0.0,1378.0
endurance,300,misfire,972.0,78.4662752317209,77.71474593502724,613.9667312867352,1515.6778629647374,65.95826014215262,30.459359152202772,6.088967300323676,0.26101734758926903,12.888879093247368,19.669941510835955,0.7377990082363265,3000.0,-4.5,0.45,none,0.0,1377.0
endurance,300,misfire,973.0,78.46626616460573,78.5591710705042,612.1783923010113,1518.6442722559107,66.44418738779582,31.193858852078865,6.088967300323676,0.12589815182223796,12.91288014199126,19.93177864626107,0.7377990636341335,3000.0,-4.5,0.45,none,0.0,1376.0
endurance,300,misfire,974.0,78.46625731337424,78.21718947339646,609.9998131948993,1520.4761158846513,66.42229583883108,30.726303453744183,6.088967300323676,0.261218691910482,12.880828527297405,19.827161356897392,0.737799117712945,3000.0,-4.5,0.45,none,0.0,1375.0
endurance,300,misfire,975.0,78.46624867288637,78.16111991264573,611.9508656654481,1520.7192296663254,66.25570055979856,31.441978466963647,6.088967300323676,0.2081319334036238,12.956516098578367,20.10565760658697,0.7377991705041658,3000.0,-4.5,0.45,none,0.0,1374.0
endurance,300,misfire,976.0,78.46624023812439,78.69221108480694,615.266775643551,1514.8779693366498,65.58530746454483,30.271759908821167,6.088967300323676,0.23747578820418913,12.918800889207965,19.8602969843999,0.7377992220384528,3000.0,-4.5,0.45,none,0.0,1373.0
endurance,300,misfire,977.0,78.46623200419008,77.91861887384866,614.7001230141015,1518.7605427972105,66.45816781589133,30.60354315821208,6.088967300323676,0.21836092192644732,12.947848557324413,19.892710932314873,0.737799272345733,3000.0,-4.5,0.45,none,0.0,1372.0
endurance,300,misfire,978.0,78.46622396630183,78.53631245013472,620.9361158729461,1519.4225393011768,65.53343016442786,29.61197717730077,6.088967300323676,0.24816734502205523,12.896714098449657,20.075395012908277,0.7377993214552208,3000.0,-4.5,0.45,none,0.0,1371.0
endurance,300,misfire,979.0,78.46621611979187,78.70009699314237,610.6905785309234,1518.808245874079,66.28765956304366,30.2912448831967,6.088967300323676,0.15462237002992912,12.92879548847573,20.375125397054035,0.7377993693954349,3000.0,-4.5,0.45,none,0.0,1370.0
endurance,300,misfire,980.0,78.46620846010357,77.9970470242194,610.3205549087694,1519.8862665158897,66.17919144916416,30.461921454763893,6.088967300323676,0.1908039785280288,12.928863243810028,20.100375089131568,0.7377994161942154,3000.0,-4.5,0.45,none,0.0,1369.0
endurance,300,misfire,981.0,78.4662009827888,79.23030511882475,613.5908843960344,1527.587847475422,66.31987954577724,31.03272775438845,6.088967300323676,0.2629181012499949,12.991689649121625,19.865642581893578,0.7377994618787393,3000.0,-4.5,0.45,none,0.0,1368.0
endurance,300,misfire,982.0,78.46619368350534,79.35911145560188,604.3261347781357,1521.2343324062765,66.23878156611767,30.200039254230195,6.088967300323676,0.2646770004074197,12.997437875113949,20.24803313044016,0.7377995064755365,3000.0,-4.5,0.45,none,0.0,1367.0
endurance,300,misfire,983.0,78.46618655801434,77.96630346271982,612.6822215383119,1522.131653011162,66.9640565579983,30.30367195672556,6.088967300323676,0.14882287105894076,12.897589906211707,20.037429742029378,0.7377995500105052,3000.0,-4.5,0.45,none,0.0,1366.0
endurance,300,misfire,984.0,78.46617960217789,77.81493903256721,612.1248154005436,1514.9993636014628,65.9169075518551,30.5381988392719,6.088967300323676,0.23658943454267095,12.937674251537185,20.120965176291314,0.7377995925089269,3000.0,-4.5,0.45,none,0.0,1365.0
endurance,300,misfire,985.0,78.4661728119566,78.36954045408567,614.0194648400567,1516.474083533525,66.72283080697218,31.81539944221945,6.088967300323676,0.2389742348852179,13.000484734779713,20.014153499542914,0.7377996339954814,3000.0,-4.5,0.45,none,0.0,1364.0
endurance,300,misfire,986.0,78.46616618340724,78.83223000923414,610.6041077435624,1522.456681939678,65.77478670225729,30.159379777189766,6.088967300323676,0.209888633771338,12.865030567229173,19.72874204487899,0.7377996744942609,3000.0,-4.5,0.45,none,0.0,1363.0
endurance,300,misfire,987.0,78.46615971268048,77.82111831070527,613.8147389648934,1510.2329171149586,66.50111337950744,30.80456985180222,6.088967300323676,0.17768224933896049,12.961312001487363,20.238006254373136,0.7377997140287837,3000.0,-4.5,0.45,none,0.0,1362.0
endurance,300,misfire,988.0,78.46615339601864,78.29545661340813,609.0358735153678,1516.0362164006601,66.04663143378384,30.370967080516266,6.088967300323676,0.14658885634925806,12.884434020856999,19.61827804402088,0.7377997526220084,3000.0,-4.5,0.45,none,0.0,1361.0
endurance,300,misfire,989.0,78.46614722975352,77.88076221892737,611.3526217320264,1510.7532952219576,66.11594311996313,31.112992728256646,6.088967300323676,0.1688304527228082,12.950404981853772,20.191822624201755,0.7377997902963468,3000.0,-4.5,0.45,none,0.0,1360.0
endurance,300,misfire,990.0,78.46614121030423,78.30210209241953,607.7334044204181,1524.275005079603,65.78061696665887,30.399338467398717,6.088967300323676,0.18005060008781335,12.902873747045073,19.886811496427757,0.737799827073677,3000.0,-4.5,0.45,none,0.0,1359.0
endurance,300,misfire,991.0,78.46613533417516,78.38019157280101,609.7273159332914,1531.09927668973,67.23234235823503,30.41318831015274,6.088967300323676,0.24046985652460082,12.989577602246476,20.042085907348387,0.7377998629753566,3000.0,-4.5,0.45,none,0.0,1358.0
endurance,300,misfire,992.0,78.46612959795394,78.16362113954455,613.626493210752,1511.3289803138632,67.44543073504012,30.78996134221961,6.088967300323676,0.1968680027241352,12.987827155005341,20.002577381716584,0.7377998980222342,3000.0,-4.5,0.45,none,0.0,1357.0
endurance,300,misfire,993.0,78.4661239983094,78.57394717047744,612.8257881934493,1520.851347547231,66.07965611708596,30.13697669281033,6.088967300323676,0.21260283324831586,12.837008900191867,20.34859339590047,0.7377999322346624,3000.0,-4.5,0.45,none,0.0,1356.0
endurance,300,misfire,994.0,78.46611853198974,78.09083865345357,610.1709266824739,1513.8106624684638,66.5483077924497,30.861090580523275,6.088967300323676,0.29850371430454287,12.944405820206393,20.26472566485622,0.7377999656325089,3000.0,-4.5,0.45,none,0.0,1355.0
endurance,300,misfire,995.0,78.46611319582054,77.89552082346222,613.2429006733332,1528.2035511300228,65.81983265408724,30.37740358475594,6.088967300323676,0.1470800087195,12.904521027179557,19.971730673324984,0.7377999982351688,3000.0,-4.5,0.45,none,0.0,1354.0
endurance,300,misfire,996.0,78.466107986703,78.67030834664716,615.1875011305838,1515.1480084834402,66.74423534208373,31.162667156751375,6.088967300323676,0.15340593761369953,12.956910311105965,19.963460449439452,0.7378000300615748,3000.0,-4.5,0.45,none,0.0,1353.0
endurance,300,misfire,997.0,78.46610290161205,79.05286976580659,611.2522952427116,1507.5606354730025,66.29964475212827,30.150838782796605,6.088967300323676,0.19506690237599428,12.900429774940951,19.645894178831668,0.7378000611302091,3000.0,-4.5,0.45,none,0.0,1352.0
endurance,300,misfire,998.0,78.4660979375947,78.43023827483587,608.7326108792702,1523.9217091128692,66.65454800559583,29.71249774327646,6.088967300323676,0.15707417593235198,12.88003328361875,19.997977007818058,0.7378000914591141,3000.0,-4.5,0.45,none,0.0,1351.0
endurance,300,misfire,999.0,78.46609309176824,78.51513824646405,611.0391985250051,1514.6355054653307,65.3795220351157,30.034644861485326,6.088967300323676,0.134996836910322,12.933292594592483,19.868997629681314,0.7378001210659023,3000.0,-4.5,0.45,none,0.0,1350.0
endurance,300,misfire,1000.0,78.4660883613186,78.53579098211226,613.1879052757499,1522.0563044801502,66.0764565040302,30.857468430203127,6.088967300323676,0.1376726264553349,12.904227961585846,20.239453540493898,0.737800149967767,3000.0,-4.5,0.45,none,0.0,1349.0
endurance,300,misfire,1001.0,78.46608374349871,79.26141204373359,612.4354148728753,1519.81678973472,66.41963219632954,31.347866044246008,6.088967300323676,0.21304443096432854,13.0228726527022,19.94812863104979,0.737800178181492,3000.0,-4.5,0.45,none,0.0,1348.0
endurance,300,misfire,1002.0,78.46607923562692,78.62279505119835,617.4281075833844,1515.513413719126,66.01841302110248,30.30012469213395,6.088967300323676,0.29624873901101934,12.84731234687145,19.640693659979533,0.7378002057234617,3000.0,-4.5,0.45,none,0.0,1347.0
endurance,300,misfire,1003.0,78.46607483508541,78.46544851802055,614.8313441682186,1524.9646674442174,66.50120914337383,30.743490660258033,6.088967300323676,0.20393866614935485,12.947263509510073,19.983149748562713,0.7378002326096702,3000.0,-4.5,0.45,none,0.0,1346.0
endurance,300,misfire,1004.0,78.4660705393187,77.88219011368713,615.2690925513841,1518.3875279514452,67.06737516347005,31.160473846264853,6.088967300323676,0.20548248022505045,12.940276917218014,20.11272027846376,0.7378002588557309,3000.0,-4.5,0.45,none,0.0,1345.0
endurance,300,misfire,1005.0,78.46606634583213,78.55802104668679,616.1553438349781,1527.3034312209224,66.38072157049628,29.772261163598216,6.088967300323676,0.18381734726653476,12.89723376903322,20.153570301233366,0.7378002844768854,3000.0,-4.5,0.45,none,0.0,1344.0
endurance,300,misfire,1006.0,78.4660622521905,79.09704775894002,604.8241285956759,1516.8255352255628,66.95495367823008,30.643543272593224,6.088967300323676,0.2624399136910176,12.959426639757904,19.94542549605032,0.7378003094880123,3000.0,-4.5,0.45,none,0.0,1343.0
endurance,300,misfire,1007.0,78.46605825601652,78.2487648501136,610.6056846383732,1528.066608756053,66.23880680151643,30.853441308764644,6.088967300323676,0.18876727662525927,12.825415861967672,20.313530718239917,0.7378003339036363,3000.0,-4.5,0.45,none,0.0,1342.0
endurance,300,misfire,1008.0,78.46605435498954,78.77959283722089,609.6653523786763,1513.2447227584587,66.40321586463176,30.031011347947164,6.088967300323676,0.16549699535537812,12.918259999490077,20.331407190986912,0.737800357737936,3000.0,-4.5,0.45,none,0.0,1341.0
endurance,300,misfire,1009.0,78.46605054684416,79.39204339896342,615.4653155124091,1522.1570415195386,66.43301885266129,30.31822285121553,6.088967300323676,0.1933698949361441,12.9390822456673,19.93570153000874,0.7378003810047522,3000.0,-4.5,0.45,none,0.0,1340.0
endurance,300,misfire,1010.0,78.4660468293689,77.94636760704319,614.9338250812974,1517.6599700101478,65.74999334800405,29.387140853125032,6.088967300323676,0.20501387849151978,12.920256773767017,20.168540314032047,0.7378004037175966,3000.0,-4.5,0.45,none,0.0,1339.0
endurance,300,misfire,1011.0,78.46604320040497,79.44591187759609,614.8879241839635,1513.0597825250516,65.76298785359619,30.94807031777186,6.088967300323676,0.19923402418352415,12.870631570781235,19.87714440939124,0.737800425889659,3000.0,-4.5,0.45,none,0.0,1338.0
endurance,300,misfire,1012.0,78.46603965784493,79.3191813762213,614.3668606532672,1513.6108452222381,66.61166428448279,29.9239176892961,6.088967300323676,0.21794757359554837,12.958315907060562,19.9697828696796,0.7378004475338152,3000.0,-4.5,0.45,none,0.0,1337.0
endurance,300,misfire,1013.0,78.46603619963156,78.18047623519158,614.733218865122,1519.7148752264186,66.3780219984349,30.283252263752324,6.088967300323676,0.1763503708828367,12.886197264158993,19.652904006552337,0.7378004686626345,3000.0,-4.5,0.45,none,0.0,1336.0
endurance,300,misfire,1014.0,78.4660328237566,79.0218759369264,610.8196980482116,1524.582375876458,67.58229707077926,30.131213720716243,6.088967300323676,0.1309139336938583,12.91862892466208,19.902908283504026,0.7378004892883865,3000.0,-4.5,0.45,none,0.0,1335.0
endurance,300,misfire,1015.0,78.46602952825963,78.60983195454686,616.5698775805927,1526.9562692348627,66.41929841969107,31.547372313608758,6.088967300323676,0.18235159844596946,12.872199091463184,19.911581435357032,0.7378005094230491,3000.0,-4.5,0.45,none,0.0,1334.0
endurance,300,misfire,1016.0,78.46602631122686,78.09376333219191,614.9170555548785,1517.7372897568691,66.2788957095035,29.699030488034428,6.088967300323676,0.31793844753989575,12.786357673996223,20.531604051053296,0.737800529078315,3000.0,-4.5,0.45,none,0.0,1333.0
endurance,300,misfire,1017.0,78.46602317079011,78.17967140226511,611.4787354036371,1532.4820468062692,65.99336075189412,31.42553955979666,6.088967300323676,0.27977213661728134,12.928772749077563,20.04906194539414,0.7378005482655985,3000.0,-4.5,0.45,none,0.0,1332.0
endurance,300,misfire,1018.0,78.46602010512566,79.66035676481258,611.6124656848191,1521.5595652922623,66.30563211899701,30.253032328018655,6.088967300323676,0.12213753149322404,12.89102064940198,19.703043587135276,0.7378005669960418,3000.0,-4.5,0.45,none,0.0,1331.0
endurance,300,misfire,1019.0,78.46601711245323,79.35920347608443,614.7906194582006,1518.4952910540994,66.16818779007976,29.977501302287187,6.088967300323676,0.2203624834302468,12.943265488897659,20.209029526470033,0.7378005852805222,3000.0,-4.5,0.45,none,0.0,1330.0
endurance,300,misfire,1020.0,78.4660141910349,78.8892415420443,609.8832071874255,1518.0312968541534,66.33579324515166,30.180174783129363,6.088967300323676,0.2726785352111898,12.891214304573449,19.791781753146914,0.7378006031296578,3000.0,-4.5,0.45,none,0.0,1329.0
endurance,300,misfire,1021.0,78.46601133917414,78.52457845314652,607.6703724790267,1513.1268190103476,66.04768511764877,31.157144646255073,6.088967300323676,0.2798337382338,12.855522549808216,19.810396087585534,0.7378006205538141,3000.0,-4.5,0.45,none,0.0,1328.0
endurance,300,misfire,1022.0,78.46600855521484,77.88557872220449,610.2307549044793,1510.1922392613972,66.568782911129,30.559421570251487,6.088967300323676,0.13583301325797797,12.940909215525492,19.911331081523116,0.7378006375631094,3000.0,-4.5,0.45,none,0.0,1327.0
endurance,300,misfire,1023.0,78.46600583754028,78.34063387786891,611.0364277584382,1509.1144312717681,66.13497064797706,30.375869479244205,6.088967300323676,0.24730372227286745,12.815604502150885,19.98240159792546,0.7378006541674216,3000.0,-4.5,0.45,none,0.0,1326.0
endurance,300,misfire,1024.0,78.46600318457226,78.27249867079456,611.2751052563141,1522.4764335426726,66.5989256123724,30.282448729545443,6.088967300323676,0.21902758383552107,12.896910546641594,20.116482230568387,0.7378006703763929,3000.0,-4.5,0.45,none,0.0,1325.0
endurance,300,misfire,1025.0,78.46600059477014,77.56619480745549,611.9776360167939,1526.4573964024476,66.280726570239,30.249152532480174,6.088967300323676,0.1855736770618061,12.882583871437852,19.802658177682503,0.7378006861994364,3000.0,-4.5,0.45,none,0.0,1324.0
endurance,300,misfire,1026.0,78.46599806662998,79.18978859600483,609.7530464095133,1513.0850883667435,67.10289441971025,30.82233988925322,6.088967300323676,0.17407494610672064,12.92000729604525,20.072629357762327,0.7378007016457409,3000.0,-4.5,0.45,none,0.0,1323.0
endurance,300,misfire,1027.0,78.46599559868363,78.18540275079295,614.1432688069387,1512.3300226590743,66.49138140168009,30.37233166602268,6.088967300323676,0.22575139305607408,12.886199472719042,19.81280475224636,0.7378007167242759,3000.0,-4.5,0.45,none,0.0,1322.0
endurance,300,misfire,1028.0,78.46599318949791,78.40624413004929,616.1348423193348,1527.3403831401638,66.12737778246773,31.064774097723667,6.088967300323676,0.24525524399203452,12.842387206393102,19.985754056836374,0.7378007314437984,3000.0,-4.5,0.45,none,0.0,1321.0
endurance,300,misfire,1029.0,78.46599083767376,78.23129840552082,609.4251665634328,1517.0062242678296,65.85870396786882,30.609898328397833,6.088967300323676,0.15832873450234503,12.985768868381832,19.99118011211375,0.7378007458128562,3000.0,-4.5,0.45,none,0.0,1320.0
endurance,300,misfire,1030.0,78.46598854184542,78.56640709104829,610.6528864925303,1516.8609999101316,65.878880812349,30.51315932825947,6.088967300323676,0.2663051950608927,13.067463506488858,19.89124214642813,0.7378007598397932,3000.0,-4.5,0.45,none,0.0,1319.0
endurance,300,misfire,1031.0,78.46598630067966,77.9467745686357,608.7403319775711,1526.780916261422,66.13499738441925,29.606763118874294,6.088967300323676,0.20602692468320827,12.90636751219876,20.200610938181,0.7378007735327556,3000.0,-4.5,0.45,none,0.0,1318.0
endurance,300,misfire,1032.0,78.46598411287499,77.93362827370709,612.0346137475887,1521.2525793829584,66.4881593845234,29.66829296665272,6.088967300323676,0.17241027813794685,12.829718905240934,20.212781122326877,0.7378007868996953,3000.0,-4.5,0.45,none,0.0,1317.0
endurance,300,misfire,1033.0,78.46598197716091,77.93865494298464,610.568595045943,1531.925821284442,66.00520646654161,30.314326271554158,6.088967300323676,0.1987953005888952,12.956770887918845,20.3950696203767,0.7378007999483744,3000.0,-4.5,0.45,none,0.0,1316.0
endurance,300,misfire,1034.0,78.46597989229716,78.44453905740188,613.597362725144,1513.7375916027515,66.73253064516845,30.37495359220443,6.088967300323676,0.22431223655508525,12.890789603514207,20.290256081693077,0.7378008126863707,3000.0,-4.5,0.45,none,0.0,1315.0
endurance,300,misfire,1035.0,78.46597785707301,78.38778178616228,615.0028570420493,1510.9960001623726,67.58942368771265,30.57006370865803,6.088967300323676,0.24230832733081245,12.805182213966184,20.094529666413624,0.7378008251210815,3000.0,-4.5,0.45,none,0.0,1314.0
endurance,300,misfire,1036.0,78.4659758703066,78.3088776439993,612.888928262433,1517.323764074583,64.99581636339458,30.044752397711566,6.088967300323676,0.20189413416133736,12.883382825160757,20.04005213104308,0.7378008372597276,3000.0,-4.5,0.45,none,0.0,1313.0
endurance,300,misfire,1037.0,78.46597393084413,78.61729205310792,615.4588409288881,1522.466245189933,66.39153775900728,31.210320292287044,6.088967300323676,0.2747162763657861,12.936684400696103,19.98988318354033,0.7378008491093584,3000.0,-4.5,0.45,none,0.0,1312.0
endurance,300,misfire,1038.0,78.46597203755935,78.13764172402291,612.172372817191,1520.1121811581859,66.50646819221619,30.31621576138807,6.088967300323676,0.20566924107271461,12.944288552972901,20.332938897255257,0.737800860676855,3000.0,-4.5,0.45,none,0.0,1311.0
endurance,300,misfire,1039.0,78.46597018935279,78.44012610681798,616.3425324554245,1522.921218885269,66.79125820326051,30.120480987529525,6.088967300323676,0.17721048878027898,12.851136742732296,20.131028198259482,0.7378008719689351,3000.0,-4.5,0.45,none,0.0,1310.0
endurance,300,misfire,1040.0,78.46596838515113,78.54533955505758,611.8526330748742,1516.4854643240772,66.5213744330188,30.259572933519113,6.088967300323676,0.11892431751847254,12.953039957112523,19.797245531160755,0.7378008829921563,3000.0,-4.5,0.45,none,0.0,1309.0
endurance,300,misfire,1041.0,78.46596662390665,78.5375263004335,609.8552001217912,1518.2965082511967,66.02080519370385,29.96678895421018,6.088967300323676,0.1734236850196774,12.953128460045102,20.354632940111944,0.7378008937529197,3000.0,-4.5,0.45,none,0.0,1308.0
endurance,300,misfire,1042.0,78.46596490459658,78.66418741571626,610.9270197566881,1528.7752591125025,66.07654429512276,29.930942486206675,6.088967300323676,0.2536327823275656,12.982723146682469,19.72847940924465,0.7378009042574744,3000.0,-4.5,0.45,none,0.0,1307.0
endurance,300,misfire,1043.0,78.46596322622246,79.37569527377474,616.0948951799177,1525.4083340120153,65.62332599668805,30.671333631090874,6.088967300323676,0.2534253857846387,12.939448537920644,20.124453151027357,0.7378009145119206,3000.0,-4.5,0.45,none,0.0,1306.0
endurance,300,misfire,1044.0,78.46596158780962,78.01636781801396,613.9232535064901,1518.3314176757674,66.56287039359472,29.83806494227248,6.088967300323676,0.19190016906045027,12.866693334197919,20.037196724450236,0.7378009245222135,3000.0,-4.5,0.45,none,0.0,1305.0
endurance,300,misfire,1045.0,78.46595998840661,78.27699421941071,614.1320206482225,1522.163290082912,66.6827600888678,30.128364879768885,6.088967300323676,0.21419829447621325,12.982930316761662,20.06520754529209,0.737800934294166,3000.0,-4.5,0.45,none,0.0,1304.0
endurance,300,misfire,1046.0,78.46595842708463,78.50901584759077,607.9214170215442,1513.6110790729788,65.46744085082949,30.80211623057773,6.088967300323676,0.2343526240868636,12.957089637438317,20.219601830692923,0.737800943833453,3000.0,-4.5,0.45,none,0.0,1303.0
endurance,300,misfire,1047.0,78.46595690293698,78.60281079262434,611.7033286627169,1512.918284503592,66.90317489604705,29.768500786291284,6.088967300323676,0.23275219568801284,12.940927520712645,19.997169611110348,0.7378009531456141,3000.0,-4.5,0.45,none,0.0,1302.0
endurance,300,misfire,1048.0,78.46595541507857,78.21759480887285,609.2574966864512,1511.8074781910336,66.17793343849826,30.960027588581298,6.088967300323676,0.13117812035399767,12.89706737431455,20.226496496066673,0.7378009622360571,3000.0,-4.5,0.45,none,0.0,1301.0
endurance,300,misfire,1049.0,78.46595396264534,78.04086124514079,614.9472476752263,1522.6060257938923,65.55270804604324,30.77095344689444,6.088967300323676,0.16747809664418326,12.927187731266297,20.03174390562231,0.7378009711100609,3000.0,-4.5,0.45,none,0.0,1300.0
endurance,300,misfire,1050.0,78.46595254479386,79.19672413151945,611.780380284263,1526.258629077186,65.24292109967115,31.170680404505987,6.088967300323676,0.21883729427042078,12.95604106399727,20.106564208344967,0.737800979772779,3000.0,-4.5,0.45,none,0.0,1299.0
endurance,300,misfire,1051.0,78.46595116070075,78.3110239412591,616.590662187605,1515.8553170555579,66.07993480397303,29.816054030908205,6.088967300323676,0.18002683503622538,12.929608270564074,20.22790454487556,0.7378009882292418,3000.0,-4.5,0.45,none,0.0,1298.0
endurance,300,misfire,1052.0,78.46594980956225,78.25973762409768,614.3567059822668,1515.959095293009,66.25539039707394,30.771959175948606,6.088967300323676,0.22058529381045563,12.890456720246238,20.250997169364584,0.7378009964843604,3000.0,-4.5,0.45,none,0.0,1297.0
endurance,300,misfire,1053.0,78.4659484905937,77.98835439055217,609.511150009123,1518.390154132061,65.99603543159807,30.857374241470566,6.088967300323676,0.17608849283210012,12.918932889056514,20.036464336873397,0.7378010045429284,3000.0,-4.5,0.45,none,0.0,1296.0
endurance,300,misfire,1054.0,78.46594720302917,77.43404274229803,611.9965591446438,1518.9983589232013,67.10447755186905,29.570715322798282,6.088967300323676,0.13059923267123985,12.906528323255069,19.698971451064587,0.7378010124096258,3000.0,-4.5,0.45,none,0.0,1295.0
endurance,300,misfire,1055.0,78.46594594612094,78.22486845808771,612.640778371744,1512.8453575979515,65.83563047470054,28.93387567156794,6.088967300323676,0.1516851663007326,12.897239941397437,20.264680036455523,0.7378010200890208,3000.0,-4.5,0.45,none,0.0,1294.0
endurance,300,misfire,1056.0,78.46594471913909,78.7070470831721,611.2815827648319,1522.2766221261058,66.12464901536711,31.29451938074048,6.088967300323676,0.27579033083925525,12.959805137987969,20.378429621965736,0.7378010275855733,3000.0,-4.5,0.45,none,0.0,1293.0
endurance,300,misfire,1057.0,78.46594352137109,77.76932751666541,615.2832938155566,1517.4966482801087,66.08513304026168,31.090693992803697,6.088967300323676,0.1482195051659102,13.00072050809817,20.17105567748961,0.7378010349036364,3000.0,-4.5,0.45,none,0.0,1292.0
endurance,300,misfire,1058.0,78.46594235212137,79.18989303245802,611.7217412394298,1514.3806704417718,66.63576387775215,29.309625429884235,6.088967300323676,0.2780510673166782,12.858663460606277,19.89818149360847,0.7378010420474597,3000.0,-4.5,0.45,none,0.0,1291.0
endurance,300,misfire,1059.0,78.46594121071095,78.39695793982425,613.0613645885271,1527.3109847422882,66.11805420467475,30.074309114218362,6.088967300323676,0.13294588743067157,12.943508815044307,19.673185220572677,0.7378010490211921,3000.0,-4.5,0.45,none,0.0,1290.0
endurance,300,misfire,1060.0,78.46594009647696,78.14398162399426,614.5324560455311,1517.4201020272449,65.89968110455523,30.23797881401819,6.088967300323676,0.23557178599515574,12.878178961181442,20.052514278640405,0.7378010558288832,3000.0,-4.5,0.45,none,0.0,1289.0
endurance,300,misfire,1061.0,78.46593900877235,79.04798288422974,609.9400117020069,1514.5895951843952,66.44958991182865,30.480342458759335,6.088967300323676,0.2049311868355008,12.883213285045473,19.761953381880975,0.7378010624744864,3000.0,-4.5,0.45,none,0.0,1288.0
endurance,300,misfire,1062.0,78.46593794696547,79.25321049612938,608.9266352007888,1513.0027335352904,66.33992149561979,30.00365368557818,6.088967300323676,0.10849735057401705,13.055309660733325,20.351546985305664,0.737801068961861,3000.0,-4.5,0.45,none,0.0,1287.0
endurance,300,misfire,1063.0,78.46593691043971,78.65125214217181,611.6236667890905,1514.0428860417442,65.65769269814783,29.727616770689114,6.088967300323676,0.20634134367884954,12.921001101921668,20.063961903154883,0.7378010752947743,3000.0,-4.5,0.45,none,0.0,1286.0
endurance,300,misfire,1064.0,78.46593589859313,77.98466093024697,612.7767507258314,1524.8653967306836,65.88079369814842,29.69031949469206,6.088967300323676,0.23767749542253236,12.881420324567484,19.816071294483628,0.7378010814769038,3000.0,-4.5,0.45,none,0.0,1285.0
endurance,300,misfire,1065.0,78.46593491083814,77.66615474662946,608.082635617939,1520.6933689470654,67.27486836795022,30.08941738567417,6.088967300323676,0.19429321457653914,12.930097124351194,19.69821305332535,0.7378010875118399,3000.0,-4.5,0.45,none,0.0,1284.0
endurance,300,misfire,1066.0,78.46593394660113,78.3702915819578,615.0661717209987,1519.6968899460578,66.26138280003447,31.834379461552288,6.088967300323676,0.23087513370889584,12.96046264330103,19.90687289277014,0.737801093403087,3000.0,-4.5,0.45,none,0.0,1283.0
endurance,300,misfire,1067.0,78.46593300532213,77.3415977457607,613.8871493139687,1520.5631395800242,66.15658731668375,30.665159882941364,6.088967300323676,0.19605954448686586,12.957415973371264,20.09919348550319,0.7378010991540664,3000.0,-4.5,0.45,none,0.0,1282.0
endurance,300,misfire,1068.0,78.46593208645454,78.42257236923477,611.5726702344547,1516.1693937168375,65.5814843331253,31.050823069637893,6.088967300323676,0.30625543698923086,12.879115595949806,20.05338241532183,0.7378011047681177,3000.0,-4.5,0.45,none,0.0,1281.0
endurance,300,misfire,1069.0,78.46593118946475,78.48093506219017,607.905080476904,1518.750591059577,65.5010035208913,30.493005449454536,6.088967300323676,0.20021439002657548,12.992563280473508,19.832421216812968,0.7378011102485009,3000.0,-4.5,0.45,none,0.0,1280.0
endurance,300,misfire,1070.0,78.46593031383186,78.29455443994807,616.565974915178,1520.2245930177544,66.39399678873518,30.27832880029337,6.088967300323676,0.17938588674200476,12.859610856549116,20.06340659157092,0.737801115598399,3000.0,-4.5,0.45,none,0.0,1279.0
endurance,300,misfire,1071.0,78.46592945904737,78.72419915989347,614.7099619033103,1517.1410513120313,66.38744241706439,29.835202807388765,6.088967300323676,0.2544773900841589,12.859566767184267,19.777621006397432,0.7378011208209185,3000.0,-4.5,0.45,none,0.0,1278.0
endurance,300,misfire,1072.0,78.4659286246149,78.35805632020083,611.9573239412603,1522.5820691136685,66.02402702956167,30.050683755793067,6.088967300323676,0.06632355686232333,12.896545384359575,19.936799723607386,0.7378011259190924,3000.0,-4.5,0.45,none,0.0,1277.0
endurance,300,misfire,1073.0,78.46592781004986,77.54978393982492,615.0546240606707,1522.521266967738,67.20683853431099,30.444014927499772,6.088967300323676,0.2475057125921042,12.948723405192862,20.226578236025684,0.7378011308958812,3000.0,-4.5,0.45,none,0.0,1276.0
endurance,300,misfire,1074.0,78.46592701487923,78.06861381018261,616.4223661006606,1527.2166710211598,65.66576604602767,30.396217681973944,6.088967300323676,0.09312362734399351,12.82888580525292,19.6469511490778,0.7378011357541749,3000.0,-4.5,0.45,none,0.0,1275.0
endurance,300,misfire,1075.0,78.46592623864123,78.53684277878368,614.6624903450312,1520.9069402549233,66.2968768638918,30.256167066633765,6.088967300323676,0.1565681238584845,12.930089027639493,19.90018988740258,0.737801140496795,3000.0,-4.5,0.45,none,0.0,1274.0
endurance,300,misfire,1076.0,78.46592548088509,78.57642754931713,610.4165833529868,1518.751410869401,65.6349854916156,29.950444040142415,6.088967300323676,0.15643956297122444,12.94541040848599,19.738410177045978,0.7378011451264956,3000.0,-4.5,0.45,none,0.0,1273.0
endurance,300,misfire,1077.0,78.46592474117077,78.2778438839004,612.2132856868598,1522.082266359459,65.30391363772482,30.571252330064592,6.088967300323676,0.19633413950569195,12.934781463592,20.328843933686496,0.7378011496459652,3000.0,-4.5,0.45,none,0.0,1272.0
endurance,300,misfire,1078.0,78.46592401906868,78.52987355277247,609.3903246752915,1519.89069938501,66.13421367988698,31.319524692764727,6.088967300323676,0.22309013104173592,12.874750432570613,19.972186650110917,0.7378011540578284,3000.0,-4.5,0.45,none,0.0,1271.0
endurance,300,misfire,1079.0,78.46592331415951,79.16491149699985,612.894618750106,1517.161874356275,66.01967034133422,30.308941493229035,6.088967300323676,0.11577001496340426,12.92808444746308,19.820456865825417,0.7378011583646473,3000.0,-4.5,0.45,none,0.0,1270.0
endurance,300,misfire,1080.0,78.46592262603389,78.45706839559803,609.2845317461148,1515.723390404996,66.13117221133865,30.419657796880685,6.088967300323676,0.21256891880102277,12.93476721212949,20.041475733872414,0.7378011625689227,3000.0,-4.5,0.45,none,0.0,1269.0
endurance,300,misfire,1081.0,78.46592195429221,78.47098116911424,612.2030911101002,1523.8250278492364,66.31966343700843,30.245166172073148,6.088967300323676,0.09988380081275879,13.018178475369732,20.131189178286697,0.7378011666730965,3000.0,-4.5,0.45,none,0.0,1268.0
endurance,300,misfire,1082.0,78.46592129854439,78.57820687459912,611.7974319713127,1517.4767775397122,65.678551809881,30.933779973156533,6.088967300323676,0.21777059344912567,12.827500629153198,20.002055384953266,0.7378011706795518,3000.0,-4.5,0.45,none,0.0,1267.0
endurance,300,misfire,1083.0,78.4659206584096,78.50350130698178,611.1526142664835,1515.0331247122708,65.90274319094921,30.422626488619837,6.088967300323676,0.24003083777124073,12.988494290850339,19.74703663722344,0.7378011745906152,3000.0,-4.5,0.45,none,0.0,1266.0
endurance,300,misfire,1084.0,78.46592003351611,78.22593986422766,614.2192862819743,1520.0722877281949,66.26728693328462,30.368481043795448,6.088967300323676,0.205794129761029,12.915452604340512,19.94696380283071,0.7378011784085583,3000.0,-4.5,0.45,none,0.0,1265.0
endurance,300,misfire,1085.0,78.46591942350105,78.42273767332524,611.1006044112073,1518.7203223611946,65.64583693359442,30.24811011528406,6.088967300323676,0.18129943074876614,12.939736844917112,20.04437204646387,0.7378011821355979,3000.0,-4.5,0.45,none,0.0,1264.0
endurance,300,misfire,1086.0,78.46591882801015,79.34094017037911,617.4105238132252,1525.1706782958618,66.3198400328594,29.767949550393823,6.088967300323676,0.23720827096533453,12.937207456481906,20.01849406600317,0.7378011857738984,3000.0,-4.5,0.45,none,0.0,1263.0
endurance,300,misfire,1087.0,78.4659182466976,78.58122356541422,611.7856155104525,1516.6469314803703,66.55764306620163,30.897920815389543,6.088967300323676,0.2484147786659973,12.842466985780279,19.855088499534002,0.7378011893255727,3000.0,-4.5,0.45,none,0.0,1262.0
endurance,300,misfire,1088.0,78.46591767922583,77.61853272065066,617.5366751896275,1518.300017658444,66.23987266889945,30.841900868111225,6.088967300323676,0.13516219679457042,12.921758986201914,20.02108532572402,0.7378011927926833,3000.0,-4.5,0.45,none,0.0,1261.0
endurance,300,misfire,1089.0,78.46591712526529,78.65360232015878,612.4454733640255,1521.218502150812,66.56723573792273,31.58546817841067,6.088967300323676,0.16352909397452214,12.992403818935939,20.044614431779824,0.7378011961772437,3000.0,-4.5,0.45,none,0.0,1260.0
endurance,300,misfire,1090.0,78.4659165844943,78.69945997529273,615.5731400295972,1516.4228542574426,65.39708352747292,29.245943073759953,6.088967300323676,0.18314596979947242,12.902576649985699,20.29005181246112,0.7378011994812192,3000.0,-4.5,0.45,none,0.0,1259.0
endurance,300,misfire,1091.0,78.4659160565988,78.5157086233278,616.0475235909877,1518.0422654965644,65.97736184838227,30.922360113528942,6.088967300323676,0.29789351776898365,12.861437991847719,19.945762738903703,0.7378012027065288,3000.0,-4.5,0.45,none,0.0,1258.0
endurance,300,misfire,1092.0,78.46591554127224,77.8389792447231,611.8909262492149,1523.5183131818326,66.40929595388825,30.42921366144957,6.088967300323676,0.22777189834104822,12.867320334703985,20.06191014397731,0.7378012058550452,3000.0,-4.5,0.45,none,0.0,1257.0
endurance,300,misfire,1093.0,78.46591503821536,78.66077308324074,613.5805820884632,1520.7050825812055,66.46264736473118,30.673318558784903,6.088967300323676,0.1899017977988034,12.926975880521757,20.340495948298287,0.737801208928597,3000.0,-4.5,0.45,none,0.0,1256.0
endurance,300,misfire,1094.0,78.46591454713602,78.93886263205572,607.0083470693239,1514.1936537905083,65.91544388108571,30.108330545038285,6.088967300323676,0.20659427287343626,12.908066455542656,19.881402088985766,0.737801211928969,3000.0,-4.5,0.45,none,0.0,1255.0
endurance,300,misfire,1095.0,78.46591406774905,79.1160202465109,606.050225282147,1517.459621250409,66.26597332506925,30.024093519940624,6.088967300323676,0.24638272231386654,12.855312478450138,20.01221767892376,0.7378012148579035,3000.0,-4.5,0.45,none,0.0,1254.0
endurance,300,misfire,1096.0,78.46591359977606,78.248299137145,611.4028482302385,1516.2268061080588,65.75731930231802,30.12410638456584,6.088967300323676,0.2618544969288701,12.978457495420068,19.751392213781212,0.7378012177171016,3000.0,-4.5,0.45,none,0.0,1253.0
endurance,300,misfire,1097.0,78.46591314294528,79.42719575659305,616.5570005469328,1525.8629375714556,65.50021242888567,30.502255388490482,6.088967300323676,0.10576455871353856,12.850552491638576,20.21100418361391,0.7378012205082234,3000.0,-4.5,0.45,none,0.0,1252.0
endurance,300,misfire,1098.0,78.46591269699142,78.23485736636691,611.3235983360961,1519.9337087492333,66.40470572088641,30.47323253904275,6.088967300323676,0.2349147534738089,12.854418850715096,20.1303821078941,0.73780122323289,3000.0,-4.5,0.45,none,0.0,1251.0
endurance,300,misfire,1099.0,78.46591226165552,78.73861269259734,615.3500626757606,1526.1432738835904,65.97603284686834,30.94358208621431,6.088967300323676,0.17123494367487763,13.022116400534129,19.847347786613668,0.7378012258926836,3000.0,-4.5,0.45,none,0.0,1250.0
endurance,300,misfire,1100.0,78.46591183668475,78.53053251193745,610.8797196131196,1527.763514391343,66.4795086560457,30.48097660504207,6.088967300323676,0.2996702503885463,12.914315197448808,19.63759231516495,0.7378012284891486,3000.0,-4.5,0.45,none,0.0,1249.0
endurance,300,misfire,1101.0,78.46591142183235,78.78522316333559,613.1868960661164,1513.263360595325,65.9671263429054,30.109855130432308,6.088967300323676,0.24916555069817065,13.048188894382282,20.180699452595388,0.7378012310237931,3000.0,-4.5,0.45,none,0.0,1248.0
endurance,300,misfire,1102.0,78.46591101685738,77.35656389501328,617.3956328914937,1523.8178926147862,66.23070683218673,30.25517890218241,6.088967300323676,0.27081742626136573,12.898803560940639,20.00459072017177,0.737801233498089,3000.0,-4.5,0.45,none,0.0,1247.0
endurance,300,misfire,1103.0,78.46591062152466,78.88252608923254,605.48105009896,1514.7510558437498,66.16445249838989,30.846594175326043,6.088967300323676,0.26368009958900174,12.880852245565418,19.976371533725608,0.737801235913473,3000.0,-4.5,0.45,none,0.0,1246.0
endurance,300,misfire,1104.0,78.46591023560462,78.32512849382957,617.1090135283468,1521.7578922900095,66.34013070166257,30.632935766636738,6.088967300323676,0.2134714612096047,12.952941265096243,20.34867531175346,0.7378012382713479,3000.0,-4.5,0.45,none,0.0,1245.0
endurance,300,misfire,1105.0,78.46590985887316,78.45554110037898,614.1049880893853,1513.1684378918835,65.99276749230376,30.05595268839068,6.088967300323676,0.21238535213865517,12.987638755256679,20.13073331089764,0.7378012405730829,3000.0,-4.5,0.45,none,0.0,1244.0
endurance,300,misfire,1106.0,78.4659094911115,78.68439048774233,613.5597907620195,1517.421905268286,66.62765637877084,29.95550718446151,6.088967300323676,0.279857870441389,12.992351717772413,19.88709703679142,0.7378012428200147,3000.0,-4.5,0.45,none,0.0,1243.0
endurance,300,misfire,1107.0,78.46590913210608,77.87371479909689,614.6538540542718,1517.4748078341117,66.46647551909189,30.150618205023406,6.088967300323676,0.19327289019814226,13.018397844256235,19.603669874358378,0.7378012450134482,3000.0,-4.5,0.45,none,0.0,1242.0
endurance,300,misfire,1108.0,78.4659087816484,78.58662780608132,612.451383587932,1516.8278278565056,66.2319021002099,30.379770591353417,6.088967300323676,0.23679676408824787,12.828791771135059,19.803861395649296,0.7378012471546571,3000.0,-4.5,0.45,none,0.0,1241.0
endurance,300,misfire,1109.0,78.46590843953494,78.77157021106878,614.4554281798793,1516.6935553700343,65.46243624214291,30.02932442969166,6.088967300323676,0.284758032743775,12.967995886898038,19.986569877662784,0.7378012492448847,3000.0,-4.5,0.45,none,0.0,1240.0
endurance,300,misfire,1110.0,78.46590810556705,78.61339549093647,611.9617660427181,1521.3789874942365,65.81846646147002,29.834102623558092,6.088967300323676,0.24487261305857838,12.884522507128258,19.72165042142423,0.7378012512853449,3000.0,-4.5,0.45,none,0.0,1239.0
endurance,300,misfire,1111.0,78.46590777955078,78.2023894585148,613.1192277569336,1523.9616552306272,66.60681994664591,29.043842694818228,6.088967300323676,0.22203921283709932,12.94748398167144,19.913073567375598,0.7378012532772229,3000.0,-4.5,0.45,none,0.0,1238.0
endurance,300,misfire,1112.0,78.4659074612968,77.7192004277507,608.7885362957461,1519.0910458072049,66.11409498308046,30.471829679639416,6.088967300323676,0.2602689332500745,12.911216587993792,19.83353128545658,0.7378012552216753,3000.0,-4.5,0.45,none,0.0,1237.0
endurance,300,misfire,1113.0,78.46590715062028,78.20936709048736,611.0330662429387,1518.8861289784832,66.46534100138467,30.332481632143327,6.088967300323676,0.16390741954280028,12.906437183321302,20.340117024599895,0.7378012571198311,3000.0,-4.5,0.45,none,0.0,1236.0
endurance,300,misfire,1114.0,78.46590684734083,79.13210918963276,609.3732797151343,1516.0210445075013,65.93561968816248,29.978305776331315,6.088967300323676,0.18145923980570378,12.893293278401929,20.326909475941317,0.7378012589727927,3000.0,-4.5,0.45,none,0.0,1235.0
endurance,300,misfire,1115.0,78.46590655128232,78.11704420276486,611.270878646062,1515.0380341586188,66.42510390104434,30.893580218813565,6.088967300323676,0.22363208047838662,12.887554497511266,19.972848532416897,0.7378012607816362,3000.0,-4.5,0.45,none,0.0,1234.0
endurance,300,misfire,1116.0,78.46590626227282,78.68561596547708,613.9870520774866,1513.2835265656172,65.86069992425652,30.55894978677724,6.088967300323676,0.21838844454558537,12.84890509492099,19.76542338891158,0.737801262547412,3000.0,-4.5,0.45,none,0.0,1233.0
endurance,300,misfire,1117.0,78.4659059801445,77.98157211333195,609.9979122948151,1513.9737162499116,65.76696915099392,30.039085885037352,6.088967300323676,0.2510901877225235,12.899263274608638,19.893830301067368,0.7378012642711455,3000.0,-4.5,0.45,none,0.0,1232.0
endurance,300,misfire,1118.0,78.46590570473352,78.30929480149605,614.844809855429,1520.2398265171578,66.09673056594579,30.512928341650777,6.088967300323676,0.16352186503330393,12.939319274481107,20.371840569956717,0.7378012659538378,3000.0,-4.5,0.45,none,0.0,1231.0
endurance,300,misfire,1119.0,78.46590543587995,77.85113159800103,611.6223592547647,1525.1112275549335,66.50488208604682,30.744458931111236,6.088967300323676,0.2024634978321342,13.05816509918574,19.981550228725187,0.7378012675964658,3000.0,-4.5,0.45,none,0.0,1230.0
endurance,300,misfire,1120.0,78.46590517342764,78.41933844160235,612.1168220028129,1526.0693141365934,65.66348546669144,30.294727915144154,6.088967300323676,0.2193612851641614,12.880228578316105,19.659958551193068,0.7378012691999838,3000.0,-4.5,0.45,none,0.0,1229.0
endurance,300,misfire,1121.0,78.46590491722421,78.22977717526763,611.7861804761205,1518.3438350255635,65.46246695615369,30.518434992297255,6.088967300323676,0.20287712765260582,12.919973288038921,20.095483913759498,0.7378012707653228,3000.0,-4.5,0.45,none,0.0,1228.0
endurance,300,misfire,1122.0,78.46590466712085,78.71550266413757,615.5492671045474,1518.0598055254188,66.45537642459807,30.03447472580041,6.088967300323676,0.17527211626477668,12.929453126623244,19.88034553578426,0.7378012722933918,3000.0,-4.5,0.45,none,0.0,1227.0
endurance,300,misfire,1123.0,78.46590442297234,78.61151496307929,609.2949285554163,1524.1798812568284,65.79558055655959,30.56710541031601,6.088967300323676,0.1532862127146116,12.885337788510663,20.02824394654876,0.737801273785078,3000.0,-4.5,0.45,none,0.0,1226.0
endurance,300,misfire,1124.0,78.4659041846369,78.87299145700653,608.9388433825764,1526.6141476177504,65.38742216128414,31.108897313056758,6.088967300323676,0.20882951552453607,12.88415518198567,19.824910157127288,0.7378012752412481,3000.0,-4.5,0.45,none,0.0,1225.0
endurance,300,misfire,1125.0,78.4659039519761,78.73130346462106,610.6757521395338,1519.0310478234542,65.91716586795077,30.489422843699824,6.088967300323676,0.20962373915855187,12.868365072455903,20.012010398473254,0.7378012766627473,3000.0,-4.5,0.45,none,0.0,1224.0
endurance,300,misfire,1126.0,78.46590372485484,78.60249712287523,614.575730744841,1531.4130769677492,67.67150162219427,30.800587992248182,6.088967300323676,0.2027430663023842,12.892381303667173,20.066821477175477,0.7378012780504015,3000.0,-4.5,0.45,none,0.0,1223.0
endurance,300,misfire,1127.0,78.46590350314123,78.16320735771579,609.8569084624713,1510.0582572026947,66.878271342342,30.818901305458084,6.088967300323676,0.21981878025703944,12.97566206501673,19.626059392849633,0.7378012794050162,3000.0,-4.5,0.45,none,0.0,1222.0
endurance,300,misfire,1128.0,78.46590328670652,78.65267718301453,604.7219177865694,1525.7671453131409,66.39407140121993,30.318268275648187,6.088967300323676,0.20103094271193456,12.906173540622133,20.084795804608675,0.7378012807273782,3000.0,-4.5,0.45,none,0.0,1221.0
endurance,300,misfire,1129.0,78.46590307542502,78.21813586817026,616.5358816666499,1521.9674765575446,66.6294657506883,31.160799770011266,6.088967300323676,0.22460203020828268,12.89500632853591,20.0674403785245,0.7378012820182553,3000.0,-4.5,0.45,none,0.0,1220.0
endurance,300,misfire,1130.0,78.46590286917403,77.72558812287251,614.3700861449687,1520.1675397390175,65.85882048243553,30.71470025377369,6.088967300323676,0.2719470640141769,12.967721601551979,20.305770812600958,0.7378012832783973,3000.0,-4.5,0.45,none,0.0,1219.0
endurance,300,misfire,1131.0,78.46590266783377,77.69955082869858,611.2985803013873,1525.0127655169442,66.49299085643071,30.569177386475726,6.088967300323676,0.13602537957137883,12.98797514414503,19.858413422846702,0.737801284508536,3000.0,-4.5,0.45,none,0.0,1218.0
endurance,300,misfire,1132.0,78.46590247128734,79.20487430954425,611.4583405223356,1521.6857349901645,66.36280494144786,30.600212152658155,6.088967300323676,0.15116193335431216,12.82068011394089,19.76698959591547,0.7378012857093854,3000.0,-4.5,0.45,none,0.0,1217.0
endurance,300,misfire,1133.0,78.46590227942058,78.00028298275122,616.8216964385898,1518.9852429719838,66.85352955403964,29.514013138402138,6.088967300323676,0.2901395641185725,12.962254042542456,20.14081883836283,0.7378012868816435,3000.0,-4.5,0.45,none,0.0,1216.0
endurance,300,misfire,1134.0,78.46590209212206,79.39756214091263,610.7858487363542,1511.736064022733,65.62188659966787,31.405935386639392,6.088967300323676,0.21558420041397788,12.957010052180635,19.696776211377585,0.7378012880259905,3000.0,-4.5,0.45,none,0.0,1215.0
endurance,300,misfire,1135.0,78.46590190928305,78.64047888187335,609.8869129674722,1517.158160246689,66.61094277517276,31.44938897604652,6.088967300323676,0.19542288441571998,12.903329933208306,19.847436383239508,0.7378012891430912,3000.0,-4.5,0.45,none,0.0,1214.0
endurance,300,misfire,1136.0,78.46590173079734,78.7647229245762,612.7673479305872,1513.9568150611615,66.08456530500814,30.52379839851885,6.088967300323676,0.1942196837043716,12.943805131033917,20.079750269040026,0.7378012902335942,3000.0,-4.5,0.45,none,0.0,1213.0
endurance,300,misfire,1137.0,78.46590155656129,77.76045398578182,619.011624867931,1510.6753683280867,66.30770793924603,30.370409168713604,6.088967300323676,0.22446398070431275,12.911710023611889,19.79278400174161,0.7378012912981329,3000.0,-4.5,0.45,none,0.0,1212.0
endurance,300,misfire,1138.0,78.46590138647372,79.13464383097136,615.853105592647,1516.7215987870031,66.30844005488375,29.82757974879863,6.088967300323676,0.2264478651199718,12.861106646005979,19.915705986427504,0.7378012923373255,3000.0,-4.5,0.45,none,0.0,1211.0
endurance,300,misfire,1139.0,78.46590122043585,77.83883469630183,613.7787377961689,1524.5609024123576,65.98387694133557,30.00235912285224,6.088967300323676,0.25697143763537245,12.943463245125011,20.05209202942466,0.7378012933517754,3000.0,-4.5,0.45,none,0.0,1210.0
endurance,300,misfire,1140.0,78.46590105835126,78.35677615220914,613.7703364714911,1523.7577486767061,66.06438463841612,30.67157081178853,6.088967300323676,0.2257120526192366,12.959516560578031,20.267785260573767,0.7378012943420716,3000.0,-4.5,0.45,none,0.0,1209.0
endurance,300,misfire,1141.0,78.46590090012583,77.59181762375016,609.4570918874284,1526.313880272978,66.22446365613442,31.001051189543293,6.088967300323676,0.22342004843630026,12.95483176183008,19.777248353692514,0.7378012953087895,3000.0,-4.5,0.45,none,0.0,1208.0
endurance,300,misfire,1142.0,78.46590074566768,77.77490019531274,611.2521995017901,1522.9982314078045,66.34649806291142,30.62024487098282,6.088967300323676,0.22473514826476673,12.843371401811543,20.216526996257745,0.7378012962524902,3000.0,-4.5,0.45,none,0.0,1207.0
endurance,300,misfire,1143.0,78.4659005948871,78.16491656676338,616.2214363281311,1518.1985251170506,66.7613238876002,30.424691496909045,6.088967300323676,0.17705828270296758,12.984190634923145,20.11295945901673,0.7378012971737218,3000.0,-4.5,0.45,none,0.0,1206.0
endurance,300,misfire,1144.0,78.46590044769654,78.15243261004301,611.4354381119874,1518.7702659357703,66.4980685109028,29.71784977014502,6.088967300323676,0.221996544220802,12.987620538907835,19.927340615464868,0.7378012980730193,3000.0,-4.5,0.45,none,0.0,1205.0
endurance,300,misfire,1145.0,78.46590030401052,78.15104262990599,615.6644066299656,1512.1070290138853,66.8791273255337,30.76229580124126,6.088967300323676,0.2330906932474236,12.935649712750964,20.087941032426087,0.7378012989509051,3000.0,-4.5,0.45,none,0.0,1204.0
endurance,300,misfire,1146.0,78.46590016374559,77.93659686926433,610.9076040577801,1509.225313530902,66.86887878137816,29.99407295545964,6.088967300323676,0.21812281945567447,12.911044627801846,20.42553393271352,0.7378012998078887,3000.0,-4.5,0.45,none,0.0,1203.0
endurance,300,misfire,1147.0,78.4659000268203,78.82262212705413,610.7416035678508,1515.798806449246,66.98527467820001,29.803583527516807,6.088967300323676,0.15530226472531633,12.971365026951784,19.882138035327397,0.7378013006444679,3000.0,-4.5,0.45,none,0.0,1202.0
endurance,300,misfire,1148.0,78.46589989315513,77.90270173465227,617.476629080688,1519.633868937213,66.25887139970038,30.469989672611195,6.088967300323676,0.18983875552602114,12.940440628431789,20.20728917119656,0.7378013014611289,3000.0,-4.5,0.45,none,0.0,1201.0
endurance,300,misfire,1149.0,78.46589976267246,78.7399135601962,613.1009949337655,1521.6428668054537,65.7891218006262,30.22772149055233,6.088967300323676,0.22286040426048556,12.880782971087472,19.868498777657706,0.7378013022583452,3000.0,-4.5,0.45,none,0.0,1200.0
endurance,300,misfire,1150.0,78.46589963529654,78.41925053829438,613.7356763673318,1519.617984195707,65.58946124155966,30.412827503158198,6.088967300323676,0.13091557722456398,12.944827304703407,20.267845647797415,0.7378013030365803,3000.0,-4.5,0.45,none,0.0,1199.0
endurance,300,misfire,1151.0,78.46589951095336,79.0685994520298,607.9864774043036,1518.8716014893976,67.12126179423514,30.913856319266394,6.088967300323676,0.1882368348367207,12.998079276564859,19.92492204724301,0.737801303796286,3000.0,-4.5,0.45,none,0.0,1198.0
endurance,300,misfire,1152.0,78.46589938957075,78.39539384928096,605.7992865096345,1510.4854899991144,65.89427754062737,31.053427876453632,6.088967300323676,0.18647253163141234,12.943107219061526,19.81260464801285,0.7378013045379035,3000.0,-4.5,0.45,none,0.0,1197.0
endurance,300,misfire,1153.0,78.4658992710782,79.3387276852244,612.6135329712406,1518.6374641121515,66.45087764569132,31.33739600558482,6.088967300323676,0.19403252283658712,12.89027629757938,20.118125623232316,0.7378013052618633,3000.0,-4.5,0.45,none,0.0,1196.0
endurance,300,misfire,1154.0,78.4658991554069,78.43475613096453,614.5362688255556,1517.463847841665,66.208502795004,29.89019199729481,6.088967300323676,0.17954409947919395,12.967276846243365,20.442332460268734,0.737801305968586,3000.0,-4.5,0.45,none,0.0,1195.0
endurance,300,misfire,1155.0,78.46589904248968,79.35359684564484,614.4391946045698,1519.5499208897709,65.84044042080906,30.38240405840102,6.088967300323676,0.22412424016278795,12.955675884980824,19.731340674739563,0.737801306658482,3000.0,-4.5,0.45,none,0.0,1194.0
endurance,300,misfire,1156.0,78.46589893226096,78.2270004563822,614.7860545263316,1515.687601049162,66.26140238276702,30.3466217995548,6.088967300323676,0.2730329941878289,12.854904099841976,19.951425596543604,0.737801307331952,3000.0,-4.5,0.45,none,0.0,1193.0
endurance,300,misfire,1157.0,78.46589882465673,78.68741961114046,615.8364485371648,1516.3204802863047,66.29277664643695,29.850651891217982,6.088967300323676,0.271222362441739,12.884439374031974,19.896749788962655,0.7378013079893868,3000.0,-4.5,0.45,none,0.0,1192.0
endurance,300,misfire,1158.0,78.46589871961451,78.53504613007091,613.1234847924432,1517.96314540881,66.59094606872502,30.56430107623452,6.088967300323676,0.16992984647520526,12.921372195499861,20.40580135116723,0.7378013086311686,3000.0,-4.5,0.45,none,0.0,1191.0
endurance,300,misfire,1159.0,78.4658986170733,78.01303713954063,609.8097242504693,1521.0829875075947,66.3837336293956,29.6106626024758,6.088967300323676,0.28957854827230284,12.88035757757501,19.881275414238356,0.7378013092576697,3000.0,-4.5,0.45,none,0.0,1190.0
endurance,300,misfire,1160.0,78.46589851697354,78.12069954188415,613.0612378414285,1514.3543442274947,67.00309778658908,30.344039260756492,6.088967300323676,0.15528873491201078,12.958384197581122,20.27039929439749,0.7378013098692542,3000.0,-4.5,0.45,none,0.0,1189.0
endurance,300,misfire,1161.0,78.4658984192571,78.59063617782552,610.6768651340842,1520.9785595908747,65.72845680202386,30.816358732413487,6.088967300323676,0.20453577307842885,12.874806133859643,19.881052134790156,0.7378013104662773,3000.0,-4.5,0.45,none,0.0,1188.0
endurance,300,misfire,1162.0,78.46589832386725,77.62692269680788,613.1846197117624,1522.2283254630458,65.90441869516185,30.953885118448685,6.088967300323676,0.27100233270910695,13.015592452824443,19.94355073033536,0.7378013110490854,3000.0,-4.5,0.45,none,0.0,1187.0
endurance,300,misfire,1163.0,78.46589823074859,78.6353476084279,614.7848943057207,1514.8078966753037,66.39876523353695,30.118048949309966,6.088967300323676,0.11747183043759096,12.93441888242362,19.887515657664032,0.7378013116180171,3000.0,-4.5,0.45,none,0.0,1186.0
endurance,300,misfire,1164.0,78.46589813984704,78.41868423872872,618.372855835014,1527.3269157248362,66.55339861436087,30.04793915441853,6.088967300323676,0.15010124236630976,12.862060299160431,19.608789741494835,0.7378013121734028,3000.0,-4.5,0.45,none,0.0,1185.0
endurance,300,misfire,1165.0,78.46589805110982,78.57119297054075,612.8293699884773,1523.58818233505,66.54245926014238,29.864204341444857,6.088967300323676,0.17218055630413787,12.864195245311102,19.87419350063546,0.7378013127155651,3000.0,-4.5,0.45,none,0.0,1184.0
endurance,300,misfire,1166.0,78.46589796448538,78.22499899136952,609.7095119531399,1516.6193186185317,65.64061097487598,30.178318808403535,6.088967300323676,0.2640677526993622,12.91946044713732,19.979124325700884,0.7378013132448188,3000.0,-4.5,0.45,none,0.0,1183.0
endurance,300,misfire,1167.0,78.46589787992343,78.86493076608352,613.3898176139422,1516.5611831408992,65.7899922710676,30.857456908493976,6.088967300323676,0.22667100018353858,12.913302800347752,19.998345579380715,0.7378013137614712,3000.0,-4.5,0.45,none,0.0,1182.0
endurance,300,misfire,1168.0,78.46589779737486,78.50787356680205,614.1041026047368,1515.1837666506894,66.35757630151227,30.627858911693675,6.088967300323676,0.19108582112994416,12.994700316709938,20.15351547831447,0.7378013142658223,3000.0,-4.5,0.45,none,0.0,1181.0
endurance,300,misfire,1169.0,78.46589771679173,79.18233917598853,615.3075310683537,1501.9758613389731,66.58353116218827,30.922263251621203,6.088967300323676,0.18243291645608797,12.956283438350546,20.244635595483714,0.737801314758165,3000.0,-4.5,0.45,none,0.0,1180.0
endurance,300,misfire,1170.0,78.46589763812725,77.83238833701746,615.9812788818033,1512.6679577311183,66.21226532248818,31.48714392173629,6.088967300323676,0.2380194840634251,12.953452190976943,19.953361073657273,0.7378013152387853,3000.0,-4.5,0.45,none,0.0,1179.0
endurance,300,misfire,1171.0,78.46589756133572,77.84348380434076,610.861578920075,1521.3508011146262,66.85388959625124,30.8911816626776,6.088967300323676,0.2833475648382341,12.846631254248834,20.023856163564787,0.7378013157079624,3000.0,-4.5,0.45,none,0.0,1178.0
endurance,300,misfire,1172.0,78.46589748637257,77.65095610537047,610.9021437281211,1525.8030672805935,65.97078889866745,30.187402721712264,6.088967300323676,0.20799781223045702,12.947943601452321,20.14288157071069,0.7378013161659684,3000.0,-4.5,0.45,none,0.0,1177.0
endurance,300,misfire,1173.0,78.46589741319426,77.48637967653207,607.5219262910624,1509.4619365089088,65.98603177949755,30.3744553145149,6.088967300323676,0.22069704453882966,12.933780016927354,20.184516617868326,0.7378013166130697,3000.0,-4.5,0.45,none,0.0,1176.0
endurance,300,misfire,1174.0,78.46589734175828,78.28742411251918,616.1296603650276,1518.435596628008,66.371853056908,30.59128420306364,6.088967300323676,0.18188462592276522,12.921187485913947,19.617944707350038,0.7378013170495257,3000.0,-4.5,0.45,none,0.0,1175.0
endurance,300,misfire,1175.0,78.46589727202316,78.42566338040817,614.3389205031186,1524.4325594871825,66.18882260456887,30.552708807055197,6.088967300323676,0.12956392819357754,12.913575091483239,20.025171389323457,0.7378013174755899,3000.0,-4.5,0.45,none,0.0,1174.0
endurance,300,misfire,1176.0,78.4658972039484,77.52745241283912,617.88297794056,1529.0153482644735,66.68278790867153,30.196199263554302,6.088967300323676,0.19461290063005082,12.971859489168498,19.948836577736525,0.7378013178915095,3000.0,-4.5,0.45,none,0.0,1173.0
endurance,300,misfire,1177.0,78.46589713749447,78.25428293582192,607.7379631532789,1518.5347947417602,66.52877511462869,30.739027916037177,6.088967300323676,0.18659133654142437,13.00476534965111,19.877595184877798,0.7378013182975265,3000.0,-4.5,0.45,none,0.0,1172.0
endurance,300,misfire,1178.0,78.46589707262277,78.06627065434476,616.5998664395431,1521.4578215941635,66.64123334232282,30.665192577208877,6.088967300323676,0.22564461800957636,12.925158451397452,19.970594428413452,0.7378013186938763,3000.0,-4.5,0.45,none,0.0,1171.0
endurance,300,misfire,1179.0,78.46589700929565,78.44507665223101,618.2761905396412,1512.9097591133373,65.88895157928279,29.672948552246474,6.088967300323676,0.2221313357205636,12.937150724735096,20.247156731631076,0.7378013190807893,3000.0,-4.5,0.45,none,0.0,1170.0
endurance,300,misfire,1180.0,78.46589694747631,78.19322917043212,611.3412559327513,1521.5166576381498,67.48453756445893,31.195079922981026,6.088967300323676,0.18732276642045023,12.87820085497989,20.200236108962233,0.7378013194584899,3000.0,-4.5,0.45,none,0.0,1169.0
endurance,300,misfire,1181.0,78.46589688712886,78.98732852698345,611.3405091593618,1520.4676570168438,66.37144928618848,29.94711838206816,6.088967300323676,0.16834010188195328,13.014658449933684,19.48402476357019,0.7378013198271978,3000.0,-4.5,0.45,none,0.0,1168.0
endurance,300,misfire,1182.0,78.46589682821826,79.15866572177445,614.353747497245,1522.149361093815,66.5215128258403,30.31433189441111,6.088967300323676,0.2185355015665773,12.963762571458766,19.873406638818288,0.7378013201871267,3000.0,-4.5,0.45,none,0.0,1167.0
endurance,300,misfire,1183.0,78.46589677071029,79.04642611935213,610.9670371466555,1515.9221586220528,65.89852309761824,30.615269337443873,6.088967300323676,0.22787226021628915,12.918534031499696,19.99541238404086,0.7378013205384861,3000.0,-4.5,0.45,none,0.0,1166.0
endurance,300,misfire,1184.0,78.46589671457156,78.50742161897176,610.1486615927457,1521.1475836846332,65.95102934006366,30.347864775497488,6.088967300323676,0.16924572757966816,12.996346592858936,20.032165278263662,0.7378013208814798,3000.0,-4.5,0.45,none,0.0,1165.0
endurance,300,misfire,1185.0,78.46589665976946,78.7261248010872,613.9906037654397,1518.3309105372518,66.64082784621935,29.95382981172143,6.088967300323676,0.1823834006436006,12.94458930494844,19.98199587625613,0.7378013212163068,3000.0,-4.5,0.45,none,0.0,1164.0
endurance,300,misfire,1186.0,78.46589660627217,77.90739584709387,613.360756142124,1519.1651350696359,66.13735001042507,29.73258589959483,6.088967300323676,0.1719678586479202,12.912955422579712,20.191230084047067,0.7378013215431619,3000.0,-4.5,0.45,none,0.0,1163.0
endurance,300,misfire,1187.0,78.46589655404863,77.97468801864568,620.767805824901,1516.489500269151,66.42426840648258,30.551615838245404,6.088967300323676,0.19597240367352817,12.950472919066398,20.153623956762544,0.7378013218622347,3000.0,-4.5,0.45,none,0.0,1162.0
endurance,300,misfire,1188.0,78.4658965030685,78.73026381528824,618.5615246502763,1512.2530549784271,66.47059572327797,30.150717658459186,6.088967300323676,0.2612330603994071,12.8202458776569,20.1002782738901,0.7378013221737105,3000.0,-4.5,0.45,none,0.0,1161.0
endurance,300,misfire,1189.0,78.4658964533022,78.74719393004523,613.6714140774349,1529.141892553004,66.02419007874684,30.574887760581714,6.088967300323676,0.15113813743148302,12.880447752457263,19.96679465024721,0.7378013224777702,3000.0,-4.5,0.45,none,0.0,1160.0
endurance,300,misfire,1190.0,78.4658964047208,78.3810610063194,610.6378844649723,1513.6937108695906,65.06230364537974,30.328871123018285,6.088967300323676,0.1940170146318079,12.853467095789394,20.157738379533875,0.7378013227745904,3000.0,-4.5,0.45,none,0.0,1159.0
endurance,300,misfire,1191.0,78.46589635729609,78.58885389128356,617.4603182001625,1519.6289990655298,65.98005063204864,30.18978066364831,6.088967300323676,0.1933334830952662,12.85423273630107,20.035200629327605,0.7378013230643434,3000.0,-4.5,0.45,none,0.0,1158.0
endurance,300,misfire,1192.0,78.46589631100055,79.6059040626721,615.2986413119289,1512.4184761056717,66.64311665267614,31.163906895490385,6.088967300323676,0.27306048905772107,12.874498717707715,19.69350856016023,0.7378013233471976,3000.0,-4.5,0.45,none,0.0,1157.0
endurance,300,misfire,1193.0,78.46589626580729,78.39377602585851,609.8946144925153,1521.6254535507442,65.46944294283212,29.971274531427476,6.088967300323676,0.1785433841492633,12.953531157349271,20.043364550883275,0.7378013236233172,3000.0,-4.5,0.45,none,0.0,1156.0
endurance,300,misfire,1194.0,78.46589622169006,78.27548133962947,618.8528428814641,1525.0004847910245,65.38088308707809,31.180251366942837,6.088967300323676,0.20199292200886002,12.892017732639523,19.81587277813981,0.7378013238928625,3000.0,-4.5,0.45,none,0.0,1155.0
endurance,300,misfire,1195.0,78.46589617862324,78.55544661046541,612.6468180928692,1515.8458159579006,66.54121858539649,30.68461684552048,6.088967300323676,0.19873930949797225,12.97038203659618,19.990772854964145,0.73780132415599,3000.0,-4.5,0.45,none,0.0,1154.0
endurance,300,misfire,1196.0,78.46589613658182,78.66601634513869,608.696436057007,1523.1007183453914,65.58587110032074,29.73787404870466,6.088967300323676,0.14133087684228124,12.865283915759198,20.09815171615044,0.7378013244128525,3000.0,-4.5,0.45,none,0.0,1153.0
endurance,300,misfire,1197.0,78.46589609554138,77.83342798506435,616.3258594942985,1519.8586381290975,66.75866612917973,29.924301495810873,6.088967300323676,0.16473864724427087,12.929834193963138,20.225710596712464,0.7378013246635994,3000.0,-4.5,0.45,none,0.0,1152.0
endurance,300,misfire,1198.0,78.4658960554781,78.3801448702332,618.3474873915508,1512.0432829992467,66.68661823876096,29.564056536292593,6.088967300323676,0.2589341022426537,13.024533469619156,19.829019140330388,0.7378013249083759,3000.0,-4.5,0.45,none,0.0,1151.0
endurance,300,misfire,1199.0,78.4658960163687,77.87053896680656,612.6120857235384,1528.4117620200434,66.42513405271166,30.071481673775416,6.088967300323676,0.18301401277017892,12.986036479514182,19.795688726360613,0.7378013251473245,3000.0,-4.5,0.45,none,0.0,1150.0
endurance,300,misfire,1200.0,78.46589597819047,78.77670201837991,611.4208581442645,1524.252091596868,65.95505176474411,30.909756377224255,6.088967300323676,0.1611387125310509,12.977193159033876,19.959732125864637,0.7378013253805841,3000.0,-4.5,0.45,none,0.0,1149.0
endurance,300,misfire,1201.0,78.46589594092126,78.74487635916508,614.7924086638932,1523.2704750883993,65.59320810450143,29.97783866121357,6.088967300323676,0.19278694012964617,12.958759113341076,20.446092622982682,0.7378013256082896,3000.0,-4.5,0.45,none,0.0,1148.0
endurance,300,misfire,1202.0,78.46589590453941,79.50452230141718,614.0087622276783,1523.328364156272,66.3560842203096,30.51446748072909,6.088967300323676,0.15620908010051945,12.876129473260463,20.160346338810978,0.7378013258305736,3000.0,-4.5,0.45,none,0.0,1147.0
endurance,300,misfire,1203.0,78.46589586902378,78.18247239212575,611.8588675875344,1528.8992897045505,66.0856221866246,30.688155974908444,6.088967300323676,0.1794770430365728,12.919853481982686,19.952602222397417,0.7378013260475653,3000.0,-4.5,0.45,none,0.0,1146.0
endurance,300,misfire,1204.0,78.46589583435377,79.09115879326716,613.4855281437005,1520.8727430344518,66.77142236073168,30.658862643399928,6.088967300323676,0.2366202911757439,12.89547839646447,20.147662617543507,0.7378013262593903,3000.0,-4.5,0.45,none,0.0,1145.0
endurance,300,misfire,1205.0,78.46589580050924,77.93205279658461,608.7016311541242,1523.9372981165568,65.64864790457564,30.10880103934496,6.088967300323676,0.16068768664260275,12.948038523515102,19.968140191071942,0.7378013264661719,3000.0,-4.5,0.45,none,0.0,1144.0
endurance,300,misfire,1206.0,78.46589576747053,78.79368110959005,608.2697381269107,1518.0381361811085,66.09533117045326,31.417041489060754,6.088967300323676,0.24898994789184176,12.908228964690586,20.065658894325125,0.7378013266680303,3000.0,-4.5,0.45,none,0.0,1143.0
endurance,300,misfire,1207.0,78.46589573521845,78.14297657027733,612.9460573499135,1514.074048079198,65.69329677761606,31.21707240484576,6.088967300323676,0.21904115351544595,12.888729152195667,19.916890271222133,0.7378013268650824,3000.0,-4.5,0.45,none,0.0,1142.0
endurance,300,misfire,1208.0,78.46589570373429,77.82052036755171,613.8658348828641,1516.9288040681442,65.9934792200803,30.107001113184303,6.088967300323676,0.18821751650643506,12.906831831802386,19.643381271176885,0.7378013270574427,3000.0,-4.5,0.45,none,0.0,1141.0
endurance,300,misfire,1209.0,78.46589567299975,78.39616492993093,606.2844747472819,1519.6808351797881,65.11385376160769,30.700239733176243,6.088967300323676,0.1774080475939044,12.964423731763112,19.922571763415657,0.7378013272452231,3000.0,-4.5,0.45,none,0.0,1140.0
endurance,300,misfire,1210.0,78.46589564299698,77.93257946392782,611.8864566532549,1515.466074507687,66.68275324924318,30.47532689117184,6.088967300323676,0.17210782107157654,12.901772896622825,19.676218353307586,0.7378013274285324,3000.0,-4.5,0.45,none,0.0,1139.0
endurance,300,misfire,1211.0,78.46589561370857,78.67581949969289,619.6054485771778,1515.9562879114976,66.24840820551827,31.209517080875276,6.088967300323676,0.1873500478421121,12.878224991318485,20.206132353806296,0.7378013276074774,3000.0,-4.5,0.45,none,0.0,1138.0
endurance,300,misfire,1212.0,78.4658955851175,78.56843210137495,614.3552962413216,1533.621910217262,66.51241238371868,31.298091395669676,6.088967300323676,0.2715601686890279,12.837462019208184,20.077475227849934,0.7378013277821618,3000.0,-4.5,0.45,none,0.0,1137.0
endurance,300,misfire,1213.0,78.46589555720716,78.059358183592,625.0167587260004,1520.280108681934,66.18595950125874,30.641618780223602,6.088967300323676,0.22126007873751424,12.925550620320909,20.14984177653087,0.7378013279526869,3000.0,-4.5,0.45,none,0.0,1136.0
endurance,300,misfire,1214.0,78.46589552996136,78.3126441108998,613.4296575314986,1516.3437914749595,66.19054982616765,29.677103083462118,6.088967300323676,0.1746726057070842,12.898419210931012,19.9054583741663,0.7378013281191518,3000.0,-4.5,0.45,none,0.0,1135.0
endurance,300,misfire,1215.0,78.46589550336427,78.09061489890931,609.4383170016754,1517.5709950987568,66.0801607074527,31.06105438740884,6.088967300323676,0.2715410581153493,12.88088259567161,20.050391950858323,0.7378013282816535,3000.0,-4.5,0.45,none,0.0,1134.0
endurance,300,misfire,1216.0,78.46589547740044,78.39317847135851,614.18066560027,1518.294598856217,65.36241036311023,30.260336552797742,6.088967300323676,0.19685251770381867,12.9137281383119,20.135359335360217,0.737801328440286,3000.0,-4.5,0.45,none,0.0,1133.0
endurance,300,misfire,1217.0,78.4658954520548,78.07893588477373,615.024946729538,1525.7186599203123,67.09570611540968,30.54734167486165,6.088967300323676,0.23337772479824204,12.881044297624946,20.05861953046602,0.7378013285951415,3000.0,-4.5,0.45,none,0.0,1132.0
endurance,300,misfire,1218.0,78.46589542731262,79.01977538458493,613.498572190326,1512.3558121112417,66.80626301936103,30.083668001581813,6.088967300323676,0.2519982797711545,12.89001098440672,19.784047499836706,0.7378013287463101,3000.0,-4.5,0.45,none,0.0,1131.0
endurance,300,misfire,1219.0,78.46589540315954,78.58621120780373,610.6565982466133,1520.8040467299452,65.82973450493553,29.792571752270387,6.088967300323676,0.1971833328835506,12.957315370491218,20.321329245256813,0.7378013288938793,3000.0,-4.5,0.45,none,0.0,1130.0
endurance,300,misfire,1220.0,78.46589537958153,78.38104819581113,609.9835638362358,1521.2406900052517,65.8464419747358,30.012697002242685,6.088967300323676,0.24976569447352104,12.885418871534132,20.150758910445745,0.737801329037935,3000.0,-4.5,0.45,none,0.0,1129.0
endurance,300,misfire,1221.0,78.4658953565649,77.73152678015349,610.2097626818784,1522.0357714947013,65.56681456359934,30.04958782177393,6.088967300323676,0.2235968503457855,12.946808581165396,20.14188489721088,0.7378013291785608,3000.0,-4.5,0.45,none,0.0,1128.0
endurance,300,misfire,1222.0,78.46589533409629,78.45013156365981,611.7543689981596,1523.4179689434998,66.08194178157649,29.70395797584491,6.088967300323676,0.1896425582125711,12.966505809652125,20.30726705709749,0.7378013293158385,3000.0,-4.5,0.45,none,0.0,1127.0
endurance,300,misfire,1223.0,78.46589531216264,78.454805130412,613.1707307590709,1526.208328853735,66.49855455596573,30.617922158402965,6.088967300323676,0.18434866451379217,12.828257853981281,20.3663973871273,0.7378013294498476,3000.0,-4.5,0.45,none,0.0,1126.0
endurance,300,misfire,1224.0,78.46589529075123,77.71838733640247,615.0106479141987,1514.4861286825583,67.5121134351871,31.015137227111218,6.088967300323676,0.12849381445857924,12.827562071397582,19.988126505556757,0.737801329580666,3000.0,-4.5,0.45,none,0.0,1125.0
endurance,300,misfire,1225.0,78.46589526984963,77.96071855022679,612.4452343153638,1519.3415507175273,64.89109525003744,30.032466747035986,6.088967300323676,0.11208257470179289,13.019559296798292,19.876458244138746,0.7378013297083695,3000.0,-4.5,0.45,none,0.0,1124.0
endurance,300,misfire,1226.0,78.46589524944567,77.95418327585755,612.4880495990952,1515.186554347428,66.24786002745067,31.18194739281202,6.088967300323676,0.19939226865856666,12.852813893561068,19.83382928624302,0.7378013298330326,3000.0,-4.5,0.45,none,0.0,1123.0
endurance,300,misfire,1227.0,78.46589522952752,78.73019515941569,607.8998467738469,1519.0225120106218,65.583863563574,30.582298268851844,6.088967300323676,0.276593815905222,12.922066880399539,19.815279637356028,0.7378013299547276,3000.0,-4.5,0.45,none,0.0,1122.0
endurance,300,misfire,1228.0,78.46589521008362,78.18528727781208,606.9703321793739,1522.4274262661734,66.8891849255016,30.404301813983597,6.088967300323676,0.25216202595223813,12.943819893816633,20.159380922546895,0.7378013300735249,3000.0,-4.5,0.45,none,0.0,1121.0
endurance,300,misfire,1229.0,78.46589519110266,78.93502440871757,616.1513029060036,1526.6389700213497,66.14157548522782,30.32478588951935,6.088967300323676,0.2643761040337742,12.876071939298791,19.836501165001973,0.7378013301894939,3000.0,-4.5,0.45,none,0.0,1120.0
endurance,300,misfire,1230.0,78.46589517257362,78.1633390024789,608.6824433790063,1515.9859070742216,66.69013623523107,30.475271421809126,6.088967300323676,0.14165688361839365,12.981172524398431,20.35444802902937,0.7378013303027016,3000.0,-4.5,0.45,none,0.0,1119.0
endurance,300,misfire,1231.0,78.46589515448576,78.26429515072428,609.5602559189871,1521.0473118046064,66.65176286809725,30.368245047767974,6.088967300323676,0.15407863394798132,12.868442730666642,19.930101380395918,0.7378013304132138,3000.0,-4.5,0.45,none,0.0,1118.0
endurance,300,misfire,1232.0,78.46589513682856,78.26686646705112,607.6284104859053,1524.275909268083,66.25943316176917,30.28783239843136,6.088967300323676,0.28589997386949684,12.94765914822481,20.092880502545604,0.7378013305210949,3000.0,-4.5,0.45,none,0.0,1117.0
endurance,300,misfire,1233.0,78.46589511959178,78.94168922397247,614.1663264753626,1518.1342193788976,67.16690527717479,29.966385510994755,6.088967300323676,0.1452804066070574,12.95059220371826,19.748899158124892,0.7378013306264074,3000.0,-4.5,0.45,none,0.0,1116.0
endurance,300,misfire,1234.0,78.46589510276539,78.99279534202957,611.7346433313643,1512.583268904051,65.91191897553352,30.033946851079012,6.088967300323676,0.22237798839794967,12.820895758419942,20.090869660188268,0.7378013307292124,3000.0,-4.5,0.45,none,0.0,1115.0
endurance,300,misfire,1235.0,78.46589508633963,78.31723596727362,612.0234118956565,1523.803904462032,65.60791007038287,30.87494093687097,6.088967300323676,0.20208421767702117,12.894084046581993,19.797329102764966,0.7378013308295698,3000.0,-4.5,0.45,none,0.0,1114.0
endurance,300,misfire,1236.0,78.46589507030495,78.52515314945487,609.9064716406425,1521.4539011568343,65.94539644363508,31.266696035840972,6.088967300323676,0.2342207455837486,12.969776423792714,19.739413789273353,0.7378013309275375,3000.0,-4.5,0.45,none,0.0,1113.0
endurance,300,misfire,1237.0,78.46589505465205,78.10824245363007,613.6911361793559,1518.2917076644785,65.60578058120817,31.32977957202563,6.088967300323676,0.16685900444613078,12.992774720361977,20.16963613557614,0.7378013310231729,3000.0,-4.5,0.45,none,0.0,1112.0
endurance,300,misfire,1238.0,78.46589503937184,77.62612455640483,610.3667876386526,1521.6929073799042,66.29041067153247,30.296449924394256,6.088967300323676,0.19834607007034938,12.934089080618586,19.855849050603936,0.7378013311165312,3000.0,-4.5,0.45,none,0.0,1111.0
endurance,300,misfire,1239.0,78.46589502445545,78.98351762099401,607.1182215658398,1527.0185481310257,66.121027720896,30.163392612657585,6.088967300323676,0.2005605687435197,12.849143146869784,19.899549909167902,0.7378013312076666,3000.0,-4.5,0.45,none,0.0,1110.0
endurance,300,misfire,1240.0,78.46589500989421,78.6011409791692,613.3119987938679,1532.978905990597,66.06979622864782,30.19860026937793,6.088967300323676,0.23658089478101732,12.92877473540787,20.123465577635287,0.7378013312966322,3000.0,-4.5,0.45,none,0.0,1109.0
endurance,300,misfire,1241.0,78.46589499567966,79.01672698125441,614.6798162268566,1518.5980186686386,66.38459448969867,30.35599098817651,6.088967300323676,0.11540291310241317,12.939890201582951,19.8543064502941,0.7378013313834795,3000.0,-4.5,0.45,none,0.0,1108.0
endurance,300,misfire,1242.0,78.46589498180356,78.67131000170077,613.4356197114332,1517.3768512657361,66.87207657925924,30.42853160070519,6.088967300323676,0.10311477517478615,12.985564517689374,19.710680221760622,0.737801331468259,3000.0,-4.5,0.45,none,0.0,1107.0
endurance,300,misfire,1243.0,78.46589496825784,78.27883209111909,613.0260583667847,1517.4337365439417,65.33337053126328,30.917801941083685,6.088967300323676,0.144150992491561,12.934163844177153,19.728503280454373,0.7378013315510199,3000.0,-4.5,0.45,none,0.0,1106.0
endurance,300,misfire,1244.0,78.46589495503464,77.83821487750899,611.9288160964599,1520.4048762171199,66.98817912622157,29.773475106757097,6.088967300323676,0.11274745652956288,12.895171691068096,20.30677997934891,0.7378013316318104,3000.0,-4.5,0.45,none,0.0,1105.0
endurance,300,misfire,1245.0,78.46589494212628,79.02916132296565,618.2089976176898,1516.3070768202224,65.38051374276874,30.219423272860766,6.088967300323676,0.2089166407019815,12.887482834944144,19.843691210245662,0.7378013317106773,3000.0,-4.5,0.45,none,0.0,1104.0
endurance,300,misfire,1246.0,78.46589492952526,78.08153896914614,613.9200439147392,1526.339788202,66.29297210928466,30.69540288362808,6.088967300323676,0.20265303328846618,12.933411321495667,19.789461778623036,0.7378013317876664,3000.0,-4.5,0.45,none,0.0,1103.0
endurance,300,misfire,1247.0,78.46589491722426,78.56094960976172,612.7398284881353,1517.6974477016915,65.85267563496453,30.52428039439355,6.088967300323676,0.3033274085688981,12.900189666269467,19.822318799906817,0.7378013318628224,3000.0,-4.5,0.45,none,0.0,1102.0
endurance,300,misfire,1248.0,78.46589490521615,78.79044083693927,609.2175516268887,1516.184568261407,65.56850155642204,30.331465731791134,6.088967300323676,0.13233693116805256,12.904887506302083,19.62729653240984,0.7378013319361889,3000.0,-4.5,0.45,none,0.0,1101.0
endurance,300,misfire,1249.0,78.46589489349394,78.95377511039689,620.0197358459516,1517.240735808921,64.66824818300968,30.84524757795936,6.088967300323676,0.19549556859798636,12.936392005219261,19.958870308082393,0.7378013320078087,3000.0,-4.5,0.45,none,0.0,1100.0
endurance,300,misfire,1250.0,78.46589488205083,79.36172234310347,614.3975078069479,1523.9749808880856,66.28089849986868,30.69828171972591,6.088967300323676,0.15298208150417475,12.900203457919414,19.966752582252244,0.7378013320777232,3000.0,-4.5,0.45,none,0.0,1099.0
endurance,300,misfire,1251.0,78.46589487088018,77.45810082524946,614.4809659028729,1526.2200842029808,65.89881500557499,30.77075120299745,6.088967300323676,0.20405582919703688,12.966422329044063,20.12969907188836,0.7378013321459731,3000.0,-4.5,0.45,none,0.0,1098.0
endurance,300,misfire,1252.0,78.46589485997549,78.21570580772716,617.8951008356911,1518.5974783151637,65.65818771099319,29.538014904215142,6.088967300323676,0.23466218855649873,12.822797365198548,20.098966711952148,0.737801332212598,3000.0,-4.5,0.45,none,0.0,1097.0
endurance,300,misfire,1253.0,78.46589484933044,77.82105161844171,610.8547758564846,1518.4678607681765,65.63203443174378,30.256030609246213,6.088967300323676,0.14270170506699437,12.934936885068929,19.98882595812447,0.7378013322776367,3000.0,-4.5,0.45,none,0.0,1096.0
endurance,300,misfire,1254.0,78.46589483893884,78.38476224601766,615.6531062343212,1521.0486788052253,65.80146869302125,29.595376517003707,6.088967300323676,0.23681595699638777,12.92047499711815,20.011561967316187,0.7378013323411268,3000.0,-4.5,0.45,none,0.0,1095.0
endurance,300,misfire,1255.0,78.46589482879466,78.18198858326659,609.2771146605568,1527.022648378527,66.53386494111756,30.693973351953808,6.088967300323676,0.22888518736669997,12.989325020005953,20.278285909267854,0.7378013324031052,3000.0,-4.5,0.45,none,0.0,1094.0
endurance,300,misfire,1256.0,78.46589481889201,78.53574116560442,610.0483242318369,1513.0162913197505,66.51079263651098,30.436614221525517,6.088967300323676,0.23047769717046557,12.90327815079914,19.879564748865672,0.7378013324636079,3000.0,-4.5,0.45,none,0.0,1093.0
endurance,300,misfire,1257.0,78.46589480922513,79.37259515847036,611.7019477592897,1523.3120987210752,66.09636092965276,29.845055359993985,6.088967300323676,0.24160457860398554,12.960304155537324,20.02195384407094,0.73780133252267,3000.0,-4.5,0.45,none,0.0,1092.0
endurance,300,misfire,1258.0,78.46589479978843,78.67782220747195,614.2805324875135,1512.470660818572,66.71393905520367,29.60006000327778,6.088967300323676,0.18229456086374496,12.874671728636054,20.151068048140857,0.737801332580326,3000.0,-4.5,0.45,none,0.0,1091.0
endurance,300,misfire,1259.0,78.4658947905764,77.0951332191087,616.2846762259402,1510.5175085654537,66.13635991658096,30.71722758655978,6.088967300323676,0.26463283839380786,12.861770110594419,20.308038559257934,0.7378013326366091,3000.0,-4.5,0.45,none,0.0,1090.0
endurance,300,misfire,1260.0,78.46589478158371,78.66200528052295,619.7010035562253,1516.6143093624469,65.51644268756087,29.690916746475896,6.088967300323676,0.1557068352829396,12.8575428691508,20.097966784591023,0.7378013326915522,3000.0,-4.5,0.45,none,0.0,1089.0
endurance,300,misfire,1261.0,78.46589477280513,78.55097945424521,613.6136766575755,1524.6972192118074,66.83666351817938,31.663969358364263,6.088967300323676,0.25081525539401167,12.900799176786741,20.269638766186194,0.7378013327451871,3000.0,-4.5,0.45,none,0.0,1088.0
endurance,300,misfire,1262.0,78.46589476423556,78.69433371863602,613.1692058507091,1524.1022488717217,65.9738374579356,30.64239094239716,6.088967300323676,0.22872457580897393,12.899656316639748,19.95027058122949,0.737801332797545,3000.0,-4.5,0.45,none,0.0,1087.0
endurance,300,misfire,1263.0,78.46589475587002,78.49248259956967,610.760842765819,1514.4082608447989,66.07633216297228,30.0657092858746,6.088967300323676,0.15726323596554995,12.94103604922681,20.37781494579855,0.7378013328486563,3000.0,-4.5,0.45,none,0.0,1086.0
endurance,300,misfire,1264.0,78.46589474770367,78.51504335813026,607.2908555899188,1512.9138800796275,65.96544079043478,30.940097159808904,6.088967300323676,0.20831685984086434,12.921121270965847,20.269185483923927,0.7378013328985509,3000.0,-4.5,0.45,none,0.0,1085.0
endurance,300,misfire,1265.0,78.46589473973177,78.18902783095949,608.6308073059496,1514.7185254823057,65.94369321669983,30.53955028333909,6.088967300323676,0.18996567312432988,12.853452382492161,20.332450380649416,0.7378013329472571,3000.0,-4.5,0.45,none,0.0,1084.0
endurance,300,misfire,1266.0,78.46589473194966,79.02519107359505,610.1985532653244,1517.2115561657945,65.66541102589605,30.707741851347688,6.088967300323676,0.15301829108543252,12.957268434281607,20.018196771970644,0.7378013329948039,3000.0,-4.5,0.45,none,0.0,1083.0
endurance,300,misfire,1267.0,78.46589472435285,78.13967817278437,614.0384187006971,1523.476227042276,66.74400034850092,30.250456534109354,6.088967300323676,0.20375238125183018,12.893224470408676,20.337009542518267,0.7378013330412185,3000.0,-4.5,0.45,none,0.0,1082.0
endurance,300,misfire,1268.0,78.46589471693692,78.90456619940703,616.5284289271451,1516.1011172034737,66.5238160150352,30.483646495524503,6.088967300323676,0.22541529496154925,12.96242661590876,20.053615707228328,0.737801333086528,3000.0,-4.5,0.45,none,0.0,1081.0
endurance,300,misfire,1269.0,78.46589470969755,78.02312555630697,612.9478892111509,1519.257423808089,65.9129360256414,30.939393154834388,6.088967300323676,0.2157196364721425,12.969348621849063,19.992683100833887,0.7378013331307587,3000.0,-4.5,0.45,none,0.0,1080.0
endurance,300,misfire,1270.0,78.46589470263055,79.12308961757508,612.2315662440283,1514.1318663788468,64.93062217224902,30.78138111186542,6.088967300323676,0.27753861618419806,12.881748646865816,19.81836115177353,0.7378013331739364,3000.0,-4.5,0.45,none,0.0,1079.0
endurance,300,misfire,1271.0,78.4658946957318,77.76580669656951,612.4335387345416,1519.1852065703135,66.13767596844686,31.111467287768747,6.088967300323676,0.24238031757959505,12.93010864510835,19.667573931573024,0.737801333216086,3000.0,-4.5,0.45,none,0.0,1078.0
endurance,300,misfire,1272.0,78.46589468899732,78.86915549362851,614.3224501000199,1515.9924051341338,66.51794120205071,30.136942032204665,6.088967300323676,0.25611373784201796,12.901609782220753,20.296951834310867,0.737801333257232,3000.0,-4.5,0.45,none,0.0,1077.0
endurance,300,misfire,1273.0,78.46589468242318,77.67620349236557,612.5788576540104,1524.8973238396168,66.03955375912155,30.88116001034703,6.088967300323676,0.26329857996923456,12.897667699194658,20.27556575795099,0.7378013332973983,3000.0,-4.5,0.45,none,0.0,1076.0
endurance,300,misfire,1274.0,78.46589467600558,77.77132299684278,614.383739575782,1517.7438971377155,66.54602061097593,30.640316412112618,6.088967300323676,0.2282796140783877,12.945560478580125,20.01482730239624,0.7378013333366082,3000.0,-4.5,0.45,none,0.0,1075.0
endurance,300,misfire,1275.0,78.46589466974076,77.6534557329004,608.6235273881543,1519.5834106056889,65.96249382574467,30.151451412557364,6.088967300323676,0.12989166427546384,12.983656830698898,19.904168116399077,0.7378013333748847,3000.0,-4.5,0.45,none,0.0,1074.0
endurance,300,misfire,1276.0,78.46589466362511,78.36930598974425,610.0181656397757,1520.6807594420904,66.97084114275935,31.00581361058099,6.088967300323676,0.21577854578766947,12.90767960055592,19.762350001739183,0.7378013334122498,3000.0,-4.5,0.45,none,0.0,1073.0
endurance,300,misfire,1277.0,78.46589465765507,77.99737944529205,611.9989397432249,1515.3674598552789,66.5212415825882,30.740594279385018,6.088967300323676,0.20776424108804276,12.9404043414219,20.207663111564738,0.7378013334487252,3000.0,-4.5,0.45,none,0.0,1072.0
endurance,300,misfire,1278.0,78.46589465182717,78.36265409350621,613.4979888229964,1509.2249706076066,65.64190997051185,30.37390161076801,6.088967300323676,0.13914340495334085,12.923032281828489,20.304882978746445,0.7378013334843323,3000.0,-4.5,0.45,none,0.0,1071.0
endurance,300,misfire,1279.0,78.46589464613803,78.34298848086215,611.9079723220625,1514.6082203077153,66.59386118339155,29.774866760099567,6.088967300323676,0.2785804807301448,12.84871569600282,19.931330955912934,0.7378013335190914,3000.0,-4.5,0.45,none,0.0,1070.0
endurance,300,misfire,1280.0,78.46589464058434,78.09380665169249,611.6253238019051,1524.2076322199134,65.06330028013362,30.8726043300235,6.088967300323676,0.23127561704027508,12.937426682665375,19.861091109073215,0.7378013335530231,3000.0,-4.5,0.45,none,0.0,1069.0
endurance,300,misfire,1281.0,78.46589463516288,77.72446518515395,613.7759487522969,1514.1126700307923,67.13774877374975,29.37723601306055,6.088967300323676,0.16608906034770643,12.942381746760763,19.803388578155573,0.7378013335861469,3000.0,-4.5,0.45,none,0.0,1068.0
endurance,300,misfire,1282.0,78.46589462987052,78.13101419786646,610.709501540392,1521.759827580238,66.87752911109186,30.28662992106328,6.088967300323676,0.23815316909401824,12.986111047507995,19.96752764799189,0.7378013336184819,3000.0,-4.5,0.45,none,0.0,1067.0
endurance,300,misfire,1283.0,78.46589462470416,79.57923160845795,608.2156775831022,1513.0672937319348,66.02253094328867,30.1819194009494,6.088967300323676,0.21709405107914104,12.894264154072307,20.05316212750315,0.737801333650047,3000.0,-4.5,0.45,none,0.0,1066.0
endurance,300,misfire,1284.0,78.46589461966082,77.65940725194746,610.0418171625154,1522.714292340538,66.6496241217694,30.532147167301602,6.088967300323676,0.18279526886987896,12.882220365802858,20.03161580859042,0.7378013336808606,3000.0,-4.5,0.45,none,0.0,1065.0
endurance,300,misfire,1285.0,78.46589461473755,78.60991246639071,613.2920395887313,1531.1299796060673,66.03498178342397,30.237534845065724,6.088967300323676,0.13895845782806548,12.971532923742801,20.000962681713283,0.7378013337109406,3000.0,-4.5,0.45,none,0.0,1064.0
endurance,300,misfire,1286.0,78.4658946099315,78.01287645050607,612.976197540748,1517.9168168992098,66.14605564811141,29.887882647831088,6.088967300323676,0.19323673054209303,12.876663191779485,20.066038810404493,0.7378013337403044,3000.0,-4.5,0.45,none,0.0,1063.0
endurance,300,misfire,1287.0,78.46589460523987,78.77217678114722,611.3609922639893,1515.0927246844876,66.21040367589876,31.132853757767975,6.088967300323676,0.21887128821525376,12.918125265849497,20.077837393153857,0.737801333768969,3000.0,-4.5,0.45,none,0.0,1062.0
endurance,300,misfire,1288.0,78.46589460065995,78.29451808262063,615.4946106122197,1524.493064129008,66.685822958302,30.10550197272611,6.088967300323676,0.2360813978754599,12.913743304844074,20.061875839983035,0.7378013337969512,3000.0,-4.5,0.45,none,0.0,1061.0
endurance,300,misfire,1289.0,78.46589459618907,79.79835683899545,615.1713363134147,1516.278494555366,66.88681812983425,29.936965772538706,6.088967300323676,0.19944528068389616,12.900601105690896,20.049900825557636,0.737801333824267,3000.0,-4.5,0.45,none,0.0,1060.0
endurance,300,misfire,1290.0,78.46589459182465,78.56895187910123,610.9964249250381,1519.5842331268504,65.68430453539767,30.592689668615083,6.088967300323676,0.12375361326566953,12.876262480641802,19.963391745500708,0.7378013338509326,3000.0,-4.5,0.45,none,0.0,1059.0
endurance,300,misfire,1291.0,78.46589458756415,78.27809413394031,612.9965866077054,1524.3972049123981,65.48799980841837,30.18182758425341,6.088967300323676,0.28209917660261374,12.940123167677605,19.888100872717636,0.7378013338769631,3000.0,-4.5,0.45,none,0.0,1058.0
endurance,300,misfire,1292.0,78.46589458340509,78.47305624039807,617.9466581143366,1519.1114104707194,65.70908893287363,29.78063995904712,6.088967300323676,0.2755198988588812,12.927746628876834,20.259065529351783,0.7378013339023741,3000.0,-4.5,0.45,none,0.0,1057.0
endurance,300,misfire,1293.0,78.46589457934505,78.51707276626796,616.1793473179009,1508.4583211353229,66.29502476964772,31.82735744576757,6.088967300323676,0.2645905247370405,12.897031270567881,20.132698689804204,0.7378013339271798,3000.0,-4.5,0.45,none,0.0,1056.0
endurance,300,misfire,1294.0,78.46589457538167,79.12435810738614,611.2348820020873,1520.345433340169,66.36030322345982,29.91631716383538,6.088967300323676,0.24941692951123412,12.950734704616604,19.81913003627089,0.7378013339513951,3000.0,-4.5,0.45,none,0.0,1055.0
endurance,300,misfire,1295.0,78.46589457151266,78.56473126912051,614.0056176584542,1519.5516447116045,65.97650036231985,31.06280429515983,6.088967300323676,0.1898691709944423,12.923715619091197,19.95955607003733,0.7378013339750338,3000.0,-4.5,0.45,none,0.0,1054.0
endurance,300,misfire,1296.0,78.46589456773577,78.96778586015455,608.618700725805,1528.067304311405,67.03861115019029,30.40318964315584,6.088967300323676,0.19697165267503985,12.976850574815524,20.096914385763053,0.7378013339981097,3000.0,-4.5,0.45,none,0.0,1053.0
endurance,300,misfire,1297.0,78.46589456404881,79.02841756821874,612.7307027165424,1512.985851683896,66.26953639602954,30.25735632243254,6.088967300323676,0.21048836622864278,12.98170337812151,20.404710673589683,0.7378013340206362,3000.0,-4.5,0.45,none,0.0,1052.0
endurance,300,misfire,1298.0,78.46589456044963,77.85436177353269,614.8395127199666,1518.9971127961865,66.3053441383152,29.806611404843977,6.088967300323676,0.1656108724442201,12.908818481424913,20.139695248554883,0.7378013340426262,3000.0,-4.5,0.45,none,0.0,1051.0
endurance,300,misfire,1299.0,78.46589455693615,79.42628492869449,613.8109678810046,1510.8953169284107,66.69410925283606,30.355012190577572,6.088967300323676,0.23372260362587424,12.985424352827668,20.075440277782466,0.7378013340640927,3000.0,-4.5,0.45,none,0.0,1050.0
endurance,300,misfire,1300.0,78.46589455350632,78.19151955984415,612.5830432291581,1533.2133538796195,65.51894288770457,30.52853400175434,6.088967300323676,0.17130444004369078,12.986148392193192,20.04133845006575,0.7378013340850481,3000.0,-4.5,0.45,none,0.0,1049.0
endurance,300,misfire,1301.0,78.46589455015815,77.910268976294,612.1430619861387,1521.1570731582415,66.12060686494544,30.44413070016925,6.088967300323676,0.09277238554143996,12.937458131721117,19.750295224026253,0.7378013341055045,3000.0,-4.5,0.45,none,0.0,1048.0
endurance,300,misfire,1302.0,78.4658945468897,79.22255516154343,614.320344129218,1525.0787974822588,66.83639500764455,31.074394957139248,6.088967300323676,0.16497773185200204,12.96680212003164,20.22541088401459,0.7378013341254739,3000.0,-4.5,0.45,none,0.0,1047.0
endurance,300,misfire,1303.0,78.46589454369908,77.29697909116277,614.1277777330267,1521.7560288023471,66.11035868543475,30.508776400299325,6.088967300323676,0.11950868932140207,12.846514963520944,19.830679317686744,0.7378013341449678,3000.0,-4.5,0.45,none,0.0,1046.0
endurance,300,misfire,1304.0,78.46589454058442,78.43753126783632,615.06872236012,1521.0244370469748,65.42299579964401,31.564113918631215,6.088967300323676,0.1325488976529644,12.908940778999776,19.943489874157297,0.7378013341639977,3000.0,-4.5,0.45,none,0.0,1045.0
endurance,300,misfire,1305.0,78.46589453754392,78.97045632131457,611.4295736229466,1523.2069186414317,64.73060084361244,31.203112748025497,6.088967300323676,0.1969702492667181,12.972576956047039,19.96461240740396,0.7378013341825743,3000.0,-4.5,0.45,none,0.0,1044.0
endurance,300,misfire,1306.0,78.46589453457581,77.90411102976289,612.6820052007856,1521.7105974333226,66.7093312903056,30.145286459101793,6.088967300323676,0.19196333942389524,12.888593545958136,19.959329616636126,0.7378013342007088,3000.0,-4.5,0.45,misfire,0.001,1043.0
endurance,300,misfire,1307.0,78.46589453167837,78.9420979027434,615.7584408861258,1514.0703888008675,65.96453215331023,30.65779557466566,6.088967300323676,0.14038786711610796,12.84510835008366,19.90802518664067,0.7378013342184113,3000.0,-4.5,0.45,misfire,0.002,1042.0
endurance,300,misfire,1308.0,78.46589452884992,78.16714264737165,610.583235136977,1520.5249592410566,65.83407449668343,31.130156014058965,6.088967300323676,0.2654068754021378,12.892582066331583,19.94669403249779,0.7378013342356926,3000.0,-4.5,0.45,misfire,0.003,1041.0
endurance,300,misfire,1309.0,78.4658945260888,78.28238673669883,612.421845382968,1518.0960856252382,66.30458499890622,30.724737439541066,6.088967300323676,0.21477792131833892,12.926558891981635,19.82334282960502,0.7378013342525622,3000.0,-4.5,0.45,misfire,0.004,1040.0
endurance,300,misfire,1310.0,78.46589452339343,79.42268882458939,606.5682306076402,1528.5188739325743,66.0345595534067,29.82856104639289,6.088967300323676,0.15667477830949808,12.974923437396113,20.071349040224288,0.7378013342690304,3000.0,-4.5,0.45,misfire,0.005,1039.0
endurance,300,misfire,1311.0,78.46589452076223,78.30927465017653,607.4504212699413,1518.179108032885,65.8807901227023,29.83118103578139,6.088967300323676,0.1762374855739471,12.877408990312757,20.169579197340482,0.7378013342851062,3000.0,-4.5,0.45,misfire,0.006,1038.0
endurance,300,misfire,1312.0,78.46589451819369,78.12630928489094,615.1476059401102,1519.9792175000298,66.03384309042114,29.105770778809624,6.088967300323676,0.25466052194258304,12.948643587447807,20.162783490426712,0.7378013343007994,3000.0,-4.5,0.45,misfire,0.007,1037.0
endurance,300,misfire,1313.0,78.4658945156863,79.83233545581065,613.5021692633009,1512.6708417798175,65.95456447241835,30.068647994611293,6.088967300323676,0.26683535022945637,12.949449465144477,19.7969523926047,0.7378013343161189,3000.0,-4.5,0.45,misfire,0.008,1036.0
endurance,300,misfire,1314.0,78.46589451323861,78.29409541067643,616.2802759882168,1515.3696658366948,67.16874703764965,30.58128794697501,6.088967300323676,0.2099497516355679,12.988345896804281,19.744338096187754,0.7378013343310736,3000.0,-4.5,0.45,misfire,0.009,1035.0
endurance,300,misfire,1315.0,78.4658945108492,79.06749910768703,615.8075945457955,1523.7060910054508,66.24412538352236,30.128800025688424,6.088967300323676,0.26354754880417064,12.967194021005596,20.006890933779953,0.7378013343456724,3000.0,-4.5,0.45,misfire,0.01,1034.0
endurance,300,misfire,1316.0,78.46589450851668,78.66590745716898,614.9756733365214,1510.4908632192487,65.55966079983445,30.594986008458687,6.088967300323676,0.246378901518887,13.01320595161568,19.82148673433566,0.7378013343599235,3000.0,-4.5,0.45,misfire,0.011,1033.0
endurance,300,misfire,1317.0,78.4658945062397,78.0777574238936,610.9158251450879,1515.1738288252348,65.94927203889209,30.483621402449785,6.088967300323676,0.12816457281504517,13.015178291615346,20.12486127630058,0.7378013343738352,3000.0,-4.5,0.45,misfire,0.011,1032.0
endurance,300,misfire,1318.0,78.46589450401693,78.19122013467546,609.4947367004237,1527.7003390906648,66.18881339111873,30.452422069987907,6.088967300323676,0.17370041594888358,12.95136112493911,19.890262562295945,0.7378013343874159,3000.0,-4.5,0.45,misfire,0.012,1031.0
endurance,300,misfire,1319.0,78.46589450184709,78.6889266061112,618.289336175429,1521.1687946477775,66.42795371110476,29.9285560167569,6.088967300323676,0.23219930643956843,12.8562563843906,20.19100623488782,0.7378013344006731,3000.0,-4.5,0.45,misfire,0.013,1030.0
endurance,300,misfire,1320.0,78.4658944997289,77.75707801326705,615.1932693361589,1517.801563442336,66.30965850665596,30.05985156772005,6.088967300323676,0.201719740163877,12.901069454497984,19.96790154215603,0.7378013344136146,3000.0,-4.5,0.45,misfire,0.014,1029.0
endurance,300,misfire,1321.0,78.46589449766115,78.62752029350615,609.437085320556,1523.0796774107112,66.35439295738807,29.67258251407777,6.088967300323676,0.1767471168167766,12.907069599392313,19.73566606813049,0.737801334426248,3000.0,-4.5,0.45,misfire,0.015,1028.0
endurance,300,misfire,1322.0,78.46589449564263,78.15574515977042,614.0778053469114,1520.9463448056947,65.59945191442898,30.786694507569774,6.088967300323676,0.22121309746353088,12.862280650698866,20.007572170725446,0.7378013344385808,3000.0,-4.5,0.45,misfire,0.016,1027.0
endurance,300,misfire,1323.0,78.46589449367217,78.80502127838156,616.5359960351806,1519.7616183741522,66.02118591960935,30.499198345659025,6.088967300323676,0.22384826346735787,12.931349066232608,19.82939040594647,0.7378013344506198,3000.0,-4.5,0.45,misfire,0.017,1026.0
endurance,300,misfire,1324.0,78.46589449174863,77.93972489688868,617.8764697738483,1513.265919292183,65.56183973960329,30.002088806958785,6.088967300323676,0.21932996244294184,12.894130688596015,19.71790562392977,0.7378013344623722,3000.0,-4.5,0.45,misfire,0.018,1025.0
endurance,300,misfire,1325.0,78.46589448987089,77.8541092480433,613.1442974097856,1526.9266252895272,65.88150400083367,31.371554167173677,6.088967300323676,0.1857744683049529,12.90380741352883,20.0298775115187,0.7378013344738447,3000.0,-4.5,0.45,misfire,0.019,1024.0
endurance,300,misfire,1326.0,78.46589448803786,78.59106411879313,610.6908425134878,1515.4862441303853,66.37123527246278,31.5164368507561,6.088967300323676,0.2077310985002059,12.87102899278088,20.04881237425243,0.737801334485044,3000.0,-4.5,0.45,misfire,0.02,1023.0
endurance,300,misfire,1327.0,78.46589448624847,79.36111030545065,610.2545577311789,1519.5571773200131,65.87278949851297,29.798731411006973,6.088967300323676,0.20603060302021056,12.906830849993886,19.758040719431428,0.7378013344959767,3000.0,-4.5,0.45,misfire,0.021,1022.0
endurance,300,misfire,1328.0,78.46589448450169,78.65369322193128,609.9476041302084,1528.1797838109085,65.6487363737609,30.472803518044177,6.088967300323676,0.2408621765075947,12.85257502287829,20.287868603533727,0.7378013345066491,3000.0,-4.5,0.45,misfire,0.022,1021.0
endurance,300,misfire,1329.0,78.46589448279649,78.04681165815646,614.7868339971564,1521.3949236159067,66.72089981048933,30.97936025815443,6.088967300323676,0.1819861906661339,13.001259320575862,19.688404284441383,0.7378013345170675,3000.0,-4.5,0.45,misfire,0.023,1020.0
endurance,300,misfire,1330.0,78.46589448113188,77.99849748523796,611.2947427477826,1519.1131283828402,65.59107652568972,29.635582707692976,6.088967300323676,0.20872796699697024,12.890784565698125,20.058051867529702,0.7378013345272377,3000.0,-4.5,0.45,misfire,0.024,1019.0
endurance,300,misfire,1331.0,78.46589447950691,78.75533565187062,617.0989016696697,1519.247870192054,66.51290926790672,29.6038484049139,6.088967300323676,0.2187740965990232,12.934065669448968,19.813719790043727,0.7378013345371659,3000.0,-4.5,0.45,misfire,0.025,1018.0
endurance,300,misfire,1332.0,78.46589447792064,78.55747259899134,613.6322362127901,1519.6265437228826,66.82357509243646,30.58257806049778,6.088967300323676,0.15656440952665082,13.05657751306328,19.68441507448988,0.7378013345468577,3000.0,-4.5,0.45,misfire,0.026,1017.0
endurance,300,misfire,1333.0,78.46589447637214,78.96168712389462,609.8497308550803,1524.5370456090752,66.19196725808861,30.201812748743343,6.088967300323676,0.15029176379578502,12.912257113887222,19.834510127335037,0.7378013345563186,3000.0,-4.5,0.45,misfire,0.027,1016.0
endurance,300,misfire,1334.0,78.4658944748605,78.92533544323365,610.0616344208039,1516.5331540114778,66.45014432348977,30.16372847811537,6.088967300323676,0.20369490720367378,12.957884172041368,19.516012587486987,0.7378013345655543,3000.0,-4.5,0.45,misfire,0.028,1015.0
endurance,300,misfire,1335.0,78.46589447338486,78.5402596797488,610.2988620139229,1514.137950939224,66.03453329105356,30.24582007932243,6.088967300323676,0.23081803535520767,12.998525001268868,19.807975185670568,0.7378013345745702,3000.0,-4.5,0.45,misfire,0.029,1014.0
endurance,300,misfire,1336.0,78.46589447194435,78.87662902129797,614.577743334903,1524.6786784626681,66.36422620715587,30.31302048279297,6.088967300323676,0.11442128857477418,12.891308374013587,20.14782713249097,0.7378013345833714,3000.0,-4.5,0.45,misfire,0.03,1013.0
endurance,300,misfire,1337.0,78.46589447053813,77.97870057925435,608.7439108260751,1523.9490999629431,65.6740118882245,30.005266334678712,6.088967300323676,0.30776501717384674,12.948568775575886,19.995982693268253,0.737801334591963,3000.0,-4.5,0.45,misfire,0.031,1012.0
endurance,300,misfire,1338.0,78.4658944691654,78.49075671509028,614.3652426704789,1521.309857080084,66.48453573166469,30.323209001297638,6.088967300323676,0.3596063467944667,13.011374633823646,20.177836671511585,0.73780133460035,3000.0,-4.5,0.45,misfire,0.032,1011.0
endurance,300,misfire,1339.0,78.46589446782535,78.59301767668286,609.6025789822068,1523.2437420934282,66.61578807373739,30.315773576608297,6.088967300323676,0.2335254552590657,12.951206133793656,20.547987205661336,0.7378013346085375,3000.0,-4.5,0.45,misfire,0.033,1010.0
endurance,300,misfire,1340.0,78.46589446651721,78.16096962793448,607.0774676554221,1520.0802618943203,66.63704992161664,31.547986160966108,6.088967300323676,0.19299099600860126,12.92925033507078,20.39007755893308,0.7378013346165297,3000.0,-4.5,0.45,misfire,0.034,1009.0
endurance,300,misfire,1341.0,78.46589446524021,77.99009055161127,612.2891909878085,1514.9134978323045,65.60114731655644,30.416931266411495,6.088967300323676,0.1279836925380935,12.926220481643515,19.99372715304776,0.737801334624332,3000.0,-4.5,0.45,misfire,0.034,1008.0
endurance,300,misfire,1342.0,78.46589446399362,77.87230300838345,613.4357478466435,1525.1334121396337,65.93811676382504,30.16680381111885,6.088967300323676,0.15397751615627212,12.872600866854812,19.99031100318223,0.7378013346319483,3000.0,-4.5,0.45,misfire,0.035,1007.0
endurance,300,misfire,1343.0,78.46589446277672,78.24019791617319,615.0009168123562,1512.2340301023564,65.50757801287621,30.737926030567014,6.088967300323676,0.29646115608107004,12.954290300584011,20.08441187460067,0.7378013346393832,3000.0,-4.5,0.45,misfire,0.036,1006.0
endurance,300,misfire,1344.0,78.46589446158877,77.33723583186553,616.285075403139,1508.69171225525,65.11696986110536,29.64659014396324,6.088967300323676,0.22016221409471293,13.012784067207978,19.98425352728447,0.7378013346466412,3000.0,-4.5,0.45,misfire,0.037,1005.0
endurance,300,misfire,1345.0,78.46589446042913,78.7226302192162,617.6891006300166,1517.7565984072937,66.97149922415991,30.917792438122977,6.088967300323676,0.24190830170876756,12.872314391767395,19.744371408053976,0.7378013346537264,3000.0,-4.5,0.45,misfire,0.038,1004.0
endurance,300,misfire,1346.0,78.46589445929709,78.62411881824463,611.5725239440552,1519.560699856883,66.24276974584626,30.49415940430981,6.088967300323676,0.18522975359270755,12.861392895918407,20.116385058567154,0.7378013346606429,3000.0,-4.5,0.45,misfire,0.039,1003.0
endurance,300,misfire,1347.0,78.465894458192,77.77415434818194,612.554643352945,1506.5642282556473,65.9133432379506,30.844525329088107,6.088967300323676,0.2057102443406622,12.914128379669384,20.099884587371683,0.7378013346673947,3000.0,-4.5,0.45,misfire,0.04,1002.0
endurance,300,misfire,1348.0,78.46589445711322,78.23628785769534,609.1500302413252,1516.73605308288,66.14642081254891,30.082545435825143,6.088967300323676,0.11343674851787407,12.858354746825489,20.058605461921655,0.7378013346739858,3000.0,-4.5,0.45,misfire,0.041,1001.0
endurance,300,misfire,1349.0,78.46589445606013,78.54565872481204,610.123370828965,1523.5790568346122,65.55209822944728,30.205802503769565,6.088967300323676,0.19582418353242656,12.995912530866413,19.998898208134328,0.73780133468042,3000.0,-4.5,0.45,misfire,0.042,1000.0
endurance,300,misfire,1350.0,78.46589445503211,78.26065587857194,614.6345373404927,1512.9298658541172,67.12067641573132,31.23448119402959,6.088967300323676,0.1800638093112327,12.907592581896752,20.21388930786899,0.7378013346867007,3000.0,-4.5,0.45,misfire,0.043,999.0
endurance,300,misfire,1351.0,78.46589445402857,78.2873217840328,612.6640023420318,1511.9463509446111,66.23334371484829,30.444494091867206,6.088967300323676,0.15585041602067126,12.958421087529901,19.890733290299615,0.7378013346928323,3000.0,-4.5,0.45,misfire,0.044,998.0
endurance,300,misfire,1352.0,78.46589445304892,78.87262285793346,614.4600161991114,1512.180276393616,65.51913178727945,29.962732390186634,6.088967300323676,0.2110512712055198,12.960250554036048,19.85323192162396,0.7378013346988177,3000.0,-4.5,0.45,misfire,0.045,997.0
endurance,300,misfire,1353.0,78.4658944520926,78.71854832779688,611.0920062822928,1512.5711219893474,66.27018496321165,30.70045414998177,6.088967300323676,0.18825351143133018,12.905282450176733,19.98201786441703,0.7378013347046606,3000.0,-4.5,0.45,misfire,0.046,996.0
endurance,300,misfire,1354.0,78.46589445115904,77.97500821116188,614.1545023776308,1518.2227037856678,66.46960783277332,30.605705691568865,6.088967300323676,0.21596085193370984,12.923718193064378,19.781422675139627,0.7378013347103644,3000.0,-4.5,0.45,misfire,0.047,995.0
endurance,300,misfire,1355.0,78.46589445024772,78.57174595467481,615.2876046746038,1509.7238988863041,66.15138611008052,30.597897634739024,6.088967300323676,0.2423369431263725,12.918970909578311,20.00469810103738,0.7378013347159323,3000.0,-4.5,0.45,misfire,0.048,994.0
endurance,300,misfire,1356.0,78.46589444935809,78.59531712247865,612.2150643166584,1519.314984416852,65.51231486019483,30.166197241808376,6.088967300323676,0.16073107898103836,12.904490683944852,20.192882932655124,0.7378013347213677,3000.0,-4.5,0.45,misfire,0.049,993.0
endurance,300,misfire,1357.0,78.46589444848965,78.84215332467463,611.8849372806704,1525.066186222217,66.55659024394397,30.99613814423868,6.088967300323676,0.23507360105860842,12.941259782627094,19.683447020253734,0.7378013347266736,3000.0,-4.5,0.45,misfire,0.05,992.0
endurance,300,misfire,1358.0,78.46589444764189,78.25667638854948,613.4489545964861,1529.2503089410766,66.52464514548949,29.703244800984287,6.088967300323676,0.20907979665339868,12.893557053669568,20.256859378794303,0.7378013347318533,3000.0,-4.5,0.45,misfire,0.051,991.0
endurance,300,misfire,1359.0,78.4658944468143,78.25994171902276,613.3926454303048,1517.8615365159947,65.88143714473757,30.214026112349302,6.088967300323676,0.2977619042031859,12.953608034945024,20.16170322034283,0.7378013347369097,3000.0,-4.5,0.45,misfire,0.052,990.0
endurance,300,misfire,1360.0,78.46589444600643,78.79575137705284,614.072758115792,1519.9258195724794,65.81959291303481,30.325873249106337,6.088967300323676,0.10042301917635912,12.8769742888788,20.268695729882328,0.7378013347418455,3000.0,-4.5,0.45,misfire,0.053,989.0
endurance,300,misfire,1361.0,78.46589444521778,78.67481132914487,614.8704637680127,1512.7774703751759,66.68330849629604,30.47161663243768,6.088967300323676,0.1972278187760257,12.9301343318477,19.77360645661818,0.7378013347466639,3000.0,-4.5,0.45,misfire,0.054,988.0
endurance,300,misfire,1362.0,78.46589444444791,78.47341171130043,611.583242962618,1520.9633352224862,65.50323460075708,29.928936175513307,6.088967300323676,0.158551820591734,12.932455457647235,19.976363473916596,0.7378013347513677,3000.0,-4.5,0.45,misfire,0.055,987.0
endurance,300,misfire,1363.0,78.23857131817918,77.40156652207716,593.2744385290847,1112.5618320493718,61.89600897876112,30.00172284537867,2.6915701139010193,0.9735100823665495,12.679816606282705,19.820685434915287,0.6634267610172742,3000.0,-4.5,0.45,misfire,0.056,986.0
endurance,300,misfire,1364.0,78.08769912402192,78.57428952095782,615.5954868293649,1251.3842703532562,64.74606015635324,29.97021211829769,4.9868930368627336,0.1321392422444029,12.670215891146746,20.14294268109619,0.732433180073184,3000.0,-4.5,0.45,misfire,0.057,985.0
endurance,300,misfire,1365.0,77.98925807771148,78.80997368030543,609.6369580981249,1327.5465178022414,65.17427959178454,31.00019287352547,5.3312912441942775,0.16727138580993772,12.872457266568198,19.869754961286656,0.7378133643309559,3000.0,-4.5,0.45,misfire,0.057,984.0
endurance,300,misfire,1366.0,77.92673764585115,78.63623722788942,610.8357002301273,1389.375624020304,65.65208122414239,29.703239816504198,5.568065011734716,0.18915726749535688,12.81261650438071,19.758734096017296,0.7410954480015942,3000.0,-4.5,0.45,misfire,0.058,983.0
endurance,300,misfire,1367.0,77.88878983196149,78.06734989972504,611.2936707660618,1425.4003718890901,65.93064841025435,30.173713313923496,5.730846976918766,0.21044436749672998,12.784272769490913,20.309513967621875,0.7413272996575067,3000.0,-4.5,0.45,misfire,0.059,982.0
endurance,300,misfire,1368.0,77.8676158123787,78.23143728594009,607.6701984083594,1453.7798770358502,65.93690226882359,29.995652780473073,5.842759577982801,0.16788322632273883,12.89562369419027,20.03124530462377,0.7414566676236525,3000.0,-4.5,0.45,misfire,0.06,981.0
endurance,300,misfire,1369.0,77.8578567501327,77.82935341440604,608.1117840819535,1471.1600183917453,66.4620897560202,30.52109329433438,5.919699491214325,0.15597625559846726,12.910987149231408,20.358751002865386,0.7415162930542101,3000.0,-4.5,0.45,misfire,0.061,980.0
endurance,300,misfire,1370.0,77.8558312311458,78.82094270786571,613.1587319294288,1488.3827405706159,66.73581055971253,30.682751684640834,5.972595681560998,0.2440842744468417,12.857770648027774,20.251331999920534,0.7415286684688402,3000.0,-4.5,0.45,misfire,0.062,979.0
endurance,300,misfire,1371.0,77.85901100323747,77.53773375857223,612.660183330367,1504.4455562554747,66.36582910116071,29.94247029441796,6.008961812424334,0.14423871033862803,12.964977106020557,19.758853424322577,0.7415092408563032,3000.0,-4.5,0.45,misfire,0.063,978.0
endurance,300,misfire,1372.0,77.86566054826957,77.94625337372192,603.9853493366198,1504.6705868365227,65.36631519411401,29.99182527215208,6.0339635273928796,0.20995846487795808,12.949951870779456,20.151829279000626,0.7414686137985432,3000.0,-4.5,0.45,misfire,0.064,977.0
endurance,300,misfire,1373.0,77.87458928953825,77.25102567558694,610.1927849888834,1513.883941621696,66.11500262813951,30.770882723636266,6.051152206433755,0.19092909184504303,12.926115693013983,19.99050241845591,0.741414061421577,3000.0,-4.5,0.45,misfire,0.065,976.0
endurance,300,misfire,1374.0,77.884981235861,77.83537793390786,613.1035728526351,1510.1326238863921,66.4428218771613,30.149437242617502,6.062969423274354,0.044398322486700004,12.889851262821482,20.501701842614295,0.7413505692275315,3000.0,-4.5,0.45,misfire,0.066,975.0
endurance,300,misfire,1375.0,77.89627786335606,78.57764213494815,609.3980253406118,1504.8702198062197,66.60245387783242,31.305434202256308,6.071093759852267,0.27415808548060366,12.917660899123533,19.83015249675322,0.7412815496576937,3000.0,-4.5,0.45,misfire,0.067,974.0
endurance,300,misfire,1376.0,77.90809759809997,78.00204908946027,602.7865507416011,1518.3081898303099,66.13646550832523,29.845231871640696,6.076679241249582,0.10147436387738003,12.970406766864599,20.255608697849798,0.741209334033342,3000.0,-4.5,0.45,misfire,0.068,973.0
endurance,300,misfire,1377.0,77.92018046185505,78.87415884693709,612.6873268511833,1510.1150561772288,65.56386679868449,30.565138691294113,6.080519259710236,0.175147284055097,12.974701655555657,19.679653253490976,0.7411355107565143,3000.0,-4.5,0.45,misfire,0.069,972.0
endurance,300,misfire,1378.0,77.93235001737393,77.84146445560623,615.8300646695806,1515.9013522461928,65.73907263402916,30.253705005235535,6.083159272401935,0.2153918546415879,12.924541750391773,20.078031428729854,0.7410611578146828,3000.0,-4.5,0.45,misfire,0.07,971.0
endurance,300,misfire,1379.0,77.94448720713072,77.96196597174406,614.1398955699915,1513.8588466614026,66.81339874503456,30.46503778047851,6.084974281127479,0.16823689416951973,12.9484526427045,20.27164726963696,0.7409870026195664,3000.0,-4.5,0.45,misfire,0.071,970.0
endurance,300,misfire,1380.0,77.95651236875136,78.1639583386785,613.2853913536113,1521.4058570076365,66.61826948272842,31.07297597301693,6.086222099626291,0.2505248341609865,12.94450412639592,19.9976728584462,0.7409135318883546,3000.0,-4.5,0.45,misfire,0.072,969.0
endurance,300,misfire,1381.0,77.96837287189358,77.87376656677347,608.8006704255774,1520.3927230459458,65.9479275954881,31.54456908567856,6.087079974844223,0.22948699835151573,12.96344891080111,20.081352527724928,0.7408410671792816,3000.0,-4.5,0.45,misfire,0.073,968.0
endurance,300,misfire,1382.0,77.98003461984311,77.54179172177436,615.2601819266506,1516.1886612165595,66.5054746414104,29.968683643039462,6.087669764056552,0.125880427678904,12.865345021539424,20.073542778437357,0.740769816814747,3000.0,-4.5,0.45,misfire,0.074,967.0
endurance,300,misfire,1383.0,77.99147620807294,77.77188288842913,616.5090124591034,1514.4360415270712,65.85912881413151,29.65757919813887,6.088075244140028,0.14379530667883,12.976725330949641,20.069888788621032,0.7406999115710596,3000.0,-4.5,0.45,misfire,0.075,966.0
endurance,300,misfire,1384.0,78.00268490943559,77.84715408320456,607.8235271636692,1529.4263882566318,65.20764661110321,30.455127411520717,6.088354011697417,0.14205016232538337,12.850839303756015,19.940854347126614,0.7406314292079093,3000.0,-4.5,0.45,misfire,0.076,965.0
endurance,300,misfire,1385.0,78.01365391513767,78.42918577198014,611.9192480314675,1517.7077066802508,65.70391426922602,29.900934203755682,6.0885456643931235,0.1686979327790422,12.914171709069306,19.958298488060144,0.7405644113253209,3000.0,-4.5,0.45,misfire,0.077,964.0
endurance,300,misfire,1386.0,78.02438043903702,77.88302607724582,614.6881573193831,1521.285871119494,66.86915409789648,29.733116284707293,6.0886774256214204,0.13306023373567769,12.860485650938875,20.05911463848903,0.7404988749459269,3000.0,-4.5,0.45,misfire,0.078,963.0
endurance,300,misfire,1387.0,78.03486441544749,77.60941602936707,614.4472278364892,1523.2391792359467,66.00909283158995,29.625055120116055,6.088768011465876,0.16107878062951594,13.0356625835168,19.89389900342367,0.7404348204710529,3000.0,-4.5,0.45,misfire,0.079,962.0
endurance,300,misfire,1388.0,78.0451076049539,77.67446210784689,617.0468768051182,1522.0276937315234,66.90953621725798,30.520701582296436,6.088830289233938,0.27674932445382483,12.911675333500453,20.083253733843435,0.7403722371439662,3000.0,-4.5,0.45,misfire,0.08,961.0
endurance,300,misfire,1389.0,78.05511298070842,78.03787313207692,615.149418430411,1526.6894974711454,66.16687732209478,29.869855890522977,6.088873105199481,0.1487938335893384,12.980413464199582,20.24562759491238,0.7403111067994501,3000.0,-4.5,0.45,misfire,0.08,960.0
endurance,300,misfire,1390.0,78.06488430753306,77.07298322975085,614.4223779852259,1520.9543573742503,66.52608106964774,30.080287370948064,6.088902541175791,0.15545106342605966,12.939304547685389,20.22334075584961,0.7402514064353831,3000.0,-4.5,0.45,misfire,0.081,959.0
endurance,300,misfire,1391.0,78.07442585355192,78.36792784854157,617.4946525176321,1511.8905941657615,66.68583744020523,30.413164121728627,6.088922778409504,0.20881528489686282,12.883140699071502,19.781843407707314,0.7401931099745944,3000.0,-4.5,0.45,misfire,0.082,958.0
endurance,300,misfire,1392.0,78.08374219291376,78.40064101727843,610.6735864906192,1520.3967860156085,65.21022598913079,30.59480896959635,6.0889366915076835,0.15929845887360394,12.988942695513881,20.079797495349858,0.7401361894701786,3000.0,-4.5,0.45,misfire,0.083,957.0
endurance,300,misfire,1393.0,78.0928380711162,76.79113082383832,613.7130969264115,1524.7569914452133,66.11152579513889,30.60487409170578,6.088946256762682,0.22650580370484233,12.902221124553135,20.11004048454737,0.7400806159283311,3000.0,-4.5,0.45,misfire,0.084,956.0
endurance,300,misfire,1394.0,78.10171831334557,78.56356916785445,616.3156158931697,1520.6077852297583,66.10190592109747,30.45293853577739,6.088952832875493,0.1734435551887845,12.908570556587359,19.938764322895786,0.7400263598683702,3000.0,-4.5,0.45,misfire,0.085,955.0
endurance,300,misfire,1395.0,78.11038776236809,78.5633960556885,612.5240089190182,1509.9640855352716,65.69889521409512,30.087640078765663,6.08895735395305,0.1736733697662455,12.93695432253791,20.06145078055142,0.7399733917022049,3000.0,-4.5,0.45,misfire,0.086,954.0
endurance,300,misfire,1396.0,78.11885123671591,77.47517959905284,609.6566139624681,1520.593488178993,66.2915927480029,30.054384507267862,6.088960462193871,0.08194619075354391,12.92689709263091,20.041489425317675,0.7399216819898082,3000.0,-4.5,0.45,misfire,0.087,953.0
endurance,300,misfire,1397.0,78.12711350280476,77.64549501709753,606.9722723495325,1517.321378765435,66.25220690257817,30.412132150650553,6.0889625991094345,0.26033013539173805,12.926909887346046,20.295342559107485,0.7398712016095719,3000.0,-4.5,0.45,misfire,0.088,952.0
endurance,300,misfire,1398.0,78.13517925660902,78.5523209029648,619.4140615342891,1517.9516824667967,65.974425367898,30.835383612820227,6.0889640682388855,0.21753105305976267,12.858296011931984,19.770777899880922,0.7398219218702664,3000.0,-4.5,0.45,misfire,0.089,951.0
endurance,300,misfire,1399.0,78.14305311188743,78.57305622655296,611.8617932260468,1517.8225722505408,66.46769359387919,30.769814482730105,6.088965078265381,0.2790626780136158,12.884341901995269,19.730250473062625,0.7397738145829791,3000.0,-4.5,0.45,misfire,0.09,950.0
endurance,300,misfire,1400.0,78.15073959289269,77.64470023806459,610.132092996701,1524.4571211465568,65.86145200218664,30.859014799046278,6.088965772658599,0.17075790900876192,12.902039076006103,20.10828818431783,0.7397268521056573,3000.0,-4.5,0.45,misfire,0.091,949.0
endurance,300,misfire,1401.0,78.15824313014467,77.89869895846661,615.4233444369315,1523.2179869233264,66.29709372456418,29.850482047423327,6.088966250053935,0.15615883710893194,12.848914559710689,19.74758923661643,0.7396810073689319,3000.0,-4.5,0.45,misfire,0.092,948.0
endurance,300,misfire,1402.0,78.165568058291,76.9606667706811,608.71500089819,1522.3833926844288,66.0546463562489,30.3579521042905,6.088966578263229,0.1968423325128368,12.932218362559668,19.78773782801063,0.7396362538891899,3000.0,-4.5,0.45,misfire,0.093,947.0
endurance,300,misfire,1403.0,78.1727186153847,78.07730750001278,615.9126639521415,1509.0490736749025,66.30247250472364,30.472969849368802,6.088966803907118,0.18715622748181732,12.963490007955318,20.070139681104457,0.7395925657729867,3000.0,-4.5,0.45,misfire,0.094,946.0
endurance,300,misfire,1404.0,78.17969894311796,77.75933696543888,608.0872944104477,1516.7520091660194,66.61683943141283,31.11852928283358,6.088966959037293,0.18358712052375625,12.91537562003465,19.87536805480073,0.7395499177156184,3000.0,-4.5,0.45,misfire,0.095,945.0
endurance,300,misfire,1405.0,78.18651308769611,78.59444520957057,612.669142551527,1518.9612035078242,65.64291866185143,30.042707778958388,6.088967065689287,0.17971992176420695,12.887162367469436,19.71709784346863,0.7395082849957819,3000.0,-4.5,0.45,misfire,0.096,944.0
endurance,300,misfire,1406.0,78.19316500113463,77.80626885868283,614.5139101112612,1515.0020794482257,65.4765432051574,29.860300893807644,6.088967139012534,0.18471737591188825,12.958168217167136,20.22302638643781,0.7394676434676509,3000.0,-4.5,0.45,misfire,0.097,943.0
endurance,300,misfire,1407.0,78.19965854283033,78.44200975434697,612.2337950770211,1525.041994870504,66.36365859696738,29.339031270085062,6.088967189422265,0.13916701373142798,12.830291529817103,19.635624853468062,0.7394279695512757,3000.0,-4.5,0.45,misfire,0.098,942.0
endurance,300,misfire,1408.0,78.20599748130508,77.4373970878806,615.5692462329935,1523.8438645358128,66.75376378199805,30.481171620270008,6.088967224078955,0.1623031177999609,12.904001128580758,19.889564790807082,0.7393892402219296,3000.0,-4.5,0.45,misfire,0.099,941.0
endurance,300,misfire,1409.0,78.2121854960521,78.26934503002192,614.6176450729864,1518.963245189444,66.10460096575558,30.5924404029679,6.088967247905431,0.1615540969339059,13.016471602649709,19.81248042705362,0.7393514329988289,3000.0,-4.5,0.45,misfire,0.1,940.0
endurance,300,misfire,1410.0,78.21822617943762,78.15402569065763,615.7558639719587,1526.3519082019534,66.10853092486336,30.487181364495676,6.088967264286132,0.21876048650390462,12.898375948332168,20.223668375523346,0.7393145259335143,3000.0,-4.5,0.45,misfire,0.101,939.0
endurance,300,misfire,1411.0,78.22412303862527,77.30992151538894,615.9489345764389,1520.1185873640866,65.79185310525173,30.010873761169417,6.088967275547864,0.1463539174087819,12.94131422208039,19.976517914061724,0.7392784975980926,3000.0,-4.5,0.45,misfire,0.102,938.0
endurance,300,misfire,1412.0,78.22987949750163,79.12119819379325,610.0669668523465,1521.6308661170492,66.26014192528181,29.84772657053179,6.088967283290306,0.2705807104691084,12.91965883944258,19.980010699633503,0.7392433270734726,3000.0,-4.5,0.45,misfire,0.102,937.0
endurance,300,misfire,1413.0,78.23549889858816,78.77537416548603,609.6561152996786,1516.0328507875115,66.23623338127697,29.77500845699962,6.088967288613234,0.1957460073397049,12.996893053680848,20.05114917174047,0.7392089939376842,3000.0,-4.5,0.45,misfire,0.103,936.0
endurance,300,misfire,1414.0,78.24098450492968,78.09396626183377,617.9049976771009,1520.4185659211812,66.2392523063276,30.517419962337236,6.088967292272747,0.22125698548829592,12.880191384525832,20.159154757061515,0.7391754782543392,3000.0,-4.5,0.45,misfire,0.104,935.0
endurance,300,misfire,1415.0,78.24633950195319,77.788414363563,609.4198118258699,1511.3857001655929,65.91677640226085,30.474818183940044,6.088967294788661,0.25747785365118525,12.911366101982019,20.286865860970224,0.7391427605612748,3000.0,-4.5,0.45,misfire,0.105,934.0
endurance,300,misfire,1416.0,78.25156699929285,78.29836499189803,612.0928453062662,1523.4965709589844,65.74781721858896,31.44547372817435,6.088967296518354,0.21977734849481478,12.948448586564675,20.0466187305306,0.7391108218594038,3000.0,-4.5,0.45,misfire,0.106,933.0
endurance,300,misfire,1417.0,78.25667003257877,78.51628452982216,610.8602358625969,1516.76105952839,66.47998220150772,30.336732666243716,6.088967297707518,0.12673211051858013,12.952477767106423,19.841096916752612,0.7390796436017852,3000.0,-4.5,0.45,misfire,0.107,932.0
endurance,300,misfire,1418.0,78.2616515651881,78.64982532462072,607.2236322241272,1510.6411568934375,65.59875126454166,30.882835230194992,6.088967298525067,0.19342370878123458,12.975262865592216,19.940156038989212,0.7390492076829254,3000.0,-4.5,0.45,misfire,0.108,931.0
endurance,300,misfire,1419.0,78.26651448995787,78.38002033456985,612.8061905651034,1533.421548984165,66.90055992139604,30.756472521834418,6.088967299087132,0.20438134599401603,12.907767866373888,19.7608431619277,0.7390194964283132,3000.0,-4.5,0.45,misfire,0.109,930.0
endurance,300,misfire,1420.0,78.27126163085936,78.25174847060838,615.9423108140486,1525.3037027541884,65.65393703969559,30.14954245792318,6.088967299473552,0.24653214665623846,12.986386161913064,19.89836358686506,0.7389904925841904,3000.0,-4.5,0.45,misfire,0.11,929.0
endurance,300,misfire,1421.0,78.27589574463418,78.58813186853412,610.7886116722634,1515.9039484689667,66.56115215361648,30.56754185431308,6.088967299739216,0.25428290345919374,13.038536244617534,20.066995465970333,0.7389621793075545,3000.0,-4.5,0.45,misfire,0.111,928.0
endurance,300,misfire,1422.0,78.28041952239266,77.93314599311286,611.433620950365,1522.8559842420632,66.37548148705284,29.798115058938723,6.08896729992186,0.22726027663000936,12.890907699137307,20.10558216154616,0.7389345401563947,3000.0,-4.5,0.45,misfire,0.112,927.0
endurance,300,misfire,1423.0,78.2848355911747,77.7685431394554,609.5824269156888,1521.1682689249762,66.03362817395853,30.13818535153092,6.088967300047426,0.061540500103391765,12.972938652214697,20.103746207450417,0.7389075590801537,3000.0,-4.5,0.45,misfire,0.113,926.0
endurance,300,misfire,1424.0,78.28914651547416,77.26261762864249,612.8724267011904,1517.8390985540914,66.32788643545042,29.501663637758284,6.088967300133755,0.1851832766894772,12.99220980141747,20.18035793475895,0.7388812204104152,3000.0,-4.5,0.45,misfire,0.114,925.0
endurance,300,misfire,1425.0,78.2933547987273,78.23804806248374,616.087206238109,1524.1308828748695,66.80177515012613,30.677016289085557,6.088967300193105,0.1604044711871646,12.894587243505333,20.074745313791315,0.7388555088518093,3000.0,-4.5,0.45,misfire,0.115,924.0
endurance,300,misfire,1426.0,78.0701397592487,78.30130502713749,566.7688236735271,1118.3039913846917,61.906824983544496,30.520316550677997,2.6915701138471575,0.9545207696502944,12.737725353060888,19.928424277031624,0.6837590881267701,3000.0,-4.5,0.45,misfire,0.116,923.0
endurance,300,misfire,1427.0,77.92327784029533,78.25642219053279,609.3063658125628,1249.6877752770608,63.463605697189216,30.180762875048707,4.986893036801018,0.21035712483333166,12.760378900844536,19.93506841368988,0.7334377530105762,3000.0,-4.5,0.45,misfire,0.117,922.0
endurance,300,misfire,1428.0,77.82875158644855,77.10656483264391,611.5506597469894,1327.3615336427756,64.68508684056658,30.119810836096473,5.331291244151847,0.2018272961037568,12.764642398495921,20.04855804222895,0.7387940188653609,3000.0,-4.5,0.45,misfire,0.118,921.0
endurance,300,misfire,1429.0,77.77005273770938,77.34220091139417,608.2045189724449,1392.6443346657113,64.91489394042652,29.862332021867097,5.568065011705544,0.2666800461738867,12.781099710713155,20.209192883000725,0.7420527536191135,3000.0,-4.5,0.45,misfire,0.119,920.0
endurance,300,misfire,1430.0,77.73583551686787,77.52234453384612,615.5265074964813,1437.8939285231393,65.4968868338925,30.001315155095373,5.73084697689871,0.1309829824962441,12.891762773017847,20.12661445778928,0.7422618122841499,3000.0,-4.5,0.45,misfire,0.12,919.0
endurance,300,misfire,1431.0,77.71830326669011,77.85877288861947,613.0900848455113,1463.7203369458455,65.25607785891332,30.03369725307688,5.842759577969011,0.2305788278353119,12.764775174002724,19.823688321647303,0.7423689299496734,3000.0,-4.5,0.45,misfire,0.121,918.0
endurance,300,misfire,1432.0,77.7120992650544,77.27320276610294,611.9960797852392,1478.0402413174681,65.38558476868465,30.245804439678817,5.9196994912048435,0.2144539452334427,12.962940028663981,20.10059339965317,0.7424068348486672,3000.0,-4.5,0.45,misfire,0.122,917.0
endurance,300,misfire,1433.0,77.71354416237797,77.461722790154,611.1774068048118,1491.0331776358685,65.83745194339797,30.48138804676796,5.972595681554479,0.17153786328545986,12.947452597151782,19.93485297042048,0.7423980068872444,3000.0,-4.5,0.45,misfire,0.123,916.0
endurance,300,misfire,1434.0,77.72011172182062,77.7117325752342,607.0510561149412,1503.5797457947579,66.04400616380475,30.725456740405665,6.008961812419853,0.2419965293169998,12.916636851109658,20.39017531609627,0.7423578807409398,3000.0,-4.5,0.45,misfire,0.124,915.0
endurance,300,misfire,1435.0,77.7300683926003,77.3627547136779,611.7603190258728,1503.5588503736112,66.72164215238797,29.479969617829173,6.0339635273897985,0.12407841951080856,12.936016326432231,20.009284300427254,0.7422970479716435,3000.0,-4.5,0.45,misfire,0.125,914.0
endurance,300,misfire,1436.0,77.74222551852746,77.98230476678374,613.9085428382098,1505.175844663084,66.32468363994157,29.92906396513744,6.0511522064316345,0.19468420715402338,12.83069458023249,20.081851509045194,0.7422227709715101,3000.0,-4.5,0.45,misfire,0.125,913.0
endurance,300,misfire,1437.0,77.75576898320742,78.26855561522918,615.3598510209532,1516.3900532192251,65.59114173920078,29.951304110700562,6.0629694232728975,0.22551212164801865,12.890444022342175,20.202342422365565,0.7421400237881818,3000.0,-4.5,0.45,misfire,0.126,912.0
endurance,300,misfire,1438.0,77.77014209290837,78.18992634042176,610.0615215190275,1513.4684164850082,65.73260202855613,31.642301396427722,6.071093759851265,0.2679864824976688,12.899320951317083,19.974734239998664,0.7420522076811864,3000.0,-4.5,0.45,misfire,0.127,911.0
endurance,300,misfire,1439.0,77.78496506028189,77.84362872257672,615.7922165534193,1521.9642286945564,66.24621724433017,30.398331717653054,6.076679241248894,0.2088240939503181,12.91942021816566,20.073453371136463,0.741961643056276,3000.0,-4.5,0.45,misfire,0.128,910.0
endurance,300,misfire,1440.0,77.79997965112781,78.98193646494255,612.7500851996555,1509.8166790858638,65.96441164290101,29.45431048612145,6.080519259709763,0.23714010172889485,12.990699423877619,19.919971996732826,0.7418699076598552,3000.0,-4.5,0.45,misfire,0.129,909.0
endurance,300,misfire,1441.0,77.81501113071158,79.17269888623252,612.7300869897186,1512.9614060249705,66.70332666857196,29.095921042802082,6.083159272401611,0.1583634477821327,12.942940894044526,20.264473793784898,0.7417780690774682,3000.0,-4.5,0.45,misfire,0.13,908.0
endurance,300,misfire,1442.0,77.82994210348411,77.18850973259879,615.9212951249889,1519.8867813144884,66.34129755385516,31.25876310553983,6.0849742811272565,0.2004550714887459,12.907199866580038,20.020306093452433,0.7416868445665712,3000.0,-4.5,0.45,misfire,0.131,907.0
endurance,300,misfire,1443.0,77.84469452947728,77.8631049382217,611.0951008335841,1516.0389247641006,66.01850581910816,30.40206187757345,6.086222099626137,0.2685199811767679,12.971570570007989,20.052652387759636,0.7415967109318595,3000.0,-4.5,0.45,misfire,0.132,906.0
endurance,300,misfire,1444.0,77.85921736212602,78.55207052164164,610.3440669177512,1518.1803244455211,65.82200378631497,30.07328642348096,6.087079974844117,0.19274511342272713,12.93533061456323,19.872016235064844,0.7415079800550839,3000.0,-4.5,0.45,misfire,0.133,905.0
endurance,300,misfire,1445.0,77.8734780507843,78.5250429848096,609.6019417287995,1522.6546567600506,65.95397027111103,30.14919026557427,6.087669764056479,0.21466531364106065,12.909604072436242,19.844036551377737,0.7414208508125539,3000.0,-4.5,0.45,misfire,0.134,904.0
endurance,300,misfire,1446.0,77.88745670018218,77.6330348925057,611.0389264290731,1508.6218371166915,66.18067253886319,30.74188507470153,6.088075244139978,0.14106629874519253,12.87809525284184,20.41186913612411,0.7413354447593952,3000.0,-4.5,0.45,misfire,0.135,903.0
endurance,300,misfire,1447.0,77.90114205649462,78.56393793942951,611.9180288255042,1528.8872637742052,66.31511429994933,29.49693395911099,6.088354011697384,0.18107134894504032,12.933974011606507,20.034946738222743,0.7412518306536653,3000.0,-4.5,0.45,misfire,0.136,902.0
endurance,300,misfire,1448.0,77.91452874917148,78.7076801973769,607.4798851847772,1521.0179754533606,66.75118679839417,30.11891864927867,6.0885456643931,0.1607321085397626,12.889606872889727,20.066897066948023,0.7411700413080828,3000.0,-4.5,0.45,misfire,0.137,901.0
endurance,300,misfire,1449.0,77.92761539607002,77.49801972063524,610.9325659333057,1509.7302964197456,66.21532073960766,30.440013345826827,6.088677425621406,0.19099955080219355,12.965449389106713,19.854911873209925,0.7410900851671944,3000.0,-4.5,0.45,misfire,0.138,900.0
endurance,300,misfire,1450.0,77.94040330207496,78.0542658336465,613.0102569631812,1523.2878914528267,65.02714909205888,31.199242309616587,6.088768011465864,0.14413515329433188,12.905327734945171,20.219448984601534,0.7410119542584809,3000.0,-4.5,0.45,misfire,0.139,899.0
endurance,300,misfire,1451.0,77.95289556570927,77.88937132546607,613.2099819334925,1520.1006066174546,66.3091605986862,30.474487441260525,6.08883028923393,0.2630579635837754,12.93987762814261,19.805834765736737,0.740935629650741,3000.0,-4.5,0.45,misfire,0.14,898.0
endurance,300,misfire,1452.0,77.96509646620771,78.52058068135294,612.0154084248802,1518.3514236731182,66.0051275353854,29.137537926441293,6.088873105199475,0.18833171060119214,12.900701430295918,19.994156455317587,0.7408610851989208,3000.0,-4.5,0.45,misfire,0.141,897.0
endurance,300,misfire,1453.0,77.97701104337762,77.59537485258186,607.5486992576331,1520.9836038862072,66.26150781108382,30.219436446093297,6.088902541175789,0.1794787143203517,12.902728142138455,19.75019543827187,0.740788290111057,3000.0,-4.5,0.45,misfire,0.142,896.0
endurance,300,misfire,1454.0,77.98864480997159,78.45648973992226,612.4281977460479,1526.8479999759165,67.0234737630649,31.93932319663201,6.088922778409503,0.1927593574066152,12.900220807858597,20.258437967414064,0.7407172107056095,3000.0,-4.5,0.45,misfire,0.143,895.0
endurance,300,misfire,1455.0,78.00000355513296,77.67274378795469,608.2803665509733,1512.8735145763956,65.86653475718008,30.055573815537816,6.088936691507682,0.1729534188028315,12.855068567699501,19.69343529268512,0.7406478116123596,3000.0,-4.5,0.45,misfire,0.144,894.0
endurance,300,misfire,1456.0,78.01109321042541,78.26997303504857,612.1893216048812,1519.6059175257508,66.55615088155014,31.25371737030334,6.088946256762681,0.16397665565708353,13.018954823480026,20.108719591120554,0.7405800565909366,3000.0,-4.5,0.45,misfire,0.145,893.0
endurance,300,misfire,1457.0,78.02191975886171,77.10843709785752,610.9699448275921,1520.197711023002,66.50178670203609,30.279634746695216,6.088952832875491,0.24025411938414953,13.010902825677766,19.923706348358156,0.740513909086628,3000.0,-4.5,0.45,misfire,0.146,892.0
endurance,300,misfire,1458.0,78.03248917346718,77.63282640921713,612.8501156537756,1520.4560578594421,66.47214541480675,29.875663626821655,6.088957353953049,0.10110668871915097,12.882211865807696,19.830828544113377,0.7404493326057422,3000.0,-4.5,0.45,misfire,0.147,891.0
endurance,300,misfire,1459.0,78.04280737612217,78.29605166306344,611.7543659496416,1518.764741090912,66.13387261061241,29.800019309779913,6.08896046219387,0.1834185748447259,12.924398510553585,19.928902300226557,0.7403862909670709,3000.0,-4.5,0.45,misfire,0.148,890.0
endurance,300,misfire,1460.0,78.05288021032038,78.18473711954906,611.0956833897525,1516.4828383889942,66.62282796332279,30.737655053033606,6.0889625991094345,0.09085419129870327,12.880209838262651,19.91830176216696,0.7403247484683284,3000.0,-4.5,0.45,misfire,0.148,889.0
endurance,300,misfire,1461.0,78.0627134234695,78.40246099905545,610.8326758797269,1519.3279339665605,66.182537452207,29.5692846352008,6.0889640682388855,0.21664647416106828,12.930041453785254,20.23273285220806,0.7402646699942905,3000.0,-4.5,0.45,misfire,0.149,888.0
endurance,300,misfire,1462.0,78.07231265572743,78.17339317668642,606.7447457656064,1522.6119802896924,66.0458157386532,30.804323450938274,6.088965078265381,0.2560455870175175,12.941387173717457,19.86888046328304,0.7402060210850027,3000.0,-4.5,0.45,misfire,0.15,887.0
endurance,300,misfire,1463.0,78.08168343330794,77.55687560856994,611.8570542349275,1504.8073103343825,67.09265330648108,31.897825874111888,6.088965772658599,0.14847656564199413,12.983184210136484,20.201499539927873,0.74014876797668,3000.0,-4.5,0.45,misfire,0.151,886.0
endurance,300,misfire,1464.0,78.09083116483575,77.44709187786513,612.5671287642604,1513.8887387183058,66.35314401932756,31.184708121669434,6.088966250053935,0.22958089238941282,13.01553794159745,20.09149518963172,0.7400928776239781,3000.0,-4.5,0.45,misfire,0.152,885.0
endurance,300,misfire,1465.0,78.09976113977515,78.2521060727574,614.3793674216772,1511.2523886810534,65.97076865602696,30.409121830035144,6.088966578263229,0.27771321852046904,12.926874706605957,19.776301451305386,0.740038317709592,3000.0,-4.5,0.45,misfire,0.153,884.0
endurance,300,misfire,1466.0,78.10847852826208,78.23327202014558,616.6136154649473,1519.9765994447794,66.00321664458586,30.663241164434986,6.088966803907118,0.22815732295194044,12.812510149137179,20.079204108762802,0.7399850566452839,3000.0,-4.5,0.45,misfire,0.154,883.0
endurance,300,misfire,1467.0,78.11698838187921,78.13611649800285,609.8169410569044,1516.8159213620402,65.78818119819229,30.039886108350824,6.088966959037293,0.21861557536674267,12.835809749542923,19.942872184956407,0.7399330635671468,3000.0,-4.5,0.45,misfire,0.155,882.0
endurance,300,misfire,1468.0,78.1252956350583,78.28542062355902,615.9636417861805,1515.1244635690707,66.07338885764806,29.29763189210118,6.088967065689287,0.09197925722019383,12.90129913218145,19.52585426621698,0.7398823083270358,3000.0,-4.5,0.45,misfire,0.156,881.0
endurance,300,misfire,1469.0,78.13340510689295,77.712114604729,610.2604396079595,1518.4673793427403,66.24888656975455,30.19397589637373,6.088967139012534,0.19166510454172103,12.876841055792617,19.634586632693534,0.7398327614814941,3000.0,-4.5,0.45,misfire,0.157,880.0
endurance,300,misfire,1470.0,78.14132150321346,77.7123229631151,613.3990056067747,1519.803247265601,65.96288728423777,30.276441662190866,6.088967189422265,0.16019844544327683,12.93340780798664,20.0155996718425,0.7397843942790748,3000.0,-4.5,0.45,misfire,0.158,879.0
endurance,300,misfire,1471.0,78.14904941882195,78.19359529551488,609.1527600432537,1530.4997228963775,66.31469934574015,30.15882097379945,6.088967224078955,0.22512351648261436,12.976823339724387,19.962638261975652,0.7397371786466859,3000.0,-4.5,0.45,misfire,0.159,878.0
endurance,300,misfire,1472.0,78.15659333981857,77.95464079282783,613.651858543313,1517.0768117920263,65.69066282545788,30.62390037566902,6.088967247905431,0.24988385040557357,12.929152385083635,20.355853875381598,0.7396910871753768,3000.0,-4.5,0.45,misfire,0.16,877.0
endurance,300,misfire,1473.0,78.16395764597155,78.81248926932219,613.9701356428301,1528.3486663222736,65.82781945525502,29.82968381363485,6.088967264286132,0.29559525159930544,12.965428950671384,19.84557834429177,0.7396460931058586,3000.0,-4.5,0.45,misfire,0.161,876.0
endurance,300,misfire,1474.0,78.17114661309886,78.28785786939264,611.5485854613135,1521.5333509602142,65.98291138231491,30.785103348441307,6.088967275547864,0.19133575313157963,12.952064176218983,19.939404012907566,0.7396021703139526,3000.0,-4.5,0.45,misfire,0.162,875.0
endurance,300,misfire,1475.0,78.17816441544014,78.22878349650163,610.8314749280573,1516.2893433942522,65.73040465332926,30.73111056538235,6.088967283290306,0.19917417722774242,12.900293859817145,19.9325582623827,0.7395592932960979,3000.0,-4.5,0.45,misfire,0.163,874.0
endurance,300,misfire,1476.0,78.18501512800432,78.20680487024872,613.7478713746927,1519.6099141407624,66.18191239347928,30.420072902545193,6.088967288613234,0.2100994683652761,12.878596682201817,20.13388606101849,0.7395174371550088,3000.0,-4.5,0.45,misfire,0.164,873.0
endurance,300,misfire,1477.0,78.19170272888356,77.56382544967644,610.9397776675717,1524.4296248476483,66.24636352243475,30.52574805150097,6.088967292272747,0.1692826350111517,12.963475010392354,20.2847387928373,0.739476577585537,3000.0,-4.5,0.45,misfire,0.165,872.0
endurance,300,misfire,1478.0,78.1982311015272,77.71928406985897,609.5600273082862,1513.0048893365126,66.06447883028132,30.47884777283502,6.088967294788661,0.22330152411095908,12.971813385171917,19.929619092259568,0.7394366908607775,3000.0,-4.5,0.45,misfire,0.166,871.0
endurance,300,misfire,1479.0,78.20460403697224,78.48259173418448,609.2187814578492,1523.6872440187162,66.62951536152656,29.877691405154067,6.088967296518354,0.3397708807113772,12.945236213126188,20.00548307525252,0.7393977538184422,3000.0,-4.5,0.45,misfire,0.167,870.0
endurance,300,misfire,1480.0,78.2108252360277,78.7248748991938,613.7205310432753,1522.3285164382942,66.12091479290214,29.492982580915825,6.088967297707518,0.13204277925430552,12.886447499839111,20.10110000296161,0.739359743847513,3000.0,-4.5,0.45,misfire,0.168,869.0
endurance,300,misfire,1481.0,78.21689831141207,78.1270447173581,611.8467731649965,1517.0571318110938,66.99443062331123,30.51417591666414,6.088967298525067,0.1785024328849638,12.774050001569234,19.862934969440083,0.7393226388751835,3000.0,-4.5,0.45,misfire,0.169,868.0
endurance,300,misfire,1482.0,78.22282678984317,78.65316744926119,613.5860263871506,1520.3674351311163,66.2431745022732,30.433103242259097,6.088967299087132,0.21413505337566102,12.915550458949914,19.8848109283895,0.739286417354089,3000.0,-4.5,0.45,misfire,0.17,867.0
endurance,300,misfire,1483.0,78.22861411408071,79.17100119648961,606.0743080018559,1520.066837478379,67.03702360428204,30.45241043395557,6.088967299473552,0.22042953537630247,12.946431483781412,20.0310337050566,0.7392510582498286,3000.0,-4.5,0.45,misfire,0.17,866.0
endurance,300,misfire,1484.0,78.2342636449217,78.46427295244678,616.0848801018559,1522.1013748811788,66.34914717869981,29.69095249834701,6.088967299739216,0.22553700096912868,12.913555869052887,19.905063099534555,0.739216541028773,3000.0,-4.5,0.45,misfire,0.171,865.0
endurance,300,misfire,1485.0,78.23977866314952,78.15735667427823,609.0346523953041,1521.5413701019752,65.60043366715156,29.879539104588048,6.08896729992186,0.15759070866086916,12.927114167739996,20.058778698755994,0.7391828456461556,3000.0,-4.5,0.45,misfire,0.172,864.0
endurance,300,misfire,1486.0,78.24516237143735,78.26457500416024,614.9538335005824,1521.9042706558107,66.86897981970519,29.906674311364977,6.088967300047426,0.18363636245370946,12.980999683768461,20.135436108538716,0.739149952534444,3000.0,-4.5,0.45,misfire,0.173,863.0
endurance,300,misfire,1487.0,78.25041789620674,79.01717434204119,613.4037804901461,1519.5548738308285,66.49806794857255,30.410688724313186,6.088967300133755,0.20794720596119004,12.949371905963265,19.90714197902918,0.7391178425919842,3000.0,-4.5,0.45,misfire,0.174,862.0
endurance,300,misfire,1488.0,78.25554828944243,78.18323853816104,609.8558122146154,1514.4533477748516,66.11023636509078,30.79006169228641,6.088967300193105,0.17343285735883496,12.90550697457811,20.20152349813975,0.7390864971719124,3000.0,-4.5,0.45,misfire,0.175,861.0
endurance,300,misfire,1489.0,78.26055653046402,78.54029534695806,611.4988100237553,1519.073806656849,66.10181026819826,29.88354524902833,6.088967300233908,0.1771898396850813,12.937589091182897,20.335738062357375,0.7390558980713308,3000.0,-4.5,0.45,misfire,0.176,860.0
endurance,300,misfire,1490.0,78.26544552765573,78.53530710861249,612.3283428380151,1517.6909854938206,66.2927423832381,30.38030324314374,6.08896730026196,0.18140288483951936,12.97770536289112,19.899729449321832,0.7390260275207388,3000.0,-4.5,0.45,misfire,0.177,859.0
endurance,300,misfire,1491.0,78.27021812015514,78.48111762701866,611.8259798006862,1515.9088801879122,66.55662946241246,29.917805994046724,6.088967300281245,0.15998320242122446,12.950057429318035,20.293356891526464,0.7389968681737155,3000.0,-4.5,0.45,misfire,0.178,858.0
endurance,300,misfire,1492.0,78.27487707950166,77.91709385544398,613.000808791258,1517.7305201578222,66.61845116485405,30.036345993772834,6.088967300294505,0.2720198934231468,12.92366155528332,19.948474382952618,0.738968403096848,3000.0,-4.5,0.45,misfire,0.179,857.0
endurance,300,misfire,1493.0,78.279425111246,77.83217459287826,615.4873573316793,1510.2111177523361,66.5339518447239,29.46458271066728,6.088967300303621,0.24896191711963875,13.002137833423959,20.0447499107116,0.738940615759898,3000.0,-4.5,0.45,misfire,0.18,856.0
endurance,300,misfire,1494.0,78.28386485652112,78.52630783276119,614.6257397267594,1520.1080161022894,66.49875419583287,30.189199315841957,6.088967300309888,0.2690035486238737,12.938459877879401,20.228351333868662,0.7389134900262033,3000.0,-4.5,0.45,misfire,0.181,855.0
endurance,300,misfire,1495.0,78.28819889357602,78.08461305364187,616.6124203029299,1515.9954631143364,65.7965917570513,30.41156292546433,6.088967300314197,0.20784362998921277,12.961270155792295,20.24628038507548,0.7388870101433072,3000.0,-4.5,0.45,misfire,0.182,854.0
endurance,300,misfire,1496.0,78.29242973927289,77.66077102066598,613.6118737267645,1526.9924262269349,66.05668001700359,30.354461079752156,6.088967300317159,0.17107541863401643,12.93264580749424,19.893934483687417,0.7388611607338107,3000.0,-4.5,0.45,misfire,0.183,853.0
endurance,300,misfire,1497.0,78.29655985054869,78.39634619273264,613.2144025465346,1518.0390496341774,66.24854807734029,30.798803809749586,6.088967300319195,0.27386203522977126,12.931167826951832,20.493869351086285,0.7388359267864435,3000.0,-4.5,0.45,misfire,0.184,852.0
endurance,300,misfire,1498.0,78.30059162584193,78.47951377592062,611.8506123220714,1513.837512840497,65.67183373422405,29.656578943999385,6.088967300320595,0.31104328493888567,12.954501771207248,19.68749668607448,0.7388112936473457,3000.0,-4.5,0.45,misfire,0.185,851.0
endurance,300,misfire,1499.0,78.30452740648548,78.10152123802257,612.2623272848098,1519.6569989263203,65.66273600200786,30.103916307609683,6.088967300321558,0.1651000772356129,12.923862663633088,19.966896148573287,0.7387872470115586,3000.0,-4.5,0.45,misfire,0.186,850.0
endurance,300,misfire,1500.0,78.30836947806617,77.94924633488158,612.7847673664611,1522.8075571059846,66.11167999111841,30.195632038877985,6.08896730032222,0.21497897057819204,12.954080726818892,20.254797122380552,0.7387637729147185,3000.0,-4.5,0.45,misfire,0.187,849.0
endurance,300,misfire,1501.0,78.31212007175215,77.07715796847717,615.6207985066897,1527.5445659238294,66.49643308027333,30.811024854828027,6.0889673003226745,0.24425105716929474,12.92967957174286,20.107638298002822,0.7387408577249456,3000.0,-4.5,0.45,misfire,0.188,848.0
endurance,300,misfire,1502.0,78.3157813655885,78.32583660131134,610.2012903422276,1520.421937567983,66.08000430010931,31.086106974659725,6.088967300322987,0.14332938128055805,12.91810178190507,20.049434207003255,0.7387184881349289,3000.0,-4.5,0.45,misfire,0.189,847.0
endurance,300,misfire,1503.0,78.31935548576213,77.0885092762045,611.5498762611448,1518.2916117276052,66.11026576238967,30.599377865930506,6.088967300323202,0.2118633402415391,12.939842849081446,20.10355977182712,0.7386966511541981,3000.0,-4.5,0.45,misfire,0.19,846.0
endurance,300,misfire,1504.0,78.3228445078364,78.67184051418728,608.5493331518725,1525.6655651401902,66.25644402679104,30.524941630877258,6.0889673003233495,0.2038014120571828,13.027512132289973,20.08399532149931,0.7386753341015799,3000.0,-4.5,0.45,misfire,0.191,845.0
endurance,300,misfire,1505.0,78.32625045795653,78.68376336301088,607.3078625463144,1511.7479740344684,67.02293810140247,29.606011674824494,6.088967300323453,0.17663246959549644,13.006122319729633,20.29416741563313,0.7386545245978333,3000.0,-4.5,0.45,misfire,0.192,844.0
endurance,300,misfire,1506.0,78.3295753140262,78.11281726700564,615.6824228911844,1508.4904811413896,65.5268023080137,30.290654923203213,6.088967300323522,0.2074798327420717,12.866110633516248,19.944351404974384,0.7386342105584617,3000.0,-4.5,0.45,misfire,0.193,843.0
endurance,300,misfire,1507.0,78.33282100685612,78.89028812180351,614.5862927794028,1520.8185227227223,65.65756608759386,30.616359071606773,6.088967300323571,0.2677758089610131,13.001471592648048,19.984277983745603,0.7386143801866942,3000.0,-4.5,0.45,misfire,0.193,842.0
endurance,300,misfire,1508.0,78.33598942128533,78.34118857403658,608.2783234402248,1510.7776281968236,66.68428311334841,30.656085498767474,6.088967300323603,0.2091085790031973,12.831604109828168,19.701778777720936,0.7385950219666352,3000.0,-4.5,0.45,misfire,0.194,841.0
endurance,300,misfire,1509.0,78.33908239727576,77.78350675123652,609.706624179472,1507.1634206438962,66.61841977280847,29.3862343182117,6.088967300323625,0.22490557059535002,12.970263601251435,19.969502805282026,0.7385761246565776,3000.0,-4.5,0.45,misfire,0.195,840.0
endurance,300,misfire,1510.0,78.3421017309807,78.01957815964701,615.6172345210401,1511.4283980409339,65.63731457410599,30.244940610421196,6.088967300323641,0.24186787468139279,12.987493270693417,20.086979170157043,0.7385576772824739,3000.0,-4.5,0.45,misfire,0.196,839.0
endurance,300,misfire,1511.0,78.3450491757879,78.57739932976865,612.8003154010032,1521.4380220801768,66.42735390133936,30.120746715467014,6.088967300323652,0.22002291067887225,12.868851255165673,20.15446634699165,0.7385396691315631,3000.0,-4.5,0.45,misfire,0.197,838.0
endurance,300,misfire,1512.0,78.3479264433378,77.86161236820014,608.8632566606054,1525.8230476468038,66.24191185448944,30.829125143096515,6.0889673003236595,0.21134142559087582,12.961334048654662,19.808938179207114,0.7385220897461502,3000.0,-4.5,0.45,misfire,0.198,837.0
endurance,300,misfire,1513.0,78.35073520451745,77.91636129204923,614.3101847519225,1511.8703452481404,65.9883671400844,31.627805112643546,6.088967300323665,0.27069834628531564,12.887498530090788,19.51691066324249,0.7385049289175327,3000.0,-4.5,0.45,misfire,0.199,836.0
endurance,300,misfire,1514.0,78.35347709043093,78.30368232365701,606.6023311594053,1520.0754048907027,66.49883587243282,30.57706967183527,6.0889673003236675,0.1898795748754174,12.887434612568072,19.809993938925505,0.7384881766800728,3000.0,-4.5,0.45,misfire,0.2,835.0
endurance,300,misfire,1515.0,78.35615369334646,77.74456473247699,613.9070001701073,1512.349756760264,66.59127534598893,30.578551046952583,6.08896730032367,0.187195124825655,12.868941409511594,19.98524273290117,0.7384718233054097,3000.0,-4.5,0.45,misfire,0.201,834.0
endurance,300,misfire,1516.0,78.35876656762115,78.96546113058669,611.2643427123921,1527.1875902971096,65.60683905987831,30.871198489085142,6.088967300323673,0.2747134588112969,12.960864843260774,19.826380295911857,0.73845585929681,3000.0,-4.5,0.45,misfire,0.202,833.0
endurance,300,misfire,1517.0,78.36131723060358,77.87134459369918,613.2125516117362,1516.1125026344118,66.6842025770102,30.2244248099318,6.088967300323673,0.22211883248678538,12.866170192362441,19.602976824352893,0.7384402753836532,3000.0,-4.5,0.45,misfire,0.203,832.0
endurance,300,misfire,1518.0,78.36380716351499,78.30112270343751,613.4714163985459,1512.8839928161076,67.17010036305605,31.483680536202293,6.088967300323674,0.14323662749056065,12.86710574841628,20.20253247071307,0.7384250625160476,3000.0,-4.5,0.45,misfire,0.204,831.0
endurance,300,misfire,1519.0,78.36623781230948,78.58270906260297,608.8884337059944,1518.8092431645564,66.821349594126,29.830938611336247,6.0889673003236755,0.2849753125780507,12.933979634715767,20.104534152990713,0.7384102118595754,3000.0,-4.5,0.45,misfire,0.205,830.0
endurance,300,misfire,1520.0,78.36861058851362,78.16939119985442,611.6845975469403,1513.3167121776169,67.40948225746469,30.616646855892085,6.0889673003236755,0.15402495307135128,12.887817508186066,19.70997202670032,0.7383957147901622,3000.0,-4.5,0.45,misfire,0.206,829.0
endurance,300,misfire,1521.0,78.37092687004623,78.82430298454598,614.0679088407567,1516.7009112593662,66.15380270607436,31.044412082059843,6.0889673003236755,0.2129602853249055,12.957723558778206,19.767256979406305,0.7383815628890682,3000.0,-4.5,0.45,misfire,0.207,828.0
endurance,300,misfire,1522.0,78.37318800201855,78.65116107884933,612.0122937764095,1521.543876289303,66.38745885752573,30.87693191996504,6.0889673003236755,0.21399242272777314,12.926932810737327,19.860650291822868,0.7383677479380004,3000.0,-4.5,0.45,misfire,0.208,827.0
endurance,300,misfire,1523.0,78.37539529751533,78.3428078588595,616.2139172545315,1527.393107804463,66.96317094242367,30.385414362670023,6.0889673003236755,0.21323581160399177,12.84454342705043,19.775771868452235,0.7383542619143391,3000.0,-4.5,0.45,misfire,0.209,826.0
endurance,300,misfire,1524.0,78.37755003835743,78.2533894520017,616.4847730370685,1524.6540188710399,65.4362743159459,31.41478000564089,6.0889673003236755,0.17036957825987334,12.938370772106394,19.722767612700892,0.738341096986479,3000.0,-4.5,0.45,misfire,0.21,825.0
endurance,300,misfire,1525.0,78.37965347584614,78.52482413129508,610.4894679009889,1525.9902779500533,66.48117325477921,30.60135401021514,6.0889673003236755,0.1902346485965698,12.943051993334235,19.67575073710799,0.7383282455092823,3000.0,-4.5,0.45,misfire,0.211,824.0
endurance,300,misfire,1526.0,78.38170683148988,78.96549526318341,610.5098312110817,1514.3038016086866,65.75066064389073,31.376026291089403,6.0889673003236755,0.13471097347835767,12.88871665209652,20.279953788629214,0.7383157000196381,3000.0,-4.5,0.45,misfire,0.212,823.0
endurance,300,misfire,1527.0,78.38371129771353,77.7514994407808,611.9325626596967,1510.4851370456329,67.08790852371104,30.181769383270122,6.0889673003236755,0.20614199662963273,12.969429467322845,19.972361848819446,0.738303453232128,3000.0,-4.5,0.45,misfire,0.213,822.0
endurance,300,misfire,1528.0,78.3856680385509,79.0944869628332,613.5524926634183,1525.3059422463784,66.35592671826225,30.213339782753042,6.0889673003236755,0.26588510804820276,12.873471454855798,20.33765736596699,0.738291498034797,3000.0,-4.5,0.45,misfire,0.214,821.0
endurance,300,misfire,1529.0,78.38757819032072,77.92966344683504,611.9662482282417,1513.4829509402673,66.12663897457531,30.24227383463982,6.0889673003236755,0.19649212683317932,12.917692608379578,19.646218009048802,0.7382798274850213,3000.0,-4.5,0.45,misfire,0.215,820.0
endurance,300,misfire,1530.0,78.3894428622865,78.47241978446012,616.521422100047,1516.8806943124996,64.70481448767417,30.83726061849134,6.0889673003236755,0.17297005731375037,12.82490785780722,20.197990686121653,0.7382684348054784,3000.0,-4.5,0.45,misfire,0.216,819.0
endurance,300,misfire,1531.0,78.39126313730071,78.44143556748203,610.7393545154642,1522.4329564315908,65.78704612239747,29.463378464296206,6.0889673003236755,0.13531503460840927,12.895716957718648,19.559110724228752,0.7382573133802103,3000.0,-4.5,0.45,misfire,0.216,818.0
endurance,300,misfire,1532.0,78.39304007243364,77.51405408800429,605.5357471891225,1510.0818652263158,66.19203926473533,30.68979569415324,6.0889673003236755,0.06166524484578273,12.848721381319725,19.90916995002295,0.7382464567507818,3000.0,-4.5,0.45,misfire,0.217,817.0
endurance,300,misfire,1533.0,78.3947746995872,78.59956095136877,610.097893826687,1524.2393685465308,66.20900617924347,30.709634483232232,6.0889673003236755,0.19045706468711307,12.91506342967953,20.221016846541314,0.7382358586125304,3000.0,-4.5,0.45,misfire,0.218,816.0
endurance,300,misfire,1534.0,78.39646802609425,78.29227749174677,614.3461808731548,1525.372102661639,66.50303012060024,30.302626833915486,6.0889673003236755,0.11365001261767906,12.909649172042466,20.1447989779634,0.7382255128109039,3000.0,-4.5,0.45,misfire,0.219,815.0
endurance,300,misfire,1535.0,78.39812103530352,78.28172115448467,610.6134647013737,1518.4869313905851,66.31987882715173,30.46226416187238,6.0889673003236755,0.09251535719068167,12.917567125451383,19.87602872436129,0.7382154133378878,3000.0,-4.5,0.45,misfire,0.22,814.0
endurance,300,misfire,1536.0,78.39973468715066,79.11098088850417,607.5930401144201,1517.9805433796028,65.52878053439916,29.86465427675931,6.0889673003236755,0.25412049526110037,12.886556247760547,19.943963713532888,0.7382055543285146,3000.0,-4.5,0.45,misfire,0.221,813.0
endurance,300,misfire,1537.0,78.40130991871573,78.3645310743314,612.4819292365546,1527.629133491875,65.91345616965641,29.92305609058855,6.0889673003236755,0.19268145836206774,12.955324198865243,19.617935745097654,0.7381959300574599,3000.0,-4.5,0.45,misfire,0.222,812.0
endurance,300,misfire,1538.0,78.40284764476733,78.7624930176728,611.6479655850577,1521.506204558333,66.1712284442642,30.04675370793202,6.0889673003236755,0.1649844139747948,12.953334728396905,20.10461714519302,0.7381865349357161,3000.0,-4.5,0.45,misfire,0.223,811.0
endurance,300,misfire,1539.0,78.4043487582939,78.3325270090546,616.2971394359073,1509.011815576849,66.72788277317653,30.60366296407216,6.0889673003236755,0.22757165805959936,12.857643558486734,20.239558330682918,0.7381773635073471,3000.0,-4.5,0.45,misfire,0.224,810.0
endurance,300,misfire,1540.0,78.40581413102223,78.4896997228112,617.0920486276906,1515.5953070820194,65.57211229452055,30.07018508140516,6.0889673003236755,0.24926728565296014,12.945746568729785,19.866649235378137,0.7381684104463202,3000.0,-4.5,0.45,misfire,0.225,809.0
endurance,300,misfire,1541.0,78.40724461392368,78.47845819609529,611.654459623905,1518.200921342527,66.23649083143944,30.92098933925874,6.0889673003236755,0.17121855421195087,12.962951334228524,20.113679431105535,0.738159670553413,3000.0,-4.5,0.45,misfire,0.226,808.0
endurance,300,misfire,1542.0,78.40864103770843,78.54332799713225,614.4360833185202,1516.7558214992018,66.41973564733729,30.477600463009775,6.0889673003236755,0.22177197667499673,12.945367858547188,19.991238740254513,0.7381511387531943,3000.0,-4.5,0.45,misfire,0.227,807.0
endurance,300,misfire,1543.0,78.41000421330784,78.89527364900754,616.5816565538015,1517.2120699527438,66.8618232030438,30.718885038774438,6.0889673003236755,0.2277174999808444,12.995559047583262,20.116083282166777,0.7381428100910756,3000.0,-4.5,0.45,misfire,0.228,806.0
endurance,300,misfire,1544.0,78.41133493234535,78.80874174688978,615.5221194956416,1524.3883973048555,66.06512659308846,30.234765560019312,6.0889673003236755,0.23114932225154577,12.889988655329931,19.968254172003444,0.7381346797304362,3000.0,-4.5,0.45,misfire,0.229,805.0
endurance,300,misfire,1545.0,78.41263396759626,78.55086481431069,610.8482224309769,1507.6666441993973,65.76245354565864,30.37894999872908,6.0889673003236755,0.282230336909783,12.94305507268936,19.660290758497577,0.7381267429498121,3000.0,-4.5,0.45,misfire,0.23,804.0
endurance,300,misfire,1546.0,78.41390207343643,77.63034429395869,612.6689975590656,1516.539245357302,66.58432105754522,29.75025172137964,6.0889673003236755,0.10736451768562538,13.04945927660377,19.727143385602037,0.738118995140155,3000.0,-4.5,0.45,misfire,0.231,803.0
endurance,300,misfire,1547.0,78.41513998628041,78.63933017282554,610.2068200855028,1517.1373559752265,66.01274337738302,29.72956775424632,6.0889673003236755,0.22258922483041244,12.934541378713321,19.942152575495953,0.7381114318021565,3000.0,-4.5,0.45,misfire,0.232,802.0
endurance,300,misfire,1548.0,78.41634842500905,77.55717359363521,608.077375402789,1528.4454407226037,66.19076378391188,29.8242701798073,6.0889673003236755,0.21449089490018586,12.928146763114995,19.94941099750797,0.7381040485436343,3000.0,-4.5,0.45,misfire,0.233,801.0
endurance,300,misfire,1549.0,78.41752809138701,78.35603178533987,610.5414951899429,1512.5965273959473,66.46811201328222,30.79351153636677,6.0889673003236755,0.2006269515579743,12.925484676531033,19.9724727935326,0.7380968410769815,3000.0,-4.5,0.45,misfire,0.234,800.0
endurance,300,misfire,1550.0,78.41867967047025,78.72495914795914,607.328081731176,1514.1907305972647,66.27697934028616,30.368504408236213,6.0889673003236755,0.23210635156165726,12.93565709219474,19.954103933104676,0.7380898052166777,3000.0,-4.5,0.45,misfire,0.235,799.0
endurance,300,misfire,1551.0,78.4198038310039,78.79969482770142,618.0714401644469,1519.4843293495042,65.98200375000117,30.952028519444063,6.0889673003236755,0.1659770694176672,12.900177616567317,20.40954825747261,0.7380829368768571,3000.0,-4.5,0.45,misfire,0.236,798.0
endurance,300,misfire,1552.0,78.42090122581055,79.31864855124876,613.7087597855475,1528.0583433158463,66.57460432703174,30.209426652233205,6.0889673003236755,0.1917567872571007,12.83796047116993,20.256430298253267,0.7380762320689372,3000.0,-4.5,0.45,misfire,0.237,797.0
endurance,300,misfire,1553.0,78.42197249216943,79.17887860352863,614.2093352835093,1514.997657782309,65.69714277153676,30.19464005229212,6.0889673003236755,0.2017103740442673,12.966148516702956,19.919046948413826,0.7380696868993011,3000.0,-4.5,0.45,misfire,0.238,796.0
endurance,300,misfire,1554.0,78.42301825218642,77.75621492529388,612.3979033217157,1527.3479154908423,66.57612537305901,29.637889559334656,6.0889673003236755,0.173434354364003,12.932161828586215,19.77693478933317,0.7380632975670374,3000.0,-4.5,0.45,misfire,0.239,795.0
endurance,300,misfire,1555.0,78.4240391131554,79.13281910881771,613.7795396314059,1524.3869797973496,65.83254316750433,30.57385626798216,6.0889673003236755,0.2442542388123887,13.013942835248761,20.000046538234194,0.738057060361732,3000.0,-4.5,0.45,misfire,0.239,794.0
endurance,300,misfire,1556.0,78.42503566791083,79.07778264317099,616.5237421570929,1519.7194440469025,65.70308792692207,29.804957372870977,6.0889673003236755,0.20641601730621806,12.956374954159891,20.213429248418723,0.7380509716613151,3000.0,-4.5,0.45,misfire,0.24,793.0
endurance,300,misfire,1557.0,78.42600849517208,78.40730200045739,612.9166461520155,1529.7691612999602,65.87559541810293,29.91263579430879,6.0889673003236755,0.2361272618263534,12.961030864180076,20.137510405992607,0.7380450279299557,3000.0,-4.5,0.45,misfire,0.241,792.0
endurance,300,misfire,1558.0,78.42695815987949,78.40529863490914,613.4994310674057,1513.792997524227,66.10709990781109,30.197043574867855,6.0889673003236755,0.2222207538246728,12.894764862766497,19.836398832054567,0.7380392257160096,3000.0,-4.5,0.45,misfire,0.242,791.0
endurance,300,misfire,1559.0,78.42788521352244,79.10037171877107,614.2514358414027,1520.3453724980723,66.78994050125196,31.43570465594346,6.0889673003236755,0.24041374321401443,12.913530364102963,19.687364734717836,0.7380335616500147,3000.0,-4.5,0.45,misfire,0.243,790.0
endurance,300,misfire,1560.0,78.42879019445961,78.2799044400067,612.6197290197243,1514.6822313271346,66.31812521483114,29.817592776122428,6.0889673003236755,0.2499590773778882,12.872801553792375,20.231588793086217,0.7380280324427337,3000.0,-4.5,0.45,misfire,0.244,789.0
endurance,300,misfire,1561.0,78.4296736282316,77.67834747597381,613.017467799826,1528.0502990198795,66.05704036750976,29.959155198621527,6.0889673003236755,0.24773625523153697,12.953196435990668,19.981809358633058,0.7380226348832453,3000.0,-4.5,0.45,misfire,0.245,788.0
endurance,300,misfire,1562.0,78.43053602786617,78.5797557470831,613.9745926393275,1519.0375241495638,66.07422572605054,29.799041604556965,6.0889673003236755,0.15796165793488753,12.964101596620319,20.11493257875801,0.738017365837078,3000.0,-4.5,0.45,misfire,0.246,787.0
endurance,300,misfire,1563.0,78.4313778941761,78.77406501792967,613.1004541176054,1512.7147608754137,65.94375037588178,29.5724048165557,6.0889673003236755,0.15433621170822676,12.913020356258658,19.746395760057062,0.738012222244391,3000.0,-4.5,0.45,misfire,0.247,786.0
endurance,300,misfire,1564.0,78.43219971605008,78.25795256989365,617.4606921063847,1521.6806564001286,66.71632395765762,30.27895415033685,6.0889673003236755,0.1666957466429598,12.981386245475978,19.907704578356455,0.7380072011181964,3000.0,-4.5,0.45,misfire,0.248,785.0
endurance,300,misfire,1565.0,78.43300197073658,77.91851275904042,612.4004947045368,1518.415453726852,66.08467556094826,30.328126287773756,6.0889673003236755,0.2219731186878236,12.918564495657556,19.971575004836232,0.7380022995426254,3000.0,-4.5,0.45,misfire,0.249,784.0
endurance,300,misfire,1566.0,78.43378512412103,78.41015196768849,610.4644275410556,1525.9204942727938,66.46288554378681,30.604108567844236,6.0889673003236755,0.1889146898165004,12.89388668057648,20.337437994246883,0.7379975146712349,3000.0,-4.5,0.45,misfire,0.25,783.0
endurance,300,misfire,1567.0,78.43454963099633,79.09768818730971,611.4088025355857,1515.1206072847608,66.7305560372318,29.526493759298162,6.0889673003236755,0.3394899294302419,13.06709229641528,20.09505765370403,0.7379928437253535,3000.0,-4.5,0.45,misfire,0.251,782.0
endurance,300,misfire,1568.0,78.43529593532698,78.26754122251953,611.8956475770732,1518.0361409936709,66.54176122983485,29.683307993789423,6.0889673003236755,0.153745277392632,13.014707202662649,19.750312473538465,0.7379882839924693,3000.0,-4.5,0.45,misfire,0.252,781.0
endurance,300,misfire,1569.0,78.4360244705069,78.48590524616519,614.2450940671813,1523.9580700506958,66.08773682828587,31.077466951524478,6.0889673003236755,0.12099609838612084,12.834000115513764,19.86897413829908,0.7379838328246537,3000.0,-4.5,0.45,misfire,0.253,780.0
endurance,300,misfire,1570.0,78.43673565961109,77.3016308183269,613.9160271296047,1518.5328716749038,66.14173973863186,30.156308453292873,6.0889673003236755,0.2231052311906073,12.937679100005889,19.673032847387073,0.7379794876370245,3000.0,-4.5,0.45,misfire,0.254,779.0
endurance,300,misfire,1571.0,78.43742991564137,77.79242479346836,606.3947084079431,1521.7300530737743,66.52198645442907,31.093106387764756,6.0889673003236755,0.16705224201763033,12.868104914133156,19.901595583491453,0.7379752459062434,3000.0,-4.5,0.45,misfire,0.255,778.0
endurance,300,misfire,1572.0,78.43810764176618,78.43633317853906,611.5139856300651,1514.9960819693374,66.14210109201336,30.437677146561644,6.0889673003236755,0.20014749578809862,12.940788098152833,19.961555218403465,0.7379711051690523,3000.0,-4.5,0.45,misfire,0.256,777.0
endurance,300,misfire,1573.0,78.43876923155469,78.49906695904912,615.4860471779098,1519.4603553456761,66.17565709088842,29.79845832805152,6.0889673003236755,0.2016851675094139,12.918558264372995,19.909116599598253,0.7379670630208421,3000.0,-4.5,0.45,misfire,0.257,776.0
endurance,300,misfire,1574.0,78.43941506920537,78.7645631365136,613.8330235117271,1517.0799521076362,66.18747895000317,30.656993593402163,6.0889673003236755,0.25504010971051483,12.955469753971904,19.581086333108804,0.7379631171142558,3000.0,-4.5,0.45,misfire,0.258,775.0
endurance,300,misfire,1575.0,78.44004552976912,79.0919083885199,611.610155809473,1524.1604190158532,66.5402055068904,30.471524294919238,6.0889673003236755,0.24875685578087264,12.927377819694836,19.85934272434243,0.7379592651578264,3000.0,-4.5,0.45,misfire,0.259,774.0
endurance,300,misfire,1576.0,78.44066097936708,78.60284957214337,609.0068348030878,1514.1053547820795,66.39035674484785,30.12059210216395,6.0889673003236755,0.11396117951983271,12.962716313630636,19.861672089823614,0.7379555049146453,3000.0,-4.5,0.45,misfire,0.26,773.0
endurance,300,misfire,1577.0,78.44126177540318,79.46638752615281,614.0407144008421,1519.8219745544038,66.78731443871202,30.648773329683245,6.0889673003236755,0.18040329212066686,12.93230130106505,20.39536689841536,0.7379518342010638,3000.0,-4.5,0.45,misfire,0.261,772.0
endurance,300,misfire,1578.0,78.44184826677176,78.65210722656083,609.5524294360615,1521.735434364076,66.49450187086667,30.810016821301204,6.0889673003236755,0.126919623933112,12.923186247389095,19.941927943426315,0.7379482508854245,3000.0,-4.5,0.45,misfire,0.261,771.0
endurance,300,misfire,1579.0,78.44242079406013,78.85016700636709,615.463776240533,1510.7179901885986,66.00252173673779,30.111362966827635,6.0889673003236755,0.2523921366465202,12.947157883641113,20.041965907589823,0.7379447528868244,3000.0,-4.5,0.45,misfire,0.262,770.0
endurance,300,misfire,1580.0,78.4429796897464,78.91580704707584,614.8848357441238,1517.287488559728,67.37657487686839,30.66075984303794,6.0889673003236755,0.19564971486779256,12.9807896969818,20.342143444647792,0.7379413381739053,3000.0,-4.5,0.45,misfire,0.263,769.0
endurance,300,misfire,1581.0,78.44352527839251,78.09047450852488,612.7997602075078,1529.7616214786938,65.97965518404614,30.271578864397846,6.0889673003236755,0.15095447025000774,12.9162500040431,19.82855195655143,0.7379380047636745,3000.0,-4.5,0.45,misfire,0.264,768.0
endurance,300,misfire,1582.0,78.44405787683277,78.49350279841467,612.1096824808351,1534.283435078336,66.46186508640969,30.027325172623396,6.0889673003236755,0.2246544126795136,12.887098766039964,20.000466924159284,0.7379347507203542,3000.0,-4.5,0.45,misfire,0.265,767.0
endurance,300,misfire,1583.0,78.44457779435778,78.87454968796598,607.1592009356918,1524.0862961313942,64.81826629927038,30.37396441966961,6.0889673003236755,0.1742283066965163,12.912444981648285,19.887226723615782,0.7379315741542558,3000.0,-4.5,0.45,misfire,0.266,766.0
endurance,300,misfire,1584.0,78.44508533289411,78.13375878113646,608.5140014162083,1521.1968259822347,66.16538057618384,29.97353264594319,6.0889673003236755,0.15997301807230171,12.946501036511869,20.142067759494847,0.7379284732206836,3000.0,-4.5,0.45,misfire,0.267,765.0
endurance,300,misfire,1585.0,78.44558078717957,78.74223616711443,608.8383710778814,1524.4447034411992,66.05452244212516,30.21449162576828,6.0889673003236755,0.2567508879387748,12.911286616770285,19.919327562684426,0.7379254461188629,3000.0,-4.5,0.45,misfire,0.268,764.0
endurance,300,misfire,1586.0,78.44606444493442,77.94628862093239,612.030861467173,1526.6065597512882,66.57194205511088,30.723434884504236,6.0889673003236755,0.18288385734930293,12.878523648188313,19.792889350290583,0.7379224910908952,3000.0,-4.5,0.45,misfire,0.269,763.0
endurance,300,misfire,1587.0,78.44653658702845,77.54339476355425,610.6873424652156,1510.6534843917939,66.40310617107215,30.66049785400429,6.0889673003236755,0.16904323452528366,13.004338706934783,19.881065008742617,0.7379196064207363,3000.0,-4.5,0.45,misfire,0.27,762.0
endurance,300,misfire,1588.0,78.44699748764404,78.44572172736588,610.0665449200466,1522.497785283053,66.33314674238339,30.583902046385106,6.0889673003236755,0.0825748796825401,12.943712849302011,20.1714248926923,0.7379167904332001,3000.0,-4.5,0.45,misfire,0.271,761.0
endurance,300,misfire,1589.0,78.44744741443546,78.5625808336404,612.3807177469181,1516.8084861115688,65.90744652868372,30.64933988812786,6.0889673003236755,0.27175106803917404,12.991919166329017,19.745694315136898,0.7379140414929863,3000.0,-4.5,0.45,misfire,0.272,760.0
endurance,300,misfire,1590.0,78.44788662868422,77.61949094389082,613.4301386506744,1520.2849855844527,67.29658117819659,30.83083049930169,6.0889673003236755,0.19999883368250246,12.994879651756204,20.105847376212925,0.73791135800373,3000.0,-4.5,0.45,misfire,0.273,759.0
endurance,300,misfire,1591.0,78.44831538545087,79.54462467363683,611.9574292789347,1527.6625498466205,65.78303951959316,30.033686956125305,6.0889673003236755,0.19062381670898818,12.831849055771475,19.952003782129697,0.7379087384070748,3000.0,-4.5,0.45,misfire,0.274,758.0
endurance,300,misfire,1592.0,78.44873393372308,78.50533760550678,614.4210695626434,1520.7803717717172,65.85882086983239,29.846484356421957,6.0889673003236755,0.18510764562649645,12.887739381732752,19.863696594696957,0.7379061811817688,3000.0,-4.5,0.45,misfire,0.275,757.0
endurance,300,misfire,1593.0,78.44914251656023,79.5450581120811,612.8932699128616,1516.8160804843983,66.32368165646257,29.86197967260527,6.0889673003236755,0.2169545335367531,13.021427618876038,20.053089194161352,0.7379036848427794,3000.0,-4.5,0.45,misfire,0.276,756.0
endurance,300,misfire,1594.0,78.44954137123459,79.39248778749923,614.7891585359637,1514.4026207440734,66.49727519573118,30.195471282662236,6.0889673003236755,0.26419857147204007,12.946130073661047,20.045450819083705,0.7379012479404328,3000.0,-4.5,0.45,misfire,0.277,755.0
endurance,300,misfire,1595.0,78.44993072936909,78.69144069748491,613.0625079518959,1520.385409028849,66.53382509453228,30.67095487370467,6.0889673003236755,0.24121356057044174,12.833171249621858,19.635711687760065,0.7378988690595705,3000.0,-4.5,0.45,misfire,0.278,754.0
endurance,300,misfire,1596.0,78.45031081707181,79.03839187381868,612.2423989834834,1523.683902601908,66.14890514045271,30.607706169303977,6.0889673003236755,0.2432244054315456,12.942120587162147,20.459541634560228,0.7378965468187288,3000.0,-4.5,0.45,misfire,0.279,753.0
endurance,300,misfire,1597.0,78.45068185506732,78.32446207062283,613.8638520832161,1521.18046545867,66.84564430397873,30.070643784256973,6.0889673003236755,0.1915879720309561,12.944138551632278,20.003827715446253,0.7378942798693358,3000.0,-4.5,0.45,misfire,0.28,752.0
endurance,300,misfire,1598.0,78.45104405882483,78.60268515616927,610.0533437548818,1519.144547501835,66.4857776844189,29.843372677009416,6.0889673003236755,0.2620082619020508,12.888776043392507,19.686512491078272,0.7378920668949283,3000.0,-4.5,0.45,misfire,0.281,751.0
endurance,300,misfire,1599.0,78.45139763868337,78.63943848803851,613.7896637570325,1533.4263564232385,65.46270323003057,30.60135862501138,6.0889673003236755,0.11861515029003046,12.98320947195352,20.226252783166654,0.7378899066103874,3000.0,-4.5,0.45,misfire,0.282,750.0
endurance,300,misfire,1600.0,78.45174279997386,78.10109900255155,612.4224537263773,1516.3542261425046,66.07503756543407,30.534623065391862,6.0889673003236755,0.210737048002409,12.876679074058375,19.962798786292964,0.7378877977611931,3000.0,-4.5,0.45,misfire,0.283,749.0
endurance,300,misfire,1601.0,78.45207974313837,78.84248461133413,613.8298684671148,1521.5850938009628,66.12473745410553,30.808165240383282,6.0889673003236755,0.2368211721366232,12.9322003456525,20.0281504084716,0.7378857391226936,3000.0,-4.5,0.45,misfire,0.284,748.0
endurance,300,misfire,1602.0,78.45240866384658,78.46167830224373,612.6356047706097,1506.2610442281057,65.61659411971559,30.28161321863672,6.0889673003236755,0.2693935055529671,13.004003340775235,19.745030934785206,0.7378837294993966,3000.0,-4.5,0.45,misfire,0.284,747.0
endurance,300,misfire,1603.0,78.45272975310937,78.42135860947222,617.5343606237724,1519.548787377652,66.48844195392876,30.559038633581142,6.0889673003236755,0.1522299196142105,12.926137835067076,19.95589150808476,0.7378817677242734,3000.0,-4.5,0.45,misfire,0.285,746.0
endurance,300,misfire,1604.0,78.4530431973897,78.74432625825779,615.005782594421,1531.915547192684,66.41221797753707,30.438619022495132,6.0889673003236755,0.24331290423351506,12.975454118136057,19.764168441030268,0.7378798526580815,3000.0,-4.5,0.45,misfire,0.286,745.0
endurance,300,misfire,1605.0,78.45334917871098,78.29940994629206,611.6715177808286,1514.1072536486724,66.76892674203663,30.831309148250497,6.0889673003236755,0.204585165326295,12.895082282711735,19.857096885622727,0.7378779831887039,3000.0,-4.5,0.45,misfire,0.287,744.0
endurance,300,misfire,1606.0,78.45364787476271,77.73720210746605,611.217756327804,1515.4494788382674,65.97484533725954,30.90005953015055,6.0889673003236755,0.11767547391243582,12.949399177568695,19.429982733230723,0.7378761582305019,3000.0,-4.5,0.45,misfire,0.288,743.0
endurance,300,misfire,1607.0,78.45393945900368,78.47648655012921,609.1518686983411,1520.5034296771325,66.58216463167923,31.087067779256365,6.0889673003236755,0.16852044304918715,12.90437240505461,20.050720445965748,0.7378743767236855,3000.0,-4.5,0.45,misfire,0.289,742.0
endurance,300,misfire,1608.0,78.45422410076272,78.69918195148371,614.1612315752654,1518.8948527735904,66.90675512705121,30.393703122971225,6.0889673003236755,0.2989584973267242,12.929238893644042,19.99987681187404,0.7378726376336984,3000.0,-4.5,0.45,misfire,0.29,741.0
endurance,300,misfire,1609.0,78.45450196533702,78.84891011967255,610.0786269946301,1518.012693699855,66.56180981196707,30.300219955077452,6.0889673003236755,0.3037008222687442,13.004190568160743,20.18497011469354,0.7378709399506155,3000.0,-4.5,0.45,misfire,0.291,740.0
endurance,300,misfire,1610.0,78.45477321408812,78.4160478535847,616.5340879268879,1525.7604573698118,66.08890709075129,30.224843793925615,6.0889673003236755,0.1679385462971902,12.797390097525058,20.180321170882383,0.7378692826885584,3000.0,-4.5,0.45,misfire,0.292,739.0
endurance,300,misfire,1611.0,78.45503800453562,78.2077423863858,607.9076553315076,1522.0185097004578,66.81909641857779,31.181390961409193,6.0889673003236755,0.1400540227584427,12.932351212957082,19.86471805358225,0.7378676648851217,3000.0,-4.5,0.45,misfire,0.293,738.0
endurance,300,misfire,1612.0,78.45529649044866,78.3685426036853,617.8272837221638,1514.0561553013868,65.5692841966152,30.828063142739744,6.0889673003236755,0.1714851221009388,12.889133684738267,19.99257591934887,0.7378660856008146,3000.0,-4.5,0.45,misfire,0.294,737.0
endurance,300,misfire,1613.0,78.4555488219352,78.9532393688171,609.2185442173782,1523.335867219813,66.34947241787083,30.545992810932837,6.0889673003236755,0.258431105255011,12.950177016075548,19.977041820103455,0.7378645439185147,3000.0,-4.5,0.45,misfire,0.295,736.0
endurance,300,misfire,1614.0,78.4557951455292,78.1186466082883,615.3064277687793,1531.1234245407295,65.90833742598757,30.150537635234162,6.0889673003236755,0.2171495263257377,12.974415115672983,20.625085452974353,0.7378630389429364,3000.0,-4.5,0.45,misfire,0.296,735.0
endurance,300,misfire,1615.0,78.45603560427573,77.59455917380532,615.4748295862103,1517.979988068629,65.80899921278287,30.218757279412127,6.0889673003236755,0.2907009218483305,12.887512823379506,19.78666044453472,0.7378615698001096,3000.0,-4.5,0.45,misfire,0.297,734.0
endurance,300,misfire,1616.0,78.2289472122968,78.38301675616867,535.48861284546,1123.4013705931054,63.5286694296758,29.69360163042475,2.691570113901018,1.0337588055193323,12.734768159309471,19.8284513634839,0.7063288652643824,3000.0,-4.5,0.45,misfire,0.298,733.0
endurance,300,misfire,1617.0,78.0783041635177,78.44571326839439,613.9030496345893,1249.7218610643117,62.92310577042643,31.164606342496654,4.986893036862732,0.08691366820746316,12.751577137364517,19.75740068446458,0.7324905809331246,3000.0,-4.5,0.45,misfire,0.299,732.0
endurance,300,misfire,1618.0,77.98008680674307,78.46721036294659,616.2819304379768,1327.8211876821906,64.58302772593065,30.104068011517885,5.331291244194277,0.10340513186952423,12.805719071274014,20.197757346354933,0.7378693985037551,3000.0,-4.5,0.45,misfire,0.3,731.0
endurance,300,misfire,1619.0,77.91778473847722,78.02383512348189,607.2158127664591,1383.400815995694,65.37901994246663,29.979865574677895,5.5680650117347135,0.15401467860089024,12.857795700911964,19.934433604463255,0.7411501480274221,3000.0,-4.5,0.45,misfire,0.301,730.0
endurance,300,misfire,1620.0,77.88005008904885,78.65075701665276,612.1933261588629,1427.1678256638834,64.90330090153833,29.937384693766415,5.730846976918763,0.21039526184206522,12.813046853584309,20.089039139016418,0.7413806973017671,3000.0,-4.5,0.45,misfire,0.302,729.0
endurance,300,misfire,1621.0,77.85908415858304,78.14897152708998,615.9408953178583,1463.0512837181473,65.06777097122138,30.429701240737415,5.8427595779827985,0.12759237585250988,12.904413371560231,20.253024939679324,0.7415087938954306,3000.0,-4.5,0.45,misfire,0.303,728.0
endurance,300,misfire,1622.0,77.84952823095122,78.22451029881827,611.8107485277657,1479.7740362588922,66.4367087108235,31.017594666114814,5.919699491214322,0.16594606116437244,12.83831114567042,19.731418244627612,0.7415671782242791,3000.0,-4.5,0.45,misfire,0.304,727.0
endurance,300,misfire,1623.0,77.84770101004008,78.35953409628782,614.0727397298953,1499.8585013340391,65.3595389108129,30.433256531115884,5.972595681560995,0.19573497541819665,12.885552153528858,19.92587360321588,0.7415783420872408,3000.0,-4.5,0.45,misfire,0.305,726.0
endurance,300,misfire,1624.0,77.85107435882475,77.42256991143995,611.1048711298226,1502.6537046958128,65.16409198069103,31.269329716382387,6.008961812424333,0.23143957037547155,13.01978326821436,20.09192382392081,0.7415577317695038,3000.0,-4.5,0.45,misfire,0.306,725.0
endurance,300,misfire,1625.0,77.85791287158096,77.63492212332777,612.1455973494276,1509.6875170118299,66.68014815179876,30.355265915920892,6.033963527392877,0.22579370976084245,12.863643851883253,20.228796034397355,0.7415159501661914,3000.0,-4.5,0.45,misfire,0.307,724.0
endurance,300,misfire,1626.0,77.86702608134222,78.22757968709492,609.6881256948905,1515.417327381708,65.96320391004542,30.195722641582424,6.051152206433752,0.1359309525098303,12.779615741330234,19.925125054663063,0.7414602707328527,3000.0,-4.5,0.45,misfire,0.307,723.0
endurance,300,misfire,1627.0,77.87759810405059,78.30744670719065,613.3676471987551,1514.9950478221785,65.84428158992534,29.684761451776215,6.062969423274352,0.1808894695337419,12.914513172335472,19.877028412769196,0.7413956783171102,3000.0,-4.5,0.45,misfire,0.308,722.0
endurance,300,misfire,1628.0,77.88907052039828,78.09331965927952,612.9849250714441,1514.3687473304406,66.51383839738743,30.41715873295242,6.071093759852266,0.27765200351182934,12.947663000533531,19.812835316195812,0.74132558472133,3000.0,-4.5,0.45,misfire,0.309,721.0
endurance,300,misfire,1629.0,77.90106185854594,78.36838502563161,615.6119959594208,1512.328468130066,67.35899059717636,30.632262691893807,6.076679241249582,0.24461072716554216,12.943828888158608,19.769576390707538,0.7412523206430823,3000.0,-4.5,0.45,misfire,0.31,720.0
endurance,300,misfire,1630.0,77.91331223990946,78.07197596403093,614.8366622216247,1526.8996142518147,65.95014766870872,29.66654606061644,6.080519259710236,0.15549608717498342,12.90622668373488,19.736324674054547,0.7411774738755464,3000.0,-4.5,0.45,misfire,0.311,719.0
endurance,300,misfire,1631.0,77.92564532452228,77.43592195311267,612.3448469561586,1520.3457279770296,66.20085440401314,30.91419483942159,6.083159272401935,0.18509794861205311,12.885965628150547,20.002167172834486,0.7411021218118334,3000.0,-4.5,0.45,misfire,0.312,718.0
endurance,300,misfire,1632.0,77.93794214982316,77.75948257522226,615.274643110885,1525.1856937127166,65.17381349155595,29.976764822788788,6.084974281127479,0.24935241257764765,12.94312496822868,19.70328710965689,0.7410269912834513,3000.0,-4.5,0.45,misfire,0.313,717.0
endurance,300,misfire,1633.0,77.9501231461416,78.05159162406912,611.0959157825292,1514.3925593995675,66.01284668251236,30.028727136644985,6.086222099626291,0.22706680140404367,12.836568499734398,19.83060892009626,0.7409525684411946,3000.0,-4.5,0.45,misfire,0.314,716.0
endurance,300,misfire,1634.0,77.96213577363167,77.28254748864754,619.17323156509,1523.3443378028585,65.42662180755325,30.747120857016064,6.087079974844223,0.11423215437196743,12.946898391441673,19.78851188870568,0.7408791742903872,3000.0,-4.5,0.45,misfire,0.315,715.0
endurance,300,misfire,1635.0,77.97394602392077,77.1606376649391,607.6620864542577,1526.9454751819699,66.1940128471172,30.262605267437785,6.087669764056552,0.19272758150890737,12.913712622627935,19.808665336441837,0.7408070166136833,3000.0,-4.5,0.45,misfire,0.316,714.0
endurance,300,misfire,1636.0,77.98553257872018,77.9376387776932,612.2495845731572,1520.527710236014,66.00002380519814,31.06998939167226,6.088075244140028,0.23231068676669533,12.900593507851093,19.92656784583694,0.7407362256604977,3000.0,-4.5,0.45,misfire,0.317,713.0
endurance,300,misfire,1637.0,77.99688279506742,78.39485753151807,615.6236958813091,1527.8586240381353,66.35516553345427,29.353273318848633,6.088354011697417,0.1810039409609087,12.912527614358533,19.89728553969692,0.7406668786761701,3000.0,-4.5,0.45,misfire,0.318,712.0
endurance,300,misfire,1638.0,78.0079899463497,77.43886720413155,609.3343117917635,1522.8526606318287,66.47906714392568,30.386563009453955,6.0885456643931235,0.12860405755716214,12.911972328008384,20.13839556334894,0.7405990167586232,3000.0,-4.5,0.45,misfire,0.319,711.0
endurance,300,misfire,1639.0,78.01885132664876,78.4046167375303,615.4225515606422,1525.1905875219518,66.18184638281144,30.71598672220843,6.0886774256214204,0.18985232214076925,12.807460941702239,20.06120317178223,0.740532656440341,3000.0,-4.5,0.45,misfire,0.32,710.0
endurance,300,misfire,1640.0,78.02946694859229,77.59273569928546,619.3249716047138,1517.2996565697265,66.13169834035774,30.404068566181934,6.088768011465876,0.26061787891680194,12.88509236275474,20.112414817314683,0.7404677976441716,3000.0,-4.5,0.45,misfire,0.321,709.0
endurance,300,misfire,1641.0,78.03983864921429,77.81585153140534,606.4271751422448,1518.2618072253122,65.63389754844526,30.043617482366596,6.088830289233938,0.17637799443764188,12.905603232761294,20.099926104507627,0.7404044291462963,3000.0,-4.5,0.45,misfire,0.322,708.0
endurance,300,misfire,1642.0,78.04996947629594,77.3506272017275,610.1885083899217,1522.0700129284437,65.76568820412518,31.08817903687437,6.088873105199481,0.15975066425354836,12.922031309783282,19.99527284640658,0.7403425323255342,3000.0,-4.5,0.45,misfire,0.323,707.0
endurance,300,misfire,1643.0,78.05986326751136,77.61413167052572,616.7777831994421,1518.0016910629727,66.55576077405273,29.923210167866003,6.088902541175791,0.21293968823468842,12.878612366334611,19.970372702821816,0.7402820837346558,3000.0,-4.5,0.45,misfire,0.324,706.0
endurance,300,misfire,1644.0,78.06952436210216,78.52791348710323,612.979172029959,1521.1000258343645,66.27056034023525,30.77039089752609,6.088922778409504,0.23974001239920967,12.905450036409697,20.02396202516153,0.7402230568619796,3000.0,-4.5,0.45,misfire,0.325,705.0
endurance,300,misfire,1645.0,78.07895740364138,78.00282842889501,617.3913709305018,1524.2303917428442,65.99219968486867,29.381569992825703,6.0889366915076835,0.19484464466831236,12.851149333045045,19.797270545324,0.7401654233364354,3000.0,-4.5,0.45,misfire,0.326,704.0
endurance,300,misfire,1646.0,77.86084407988074,77.38238903057548,679.6492047228486,1121.6038105808173,62.88186427182087,29.519343104756935,2.691557487764422,0.9252563853576282,12.675770646827003,19.935134926911736,0.5912891308561348,3000.0,-4.5,0.45,misfire,0.327,703.0
endurance,300,misfire,1647.0,77.71896333977502,77.94548987341769,617.9329370599962,1238.9185045422937,64.20002202828243,30.727808461757483,4.986878569414549,0.21130645032651063,12.745167387979699,20.10044957789934,0.7346858627863655,3000.0,-4.5,0.45,misfire,0.328,702.0
endurance,300,misfire,1648.0,77.62930030640874,77.55886405155881,609.7735088411989,1334.43181522139,64.0755604615718,31.40224876465493,5.331281297823652,0.16396921376215273,12.864836066145028,19.956041766052415,0.7400124783122459,3000.0,-4.5,0.45,misfire,0.329,701.0
endurance,300,misfire,1649.0,77.34802620244538,77.03298739588979,636.887617687814,991.425612623416,62.21768047805384,30.20838994572805,2.379024637869759,1.0424699698423667,12.534272271405309,20.039244268015974,0.6224395431689146,3000.0,-4.5,0.45,misfire,0.33,700.0
endurance,300,misfire,1650.0,77.16757191697621,77.54403363708565,615.4105894373861,1150.2703732882526,63.116722286044826,29.785698960996193,4.62876801224358,0.20734052701314135,12.662621301120597,19.996124956317345,0.7330857252833511,3000.0,-4.5,0.45,misfire,0.33,699.0
endurance,300,misfire,1651.0,77.05612359812642,77.0414668648945,614.6586162323028,1274.165476884845,63.52197858105837,29.868107888047973,5.0850802897686105,0.1404680935219177,12.765353684279855,20.247717805466618,0.7400982563473579,3000.0,-4.5,0.45,misfire,0.331,698.0
endurance,300,misfire,1652.0,76.99181654793674,76.86526443233205,612.0074270730827,1349.3305595259571,64.3168680055925,30.053434366872544,5.398794980567067,0.16301783881456,12.74068318850679,19.997944390546376,0.7448441380145704,3000.0,-4.5,0.45,misfire,0.332,697.0
endurance,300,misfire,1653.0,76.95962593735517,76.48596537744031,612.1097698701523,1406.5702549542682,64.98544724155273,28.85949807163752,5.614473830491008,0.09553662598245533,12.901767348882972,20.047287696376074,0.7470042587625776,3000.0,-4.5,0.45,misfire,0.333,696.0
endurance,300,misfire,1654.0,76.94922917694647,75.73251607773884,610.2945968285657,1438.992338283459,65.96786866371107,29.48373433876771,5.762753039813717,0.2212756470445435,12.8417267441934,19.85339892132748,0.7470677803694845,3000.0,-4.5,0.45,misfire,0.334,695.0
endurance,300,misfire,1655.0,76.95353630080862,76.60925504933418,609.6033690069202,1470.197790678867,65.30244480097957,30.34347147669857,5.864694996223078,0.23947039705302883,12.825247024190052,20.185504419300297,0.7470414649194678,3000.0,-4.5,0.45,misfire,0.335,694.0
endurance,300,misfire,1656.0,76.96767960947261,77.34860568417153,613.4332542612498,1480.6168535000616,65.16865882298748,30.529687161905386,5.934780091254515,0.2661621199465812,12.838766063864863,20.090826055700813,0.746955052839358,3000.0,-4.5,0.45,misfire,0.336,693.0
endurance,300,misfire,1657.0,76.98831905325909,77.1488956318527,612.7916623571961,1487.4374749682245,66.50353403178303,30.032726952034192,5.982963594088628,0.13103620511726022,12.88648907338671,19.92095417838676,0.7468289509976835,3000.0,-4.5,0.45,misfire,0.337,692.0
endurance,300,misfire,1658.0,77.01316468710704,76.67877231361462,607.6107822157343,1501.4090675980783,65.84191728701272,28.605498901302468,6.0160897522870815,0.17083900160981005,12.876872962101364,20.005175256471485,0.746677150386281,3000.0,-4.5,0.45,misfire,0.338,691.0
endurance,300,misfire,1659.0,77.04064836194975,77.40606292441596,612.9225942180773,1502.9190225051918,65.95508876210961,30.41490090964994,6.038863986048518,0.15496746692350372,12.897158687583095,19.786624915936937,0.7465092320039108,3000.0,-4.5,0.45,misfire,0.339,690.0
endurance,300,misfire,1660.0,77.06969801612941,76.71168494528725,605.8678486444247,1509.1591927314705,66.25526880075036,30.31605374538848,6.054521271759504,0.21078076469422108,12.873752635606873,20.453737990488765,0.7463317458792866,3000.0,-4.5,0.45,misfire,0.34,689.0
endurance,300,misfire,1661.0,77.09958250425262,77.0334420073153,607.390234481387,1515.0383708509105,65.13191003383858,30.000605440897207,6.065285655685808,0.20456255066660844,12.795678292133367,20.060607535826616,0.7461491591279759,3000.0,-4.5,0.45,misfire,0.341,688.0
endurance,300,misfire,1662.0,77.1298049204531,77.08126728289973,613.6816248724974,1519.1756507498885,65.93652989892024,30.20133046436204,6.072686169635141,0.18377870247670489,12.907073072476464,19.967021198408702,0.745964507720595,3000.0,-4.5,0.45,misfire,0.342,687.0
endurance,300,misfire,1663.0,77.16002926147775,77.0019896026811,608.9723247747544,1518.5971300773683,66.72859063430106,30.312163586972,6.0777740229753086,0.19952655173877404,12.864044903120275,20.016937510578718,0.7457798445530197,3000.0,-4.5,0.45,misfire,0.343,686.0
endurance,300,misfire,1664.0,77.19003001082172,77.45861083522072,610.1694446716688,1525.1621194370164,66.07918096480283,29.998935734784098,6.081271922146672,0.30095239257064466,12.858667802572187,19.77489303920553,0.7455965474747153,3000.0,-4.5,0.45,misfire,0.344,685.0
endurance,300,misfire,1665.0,77.21965748100689,76.7593515289708,616.0524209331655,1515.3132145308346,67.07135494403501,30.93301402134741,6.083676727826987,0.2816922458706067,12.895366733317829,19.608167242728204,0.7454155310387515,3000.0,-4.5,0.45,misfire,0.345,684.0
endurance,300,misfire,1666.0,77.24881398950822,77.17491494779712,607.2775944938647,1516.9283249268751,65.73180130940429,30.095867374277987,6.085330031732202,0.17434977825905662,12.923518866768132,19.914930166171754,0.7452373920609354,3000.0,-4.5,0.45,misfire,0.346,683.0
endurance,300,misfire,1667.0,77.27743748273885,77.5865106379741,614.5008961619658,1517.9725953019943,65.5394188230952,31.16421891499499,6.086466678167038,0.22962418624059164,13.029262446329614,19.76821001476077,0.7450625096731696,3000.0,-4.5,0.45,misfire,0.347,682.0
endurance,300,misfire,1668.0,77.30549028050334,76.95280218820578,612.5687927810911,1516.763706459113,66.29108687565385,30.05139543123942,6.087248122590986,0.26408258736250767,12.946852528941449,20.137112301539265,0.744891114092028,3000.0,-4.5,0.45,misfire,0.348,681.0
endurance,300,misfire,1669.0,77.33295134070227,77.53246341967954,608.5070442340257,1513.334745667316,66.6482479995282,31.07110531659066,6.0877853656324525,0.28562862616694856,12.930885976130032,20.018534791265456,0.7447233338794776,3000.0,-4.5,0.45,misfire,0.349,680.0
endurance,300,misfire,1670.0,77.1324878186235,77.4677464933242,518.9561793444477,1121.7685225449682,63.03590975290514,30.385058791530714,2.6910825658408886,1.0696624885342172,12.749239323541467,20.13364969228378,0.7248532357423259,3000.0,-4.5,0.45,misfire,0.35,679.0
endurance,300,misfire,1671.0,77.00787172414995,78.12591220667503,611.8494164713077,1238.5119236563983,63.96516634353037,30.42765631875487,4.986334388043835,0.18860852259613334,12.708551597885283,20.045292080652768,0.7390229039382541,3000.0,-4.5,0.45,misfire,0.351,678.0
endurance,300,misfire,1672.0,76.93508638908462,76.99809292399684,607.0603329379361,1326.5255427832208,64.23181979146344,30.468626293164313,5.330907173131285,0.2689178967112039,12.810680384746727,19.950964076079764,0.7442487605865267,3000.0,-4.5,0.45,misfire,0.352,677.0
endurance,300,misfire,1673.0,76.89762783849612,76.50579240956982,614.7556421217362,1385.9689295109574,64.56999107878225,29.658504307637145,5.567800962878907,0.2297809304878941,12.790262756787449,19.829264004031906,0.7473830516470816,3000.0,-4.5,0.45,misfire,0.352,676.0
endurance,300,misfire,1674.0,76.8841568958719,77.27957843101166,609.8293465305234,1431.245782659689,65.24027927627787,30.037907981909296,5.730665443330397,0.2724121361735149,12.902968224045194,19.808043814819513,0.74746535573878,3000.0,-4.5,0.45,misfire,0.353,675.0
endurance,300,misfire,1675.0,76.88688500965394,76.6975285361515,610.0596865472714,1452.4489182913642,64.55612340210982,29.337546318326268,5.842634773640796,0.2019670215082269,12.863682463372378,19.97469276246305,0.7474486876456001,3000.0,-4.5,0.45,misfire,0.354,674.0
endurance,300,misfire,1676.0,76.90046451312395,76.78931118509121,605.9539794148665,1476.4388627119283,66.11821807802023,29.195334731070993,5.919613688229196,0.16792300195752827,12.859574440973443,19.81711828323003,0.7473657202742743,3000.0,-4.5,0.45,misfire,0.355,673.0
endurance,300,misfire,1677.0,76.92122568211767,77.3064381696095,612.1767147528241,1490.3069351299835,66.06422484952273,29.264655093764294,5.972536692008722,0.1866651598371975,12.985180816809617,20.12411366604497,0.7472388747220149,3000.0,-4.5,0.45,misfire,0.356,672.0
endurance,300,misfire,1678.0,76.9466522161504,77.0021867923859,614.3460936514983,1499.2094194671984,66.33027862809291,30.58181133784343,6.008921257107144,0.23867036831458024,12.866455943439792,20.31125041927221,0.7470835249557084,3000.0,-4.5,0.45,misfire,0.357,671.0
endurance,300,misfire,1679.0,76.97502063554388,76.52385402018209,603.7179508320221,1508.7131027991798,66.10209033674175,29.14361076727632,6.033935645612312,0.19732220005932816,12.897886014465374,19.836543446187797,0.746910201005319,3000.0,-4.5,0.45,misfire,0.358,670.0
endurance,300,misfire,1680.0,77.00515237071228,77.0968536188339,611.1179787532474,1508.0195733991723,65.64839920628918,30.573861328974253,6.051133037709612,0.2128417028943601,12.924298671980303,20.143982726244896,0.7467261036363739,3000.0,-4.5,0.45,misfire,0.359,669.0
endurance,300,misfire,1681.0,77.03624332721793,77.00832106587715,610.036801054532,1503.1048101566735,65.76987909888652,30.187588537340652,6.062956244776507,0.16139508016116177,12.886068798292966,19.94328353771001,0.7465361456648636,3000.0,-4.5,0.45,misfire,0.36,668.0
endurance,300,misfire,1682.0,77.0677467153316,76.62721432088085,613.5725660178636,1519.1044284368427,66.17141968239116,29.63777223464475,6.071084699634998,0.12207415815170466,12.888911941029338,19.91005245815611,0.746343667839336,3000.0,-4.5,0.45,misfire,0.361,667.0
endurance,300,misfire,1683.0,77.09929249885394,77.61141220440481,611.3662229068163,1506.9673469112854,67.05154772755102,30.04907666737574,6.076673012350209,0.1998830221592872,12.925179044723041,19.581385772358846,0.7461509309884604,3000.0,-4.5,0.45,misfire,0.362,666.0
endurance,300,misfire,1684.0,77.13063201959609,76.65136846183094,610.7334360642477,1510.972402244143,66.53972797886696,29.459126026475147,6.080514977341918,0.1352650337996791,12.926395320219923,20.07996060700851,0.7459594543516062,3000.0,-4.5,0.45,misfire,0.363,665.0
endurance,300,misfire,1685.0,77.16159993004423,77.48327212668114,613.4954991314988,1512.7307109166422,66.41914352793249,30.307971419952004,6.083156328273716,0.1353912010764509,12.965661896485072,20.135622369266276,0.7457702481607456,3000.0,-4.5,0.45,misfire,0.364,664.0
endurance,300,misfire,1686.0,76.96476489980428,77.13285856039326,666.0466229965454,1116.9221573952404,63.21830164022092,29.79219233889705,2.689173087930411,1.1105930737771925,12.541207583586788,20.000493069522303,0.6052065514934148,3000.0,-4.5,0.45,misfire,0.365,663.0
endurance,300,misfire,1687.0,76.84383193689828,77.25188758090493,612.6104053534194,1232.073445225477,63.39049304074471,29.63499615215916,4.984146444604745,0.1756102009755231,12.753183970637945,19.91038048053321,0.7399947869857599,3000.0,-4.5,0.45,misfire,0.366,662.0
endurance,300,misfire,1688.0,76.77473899956097,76.495528483904,612.671403624111,1325.2979293001035,64.530139066495,30.254925317328745,5.329402962016911,0.12525005469331724,12.762619037993876,20.012639858495373,0.7452075712078434,3000.0,-4.5,0.45,misfire,0.367,661.0
endurance,300,misfire,1689.0,76.7409515923102,76.11713312283554,611.0688504275439,1393.6512844576216,65.18812444669074,30.897089342499694,5.566766817737776,0.14145936661072203,12.759495351480224,19.831941786720115,0.7483403043422161,3000.0,-4.5,0.45,misfire,0.368,660.0
endurance,300,misfire,1690.0,76.73111021348991,77.5615667159503,614.840477622147,1430.491353910737,65.69423496105482,30.182451062881007,5.72995446854587,0.17960184256810685,12.847245517073206,20.119705498580753,0.7484004327064633,3000.0,-4.5,0.45,misfire,0.369,659.0
endurance,300,misfire,1691.0,76.73741298008072,76.73831024786331,609.8090442393708,1460.1739891884647,66.39507407454093,29.921045092983604,5.842145978476434,0.2358807274912246,12.90203214407079,20.002458458952425,0.7483619243782852,3000.0,-4.5,0.45,misfire,0.37,658.0
endurance,300,misfire,1692.0,76.75450368677188,75.92689556060861,609.5707374270303,1475.8026327176442,64.89794944819344,29.999115355916327,5.9192776415536965,0.1739124990581067,12.933505651171883,19.905703323835585,0.7482575044330788,3000.0,-4.5,0.45,misfire,0.371,657.0
endurance,300,misfire,1693.0,76.77870735098062,77.34738854677741,612.1166241534398,1494.0139635340336,65.7900356621283,29.899863394548987,5.972305659919315,0.12259797446606376,12.87832024014107,19.81936605771307,0.7481096260956794,3000.0,-4.5,0.45,misfire,0.372,656.0
endurance,300,misfire,1694.0,76.58018152883791,76.20919687768117,720.0199666031114,1094.2009480417491,62.52132571864789,29.635750496994998,2.6434471872342202,1.0412595744295199,12.712981509695599,19.793677987145813,0.5652645036669572,3000.0,-4.5,0.45,misfire,0.373,655.0
endurance,300,misfire,1695.0,76.46097530656688,76.25478192175022,607.5348910928946,1230.6118380935238,63.51241915270145,29.846164478488753,4.931752183390359,0.17088564422035,12.689007022091278,19.980532413934693,0.7416069431206813,3000.0,-4.5,0.45,misfire,0.374,654.0
endurance,300,misfire,1696.0,76.39588987395877,75.60596871669502,609.5825673388066,1324.3659002570541,64.09577326827764,30.38101990837525,5.29338190743202,0.15987444892268896,12.79569041896845,20.140818438875062,0.7470224306664475,3000.0,-4.5,0.45,misfire,0.375,653.0
endurance,300,misfire,1697.0,76.3676108450724,77.12206832644895,610.3667878512709,1384.6875645098712,65.29903309789395,30.965506125655793,5.542002342710662,0.19217538528961758,12.855372346948872,19.518891252912223,0.7506213229726522,3000.0,-4.5,0.45,misfire,0.375,652.0
endurance,300,misfire,1698.0,76.36424414241066,76.79154472898078,611.5246838019566,1422.2860995490516,64.78114723999944,29.284332435097813,5.7129288919647285,0.17812395704289508,12.766209486330299,19.86211438937128,0.7506418926842398,3000.0,-4.5,0.45,misfire,0.376,651.0
endurance,300,misfire,1699.0,76.37762192284505,77.42418693541845,610.2885336288899,1458.3689734260122,65.8188274923385,30.18915819213861,5.8304408945769,0.23658604202692457,12.933664870361074,19.872605243306513,0.7505601577902308,3000.0,-4.5,0.45,misfire,0.377,650.0
endurance,300,misfire,1700.0,76.40213790711009,76.06313924052955,612.5695676481577,1467.0654053218793,66.02368901575504,30.107216310548964,5.911230396372766,0.28874674636658026,12.916776824074125,20.165002276479974,0.7504103712553674,3000.0,-4.5,0.45,misfire,0.378,649.0
endurance,300,misfire,1701.0,76.43394667412258,76.52789605819046,610.6641598088522,1489.0092010512683,65.66870704025048,30.222362755405232,5.966773178857426,0.16222627761120503,12.917731708896003,20.01394438893598,0.7502160276411128,3000.0,-4.5,0.45,misfire,0.379,648.0
endurance,300,misfire,1702.0,76.47041318099228,75.44705588067013,612.5663190572221,1500.0351655839022,66.33281923456964,29.824523811761704,6.004958841815629,0.22124685956694143,12.888883039370286,20.083167534854297,0.7499932264007656,3000.0,-4.5,0.45,misfire,0.38,647.0
endurance,300,misfire,1703.0,76.28241118755498,77.16565685399758,563.1533294047623,1107.7638356890402,63.409690031530474,30.014021373455076,2.6569166247664495,1.0365732328273822,12.69358919050996,19.903015930335215,0.69525610417871,3000.0,-4.5,0.45,misfire,0.381,646.0
endurance,300,misfire,1704.0,76.17248338560026,76.11783689812118,607.7422307800773,1232.6038306844987,64.96080700317178,30.034492194377357,4.947185913896038,0.20720860168188432,12.692735434373379,20.181430251362144,0.7435837090093056,3000.0,-4.5,0.45,misfire,0.382,645.0
endurance,300,misfire,1705.0,76.11577150532472,76.54182260991226,609.9593322756418,1319.878194059727,65.00075891119378,30.810168227219854,5.303992597154675,0.23188178733833587,12.791144105327596,20.019341368921243,0.748881113626677,3000.0,-4.5,0.45,misfire,0.383,644.0
endurance,300,misfire,1706.0,76.09519644064245,76.17536266996265,611.9382684556402,1387.287658857043,64.83465352268777,30.15708231263699,5.549297191894988,0.12328291103950749,12.780868629308793,19.862118636570294,0.7522857068801181,3000.0,-4.5,0.45,misfire,0.384,643.0
endurance,300,misfire,1707.0,76.09902699970422,75.3397802795609,603.7997030309757,1432.2599560732515,65.21123235448074,29.384295639682513,5.717944100778952,0.2151145542975704,12.79079479189643,20.121048668933227,0.7522623031218905,3000.0,-4.5,0.45,misfire,0.385,642.0
endurance,300,misfire,1708.0,76.11920842708926,75.86884827367712,611.0364136958262,1448.8987758676753,65.44131334405166,29.5406340107517,5.833888850636678,0.20655898218369825,12.876547704977188,19.84047485667293,0.7521389996459247,3000.0,-4.5,0.45,misfire,0.386,641.0
endurance,300,misfire,1709.0,76.15021326887442,76.75337429231783,607.9800459823706,1483.9903645914428,65.72891045141074,30.785861554982116,5.913600866163865,0.1993177917199251,12.85591923959931,19.8165705739324,0.7519495678138278,3000.0,-4.5,0.45,misfire,0.387,640.0
endurance,300,misfire,1710.0,76.18825134828685,76.10777814187635,611.1417954314982,1488.416680978513,65.25303343203515,30.014899976840894,5.968402876838805,0.2533198704973433,12.911502051864137,20.100382199241853,0.7517171646581378,3000.0,-4.5,0.45,misfire,0.388,639.0
endurance,300,misfire,1711.0,76.2307266297422,77.24856432188977,610.2220343109547,1508.3159625150688,66.01828377189159,30.00832675898662,6.006079259177828,0.23111054114853885,13.009563801572474,20.12185120507012,0.7514576513072659,3000.0,-4.5,0.45,misfire,0.389,638.0
endurance,300,misfire,1712.0,76.27586381851015,76.67529989535747,609.9185619958192,1504.6981586794668,66.0209269086322,29.61194372343276,6.0319817720359055,0.21833102764360082,12.772163725653753,20.135221442360564,0.7511818743681911,3000.0,-4.5,0.45,misfire,0.39,637.0
endurance,300,misfire,1713.0,76.32245165348962,75.66931100417872,610.9140023599613,1509.5397759558243,66.34213120602863,30.163724362236156,6.049789749625833,0.2815285037113297,12.931863453411315,20.1977564969827,0.750897234343425,3000.0,-4.5,0.45,misfire,0.391,636.0
endurance,300,misfire,1714.0,76.36966642636568,76.40710111152299,608.09993542701,1512.2512076706664,66.55069946234659,29.929057549796184,6.062032734218909,0.2792164509268709,12.932051581604897,19.865478896196095,0.7506087638848455,3000.0,-4.5,0.45,misfire,0.392,635.0
endurance,300,misfire,1715.0,76.41695065627594,75.49578135257104,611.8895056936888,1504.532311036442,66.20332210263089,30.26953324365862,6.070449786126648,0.16276068268111565,12.94702953481873,20.108585890086243,0.7503198690611514,3000.0,-4.5,0.45,misfire,0.393,634.0
endurance,300,misfire,1716.0,76.46392968376487,76.61871559894706,606.474932619755,1513.8219847720002,67.21628856630373,29.80195158282013,6.07623650931322,0.18688583474823572,13.00028456630789,20.14125299946163,0.7500328389479509,3000.0,-4.5,0.45,misfire,0.394,633.0
endurance,300,misfire,1717.0,76.51035433412663,76.59522889056203,612.4317487918106,1512.9820215861162,67.1870016633423,29.78325622522623,6.080214881503988,0.15923366305660505,12.866041483920757,19.84125987430234,0.749749195940403,3000.0,-4.5,0.45,misfire,0.395,632.0
endurance,300,misfire,1718.0,76.55606150333338,75.94333775497459,609.2053217998165,1519.558409507222,65.3213121801864,29.909437800063177,6.08295001238514,0.07043258225930626,12.922498207533502,20.276581859895668,0.7494699365633422,3000.0,-4.5,0.45,misfire,0.396,631.0
endurance,300,misfire,1719.0,76.37362394010785,75.83770819052597,587.8735853797255,1119.115895631315,63.287039817791374,29.66034767737938,2.6890879826263725,1.036465779313745,12.697356488605498,19.906183498843813,0.6770056945771581,3000.0,-4.5,0.45,misfire,0.397,630.0
endurance,300,misfire,1720.0,76.26675193318695,76.80207564866232,613.5277245147403,1246.6659171929018,63.3824561400754,28.89552149282229,4.984048928110534,0.2233237646421467,12.712765339480322,19.93188514728722,0.7435192484379143,3000.0,-4.5,0.45,misfire,0.398,629.0
endurance,300,misfire,1721.0,76.21138948865891,75.70341648596957,611.5801722164175,1322.0426741631375,64.52107616179984,30.285510843992817,5.329335919427141,0.13437583599303082,12.80100950062764,19.870089023267948,0.7486485656254692,3000.0,-4.5,0.45,misfire,0.398,628.0
endurance,300,misfire,1722.0,76.19100862874667,75.705364836906,604.4806546469915,1388.5968990546369,65.31021520502331,29.317026293659193,5.566720725957308,0.1462231516676844,12.87238273862217,19.87987566704707,0.7517003183638483,3000.0,-4.5,0.45,misfire,0.399,627.0
endurance,300,misfire,1723.0,76.19425663633635,76.11012699159774,609.0538526103746,1426.4901212645395,66.26509181157805,29.8667151773067,5.729922780446797,0.24313279349710137,12.878495859352148,20.02902690204577,0.7516804738494773,3000.0,-4.5,0.45,misfire,0.4,626.0
endurance,300,misfire,1724.0,76.21333854155314,75.48672569273191,611.430754892264,1453.1452946539935,66.43563300699567,30.006669896318293,5.842124192908321,0.17807971554886645,12.813026365374395,20.036659449287548,0.7515638881790789,3000.0,-4.5,0.45,misfire,0.401,625.0
endurance,300,misfire,1725.0,76.24290508710288,76.43902798472158,610.4002311048794,1477.8237289154742,64.86509801367859,29.31785490328353,5.919262663975621,0.2353807278180425,12.846423266789126,20.05175344120934,0.7513832439774064,3000.0,-4.5,0.45,misfire,0.402,624.0
endurance,300,misfire,1726.0,76.27928821012644,77.14188067518795,612.3783303235576,1492.8263609990013,66.30521679739988,28.919597931845903,5.972295362834387,0.25961864950590263,12.87640104061145,20.102316662374477,0.7511609521915132,3000.0,-4.5,0.45,misfire,0.403,623.0
endurance,300,misfire,1727.0,76.3199754415214,76.03706431909826,612.5743507655839,1500.4825426557595,65.06845922179537,29.511023321599634,6.008755343299789,0.2301340397220955,12.881581790526226,19.75206198686941,0.750912363379498,3000.0,-4.5,0.45,misfire,0.404,622.0
endurance,300,misfire,1728.0,76.13592543537315,76.49522315854846,642.0581184238083,1099.9356654080298,62.76376917335517,29.985904189018523,2.658482681628666,0.9978109879407309,12.618950578056891,20.167707431787935,0.6358270238789123,3000.0,-4.5,0.45,misfire,0.405,621.0
endurance,300,misfire,1729.0,76.02973985816287,75.87651054431254,607.497738802618,1233.6658607907925,63.465865838132565,29.93797254937516,4.948980354050661,0.29420795943909583,12.743248198066002,19.652816428241753,0.7444807352219085,3000.0,-4.5,0.45,misfire,0.406,620.0
endurance,300,misfire,1730.0,75.74927845504413,76.14371527051166,607.6570761534895,917.0964599271398,60.27768218333172,29.40478766510307,2.2213254985634,0.9482708515285508,12.533104456834069,20.030653830659148,0.6527691192292161,3000.0,-4.5,0.45,misfire,0.407,619.0
endurance,300,misfire,1731.0,75.58126504281593,75.78713456850497,608.742734617364,1109.928312809011,63.177444268220995,29.70825857591231,4.448071081788379,0.22985505409642354,12.626101259173003,20.35995585715618,0.7402703841678304,3000.0,-4.5,0.45,misfire,0.408,618.0
endurance,300,misfire,1732.0,75.48996905760077,75.81248925292546,612.2893389006764,1239.6019571997717,64.39770381091552,29.63550427709265,4.960851150080659,0.27349772405768036,12.815158488103227,20.45127963374132,0.7479433143676385,3000.0,-4.5,0.45,misfire,0.409,617.0
endurance,300,misfire,1733.0,75.45083979784539,75.1843652521072,607.9939302461589,1319.8815295382035,64.12171054377217,29.286712421822067,5.3133874470316025,0.1788176702978219,12.803407473356323,19.638171853245566,0.7530740393684001,3000.0,-4.5,0.45,misfire,0.41,616.0
endurance,300,misfire,1734.0,75.44701238255597,74.41733203183865,610.8911377949789,1386.8977051749657,64.39717307337096,29.75206252020393,5.555756151185375,0.17828923917353567,12.883238854047121,19.54593664706443,0.7562459494290119,3000.0,-4.5,0.45,misfire,0.411,615.0
endurance,300,misfire,1735.0,75.46690560555614,75.45862319297743,607.837902211956,1423.8719200526284,65.00636429753524,29.848033104811865,5.722384635291093,0.17014442645966027,12.87301533546168,19.91171427503139,0.7561244068097867,3000.0,-4.5,0.45,misfire,0.412,614.0
endurance,300,misfire,1736.0,75.50257046807059,75.499767591955,611.9441628632472,1466.776610395329,65.01425903235562,29.14030162164951,5.836941718113776,0.30732088760475446,12.879973605347248,19.92596049972652,0.755906503416039,3000.0,-4.5,0.45,misfire,0.413,613.0
endurance,300,misfire,1737.0,75.5485548024725,76.4521040836973,610.3653730259656,1474.8358825012556,65.91352009481005,29.12012583132704,5.91569971255437,0.17607714595744298,12.932522165710145,19.87042787425051,0.755625550628927,3000.0,-4.5,0.45,misfire,0.414,612.0
endurance,300,misfire,1738.0,75.60112270852504,75.03016907565055,608.4643098945622,1484.9100144324016,65.24658247739991,29.641419160811243,5.969845833732279,0.14940399865505333,12.997270169277494,19.936865187142157,0.7553043738649223,3000.0,-4.5,0.45,misfire,0.415,611.0
endurance,300,misfire,1739.0,75.65771792303619,75.45705212583054,609.1058050818789,1498.2546420157887,65.16440751296103,29.942039137240535,6.007071292042089,0.19836022917450635,12.945150954630423,19.837477501631923,0.754958591253063,3000.0,-4.5,0.45,misfire,0.416,610.0
endurance,300,misfire,1740.0,75.71659489356261,75.4437208654485,606.1243142886166,1511.4837541036306,66.51658145272005,29.113907107789657,6.032663794630086,0.22221758712249456,12.943169671871647,19.728077089545444,0.7545988676823892,3000.0,-4.5,0.45,misfire,0.417,609.0
endurance,300,misfire,1741.0,75.77656514847932,75.20314189250554,611.5312590855713,1512.5937388942461,66.63459271595096,29.329485375059914,6.050258640159332,0.12581788220041007,12.954608695642447,19.985556797978013,0.7542324644174117,3000.0,-4.5,0.45,misfire,0.418,608.0
endurance,300,misfire,1742.0,75.83682293313625,76.03010616182296,610.7981977561146,1519.6025932094096,66.10649318827579,29.991786192314628,6.062355096460689,0.12060658264236718,12.934381770366295,20.0237697310146,0.7538643044176041,3000.0,-4.5,0.45,misfire,0.419,607.0
endurance,300,misfire,1743.0,75.66950221577234,76.1499612553833,559.6950853523882,1112.910515934552,63.03782640613057,29.14508020328244,2.6805925798075365,0.9492355975511638,12.644577460215611,20.18119834760805,0.7021734649683975,3000.0,-4.5,0.45,misfire,0.42,606.0
endurance,300,misfire,1744.0,75.57801459293667,75.0726971880889,606.7907319378814,1232.786451519598,63.59587676551785,30.238275999838265,4.974314612380618,0.1081493384107931,12.713179723612692,19.88708422541816,0.747592191865891,3000.0,-4.5,0.45,misfire,0.42,605.0
endurance,300,misfire,1745.0,75.53810161853316,75.39009376986803,604.3405611090092,1333.121524548673,64.45020605542219,29.5396643131519,5.322643577362824,0.1736437486704641,12.801146615525688,20.080765549568824,0.7526693258835455,3000.0,-4.5,0.45,misfire,0.421,604.0
endurance,300,misfire,1746.0,75.5330989585864,75.57070241054043,608.8655293377649,1391.7507155638245,64.84901155662992,30.01958745516927,5.56211974078809,0.23144876995152164,12.793320919675192,20.195819409440148,0.75571998197111,3000.0,-4.5,0.45,misfire,0.422,603.0
endurance,300,misfire,1747.0,75.55156291340111,75.6624162410025,613.7324948526451,1422.0561541511108,66.59826811806418,29.714636526459888,5.726759603142961,0.24504817098999743,12.833350581315493,20.252382107677207,0.7556071718231808,3000.0,-4.5,0.45,misfire,0.423,602.0
endurance,300,misfire,1748.0,75.58563865911368,75.06407647124504,603.7302292511864,1457.265139847281,66.28260617940082,28.7926729326988,5.839949508511934,0.23416616989625405,12.875593111400546,20.115864405814506,0.7553989775358134,3000.0,-4.5,0.45,misfire,0.424,601.0
endurance,300,misfire,1749.0,75.62993842114525,75.27268945910457,604.3292763781201,1478.1225465440136,66.41450846740106,28.81324472469375,5.917767568453103,0.25546002763911335,12.82479276489869,20.031578654445784,0.755128317064741,3000.0,-4.5,0.45,misfire,0.425,600.0
endurance,300,misfire,1750.0,75.68077022566152,76.15759393178516,615.3093329447703,1487.4431390798457,66.13492429654782,29.692589690747702,5.971267484662658,0.2012526032716334,12.925390071092592,19.85665794292018,0.7548177474470978,3000.0,-4.5,0.45,misfire,0.426,599.0
endurance,300,misfire,1751.0,75.73560767324031,75.63770569433136,611.1402839021812,1502.2270838985098,66.33151269274217,29.230998225459835,6.008048677056726,0.14879364892508054,12.880258117851412,20.217981315947657,0.7544827043517532,3000.0,-4.5,0.45,misfire,0.427,598.0
endurance,300,misfire,1752.0,75.79272541513949,76.2619726710104,612.072089352539,1506.7541213549948,66.45118293457467,29.30120068412912,6.033335746827649,0.2449540394727626,12.921466407278166,20.02980455577215,0.7541337292281849,3000.0,-4.5,0.45,misfire,0.428,597.0
endurance,300,misfire,1753.0,75.85094854993896,75.97374498123466,609.7105684343679,1510.6943723589304,66.63870941341374,29.712849637229862,6.050720607295157,0.2030428515399507,12.915956094078071,19.9664087210226,0.7537780004303437,3000.0,-4.5,0.45,misfire,0.429,596.0
endurance,300,misfire,1754.0,75.68215721476297,75.49451022283348,668.4224055489054,1108.0905440640795,62.82634500697111,28.409939852414144,2.6757933530267546,0.9723383222486026,12.66457030358969,19.471299195079943,0.6096722502236941,3000.0,-4.5,0.45,misfire,0.43,595.0
endurance,300,misfire,1755.0,75.58958845557581,75.72430987399848,608.1583488440087,1250.5859836991121,64.50105134074077,29.292880825913855,4.968815498360971,0.13671627994400798,12.787535731757105,19.930423029336684,0.7474451749152653,3000.0,-4.5,0.45,misfire,0.431,594.0
endurance,300,misfire,1756.0,75.54886378205367,74.98998326509862,607.8274947997107,1327.1271433395736,64.44076270247731,29.49145415110008,5.318862936474316,0.3650793556323447,12.797123050041096,19.771377730960207,0.7525511130689118,3000.0,-4.5,0.45,misfire,0.432,593.0
endurance,300,misfire,1757.0,75.54323629008294,75.485939899303,605.8031419792002,1383.6775097832933,65.54716407319393,29.865983613843312,5.559520550177241,0.19220250459449964,12.905163445808828,19.698298495565897,0.755658045409999,3000.0,-4.5,0.45,misfire,0.433,592.0
endurance,300,misfire,1758.0,75.56120547421271,75.01081514072227,609.6045776238544,1435.1257810481134,64.10315715099271,29.314153729867577,5.724972659598001,0.1848270357437952,12.840349063111882,20.168342073076015,0.7555482581872622,3000.0,-4.5,0.45,misfire,0.434,591.0
endurance,300,misfire,1759.0,75.59487741876015,75.11037646702327,611.4229431684277,1455.5241572849495,65.8979409913376,30.08751856029721,5.838720984824775,0.2607664587995907,12.897165867671822,19.834891148259032,0.7553425310240635,3000.0,-4.5,0.45,misfire,0.435,590.0
endurance,300,misfire,1760.0,75.63883743656001,75.73644483115216,609.3912299089658,1472.7904359902996,66.16991395591229,29.747828335654077,5.916922958418181,0.14355659417111594,12.909012845791958,20.101875142601664,0.7550739463053108,3000.0,-4.5,0.45,misfire,0.436,589.0
endurance,300,misfire,1761.0,75.68937501529417,74.78022960179443,614.7158340046504,1488.6082207801699,66.34955047779431,29.887960453654014,5.970686815263648,0.18066077542510436,12.85342453731572,20.229574732552575,0.7547651743336397,3000.0,-4.5,0.45,misfire,0.437,588.0
endurance,300,misfire,1762.0,75.74395097511122,76.01715395704768,607.561902568755,1500.8072424219363,66.47976228492634,29.518564181952915,6.007649466844907,0.1503398084991619,13.016301655424032,20.262910366830933,0.7544317288631476,3000.0,-4.5,0.45,misfire,0.438,587.0
endurance,300,misfire,1763.0,75.8008311463409,75.84303659092298,605.21815905478,1515.7582221990415,65.70385634756174,29.817813905325277,6.033061289807021,0.21523232255158914,12.842869655751501,19.95391278120516,0.7540842052369771,3000.0,-4.5,0.45,misfire,0.439,586.0
endurance,300,misfire,1764.0,75.85883452961069,75.91211100372674,607.2566237511182,1509.097176837539,67.06852917083975,29.404840001856115,6.050531918093476,0.18564511549656587,12.895073312153585,19.681734191795123,0.7537298190660444,3000.0,-4.5,0.45,misfire,0.44,585.0
endurance,300,misfire,1765.0,75.9171601624545,76.59940087096861,611.440471204455,1514.7693716494468,65.77536795504973,29.58249096171611,6.062542975040413,0.16966383723960637,12.8975853289029,20.09233583270411,0.753373464030777,3000.0,-4.5,0.45,misfire,0.441,584.0
endurance,300,misfire,1766.0,75.97526809647935,75.84606172643267,614.2572986814923,1504.6322180851907,67.18218874496009,30.46705457263553,6.070800576691433,0.2732498239049245,12.92216793885712,19.81588314975067,0.7530184390808685,3000.0,-4.5,0.45,misfire,0.442,583.0
endurance,300,misfire,1767.0,76.03279757538893,76.83845336458648,607.8603936775686,1511.0652264727469,66.13136662841391,29.531755495450575,6.076477677826508,0.16664069084732655,12.885592381255805,20.02383650359977,0.7526669483471008,3000.0,-4.5,0.45,misfire,0.443,582.0
endurance,300,misfire,1768.0,76.08951078844798,76.64989453507108,610.3628393217048,1512.902035835698,66.25996227625316,28.896743707296444,6.080380684856873,0.22574307624712728,12.839855130481595,19.96668403532999,0.7523204447936132,3000.0,-4.5,0.45,misfire,0.443,581.0
endurance,300,misfire,1769.0,76.14525420691794,75.9637093818497,604.7753467249132,1527.069625094069,65.74097096355985,29.68893129954989,6.08306400219025,0.23489959242217884,12.82460772326854,19.846199243331228,0.7519798664426164,3000.0,-4.5,0.45,misfire,0.444,580.0
endurance,300,misfire,1770.0,76.1999320086438,75.91126411572407,607.7015395192702,1515.8316627452734,65.912946650036,28.862536530727464,6.084908782856945,0.2266708611388667,12.924991523508051,20.05504659977541,0.7516457987435219,3000.0,-4.5,0.45,misfire,0.445,579.0
endurance,300,misfire,1771.0,76.02616468759024,75.57046891920817,631.7657042060885,1106.8988330955149,62.354047706565936,30.123408838132583,2.689895975445992,0.920123767452453,12.732232969224631,20.01064889227334,0.6393977427492767,3000.0,-4.5,0.45,misfire,0.446,578.0
endurance,300,misfire,1772.0,75.92769681085112,75.43433036900194,605.1053269609785,1251.2752332588195,64.12270815603677,28.169672407666827,4.984974753216347,0.1503622232461022,12.811352285926572,20.150571587414092,0.7456036368566521,3000.0,-4.5,0.45,misfire,0.447,577.0
endurance,300,misfire,1773.0,75.8804973697809,76.48965120409807,610.8814020349375,1323.3628611374415,64.95987523885083,29.6669365340614,5.329972424187387,0.1771877891555492,12.83557638664598,20.104286903482844,0.7506790656385036,3000.0,-4.5,0.45,misfire,0.448,576.0
endurance,300,misfire,1774.0,75.64073382356852,76.2054392109517,636.0869385807455,989.9360167174849,61.273085946588495,29.574187051238123,2.3784847274948,1.0299953773084594,12.567539236577971,19.992201005232257,0.6297944720038543,3000.0,-4.5,0.45,misfire,0.449,575.0
endurance,300,misfire,1775.0,75.50084162655185,75.30038297767456,610.7809207926821,1158.5198713773596,62.16026041983243,29.502793759958212,4.62814936493894,0.2363452991042328,12.788176003265699,19.70373457027969,0.7432604465685827,3000.0,-4.5,0.45,misfire,0.45,574.0
endurance,300,misfire,1776.0,75.42901704779759,75.6973165145256,607.7977519587513,1271.2656103425431,63.30385965900403,29.8028300809563,5.08465496974667,0.2870717677913036,12.797958872216405,20.127089531517214,0.7500335690198812,3000.0,-4.5,0.45,misfire,0.451,573.0
endurance,300,misfire,1777.0,75.4034091635822,75.64206510968577,605.9381632854038,1343.4585366539366,65.4629211177321,28.970335316122124,5.398502573051985,0.22492416800393789,12.769751726067543,20.541792281014036,0.7545448526994536,3000.0,-4.5,0.45,misfire,0.452,572.0
endurance,300,misfire,1778.0,75.40900926844137,75.41778279479654,610.0383892617527,1401.5430594309903,66.2019778683525,29.409570845698003,5.614272800324389,0.25544906876147255,12.7615059476662,20.217840660132392,0.7564781389554737,3000.0,-4.5,0.45,misfire,0.453,571.0
endurance,300,misfire,1779.0,75.43551235328317,75.33760934394252,607.460120264855,1439.5430975050044,65.09576722411327,29.371881484951892,5.762614831574165,0.20836165044374702,12.857670833587337,19.785952166145623,0.7563162117328615,3000.0,-4.5,0.45,misfire,0.454,570.0
endurance,300,misfire,1780.0,75.4758468794166,76.24720883028517,608.1481408978525,1456.5684429617509,65.89369819152556,28.67400034626564,5.864599978058388,0.25276664916039676,12.908390546490843,19.999553321164743,0.7560697778618177,3000.0,-4.5,0.45,misfire,0.455,569.0
endurance,300,misfire,1781.0,75.5251640058355,76.16698658743412,607.6934336236233,1474.0785782668513,66.2694691921022,29.69091037374718,5.93471476626629,0.15523962042824674,12.869015189094286,19.481375198443157,0.7557684625486798,3000.0,-4.5,0.45,misfire,0.456,568.0
endurance,300,misfire,1782.0,75.58014269043397,74.99610740288448,607.7126512916858,1501.8612778146264,65.78757814057865,29.686980433766244,5.982918683159224,0.2161906227217432,12.908066187800106,20.110154129685686,0.7554325565304543,3000.0,-4.5,0.45,misfire,0.457,567.0
endurance,300,misfire,1783.0,75.63851195437171,75.17311492303722,609.4747044749355,1503.2193769460293,66.90506491362537,28.87582816007324,6.016058876023115,0.21996797010909444,12.884652897918597,20.30818259059055,0.7550759349201108,3000.0,-4.5,0.45,misfire,0.458,566.0
endurance,300,misfire,1784.0,75.69872244593193,75.38642762698733,603.4256834535923,1515.405620378044,66.31595782707497,28.948480807383255,6.03884275861704,0.19725534649014842,12.924206931420164,19.736962485527066,0.7547080638693007,3000.0,-4.5,0.45,misfire,0.459,565.0
endurance,300,misfire,1785.0,75.75972064761113,76.15306971274403,611.940936600347,1516.8124336817111,65.7659260769222,29.298178178587897,6.054506677900365,0.1703046598203123,12.962724564833287,19.937897997663406,0.7543353801065912,3000.0,-4.5,0.45,misfire,0.46,564.0
endurance,300,misfire,1786.0,75.82079365026541,75.40508268982522,611.7685534961123,1512.3469059748215,65.51335881410584,29.504260606967076,6.065275622407649,0.18820802282801447,12.933906656081373,19.768352352308533,0.7539622393286243,3000.0,-4.5,0.45,misfire,0.461,563.0
endurance,300,misfire,1787.0,75.88146244194722,76.7741718304942,605.0888354084719,1523.0242734970168,67.11481132412676,29.274048437555784,6.0726792717564075,0.27183965038886604,12.902898405688191,19.845631102314037,0.7535915681786463,3000.0,-4.5,0.45,misfire,0.462,562.0
endurance,300,misfire,1788.0,75.94140855043409,75.81227256783114,612.5130679300112,1510.3803197412224,65.64731561692618,29.034994266040457,6.077769280683679,0.2010084194519296,12.925076609200786,19.672290747734362,0.7532253124423187,3000.0,-4.5,0.45,misfire,0.463,561.0
endurance,300,misfire,1789.0,76.00042361626716,76.98850582967653,603.5413460312662,1515.8875859432871,64.93382860014646,30.308984569462865,6.081268661821178,0.204031358190995,12.988195150652231,19.881489596543943,0.752864745143845,3000.0,-4.5,0.45,misfire,0.464,560.0
endurance,300,misfire,1790.0,76.05837473036506,75.45951329594614,610.4833482579908,1516.0812920151982,65.48164218528197,29.772278859144485,6.083674486353209,0.24674183965698568,12.855902805822288,20.02429277435788,0.7525106783244854,3000.0,-4.5,0.45,misfire,0.465,559.0
endurance,300,misfire,1791.0,76.11518060963701,76.3480477083859,606.1669640244676,1519.6891476565395,66.22751628345756,29.84121863945961,6.085328490718979,0.282315034706213,12.838745081044898,20.040436568563596,0.7521636086036037,3000.0,-4.5,0.45,misfire,0.466,558.0
endurance,300,misfire,1792.0,76.1707952235773,76.27317168815209,610.4045928004174,1524.312205719431,66.71225956792142,29.234397933393467,6.086465618720447,0.22681928808537877,12.97517995995235,19.971302071988767,0.7518238172160818,3000.0,-4.5,0.45,misfire,0.466,557.0
endurance,300,misfire,1793.0,76.22519654327016,76.47146895848766,610.7237734933691,1521.027196894073,65.95274447472659,29.2180176170047,6.087247394221455,0.1481451588250316,12.901432890091685,20.23877067450363,0.7514914387530884,3000.0,-4.5,0.45,misfire,0.467,556.0
endurance,300,misfire,1794.0,76.27837881191532,75.43126187354437,609.3116559767853,1521.8787889408563,66.09171490525252,30.19625370068815,6.087784864878399,0.18922731735385256,12.915568914475177,19.964833706858084,0.7511665083872336,3000.0,-4.5,0.45,misfire,0.468,555.0
endurance,300,misfire,1795.0,76.33034723626622,76.27799278908381,613.7629349604133,1522.7068019655485,66.37289689675262,29.68903563217058,6.088154375955049,0.19893624576589802,12.877813349889141,19.968456808055077,0.7508489943065557,3000.0,-4.5,0.45,misfire,0.469,554.0
endurance,300,misfire,1796.0,76.38111434231584,75.77900959324272,604.2695005781854,1519.4166417762292,65.62798391382336,29.43048123531853,6.088408414820244,0.16300643625923084,12.847412341749521,20.082972484013958,0.7505388199803691,3000.0,-4.5,0.45,misfire,0.47,553.0
endurance,300,misfire,1797.0,76.20337434950879,75.66117092537593,630.9997953423267,1117.551494131141,62.86831641328864,29.588972431064054,2.691339573630853,1.0571422623870868,12.719136239247016,19.952766741042957,0.6386523802755097,3000.0,-4.5,0.45,misfire,0.471,552.0
endurance,300,misfire,1798.0,76.10092176552202,76.03189491452163,603.5949665926602,1242.431192295934,63.88474568029192,29.127744346373497,4.986628876136502,0.2429970880103593,12.717392877086434,19.85493577145856,0.7445682276489345,3000.0,-4.5,0.45,misfire,0.472,551.0
endurance,300,misfire,1799.0,76.0497591879309,75.67565493864815,613.4641529227871,1329.8119313822654,65.05553128507376,30.107663789073307,5.331109633694993,0.20417667339080378,12.844287280721431,19.948699036188597,0.7496606977169311,3000.0,-4.5,0.45,misfire,0.473,550.0
endurance,300,misfire,1800.0,75.80607646960296,75.5891445494988,490.74064175930624,989.3841768503003,60.899880021912416,29.609114821954048,2.378953826416687,0.9718741640573563,12.657863402305267,19.924383625515482,0.7533615087290002,3000.0,-4.5,0.45,misfire,0.474,549.0
endurance,300,misfire,1801.0,75.66232376685072,75.42704012849812,610.4550971616869,1152.9154082289504,61.78628083991999,29.30699735852581,4.6286868741202705,0.21073145205658492,12.642570529638482,19.513843996912822,0.7422812893278925,3000.0,-4.5,0.45,misfire,0.475,548.0
endurance,300,misfire,1802.0,75.58670677918539,75.64936122335305,602.6576270382766,1271.3918826527968,62.90223590630254,29.354876098036655,5.085024507308834,0.3236468111016327,12.684705466976194,20.06364478093278,0.74907525174141,3000.0,-4.5,0.45,misfire,0.476,547.0
endurance,300,misfire,1803.0,75.55738040527383,76.37999148498577,610.3025761514655,1347.281458597311,64.35899634709965,29.39940621199241,5.398756630125972,0.17788753662676263,12.872801360243143,19.793624275029416,0.7536076521015675,3000.0,-4.5,0.45,misfire,0.477,546.0
endurance,300,misfire,1804.0,75.33201617172678,75.24203806768563,593.7917627061864,997.879618795694,61.36205871084816,29.116583953362987,2.4068582124444657,1.0096930403017514,12.51332434849427,19.9934300111632,0.6730062952796247,3000.0,-4.5,0.45,misfire,0.478,545.0
endurance,300,misfire,1805.0,75.20408480547091,74.98144215692564,608.704574290895,1159.6262418390472,64.34129638497586,30.228545234158428,4.660660649777099,0.20504894194739942,12.722043619407195,20.318290368072667,0.7455246703580929,3000.0,-4.5,0.45,misfire,0.479,544.0
endurance,300,misfire,1806.0,75.14249552251803,74.95777361634063,613.0371755021416,1278.934759953346,63.67766624462899,28.81472046966393,5.107006478072905,0.2622134172497166,12.759502511767117,19.828363365716218,0.7520942846477716,3000.0,-4.5,0.45,misfire,0.48,543.0
endurance,300,misfire,1807.0,74.89856559319144,75.23955436023768,638.1262572570698,943.2114466069489,61.704857515547836,29.16174370064077,2.2865112747225753,1.0429349269670904,12.58000177236338,20.1074227189617,0.6279760718873323,3000.0,-4.5,0.45,misfire,0.481,542.0
endurance,300,misfire,1808.0,74.76139929255477,74.74183136085017,610.3751456906549,1130.3483438023763,63.20891965209071,29.179169563954392,4.522763116970767,0.18506538872024345,12.753963546715449,20.20889352849548,0.7463159562397268,3000.0,-4.5,0.45,misfire,0.482,541.0
endurance,300,misfire,1809.0,74.46958282479726,73.84969121055468,656.7847268096476,849.0292918704049,59.79928233808828,28.891826476848813,2.045510888267944,1.1084557082560738,12.526197910041406,19.938536308967915,0.6124733534157526,3000.0,-4.5,0.45,misfire,0.483,540.0
endurance,300,misfire,1810.0,74.07614709657439,74.20112473549538,631.4283649280081,655.4944193215409,58.38431273676177,28.764262251885725,1.586159838201714,1.0316443927198065,12.407036596746195,19.79658438384344,0.6238993701662316,3000.0,-4.5,0.45,misfire,0.484,539.0
endurance,300,misfire,1811.0,73.61743888646349,74.2784029041224,563.7852628624064,527.2884582017267,57.315952697004505,29.36176532225003,1.2703559912811806,1.0332451456775602,12.373216572789339,19.900341086019036,0.6785307888128509,3000.0,-4.5,0.45,misfire,0.485,538.0
endurance,300,misfire,1812.0,73.34566042645172,73.16787816218009,604.7354412233547,841.5597191842537,60.33493221393077,29.31377939393729,3.3584185213608344,0.1868643370086661,12.531105315912788,19.845471240615844,0.7388097790983228,3000.0,-4.5,0.45,misfire,0.486,537.0
endurance,300,misfire,1813.0,73.2013584688131,73.90943272587697,604.3063406899952,1045.521037542456,62.09845992783545,28.339503841343145,4.211715014786722,0.2087147821211174,12.50866526418257,20.16662676485,0.7515314345301258,3000.0,-4.5,0.45,misfire,0.487,536.0
endurance,300,misfire,1814.0,73.14368361289841,73.10958971576498,605.4609215950248,1200.7938124887417,62.98677506769118,27.955805403750123,4.79835635401702,0.16523519134019862,12.695975610325334,20.388591624959105,0.7600238179815086,3000.0,-4.5,0.45,misfire,0.488,535.0
endurance,300,misfire,1815.0,73.14457601465794,73.1530705398453,605.1194212293294,1302.67486721429,64.12883235620292,28.716088365080722,5.20167227473785,0.2400273891427572,12.726209470495677,19.94316248227803,0.7656146187239232,3000.0,-4.5,0.45,misfire,0.489,534.0
endurance,300,misfire,1816.0,73.18476807594466,72.91067474109677,610.7442287098472,1360.7074724759386,64.6414503237518,28.7059254391685,5.478951970233419,0.22612778661549393,12.793021661445069,20.18653236876126,0.7692164792796463,3000.0,-4.5,0.45,misfire,0.489,533.0
endurance,300,misfire,1817.0,73.25103630708306,73.34061570754609,605.1477566580528,1402.624138133986,65.65545035417458,29.256097586086394,5.669581760886624,0.12579823904155923,12.76568177329507,19.92190294332917,0.7696628142561326,3000.0,-4.5,0.45,misfire,0.49,532.0
endurance,300,misfire,1818.0,73.33431199573249,74.46535752260817,600.92696351009,1445.6477689191993,66.13512241056671,28.72796591146548,5.800639741960703,0.13795575595615822,12.909465472799926,19.944751810432855,0.7691540206174067,3000.0,-4.5,0.45,misfire,0.491,531.0
endurance,300,misfire,1819.0,73.42838230476025,73.47359197453315,604.595143346349,1473.6701849944998,66.22835146570188,28.607620059327633,5.8907421039491314,0.2434217850778366,12.84544958783394,19.966586269411202,0.7685792745468243,3000.0,-4.5,0.45,misfire,0.492,530.0
endurance,300,misfire,1820.0,73.52899728974853,73.81390316029696,611.6357149461008,1481.7515997358355,65.84642275643311,28.17204641455358,5.952687477816177,0.13327896542516754,12.928662074351024,19.636779132678182,0.7679645421422923,3000.0,-4.5,0.45,misfire,0.493,529.0
endurance,300,misfire,1821.0,73.63325598594703,73.65353216421856,603.5083514287645,1506.8230621983107,65.82782427463577,28.460835558082916,5.99527492234977,0.17031496997353263,12.916696257201709,19.621986130662158,0.7673275475731935,3000.0,-4.5,0.45,misfire,0.494,528.0
endurance,300,misfire,1822.0,73.73918435517353,74.64128337380575,613.3626714820624,1501.1914898919672,65.8433195063226,28.696994772436344,6.024553790466616,0.20739828947855887,12.924491082007174,20.256329229235327,0.7666803517193118,3000.0,-4.5,0.45,misfire,0.495,527.0
endurance,300,misfire,1823.0,73.84544513614036,73.4026040216062,607.1145493975209,1512.8851704542767,66.70870016426302,28.121453616329287,6.044683012296947,0.21726360205070627,12.910753936205486,19.90345618702047,0.7660311249127998,3000.0,-4.5,0.45,misfire,0.496,526.0
endurance,300,misfire,1824.0,73.95113837810426,73.72781420043866,605.8666685095806,1505.3186533492176,66.79635352864953,28.30192687105192,6.0585218523053,0.2398724907634427,12.902550052774625,19.840445351881815,0.7653853656277108,3000.0,-4.5,0.45,misfire,0.497,525.0
endurance,300,misfire,1825.0,74.05566431902632,73.35763122914766,602.662235909625,1516.1044366128142,66.12077324151478,28.605659473182914,6.068036054811041,0.2900307512778624,12.888156578948518,19.74148397045083,0.7647467382601623,3000.0,-4.5,0.45,misfire,0.498,524.0
endurance,300,misfire,1826.0,74.15862912531372,74.67324365952142,610.712731949191,1521.998612772748,65.63679060880077,29.35117290444585,6.07457706903374,0.19934584439320047,13.012291237605599,20.1518271708401,0.7641176490349477,3000.0,-4.5,0.45,misfire,0.499,523.0
endurance,300,misfire,1827.0,74.25978009863734,73.83976252988452,611.1806124059966,1512.9221282183544,65.89012405214895,29.719110858324257,6.079074016311845,0.21516094869378435,12.852558307355284,20.461909167633447,0.7634996418756839,3000.0,-4.5,0.45,misfire,0.5,522.0
endurance,300,misfire,1828.0,74.35896114110784,74.00971873750599,601.2854105751608,1518.7576126085264,66.88116172533104,28.456561697143616,6.082165667565543,0.204311634366705,12.931000111102989,20.175626148871203,0.7628936705014497,3000.0,-4.5,0.45,misfire,0.501,521.0
endurance,300,misfire,1829.0,74.45608214782372,74.04299415927217,613.0292061699151,1520.1621432459372,66.42502050193015,29.13217640578363,6.084291177802459,0.2005425037278193,12.943519608513038,19.78500344802375,0.7623002854306673,3000.0,-4.5,0.45,misfire,0.502,520.0
endurance,300,misfire,1830.0,74.5510979742436,74.48688320676251,608.683898316306,1513.2176054409633,66.26903309438067,29.01241172981921,6.085752466090339,0.13909872018551808,12.961112471539105,20.02012970519231,0.7617197624851985,3000.0,-4.5,0.45,misfire,0.503,519.0
endurance,300,misfire,1831.0,74.6439939860123,74.40353159011022,605.2476151214915,1528.129217164458,66.73526701811495,28.782563907245585,6.0867571017882565,0.08598148785009117,12.933885758274439,20.50505760095655,0.7611521910772946,3000.0,-4.5,0.45,misfire,0.504,518.0
endurance,300,misfire,1832.0,74.73477613399153,74.41343429796791,601.9766917221319,1515.009755241214,66.27761939075904,28.728514522824337,6.087447788830574,0.17198184530837385,12.987263012589827,19.66830945939581,0.7605975348486785,3000.0,-4.5,0.45,misfire,0.505,517.0
endurance,300,misfire,1833.0,74.82346414014197,74.49136500050804,606.3414564869,1512.2199908905545,65.7304020969855,28.699550433283836,6.087922636172169,0.2626633541080635,12.910052516057455,19.88069885642377,0.760055673303101,3000.0,-4.5,0.45,misfire,0.506,516.0
endurance,300,misfire,1834.0,74.91008682189427,74.67871916523819,610.9817188959305,1517.9084825004495,66.52534266260106,29.261234856939797,6.088249093719515,0.23643545379560896,12.868115697699949,19.916128556353105,0.7595264303732648,3000.0,-4.5,0.45,misfire,0.507,515.0
endurance,300,misfire,1835.0,74.99467888651516,74.88796185344847,611.8102220760275,1523.7841807359898,66.91275053615257,29.13095685304846,6.088473533283315,0.24218478044014954,12.92929137903807,19.83507990740439,0.7590095940064474,3000.0,-4.5,0.45,misfire,0.508,514.0
endurance,300,misfire,1836.0,75.07727873588401,75.63717776593941,609.7813006361002,1512.448724116371,67.07588887605314,28.74480414436512,6.088627835483427,0.20532583846408292,13.009993171549631,19.91363782897629,0.758504929576766,3000.0,-4.5,0.45,misfire,0.509,513.0
endurance,300,misfire,1837.0,75.15792696572083,74.8390868124307,606.4089333040849,1527.003892817198,66.38198060295146,28.971777983530785,6.088733918246005,0.16019846144720698,12.966857018118949,19.63529475550671,0.7580121890545204,3000.0,-4.5,0.45,misfire,0.51,512.0
endurance,300,misfire,1838.0,75.23666534204854,74.9811310684296,613.5527234344167,1523.5805311561396,66.39357483130979,29.500065708704966,6.088806850145278,0.2602052242940698,12.889682366259876,19.904784899423486,0.7575311172597523,3000.0,-4.5,0.45,misfire,0.511,511.0
endurance,300,misfire,1839.0,75.31353610555742,74.51913661985803,608.1591614991752,1515.9355338817284,65.12786279107104,28.742138412503532,6.088856990826026,0.17210670208932816,12.942372840108593,20.006814382935627,0.7570614561124038,3000.0,-4.5,0.45,misfire,0.511,510.0
endurance,300,misfire,1840.0,75.16125837569369,75.372133992443,621.6457272336816,1116.0516552983354,63.569745607509525,29.613569919246892,2.691524611233239,0.9486007113560766,12.705837593457419,20.055087597561432,0.6496388452427261,3000.0,-4.5,0.45,misfire,0.512,509.0
endurance,300,misfire,1841.0,75.08364814357674,75.70137566501995,609.7776659982147,1236.4308461265903,63.50089682425438,28.804898514530734,4.986840898389235,0.1424344861615972,12.801115795974619,19.767836131484252,0.7507864570980065,3000.0,-4.5,0.45,misfire,0.513,508.0
endurance,300,misfire,1842.0,75.05672703741868,74.92885743104853,607.7789044739931,1326.1066847801128,65.05980949193358,29.3251029249788,5.331255398993748,0.20779643951286356,12.862725032366736,19.677275617471544,0.75572989848048,3000.0,-4.5,0.45,misfire,0.514,507.0
endurance,300,misfire,1843.0,75.06402527849018,74.13195399544571,608.5175369111101,1386.039089640723,64.76802604103503,29.860276469045246,5.56804036815935,0.3033934331612907,12.831906359802401,20.019046912501047,0.7585859048880779,3000.0,-4.5,0.45,misfire,0.515,506.0
endurance,300,misfire,1844.0,75.09423488026876,75.02412224517423,607.9310872001647,1420.2149601914869,66.10569619457804,29.544328447852056,5.730830034460702,0.16179275280542071,12.865505689829138,19.63978622412262,0.7584013317736114,3000.0,-4.5,0.45,misfire,0.516,505.0
endurance,300,misfire,1845.0,75.13959623155628,74.70765728001624,609.015208053336,1460.9025589030591,65.83577585911702,28.848822096768515,5.842747930042882,0.2164817687031571,12.881227970284677,19.850075001702866,0.7581241852575822,3000.0,-4.5,0.45,misfire,0.517,504.0
endurance,300,misfire,1846.0,75.19478888086775,74.772903413741,613.894186404063,1475.6331923372093,66.0960074809326,29.25161494557931,5.91969148325563,0.13529527865631613,12.929665021320002,19.747862382538553,0.7577869719684516,3000.0,-4.5,0.45,misfire,0.518,503.0
endurance,300,misfire,1847.0,75.25616895899208,74.97303747186432,609.0245272671782,1478.6984729774638,65.88266366216834,29.823354843604545,5.972590176089395,0.17758535788863977,12.896300304724043,19.910862889275375,0.7574119550361316,3000.0,-4.5,0.45,misfire,0.519,502.0
endurance,300,misfire,1848.0,75.32124491509852,74.86309731364814,612.9838254256804,1491.940819846723,65.97082616138208,29.580033130610108,6.008958027412606,0.20732821839144436,12.889849214745094,20.002427175819847,0.7570143572133101,3000.0,-4.5,0.45,misfire,0.52,501.0
endurance,300,misfire,1849.0,75.388317093213,75.73621610517347,610.3394794090527,1508.0140769910897,66.67800912300609,29.16888159072922,6.0339609251973165,0.2359145625912505,12.91243183816135,20.013724063031574,0.7566045629730751,3000.0,-4.5,0.45,misfire,0.521,500.0
endurance,300,misfire,1850.0,75.4562299487606,75.63373240620946,608.092490743064,1507.1882342887159,65.82859456468755,29.656907797995846,6.051150417424304,0.2603775534833013,12.887380019372836,20.076309178057944,0.7561896324038933,3000.0,-4.5,0.45,misfire,0.522,499.0
endurance,300,misfire,1851.0,75.2968785794526,75.99063812870028,666.8349233004141,1116.5746724538683,62.98091281955814,30.346449117026584,2.6759706497050266,0.9696363882547897,12.751279584039816,19.892791439518362,0.6113206412262533,3000.0,-4.5,0.45,misfire,0.523,498.0
endurance,300,misfire,1852.0,75.21351193006159,76.5022261058125,603.954459585876,1236.3778136610365,63.19687473227647,29.58120461892986,4.969018650804826,0.20855970351039707,12.7575488104322,19.43684362568293,0.749745727330438,3000.0,-4.5,0.45,misfire,0.524,497.0
endurance,300,misfire,1853.0,75.18176126568474,73.97137976984766,607.9145291449258,1333.1122079391012,63.940893781283165,29.232811600918772,5.319002603779467,0.12450282722435477,12.853654363088989,19.966105958003517,0.7547959556368927,3000.0,-4.5,0.45,misfire,0.525,496.0
endurance,300,misfire,1854.0,75.18488792655087,75.03886625804307,609.8578191874199,1392.94363830448,65.30927097495943,29.23899602571982,5.559616571449532,0.2004760071380617,12.899089619938305,19.930665251508195,0.7578474643240891,3000.0,-4.5,0.45,misfire,0.526,495.0
endurance,300,misfire,1855.0,75.21139857607808,75.09317615379797,604.1805792388606,1425.1504935568332,65.20989666586972,28.82311627966416,5.725038674222701,0.190977558037338,12.861326646040755,19.78861754614565,0.7576854908831402,3000.0,-4.5,0.45,misfire,0.527,494.0
endurance,300,misfire,1856.0,75.25340569232927,74.21597530605142,610.5090645697957,1457.4981001685803,65.70670083849986,29.564464563469432,5.838766369879256,0.23788139060675045,12.974590528409127,20.199645027195515,0.7574288379046246,3000.0,-4.5,0.45,misfire,0.528,493.0
endurance,300,misfire,1857.0,75.30550041410316,75.69375972949815,609.1989533719748,1473.0430185377013,66.55537635763244,29.411661534995837,5.916954160643137,0.17297967798597927,12.975242844231301,19.875353174498922,0.7571105521782665,3000.0,-4.5,0.45,misfire,0.529,492.0
endurance,300,misfire,1858.0,75.36397763064174,75.44306290075644,609.0127534591002,1490.4666415890279,66.20536665267072,28.727373333334466,5.970708266793306,0.24318127210962673,12.873050766265035,20.31603605566825,0.75675327100452,3000.0,-4.5,0.45,misfire,0.53,491.0
endurance,300,misfire,1859.0,75.42630323863297,75.70558559111363,611.147641993432,1491.0800103326064,66.14768943286278,28.612120836111906,6.007664214771546,0.22777070404180225,12.98984355717769,20.06689601966266,0.7563724771210956,3000.0,-4.5,0.45,misfire,0.531,490.0
endurance,300,misfire,1860.0,75.49074788904264,75.71796832378631,608.5062922678452,1497.4179057205401,66.1604433651651,28.794284001616763,6.033071429006587,0.16377892742460934,12.863218886701686,20.32787118220167,0.755978736418255,3000.0,-4.5,0.45,misfire,0.532,489.0
endurance,300,misfire,1861.0,75.55613519552175,75.31775182357639,607.6428568596972,1510.6207089067107,66.55020071220984,29.15136229854694,6.050538888793177,0.17698142988546875,12.885737753678299,19.65063481237253,0.7555792363224944,3000.0,-4.5,0.45,misfire,0.533,488.0
endurance,300,misfire,1862.0,75.39434550945231,74.81804718987522,492.578325180119,1117.2481104114017,63.34842546200528,29.561471252553176,2.675718394144688,0.9461380188679887,12.620637514743716,20.013658024688407,0.7600522146722093,3000.0,-4.5,0.45,misfire,0.534,487.0
endurance,300,misfire,1863.0,75.08129410432177,75.2266208427209,531.8443422160465,834.802660829201,59.676153189856734,29.282845909595256,2.0194274984919756,1.005428681277926,12.543164905339648,19.847506081838507,0.7133541069726179,3000.0,-4.5,0.45,misfire,0.534,486.0
endurance,300,misfire,1864.0,74.89637865466244,74.78713589436954,607.3210603948743,1046.9521680149935,61.425705601736425,29.126627725104907,4.216729623373205,0.24678039875884616,12.582369072049666,19.980275924549943,0.7412448656861619,3000.0,-4.5,0.45,misfire,0.535,485.0
endurance,300,misfire,1865.0,74.7988350698332,74.31391614110329,607.4874596180975,1198.2298306357447,62.65305952197542,29.873328957889242,4.8018038974202275,0.1691255371414055,12.70917701843048,19.972637143887074,0.7499590931238651,3000.0,-4.5,0.45,misfire,0.536,484.0
endurance,300,misfire,1866.0,74.76065521857913,73.95772407146683,603.8680832445907,1295.2890679988159,64.09499458961959,29.303607517523286,5.204042460827555,0.12747846491041226,12.707294318676942,19.953014899410242,0.7557736665777657,3000.0,-4.5,0.45,misfire,0.537,483.0
endurance,300,misfire,1867.0,74.76260028265047,75.06412679978753,608.8710998601833,1372.0687491674196,65.15816354991323,29.159717125867854,5.480581473170093,0.228196769405067,12.855151090112471,19.831700863813598,0.7595989292966006,3000.0,-4.5,0.45,misfire,0.538,482.0
endurance,300,misfire,1868.0,74.79145994715543,75.17594192554476,608.6671049534234,1420.3024964911792,65.41951238086472,27.41792920586242,5.670702044155587,0.16222624205757213,12.835785335879757,19.969575145313968,0.7602512109212004,3000.0,-4.5,0.45,misfire,0.539,481.0
endurance,300,misfire,1869.0,74.83816810343575,75.66042221163072,605.3016422162452,1436.2399307974847,65.01556332145422,30.205085815249056,5.801409936708116,0.2123736533688924,12.794968983203528,19.823230686833146,0.7599658357633667,3000.0,-4.5,0.45,misfire,0.54,480.0
endurance,300,misfire,1870.0,74.66918427855794,74.86446031583928,503.8888214375288,1067.1142683894461,61.05856296275494,29.962315937029473,2.5729527014095996,0.9610328834465015,12.780740538573056,19.92914509884526,0.7515486332169177,3000.0,-4.5,0.45,misfire,0.541,479.0
endurance,300,misfire,1871.0,74.5840233345873,74.6516301607671,610.2044262468895,1213.717602208368,63.20587314201339,28.188774681430516,4.850977251716316,0.23203051777422729,12.72884062227615,19.863797548934503,0.7519538492478957,3000.0,-4.5,0.45,misfire,0.542,478.0
endurance,300,misfire,1872.0,74.55575215848718,74.73412240491707,606.744329406344,1313.2248129506265,64.50286887403972,29.38260775955266,5.237849141906116,0.16581822344685931,12.782871820468799,19.759085639845555,0.7574946612598334,3000.0,-4.5,0.45,misfire,0.543,477.0
endurance,300,misfire,1873.0,74.5658718174914,73.69624597641392,609.1755337283741,1375.9391707492277,64.54318835017946,28.83292598010355,5.5038235664116035,0.16662345535328676,12.893238413877858,19.899235078906113,0.7611233891814423,3000.0,-4.5,0.45,misfire,0.544,476.0
endurance,300,misfire,1874.0,74.60168145914,74.21984384122142,609.6482257804397,1424.768182847847,65.11185736801097,29.50872030970326,5.6866809832591265,0.27701749187153624,12.826743062607347,20.00041330231597,0.7614107100383527,3000.0,-4.5,0.45,misfire,0.545,475.0
endurance,300,misfire,1875.0,74.6544660025213,74.1585886258377,605.5100204794537,1444.787129863068,64.64913902103227,28.38834955592859,5.8123954573417995,0.24965002934294267,12.88413130946423,20.257867575668293,0.7610882096744288,3000.0,-4.5,0.45,misfire,0.546,474.0
endurance,300,misfire,1876.0,74.7182501857308,74.6138497451966,604.4155841324985,1472.2783205664114,66.7394008204994,29.33295224742264,5.898824158273635,0.20589081827537364,12.879432432644885,20.037459667528115,0.7606985042610646,3000.0,-4.5,0.45,misfire,0.547,473.0
endurance,300,misfire,1877.0,74.78894198299753,75.01532030349148,607.9644593561278,1479.030722366698,65.85581321198718,27.83274329101889,5.958243890164273,0.19816121744655718,12.903337552125786,19.64503729396911,0.7602665950527141,3000.0,-4.5,0.45,misfire,0.548,472.0
endurance,300,misfire,1878.0,74.63642058771356,74.4194854064138,625.3635145585843,1096.4267317565657,62.42623200570555,29.320308354447786,2.637646707210265,1.042917193558374,12.683482601903485,19.97251602367329,0.6530136466979849,3000.0,-4.5,0.45,misfire,0.549,471.0
endurance,300,misfire,1879.0,74.56255186725637,74.36903848688816,605.1848884201007,1228.1549631035523,63.99247734001401,28.49859325372872,4.925105800029577,0.2362118950437781,12.780990232438576,19.706300559492135,0.7531136131274792,3000.0,-4.5,0.45,misfire,0.55,470.0
endurance,300,misfire,1880.0,74.5420190098188,74.90448132619944,614.7605473140029,1320.4878200799676,65.23967557258474,29.401012360559093,5.288812518871483,0.26257546980293234,12.702761711658896,20.206169249868942,0.7582857151400751,3000.0,-4.5,0.45,misfire,0.551,469.0
endurance,300,misfire,1881.0,74.55743427516252,73.70254125026432,607.1897358003255,1378.2398651750846,64.16685932878156,28.817783640344906,5.538860888075293,0.19008708071737504,12.83235501527152,20.004881442551145,0.7616611045511121,3000.0,-4.5,0.45,misfire,0.552,468.0
endurance,300,misfire,1882.0,74.59686074147,75.06707993991986,602.5975369197772,1418.1670720245388,64.943955169164,28.67104861621702,5.7107691419029125,0.21747652296818154,12.862763294127442,20.179563014344733,0.761440163418137,3000.0,-4.5,0.45,misfire,0.553,467.0
endurance,300,misfire,1883.0,74.65210851626425,75.6679465528264,604.7173989776413,1461.394094282297,65.77535020250954,29.309715335552355,5.828956066409401,0.1792392314868243,12.8528905602606,20.081245381779965,0.7611026133260879,3000.0,-4.5,0.45,misfire,0.554,466.0
endurance,300,misfire,1884.0,74.71756339113821,74.37681930733909,605.1227946304567,1469.4082383462928,66.31917316346578,29.029250832840404,5.9102095770076115,0.24545025663006514,12.893445911140551,19.944603892376445,0.7607027004043265,3000.0,-4.5,0.45,misfire,0.555,465.0
endurance,300,misfire,1885.0,74.78938155137166,74.8233856407792,608.6321805273465,1481.831287704925,65.9854707084716,28.831627846266308,5.9660713655438835,0.16844033136209974,12.936895690479117,20.125560650493604,0.7602639093998402,3000.0,-4.5,0.45,misfire,0.556,464.0
endurance,300,misfire,1886.0,74.86493594805745,74.66423790148885,605.2826558097036,1494.3603505143626,65.93604011138225,28.74859654950848,6.004476345162568,0.2101254186062725,12.890203304301114,19.76130776063081,0.7598022909246893,3000.0,-4.5,0.45,misfire,0.557,463.0
endurance,300,misfire,1887.0,74.94243568798218,74.34385755486738,609.398096070581,1506.7174645601772,66.24935959777987,28.770192351545383,6.030879768650414,0.1298644543832212,12.877910681489825,19.742167385286443,0.7593287868886842,3000.0,-4.5,0.45,misfire,0.557,462.0
endurance,300,misfire,1888.0,75.0206643729979,75.45839492581949,609.4215008480733,1513.8049191234431,66.47989746163826,29.153779434231826,6.049032122298308,0.1914858852597095,12.915944433989894,20.109153496859115,0.7588508291804095,3000.0,-4.5,0.45,misfire,0.558,461.0
endurance,300,misfire,1889.0,75.09880021695848,75.04560445720301,604.8415847600069,1512.9170861130965,65.3020984566738,28.834214022072167,6.061511865431235,0.17961625201897802,12.955094589446091,19.967153558695355,0.7583734387077712,3000.0,-4.5,0.45,misfire,0.559,460.0
endurance,300,misfire,1890.0,75.1762923845267,74.69906255997117,610.2657084336626,1504.8995995242515,66.55141727491367,28.93436174983619,6.070091688835124,0.19490837452115667,12.94590657443065,19.598124337849562,0.7578999809369713,3000.0,-4.5,0.45,misfire,0.56,459.0
endurance,300,misfire,1891.0,75.25277598231696,74.64925989947984,606.4043409578712,1523.0484765192166,65.22933431073531,29.16021980609694,6.075990317425297,0.13206206843577128,12.880230668447615,20.06468676685503,0.7574326852753722,3000.0,-4.5,0.45,misfire,0.561,458.0
endurance,300,misfire,1892.0,75.32801362332327,75.62461453718774,608.1344184178349,1515.7975023685021,66.43434328235853,29.951573307966147,6.08004562458104,0.23130401637516956,12.935284470813643,20.211800144156605,0.7569730020982339,3000.0,-4.5,0.45,misfire,0.562,457.0
endurance,300,misfire,1893.0,75.40185526029,74.8779036586426,614.118720063414,1514.233169322331,65.96001345736848,29.17549697702377,6.082833648250612,0.27815041312901373,12.94641591928735,20.133830075759853,0.7565218481567765,3000.0,-4.5,0.45,misfire,0.563,456.0
endurance,300,misfire,1894.0,75.47421057879441,75.25735883635517,610.9073405878052,1510.808031118103,66.46079055155973,29.213964643574524,6.0847504145234454,0.30125751005769924,13.030451131548372,20.185238088316016,0.7560797752495441,3000.0,-4.5,0.45,misfire,0.564,455.0
endurance,300,misfire,1895.0,75.31770689943188,75.96518614423559,548.241835057967,1125.7387094555436,62.69849049943961,29.072584559196244,2.689830648508424,0.9999364990529719,12.596697627856626,20.337583876126764,0.7115178832192506,3000.0,-4.5,0.45,misfire,0.565,454.0
endurance,300,misfire,1896.0,75.23609645028718,75.28547404056901,606.1922271293521,1245.4912242082855,64.15257228860057,29.460154107455136,4.984899899433718,0.19970737490139154,12.702330916180449,19.632017407538395,0.7498281035179595,3000.0,-4.5,0.45,misfire,0.566,453.0
endurance,300,misfire,1897.0,75.2053563866692,75.25599810192509,602.1136353604273,1343.019552095788,64.6297339629613,28.851163805381987,5.32992096221183,0.14979244228268176,12.79408236509701,20.117473460302847,0.7548032941939372,3000.0,-4.5,0.45,misfire,0.567,452.0
endurance,300,misfire,1898.0,75.2089857340492,75.09877254476633,611.8253808924376,1388.5414040436137,65.1026141771982,28.499296851039034,5.567122942871781,0.13903215042068373,12.876048615197488,19.7182058057988,0.7577002327447263,3000.0,-4.5,0.45,misfire,0.568,451.0
endurance,300,misfire,1899.0,75.23565445289228,75.46680657844288,609.4660627609613,1425.7830651153213,64.54654368319169,29.14965106608767,5.730199304575498,0.23398381745717264,12.848640253533587,19.71317818195005,0.7575372935397747,3000.0,-4.5,0.45,misfire,0.569,450.0
endurance,300,misfire,1900.0,75.27758717908006,75.85529108088298,606.949000235653,1459.2022303651056,65.4784815817034,29.0631207101825,5.842314303246803,0.2228235777727131,12.903815042623398,19.97887698772097,0.757281095065949,3000.0,-4.5,0.45,misfire,0.57,449.0
endurance,300,misfire,1901.0,75.32945205360343,75.7146690424644,605.9950686975934,1473.0065607115876,65.50899320868652,28.37504147445946,5.919393364833327,0.20402575195688297,12.899632455891505,20.27540684936927,0.7569642136488297,3000.0,-4.5,0.45,misfire,0.571,448.0
endurance,300,misfire,1902.0,75.38759680093445,75.3600249074318,608.104077476384,1488.1523940611564,65.80719714680187,29.606668915015067,5.97238521967406,0.19183041582539362,12.90164994258491,20.19597564602606,0.7566089637788241,3000.0,-4.5,0.45,misfire,0.572,447.0
endurance,300,misfire,1903.0,75.44952354067556,75.43643187174344,604.047641944136,1496.9056284655521,65.82996658157006,28.30289604979992,6.008817119877064,0.18982355900302741,12.90208293053929,20.253456941593143,0.7562306068806908,3000.0,-4.5,0.45,misfire,0.573,446.0
endurance,300,misfire,1904.0,75.51352772815217,76.08086207700681,610.8751384475596,1508.2071434813977,66.5980276079519,29.75087201510145,6.033864051266632,0.16511257245582261,13.005574906420625,19.881181061031818,0.7558395572962555,3000.0,-4.5,0.45,misfire,0.574,445.0
endurance,300,misfire,1905.0,75.57844993347301,75.18185728198839,610.5984604696667,1517.6175749942497,66.25184353846267,29.501360485750226,6.051083816596958,0.20149415430894527,12.955189157551173,19.97467676305572,0.7554428988522965,3000.0,-4.5,0.45,misfire,0.575,444.0
endurance,300,misfire,1906.0,75.64350519686103,76.05900624650276,608.3138791000663,1506.582227417363,66.42343690745905,29.415532137375973,6.062922405261558,0.14026827474801024,12.968804434823113,20.0974409828027,0.7550454274568116,3000.0,-4.5,0.45,misfire,0.576,443.0
endurance,300,misfire,1907.0,75.7081657174981,75.26739601344883,609.0157332890594,1503.6426822995347,66.41208656086977,29.970660854325505,6.0710614349684695,0.34833436503986925,12.833044691628052,20.003810398121292,0.7546503678408494,3000.0,-4.5,0.45,misfire,0.577,442.0
endurance,300,misfire,1908.0,75.54475708347532,75.63583052827855,610.0114344375512,1113.4966734746565,62.626540316720885,28.97656234263348,2.6841839444419957,1.0277698075082287,12.762638451041692,20.352169397360953,0.6595656410410345,3000.0,-4.5,0.45,misfire,0.578,441.0
endurance,300,misfire,1909.0,75.4568231440449,75.6114003686374,612.557490388407,1238.8575027509974,63.055866274140286,28.579826488987337,4.978429717690935,0.26568845731436874,12.777055741675088,19.922540295720452,0.748389740903596,3000.0,-4.5,0.45,misfire,0.579,440.0
endurance,300,misfire,1910.0,75.4201968786596,75.35774954970287,608.3786733913811,1322.3234345377527,64.49344063944173,29.276907988172276,5.325472712263667,0.170053644936216,12.775568136360612,20.03652923517522,0.7534289503311895,3000.0,-4.5,0.45,misfire,0.58,439.0
endurance,300,misfire,1911.0,75.41827729827618,75.61230447805669,608.142777850046,1391.7268489337225,64.47424258527964,29.650998398730053,5.564064771032419,0.23571981803165262,12.799318972606413,19.799670405570605,0.7564215136101904,3000.0,-4.5,0.45,misfire,0.58,438.0
endurance,300,misfire,1912.0,75.43966473104422,74.60971382820586,607.7646459904153,1432.461281005133,65.35586007453868,28.96177039798115,5.728096811435936,0.13989642447121314,12.877044928521999,19.73129071474622,0.7562908417428358,3000.0,-4.5,0.45,misfire,0.581,437.0
endurance,300,misfire,1913.0,75.47653508906144,74.99724498369716,607.9910727066497,1450.3252574148046,64.53823276791809,29.046828840417362,5.840868839213355,0.17612243199888813,12.816916692152061,20.031699612592828,0.7560655730729402,3000.0,-4.5,0.45,misfire,0.582,436.0
endurance,300,misfire,1914.0,75.52352218442584,75.30301575534517,610.8431317142681,1476.2705943626036,65.99443177129118,29.064584695465346,5.918399608310331,0.16891118948870187,12.818836231916379,20.269033548920405,0.7557784936670375,3000.0,-4.5,0.45,misfire,0.583,435.0
endurance,300,misfire,1915.0,75.57694932899673,74.90932104835014,611.1479154024809,1487.4082530122973,66.65033352450847,29.214633410091498,5.9717020120645,0.18411330608613755,12.950411360207406,20.080199611115624,0.7554520671704954,3000.0,-4.5,0.45,misfire,0.584,434.0
endurance,300,misfire,1916.0,75.63430106652784,76.07931783309353,616.9623938617602,1500.3643722414968,65.74522392244396,29.277192598006714,6.008347414645492,0.24879568253928436,12.913565214474561,20.168411258031682,0.7551016623921147,3000.0,-4.5,0.45,misfire,0.585,433.0
endurance,300,misfire,1917.0,75.69385999563247,76.05108695490169,607.2308496472455,1502.6664594908577,65.68916668716206,29.84205940436852,6.033541128919925,0.31210332959838455,12.941272348772722,20.12512478911656,0.7547377722250178,3000.0,-4.5,0.45,misfire,0.586,432.0
endurance,300,misfire,1918.0,75.75445709252598,76.1860860155477,611.3931045961123,1499.6817237639411,66.12375009866514,29.883669260532336,6.050861807483597,0.15020398068546345,12.99026037720052,20.106413395098233,0.7543675391122727,3000.0,-4.5,0.45,misfire,0.587,431.0
endurance,300,misfire,1919.0,75.81530006469973,75.69077817040001,612.3893283987292,1512.4838355151987,67.10358517041657,28.81183955797254,6.062769773996122,0.18849836882025525,12.871530386630734,19.709782248038128,0.7539958037630341,3000.0,-4.5,0.45,misfire,0.588,430.0
endurance,300,misfire,1920.0,75.87585535069866,75.93748052477886,611.4758784409365,1516.3003221817262,65.69013333872688,29.439894686366586,6.070956500973482,0.2517015579051202,12.961727121824852,20.099056577301386,0.7536258261044022,3000.0,-4.5,0.45,misfire,0.589,429.0
endurance,300,misfire,1921.0,75.93576700143741,75.40254325098604,612.477741165106,1516.8670107416235,66.20508126758682,28.71791155528913,6.0765848757704175,0.19278215881143698,12.939461295222294,19.817450958026757,0.7532597808963011,3000.0,-4.5,0.45,misfire,0.59,428.0
endurance,300,misfire,1922.0,75.99480091742016,75.43143617150774,607.428759768943,1516.5330025929625,65.86143109328805,28.974880215582946,6.0804543834433105,0.199248967627779,12.849978582581615,19.748209188758796,0.7528990984281254,3000.0,-4.5,0.45,misfire,0.591,427.0
endurance,300,misfire,1923.0,75.82548339247668,76.28014032753262,537.1248964647955,1115.9093348887595,62.50879020791633,28.598467610609656,2.6880585356878677,0.9742344705828998,12.671314123004482,19.946295666704994,0.7200475834382487,3000.0,-4.5,0.45,misfire,0.592,426.0
endurance,300,misfire,1924.0,75.73149507603698,75.34912095147848,609.2943119721524,1233.0066626837365,63.229273768459485,29.333198338839733,4.982869353493498,0.1636508773597814,12.780786101538967,19.961806236613906,0.7467731667074202,3000.0,-4.5,0.45,misfire,0.593,425.0
endurance,300,misfire,1925.0,75.46143871535598,75.25238793057521,595.3945325433392,928.9126991323744,60.88289720270663,28.532403523934924,2.2353047108335704,0.9343600322520665,12.514098766089926,19.774850455144733,0.661744690576312,3000.0,-4.5,0.45,misfire,0.594,424.0
endurance,300,misfire,1926.0,75.3025501138984,74.25656283740331,607.6920240131835,1114.456078306993,62.352377186690326,29.565152823891943,4.4640889291812815,0.2144645622912073,12.68904566959171,19.870993601807076,0.74219552005548,3000.0,-4.5,0.45,misfire,0.595,423.0
endurance,300,misfire,1927.0,75.21945184341858,74.69651120634563,606.5362136535691,1243.3660710792276,63.4565001378945,29.23205946552277,4.97186342016328,0.10943921419811238,12.69900800209136,20.103542258969544,0.7497489088455913,3000.0,-4.5,0.45,misfire,0.596,422.0
endurance,300,misfire,1928.0,75.1878371006521,74.98387558267247,609.0533794247591,1334.112324991403,64.49691213838491,28.165500613770337,5.320958382713403,0.21365907505781212,12.792840126201417,19.932292121874358,0.7547859714234915,3000.0,-4.5,0.45,misfire,0.597,421.0
endurance,300,misfire,1929.0,75.19100977561263,75.44182211006567,608.2479990161713,1383.1433011410763,64.32243446122119,30.16813583513262,5.560961169466615,0.21621980608264846,12.901230106565631,20.12697262216548,0.757810061356784,3000.0,-4.5,0.45,misfire,0.598,420.0
endurance,300,misfire,1930.0,74.99018263163344,74.63336065194906,590.575404745265,1025.821859591472,61.28299214125139,29.03609309098452,2.4737675849224807,1.030711521077574,12.534460104218475,19.963936610965746,0.6770975968719468,3000.0,-4.5,0.45,misfire,0.599,419.0
endurance,300,misfire,1931.0,74.8812622699841,74.75272444446125,609.3771695918181,1183.163740347742,63.30888460530734,29.42926796152788,4.737327639074824,0.18451225890666342,12.754249108850603,19.91820026404323,0.748560836335088,3000.0,-4.5,0.45,misfire,0.6,418.0
endurance,300,misfire,1932.0,74.83483381404756,75.51156508461935,606.9856855290873,1294.951227514132,62.827868017599336,28.797658561414057,5.159715033215091,0.25309062709963615,12.60314272404127,19.863459487498254,0.7547053839522772,3000.0,-4.5,0.45,misfire,0.601,417.0
endurance,300,misfire,1933.0,74.8306910601291,74.97698472805979,606.8502976060315,1360.439287292167,65.1639330812472,29.18740017820339,5.450106366686523,0.19137642964096557,12.904491032161175,20.22880412015392,0.7587600510770205,3000.0,-4.5,0.45,misfire,0.602,416.0
endurance,300,misfire,1934.0,74.85495837374003,74.83546648698693,605.2606368664643,1410.985504966959,65.03804559922938,29.209862048725135,5.649750408448133,0.17878640262758116,12.849572776248072,20.217248636139345,0.7598632514093752,3000.0,-4.5,0.45,misfire,0.602,415.0
endurance,300,misfire,1935.0,74.89811200266004,75.06868624344656,607.1255809126612,1443.4795935779064,65.08423242519751,29.042038504903932,5.78700568715924,0.2074086822774747,12.8656022567721,19.71507984078451,0.759599593525081,3000.0,-4.5,0.45,misfire,0.603,414.0
endurance,300,misfire,1936.0,74.72629661329469,74.41531545647317,582.3841974321807,1076.0877584273337,61.78186244611913,29.078250087081006,2.567010948470689,1.0286960231917546,12.678777576804078,19.707288670256965,0.682265675691622,3000.0,-4.5,0.45,misfire,0.604,413.0
endurance,300,misfire,1937.0,74.63881037578602,74.70783344474623,610.929371558424,1210.8178415073976,63.81765497013331,29.104934089713467,4.844168993140479,0.24053527800365654,12.660370365869962,20.282275321997506,0.7515246454045827,3000.0,-4.5,0.45,misfire,0.605,412.0
endurance,300,misfire,1938.0,74.60857098154358,74.38812273766283,607.5078422500677,1298.5629673005706,63.99375245537142,28.77857422228759,5.233168464135227,0.19782984604486653,12.810923996536282,19.894381379353646,0.7571070042117996,3000.0,-4.5,0.45,misfire,0.606,411.0
endurance,300,misfire,1939.0,74.38965358571888,74.2819884431,691.9748854318884,970.0459567612907,61.601631853880534,27.720231206773782,2.338553093973284,0.9220177241829838,12.555917407837375,19.932684762515617,0.5924988847149351,3000.0,-4.5,0.45,misfire,0.607,410.0
endurance,300,misfire,1940.0,74.27306051818745,74.3955757721096,601.8438233133508,1145.3457249990915,62.62450331458835,29.045549558138426,4.582394368195536,0.31819826499510345,12.601007559098946,20.198839993256918,0.7501270038557806,3000.0,-4.5,0.45,misfire,0.608,409.0
endurance,300,misfire,1941.0,74.22600798249817,74.81772057206406,606.5126472829264,1258.629605894601,64.0472811667056,28.5545471984784,5.053198409485579,0.2510689701426132,12.871525972135755,20.13016885990096,0.7569471747980975,3000.0,-4.5,0.45,misfire,0.609,408.0
endurance,300,misfire,1942.0,74.2259763434447,74.1266929123894,611.0472429752257,1333.5781206995978,64.96963550341647,27.961968278322214,5.376876187872485,0.30290761969723856,12.742635161179045,19.992553091985776,0.7614385936570721,3000.0,-4.5,0.45,misfire,0.61,407.0
endurance,300,misfire,1943.0,74.25750211894183,73.67181888032826,607.3373871690429,1399.175808238337,65.2322001504832,27.91845890243433,5.599404660513481,0.20386833455379821,12.852847363384297,20.085956533424735,0.7635135597621285,3000.0,-4.5,0.45,misfire,0.611,406.0
endurance,300,misfire,1944.0,74.30997248533903,74.27276472035375,607.6395352570652,1433.657890442504,65.47956664348541,28.510493259794004,5.752392985454167,0.13898678029752845,12.895541083319426,19.913393899215183,0.7631929789410331,3000.0,-4.5,0.45,misfire,0.612,405.0
endurance,300,misfire,1945.0,74.37610901046233,74.89991960921358,608.0729788410958,1462.915774046909,64.91647117251823,29.05426499099002,5.857572458850889,0.25405590115775917,12.874410255639834,20.216946796590197,0.7627889013066611,3000.0,-4.5,0.45,misfire,0.613,404.0
endurance,300,misfire,1946.0,74.45092523046637,75.09087688555199,610.3042556894209,1485.339146301715,65.94410155262587,29.72874379384866,5.929883346811135,0.2297182957661408,12.840820151533032,20.088677836528376,0.7623317929064914,3000.0,-4.5,0.45,misfire,0.614,403.0
endurance,300,misfire,1947.0,74.5310099940585,73.89260380618911,604.8788460839436,1495.6186473377904,66.05290387342707,27.64524898552285,5.979597082283804,0.1610029841071275,12.950581573561005,20.018901452007047,0.7618424950221344,3000.0,-4.5,0.45,misfire,0.615,402.0
endurance,300,misfire,1948.0,74.61403477154983,74.8324384342143,606.4165994786679,1508.0142377228622,66.2270512252103,28.891521647236363,6.0137752754212634,0.19505244629076632,12.88897562672703,20.015224918481646,0.7613352343878568,3000.0,-4.5,0.45,misfire,0.616,401.0
endurance,300,misfire,1949.0,74.6984149394892,74.41217435093903,611.2548596254461,1506.5024652118152,66.46538402641484,29.717231585748333,6.037272783203268,0.1893257670063364,12.909997225635678,20.007635438427002,0.7608196926567892,3000.0,-4.5,0.45,misfire,0.617,400.0
endurance,300,misfire,1950.0,74.7830769232803,74.57400637298089,614.2046781464544,1511.3602620354773,66.72730820541565,29.37073758487087,6.0534273198033945,0.20619527067531887,12.874954757007073,19.9870394698114,0.7603024291013215,3000.0,-4.5,0.45,misfire,0.618,399.0
endurance,300,misfire,1951.0,74.86729811693776,75.68890490635464,606.8965863989848,1512.357566967497,65.28844689269204,28.963335117309704,6.064533563715983,0.19882564569782446,12.891222538644653,19.784756258972713,0.7597878586633728,3000.0,-4.5,0.45,misfire,0.619,398.0
endurance,300,misfire,1952.0,74.95059683690687,75.14666855140133,615.3942006841946,1515.114044132689,66.34179570516993,28.70968629492513,6.0721691064058865,0.168454941359621,12.873812946410172,19.925408032338623,0.7592789243090416,3000.0,-4.5,0.45,misfire,0.62,397.0
endurance,300,misfire,1953.0,75.03265667408834,75.62688668937497,604.9049406130371,1517.6524469600038,67.22333579333903,29.25568326535805,6.077418542005196,0.27197375303023374,12.953236552012633,20.15379115273589,0.7587775592188221,3000.0,-4.5,0.45,misfire,0.621,396.0
endurance,300,misfire,1954.0,75.11327449441991,74.99263555201588,609.0473807277938,1522.9594093844653,66.57505693243809,29.347839263745204,6.08102752897972,0.11405623155968887,12.877598314052817,19.928991823815508,0.7582850044910512,3000.0,-4.5,0.45,misfire,0.622,395.0
endurance,300,misfire,1955.0,75.19232469763696,75.430347621584,607.0830805264138,1530.8431253033525,65.92699550229284,29.602238439927145,6.0835087075247065,0.20381489175078518,12.889794563068998,20.10364331154408,0.7578020275119459,3000.0,-4.5,0.45,misfire,0.623,394.0
endurance,300,misfire,1956.0,75.26973465333208,75.1719888461731,605.212899447322,1518.9299442300016,66.2100934568006,28.712941531617947,6.085214517774383,0.16922689981552155,12.900342188703004,20.141739054668573,0.7573290720351377,3000.0,-4.5,0.45,misfire,0.624,393.0
endurance,300,misfire,1957.0,75.34546782121342,75.44808785852699,609.3494901214648,1513.8766026266524,66.43643872353607,30.20262445150051,6.086387262321038,0.209972017533216,12.929979168057637,19.877545584904908,0.7568663613126747,3000.0,-4.5,0.45,misfire,0.625,392.0
endurance,300,misfire,1958.0,75.41951215405989,75.15097974316585,611.014410541158,1524.0792811864603,66.15609751981995,29.599718316913563,6.087193524196862,0.2625686935975436,12.941466520967323,20.14178418788478,0.756413968950066,3000.0,-4.5,0.45,misfire,0.625,391.0
endurance,300,misfire,1959.0,75.49187213234542,75.77850568463992,613.4831960232607,1511.1928199071206,65.50178209700296,29.460945254356993,6.08774782923649,0.24115459512677068,12.838406161443212,20.089351707852412,0.7559718675727359,3000.0,-4.5,0.45,misfire,0.626,390.0
endurance,300,misfire,1960.0,75.56256329545474,75.09777905537351,604.0157909371472,1521.2509486236718,66.3972396495298,28.833061231281754,6.088128913951237,0.1640133211885764,12.92277837975671,19.906681624111766,0.7555399622389287,3000.0,-4.5,0.45,misfire,0.627,389.0
endurance,300,misfire,1961.0,75.6316084891295,74.31444118475412,607.2114193375226,1520.768651339362,65.71002962313604,29.612564559418367,6.088390909692623,0.1879823020892775,12.898433498496226,20.177105358683576,0.7551181133668743,3000.0,-4.5,0.45,misfire,0.628,388.0
endurance,300,misfire,1962.0,75.69903529265048,76.40447136906644,609.3453995187368,1518.5332397869852,66.75730705281035,30.01212733361035,6.088571031764827,0.20037678742868614,12.961173744738735,19.902584410123247,0.7547061524540621,3000.0,-4.5,0.45,misfire,0.629,387.0
endurance,300,misfire,1963.0,75.76487425692001,75.32899876286973,609.1822632082594,1528.0727185446335,66.2732458675781,29.115528097308275,6.088694865689468,0.11798480720441401,12.903220384242928,19.51489037521458,0.7543038928421163,3000.0,-4.5,0.45,misfire,0.63,386.0
endurance,300,misfire,1964.0,75.82915769987443,75.0954353807299,612.7480544519881,1517.7312803307234,66.32953004563012,29.07492844316528,6.088780001512657,0.2847341607196012,12.967514390113577,20.013044029983625,0.7539111370765255,3000.0,-4.5,0.45,misfire,0.631,385.0
endurance,300,misfire,1965.0,75.89191888490046,76.71084057348688,613.4722851028702,1523.6329500395786,65.9503913913802,28.78447610343655,6.088838532391101,0.272853331157552,12.878031230559843,19.84870511591971,0.7535276819263127,3000.0,-4.5,0.45,misfire,0.632,384.0
endurance,300,misfire,1966.0,75.72586833689317,75.58509419559542,711.1956826420094,1123.9672345079844,63.349835598677984,28.370540599568873,2.6915169971288315,1.0176292011825447,12.69791538105516,20.061856700451305,0.574150620490317,3000.0,-4.5,0.45,misfire,0.633,383.0
endurance,300,misfire,1967.0,75.63481377324534,75.06198120197597,608.3220921184055,1240.3173979084306,63.135881337067374,28.44981072972621,4.9868321738946015,0.1627908199645452,12.68796411845431,19.952872747981086,0.7474188518344825,3000.0,-4.5,0.45,misfire,0.634,382.0
endurance,300,misfire,1968.0,75.59476882531828,76.49251810792009,608.6369369410222,1321.619617098321,64.31374474145836,28.660257413953584,5.331249400903688,0.23816206393323916,12.738440442420318,19.768990606624815,0.7524425144397218,3000.0,-4.5,0.45,misfire,0.635,381.0
endurance,300,misfire,1969.0,75.58925596285209,75.63875288104447,608.7148573636307,1382.2092147556502,65.42752492174377,29.555221835409444,5.568036244472433,0.2507118630344127,12.881257384972939,20.138487478853442,0.7553768767142977,3000.0,-4.5,0.45,misfire,0.636,380.0
endurance,300,misfire,1970.0,75.60695967011088,75.30187435572978,605.8027797746897,1422.9344461126734,65.41905726868885,28.947213776398083,5.7308271994259465,0.1870434114528838,12.809989353767989,20.09186828077121,0.7552687114888733,3000.0,-4.5,0.45,misfire,0.637,379.0
endurance,300,misfire,1971.0,75.64011301190787,75.8010950192829,605.4727631717656,1450.9905228077573,66.21708158650321,28.835231801250664,5.842745980956487,0.13843005541146,12.9076429222511,20.35676311541978,0.7550661528588292,3000.0,-4.5,0.45,misfire,0.638,378.0
endurance,300,misfire,1972.0,75.68338840499615,75.0439653598016,611.5300523282773,1477.2441438816943,64.32550758854416,29.435477204767956,5.919690143258733,0.2342740117246142,12.820422123321439,20.08526893255581,0.7548017510259081,3000.0,-4.5,0.45,misfire,0.639,377.0
endurance,300,misfire,1973.0,75.73313503047568,75.9724077948566,612.6390876660693,1490.0569309822627,66.44101782175429,30.095685670952367,5.972589254841528,0.21758159199540733,12.805505565773078,20.089769737263957,0.7544978115808845,3000.0,-4.5,0.45,misfire,0.64,376.0
endurance,300,misfire,1974.0,75.7868545617306,75.60359061791992,610.7010612258326,1503.970224381524,66.13073563128684,29.344309266383707,6.0089573940547,0.19691332093146377,12.989587920865205,20.16888398392996,0.7541695986747997,3000.0,-4.5,0.45,misfire,0.641,375.0
endurance,300,misfire,1975.0,75.84284073412903,76.18627393614726,609.2273262572394,1504.4168597711594,65.61886139316665,28.712356093737675,6.033960489763755,0.10040226982136458,12.932253968794436,20.249282241899945,0.7538275371579884,3000.0,-4.5,0.45,misfire,0.642,374.0
endurance,300,misfire,1976.0,75.89993155577405,76.41342962680497,614.5349695729205,1508.049838484671,66.5044084253414,29.324886367064707,6.05115011806373,0.1635632955165393,12.844229736204737,20.05291549098558,0.7534787265104428,3000.0,-4.5,0.45,misfire,0.643,373.0
endurance,300,misfire,1977.0,75.73001583330365,75.32040148996371,576.264708289109,1112.7739805127737,62.69763587486645,29.133610114866197,2.675970526218791,0.9484425738730229,12.648550276945098,20.09098695174323,0.6861240311865011,3000.0,-4.5,0.45,misfire,0.644,372.0
endurance,300,misfire,1978.0,75.636336372089,75.22607802997337,610.2929858503704,1238.5306509371526,63.077543613987615,29.238252433649212,4.96901850931018,0.15647125672622716,12.859319082307904,19.73546469099334,0.7471623737324369,3000.0,-4.5,0.45,misfire,0.645,371.0
endurance,300,misfire,1979.0,75.59451844529758,75.7279309850553,604.3838134890598,1325.7300890661616,63.77840808875659,29.546110421545322,5.319002506501897,0.18806307069071546,12.819376679051034,19.777745499367214,0.7522741111089679,3000.0,-4.5,0.45,misfire,0.646,370.0
endurance,300,misfire,1980.0,75.58781754478419,75.87826929888949,615.0168706795054,1394.9583354509741,65.4712918337508,29.822763992050838,5.559616504571203,0.20872277280618698,12.86377746389579,19.66713054677241,0.755385665089088,3000.0,-4.5,0.45,misfire,0.647,369.0
endurance,300,misfire,1981.0,75.60473462545227,75.55919884781065,614.0151610708119,1428.0893361536266,65.91495047187809,29.40389348157237,5.72503862824385,0.24374571321028193,12.877518231019113,19.982148887259523,0.7552823059554763,3000.0,-4.5,0.45,misfire,0.648,368.0
endurance,300,misfire,1982.0,75.63737659318807,75.44269197383831,606.1459451556233,1451.2553772495187,64.86734916968184,29.27815571502663,5.838766338268796,0.2609494368265043,12.850441870800886,20.07013591165293,0.7550828716931026,3000.0,-4.5,0.45,misfire,0.648,367.0
endurance,300,misfire,1983.0,75.68032914757397,75.13516264977811,613.8976619248033,1470.5199018223454,65.3307386125288,29.166839813110776,5.916954138910946,0.19955223781199094,12.96951524645798,19.926686353089156,0.7548204423239433,3000.0,-4.5,0.45,misfire,0.649,366.0
endurance,300,misfire,1984.0,75.72988186833973,75.13788607516834,607.4185802376564,1489.0194013313057,65.62061411122698,29.52352728159328,5.970708251852424,0.14703427399193447,12.870627767268596,19.701755328068813,0.7545176875882447,3000.0,-4.5,0.45,misfire,0.65,365.0
endurance,300,misfire,1985.0,75.78349546921484,76.2574661193642,607.7866678661105,1507.2909539962197,66.13814736731935,28.53594739006128,6.007664204499688,0.2418292619435813,12.908328411112995,19.334396601832385,0.7541901218902979,3000.0,-4.5,0.45,misfire,0.651,364.0
endurance,300,misfire,1986.0,75.83943554170445,75.61033744148581,609.6508815079704,1505.1537650377718,65.98619337948882,29.39919472896611,6.033071421944685,0.16458130751766348,12.8131057372013,19.566689398410812,0.7538483420324047,3000.0,-4.5,0.45,misfire,0.652,363.0
endurance,300,misfire,1987.0,75.89652076052693,75.61346777777388,610.9811504834008,1504.6726128287867,66.08985965763071,29.66059319127861,6.05053888393812,0.20996861641358316,12.91759243669853,20.06134322429089,0.753499565616704,3000.0,-4.5,0.45,misfire,0.653,362.0
endurance,300,misfire,1988.0,75.95394978128692,76.14426792879023,613.2658222068493,1512.8970366150304,66.99989827658192,29.544114146271422,6.062547764058605,0.18436875992613724,12.868720849103243,19.80440427280687,0.7531486886571155,3000.0,-4.5,0.45,misfire,0.654,361.0
endurance,300,misfire,1989.0,76.01118223890708,76.32666794721605,608.4272093557918,1523.0855217256099,66.33267147436102,28.964991587456126,6.07080386914144,0.23144870669644524,12.936937679876674,19.942032493511736,0.7527990126491708,3000.0,-4.5,0.45,misfire,0.655,360.0
endurance,300,misfire,1990.0,76.06785694018174,76.69856311770413,615.2814769241314,1518.0417694835955,66.85420244053327,29.488323563807345,6.076479941385889,0.15970307762547367,12.866453359677674,20.232968944609375,0.752452744393058,3000.0,-4.5,0.45,misfire,0.656,359.0
endurance,300,misfire,1991.0,76.12373562714362,76.38679477646909,609.944236914101,1518.0885032540286,66.43956036684719,29.315733518099695,6.080382241053948,0.1724108326260795,12.928123577634247,19.670058946708735,0.7521113395853927,3000.0,-4.5,0.45,misfire,0.657,358.0
endurance,300,misfire,1992.0,76.17866432022174,75.77220664783353,611.7486527617441,1526.4324448984275,67.03154625980156,29.53705844003912,6.083065072075738,0.20179269046146955,12.907825930827457,20.138236965249977,0.7517757390028585,3000.0,-4.5,0.45,misfire,0.658,357.0
endurance,300,misfire,1993.0,76.00522362184971,75.9471572761025,648.6800851560292,1124.2911345400146,61.66156687608322,28.751104459677382,2.689135444748744,0.9848901973466837,12.636982751621126,19.889338376203646,0.6289006229787893,3000.0,-4.5,0.45,misfire,0.659,356.0
endurance,300,misfire,1994.0,75.90713076320294,75.53420603649565,603.8587523824864,1249.2165818757999,64.32092577655727,29.915236563190813,4.984103311792418,0.21480301547682026,12.71930026294196,20.13439852841247,0.745717198487805,3000.0,-4.5,0.45,misfire,0.66,355.0
endurance,300,misfire,1995.0,75.86033602957008,75.69074699087706,607.343722733971,1327.9435337706268,65.08376084938728,29.368372423283237,5.329373308208436,0.16940122159838153,12.887759164896165,19.922000314584583,0.7507939332891617,3000.0,-4.5,0.45,misfire,0.661,354.0
endurance,300,misfire,1996.0,75.84831723053458,75.51413872842707,612.505031568245,1387.1967049709256,65.74687337524914,28.800867695216738,5.566746430744447,0.211258763950961,12.831593364124606,19.66657840039871,0.7537940771340748,3000.0,-4.5,0.45,misfire,0.662,353.0
endurance,300,misfire,1997.0,75.8597270631934,76.4177646533212,606.5345803882681,1424.5528212440852,65.21175461983682,28.59286540133304,5.729940452487956,0.21254309755644007,12.82655510543583,19.95939476631226,0.7537243659089874,3000.0,-4.5,0.45,misfire,0.663,352.0
endurance,300,misfire,1998.0,75.886775681166,75.62865269747871,614.2329688590809,1461.6867127810035,66.62051109374285,29.140891830481106,5.842136342436619,0.1935409277441289,12.792963567432906,19.778201718468175,0.7535591056153293,3000.0,-4.5,0.45,misfire,0.664,351.0
endurance,300,misfire,1999.0,75.92411871742229,76.03648999136972,608.1731958700211,1477.0240461163683,65.60688252798917,29.60344090484269,5.919271016776324,0.08192985326737795,12.889962630555747,20.28076330208699,0.7533309489995625,3000.0,-4.5,0.45,misfire,0.665,350.0
endurance,300,misfire,2000.0,75.96809280645337,76.20143749270497,613.6600454373402,1486.9361669048035,65.69231729489593,28.638199403225805,5.9723011053848705,0.1911642981771172,12.811020613492698,20.064616980397783,0.7530622783091049,3000.0,-4.5,0.45,misfire,0.666,349.0
endurance,300,misfire,2001.0,76.01619001208607,76.02961911141585,608.8771757437985,1497.8655997730784,65.79209062069971,29.494941455561843,6.008759291303248,0.24215091987922366,12.846942669817086,20.162986452943265,0.7527684164069903,3000.0,-4.5,0.45,misfire,0.667,348.0
endurance,300,misfire,2002.0,75.83937337725985,75.84159074911139,568.2770498025516,1112.9981096468728,61.62648520662825,28.879256657270485,2.658484310180092,1.0230454304417322,12.761981354640076,20.021700166897677,0.6943023238899615,3000.0,-4.5,0.45,misfire,0.668,347.0
endurance,300,misfire,2003.0,75.74024882796147,75.2796505401418,608.6132308198806,1234.1064983206957,62.915881098349665,29.43261301641251,4.948982220099171,0.19929654818935927,12.686002133292655,20.124164785378785,0.7462494789362368,3000.0,-4.5,0.45,misfire,0.669,346.0
endurance,300,misfire,2004.0,75.6940033758648,76.60733864607546,614.4642177895482,1323.0386482673453,64.09285134184712,29.1895892819013,5.305227557669329,0.19491495346422533,12.734446983761515,19.819153130642302,0.7514751472820431,3000.0,-4.5,0.45,misfire,0.67,345.0
endurance,300,misfire,2005.0,75.68359081081941,76.00695174140785,610.2722923537107,1382.4487079936694,64.0195134671754,28.936639615762683,5.5501462272488125,0.12669842651171354,12.817427413818583,19.819660517043832,0.7548005143769294,3000.0,-4.5,0.45,misfire,0.67,344.0
endurance,300,misfire,2006.0,75.6973042798296,75.5851661412907,608.3472069525657,1429.7694524996189,65.84402204163553,29.614045618746083,5.718527812584707,0.24900942427034983,12.887904315702174,19.95994126053747,0.7547167285096444,3000.0,-4.5,0.45,misfire,0.671,343.0
endurance,300,misfire,2007.0,75.72710744231303,75.90602650499531,613.9003095298649,1454.5788860854823,66.12558943057374,28.56112548840049,5.834290152503135,0.15718234447120025,12.83015820555302,20.385561274252378,0.7545346386376613,3000.0,-4.5,0.45,misfire,0.672,342.0
endurance,300,misfire,2008.0,75.7674871463798,75.88648683128723,608.1986083721318,1478.6008809204518,65.86394045820235,29.15180673449787,5.913876761197054,0.22024774880647316,12.890470898896366,20.37684495436463,0.7542879287407394,3000.0,-4.5,0.45,misfire,0.673,341.0
endurance,300,misfire,2009.0,75.81466465064564,75.30424729276564,605.8666882254495,1485.7653672044685,65.48906424641788,29.065989439626588,5.968592554674124,0.18204260659219576,12.925184587851488,19.98040910178085,0.7539996859840511,3000.0,-4.5,0.45,misfire,0.674,340.0
endurance,300,misfire,2010.0,75.86605334593594,76.5794040615347,613.9633284725223,1500.6686275333266,66.55615624515572,30.331005349019446,6.006209662689608,0.20961149715568747,12.972992913644383,20.119118277808365,0.7536857139030012,3000.0,-4.5,0.45,misfire,0.675,339.0
endurance,300,misfire,2011.0,75.91988594550537,76.44375643948406,601.8115898567522,1508.5463588912369,66.83238640490184,29.815387705203616,6.032071424450255,0.167176935039585,12.981320945976158,19.850151619153554,0.7533568101777819,3000.0,-4.5,0.45,misfire,0.676,338.0
endurance,300,misfire,2012.0,75.97495818470583,75.3337755038032,610.6668116477435,1509.3213935570323,64.97884296667908,30.03883175092415,6.049851385660698,0.219952069037612,12.836282326035878,20.23421762671578,0.7530203325643269,3000.0,-4.5,0.45,misfire,0.677,337.0
endurance,300,misfire,2013.0,76.03045262074792,75.4004513249526,613.7291912644494,1512.9148819667685,65.39656148057414,29.64764200835782,6.062075108992879,0.15526484670603657,12.863631862474787,19.94139982312998,0.7526812754337187,3000.0,-4.5,0.45,misfire,0.678,336.0
endurance,300,misfire,2014.0,75.85849437561119,75.63457836120104,689.1132313182017,1111.600985265019,61.982091639120405,29.598224973012794,2.6804770849770656,1.009490176913774,12.710481540511923,19.729088229137815,0.59001327982044,3000.0,-4.5,0.45,misfire,0.679,335.0
endurance,300,misfire,2015.0,75.76248817267918,75.28023242867039,605.8185826002847,1237.3240355543314,64.61761374374724,28.951227763469998,4.974182274554036,0.23205826772412014,12.685637010809062,19.778204593524492,0.7464632681444254,3000.0,-4.5,0.45,misfire,0.68,334.0
endurance,300,misfire,2016.0,75.71817006803437,75.56987163081762,609.1091262286127,1322.8498603414969,65.45930921605031,29.671815711007152,5.322552595107048,0.16396812721032172,12.798738590352563,19.80788459335688,0.7515678902402072,3000.0,-4.5,0.45,misfire,0.681,333.0
endurance,300,misfire,2017.0,75.70887119382222,76.37623856688836,606.776947078594,1394.9377669464373,65.47814700710855,29.655972478143887,5.562057190487243,0.18795777500620084,12.809580649937944,20.011145143974865,0.754646057556878,3000.0,-4.5,0.45,misfire,0.682,332.0
endurance,300,misfire,2018.0,75.72314399713416,75.63990063872154,609.2141913226699,1429.3289067626129,66.1852261955704,28.80194727296151,5.7267165998111285,0.19189372489041384,12.870651990470629,20.359230443591972,0.7545588542968429,3000.0,-4.5,0.45,misfire,0.683,331.0
endurance,300,misfire,2019.0,75.75313028637885,76.10893645198232,609.4267730317795,1454.8279680698354,66.03074457542056,29.598651023321924,5.839919943721299,0.1714580982159855,12.982404681403304,19.88120434276859,0.7543756455661301,3000.0,-4.5,0.45,misfire,0.684,330.0
endurance,300,misfire,2020.0,75.79343927013164,75.77836330978926,608.3969827956802,1477.7034319138872,66.41013995384778,29.37403027496749,5.9177472426595426,0.17391537725246614,12.915785590704303,20.004653986440324,0.7541293677526465,3000.0,-4.5,0.45,misfire,0.685,329.0
endurance,300,misfire,2021.0,75.61305309012972,75.2319821194937,577.0432856221206,1100.8535482711004,63.01008951558716,29.112719038943155,2.6209418401145643,1.0099803916814916,12.64725836521226,20.080578882574493,0.6865354218203334,3000.0,-4.5,0.45,misfire,0.686,328.0
endurance,300,misfire,2022.0,75.28589371376863,74.34199539037938,506.8887676330511,823.9069606262495,59.163813192342914,29.150542193356046,1.981768617596265,0.9273712746571706,12.517081488170039,20.171863565012806,0.7333431754315614,3000.0,-4.5,0.45,misfire,0.687,327.0
endurance,300,misfire,2023.0,75.08998764941852,75.25841901092407,610.9206385521961,1044.3649115792357,62.03821104194232,28.569805956418396,4.173578822346869,0.24689206566733318,12.629128215354832,19.924528628853736,0.7394632195863741,3000.0,-4.5,0.45,misfire,0.688,326.0
endurance,300,misfire,2024.0,74.98362737976885,75.25286012629502,605.6461161129096,1194.8350864616364,63.10843194240202,28.863790052568255,4.77213772171462,0.25565871465571816,12.75699126079742,20.108071442023153,0.7484184221216827,3000.0,-4.5,0.45,misfire,0.689,325.0
endurance,300,misfire,2025.0,74.93815543565213,74.95063541055683,610.3386738821073,1287.8953553460187,64.20237758729125,29.451219737847328,5.18364696502995,0.18866198700812598,12.75861354678522,20.105277564911706,0.7544061847482488,3000.0,-4.5,0.45,misfire,0.69,324.0
endurance,300,misfire,2026.0,74.70656273883958,73.68045686838737,645.838887874561,959.5733692653264,61.90144797527597,29.973100823880927,2.3181254755923564,0.9408786924964996,12.58228226003894,20.150287483257856,0.6206830637503815,3000.0,-4.5,0.45,misfire,0.691,323.0
endurance,300,misfire,2027.0,74.57910492947613,73.83382583274715,609.5443903553443,1131.77642495553,63.251974697355585,29.74757059656082,4.558987722134057,0.20311775068879806,12.733210453505158,19.68937297513441,0.7479323675988612,3000.0,-4.5,0.45,misfire,0.692,322.0
endurance,300,misfire,2028.0,74.52248361309833,74.49798974076806,610.3535224163248,1257.664890419787,63.667024277068705,29.84954071745338,5.037106340318313,0.19021615950726053,12.7724007028049,20.00656354625477,0.7549124955911923,3000.0,-4.5,0.45,misfire,0.693,321.0
endurance,300,misfire,2029.0,74.5138241492777,74.75654742720668,605.3552432246388,1343.1877156631251,64.46035458968461,28.514693112135863,5.365812890319989,0.16812545715908386,12.86762684898735,19.871279198754664,0.7595264055596775,3000.0,-4.5,0.45,misfire,0.693,320.0
endurance,300,misfire,2030.0,74.5374177997761,74.41294488432649,607.7040545161891,1391.5737053945204,65.97060021107026,28.669323935768222,5.5917986434461415,0.21221224038712394,12.857445187275815,19.783990155016067,0.7618033449311512,3000.0,-4.5,0.45,misfire,0.694,319.0
endurance,300,misfire,2031.0,74.5824819656099,75.26983653251963,611.5938245174177,1439.606345186711,65.85089494308806,29.002376926156646,5.747163848720371,0.1320497952709233,12.98389077685876,19.593811910983128,0.7615280141439482,3000.0,-4.5,0.45,misfire,0.695,318.0
endurance,300,misfire,2032.0,74.64162035999593,74.88257941151257,606.1535488878706,1458.9654951003051,65.98684627396953,29.085635960276115,5.853977427346404,0.3438614986759563,12.97080418773308,19.935290915884682,0.7611666933388482,3000.0,-4.5,0.45,misfire,0.696,317.0
endurance,300,misfire,2033.0,74.70976438697886,75.65292920534175,605.4681205569075,1480.731997633098,65.56198117361967,29.069689672647243,5.927411762651801,0.20368956016577963,12.89621672462926,19.836203536819202,0.7607503503699893,3000.0,-4.5,0.45,misfire,0.697,316.0
endurance,300,misfire,2034.0,74.78344534873307,75.18401502152818,609.7413527615643,1498.4110089552528,66.11800063188637,29.14141910250503,5.977897868174262,0.17551487269005375,12.834502053827856,20.417017787964163,0.7603001781139115,3000.0,-4.5,0.45,misfire,0.698,315.0
endurance,300,misfire,2035.0,74.63297097183477,74.47948512035383,634.3095276454712,1097.2162703704175,61.265944664095926,29.700554882142374,2.645753973139385,0.958568577607963,12.674617968181416,20.027790550051105,0.6425054261594175,3000.0,-4.5,0.45,misfire,0.699,314.0
endurance,300,misfire,2036.0,74.56050173556112,74.99507982286416,609.6295039510511,1221.5986505808864,63.524055117567784,28.5086081253942,4.934395375573361,0.15635764926428788,12.796185172129508,20.107550042378787,0.7532550374163127,3000.0,-4.5,0.45,misfire,0.7,313.0
endurance,300,misfire,2037.0,74.31360024371534,73.76241851615049,542.3611918116899,926.2882695273698,60.74378144706719,30.03697315534144,2.215309194941514,0.9241731242673814,12.509848369993147,20.161792206177097,0.7102590172429947,3000.0,-4.5,0.45,misfire,0.701,312.0
endurance,300,misfire,2038.0,73.95146893073296,73.45856572477035,616.0849569271112,708.7219732612131,59.65910573919602,29.239041000131138,1.7028961740397937,0.947152799033177,12.411740409681203,20.08409422213956,0.6417896741862414,3000.0,-4.5,0.45,misfire,0.702,311.0
endurance,300,misfire,2039.0,73.74202087307775,74.32519536349413,609.9776461897501,954.4377588824211,61.882372165383,28.356789468220136,3.8540374807717455,0.1812489643204795,12.556486165481516,20.326928841016386,0.7432651296162177,3000.0,-4.5,0.45,misfire,0.703,310.0
endurance,300,misfire,2040.0,73.636601667269,74.12607588215013,609.7900899058603,1143.3274400043897,63.11401854040266,28.614447170381748,4.5524530493817235,0.23492268047644332,12.678438649103773,20.130507775616547,0.7536001543560695,3000.0,-4.5,0.45,misfire,0.704,309.0
endurance,300,misfire,2041.0,73.60178381296592,74.5414241363773,610.035959257638,1257.1200584145247,63.86072925924236,28.81831622054976,5.032613752801084,0.15933246464570988,12.802615660351641,19.997524269057426,0.7604754038175715,3000.0,-4.5,0.45,misfire,0.705,308.0
endurance,300,misfire,2042.0,73.61460777235416,74.62257573599979,607.4230581898745,1339.0837963278277,64.70842637354453,28.41677596346738,5.362724236401894,0.10321353600800225,12.776588022605466,19.75297825933065,0.7649775358715687,3000.0,-4.5,0.45,misfire,0.706,307.0
endurance,300,misfire,2043.0,73.65931021117372,73.78777111203833,609.4948397203116,1391.93496217706,64.91765919366418,28.73668311780784,5.589675193877451,0.2597219975104872,12.88857073535889,20.156421299044116,0.7671683627706147,3000.0,-4.5,0.45,misfire,0.707,306.0
endurance,300,misfire,2044.0,73.49775155130558,73.80620231285509,543.7396138743393,1026.3514994078334,61.36249257114395,27.908852583780217,2.4856121199919503,0.9718094260528162,12.671561693579049,19.657456867347953,0.7183395358009558,3000.0,-4.5,0.45,misfire,0.708,305.0
endurance,300,misfire,2045.0,73.42628988271534,73.24533209006005,604.7339165704487,1187.0022750546448,63.411106440889654,29.539734160122357,4.750899502175258,0.16703676765686112,12.76226673011865,19.870576565965894,0.7576386717128483,3000.0,-4.5,0.45,misfire,0.709,304.0
endurance,300,misfire,2046.0,73.41582680253177,73.03687481088365,603.6697575886268,1288.4062310844222,63.53331744930586,28.053332475549936,5.169045689096639,0.24130405100879915,12.771767314027219,19.693238004338014,0.7635046305522042,3000.0,-4.5,0.45,misfire,0.71,303.0
endurance,300,misfire,2047.0,73.44637961337845,73.27969827322597,607.3775965653336,1357.5421294969638,65.74238495051266,28.64428794161713,5.456521192605089,0.16856079541627433,12.778660940753305,19.85936729050905,0.7673068575403366,3000.0,-4.5,0.45,misfire,0.711,302.0
endurance,300,misfire,2048.0,73.50423213077336,73.78112486505525,605.5070715728021,1400.8540850906948,65.27329290608952,29.34738821710049,5.654160601267146,0.23174024956701236,12.755835765109909,20.056282864263135,0.7681158510723407,3000.0,-4.5,0.45,misfire,0.712,301.0
endurance,300,misfire,2049.0,73.57997587594546,73.81601878670118,607.1889259753085,1452.5548209547642,65.30015840673163,28.173560161164946,5.790037694722312,0.24493858979689584,12.919141684314027,19.75881031509051,0.7676530757252755,3000.0,-4.5,0.45,misfire,0.713,300.0
endurance,300,misfire,2050.0,73.66716340832241,73.9499338573554,608.051526316832,1467.5601920037238,65.71147396552192,28.10137289185324,5.883453196472737,0.23259714454352298,12.907566045435498,20.023636050556995,0.7671203816993355,3000.0,-4.5,0.45,misfire,0.714,299.0
endurance,300,misfire,2051.0,73.76138250374623,72.93365833599289,604.5418383865566,1496.415419234543,65.79578281346775,27.618755606112174,5.9476763539261555,0.1865334190514602,12.886444734311018,19.705964750747587,0.7665447265810696,3000.0,-4.5,0.45,misfire,0.715,298.0
endurance,300,misfire,2052.0,73.85961966383825,74.05513788459409,603.3632533614706,1488.009584997457,66.17646263622127,28.80180481265055,5.99182977467538,0.21034805280373628,12.901804770494453,19.94834833061143,0.7659445220921977,3000.0,-4.5,0.45,misfire,0.716,297.0
endurance,300,misfire,2053.0,73.95982254024706,74.06005589206062,608.0061338574104,1488.9889363193238,65.12696280598759,28.401684588780064,6.022185251440473,0.2669749895256771,12.943521557316473,19.897185111790417,0.7653323075680589,3000.0,-4.5,0.45,misfire,0.716,296.0
endurance,300,misfire,2054.0,74.06059911260354,73.00387270186172,605.0876968056077,1504.689587883765,65.67864995282902,28.511585321085786,6.043054641716474,0.23894782072843956,12.915252662642146,20.063558658401366,0.7647165879051038,3000.0,-4.5,0.45,misfire,0.717,295.0
endurance,300,misfire,2055.0,74.16101088438059,74.3234902240065,606.365347456187,1520.3433896121942,66.84826791411767,28.63593030958656,6.057402347531224,0.24000905073906686,12.94594326581088,19.72989763970471,0.764103097082489,3000.0,-4.5,0.45,misfire,0.718,294.0
endurance,300,misfire,2056.0,74.26043071580017,73.97867389441322,605.9969769180453,1514.9944974645882,65.63909728024885,29.4677809430676,6.067266395278866,0.2920080465524324,12.920333343388238,19.848778211613258,0.7634956667674733,3000.0,-4.5,0.45,misfire,0.719,293.0
endurance,300,misfire,2057.0,74.35844509445441,74.91434280705829,608.584836316933,1518.4171275048081,66.05753149575455,28.697542316154678,6.074047928105368,0.15266999837825498,12.999773121981029,20.019518130882535,0.7628968234174904,3000.0,-4.5,0.45,misfire,0.72,292.0
endurance,300,misfire,2058.0,74.45478695660502,73.59376779741056,608.5077740055568,1524.2182263806505,65.97402685477911,28.372338413844165,6.078710231923589,0.1504633182408699,12.896063094096972,19.97950688546737,0.7623081987252158,3000.0,-4.5,0.45,misfire,0.721,291.0
endurance,300,misfire,2059.0,74.5492895118302,74.53747336460965,610.1053286615621,1518.5577552462291,66.74326531172177,28.672636512786866,6.081915565798616,0.21501825538021532,13.064553819670218,20.06051305304686,0.7617308117384287,3000.0,-4.5,0.45,misfire,0.722,290.0
endurance,300,misfire,2060.0,74.64185450723468,75.3109264950106,612.2167311464543,1514.8333884829447,66.56997420496506,29.07610261070247,6.084119232837697,0.28531046735964755,12.990606929577336,19.878062996840818,0.7611652627577562,3000.0,-4.5,0.45,misfire,0.723,289.0
endurance,300,misfire,2061.0,74.73243041862705,75.59417100606946,612.0394378826428,1517.4076408040426,66.13962882333554,29.018525057891157,6.085634253927065,0.15254841751056525,12.896776108723367,20.131264050057354,0.7606118665831267,3000.0,-4.5,0.45,misfire,0.724,288.0
endurance,300,misfire,2062.0,74.82099746625984,74.85363940233626,609.4494051863013,1509.1471774751662,67.23175473132316,29.720058111421228,6.086675830926007,0.148176882084386,12.950391592950384,19.916306664856332,0.7600707440638523,3000.0,-4.5,0.45,misfire,0.725,287.0
endurance,300,misfire,2063.0,74.90755732223529,74.38674982684515,609.0300190770602,1519.917432552254,66.30308862771591,28.76880890787647,6.087391915112779,0.28304959236689314,12.902920824282123,20.03915104678154,0.7595418849838063,3000.0,-4.5,0.45,misfire,0.726,286.0
endurance,300,misfire,2064.0,74.99212604321471,74.83712128241028,613.1009103360211,1507.2380867185075,66.56803550027763,28.536942406690724,6.087884222991184,0.2566326268775698,12.894684617778637,19.705210883534733,0.7590251912408021,3000.0,-4.5,0.45,misfire,0.727,285.0
endurance,300,misfire,2065.0,75.07472922031302,75.78910670767111,603.9358735959207,1521.3047802192793,65.38813352121966,28.244765879673494,6.0882226846575875,0.18779539219765246,12.943912402364422,20.042852854629086,0.758520506479526,3000.0,-4.5,0.45,misfire,0.728,284.0
endurance,300,misfire,2066.0,75.15539865310198,75.65816097233008,606.4228698784316,1524.5870710795773,66.33325001076173,29.45533153950996,6.088455377053241,0.1719605347988654,12.950764821948734,19.865865274992153,0.7580276364125434,3000.0,-4.5,0.45,misfire,0.729,283.0
endurance,300,misfire,2067.0,75.234170071237,74.44993320483405,604.5790991841035,1521.1072740370075,66.1529346473478,29.699385013894048,6.088615353075251,0.20397766927067418,12.99044181790412,20.434297631475022,0.7575463627405931,3000.0,-4.5,0.45,misfire,0.73,282.0
endurance,300,misfire,2068.0,75.31108157612856,76.10417095718626,610.1859045408455,1517.396884254007,67.1848872519756,29.254593877166673,6.088725336590384,0.15684365624497804,12.94810887820475,20.206347483466107,0.7570764526735818,3000.0,-4.5,0.45,misfire,0.731,281.0
endurance,300,misfire,2069.0,75.38617257745277,74.75161119819101,606.4557373803929,1523.3492392220537,65.70275811805979,29.56836836621542,6.088800950257036,0.1676664559946211,12.894912178070014,19.943441312411036,0.7566176654282413,3000.0,-4.5,0.45,misfire,0.732,280.0
endurance,300,misfire,2070.0,75.23215994415933,74.64649911502892,668.0314443311993,1115.5235162990016,63.28495251166967,30.263445521587848,2.69150149449853,1.0120165079261105,12.710556766431857,20.16592537691079,0.614460384488117,3000.0,-4.5,0.45,misfire,0.733,279.0
endurance,300,misfire,2071.0,75.15285782321928,75.49909486774897,614.645196131876,1242.0802320003365,63.51737359819276,28.318940567205242,4.9868144104640475,0.13819642196898377,12.68215423287505,19.933184976567443,0.7503632357217782,3000.0,-4.5,0.45,misfire,0.734,278.0
endurance,300,misfire,2072.0,75.12428628513052,75.55903562645092,609.8829018577344,1330.9410917355606,64.18763174507531,28.830018121004255,5.331237188545182,0.19660099065383801,12.901033299578803,20.02306908335502,0.7553168756857503,3000.0,-4.5,0.45,misfire,0.735,277.0
endurance,300,misfire,2073.0,75.12997419727448,75.96081136442271,609.0189207399907,1381.6233342018713,64.77272438854352,28.71833857485681,5.568027848475961,0.114844620380526,12.81850837011301,19.926110783207328,0.7581829734815355,3000.0,-4.5,0.45,misfire,0.736,276.0
endurance,300,misfire,2074.0,75.15861236610627,74.78961271709525,610.1776137478707,1439.632689514224,65.58315312315466,28.45927481201634,5.730821427178372,0.17270190152483553,12.992546330939469,19.666699011604255,0.7580080014295155,3000.0,-4.5,0.45,misfire,0.737,275.0
endurance,300,misfire,2075.0,75.20244008095302,75.91305299833512,608.3401314059895,1452.6986190881669,66.96533338428509,29.377309829591894,5.84274201253628,0.16913201898771102,12.91024845022329,19.369158699203552,0.7577402250487306,3000.0,-4.5,0.45,misfire,0.738,274.0
endurance,300,misfire,2076.0,75.25613587121425,74.93812518314057,610.1343082846025,1476.7136721773934,65.87546283572466,28.859039919361617,5.91968741496984,0.0912702401449717,12.909853011124527,20.000440245406672,0.757412157194182,3000.0,-4.5,0.45,misfire,0.739,273.0
endurance,300,misfire,2077.0,75.31605491007758,74.8113858175606,606.5348322004855,1485.4946677536361,65.78233033777204,29.952313232203384,5.972587379142915,0.2905059344555671,12.902422785470595,19.984239951008266,0.7570460668464868,3000.0,-4.5,0.45,misfire,0.739,272.0
endurance,300,misfire,2078.0,75.37970473752013,74.90862827433318,606.3538317158934,1501.8998621545513,65.62574368578733,29.222953810568974,6.0089561045119035,0.20050809080515086,12.824720834139457,19.880580934064373,0.7566571823132697,3000.0,-4.5,0.45,misfire,0.74,271.0
endurance,300,misfire,2079.0,75.44538482762935,75.34947974818044,605.5107564589773,1512.6771004881718,66.04922801760563,28.86384155338464,6.033959603203081,0.1846544042258949,12.923605166055413,20.056959471413386,0.7562558933827248,3000.0,-4.5,0.45,misfire,0.741,270.0
endurance,300,misfire,2080.0,75.51193879870902,75.83647829158788,608.8395708780965,1502.6888570105673,66.25013987749772,28.554591088975727,6.051149508553268,0.18526843313689967,12.956359454675038,19.771223591679814,0.755849265257921,3000.0,-4.5,0.45,misfire,0.742,269.0
endurance,300,misfire,2081.0,75.57858406511944,75.74209602031931,607.0253492783626,1507.9207678818564,65.72413876683838,28.67708361859173,6.062967568481521,0.16920645724224861,12.948178690209724,20.029810861031727,0.7554420793414698,3000.0,-4.5,0.45,misfire,0.743,268.0
endurance,300,misfire,2082.0,75.64479473013421,75.92943284904297,609.8284006364967,1512.554281496555,66.75474276526852,28.913765991711085,6.071092484682194,0.15652198717775517,12.94005193114606,19.72317167480102,0.7550375487308958,3000.0,-4.5,0.45,misfire,0.744,267.0
endurance,300,misfire,2083.0,75.71022108182379,76.19803270422203,608.1694682762449,1514.510585666815,66.86362338453401,29.64381947022387,6.076678364570157,0.1702236323660091,12.992332550230076,20.153356101236945,0.7546378100786604,3000.0,-4.5,0.45,misfire,0.745,266.0
endurance,300,misfire,2084.0,75.77463425335252,75.84245756912854,612.4723987924224,1525.4444163055862,66.49710770725085,29.37999027149773,6.0805186569931315,0.14225750885515065,12.886343405327532,20.198660788792353,0.7542442617039127,3000.0,-4.5,0.45,misfire,0.746,265.0
endurance,300,misfire,2085.0,75.61056505812863,76.24801925336398,574.3747178793744,1111.936014646112,61.402346648040286,29.293070020994538,2.6880850485271686,0.9983117898911622,12.737014107307985,19.899515444543404,0.6869115136241759,3000.0,-4.5,0.45,misfire,0.747,264.0
endurance,300,misfire,2086.0,75.52169815296166,74.77006457686994,607.4458913666782,1245.2670653553305,63.76869385585253,29.338589204135314,4.98289973278853,0.11793256529991808,12.646733264487747,20.1740823572655,0.7480553949893296,3000.0,-4.5,0.45,misfire,0.748,263.0
endurance,300,misfire,2087.0,75.48396304443385,74.50379085118776,609.9785717840235,1331.624144389225,64.39258942788702,29.277351462638855,5.328545847643263,0.15626067145818762,12.797001430622496,20.38497004921208,0.7530819966177309,3000.0,-4.5,0.45,misfire,0.749,262.0
endurance,300,misfire,2088.0,75.48082483445796,75.87008647819347,606.5047354146475,1390.7885583897546,65.17520730716241,29.701235670609,5.566177551605892,0.16868180694423116,12.896101123508387,20.101106422206875,0.7560393638010038,3000.0,-4.5,0.45,misfire,0.75,261.0
endurance,300,misfire,2089.0,75.50092902373326,75.0731150098083,608.7286173016621,1424.226280062725,64.84508961505031,29.80928609254933,5.7295493480802,0.07918456681682362,12.894921211309812,20.269229884518648,0.755916532230579,3000.0,-4.5,0.45,misfire,0.751,260.0
endurance,300,misfire,2090.0,75.536482321812,76.4126118060546,603.7772709013274,1458.1387598556016,64.4028251751816,29.084978768603108,5.841867458156285,0.21912442858185632,12.832681920257466,19.96108099154391,0.7556993104676424,3000.0,-4.5,0.45,misfire,0.752,259.0
endurance,300,misfire,2091.0,75.35481633601039,76.04433400984799,635.7231217663203,1072.370313921241,61.73957584593831,29.173194267148354,2.5896414290069703,1.0596319914686851,12.606379162259358,20.33104887080241,0.6355597301089698,3000.0,-4.5,0.45,misfire,0.753,258.0
endurance,300,misfire,2092.0,75.0287194467846,75.84844592378633,626.3484096726569,824.1983502486701,59.49489312587022,29.09953859712585,1.9602495849597943,1.0202340371089078,12.602644405721094,19.993651141318132,0.6319084319211499,3000.0,-4.5,0.45,misfire,0.754,257.0
endurance,300,misfire,2093.0,74.8354399494478,74.5697306775604,605.2203316564697,1038.8567264777312,62.63507626413364,29.434882078498063,4.148921597450913,0.23021133703008478,12.700590539738261,19.65618029894049,0.7406763084411603,3000.0,-4.5,0.45,misfire,0.755,256.0
endurance,300,misfire,2094.0,74.50541328080304,74.9844926264872,641.1927415313838,786.6838928761583,59.34813489009487,29.259801632721743,1.8913012614660039,0.9034640940642389,12.518495091332221,19.87584653599226,0.6249251222056926,3000.0,-4.5,0.45,misfire,0.756,255.0
endurance,300,misfire,2095.0,74.08606690841324,74.07389117814867,691.0943938418592,631.2151811044731,58.35344489102747,28.165332852042553,1.4801407197753802,1.0095191629215658,12.293828423367819,20.11721456355855,0.5729619487152632,3000.0,-4.5,0.45,misfire,0.757,254.0
endurance,300,misfire,2096.0,73.8372185803992,74.83812097499508,607.7081921183674,900.1866372545292,60.744004742913006,29.07934524661248,3.598796856093772,0.16690833900838867,12.543752212584051,20.099523541875893,0.7391418769005647,3000.0,-4.5,0.45,misfire,0.758,253.0
endurance,300,misfire,2097.0,73.70464831734574,73.80956448752296,607.4145207471196,1090.1201270373363,62.24180988633167,29.022849382339192,4.376975119915618,0.28925072920792194,12.623649340425873,19.944570884144714,0.7507495436009628,3000.0,-4.5,0.45,misfire,0.759,252.0
endurance,300,misfire,2098.0,73.42377912313894,73.32941718234424,567.034374704644,825.9392820318174,60.124922588863946,28.713268300468524,1.9853733394826945,1.0061117415138587,12.449897808876413,20.07970159202884,0.6921174831199015,3000.0,-4.5,0.45,misfire,0.76,251.0
endurance,300,misfire,2099.0,73.27279485209944,73.18686004669078,604.0401481122321,1051.324570238823,62.294025858897086,28.840618152771448,4.177709232841736,0.2031517450869171,12.632412300437329,20.078012980020752,0.7506231252313542,3000.0,-4.5,0.45,misfire,0.761,250.0
endurance,300,misfire,2100.0,72.98278064260174,72.37900709809932,582.9969097650377,793.252198336238,59.65356625078213,27.947182259524638,1.9031761610647184,1.0277885392517594,12.522804357602393,19.92726431295012,0.6787748503974144,3000.0,-4.5,0.45,misfire,0.761,249.0
endurance,300,misfire,2101.0,72.82894010743499,73.06084087821665,603.4427601812012,1014.9165814767719,61.95437568051062,29.353093901136322,4.083524965904472,0.22349046313852372,12.649921284980199,20.008723086106247,0.7520281029116826,3000.0,-4.5,0.45,misfire,0.762,248.0
endurance,300,misfire,2102.0,72.76763458685022,72.26668889890213,600.920127256194,1173.8029366999228,63.17858134207691,28.27523539905448,4.710225695410473,0.12712718526091077,12.69038301886827,20.15818871175156,0.7610985171608688,3000.0,-4.5,0.45,misfire,0.763,247.0
endurance,300,misfire,2103.0,72.76888832099671,72.46960937070328,603.8171028455124,1282.540905040246,64.15090218807832,28.552927096603966,5.141082446945849,0.22267728319409838,12.734290902303586,19.96408504152795,0.7670692559894627,3000.0,-4.5,0.45,misfire,0.764,246.0
endurance,300,misfire,2104.0,72.81211817897216,72.47238701765072,604.6439811876849,1352.7299061903786,64.94400369131733,28.256380441647966,5.43729646362642,0.26296742044601557,12.931743627754686,19.711500667734985,0.7709152815608691,3000.0,-4.5,0.45,misfire,0.765,245.0
endurance,300,misfire,2105.0,72.8831978621812,73.52055838698514,600.1367775462646,1403.8692501112628,64.38509873191686,28.481592796241276,5.640943600094312,0.17699730230291802,12.911174524148295,20.315319601273995,0.7719102151948718,3000.0,-4.5,0.45,misfire,0.766,244.0
endurance,300,misfire,2106.0,72.97243955843238,73.29857195607931,608.7904412466795,1438.4857799868703,65.90177941669025,28.379498187184694,5.780951006415989,0.21236176238954022,12.807777211949858,19.812853391117518,0.7713649707412011,3000.0,-4.5,0.45,misfire,0.767,243.0
endurance,300,misfire,2107.0,73.07320634307753,73.56834487109866,607.0725099593036,1466.5628276219481,65.22874462526987,28.788607224817312,5.877206098262141,0.24417078169052484,12.847840284219973,20.102256862744788,0.7707493108787153,3000.0,-4.5,0.45,misfire,0.768,242.0
endurance,300,misfire,2108.0,73.18095821841085,73.65973899084794,610.2504018980266,1488.5214320521063,65.64644809957387,28.87313461626588,5.943381473906371,0.12871878855800667,12.93006958269145,20.14054596434857,0.7700909738583976,3000.0,-4.5,0.45,misfire,0.769,241.0
endurance,300,misfire,2109.0,73.29259627904729,73.78421840303712,602.0134102291987,1492.3655323951116,66.29868135146103,29.40824450205079,5.988877044661778,0.24158959649560025,12.93910419484319,20.043879347998267,0.7694088932174241,3000.0,-4.5,0.45,misfire,0.77,240.0
endurance,300,misfire,2110.0,73.17868871307803,72.72628907867531,720.0619603983654,1102.7971590004659,62.09691608975053,29.04760040734018,2.6502828834404855,0.99764356801523,12.663295825818286,19.66060954136622,0.578648041088657,3000.0,-4.5,0.45,misfire,0.771,239.0
endurance,300,misfire,2111.0,73.14158114796923,72.944483410998,608.3611437754556,1230.711860476743,62.98763152112426,27.343604444693916,4.939584751960038,0.24239485850845827,12.8080037131301,20.063406387584866,0.7619962932221415,3000.0,-4.5,0.45,misfire,0.772,238.0
endurance,300,misfire,2112.0,73.15629253853547,72.8452709724158,607.4501349410637,1320.7423539949973,64.27956300402688,27.509880445800277,5.298766798323675,0.30230933617557376,12.776438400316714,19.67877304757362,0.7668902791147156,3000.0,-4.5,0.45,misfire,0.773,237.0
endurance,300,misfire,2113.0,73.20567177442402,72.37215495348367,607.8495187021639,1385.4575673408212,64.39642603325983,27.73437932088452,5.545704455198675,0.1770098258953905,12.767112585538706,20.173803741013508,0.7699399802095461,3000.0,-4.5,0.45,misfire,0.774,236.0
endurance,300,misfire,2114.0,73.27795026933181,74.260522165021,606.427836821876,1423.1847828177422,66.1017693512481,28.117014564518385,5.715474094300238,0.23715612186683216,12.838443923595795,20.062200454927826,0.7694983766752832,3000.0,-4.5,0.45,misfire,0.775,235.0
endurance,300,misfire,2115.0,73.36505937933356,73.18523829781014,606.3915687963485,1454.3948970377537,65.60152785745547,28.255683331685177,5.832190721182562,0.15381705363045878,12.792867404283855,19.990090415770176,0.7689661617904501,3000.0,-4.5,0.45,misfire,0.776,234.0
endurance,300,misfire,2116.0,73.46147364090876,72.70727874021082,605.7530939968221,1481.6156842972914,65.42336320847475,27.943479932538406,5.912433402164161,0.20583067787432685,12.8786123395252,19.87133728917075,0.768377094755791,3000.0,-4.5,0.45,misfire,0.777,233.0
endurance,300,misfire,2117.0,73.56341550970383,73.3158836383198,601.3664804432664,1492.3903586475074,65.62307204523131,28.816230802908585,5.967600245339009,0.13927993957887982,12.917344385824594,19.635727192534375,0.7677542554229203,3000.0,-4.5,0.45,misfire,0.778,232.0
endurance,300,misfire,2118.0,73.66830863074918,73.55616350133266,602.7582815819409,1496.8054908946342,65.05517160983887,29.490008094988873,6.0055274500217175,0.15008958243504525,12.888731246213915,20.15595594649005,0.7671133846766135,3000.0,-4.5,0.45,misfire,0.779,231.0
endurance,300,misfire,2119.0,73.77440197375829,73.32184560095214,608.2501917488371,1500.019287727504,65.71988047300958,28.745309794013767,6.031602403241081,0.19655450618336046,12.884330972123625,20.018449154751554,0.7664651808741636,3000.0,-4.5,0.45,misfire,0.78,230.0
endurance,300,misfire,2120.0,73.88051143788438,74.00071695317021,609.1241079841344,1502.0650876585592,66.46951958450894,27.71387254594895,6.04952893357939,0.22160626450818827,12.857263421740509,19.880639539731344,0.7658168785757192,3000.0,-4.5,0.45,misfire,0.781,229.0
endurance,300,misfire,2121.0,73.98584221644965,73.27716135650114,607.64761378837,1503.2640293459012,66.7658268801119,29.370020707964418,6.06185342318698,0.3225020195978432,12.963049050678205,20.064209689435707,0.76517333385138,3000.0,-4.5,0.45,misfire,0.782,228.0
endurance,300,misfire,2122.0,74.08986668388285,74.49201672877078,601.892935757905,1506.1229942603848,66.61057663167216,28.38806151969303,6.070326509792197,0.21285026634113233,12.900760843445262,19.96031492833592,0.7645377703614801,3000.0,-4.5,0.45,misfire,0.783,227.0
endurance,300,misfire,2123.0,74.1922404539087,74.02370045831809,604.8159135252265,1520.4461187605195,66.87789574504451,28.562058818256183,6.076151756833284,0.18313476730575975,12.94987890328537,20.109866791204027,0.7639122922200647,3000.0,-4.5,0.45,misfire,0.784,226.0
endurance,300,misfire,2124.0,74.29274468021306,74.06331337994321,608.7284520939097,1514.813623564977,65.2174317077561,28.390363882323374,6.080156614174032,0.17785066353437773,12.952535038710767,20.209820072786798,0.7632982365234016,3000.0,-4.5,0.45,misfire,0.784,225.0
endurance,300,misfire,2125.0,74.39124639855625,74.02981486849052,608.5372361583992,1518.0734268645208,66.00395158000501,29.047896454985082,6.082909953595794,0.19252144349502712,12.959664776744749,19.933825633116072,0.7626964156497542,3000.0,-4.5,0.45,misfire,0.785,224.0
endurance,300,misfire,2126.0,74.48767127213424,74.50855092665485,609.4197490406401,1516.8683309496641,66.20985916206706,29.12901901017386,6.084802874448258,0.2720821881297313,12.896105676875091,19.835959422682805,0.7621072837784112,3000.0,-4.5,0.45,misfire,0.786,223.0
endurance,300,misfire,2127.0,74.581984863931,74.60564292790671,608.5132444085436,1514.0089299774581,66.1340588743393,28.97697781699258,6.086104257534326,0.1493886543741189,12.817552097003944,19.921427234877086,0.7615310513109309,3000.0,-4.5,0.45,misfire,0.787,222.0
endurance,300,misfire,2128.0,74.67417977114097,74.21539251532539,608.2822415704453,1511.483336075776,66.36044707902734,29.25823742744652,6.086998958405998,0.17997340579152799,12.890191403330583,20.257091922804776,0.7609677634766048,3000.0,-4.5,0.45,misfire,0.788,221.0
endurance,300,misfire,2129.0,74.76426678953443,74.7330862241507,606.7841978732989,1522.6261500820124,66.86501379608546,29.404426631832894,6.087614065255273,0.1546018576122542,12.908010894140794,20.06305190964866,0.7604173543159753,3000.0,-4.5,0.45,misfire,0.789,220.0
endurance,300,misfire,2130.0,74.85226884818354,74.90592135059211,607.1162586532128,1523.9794862008955,65.90206385419094,28.9254969222385,6.088036951214148,0.12763461030837162,12.967370176024,20.293924811822414,0.7598796837381439,3000.0,-4.5,0.45,misfire,0.79,219.0
endurance,300,misfire,2131.0,74.71089372307445,74.86101403292062,631.5636414369665,1113.658081633723,62.95259143168636,29.00549664575629,2.6911863448933384,1.001713092257539,12.73597893511344,19.932776783852184,0.6434308008742965,3000.0,-4.5,0.45,misfire,0.791,218.0
endurance,300,misfire,2132.0,74.64395149394475,73.60988794689607,606.3831667355918,1240.6474105195955,63.89567332199511,29.411580184098334,4.986453301541433,0.2109165510541187,12.802539063662188,19.88032123601967,0.753467515561675,3000.0,-4.5,0.45,misfire,0.792,217.0
endurance,300,misfire,2133.0,74.40013844172697,73.68539223126474,545.3420423548407,935.0390285600326,62.17403091680691,28.033136567836888,2.2367830894033434,0.9310099407672179,12.552302006426986,20.025482447547,0.706979358922913,3000.0,-4.5,0.45,misfire,0.793,216.0
endurance,300,misfire,2134.0,74.26675911628881,74.64773716316569,603.5107353582138,1117.7680898930478,62.42969356660332,29.50575028513698,4.465782904625812,0.1784147320298452,12.639376511588843,20.086701636552743,0.7485474490401626,3000.0,-4.5,0.45,misfire,0.794,215.0
endurance,300,misfire,2135.0,73.98116456325727,73.11627443999998,619.8479002960015,843.2615342049986,60.44221093822848,29.836192921448614,2.0220065506756497,1.049453287388471,12.536442432942952,19.928823660515953,0.644846236350304,3000.0,-4.5,0.45,misfire,0.795,214.0
endurance,300,misfire,2136.0,73.82286174455326,73.58176386584216,605.925873182122,1055.6953792029785,61.931988963887044,29.051187757866476,4.219684787333664,0.20796391573107884,12.667504886374164,19.98805531860506,0.7478447903205676,3000.0,-4.5,0.45,misfire,0.796,213.0
endurance,300,misfire,2137.0,73.75116619709218,74.56068719758521,612.4265489835899,1191.8586485311089,64.2121100585083,28.83548109936568,4.803835572643043,0.2594977556615268,12.697160176294469,20.08882450232811,0.75638827874544,3000.0,-4.5,0.45,misfire,0.797,212.0
endurance,300,misfire,2138.0,73.7381289190773,73.92010020244122,607.2374207523675,1298.7113349170195,63.38805168269136,28.987976517651717,5.20543923754324,0.1623058017616414,12.771592682308404,19.9186670263864,0.7620404277605096,3000.0,-4.5,0.45,misfire,0.798,211.0
endurance,300,misfire,2139.0,73.76455602485754,74.53147507982237,608.0049599648039,1366.0186652365521,65.17796274493118,28.864706229773955,5.481541757162127,0.17069337315777172,12.811995016785643,20.013107515916012,0.7657100547236502,3000.0,-4.5,0.45,misfire,0.799,210.0
endurance,300,misfire,2140.0,73.81727226986798,73.9014362270535,606.1083687604898,1418.12262513463,65.92564808709068,28.211471978303983,5.671362239400111,0.27759174239311546,12.804066832076865,20.022646904932813,0.7662032540825074,3000.0,-4.5,0.45,misfire,0.8,209.0
endurance,300,misfire,2141.0,73.65991661044421,72.81861241401147,550.2866007083057,1046.4821691774098,61.82267952289983,29.415971567923837,2.5193080262700485,0.9618363444743616,12.580120174785646,20.210836517591147,0.7162454785144801,3000.0,-4.5,0.45,misfire,0.801,208.0
endurance,300,misfire,2142.0,73.59006912028362,73.88934151386545,603.3643295996295,1191.3192096253617,63.93117231813194,28.41840800628702,4.789509394785578,0.16786718371127646,12.724603474458853,20.185760939772344,0.7571737572009252,3000.0,-4.5,0.45,misfire,0.802,207.0
endurance,300,misfire,2143.0,73.57947076968922,73.0480877275498,603.5800138178691,1291.0774168776825,64.3608834494477,28.96334044065869,5.1955899902662335,0.2674160440801616,12.773162420833849,19.860275696505326,0.7628731251071706,3000.0,-4.5,0.45,misfire,0.803,206.0
endurance,300,misfire,2144.0,73.60871520733491,73.80717556033608,608.9341380451102,1370.0641642371888,66.0728283100943,28.809951003396364,5.474770399659184,0.11298141894563996,12.867483374870512,20.04754041707822,0.7665682464649345,3000.0,-4.5,0.45,misfire,0.804,205.0
endurance,300,misfire,2145.0,73.43715865533846,74.56893121059083,497.7440500302446,1019.3950919797156,61.563449803859896,27.86103053097783,2.438213892376915,1.0505517669193178,12.644722177852389,19.997213018118444,0.7561474403642721,3000.0,-4.5,0.45,misfire,0.805,204.0
endurance,300,misfire,2146.0,73.13211480636491,74.16365273587185,658.4360960545931,767.463646694159,59.46859277146826,28.51339775039153,1.8561431535266322,1.0542599071785803,12.538440191422707,19.91495775619494,0.6127888242633986,3000.0,-4.5,0.45,misfire,0.806,203.0
endurance,300,misfire,2147.0,72.96707629765288,72.98148339431,609.5133077055585,1002.3773572243003,62.02964328381822,28.835707918367792,4.029632978100414,0.20320924477512906,12.543026815958083,19.85395457870159,0.7504363412961421,3000.0,-4.5,0.45,misfire,0.807,202.0
endurance,300,misfire,2148.0,72.89722767138358,72.34186401861234,603.4168450751274,1159.692727982996,62.94183835016619,27.63646836822583,4.673174953795184,0.15538271793230948,12.657086020041655,20.058305660917554,0.7597926342938333,3000.0,-4.5,0.45,misfire,0.807,201.0
endurance,300,misfire,2149.0,72.89178362861578,72.68634894258741,606.1882910836439,1280.9846895430246,63.58581253544182,28.750176324314054,5.115610062085338,0.2275487980807854,12.82204965851851,20.07321906136378,0.7659649515895567,3000.0,-4.5,0.45,misfire,0.808,200.0
endurance,300,misfire,2150.0,72.92960400158165,72.88915492802012,605.2129667645298,1354.5500499325449,64.85981498692861,28.786704707249616,5.419784199034818,0.26409239686538283,12.875015820902318,20.01049267511217,0.7699544792601818,3000.0,-4.5,0.45,misfire,0.809,199.0
endurance,300,misfire,2151.0,72.9961790614985,73.06504072510306,605.1505072158765,1409.0755574695024,64.51031857600381,27.89946144920094,5.628903918187586,0.2833488055114463,12.884031900606862,20.048397437262405,0.7712199283123429,3000.0,-4.5,0.45,misfire,0.81,198.0
endurance,300,misfire,2152.0,73.08155693170596,72.87583885991998,605.2432261013395,1439.7531063026006,65.08563784112098,28.33783773657904,5.772673725105114,0.1582994333004111,12.829663291434931,19.94771166122228,0.7706982908698428,3000.0,-4.5,0.45,misfire,0.811,197.0
endurance,300,misfire,2153.0,73.17891869788075,73.71522615765856,607.2446303318399,1468.5876264655851,66.09950917484474,28.23524027386971,5.871515467360914,0.08300461363624884,12.836577113588426,19.94014311561906,0.7701034348189564,3000.0,-4.5,0.45,misfire,0.812,196.0
endurance,300,misfire,2154.0,73.28359880966622,73.5591357760624,606.0786667344815,1487.2535999574493,65.06141447539258,28.39776239063841,5.939469165161777,0.1544286526876832,12.823320543343462,20.314526222547922,0.7694638655059751,3000.0,-4.5,0.45,misfire,0.813,195.0
endurance,300,misfire,2155.0,73.1650884943147,73.37960743940229,630.5673973676895,1096.019338519751,63.44514343037195,28.345884526637708,2.629902133146735,0.9517438487182137,12.687643476692022,20.546314921475663,0.6555034961869427,3000.0,-4.5,0.45,misfire,0.814,194.0
endurance,300,misfire,2156.0,73.12499307373332,72.882461735083,608.9506911550906,1223.0663919393605,63.29762746229504,28.50984005843718,4.916231808915117,0.24932169672445487,12.81962719121395,20.120495210486734,0.7617736059555926,3000.0,-4.5,0.45,misfire,0.815,193.0
endurance,300,misfire,2157.0,73.13782264518206,73.1771693531217,612.1730228395729,1317.3654224732763,63.622884758895765,29.08959672557378,5.282711649980292,0.17407023369662813,12.874321293223609,19.562906441100292,0.7667803506216173,3000.0,-4.5,0.45,misfire,0.816,192.0
endurance,300,misfire,2158.0,73.18607635881581,72.81618637890755,608.275792688595,1383.7971608324438,65.12620805283868,28.158754594525867,5.534666540712599,0.17106124588712338,12.8597732904527,19.79494212783605,0.7699815594661197,3000.0,-4.5,0.45,misfire,0.817,191.0
endurance,300,misfire,2159.0,73.0304221546069,73.66064146023406,599.9611779200818,1020.6983606276754,62.048005816573024,28.73835360047673,2.46292105056145,1.0478940346259893,12.638199986996478,20.026026030215768,0.6734584393484548,3000.0,-4.5,0.45,misfire,0.818,190.0
endurance,300,misfire,2160.0,72.96640030221576,72.83334916036337,606.4664219461083,1180.5778865152902,63.52201525331422,27.95445242206849,4.72489931845281,0.215339185708596,12.64198518090502,20.217230551586884,0.7600877137536972,3000.0,-4.5,0.45,misfire,0.819,189.0
endurance,300,misfire,2161.0,72.7370289849202,73.27075693974557,610.9761702375639,882.7999475250207,60.9132627028848,27.75630491090076,2.1288920713792865,0.9980349998908402,12.562437771386463,19.91955831095497,0.6598252204857769,3000.0,-4.5,0.45,misfire,0.82,188.0
endurance,300,misfire,2162.0,72.62571628110996,72.64317408196712,602.5461349400485,1091.9456333837943,62.64187332125449,28.621248504497107,4.3421577798065805,0.08729353734560626,12.73056926253739,20.173001910208516,0.7568584368914633,3000.0,-4.5,0.45,misfire,0.821,187.0
endurance,300,misfire,2163.0,72.5944645865273,72.33454333378552,608.3582661988347,1217.5560485322603,63.02054882027484,27.857029799573215,4.888035754968173,0.20891299221525508,12.668049106238684,20.07912934542157,0.7646237650250796,3000.0,-4.5,0.45,misfire,0.822,186.0
endurance,300,misfire,2164.0,72.61717684080557,72.63272236022225,607.5838511129584,1328.786730672992,64.40209958504265,27.122706556397116,5.263326862891768,0.19245669746503863,12.891358264248792,20.050934995753188,0.7696923906431927,3000.0,-4.5,0.45,misfire,0.823,185.0
endurance,300,misfire,2165.0,72.67593698148993,72.71669741697099,607.5032467961213,1376.389938215308,65.13246077076258,28.72585077759432,5.52133949958924,0.2087585418531253,12.852333642610311,19.761456194400054,0.7729134627455583,3000.0,-4.5,0.45,misfire,0.824,184.0
endurance,300,misfire,2166.0,72.75845277108161,72.69409662964948,602.1993941684206,1413.3016428848193,65.45993324356616,28.447299644541648,5.698723187318751,0.2070486785377754,12.843810148017504,20.06969414376684,0.7726723765152175,3000.0,-4.5,0.45,misfire,0.825,183.0
endurance,300,misfire,2167.0,72.8562977551811,72.16870492325415,603.6116466198325,1449.0275316038103,65.79231738960237,28.421549370419058,5.820674472632789,0.14846180696232691,12.931432359061139,19.813675266597127,0.7720745681236155,3000.0,-4.5,0.45,misfire,0.826,182.0
endurance,300,misfire,2168.0,72.7363794973981,72.13619979354378,694.0039054822656,1070.9296263355786,63.334942392880336,28.09540904043227,2.5808993224785284,0.9942374092950664,12.603887441245542,20.455938080494228,0.6018509067627842,3000.0,-4.5,0.45,misfire,0.827,181.0
endurance,300,misfire,2169.0,72.69852896215599,72.93862732047029,603.4920048180909,1218.439082552653,63.3793478632173,28.63820714016116,4.860082755024463,0.22414092411307576,12.688916747221912,20.101261545412164,0.763600092872619,3000.0,-4.5,0.45,misfire,0.828,180.0
endurance,300,misfire,2170.0,72.71603824170873,72.74108264411039,603.3317899709883,1310.809495854748,64.59018056179592,28.032756262266236,5.244109175430466,0.19598490461935672,12.778748082584523,19.964660974050304,0.7688217151260186,3000.0,-4.5,0.45,misfire,0.829,179.0
endurance,300,misfire,2171.0,72.77057092911075,73.0119947335482,608.3874978128865,1375.2950544020016,64.96204362053918,28.57122672248689,5.508127339459595,0.16970232099102606,12.839511670348296,19.91593323038835,0.7721519462463905,3000.0,-4.5,0.45,misfire,0.83,178.0
endurance,300,misfire,2172.0,72.84954542232083,73.06191209751725,605.7659692959236,1425.2041883251143,65.04672874104827,27.971338560679037,5.6896398272296205,0.2221860392725855,12.892102978084823,19.955386381774872,0.7721158231893086,3000.0,-4.5,0.45,misfire,0.83,177.0
endurance,300,misfire,2173.0,72.9443359601044,73.72423198420964,603.7407512582374,1451.4452155089082,65.63937412048105,27.482590954883182,5.814429662571512,0.1697843919733308,12.942059539144603,20.369770022832423,0.7715366767010854,3000.0,-4.5,0.45,misfire,0.831,176.0
endurance,300,misfire,2174.0,73.04903584820602,72.91326956095747,607.2357024403506,1476.0350993954626,65.71381102385024,28.441546654929233,5.900222674369064,0.2486578024346982,12.852242109885609,19.979536477950486,0.7708969865597566,3000.0,-4.5,0.45,misfire,0.832,175.0
endurance,300,misfire,2175.0,73.1596071909995,74.40982542245028,606.8609547826062,1479.5255800459813,65.79998285726036,29.12915570972708,5.9592053699798795,0.207197901178255,12.954614954851143,19.6288069474146,0.7702214232981242,3000.0,-4.5,0.45,misfire,0.833,174.0
endurance,300,misfire,2176.0,73.27329634532877,73.24078974003251,608.0322606625431,1502.820639801465,65.56629812016205,27.972711532836872,5.9997559732123165,0.18055027713905097,12.964099418168244,19.933940124532388,0.7695268109874609,3000.0,-4.5,0.45,misfire,0.834,173.0
endurance,300,misfire,2177.0,73.38823205803752,73.573179881222,601.2236406982752,1500.71888468209,65.97847321203213,28.70658477446806,6.0276345129346165,0.21769710948419974,12.959302773797942,20.30103223840326,0.7688245825167386,3000.0,-4.5,0.45,misfire,0.835,172.0
endurance,300,misfire,2178.0,73.50314919822483,73.96159819920895,602.5815483444994,1508.1295815279059,65.90477535262357,27.8793824499414,6.0468010089936985,0.21854421696988094,12.862490323064232,20.127042405094727,0.7681224675194791,3000.0,-4.5,0.45,misfire,0.836,171.0
endurance,300,misfire,2179.0,73.61719883557271,72.80897554345013,612.018916286424,1498.8876547834113,66.16419113257604,29.175491864531292,6.059977975034317,0.3485555436242046,13.010757338498673,19.842911850629974,0.7674256527476929,3000.0,-4.5,0.45,misfire,0.837,170.0
endurance,300,misfire,2180.0,73.72981768130253,74.28555085441502,613.4372321998206,1514.3003936749667,67.24255927504231,28.48568847553802,6.06903713918724,0.16548391237626286,12.897263364877807,20.06054853222786,0.7667375797549951,3000.0,-4.5,0.45,misfire,0.838,169.0
endurance,300,misfire,2181.0,73.84063834065083,73.98364609974534,603.5411316699991,1520.5102422597142,66.1458053916796,28.03739548918052,6.075265314542377,0.26537824727029014,12.88696775404624,19.686150471434583,0.7660604932315419,3000.0,-4.5,0.45,misfire,0.839,168.0
endurance,300,misfire,2182.0,73.94942762298304,73.9258639507515,607.3545628467718,1515.3775765301696,65.99763070163085,28.127377858712812,6.079547185099033,0.16989160795141356,12.893653063880333,19.972203181237873,0.7653958179138127,3000.0,-4.5,0.45,misfire,0.84,167.0
endurance,300,misfire,2183.0,74.05604414125882,73.43516120929772,610.2659729608648,1519.28335165851,65.81299518021316,28.43348591601219,6.0824909711067345,0.17868429061811414,12.882092597789674,20.08150264566973,0.7647444176412772,3000.0,-4.5,0.45,misfire,0.841,166.0
endurance,300,misfire,2184.0,74.16040917265838,73.54164550010871,607.2455405648855,1521.995437261614,66.44424827564727,28.80143511286625,6.0845148239870275,0.23720910038218734,12.971606654494511,20.24308245523898,0.7641067733906838,3000.0,-4.5,0.45,misfire,0.842,165.0
endurance,300,misfire,2185.0,74.26248663599517,74.035033112055,608.8703315842745,1517.5641060508342,66.04869181731841,28.421274579900103,6.0859062228422305,0.1981598554431427,12.914367966012836,20.215770931511354,0.7634831056090617,3000.0,-4.5,0.45,misfire,0.843,164.0
endurance,300,misfire,2186.0,74.36226933666383,74.63770356331666,611.0753112762353,1520.130347888539,66.13194216101192,27.95957332932987,6.086862809555182,0.22547876266926048,12.928118050354746,20.194090921300827,0.7628734582536515,3000.0,-4.5,0.45,misfire,0.844,163.0
endurance,300,misfire,2187.0,74.45976952026898,73.82083839725348,612.7455746842239,1516.3888084670925,65.72878091459836,27.55322069530193,6.087520462920337,0.18656827436439602,12.920966878109045,20.214864453736126,0.7622777565068699,3000.0,-4.5,0.45,misfire,0.845,162.0
endurance,300,misfire,2188.0,74.55501238822879,74.38082152522671,601.5466298151988,1520.457772423518,65.6122831174612,28.4029975849969,6.087972599608879,0.2358086002709141,12.948271976430627,19.815618839900534,0.7616958463943524,3000.0,-4.5,0.45,misfire,0.846,161.0
endurance,300,misfire,2189.0,74.64803164949835,74.03869078970484,607.3195720004785,1523.986267997634,66.47558201180911,28.463044225545545,6.088283443582253,0.23393715773109794,12.917762545685534,20.168231323666994,0.7611275219628109,3000.0,-4.5,0.45,misfire,0.847,160.0
endurance,300,misfire,2190.0,74.73886647189345,74.61157861054352,604.7336468092817,1511.8373897963945,66.02889442337515,29.313037532260054,6.088497148813947,0.183403679084308,12.872209628733087,19.91863731689754,0.7605725439066824,3000.0,-4.5,0.45,misfire,0.848,159.0
endurance,300,misfire,2191.0,74.82755939541299,74.80489874694136,609.4477755420419,1518.2879145374582,66.91035324176013,28.82664417433629,6.088644071160738,0.16491773381308122,12.929780686374517,20.306382494257672,0.7600306523172088,3000.0,-4.5,0.45,misfire,0.849,158.0
endurance,300,misfire,2192.0,74.91415490671457,75.19468245483154,611.6332300951188,1515.7514485609202,66.10959107262975,28.436634031565287,6.088745080274156,0.20250095713884395,12.902051665634662,20.033065237526493,0.759501575392034,3000.0,-4.5,0.45,misfire,0.85,157.0
endurance,300,misfire,2193.0,74.99869846791674,75.82485338981392,605.4839101068465,1524.5008299901888,65.79049900877645,28.60714888021675,6.0888145240396305,0.10970275472705351,12.905969193817759,19.871860976092687,0.7589850353689791,3000.0,-4.5,0.45,misfire,0.851,156.0
endurance,300,misfire,2194.0,75.08123585754026,74.72632512360859,608.1913225800338,1520.3259385401766,66.54371424900702,29.57455455600402,6.088862266628396,0.17425927775830852,12.976367260012868,20.12390908022621,0.7584807525527266,3000.0,-4.5,0.45,misfire,0.852,155.0
endurance,300,misfire,2195.0,75.16181272583927,75.00311478911344,610.9272105803497,1517.7069970013106,65.93297414365883,28.478171041565087,6.08889508965817,0.13223318740894496,12.893456593123712,19.772863313063272,0.7579884480316368,3000.0,-4.5,0.45,misfire,0.852,154.0
endurance,300,misfire,2196.0,75.2404742973245,75.2681260495508,609.6221629774626,1518.7116741165976,65.9526375732001,29.745245363655496,6.088917655491141,0.22289608031290492,12.939721646795883,19.8989526462976,0.757507845495255,3000.0,-4.5,0.45,misfire,0.853,153.0
endurance,300,misfire,2197.0,75.31726517428525,75.07722588727329,604.3215308899217,1526.2166290077782,66.54567419807366,28.601863715321695,6.088933169501308,0.2088617606702029,12.900572012717967,20.319574744243127,0.757038672434744,3000.0,-4.5,0.45,misfire,0.854,152.0
endurance,300,misfire,2198.0,75.16490608403933,75.69525619580152,560.1338588397293,1133.8485620133142,62.648018769242654,28.188031896664643,2.6915560349367915,0.9776874515258767,12.693567457371996,20.26728880365747,0.6985960364187039,3000.0,-4.5,0.45,misfire,0.855,151.0
endurance,300,misfire,2199.0,75.0872141077645,75.1993390344604,604.8226522352996,1247.3249494773513,63.93731704749176,28.322714454471335,4.9868769047162225,0.23744658958824058,12.766271375646452,19.924438005421262,0.7507651695579425,3000.0,-4.5,0.45,misfire,0.856,150.0
endurance,300,misfire,2200.0,75.06021160810027,75.00353247872226,608.9730140443875,1326.5845924149928,64.33454262687914,29.82740531923345,5.331280153343552,0.16361408326998922,12.73538987080147,19.76245626089082,0.7557089521063803,3000.0,-4.5,0.45,misfire,0.857,149.0
endurance,300,misfire,2201.0,74.84010617108807,74.86221108439229,612.582806065607,999.9449061640815,60.4553292005965,28.84205212237395,2.3790241657717175,0.9417433374188076,12.58070536236991,19.942769516343752,0.6557708626352102,3000.0,-4.5,0.45,misfire,0.858,148.0
endurance,300,misfire,2202.0,74.71936419060663,74.7921692119337,613.1552755091087,1162.8696959666786,62.34628595876611,29.391503197602304,4.628767471297908,0.2269387503856236,12.706960046207602,19.764103975660714,0.7480436549335884,3000.0,-4.5,0.45,misfire,0.859,147.0
endurance,300,misfire,2203.0,74.6662064791695,74.41098367896663,612.1793489817198,1258.600087116368,64.28759730968883,28.819455412058357,5.08507991786846,0.2604717210737163,12.687365813306188,20.15724307208137,0.7547000473045649,3000.0,-4.5,0.45,misfire,0.86,146.0
endurance,300,misfire,2204.0,74.65880218126836,73.70847370459374,610.7059699885049,1346.2208107393612,63.944366305485595,29.603932595051855,5.398794724885715,0.10126101909128006,12.817621197452254,20.060416114174572,0.7590982689935888,3000.0,-4.5,0.45,misfire,0.861,145.0
endurance,300,misfire,2205.0,74.68215950687052,74.80811297271264,607.3636158786198,1400.1984165095985,65.79965343563916,28.992434558278795,5.614473654710078,0.19833976356716143,12.826025252296864,20.289371212035924,0.7609190092862311,3000.0,-4.5,0.45,misfire,0.862,144.0
endurance,300,misfire,2206.0,74.49866499500904,74.60995137863328,589.4448603965908,1044.2337696062382,62.69933516415089,28.411194994074236,2.495841485085409,0.9218883197733376,12.626629981653549,19.795268138588114,0.6738148443794179,3000.0,-4.5,0.45,misfire,0.863,143.0
endurance,300,misfire,2207.0,74.17771109901541,74.02749019324985,647.2657336734989,786.4491610620732,59.69917814351741,27.883533033808884,1.8957621235137214,1.0256752779126663,12.439151169633725,20.059306285749035,0.6147374222337516,3000.0,-4.5,0.45,misfire,0.864,142.0
endurance,300,misfire,2208.0,73.99421513097407,74.52711050469917,605.1259000472462,1012.9830667445078,61.888155163378,28.358627429856558,4.0750297145439545,0.29892088540002215,12.608070175000945,20.103908637839986,0.7447906870698704,3000.0,-4.5,0.45,misfire,0.865,141.0
endurance,300,misfire,2209.0,73.90433673041291,73.43244105000356,606.7082268019163,1174.121831167896,63.45134152044184,29.32537531972015,4.704385210100117,0.16369426404306214,12.828148885195011,20.029999691581036,0.7540725109620998,3000.0,-4.5,0.45,misfire,0.866,140.0
endurance,300,misfire,2210.0,73.87795671517372,74.88166568018232,605.53460924363,1276.693885725316,63.82662434912508,27.81230899054504,5.137067113294979,0.06264193292265113,12.739068135271932,19.960498656664022,0.7602374101776082,3000.0,-4.5,0.45,misfire,0.867,139.0
endurance,300,misfire,2211.0,73.89438871162562,74.4851473423952,608.2446363710535,1347.248113412094,64.78290733416738,28.306659545938395,5.434535921741446,0.21052081593394534,12.835945494326678,20.07178211088137,0.764264574980499,3000.0,-4.5,0.45,misfire,0.868,138.0
endurance,300,misfire,2212.0,73.93943091237874,73.70600633110584,606.6138132263063,1405.1434227470027,65.64443878182915,27.198141260855877,5.6390457275483925,0.20354136604942052,12.836132660916753,20.12614964742921,0.7654568953164274,3000.0,-4.5,0.45,misfire,0.869,137.0
endurance,300,misfire,2213.0,74.00333917137007,74.6223680628791,610.827302422683,1436.7776965506425,65.85334029055541,27.743157149183446,5.779646219040669,0.07898294946905456,12.823888215979498,20.408532838241108,0.7650664318310549,3000.0,-4.5,0.45,misfire,0.87,136.0
endurance,300,misfire,2214.0,74.0794335181151,73.07291083895497,609.3411973555096,1464.5825219779024,65.50487091292706,28.332198824815517,5.876309056941608,0.12398304581075642,12.936296899633072,20.1596910886219,0.7646015143960295,3000.0,-4.5,0.45,misfire,0.871,135.0
endurance,300,misfire,2215.0,74.16314014736487,74.27752798222818,605.9927640366528,1494.286337883707,64.54159973172426,28.163959601439394,5.942764757998504,0.15293689831073806,12.900806339485975,20.218256344955716,0.7640900878179708,3000.0,-4.5,0.45,misfire,0.872,134.0
endurance,300,misfire,2216.0,74.25133279783994,73.55436898151493,610.0430304084057,1504.028806623849,65.66612702235204,29.338529554195404,5.98845305247512,0.11521532454661075,12.946955844993512,20.00219014520107,0.7635512527717307,3000.0,-4.5,0.45,misfire,0.873,133.0
endurance,300,misfire,2217.0,74.34187996069629,72.95749669804171,608.2142904926602,1494.3928373134218,65.16465839539248,28.450123534417656,6.019863754927795,0.19734183037487807,12.941528332874801,19.920175882596975,0.7629980322434692,3000.0,-4.5,0.45,misfire,0.874,132.0
endurance,300,misfire,2218.0,74.43333359568014,74.51315508605083,609.6024261312162,1511.9679045812302,65.88516284727058,28.3146269375417,6.041458612864008,0.10200941453069623,12.908122238050751,20.203737270492756,0.7624392733971266,3000.0,-4.5,0.45,misfire,0.875,131.0
endurance,300,misfire,2219.0,74.5247151335726,74.79005424450608,608.1357797911478,1507.1376290565884,65.85622175366257,28.549289592782152,6.056305077695154,0.13853140402364278,12.948831487430338,19.675528120554144,0.7618809550459882,3000.0,-4.5,0.45,misfire,0.875,130.0
endurance,300,misfire,2220.0,74.38804523720131,73.09488275741565,657.2563229924388,1120.422311785113,62.236457721978304,28.610028154907006,2.6780969470667535,1.0021447784328867,12.706173075900693,19.899234802267692,0.6256375407169902,3000.0,-4.5,0.45,misfire,0.876,129.0
endurance,300,misfire,2221.0,74.32666297918786,74.68125682989145,610.5415668360421,1242.7200786349547,64.42927162836884,28.59547404061811,4.97145503319847,0.1879451011119634,12.769369823441455,19.71758597898666,0.7551979589919177,3000.0,-4.5,0.45,misfire,0.877,128.0
endurance,300,misfire,2222.0,74.31626529883728,73.78685537212053,607.324105309605,1326.0061977531939,65.16985316545177,28.69482025244619,5.320677616675097,0.1059157123548225,12.706269816968671,19.799766210331384,0.7601071614405057,3000.0,-4.5,0.45,misfire,0.878,127.0
endurance,300,misfire,2223.0,74.34016231034342,74.45994418594495,608.0344367394662,1398.0963684993549,65.8285708691114,29.36563220609744,5.560768142815278,0.22494221636258593,12.760970601233973,19.90160471086183,0.7630085266577126,3000.0,-4.5,0.45,misfire,0.879,126.0
endurance,300,misfire,2224.0,74.38689774591181,75.28716212142467,610.18216567176,1427.3834422923558,66.13965593820166,28.780208618661504,5.725830379536653,0.20462690405152248,12.858617176071052,20.301699399894783,0.7627229848302486,3000.0,-4.5,0.45,misfire,0.88,125.0
endurance,300,misfire,2225.0,74.2212898953592,74.49357806009161,640.0750500094697,1058.2303079200851,62.45273275136919,29.106232875348805,2.541776134076372,0.9820934791042795,12.640321939544332,19.93119405147017,0.641977148694499,3000.0,-4.5,0.45,misfire,0.881,124.0
endurance,300,misfire,2226.0,74.1417272197467,74.33286513602648,610.196485485829,1195.3627952136426,62.64846551397848,28.577568391414587,4.815254101646991,0.2353204427750103,12.806003371385176,19.680441511630907,0.7541604875548928,3000.0,-4.5,0.45,misfire,0.882,123.0
endurance,300,misfire,2227.0,73.89318098301588,73.38562277779627,592.0860336212421,895.7122508702048,61.077769745326684,29.21373052084313,2.166163419446886,1.0534627031588826,12.575096487415284,20.019020749218058,0.6689747336955472,3000.0,-4.5,0.45,misfire,0.883,122.0
endurance,300,misfire,2228.0,73.76039707584883,73.21608570094389,605.3699131625456,1088.8329661788584,62.58140459941159,28.89353771370686,4.384864532800706,0.2049901939018189,12.745496329045505,19.882457631886567,0.7505184030140308,3000.0,-4.5,0.45,misfire,0.884,121.0
endurance,300,misfire,2229.0,73.70629282667149,73.0514226295146,604.2385596310238,1224.7784091978133,63.944065470604905,28.878165904374526,4.917396647651634,0.19709777310267668,12.685473980489148,20.058335446768947,0.7582381726342622,3000.0,-4.5,0.45,misfire,0.885,120.0
endurance,300,misfire,2230.0,73.7053954926716,74.06561416114602,605.5288911096318,1316.833627341877,64.48183775371527,28.83490446495173,5.283512476611646,0.28206717205647824,12.822400489871606,20.46279325582394,0.7633237343720443,3000.0,-4.5,0.45,misfire,0.886,119.0
endurance,300,misfire,2231.0,73.74021364292028,73.9788371167967,601.8601691570634,1376.4206294306994,64.76981276698498,28.753604780816055,5.535217109021655,0.18213183433755564,12.777889483033672,19.978497068705146,0.7666035586638835,3000.0,-4.5,0.45,misfire,0.887,118.0
endurance,300,misfire,2232.0,73.79874249650952,73.69273575607238,611.0744428196836,1419.0710989191307,65.2680048592253,28.107183319954515,5.708264043803537,0.2887858483894059,12.81266513969318,19.58951137219521,0.7663164663652842,3000.0,-4.5,0.45,misfire,0.888,117.0
endurance,300,misfire,2233.0,73.87274885447175,73.1946412775536,611.7020786908131,1463.8922610858674,65.93762301301815,29.205202550150453,5.82723381146608,0.24969180969536636,12.871747051728608,19.60345291404082,0.7658643060197246,3000.0,-4.5,0.45,misfire,0.889,116.0
endurance,300,misfire,2234.0,73.95659200213994,73.85449635621026,606.7352560058224,1480.3769720504115,65.96564556302359,27.65078112438885,5.909025526734078,0.2354533681740381,12.940566791115142,20.376678850671365,0.7653520453482587,3000.0,-4.5,0.45,misfire,0.89,115.0
endurance,300,misfire,2235.0,73.8190899653907,74.13224199450475,667.5906150606025,1087.688907209653,61.70772355843058,29.03211207118405,2.6173441322953104,1.0139750395332723,12.657729890045623,20.366747547064012,0.6218570195256224,3000.0,-4.5,0.45,misfire,0.891,114.0
endurance,300,misfire,2236.0,73.76138253036623,73.76688779723212,603.9348647405096,1222.6410552097966,63.37769430555597,28.44171960972173,4.9018424329395245,0.2131021324636972,12.77085822411052,19.75629105888198,0.7576857641511521,3000.0,-4.5,0.45,misfire,0.892,113.0
endurance,300,misfire,2237.0,73.75765709318848,74.3473406446655,604.8685895023802,1312.141421618329,64.02814402383632,28.478148981913208,5.2728189539970725,0.18192410172140128,12.85796739336508,19.953593974076227,0.762856049944188,3000.0,-4.5,0.45,misfire,0.893,112.0
endurance,300,misfire,2238.0,73.79018836466365,73.87851167859324,606.6319568158201,1380.44662009951,65.93383465974631,29.48088736888232,5.527865312224135,0.21470557586736783,12.840543549356015,19.799429393707776,0.7661962149667694,3000.0,-4.5,0.45,misfire,0.894,111.0
endurance,300,misfire,2239.0,73.84681058739638,74.22529368460097,603.5570679687887,1423.925258509419,64.92622690967033,28.754178048199822,5.703209683505242,0.2023376469668701,12.860569120193892,20.088291016406902,0.7660227823469883,3000.0,-4.5,0.45,misfire,0.895,110.0
endurance,300,misfire,2240.0,73.91917969689027,73.57596865208752,605.5955656075737,1443.144037385828,65.98748701666493,29.48396140300803,5.823758938761002,0.2530756358582416,12.885890570415466,19.78463029669409,0.7655806251802579,3000.0,-4.5,0.45,misfire,0.896,109.0
endurance,300,misfire,2241.0,74.0015785688571,73.9615783535568,605.4840392378949,1470.717313504488,64.922177741912,28.781612564353665,5.906636551749337,0.2779324296757755,12.908019912233561,20.247827684181487,0.7650771886722586,3000.0,-4.5,0.45,misfire,0.897,108.0
endurance,300,misfire,2242.0,74.09009563801956,74.0066254996096,606.8397363907837,1491.6480817417005,65.46122765549399,28.514442096649486,5.963614910678818,0.23894693115290336,12.984479657485773,20.054317352308132,0.7645363715089433,3000.0,-4.5,0.45,misfire,0.898,107.0
endurance,300,misfire,2243.0,74.18206020954722,74.07743811840405,604.0302878864784,1490.595139123022,65.6711133126312,29.12687260733731,6.002787532442835,0.30153450125810793,13.016913894327757,20.26034282797984,0.7639744909680521,3000.0,-4.5,0.45,misfire,0.898,106.0
endurance,300,misfire,2244.0,74.27565424641575,73.91598830250636,606.289835667415,1515.0160905075072,65.50896279744705,28.497896983753538,6.029718709905597,0.23960496986531193,12.957500183444223,20.02941845489879,0.7634026548012947,3000.0,-4.5,0.45,misfire,0.899,105.0
endurance,300,misfire,2245.0,74.36964548370749,74.01778336615912,611.4155704407061,1513.416676472928,66.5070393564078,28.497685292222904,6.048233894411247,0.32222913105297896,12.818265960142396,20.156189317332544,0.7628283918392516,3000.0,-4.5,0.45,misfire,0.9,104.0
endurance,300,misfire,2246.0,74.46320395493436,74.31226150382562,606.5096582615188,1507.4634464848116,66.35775636356618,27.476800334485556,6.060963083758882,0.17709888189798806,12.905159634982166,19.984988060655613,0.7622567729696732,3000.0,-4.5,0.45,misfire,0.901,103.0
endurance,300,misfire,2247.0,74.55577586388236,74.42182966915412,607.7936222093358,1514.4727708537812,66.03852461973192,28.966298471153305,6.069714401435379,0.1836319568934875,12.98000967522718,19.936821563765257,0.761691181748978,3000.0,-4.5,0.45,misfire,0.902,102.0
endurance,300,misfire,2248.0,74.64699688126414,74.38309200942444,604.6641081608408,1527.5602222421378,66.62571001322144,29.320724997710585,6.075730932337973,0.1576444067297549,12.872347273193194,20.12598952278497,0.7611338441380298,3000.0,-4.5,0.45,misfire,0.903,101.0
endurance,300,misfire,2249.0,74.73663254569462,75.1097432873292,608.7970464060328,1529.732641615907,67.09378539669541,28.478388269826198,6.0798672973335055,0.17673687620471315,12.863759244509648,20.06124243510884,0.7605861926372757,3000.0,-4.5,0.45,misfire,0.904,100.0
endurance,300,misfire,2250.0,74.82453729866201,74.23260389207128,603.6249318541765,1511.0178896091634,66.49857998546469,27.705037936766796,6.082711048267933,0.1760192426406144,12.892724350401162,19.719135400433615,0.7600491165728331,3000.0,-4.5,0.45,misfire,0.905,99.0
endurance,300,misfire,2251.0,74.91062633014921,74.33850506576225,606.6894948157874,1515.433976302916,66.12432894948293,28.640555729597384,6.084666127035352,0.28483274698356853,12.891243117108214,19.781802985673224,0.7595231341127042,3000.0,-4.5,0.45,misfire,0.906,98.0
endurance,300,misfire,2252.0,74.99485623136111,75.32352637971485,605.1646407533044,1510.9763095502428,65.34627781403026,28.787273235962804,6.086010243687953,0.2510150082860692,12.842637166279692,20.021096077225007,0.7590085104737747,3000.0,-4.5,0.45,misfire,0.907,97.0
endurance,300,misfire,2253.0,75.07721170212626,75.69798010264812,611.2573095266318,1520.667444951491,66.64997043218044,28.960565126287953,6.086934323886617,0.16778903954087915,12.874518475272396,20.069024834662056,0.7585053391362674,3000.0,-4.5,0.45,misfire,0.908,96.0
endurance,300,misfire,2254.0,75.15769642068112,74.66998542407904,610.8882723492236,1516.7704022944047,65.62403385110493,28.955865944851023,6.087569629023198,0.23339398445100298,12.952836886046693,20.378574658464945,0.7580135976270768,3000.0,-4.5,0.45,misfire,0.909,95.0
endurance,300,misfire,2255.0,75.23632677489132,75.38947579817106,607.8753985572533,1524.2465121802913,65.98085807989295,27.890333351485197,6.088006401304597,0.17312639817134454,12.922420231761897,19.92567625494917,0.757533185820441,3000.0,-4.5,0.45,misfire,0.91,94.0
endurance,300,misfire,2256.0,75.31312756051447,75.85506318431622,608.8255969170528,1516.8741768620541,65.26333889254714,29.84354416829932,6.088306682248059,0.17028899321025928,12.920384250627308,19.98044738605043,0.7570639522204801,3000.0,-4.5,0.45,misfire,0.911,93.0
endurance,300,misfire,2257.0,75.16080590609532,75.87645319381532,565.0830900261625,1121.2468492633814,62.55791929555253,28.338263473815847,2.691297608944827,0.999967924873919,12.698549842286008,20.178220362535463,0.6987337037783161,3000.0,-4.5,0.45,misfire,0.912,92.0
endurance,300,misfire,2258.0,75.08316956143892,75.50433327183589,603.1532958983837,1248.5726237392896,63.90660592745056,28.539676375560756,4.98658079160043,0.1214496397141596,12.746657775971403,19.991044942983564,0.75078577197572,3000.0,-4.5,0.45,misfire,0.913,91.0
endurance,300,misfire,2259.0,74.8289113657092,74.5344806975774,584.5994700764863,931.09789361077,60.606294091782935,28.810612075791564,2.236835679052679,1.0145267589411207,12.499061545522869,19.92779129008628,0.6703792812964408,3000.0,-4.5,0.45,misfire,0.914,90.0
endurance,300,misfire,2260.0,74.68533170642613,74.95630201613406,611.5070272361311,1113.110636435951,62.73977898981953,28.681209268656655,4.465843163599011,0.28296381377126345,12.60555863500093,19.93223597506246,0.7459909112873837,3000.0,-4.5,0.45,misfire,0.915,89.0
endurance,300,misfire,2261.0,74.61710013975294,74.33649444957838,607.4580203138968,1237.2920282345353,63.70544132693224,28.856309361715045,4.973069456325469,0.2339881878383394,12.763228229881008,20.10371601113532,0.753445861650522,3000.0,-4.5,0.45,misfire,0.916,88.0
endurance,300,misfire,2262.0,74.59994468558038,75.038228351814,609.6244476653804,1330.5886117071448,64.55656107687993,29.240020136219957,5.321787532574908,0.2697728529203463,12.950240615186344,20.320282208794573,0.7583893520638543,3000.0,-4.5,0.45,misfire,0.917,87.0
endurance,300,misfire,2263.0,74.6171956361826,74.53447484758384,605.4176359654326,1381.8738999099762,64.79472885424946,28.667011512158933,5.5615312099963985,0.08714289944433495,12.857514685165375,20.050065207557306,0.7613159222951666,3000.0,-4.5,0.45,misfire,0.918,86.0
endurance,300,misfire,2264.0,74.6574094347021,74.37733252759269,613.2437250807503,1423.775959663851,65.37458827997676,28.47144404610053,5.726354988223672,0.23587466226262363,12.94888694459198,20.260193214640463,0.7610702260396621,3000.0,-4.5,0.45,misfire,0.919,85.0
endurance,300,misfire,2265.0,74.7127351014033,74.1855765297041,604.0358571556515,1460.0464847631358,64.81671239392767,28.421652268543536,5.839671335754923,0.18935820951478063,12.922125606493784,20.57602780513794,0.7607322000475345,3000.0,-4.5,0.45,misfire,0.92,84.0
endurance,300,misfire,2266.0,74.77779116128372,75.4446468466996,610.1227698440143,1470.547249215182,66.52247489608243,28.50880010696656,5.917576324682659,0.174323922701502,12.830606288357325,20.272847791035737,0.7603347237856801,3000.0,-4.5,0.45,misfire,0.92,83.0
endurance,300,misfire,2267.0,74.84889354114095,74.94386209084487,607.9996608359198,1491.6228564341652,65.96188390305981,28.804539478796016,5.971136004570477,0.15437571203419315,12.882635202236045,19.926746887172285,0.7599003060203473,3000.0,-4.5,0.45,misfire,0.921,82.0
endurance,300,misfire,2268.0,74.92352475791823,75.74678750287876,605.2935713379368,1500.2202902875424,66.29149704318688,28.334231654307366,6.007958284493352,0.21009641175180144,12.93623526942846,19.908846802448387,0.7594443279436425,3000.0,-4.5,0.45,misfire,0.922,81.0
endurance,300,misfire,2269.0,74.99996899458695,74.16026599242983,610.1253199250085,1512.6240689950407,65.9576054967466,28.34685392763687,6.033273601940329,0.24178310752375573,12.772283031614265,19.784430693432807,0.7589772727686557,3000.0,-4.5,0.45,misfire,0.923,80.0
endurance,300,misfire,2270.0,75.07706122349926,74.6601642714142,609.4308941607699,1507.6395863503578,66.56069132071742,29.769642442258707,6.0506778826851235,0.09492270214226864,12.810781700998685,19.982756968249316,0.7585062585230588,3000.0,-4.5,0.45,misfire,0.924,79.0
endurance,300,misfire,2271.0,74.92669161165226,75.90569909406345,592.3219734683337,1119.6784860916327,62.89989538623271,29.559671295699975,2.6757757291251165,1.0196927844187131,12.705644315849634,19.880689523250805,0.678739454359971,3000.0,-4.5,0.45,misfire,0.925,78.0
endurance,300,misfire,2272.0,74.85210726502005,75.74602497054309,611.9567229473222,1234.5343473167627,63.71506625797663,29.90263255098782,4.968795304307011,0.25005667643326057,12.86108447652365,19.902836425959634,0.7519507204145127,3000.0,-4.5,0.45,misfire,0.926,77.0
endurance,300,misfire,2273.0,74.82893969866319,74.87197111521418,605.6671783235599,1323.9960653825506,65.23478251577768,29.20839433630916,5.318849053062219,0.2428311540117043,12.862987321280718,20.06061850876181,0.7569494765966407,3000.0,-4.5,0.45,misfire,0.927,76.0
endurance,300,misfire,2274.0,74.61312877722956,74.87918435749164,610.9520168500848,975.9312781698563,61.62221436899934,29.791673512958948,2.3738963369056676,1.0032162930880515,12.627571570697215,20.00834510691157,0.6569560346832073,3000.0,-4.5,0.45,misfire,0.928,75.0
endurance,300,misfire,2275.0,74.49695779897317,75.574559683863,609.380799232506,1154.2503758842322,62.23457773424478,29.59644641445695,4.622891834055559,0.2564875855587456,12.649884186627595,19.865360464127914,0.7493209743533507,3000.0,-4.5,0.45,misfire,0.929,74.0
endurance,300,misfire,2276.0,74.44852263807424,75.08206927919328,607.2100580925015,1267.629632035047,64.0429120952621,29.223344902934624,5.0810404172643455,0.1690619761277027,12.679848305741107,20.32690906753707,0.7559739906310264,3000.0,-4.5,0.45,misfire,0.93,73.0
endurance,300,misfire,2277.0,74.44590746145018,74.21282744706541,606.29088980154,1345.421448649427,64.48888378649352,29.051333695026745,5.396017568220386,0.2321397338194309,12.843755202139503,20.005965944160653,0.7603604677743496,3000.0,-4.5,0.45,misfire,0.931,72.0
endurance,300,misfire,2278.0,74.47406295266998,74.65041583118544,606.9292209753341,1403.1035969349555,64.98043109909165,28.691628823895677,5.612564359502664,0.17692415256088143,12.829410915984573,19.950161554688144,0.7621904272082579,3000.0,-4.5,0.45,misfire,0.932,71.0
endurance,300,misfire,2279.0,74.5226601012432,73.73158452731617,609.0871709206218,1433.7075310330338,64.79828959244234,27.917486252192848,5.761440278509229,0.1589315630192529,12.918995020096865,20.285298085336873,0.7618935107797626,3000.0,-4.5,0.45,misfire,0.933,70.0
endurance,300,misfire,2280.0,74.58461469285737,73.76500422535258,605.7043964332571,1464.5044597084295,65.08585599743277,29.66474041552175,5.863792472826244,0.19784765752184727,12.886047794480081,19.836757150524594,0.7615149837136479,3000.0,-4.5,0.45,misfire,0.934,69.0
endurance,300,misfire,2281.0,74.6550729062772,74.14610713098898,610.8905063683254,1481.7365869758034,66.24337976942988,29.17730197277138,5.934159606419191,0.18574900053465654,12.921710011238549,20.042583713159292,0.761084501644206,3000.0,-4.5,0.45,misfire,0.935,68.0
endurance,300,misfire,2282.0,74.73071392083877,75.42032526540991,611.8835541624236,1488.0884846995853,66.58783561782049,29.625908830217327,5.982537010764343,0.1626121966357642,12.914860833092552,19.692759760929828,0.7606223539554887,3000.0,-4.5,0.45,misfire,0.936,67.0
endurance,300,misfire,2283.0,74.80927046849872,75.3411270391966,606.6505942402612,1512.0445693897152,65.56376791489684,28.73829189706736,6.015796476251633,0.24265885955857208,12.938287752762252,20.36506411773765,0.7601423930884232,3000.0,-4.5,0.45,misfire,0.937,66.0
endurance,300,misfire,2284.0,74.88919922254122,75.22421795110702,606.7374203940234,1511.4621459372074,66.7642317234733,28.765011233787156,6.038662358774147,0.10843595054900204,12.906123392262659,19.887230334662807,0.759654048383412,3000.0,-4.5,0.45,misfire,0.938,65.0
endurance,300,misfire,2285.0,74.96945419876872,75.44504626884171,610.5566395813714,1516.4857360430924,66.94553298322114,29.11651660291736,6.054382653008374,0.22515753720312015,12.858924817061324,19.715323126751866,0.7591637105424062,3000.0,-4.5,0.45,misfire,0.939,64.0
endurance,300,misfire,2286.0,75.04933097756214,75.47792026773361,607.7227949705632,1513.7762007333872,65.92915877567606,28.737670511953326,6.065190355294406,0.21871146242034425,12.95103872483533,20.31743419837636,0.7586756833931729,3000.0,-4.5,0.45,misfire,0.94,63.0
endurance,300,misfire,2287.0,75.12835961508064,74.68227198266155,605.4405581233416,1507.2318963035664,65.66458603954347,28.653464019684048,6.072620650616052,0.21583255038242502,12.887756288359878,19.66289024344625,0.7581928381750944,3000.0,-4.5,0.45,misfire,0.941,62.0
endurance,300,misfire,2288.0,75.20623102804174,75.75126417329632,604.2206876109158,1521.8889186859933,66.17494576448966,29.37098281654347,6.077728978649685,0.16386235639431812,12.924198362068767,20.036562321601583,0.7577170633097552,3000.0,-4.5,0.45,misfire,0.942,61.0
endurance,300,misfire,2289.0,75.05542326587226,74.36863970077914,631.6546254822929,1117.6621044074066,62.83029211655429,29.33520511162572,2.6869343062104973,0.9908645441942392,12.729665760348404,19.700809621484623,0.640572733580148,3000.0,-4.5,0.45,misfire,0.943,60.0
endurance,300,misfire,2290.0,74.97958703818867,74.89561960204925,607.3203392166984,1238.0197011183238,63.351873212105204,28.86130761839254,4.981581173884011,0.2102875831745621,12.736984207232188,20.02858955721381,0.7513492625680365,3000.0,-4.5,0.45,misfire,0.943,59.0
endurance,300,misfire,2291.0,74.9546307854925,75.1099330400696,611.1518298336765,1332.415201089167,63.53155821636662,28.52430399029315,5.327639338396406,0.163288275579011,12.753063148728849,20.11237032578271,0.7563035060210133,3000.0,-4.5,0.45,misfire,0.944,58.0
endurance,300,misfire,2292.0,74.96400734527074,75.30649142426945,606.9522457581625,1389.748209622984,64.74292491464716,28.885861729642656,5.5655543264986775,0.3027221359514876,12.867654248214771,20.05303402315853,0.7591969894555654,3000.0,-4.5,0.45,misfire,0.945,57.0
endurance,300,misfire,2293.0,74.99635595211308,74.60930269930229,603.1506951775888,1429.409720387064,65.59449197021436,29.081412971648007,5.729120880818988,0.19611700985338032,12.877694344140084,19.95370551536041,0.7589993475549104,3000.0,-4.5,0.45,misfire,0.946,56.0
endurance,300,misfire,2294.0,75.04388112174067,75.33038252500769,604.3939613083198,1467.4435932442045,65.52095953855635,28.984111319920054,5.841572886914203,0.20340524958425085,12.804068878710597,19.920839198953402,0.7587089806497782,3000.0,-4.5,0.45,misfire,0.947,55.0
endurance,300,misfire,2295.0,75.10123814251115,75.61796057065118,608.8804809117709,1475.2703263159287,66.07226152267927,29.433251975970613,5.918883641104663,0.21458593874260662,12.94419772219457,20.413285491381,0.7583585435921258,3000.0,-4.5,0.45,misfire,0.948,54.0
endurance,300,misfire,2296.0,75.16476685935541,75.0254545771923,606.8278457735245,1485.3573472347605,66.67119321630764,28.905767140347564,5.972034784610605,0.21719355742209423,12.936426181887601,20.082536720997425,0.7579703990143867,3000.0,-4.5,0.45,misfire,0.949,53.0
endurance,300,misfire,2297.0,75.2319649085584,76.08162577763383,609.7838422464947,1498.1442802100319,65.83728971580126,28.839760701060236,6.00857619577094,0.29311679624850584,12.939077268999027,20.168183569297668,0.7575598357332686,3000.0,-4.5,0.45,misfire,0.95,52.0
endurance,300,misfire,2298.0,75.30112557479674,75.40638611165456,607.9503944797549,1504.8208825126837,66.29395221145005,28.582267447199623,6.033698415943669,0.180979801636828,12.912714270088607,20.135261928467013,0.7571372813527188,3000.0,-4.5,0.45,misfire,0.951,51.0
endurance,300,misfire,2299.0,75.37108882578472,74.35636797128225,604.8218932361874,1514.8243973459405,67.03858881163498,29.08564066461765,6.050969942312421,0.2276186022286542,12.961226072119373,19.838806818797465,0.7567098233799952,3000.0,-4.5,0.45,misfire,0.952,50.0
endurance,300,misfire,2300.0,75.44107015633692,74.79215658506628,606.4587636091884,1513.8425022560646,65.85707732209517,29.352350374327056,6.062844116690939,0.20702328880822946,12.98652792038343,19.868477375103918,0.7562822549456538,3000.0,-4.5,0.45,misfire,0.953,49.0
endurance,300,misfire,2301.0,75.51054292622051,76.00853561093892,611.299566655067,1516.1070122429157,66.1995341769578,29.539985566302704,6.07100761157617,0.22582379779283213,12.914767107196353,19.977809985279517,0.7558577936898575,3000.0,-4.5,0.45,misfire,0.954,48.0
endurance,300,misfire,2302.0,75.57915747480803,75.33753778401552,606.5727157177989,1518.722767135169,65.77772627745753,28.776312915632257,6.076620014309765,0.2233054625792168,12.872649270294293,19.679304438780832,0.755438575951625,3000.0,-4.5,0.45,misfire,0.955,47.0
endurance,300,misfire,2303.0,75.64668551960467,74.74454360803016,610.4383810735729,1526.0667700826798,66.18157018098489,28.91620828372429,6.0804785411891125,0.21283507802075952,12.930456410541494,20.221095531442813,0.7550259964799286,3000.0,-4.5,0.45,misfire,0.956,46.0
endurance,300,misfire,2304.0,75.7129819372679,75.29835674947182,605.7600162079633,1521.442523275851,67.17252818074166,29.25705013951598,6.083131278418663,0.10646825783975293,12.967190979071695,19.889441821701116,0.7546209419421108,3000.0,-4.5,0.45,misfire,0.957,45.0
endurance,300,misfire,2305.0,75.55063536940574,75.23654464194423,571.93033950393,1107.551169231498,61.97379707622835,29.687837798450715,2.6891627548652,0.9505849695247865,12.693516765611525,19.71899327080574,0.6976975637919327,3000.0,-4.5,0.45,misfire,0.958,44.0
endurance,300,misfire,2306.0,75.2360473526855,75.39521396737511,671.0170680547324,841.8033693699726,59.56955314936614,28.648046531130678,2.028670496487328,1.037936173713825,12.476462437041937,19.899793254944996,0.5923626741835022,3000.0,-4.5,0.45,misfire,0.959,43.0
endurance,300,misfire,2307.0,75.0489491975667,75.36193694459607,610.5700544351641,1055.7144894439675,61.61578754040129,29.833638334560494,4.227320558576212,0.2949053059540839,12.622423667803849,20.024014795128892,0.7404596534631749,3000.0,-4.5,0.45,misfire,0.96,42.0
endurance,300,misfire,2308.0,74.72148240853463,74.93839371333948,568.8752774628582,802.5453355850956,59.47177595316424,27.957522751725193,1.92364083293019,0.8976574560036606,12.47014452628352,20.134423851469304,0.6794368762547734,3000.0,-4.5,0.45,misfire,0.961,41.0
endurance,300,misfire,2309.0,74.52956951890408,74.72898625801595,605.1726825783178,1022.7072132517163,61.00770912142656,28.054678464670573,4.106974069083658,0.11340611292947482,12.59199486322378,19.905410425620186,0.7419630528982749,3000.0,-4.5,0.45,misfire,0.962,40.0
endurance,300,misfire,2310.0,74.43005897016378,74.41182736903605,614.7025514604054,1176.7643765018652,63.33816333892058,28.654184136243494,4.726346953846164,0.28800058758297564,12.726573066330955,20.038865228116652,0.7511652120265732,3000.0,-4.5,0.45,misfire,0.963,39.0
endurance,300,misfire,2311.0,74.393302898336,75.05348445510607,609.6733786454072,1290.2718993943813,64.55057613243304,29.03546741451691,5.152165812120387,0.21129168817340815,12.802308125902975,20.255942311866665,0.7572982774417014,3000.0,-4.5,0.45,misfire,0.964,38.0
endurance,300,misfire,2312.0,74.39893678104197,74.20254896290356,611.3767072599977,1351.3422980305718,64.96571804742678,29.418501918120004,5.444916277183914,0.15143470533971398,12.781552995882311,19.838319581162338,0.7613259461429676,3000.0,-4.5,0.45,misfire,0.965,37.0
endurance,300,misfire,2313.0,74.4329779555354,73.50511535500908,613.2779124253094,1413.9298599713836,64.29730721897126,28.660021139067933,5.646182221915089,0.2091463769579947,12.78138796546484,20.05874519644673,0.7624414462695008,3000.0,-4.5,0.45,misfire,0.966,36.0
endurance,300,misfire,2314.0,74.48583086027243,73.85916203624252,607.7317937043289,1446.4616115749434,65.95266932671097,29.221201888600028,5.784552558917772,0.11842405659947375,12.933095146864453,19.91095623396259,0.7621185282347838,3000.0,-4.5,0.45,misfire,0.966,35.0
endurance,300,misfire,2315.0,74.32359252314728,74.44263560347227,601.3935752326446,1066.2041601086544,61.770651450922706,28.98926365283612,2.565999033071084,1.0542555968471508,12.557350463855746,20.110118201218675,0.6710884040448638,3000.0,-4.5,0.45,misfire,0.967,34.0
endurance,300,misfire,2316.0,74.24553005202412,75.21551972100322,599.6114131419148,1196.9951503543016,63.23136210151216,28.942201117774445,4.843009506745099,0.13277088785115537,12.659853542623408,20.020523779472366,0.7539114012854842,3000.0,-4.5,0.45,misfire,0.968,33.0
endurance,300,misfire,2317.0,74.22454143197614,74.70084015647991,610.6690218196243,1301.0615483761924,64.18633124181528,29.148414642118478,5.232371317238405,0.14832667573486058,12.765719826596461,19.74036769396419,0.7594422678554422,3000.0,-4.5,0.45,misfire,0.969,32.0
endurance,300,misfire,2318.0,74.01468987976682,74.32955586727982,600.1884528172886,967.8803397728853,61.17944806670928,27.85606764339093,2.3382242708783445,1.0005109153692977,12.642663625815725,19.973150476759834,0.6659319469162638,3000.0,-4.5,0.45,misfire,0.97,31.0
endurance,300,misfire,2319.0,73.90697108902155,73.88888531619324,603.515072360366,1135.0178043527255,62.88694087801517,27.893125693980853,4.582017591732585,0.13273276235669318,12.728324017404615,19.823421916507538,0.752358490743611,3000.0,-4.5,0.45,misfire,0.971,30.0
endurance,300,misfire,2320.0,73.86859823484475,74.24560937261556,610.4067876651482,1254.1192447156616,64.39449005887782,28.593412361987227,5.0529393756673,0.29317546708695824,12.73395930099427,20.35074793672221,0.7591272647524371,3000.0,-4.5,0.45,misfire,0.972,29.0
endurance,300,misfire,2321.0,73.87705109742876,73.80752386441722,605.989310856743,1333.545492384529,63.706394528548,28.46462091587122,5.3766981021224165,0.23790641935797302,12.843103215044817,20.269591430270776,0.7635679686310901,3000.0,-4.5,0.45,misfire,0.973,28.0
endurance,300,misfire,2322.0,73.68954412905839,73.27037577203158,565.4099514934544,995.4501323370844,61.628267924166444,28.88940061385139,2.3977590696429996,1.0252526956253654,12.518012837805571,19.84707535414246,0.6985553854587891,3000.0,-4.5,0.45,misfire,0.974,27.0
endurance,300,misfire,2323.0,73.59924071936209,73.4254168800811,603.3114534355882,1154.9417047351412,63.69316576418452,29.071104607948374,4.6502345486504195,0.22416649980555914,12.630114752936842,19.89313660023816,0.7551851980344888,3000.0,-4.5,0.45,misfire,0.975,26.0
endurance,300,misfire,2324.0,73.57484552694329,74.03421422489839,607.6889103826379,1275.3337634178972,63.95615808495666,28.117531406069876,5.099838533548312,0.1675498461002832,12.742902484857815,20.290281861951858,0.7615727746291229,3000.0,-4.5,0.45,misfire,0.976,25.0
endurance,300,misfire,2325.0,73.59486489100405,73.7597266536039,602.9173475093445,1360.1544264602596,64.42730158388845,27.88675775558929,5.408941273165613,0.13971720737007076,12.790203208077088,20.061339751214607,0.7657394493661333,3000.0,-4.5,0.45,misfire,0.977,24.0
endurance,300,misfire,2326.0,73.64454328505286,74.20684742527973,604.1300197053912,1408.8408013294932,65.20162853949323,28.00844168855844,5.621449406652507,0.31203074580355644,12.845436330653909,20.041213179772726,0.7672585849974816,3000.0,-4.5,0.45,misfire,0.978,23.0
endurance,300,misfire,2327.0,73.71375714123614,73.2380694024399,609.8658481844303,1444.998796170343,65.44791816414066,28.004763354525544,5.767548748424747,0.1778759221111796,12.904622840992847,19.87954764314475,0.7668357056396657,3000.0,-4.5,0.45,misfire,0.979,22.0
endurance,300,misfire,2328.0,73.79556686667794,74.40035799950792,611.5840690377831,1461.3753107011535,65.46676565915298,28.44007328982245,5.867992045893162,0.2749303767421258,12.845491631232838,19.80378983030318,0.7663358686696478,3000.0,-4.5,0.45,misfire,0.98,21.0
endurance,300,misfire,2329.0,73.885221366537,74.52650405969452,605.2200592159832,1484.8510631508548,65.35084721788897,28.323175256860726,5.937046812902698,0.17150941718626886,12.916702733083012,20.133454015856454,0.765788102089134,3000.0,-4.5,0.45,misfire,0.981,20.0
endurance,300,misfire,2330.0,73.97947366515034,74.20848394664337,602.5825058571602,1493.863898112596,66.23307646362242,28.178390328682376,5.984521965221753,0.19849635788632353,12.914194872044378,20.08079096159001,0.7652122441076811,3000.0,-4.5,0.45,misfire,0.982,19.0
endurance,300,misfire,2331.0,74.07611040683676,73.87321411239094,605.518589340973,1505.6302535900081,66.77483451982312,28.113904953180292,6.017161132441104,0.19904171441132038,12.944349351870917,19.989508492981997,0.7646218177751625,3000.0,-4.5,0.45,misfire,0.983,18.0
endurance,300,misfire,2332.0,74.17362839869809,74.7091912936556,607.867856158375,1509.8905479967202,65.59539123807917,27.969177427533463,6.039600559904407,0.14701776756793547,12.83399184319156,19.74541929735363,0.7640260072243876,3000.0,-4.5,0.45,misfire,0.984,17.0
endurance,300,misfire,2333.0,74.27101224453199,74.81863161205746,605.2100631844477,1506.01160716706,66.65187951792834,28.51395081214085,6.055027666285428,0.3005367187288421,12.8884873949753,19.765091553431827,0.7634310162723039,3000.0,-4.5,0.45,misfire,0.985,16.0
endurance,300,misfire,2334.0,74.3675814786285,74.42189668876031,605.9941804621632,1508.441011273002,65.28087502636062,28.615674736831743,6.065633801922381,0.15194541932089195,12.930005909960192,20.096735603267405,0.7628410023942829,3000.0,-4.5,0.45,misfire,0.986,15.0
endurance,300,misfire,2335.0,74.46288548048682,74.6543430268714,606.7779880150647,1517.2700698850228,66.4194966550896,28.71183311654192,6.0729255201727845,0.20047440708698608,12.997265696795353,20.16213936600917,0.7622587187689289,3000.0,-4.5,0.45,misfire,0.987,14.0
endurance,300,misfire,2336.0,74.55663123867147,74.90949725015795,609.2959170826398,1520.0169592373086,66.24655953575068,29.195128558594025,6.077938576469938,0.2008810218804716,12.981377717623225,19.81238890505262,0.7616859556228603,3000.0,-4.5,0.45,misfire,0.988,13.0
endurance,300,misfire,2337.0,74.42131057269644,73.60901606213135,533.797214406551,1118.2410924917058,62.602031578586775,29.391067363829137,2.687020765311352,0.9961444865289267,12.613859201733518,19.602502758377927,0.7343974547333028,3000.0,-4.5,0.45,misfire,0.989,12.0
endurance,300,misfire,2338.0,74.36058631502709,74.5789732603166,604.0587050142003,1241.9768730453827,63.35821006402686,28.849163055703126,4.98168024160374,0.24492037254787707,12.785594097328264,20.222466296008253,0.7551325768610891,3000.0,-4.5,0.45,misfire,0.989,11.0
endurance,300,misfire,2339.0,74.35037783330151,74.70987204238574,611.4795031417598,1332.3788691388602,64.14647315224582,28.330579093357194,5.32770744745372,0.19275651005732775,12.841917730040791,20.20669657304383,0.7599962855501546,3000.0,-4.5,0.45,misfire,0.99,10.0
endurance,300,misfire,2340.0,74.69462691080197,74.77426906293553,612.5352815092709,1458.0543683156197,65.35291810052543,29.119546937385234,7.823236588399903,0.2065982196708092,12.777296776235648,20.148509559210755,0.7611028365650611,2992.0,-4.447999999999979,0.6,misfire,0.991,9.0
endurance,300,misfire,2341.0,75.1015414073245,75.24993996186319,606.2435784318545,1562.140978059205,66.63596542503615,29.20122451841479,8.32145786746874,0.14802576096363776,12.92180846224841,20.30407077450014,0.7588766907199324,2984.0,-4.396000000000015,0.6,misfire,0.992,8.0
endurance,300,misfire,2342.0,75.54796429141305,76.15255816563219,608.799263016398,1621.4256412290013,67.77141343175317,28.7760263947004,8.66734014892365,0.2328484535620341,12.939565105812395,20.033501200551775,0.7564091585038724,2976.0,-4.343999999999994,0.6,misfire,0.993,7.0
endurance,300,misfire,2343.0,76.0180602214433,75.70030789679859,610.676075473575,1660.1963307374092,67.01626356558671,28.475457378479096,8.90840575042392,0.27769433710468333,13.033611100600197,19.817258658383633,0.7537969898953703,2968.0,-4.291999999999973,0.6,misfire,0.994,6.0
endurance,300,misfire,2344.0,76.50102549094356,76.90643030456678,605.9337180646653,1689.7158355648164,67.70026722296582,29.232377418054952,9.077353219375626,0.17810606149556762,12.98640629142778,20.149936607871012,0.7511061928400409,2960.0,-4.240000000000009,0.6,misfire,0.995,5.0
endurance,300,misfire,2345.0,76.98951366425538,76.96098038617592,607.7638348054752,1700.7981937559182,67.67652818828189,28.689282333741993,9.196681350336522,0.11571448741162105,12.98731082400143,20.03451458749576,0.748381652223149,2952.0,-4.187999999999988,0.6,misfire,0.996,4.0
endurance,300,misfire,2346.0,77.478553248154,77.22395735038664,605.648160357339,1727.916059907689,67.27398718253846,28.520888991244732,9.28187082170685,0.15033747274690673,12.9072227179585,20.075275078722065,0.7456537426254244,2944.0,-4.136000000000024,0.6,misfire,0.997,3.0
endurance,300,misfire,2347.0,77.96480363706948,78.01001567099057,612.3489202774961,1739.450788519604,69.0166375659497,29.20199018347724,9.34357337659236,0.23747845448948599,13.064441026384198,20.041728636426054,0.7429428743117481,2936.0,-4.084000000000003,0.6,misfire,0.998,2.0
endurance,300,misfire,2348.0,78.44604362031356,79.00250422780542,615.5427764855466,1746.0901101008653,68.64768036274614,29.340730400716424,9.389118126807457,0.2835070142999895,12.920607611365893,20.189624625783676,0.7402626183241227,2928.0,-4.031999999999982,0.6,misfire,0.999,1.0
endurance,300,misfire,2349.0,78.6177222739272,79.10313895153,606.6162967699804,1346.8285272922806,65.07657060526164,29.528585742764943,4.361117502123398,0.9483521035482999,12.82056222669788,20.05196052355172,0.6621795958809018,2920.0,-3.980000000000018,0.6,misfire,1.0,0.0
endurance,300,misfire,2350.0,78.58084685082906,79.02418289048363,530.5606253224868,1076.819960233824,62.27478089641052,30.179176406003585,3.4864486012267717,0.959704390764997,12.725430005107972,20.053624814768533,0.7123072249932103,2912.0,-3.9279999999999973,0.6,misfire,1.0,0.0
endurance,300,misfire,2351.0,78.70785570737169,79.15532592839676,610.4298342206041,1289.8720721212048,64.14669514332932,30.134797208865404,6.9675878162298055,0.1531364616389883,12.865216724040295,19.870574975851817,0.7343652135075751,2904.0,-3.8759999999999764,0.6,misfire,1.0,0.0
endurance,300,misfire,2352.0,78.6412893940699,79.38468343977546,669.1763596925333,1038.1943364639005,62.82908276195003,29.501767559506856,3.36379842301705,1.1010686755945505,12.616394933520917,20.045062093719142,0.5952133333622016,2896.0,-3.8240000000000123,0.6,misfire,1.0,0.0
endurance,300,misfire,2353.0,78.7488811231477,78.82705839791302,613.1648373618154,1265.851871610152,64.04582582542724,29.711577439197274,6.833139919101304,0.2710756046288741,12.783075903073636,19.85619734421096,0.7331335246106998,2888.0,-3.7719999999999914,0.6,misfire,1.0,0.0
endurance,300,misfire,2354.0,78.97303473626336,78.96174343982365,615.3957291844474,1417.8046830263252,65.93405545314538,28.90692107215611,7.680370708034307,0.20530786842406235,12.866673230960572,20.061540047846485,0.7386028343534481,2880.0,-3.7200000000000273,0.6,misfire,1.0,0.0
endurance,300,misfire,2355.0,79.2742284130667,79.28334919008574,615.6556302088475,1523.1794760835314,65.43060768648864,29.687016423526813,8.266429411914842,0.21595408706380684,12.902560039133311,20.414846949107122,0.7370226162865989,2872.0,-3.6680000000000064,0.6,misfire,1.0,0.0
endurance,300,misfire,2356.0,79.62536464204126,80.199370113556,618.7824731563276,1599.4160121656341,67.83911004144518,30.27985046751759,8.672787389167395,0.197109552561935,12.903400021774111,20.06973509161792,0.7351372617116219,2864.0,-3.6159999999999854,0.6,misfire,1.0,0.0
endurance,300,misfire,2357.0,80.0078858682806,79.3457180598432,612.5087021698425,1644.2569793404105,67.22750181612042,30.531818259126474,8.955502290583143,0.2196689222579014,13.020280479921338,20.043314314360497,0.7330601526496059,2856.0,-3.5640000000000214,0.6,misfire,1.0,0.0
endurance,300,misfire,2358.0,80.40910404313716,80.42390803841471,612.9503683077894,1689.4162995967092,68.38921418421052,31.10221177389596,9.153145459831862,0.15503220581905813,13.000161287801893,20.003707447190056,0.7308688099057761,2848.0,-3.5120000000000005,0.6,misfire,1.0,0.0
endurance,300,misfire,2359.0,80.51726722972373,80.50146897812736,575.0122290286517,1313.9694598058938,64.51682993291257,30.252935591650594,4.271678139637645,1.0050136485714916,12.840206196368037,19.997884393032777,0.6784275463060685,2840.0,-3.4599999999999795,0.6,misfire,1.0,0.0
endurance,300,misfire,2360.0,80.42842704325945,79.68743581942022,561.8772815836048,1048.0002182167946,62.79912444775616,30.393051465452093,3.432899148312795,0.9628272751018228,12.671021137197107,19.554834589082976,0.6762957354802996,2832.0,-3.4080000000000155,0.6,misfire,1.0,0.0
endurance,300,misfire,2361.0,80.51161001551738,79.56160392305598,615.1658167710797,1275.0890066193888,64.41795388038699,29.28064712235701,6.93731095063786,0.24200200334677194,12.812379195736682,20.124377924119614,0.72504819239809,2824.0,-3.3559999999999945,0.6,misfire,1.0,0.0
endurance,300,misfire,2362.0,80.71010385949147,80.03348347588006,616.1980218089149,1437.5542245734005,65.98368420685404,29.83540752016261,7.776996330722999,0.19644675574253864,12.84866413791391,19.92216860454369,0.7300697762778054,2816.0,-3.3039999999999736,0.6,misfire,1.0,0.0
endurance,300,misfire,2363.0,80.98498925637422,80.83811500476249,612.2858820052418,1527.5655476168904,66.44556809979022,30.612376251030497,8.357884784389537,0.2172007076829734,12.9835511617299,20.02774432988641,0.7286502952242009,2808.0,-3.2520000000000095,0.6,misfire,1.0,0.0
endurance,300,misfire,2364.0,81.3095778773163,81.41046130259829,619.332678148436,1599.0934726786727,66.32977017316227,30.344902032984702,8.76070701846004,0.22754775282087586,12.958246597602935,19.722348282361654,0.7269271398974001,2800.0,-3.1999999999999886,0.6,misfire,1.0,0.0
endurance,300,misfire,2365.0,81.66558856328348,81.36391221819777,615.1800881923314,1659.723825293249,67.26260865725445,30.48810663585555,9.0410109962262,0.26926505149414126,13.028430083410358,19.75384679646444,0.7250120036088119,2792.0,-3.1480000000000246,0.6,misfire,1.0,0.0
endurance,300,misfire,2366.0,82.04051848765535,82.08410155528904,615.8069010669702,1685.2331568822744,67.72874659064539,30.27212714980985,9.237017314415517,0.14957082151458753,12.97332423231195,20.04984761027353,0.722981275503381,2784.0,-3.0960000000000036,0.6,misfire,1.0,0.0
endurance,300,misfire,2367.0,82.42583586853185,82.82909321714004,616.3598105904798,1715.3785267159913,67.7592840371431,31.6542773004718,9.37502421570133,0.2865453768869308,13.037300500441575,20.057297899053715,0.7208870826355709,2776.0,-3.0439999999999827,0.6,misfire,1.0,0.0
endurance,300,misfire,2368.0,82.81573749555864,83.25244063009276,613.7485801866933,1720.2983132743832,67.99080555069762,31.581154191565044,9.473126589805009,0.1457998647782781,13.10296960645381,20.087609457816434,0.7187648811698438,2768.0,-2.9920000000000186,0.6,misfire,1.0,0.0
endurance,300,misfire,2369.0,82.90319706516085,83.209407365301,620.9614695648753,1339.8535230715938,63.68849820789601,31.316158369993353,4.411857532262518,1.0644392386072736,12.814352163242736,19.887765658741674,0.6342803049581363,2760.0,-2.9399999999999977,0.6,misfire,1.0,0.0
endurance,300,misfire,2370.0,83.0906050563023,83.49717742745173,615.7038692553854,1474.8068349085383,65.34961333746435,31.716745264377508,8.088210099547458,0.15001770105250456,12.90501557890755,19.92638115706042,0.7176055090905904,2752.0,-2.887999999999977,0.6,misfire,1.0,0.0
endurance,300,misfire,2371.0,83.04107952931106,82.84045650419719,650.0257254516472,1166.5439493916863,62.98549093919498,31.431191785422307,3.841739327918047,0.9593605722160238,12.738123437323969,19.769354263383683,0.5987325130534097,2744.0,-2.8360000000000127,0.6,misfire,1.0,0.0
endurance,300,misfire,2372.0,83.13648650693735,83.86516949417762,619.3775567826181,1364.4271231469877,65.17557529928948,31.35445845583868,7.440724402627925,0.19452284821695284,12.836547348772603,20.238238842598186,0.7163334712299508,2736.0,-2.783999999999992,0.6,misfire,1.0,0.0
endurance,300,misfire,2373.0,83.32893224935499,83.45197394871812,620.0323125194608,1487.0884342690788,65.57375222215585,32.00473155515053,8.15797285528479,0.2180712232592763,12.839861268619257,19.760805175734504,0.7169293895228368,2728.0,-2.731999999999971,0.6,misfire,1.0,0.0
endurance,300,misfire,2374.0,83.58555179090594,84.17806510966886,615.76576956165,1565.1798712671382,67.0066063363216,31.622314269937977,8.654646727510379,0.14391344949808318,12.917995601765384,19.885228519192584,0.7156215082788457,2720.0,-2.680000000000007,0.6,misfire,1.0,0.0
endurance,300,misfire,2375.0,83.58071347175805,83.78351255091854,564.3300218606414,1224.667103342959,63.215427956850675,30.584652270997537,4.078853725626469,0.9435041556734183,12.670948582638813,19.956202026565947,0.6717981250778311,2712.0,-2.627999999999986,0.6,misfire,1.0,0.0
endurance,300,misfire,2376.0,83.70401619847382,83.79383005643959,619.8244894542685,1407.8106118297528,65.10260859384266,31.55358792669802,7.725293904451243,0.2655719845317367,12.86747242517901,20.134629467302737,0.7154177203647077,2704.0,-2.576000000000022,0.6,misfire,1.0,0.0
endurance,300,misfire,2377.0,83.91288094535581,84.06522850348729,618.6575963107533,1512.3582630442131,66.3108176356574,31.63934106235602,8.366438836745871,0.20654914207292785,12.918578472244304,19.972140614099374,0.7144016089774456,2696.0,-2.524000000000001,0.6,misfire,1.0,0.0
endurance,300,misfire,2378.0,84.17809500834787,84.55398221066253,616.6818861132666,1592.1101721118066,66.31818539739032,31.652908074123967,8.810759650229201,0.24655102649706037,12.970728242849281,19.85238225178595,0.71304121735608,2688.0,-2.47199999999998,0.6,misfire,1.0,0.0
endurance,300,misfire,2379.0,84.47963359199633,84.20936189912894,616.0442217304716,1649.4777771243664,66.90436736266842,32.08264461974469,9.119655891251195,0.27861121640181363,13.13535310806016,20.00102559958748,0.7114588919946336,2680.0,-2.420000000000016,0.6,misfire,1.0,0.0
endurance,300,misfire,2380.0,84.80378718471256,84.77642247026542,619.4291843115311,1690.2213134036072,68.2787433129072,31.687771944105027,9.3353743310625,0.2223725746128018,13.015652857449128,19.859585856835377,0.7097383945815356,2672.0,-2.367999999999995,0.6,misfire,1.0,0.0
endurance,300,misfire,2381.0,85.1411866626779,84.24606492462976,620.4595475006982,1711.8955733130367,67.17090930448886,31.75835435772601,9.486983416353109,0.18701360570737804,12.979061350152115,20.02012882944569,0.7079369681210371,2664.0,-2.315999999999974,0.6,misfire,1.0,0.0
endurance,300,misfire,2382.0,85.4854455813946,84.92983862916367,626.9596960171215,1734.63688327492,68.02492349770762,32.78012279555931,9.594484071747047,0.2485395692251643,13.039047828579065,19.851009715353754,0.7060936321924076,2656.0,-2.26400000000001,0.6,misfire,1.0,0.0
endurance,300,misfire,2383.0,85.83222678296701,85.90388917698134,620.828441378899,1755.028051019197,67.91470298138834,32.28927085329164,9.671638193297301,0.23720560576316066,13.096088426636054,20.19702123310844,0.7042348857461006,2648.0,-2.211999999999989,0.6,misfire,1.0,0.0
endurance,300,misfire,2384.0,85.87550321899934,86.15742435946953,810.5121274323305,1360.6396077072382,64.69605588175592,32.90378169169341,4.506117479520159,1.0521313339376404,12.743309638102417,20.29808707183743,0.4703538235425473,2640.0,-2.160000000000025,0.6,misfire,1.0,0.0
endurance,300,misfire,2385.0,86.01834390659725,85.58964983312966,620.1375054276282,1473.2314608747615,65.31041461826929,32.070987554967516,8.243901908301385,0.13884320490093097,12.794326211036726,19.847911200970874,0.7036177566500007,2632.0,-2.108000000000004,0.6,misfire,1.0,0.0
endurance,300,misfire,2386.0,86.22742265314282,85.97992238703233,626.5231826167316,1575.4624523971493,67.36906943757931,32.84868861974212,8.751932580884565,0.2649145107704192,12.96229635974667,19.957419161441504,0.702600337778294,2624.0,-2.055999999999983,0.6,misfire,1.0,0.0
endurance,300,misfire,2387.0,86.47988039673461,87.55147563851668,628.5309169345237,1640.6712175800767,66.59720094145257,32.25673651406517,9.10468736946994,0.2891500852614311,12.974634577640117,20.308389129946207,0.7013178840793839,2616.0,-2.004000000000019,0.6,misfire,1.0,0.0
endurance,300,misfire,2388.0,86.76005297318399,87.01265112192931,625.4224487954807,1679.4390546102236,67.99614525111626,32.16617426470443,9.350605557521458,0.27454764322836,13.017137013816631,19.98429023818807,0.6998660996804225,2608.0,-1.9519999999999982,0.6,misfire,1.0,0.0
endurance,300,misfire,2389.0,87.05722148569771,87.34665692757339,622.6791099350093,1705.0104144088787,67.84157031393654,31.77347874479065,9.523016388990241,0.25944667176047304,13.042580827861503,20.093783970760835,0.6983104743610918,2600.0,-1.8999999999999773,0.6,misfire,1.0,0.0
endurance,300,misfire,2390.0,87.36406571319633,87.41607953444625,630.3105906249331,1735.9410867815313,68.04353201604445,33.629837690387376,9.644852456602493,0.20135189737034945,13.096317417280108,20.044501459521918,0.696695732842132,2592.0,-1.8480000000000132,0.6,misfire,1.0,0.0
endurance,300,misfire,2391.0,87.67560085700012,87.58850947521003,635.0342228148074,1745.4643612574785,67.63857344744144,33.645040371499924,9.731892808607457,0.1883489403612426,13.003972428907902,19.922573885326603,0.6950523309972769,2584.0,-1.7959999999999923,0.6,misfire,1.0,0.0
endurance,300,misfire,2392.0,87.98844658196514,87.80168388256642,628.0259633343435,1744.6605919116853,67.12669854379294,33.211361738758235,9.794994409264428,0.20427654374196325,13.062589608565501,19.89383376814835,0.6934009218291717,2576.0,-1.7440000000000282,0.6,misfire,1.0,0.0
endurance,300,misfire,2393.0,87.99722700870225,88.21836725491012,560.2946269830427,1366.1006910244769,64.87807237323875,33.66503613144386,4.564537421706127,0.9441966721573705,12.805807910515679,19.935627609978752,0.6673922267360926,2568.0,-1.6920000000000073,0.6,misfire,1.0,0.0
endurance,300,misfire,2394.0,88.10545234462732,88.07989090987788,618.6759123951691,1489.8644064206885,66.68362367736643,32.65098911283963,8.339759799654129,0.2080065385871604,13.017243432620097,20.13618102840519,0.6932060458707465,2560.0,-1.6399999999999864,0.6,misfire,1.0,0.0
endurance,300,misfire,2395.0,87.97699588087448,88.28559874135571,715.4051983090785,1177.0326091851282,63.497990379547545,33.196085700630476,3.9654403027667295,1.0634020303671081,12.74983712621688,20.179924705567295,0.5277598812053396,2552.0,-1.5880000000000223,0.6,misfire,1.0,0.0
endurance,300,misfire,2396.0,87.99422862607072,87.92323218843288,622.7585343535907,1371.435953962234,63.87956142310095,32.20711884018933,7.659180212908166,0.049801635781996534,12.84302059244344,20.169896534118795,0.6936008218104743,2544.0,-1.5360000000000014,0.6,misfire,1.0,0.0
endurance,300,misfire,2397.0,88.10959012181371,88.82697064970245,629.4931243428908,1503.575386673007,66.34561059299034,32.58683395149154,8.384948477148308,0.21351887692231103,12.954164014605405,19.7720240321714,0.6939607650865821,2536.0,-1.4839999999999804,0.6,misfire,1.0,0.0
endurance,300,misfire,2398.0,88.29043096792356,87.65280130691005,625.4101828150616,1588.3006204992232,65.63499503543484,33.353535018761264,8.887550630113353,0.16153818201922543,12.989985426992195,19.771721569206328,0.6931158727270623,2528.0,-1.4320000000000164,0.6,misfire,1.0,0.0
endurance,300,misfire,2399.0,88.51435196401144,88.6742170333581,624.813445666471,1654.6630227430355,66.7663694458185,33.079095118808866,9.236603784401566,0.1836556594846926,12.980152513883246,20.201372192656656,0.6920077714212145,2520.0,-1.3799999999999955,0.6,misfire,1.0,0.0
endurance,300,misfire,2400.0,88.76599979675406,88.72123825888752,626.1323368350054,1688.646631325625,67.84468907581324,33.69583926421315,9.480008765959765,0.1440075191742103,12.970320999709788,20.437806622415128,0.6907302660751153,2512.0,-1.3279999999999745,0.6,misfire,1.0,0.0
endurance,300,misfire,2401.0,89.03486410168746,88.07764783659712,632.3731026181175,1722.7111576792488,68.12101574896988,33.12027663687959,9.650724264510371,0.2562331684350177,13.014717363705003,20.052981347319527,0.6893475723880483,2504.0,-1.2760000000000105,0.6,misfire,1.0,0.0
endurance,300,misfire,2402.0,89.31376296934508,89.88116488386822,625.846931130535,1733.727659047426,69.0012916908276,33.50375542932531,9.771427865847194,0.22707508710585017,13.022756425021218,20.20386832998891,0.6879035700313773,2496.0,-1.2239999999999895,0.6,misfire,1.0,0.0
endurance,300,misfire,2403.0,89.59780175625956,90.24317988151111,624.6415976009112,1750.3368210451656,69.04595580127095,33.97212288278476,9.857723128338009,0.17717802611672245,13.119244266399454,20.267890354297762,0.6864281640530263,2488.0,-1.1720000000000255,0.6,misfire,1.0,0.0
endurance,300,misfire,2404.0,89.58055979176103,89.29846432021401,705.1445211424713,1356.0816940523996,65.39223086531558,34.71674231164357,4.599706505386733,1.0499809886343408,12.77542396362065,19.90024500001283,0.5415250976898693,2480.0,-1.1200000000000045,0.6,misfire,1.0,0.0
endurance,300,misfire,2405.0,89.66482537314924,89.99012339552073,626.9892605178858,1501.6137703893912,66.59677938491483,34.201904013136534,8.415682196498334,0.12340059227936448,12.893629548951758,20.219149562540736,0.6865386665097348,2472.0,-1.0679999999999836,0.6,misfire,1.0,0.0
endurance,300,misfire,2406.0,89.81706944903031,89.57830403770792,625.4007744499216,1579.3550175873008,67.24185587832123,34.014609250670965,8.934638736127654,0.2687455814568289,12.914605407650344,19.782960354364242,0.6858684932671203,2464.0,-1.0160000000000196,0.6,misfire,1.0,0.0
endurance,300,misfire,2407.0,90.01428386303998,89.66933167664484,621.822980523453,1636.8938880533772,67.65993783496715,33.982402594146315,9.294967201773623,0.18369924288126338,12.962386963148475,20.016741209589718,0.6849235625011247,2456.0,-0.9639999999999986,0.6,misfire,1.0,0.0
endurance,300,misfire,2408.0,90.2406925487552,90.34766968153707,632.133518498746,1682.2457563153769,67.66137502620208,34.55920556324757,9.546152935573922,0.25696830660838854,13.045283766258247,20.282021186806293,0.6838002620335764,2448.0,-0.9119999999999777,0.6,misfire,1.0,0.0
endurance,300,misfire,2409.0,90.48549050061001,90.19983823511234,630.4332061570349,1729.584947524847,68.99189370682755,34.62786348518604,9.722244828461557,0.2588437344454534,13.048407740105315,19.838366636361606,0.6825646077472312,2440.0,-0.8600000000000136,0.6,misfire,1.0,0.0
endurance,300,misfire,2410.0,90.43819183954332,89.84883873208398,695.7857529144742,1341.0581477396315,63.614857248261885,35.54682071407898,4.548886837139917,0.9399214714314942,12.791604822862823,20.15207061202143,0.5479448396612195,2432.0,-0.8079999999999927,0.6,misfire,1.0,0.0
endurance,300,misfire,2411.0,90.19569074062521,89.23169927975894,690.2388853082098,1071.3964311033392,62.204800887963415,34.17219353658048,3.6659581529726566,0.9717449023514921,12.780975462525943,19.919545404644335,0.5316362277514138,2424.0,-0.7559999999999718,0.6,misfire,1.0,0.0
endurance,300,misfire,2412.0,90.12756580383373,90.22989432688586,628.0891312420745,1302.4670730406842,63.62835724313439,33.95668705446963,7.367722836800918,0.1839468560345995,12.831301350544832,19.916566197643096,0.6808856063015578,2416.0,-0.7040000000000077,0.6,misfire,1.0,0.0
endurance,300,misfire,2413.0,90.17745774478253,90.30673534671816,627.7044132674614,1454.9760607874637,65.04013542890841,33.23357375902798,8.23643103908512,0.1223354047554134,12.825863925022205,19.6920879130616,0.6854866108771482,2408.0,-0.6519999999999868,0.6,misfire,1.0,0.0
endurance,300,misfire,2414.0,90.30666402170029,89.528967622796,625.1673468709504,1555.2517950575873,67.19180807078037,34.792151834319164,8.837429040809273,0.17447881067276533,12.923319947021144,20.15307451527545,0.6849571928267499,2400.0,-0.6000000000000227,0.6,misfire,1.0,0.0
endurance,300,misfire,2415.0,90.48862004464397,90.96093308225589,629.1339525673386,1631.4708461666762,67.44815813771022,34.92678581323208,9.254229494274568,0.2159162807080181,12.985211986681863,20.138791154668866,0.6841054870155698,2392.0,-0.5480000000000018,0.6,misfire,1.0,0.0
endurance,300,misfire,2416.0,90.70510503204041,91.2133683040578,630.6094068995274,1686.4874792387668,67.2541987059022,34.883221236411046,9.544294061823226,0.22734197015160615,12.958059455199542,19.747078412279663,0.6830428178638245,2384.0,-0.4959999999999809,0.6,misfire,1.0,0.0
endurance,300,misfire,2417.0,90.94363356166623,91.14360417339941,629.1566353039256,1718.1823050003666,68.33397395511655,34.943809375130876,9.747159772762748,0.3079498686204835,13.093449200016344,19.985167102227688,0.681845468179943,2376.0,-0.4440000000000168,0.6,misfire,1.0,0.0
endurance,300,misfire,2418.0,91.19566228596796,91.12630530053193,628.6558350442256,1736.9697393052988,68.16961656858594,34.25819933966312,9.89003044296176,0.19425635483138792,13.003783375189307,19.747931562456618,0.6805656356816405,2368.0,-0.3919999999999959,0.6,misfire,1.0,0.0
endurance,300,misfire,2419.0,91.45535707229425,91.11382381570843,630.0944981219892,1758.759711417526,68.06538797687146,35.36672077638482,9.991623905352247,0.1267222581049956,12.972547856664393,20.061598986847702,0.6792389654608837,2360.0,-0.339999999999975,0.6,misfire,1.0,0.0
endurance,300,misfire,2420.0,91.7187454346968,91.16211934728535,627.0862781117304,1764.3620330284052,67.61947475794643,34.52368748303145,10.064819133791625,0.2424891044082631,13.068383486602787,20.07934577580869,0.6778897284136944,2352.0,-0.2880000000000109,0.6,misfire,1.0,0.0
endurance,300,misfire,2421.0,91.98313385313973,92.49701120101132,631.6621260188838,1770.9919921093947,69.2214604545961,34.785085992276926,10.11847762175246,0.21829832046371825,13.027312942297945,19.62337012389673,0.6765343812741128,2344.0,-0.23599999999999,0.6,misfire,1.0,0.0
endurance,300,misfire,2422.0,92.24670720227024,92.56780077274622,631.6456464231072,1776.7698837132991,69.04672327345705,35.22442471178995,10.158696599016709,0.27471709742043404,13.169536587500673,19.938628082010798,0.6751840140042624,2336.0,-0.18400000000002592,0.6,misfire,1.0,0.0
endurance,300,misfire,2423.0,92.50825337999316,92.32943867851516,628.1312046515138,1784.2638441210418,68.6525301578599,34.74861414588577,10.189671319044958,0.13995500686200532,13.080466846190722,20.10568676819428,0.67384603224492,2328.0,-0.132000000000005,0.6,misfire,1.0,0.0
endurance,300,misfire,2424.0,92.76697401040384,92.93049391254533,628.1579895887983,1779.7879647706256,67.84070328616981,35.31394015640251,10.214288363705725,0.19196432782722964,13.02021957981395,20.187256007474815,0.6725253138732685,2320.0,-0.07999999999998408,0.6,misfire,1.0,0.0
endurance,300,misfire,2425.0,93.02235432234728,93.04454737412236,633.1591276144542,1780.3270131963118,69.17630176707534,35.79885628732047,10.234533871970187,0.2100828188699909,13.125281975851623,19.900165589282658,0.6712250040123718,2312.0,-0.02800000000002001,0.6,misfire,1.0,0.0
endurance,300,misfire,2426.0,93.27407371073724,93.2614185727518,631.2082062305342,1788.5475636353149,68.49024771294287,35.36167740985236,10.251774425320825,0.2388321298555832,13.026820430828998,20.15338170559773,0.6699470614791565,2304.0,0.02400000000000091,0.6,misfire,1.0,0.0
endurance,300,misfire,2427.0,93.21884676611153,92.61281730415611,719.0096113693653,1387.7831358216076,64.12554995108484,36.040599074895745,4.78217985245915,0.9046417787941561,12.755671589334309,20.11862116273871,0.5162522532634224,2296.0,0.07600000000002183,0.6,misfire,1.0,0.0
endurance,300,misfire,2428.0,93.26160811124649,94.14500727413872,636.1207526223285,1524.546447051805,66.99260361918522,35.882129866783444,8.700481935680822,0.15903465056507088,12.930941219444477,20.148302502526896,0.670543223175645,2288.0,0.1279999999999859,0.6,misfire,1.0,0.0
endurance,300,misfire,2429.0,93.37029534516228,92.91553447360647,630.4814565351138,1590.3519282326902,67.60392848743139,35.143094820579016,9.206208334157173,0.22359829651835608,12.995127593538212,20.029038450789862,0.6701391713482281,2280.0,0.18000000000000682,0.6,misfire,1.0,0.0
endurance,300,misfire,2430.0,93.52289989835904,93.92371787034666,638.034076702141,1663.3846671602405,66.82639464177882,35.901774363511564,9.557499170690512,0.2490438267834997,12.996636968312549,19.615706873349264,0.6694667956793343,2272.0,0.23200000000002774,0.6,misfire,1.0,0.0
endurance,300,misfire,2431.0,93.70432439307106,93.90580197185967,637.8244796666836,1701.4464386041295,67.9066683277449,35.97912715395354,9.802532402428062,0.2142888942207693,13.023440434776244,19.895473725924138,0.6686183373727674,2264.0,0.2839999999999918,0.6,misfire,1.0,0.0
endurance,300,misfire,2432.0,93.60112459721391,94.04425369840358,655.3305573442588,1332.4105446961503,63.82824797158195,36.4670079543117,4.601094612865273,0.9770158487457485,12.76391893996752,19.686466405403976,0.5664929311972321,2256.0,0.33600000000001273,0.6,misfire,1.0,0.0
endurance,300,misfire,2433.0,93.61125114663955,93.17390048826003,633.8635095135006,1472.279627185688,65.85555523185175,36.56500007681844,8.509447197249175,0.21613734764780437,12.969861991606088,20.325489972274724,0.6697069916401522,2248.0,0.3879999999999768,0.6,misfire,1.0,0.0
endurance,300,misfire,2434.0,93.39474284744806,93.6689644297257,590.952034365101,1174.242465612167,63.41789510435488,36.62806138949251,4.069023647877162,1.0131241036064262,12.71908323860444,19.785854838430062,0.6150491758864876,2240.0,0.4399999999999977,0.6,misfire,1.0,0.0
endurance,300,misfire,2435.0,93.33132251259275,93.08478975678574,635.9476988196201,1360.7022444649556,65.37976586706623,35.98142404153465,7.9059605172145995,0.25825555165372815,12.89032156693888,20.089846236816857,0.6711365619037192,2232.0,0.49200000000001864,0.6,misfire,1.0,0.0
endurance,300,misfire,2436.0,93.37159734734263,93.02287497974618,634.56763452868,1494.3714189224938,67.1522780161999,36.416519806141686,8.682850882553169,0.16090292218782273,12.865232936209203,20.059826145216466,0.6719512164404065,2224.0,0.5439999999999827,0.6,misfire,1.0,0.0
endurance,300,misfire,2437.0,93.48164679710327,92.83648625887962,632.8644278644874,1585.6072047146033,67.01184595149732,36.21608263968516,9.220737988406848,0.18517415392991463,12.95876523454782,19.945382009896996,0.6715388418147317,2216.0,0.5960000000000036,0.6,misfire,1.0,0.0
endurance,300,misfire,2438.0,93.63818659161785,93.15423654335858,631.7550127112648,1650.2280366672,67.06391568193371,36.10249962730918,9.594180252020136,0.1952657542694304,12.97565597134275,20.294021433941253,0.6708424228051962,2208.0,0.6480000000000246,0.6,misfire,1.0,0.0
endurance,300,misfire,2439.0,93.52214654563628,93.31829301687678,668.8578032338503,1302.402328204263,64.35886567134355,36.551353554568465,4.521252856718724,0.9151385062087758,12.758817849614935,20.10969256217399,0.5558238437482377,2200.0,0.6999999999999886,0.6,misfire,1.0,0.0
endurance,300,misfire,2440.0,93.52761192726378,93.34305020994239,632.7696061125577,1455.784292569082,66.52995263996661,36.116994536041034,8.441288849679767,0.254027753281299,12.782623682600164,20.02239020789305,0.6720380063607335,2192.0,0.7520000000000095,0.6,misfire,1.0,0.0
endurance,300,misfire,2441.0,93.61506401908902,93.33980004911112,632.047546420506,1556.9433932923762,66.71466426529842,36.514733096803276,9.067930846393832,0.14621583353914738,12.914832104841558,20.25575680158628,0.671763695942704,2184.0,0.8039999999999736,0.6,misfire,1.0,0.0
endurance,300,misfire,2442.0,93.7573705867108,92.90251187263064,634.1095868901648,1630.6046008583637,67.16896812585105,36.58292839545798,9.50245299893724,0.18798188376972094,13.061855382655295,19.79727658200367,0.6711542383911768,2176.0,0.8559999999999945,0.6,misfire,1.0,0.0
endurance,300,misfire,2443.0,93.93591422461174,94.70770408615552,635.1669873125816,1688.2523178429653,68.33110388079906,37.10694489698175,9.804788867596853,0.13430448182911145,12.996529631244949,20.38546428501417,0.6703233813995118,2168.0,0.9080000000000155,0.6,misfire,1.0,0.0
endurance,300,misfire,2444.0,94.13793061485552,93.89459769375259,638.0239190481708,1718.8121202682592,68.29181643003638,36.633375799193,10.016176121838486,0.2082341082278341,12.986993866653847,19.999843215299226,0.6693491117592196,2160.0,0.9599999999999795,0.6,misfire,1.0,0.0
endurance,300,misfire,2445.0,94.35467860035273,94.45372562863133,631.1035017742905,1735.9099267516247,68.80689051204753,37.27519853778651,10.164988600190624,0.1646847873001316,12.979354080029038,20.01155294077809,0.6682848357548281,2152.0,1.0120000000000005,0.6,misfire,1.0,0.0
endurance,300,misfire,2446.0,94.27708462946676,93.91647271869365,592.4634558235562,1368.736857860039,65.5691707663783,36.717876467784606,4.7631271105232775,1.0389389191353222,12.802060630556605,19.59364217498753,0.6210404150714239,2144.0,1.0640000000000214,0.6,misfire,1.0,0.0
endurance,300,misfire,2447.0,94.30610494104907,94.37391930054669,633.0140603579391,1497.8416944169292,65.94364766263584,36.86691595427113,8.742205767152278,0.24119710875898526,12.843110740653168,20.152261633475703,0.6691016086697587,2136.0,1.1159999999999854,0.6,misfire,1.0,0.0
endurance,300,misfire,2448.0,94.40694293604331,93.51073438971471,630.0090678150275,1587.1970267399133,67.14831907257545,36.29644575480084,9.298543843266811,0.2220150221363003,12.896192957717993,20.038596212702775,0.6687455137298427,2128.0,1.1680000000000064,0.6,misfire,1.0,0.0
endurance,300,misfire,2449.0,94.55571120224224,94.04559154130698,634.866417189384,1654.3235289820166,67.3858468344089,37.29939027847206,9.684713274916827,0.19810244637738258,12.966833632529017,20.20560684678332,0.6680965768154339,2120.0,1.2200000000000273,0.6,misfire,1.0,0.0
endurance,300,misfire,2450.0,94.73602155412061,95.08049735077485,632.078241927914,1703.3444118998982,68.04118483605356,37.300680765101916,9.953800221018964,0.23448554998818422,13.005014318715089,19.59359614806951,0.6672549256430449,2112.0,1.2719999999999914,0.6,misfire,1.0,0.0
endurance,300,misfire,2451.0,94.93664070520313,94.6251430525312,634.5451684931292,1721.7957903641823,67.81640394888736,36.351811865363985,10.142330913729097,0.17554383108513558,13.130670270919605,19.84782433887132,0.6662891927847185,2104.0,1.3240000000000123,0.6,misfire,1.0,0.0
endurance,300,misfire,2452.0,95.14987856232432,95.01872175943429,635.3578083828049,1753.2228767409085,67.94298626811472,36.361516190173106,10.275437430676536,0.1788851133051598,13.055439803304546,19.41657573610573,0.6652463627871721,2096.0,1.3759999999999764,0.6,misfire,1.0,0.0
endurance,300,misfire,2453.0,95.37048019697481,94.85239919362768,631.8235293273091,1766.4306736567428,68.06115543333537,37.85348783980803,10.370412035986572,0.28861301099980724,13.185237360212298,20.252086907624633,0.6641585419498665,2088.0,1.4279999999999973,0.6,misfire,1.0,0.0
endurance,300,misfire,2454.0,95.59486409419104,95.43307076098314,639.295002402239,1768.9430653729391,68.31830615601643,37.20255663002776,10.43915276587542,0.21095643358279814,12.989802111571683,20.001804112041118,0.6630476124338497,2080.0,1.4800000000000182,0.6,misfire,1.0,0.0
endurance,300,misfire,2455.0,95.82059846681345,96.41636106276265,637.3579526218793,1779.804796519622,69.01062789272719,36.89030129844182,10.48984612818492,0.18859869097261023,13.120236033883783,19.823894342460985,0.6619284318507197,2072.0,1.5319999999999823,0.6,misfire,1.0,0.0
endurance,300,misfire,2456.0,96.04604123925355,96.44220672761668,637.930423885132,1785.0859186452433,68.97522449441165,37.29961815406533,10.528124893504366,0.17459176891235523,13.037906493221632,20.21362069867984,0.6608110328718039,2064.0,1.5840000000000032,0.6,misfire,1.0,0.0
endurance,300,misfire,2457.0,96.27009255362643,96.21876435350755,630.5196478869852,1797.8329300597513,69.18310640432291,37.72600974605988,10.557864719908464,0.15811196068209976,13.131291942739356,19.792813796904635,0.6597021353538144,2056.0,1.636000000000024,0.6,misfire,1.0,0.0
endurance,300,misfire,2458.0,96.49202463459785,96.1337793436829,639.2472544258156,1798.017022167201,70.0569989696128,37.02425138611894,10.581732275035803,0.24315639117432414,13.130167755304749,19.260448316467723,0.658606185822099,2048.0,1.6879999999999882,0.6,misfire,1.0,0.0
endurance,300,misfire,2459.0,96.40826733725619,96.2768032309152,719.232151722356,1389.7789384352957,65.87939157388519,37.742512217878605,4.946874574724429,0.980031308611729,12.85063628938317,19.54671933376672,0.5127708005421674,2040.0,1.740000000000009,0.6,misfire,1.0,0.0
endurance,300,misfire,2460.0,96.4235548372786,96.83894008489034,631.4852033851831,1520.5570891080645,65.99878874229807,38.10657731203538,8.997032267604128,0.18403781199761327,12.948050206037667,20.262472081639608,0.6595445191662702,2032.0,1.7919999999999732,0.6,misfire,1.0,0.0
endurance,300,misfire,2461.0,96.50568234652866,96.09303446538648,641.5822857956296,1616.8235554832372,67.2794186943848,37.82366310055263,9.518028742374472,0.15886811960132483,12.933071834019383,19.742139988169633,0.6593027406166299,2024.0,1.843999999999994,0.6,misfire,1.0,0.0
endurance,300,misfire,2462.0,96.63253893360285,96.80975748134698,638.5396582222152,1662.5908451385183,68.78591574262839,38.788819089025324,9.879919247669347,0.2270740131501177,12.971090259732913,20.037586411481463,0.6587876785837534,2016.0,1.896000000000015,0.6,misfire,1.0,0.0
endurance,300,misfire,2463.0,96.7889524826391,98.01051219575344,640.7389041858772,1731.7048289448273,68.41909950310502,38.14484904918009,10.132339246362037,0.17025828559170036,13.004797829434546,19.914032598261283,0.6580920309025289,2008.0,1.947999999999979,0.6,misfire,1.0,0.0
endurance,300,misfire,2464.0,96.96452061942544,97.53574552343468,636.7067271607818,1746.0534705844896,68.96315668081334,38.855836323221105,10.30944063190611,0.17745559198076483,13.008484896491808,20.018247569000476,0.6572793534787987,2000.0,2.0,0.6,misfire,1.0,0.0
endurance,300,misfire,2465.0,97.15211948962425,97.59257618686287,631.5167898795994,1756.1010594103343,67.94967383275096,38.390316177427415,10.434721758399757,0.21337053550614857,13.072191335694043,20.200054093441295,0.6563931712816016,1992.0,2.052000000000021,0.6,misfire,1.0,0.0
endurance,300,misfire,2466.0,97.34687855993266,97.69374638555999,637.8178556937412,1779.973587480296,68.52145007328103,37.99285631984592,10.524350765545206,0.13405796299373224,13.038571588596467,19.897600932555964,0.6554632420517846,1984.0,2.103999999999985,0.6,misfire,1.0,0.0
endurance,300,misfire,2467.0,97.54547580962743,97.8530987376792,635.6529859788652,1787.2571610399052,68.29251376486447,38.442360179160374,10.58945220770725,0.17777642310155192,13.06383330127315,20.002476618144957,0.6545098625054621,1976.0,2.156000000000006,0.6,misfire,1.0,0.0
endurance,300,misfire,2468.0,97.74565319012426,97.51232760579785,643.9128653696532,1796.2373766722687,68.57464284749607,37.96637273512064,10.637680379337596,0.27961099990047167,13.058499349100101,20.06863351815997,0.6535468287549717,1968.0,2.208000000000027,0.6,misfire,1.0,0.0
endurance,300,misfire,2469.0,97.94588351843097,97.38503434926307,638.894265670182,1800.3201225099176,68.49387528120842,38.179727433857714,10.674301848455308,0.11654866148555744,12.98846962570861,20.190166619137962,0.6525834715065996,1960.0,2.259999999999991,0.6,misfire,1.0,0.0
endurance,300,misfire,2470.0,98.14514148104548,96.78672930320879,637.969320527474,1804.7395662123085,68.83956697733854,38.1773297451744,10.702940298457222,0.2620313252293418,13.180377216552905,20.231949958482556,0.6516260551695158,1952.0,2.312000000000012,0.6,misfire,1.0,0.0
endurance,300,misfire,2471.0,98.34274621343573,99.2603731130076,634.4529613015613,1807.012994985645,68.2014046054786,39.06968779250152,10.72608901964609,0.12057387375831086,13.144629564327724,20.029086957432046,0.6506787396557943,1944.0,2.363999999999976,0.6,misfire,1.0,0.0
endurance,300,misfire,2472.0,98.53825308739181,98.00902658665399,633.7688844604528,1797.9016566930147,70.13572333788626,39.23712331814547,10.74546353112012,0.20664563314058332,13.099249556398876,19.905689409013423,0.6497442415326411,1936.0,2.415999999999997,0.6,misfire,1.0,0.0
endurance,300,misfire,2473.0,98.73137932845778,98.84743117435978,641.7854580347123,1804.407472695602,68.4210365668445,39.191166892456344,10.762244203667295,0.36517998283448116,13.105888008512887,20.007667889226,0.6488242884812885,1928.0,2.4680000000000177,0.6,misfire,1.0,0.0
endurance,300,misfire,2474.0,98.92195289121881,99.0560947788096,637.6206859172866,1810.4874810605484,69.33431098039006,39.00118202084436,10.777243197388003,0.17413592263003128,13.104799021476909,19.99367732449373,0.6479199316562091,1920.0,2.519999999999982,0.6,misfire,1.0,0.0
endurance,300,misfire,2475.0,99.10987732404723,99.27697620462773,637.4104890592286,1805.3676105491274,69.34259855015131,39.52636557838407,10.79101932375578,0.14616205768635107,13.120167584157262,19.90859442836304,0.6470317603527358,1912.0,2.5720000000000027,0.6,misfire,1.0,0.0
endurance,300,misfire,2476.0,99.29510762629225,98.81393311432178,641.4564676391443,1810.7345374736515,69.60992689102265,39.46557546743315,10.803957076879012,0.23212553130050662,13.149031349156829,20.09744150958423,0.6461600495135944,1904.0,2.6240000000000236,0.6,misfire,1.0,0.0
endurance,300,misfire,2477.0,99.47763366247295,99.83603407749479,642.750778851902,1815.09219653779,68.8956919846704,38.4646439188178,10.816321011242128,0.21168570448740973,13.166244845003373,20.31842150384058,0.6453048610640392,1896.0,2.6759999999999877,0.6,misfire,1.0,0.0
endurance,300,misfire,2478.0,99.65746877161638,100.00658363991683,641.226485598947,1812.9299814812266,69.13863306514868,39.08973056260429,10.828293156498274,0.21173567382496625,13.044821895472761,19.481881570258665,0.6444661135059502,1888.0,2.7280000000000086,0.6,misfire,1.0,0.0
endurance,300,misfire,2479.0,99.83464194797021,100.25029900604945,649.4109080232437,1809.7554360952054,67.30926491404621,39.447940293913796,10.839998760842764,0.2055921248411673,13.11176854589619,20.04476483725889,0.6436436296917222,1880.0,2.7799999999999727,0.6,misfire,1.0,0.0
endurance,300,misfire,2480.0,100.00919247675478,99.27731028018009,638.8368373639483,1808.7302090053613,69.19886580452821,39.09985695518821,10.85152400382489,0.2216382963352366,13.015983883529179,19.874290528112017,0.6428371695984808,1872.0,2.8319999999999936,0.6,misfire,1.0,0.0
endurance,300,misfire,2481.0,100.1811662574804,99.81754465129949,643.7197127294686,1818.5747636601188,68.49523762721631,39.572658187731506,10.862928183703549,0.21947786088524585,13.1112448438055,20.07515153089506,0.6420464527916925,1864.0,2.8840000000000146,0.6,misfire,1.0,0.0
endurance,300,misfire,2482.0,100.04751578650882,100.32923914407047,660.6089132744102,1417.2445414492267,65.74228379275057,41.1810159449945,5.084118362465823,1.13470799561178,12.997650446774653,20.162255886546223,0.5431876041396035,1856.0,2.9359999999999786,0.6,misfire,1.0,0.0
endurance,300,misfire,2483.0,99.7102280150014,99.67637327902315,654.0530661194156,1139.126865251526,62.41905523315316,39.39364925705346,4.098634732263843,1.0861119255897342,12.688435008653995,19.71826010656568,0.5387244340579299,1848.0,2.9879999999999995,0.6,misfire,1.0,0.0
endurance,300,misfire,2484.0,99.54236222203487,99.7638731797812,642.1790787853852,1340.5278127535073,64.88915725289198,40.11823343205228,8.10708270853095,0.24486167821586777,12.784693506011365,19.995304950547624,0.6448467141952812,1840.0,3.0400000000000205,0.6,misfire,1.0,0.0
endurance,300,misfire,2485.0,99.48993197622161,100.64946721706724,641.756228403453,1490.2893459338584,65.70920202619162,39.74008567785595,8.988539741362223,0.18254069815897822,12.842281820304652,20.374992124869085,0.6473097214416133,1832.0,3.0919999999999845,0.6,misfire,1.0,0.0
endurance,300,misfire,2486.0,99.51584643724733,99.81678779537103,638.7263856177219,1596.5148267627158,66.92931021086736,38.95957491553185,9.598516814763574,0.17217361440544932,13.025596344681219,19.95346869043438,0.6474113905633614,1824.0,3.1440000000000055,0.6,misfire,1.0,0.0
endurance,300,misfire,2487.0,99.29153239175092,99.17414166325344,649.2828271782278,1271.8617890266994,64.23594478593888,39.46987682288943,4.566807885490834,0.9813624586960185,12.784443166904337,19.818439143549114,0.5553578409039653,1816.0,3.1960000000000264,0.6,misfire,1.0,0.0
endurance,300,misfire,2488.0,98.90143352629664,98.40110814615579,645.3395344222015,1034.6813776425906,61.98357962373462,40.25740059081344,3.7473823292971504,1.0280895879107241,12.633636197886675,20.1733266465868,0.5460370583268382,1808.0,3.2479999999999905,0.6,misfire,1.0,0.0
endurance,300,misfire,2489.0,98.70655365160626,98.43377676558127,637.3935885660848,1279.6556046889455,64.47377966445957,40.724869143113075,7.721748176768304,0.27732830319495805,12.785548262499132,20.296503782690085,0.647403399020752,1800.0,3.3000000000000114,0.6,misfire,1.0,0.0
endurance,300,misfire,2490.0,98.6446235962809,98.78683119448624,639.3711857818605,1450.7497785083365,65.38368475106272,39.54998255300721,8.740889247728951,0.28743976469932336,12.899189145266288,19.823186272194512,0.6537743443159559,1792.0,3.3519999999999754,0.6,misfire,1.0,0.0
endurance,300,misfire,2491.0,98.67286340229123,99.33362734676072,636.1067518215908,1571.5435184147152,66.55356472583586,39.65411421228353,9.445614740675861,0.25174600991647017,12.826914655199005,19.80280634917763,0.6538618061611845,1784.0,3.4039999999999964,0.6,misfire,1.0,0.0
endurance,300,misfire,2492.0,98.7618912291974,99.57767500013514,637.8006052028622,1647.2087874243878,66.86613927445607,39.70132753682245,9.93400934165607,0.17537539183139414,12.922999218325947,19.80588821838311,0.6535778683957445,1776.0,3.4560000000000173,0.6,misfire,1.0,0.0
endurance,300,misfire,2493.0,98.89153574286223,100.01788754825266,638.583924515472,1695.6273764725788,67.90261704550683,39.859145384585354,10.273560341151894,0.2062540739380654,13.08186726709439,20.09258087448086,0.6530457728283807,1768.0,3.5079999999999814,0.6,misfire,1.0,0.0
endurance,300,misfire,2494.0,99.04795714934718,98.16292818039885,638.9951631314208,1740.2872514401097,68.02609527400239,39.988496935063935,10.510702447179986,0.22172009674812324,13.002960697421726,20.02328376321807,0.6523500771401094,1760.0,3.5600000000000023,0.6,misfire,1.0,0.0
endurance,300,misfire,2495.0,98.9185704212855,99.18237975018486,648.4235696273882,1362.3552091185677,64.71738085912646,40.60290428246092,4.950927900041987,0.9458998344977014,12.815075687465818,19.991171454767255,0.5646934707885304,1752.0,3.612000000000023,0.6,misfire,1.0,0.0
endurance,300,misfire,2496.0,98.59881414111372,98.44532007841221,654.0126967104592,1118.0422615638963,62.710200142574905,40.55117861987454,4.019228482858365,1.00560474396786,12.677578839096633,19.94939825466844,0.5457277763748122,1744.0,3.6639999999999873,0.6,misfire,1.0,0.0
endurance,300,misfire,2497.0,98.15415655592027,98.8203093310676,676.3191022511002,922.5963454587556,60.59032688251501,39.494265485679485,3.3791219638381125,0.9758570902243863,12.51171340692196,20.20599402673397,0.5232851259764832,1736.0,3.716000000000008,0.6,misfire,1.0,0.0
endurance,300,misfire,2498.0,97.93256227884451,98.84440798498379,639.6170416173485,1205.9923887901803,63.14140566410145,40.688693720573944,7.331075270505871,0.21013722904374285,12.776203547919689,19.938920793010467,0.6503884446694086,1728.0,3.768000000000029,0.6,misfire,1.0,0.0
endurance,300,misfire,2499.0,97.55970645373034,97.23117232094033,703.8850404108666,998.7331652584971,62.35309931876905,40.59792733206484,3.642081234241023,0.9995382661479989,12.630974095462527,19.963734136009318,0.5079716660615357,1720.0,3.819999999999993,0.6,misfire,1.0,0.0
endurance,300,misfire,2500.0,97.39168856293719,97.92525271774078,643.152752809166,1252.183621758313,63.440718163233335,39.948366624451154,7.639686288808851,0.23705949378637484,12.788290550772297,19.898244674438995,0.6569243787393232,1712.0,3.872000000000014,0.6,misfire,1.0,0.0
endurance,300,misfire,2501.0,97.36287641898643,97.8527160598011,637.8295954741745,1436.2467396306997,64.81563733843743,39.853456760111406,8.723150765912903,0.21790958619813652,12.921452905802774,19.980732696643244,0.6644654991324308,1704.0,3.923999999999978,0.6,misfire,1.0,0.0
endurance,300,misfire,2502.0,97.42818649259017,96.93506939323676,637.5783233511136,1552.5626809435269,65.74299096588062,39.751100299122996,9.472166582239252,0.19609624629304517,12.95358257727896,19.8121003104545,0.6643264709102304,1696.0,3.975999999999999,0.6,misfire,1.0,0.0
endurance,300,misfire,2503.0,97.55666153792892,97.05106704011396,637.8351614487315,1638.0422797533215,66.94617038838356,40.45151991940442,9.991068129536819,0.2674362277532809,13.015150222510924,20.158364085463216,0.6638015205019723,1688.0,4.02800000000002,0.6,misfire,1.0,0.0
endurance,300,misfire,2504.0,97.72705523191188,98.05953682599454,635.2870271246899,1695.7185986916277,67.16624210761626,40.466241098270196,10.351642697022832,0.1989118041207309,13.035418664915445,20.127225334308005,0.6630204576301597,1680.0,4.079999999999984,0.6,misfire,1.0,0.0
endurance,300,misfire,2505.0,97.92479663502925,97.08728726704466,641.4611618024444,1733.260714971817,68.84689629381765,39.287966986334226,10.60328352987051,0.3035314806846277,13.01006271395954,20.129246743604952,0.6620723070924633,1672.0,4.132000000000005,0.6,misfire,1.0,0.0
endurance,300,misfire,2506.0,98.13990327904045,98.1198866198242,639.0038818346632,1755.31494071507,69.01171966031684,40.4459558299658,10.779975646584653,0.13754958959514857,13.050844293878056,19.936616302073723,0.661018059274216,1664.0,4.184000000000026,0.6,misfire,1.0,0.0
endurance,300,misfire,2507.0,98.36554643511549,98.32543440212562,642.9151351530875,1790.8655537476006,68.82606985028139,40.26466261836777,10.9051024336962,0.23065960351035766,13.07938785051655,20.282784582862725,0.6598994360013863,1656.0,4.23599999999999,0.6,misfire,1.0,0.0
endurance,300,misfire,2508.0,98.59706475555333,98.39403657200167,641.6308865817457,1791.8642571920213,69.17718261164775,41.31168576334906,10.994752824842164,0.17691604114529408,13.048719887236498,19.935274067242737,0.6587449169430915,1648.0,4.288000000000011,0.6,misfire,1.0,0.0
endurance,300,misfire,2509.0,98.83128617186131,98.5474275566257,640.2201218108579,1802.7888677633366,69.33866967058559,40.76911941609076,11.059996806090417,0.2059767504794134,13.001131056697748,19.87482989347465,0.6575738826448035,1640.0,4.339999999999975,0.6,misfire,1.0,0.0
endurance,300,misfire,2510.0,99.06606171862074,98.44214924825323,640.8742593059915,1821.3465565513932,69.64767870780787,41.627991549757056,11.108451077665206,0.16562671703947487,13.086110650896215,20.147807618099144,0.6563994627479902,1632.0,4.391999999999996,0.6,misfire,1.0,0.0
endurance,300,misfire,2511.0,99.29994505587995,99.35227431388955,640.705125043189,1811.7861451208364,68.46672619866142,40.27629305047565,11.145356307532722,0.25307168239215494,13.105933618952095,20.284936547361532,0.6552304940281709,1624.0,4.444000000000017,0.6,misfire,1.0,0.0
endurance,300,misfire,2512.0,99.53197215884451,99.54250913709852,642.3024955770949,1822.447229517962,68.40529643309138,40.72797683074805,11.174318335643648,0.19962030897718894,13.131405174369428,19.910693711476405,0.654072866435833,1616.0,4.495999999999981,0.6,misfire,1.0,0.0
endurance,300,misfire,2513.0,99.76150987215487,99.83084823751076,643.3314522863726,1813.2942502699132,69.6377022222228,40.010708424889586,11.19781815937581,0.2269936628458702,13.074294552222147,19.780129787144826,0.652930448391935,1608.0,4.548000000000002,0.6,misfire,1.0,0.0
endurance,300,misfire,2514.0,99.98815180814829,100.61401900366627,646.4144588790969,1815.51195287673,68.7437431832811,40.90938453851101,11.217562828871383,0.22438374096483538,13.196548829942966,19.962344716248506,0.6518057228234994,1600.0,4.600000000000023,0.6,misfire,1.0,0.0
endurance,300,misfire,2515.0,100.21164679370054,100.33703508105935,633.6056494197388,1825.7852661097654,68.97037624769368,41.10179404560918,11.234726880436549,0.22223582525240165,13.088383186541268,19.80866106396242,0.6507002243355213,1592.0,4.651999999999987,0.6,misfire,1.0,0.0
endurance,300,misfire,2516.0,100.43184969381662,100.65715544347184,639.313458861691,1826.5639287716085,69.44690003759675,41.25768566343846,11.250118454672998,0.18542179544196163,13.015443610810372,20.094220036605314,0.6496148396665373,1584.0,4.704000000000008,0.6,misfire,1.0,0.0
endurance,300,misfire,2517.0,100.34559011815651,99.7047759701735,630.5424020704903,1420.6663849955107,66.24649409402629,41.861934183632634,5.277294994762629,0.9218081592753818,12.838504915243066,19.912116715272763,0.5850711034479888,1576.0,4.755999999999972,0.6,misfire,1.0,0.0
endurance,300,misfire,2518.0,100.35787628230531,100.93267740667639,643.7966779959388,1540.2657579067818,65.77810338082232,41.06512397004309,9.578981508008356,0.15071873791473156,12.91543732872903,19.945413165772397,0.6505867987175185,1568.0,4.807999999999993,0.6,misfire,1.0,0.0
endurance,300,misfire,2519.0,100.4366910280451,100.70139828539929,640.3490784728117,1643.6369828458812,67.46568739047422,41.263255313327605,10.121651273044257,0.1788892635755531,13.000156230773449,20.092611107278547,0.6503652603247347,1560.0,4.860000000000014,0.6,misfire,1.0,0.0
endurance,300,misfire,2520.0,99.8567993722429,100.46992420054175,639.382929688051,1535.8929875880162,65.97746285905095,40.366511888365636,4.756772286070529,0.170648521001622,12.925797357684688,20.07399362504301,0.6541682533687722,1552.0,4.911999999999978,0.3,misfire,1.0,0.0
endurance,300,misfire,2521.0,99.26603499479931,99.96239537765459,636.6431720503705,1473.4614501933854,65.89145125677382,40.72283650078383,4.548779675181787,0.14359709433388945,12.872210758156832,19.772543031775474,0.6580376760238582,1544.0,4.963999999999999,0.3,misfire,1.0,0.0
endurance,300,misfire,2522.0,98.52123133410142,98.36706389919505,600.718693458611,1023.2353355711924,61.14732923379779,41.20397476580774,1.9005353602247306,1.02010391715203,12.63449853018642,19.80808424395387,0.5975948566093987,1536.0,5.0160000000000196,0.3,misfire,1.0,0.0
endurance,300,misfire,2523.0,97.83054851067806,97.95367561103384,638.9689491133571,1121.0109875552957,62.32416420043494,41.12153897415597,3.4577499304176404,0.2291828798866289,12.66909890498451,19.9328058513699,0.6524619710049852,1528.0,5.067999999999984,0.3,misfire,1.0,0.0
endurance,300,misfire,2524.0,97.1817377943858,98.36477218788161,637.6893291307643,1176.987112501875,63.85577685265625,40.816719671579634,3.658628587266854,0.18252325478582104,12.741116731772713,19.920647266317065,0.6602362926042079,1520.0,5.1200000000000045,0.3,misfire,1.0,0.0
endurance,300,misfire,2525.0,96.56626713994628,96.89088715272766,638.2404370072115,1220.4555517149302,63.51676303595125,41.22461626646894,3.7980570767603896,0.2462735649667026,12.78427943952481,20.00422386255992,0.6667009883133201,1512.0,5.1720000000000255,0.3,misfire,1.0,0.0
endurance,300,misfire,2526.0,95.97816236681419,96.77598309693296,636.1136750900412,1253.5713494091685,64.21122684132176,40.40789885334715,3.895205906539775,0.24833864920854987,12.808520768547602,20.100451616600704,0.6722381616399804,1504.0,5.2239999999999895,0.3,misfire,1.0,0.0
endurance,300,misfire,2527.0,95.41321040738679,95.68329433542465,635.088195036727,1274.089825888147,64.43522597290398,40.2850661434237,3.9632653012374255,0.12397653989389934,12.725580864119767,20.395131799032384,0.6771111552701672,1496.0,5.2760000000000105,0.3,misfire,1.0,0.0
endurance,300,misfire,2528.0,94.71686272835225,94.79124492407752,630.144548928832,892.847163358009,60.76122535127163,40.24152010541995,1.659636261830255,1.0749993485438942,12.52623501966051,20.01718404423558,0.5834724025616538,1488.0,5.3279999999999745,0.3,misfire,1.0,0.0
endurance,300,misfire,2529.0,94.0894721778377,94.3568261795038,628.882810148492,1028.7599908864238,61.26937698666891,40.37238619136863,3.1887965094531654,0.07401394854842258,12.60455026474251,19.9090191212823,0.6717836652234619,1480.0,5.3799999999999955,0.3,misfire,1.0,0.0
endurance,300,misfire,2530.0,93.5134399344662,93.50731794262839,633.8463096129763,1125.3369609003364,62.7852308100071,40.82720849236064,3.4808780477572876,0.2016373207773495,12.65645581281023,19.90220594550798,0.6807267962828782,1472.0,5.432000000000016,0.3,misfire,1.0,0.0
endurance,300,misfire,2531.0,92.82502400894512,92.26971008690333,454.74434749419925,778.1901775127818,60.11292210549545,40.30987593738594,1.4609053443191355,0.9452833975888436,12.424223388251807,19.656533423617393,0.7320041855790475,1464.0,5.4839999999999804,0.3,misfire,1.0,0.0
endurance,300,misfire,2532.0,92.2182657779218,91.55898102174062,634.4522856364396,950.2382096729897,61.2243623707646,39.98991236967104,2.964564498161221,0.1895753383182876,12.563737348468575,19.665673783010806,0.6798682482766827,1456.0,5.536000000000001,0.3,misfire,1.0,0.0
endurance,300,misfire,2533.0,91.67123609789579,92.42082412444486,626.7039868912893,1063.7982949221482,63.17506349734997,39.56073496344976,3.330260304888116,0.18529792698309414,12.716267525259921,19.725226134450903,0.6899347832016727,1448.0,5.588000000000022,0.3,misfire,1.0,0.0
endurance,300,misfire,2534.0,91.01722448776381,90.93038545580035,639.928761582578,747.3690218058814,59.88243495498168,40.21853743178535,1.3991402481120356,1.0080080182161206,12.465778696684778,19.93357378101149,0.5906189085943592,1440.0,5.639999999999986,0.3,misfire,1.0,0.0
endurance,300,misfire,2535.0,90.44823988583012,90.74217228669656,628.1512181737892,934.8995106240159,61.15749667967596,39.484900853682895,2.89740612310912,0.2320172500729454,12.527545424676598,19.731186891300883,0.6901441538536683,1432.0,5.692000000000007,0.3,misfire,1.0,0.0
endurance,300,misfire,2536.0,89.9409640470154,90.33977019268553,628.0746135080075,1050.5136574132694,62.414215171037576,39.44775807482589,3.287725373443587,0.19239867467886157,12.651347131512436,19.816983244482127,0.700390439799376,1424.0,5.744000000000028,0.3,misfire,1.0,0.0
endurance,300,misfire,2537.0,89.47928823777481,89.51896091340771,630.8490520994611,1136.496656901625,62.503673948014665,39.0074587493347,3.55750919810205,0.1640969355372896,12.67766187199437,19.954610970805568,0.708209482480654,1416.0,5.795999999999992,0.3,misfire,1.0,0.0
endurance,300,misfire,2538.0,88.9005133572096,88.50755816171716,617.8619351003348,799.9662103420354,59.33826558044891,39.84035215086001,1.4935101045119195,0.9890207907206894,12.466250451267681,19.932353807491882,0.6154301776354073,1408.0,5.848000000000013,0.3,misfire,1.0,0.0
endurance,300,misfire,2539.0,88.39941578138989,88.75425705519399,627.9473743608357,954.4503882940593,61.45922079831751,39.82732537138656,3.010531598212028,0.15031499321305697,12.651891708586097,19.73969025794801,0.7055419794106739,1400.0,5.899999999999977,0.3,misfire,1.0,0.0
endurance,300,misfire,2540.0,87.80304051332902,88.19408630019909,642.3816884151034,666.5855482102357,59.588654574572956,39.6293384561642,1.267981831118618,0.9535636668342881,12.375210975147429,19.75722061043022,0.6012155248948601,1392.0,5.951999999999998,0.3,misfire,1.0,0.0
endurance,300,misfire,2541.0,87.29911851833684,87.11151021472733,626.3435622749932,867.6990851347514,61.3580710357331,39.99826868323886,2.7543684561101176,0.2023314174359511,12.610572280403334,20.19322322811697,0.7081713999922681,1384.0,6.004000000000019,0.3,misfire,1.0,0.0
endurance,300,misfire,2542.0,86.8614052162978,86.10466786439412,626.3180966708652,1016.0917146564711,61.0118529866242,39.66961966083879,3.196681768007171,0.12536222259759072,12.593460373645062,20.06714039591361,0.7188804947528,1376.0,6.055999999999983,0.3,misfire,1.0,0.0
endurance,300,misfire,2543.0,86.47179443802715,86.2913976392291,627.7161803329494,1119.6189574659252,62.93863168188399,39.45333439146884,3.5022455314778056,0.18565696792915906,12.742267647885466,20.180664414756613,0.7268696178077497,1368.0,6.108000000000004,0.3,misfire,1.0,0.0
endurance,300,misfire,2544.0,86.11777667233987,86.0880230050233,621.7157067342637,1170.4950932610836,62.99642585827838,39.59410622261786,3.713720348142896,0.24841036217853837,12.676997555160753,19.970998364271548,0.7329733490464031,1360.0,6.160000000000025,0.3,misfire,1.0,0.0
endurance,300,misfire,2545.0,85.79069157518468,85.92492037060727,620.575025471568,1216.9389479587028,63.89490661954578,38.38097783610992,3.8604586696720538,0.1875919477283359,12.732322539806587,20.3774352530105,0.73776582906438,1352.0,6.211999999999989,0.3,misfire,1.0,0.0
endurance,300,misfire,2546.0,85.48452653479846,86.13485530144244,619.1225859695724,1260.4460811342092,63.15014147683932,39.09405062516901,3.9626563270541517,0.3085316580569862,12.75057143067107,20.16137363941976,0.7416421377066734,1344.0,6.26400000000001,0.3,misfire,1.0,0.0
endurance,300,misfire,2547.0,85.1950906512051,84.80772098169183,619.5008718370848,1276.6149510418106,64.7026704599683,38.42404758179764,4.034208975056825,0.19001010071058655,12.80311993282624,19.894115650949452,0.7448742420239919,1336.0,6.315999999999974,0.3,misfire,1.0,0.0
endurance,300,misfire,2548.0,84.91944681388668,85.3040046313329,631.5297628747127,1286.7207035990252,65.24075593024997,38.933153562328584,4.0846774580493355,0.20028698339132026,12.751762482135105,19.891994314590544,0.747649460695802,1328.0,6.367999999999995,0.3,misfire,1.0,0.0
endurance,300,misfire,2549.0,84.50397247239464,85.53042156331674,511.52634007381755,910.9971721516515,60.61039749451923,39.60146945693216,1.7126849329795155,0.9252581388276587,12.370134489803705,20.041463920307443,0.7404487791808005,1320.0,6.420000000000016,0.3,misfire,1.0,0.0
endurance,300,misfire,2550.0,84.14970468943324,84.47813137034318,620.4899727604358,1037.5285455943535,61.918248266489684,37.73002390684531,3.2754451306952084,0.21985879849066595,12.619113721667704,19.710790217365584,0.7385541807159154,1312.0,6.47199999999998,0.3,misfire,1.0,0.0
endurance,300,misfire,2551.0,83.83956150914038,83.44436362514162,620.6492484804666,1118.276520482259,62.92162119098101,38.343580271263136,3.566331455296468,0.28881505417943704,12.637980104970985,19.894615438987227,0.7457655391606295,1304.0,6.524000000000001,0.3,misfire,1.0,0.0
endurance,300,misfire,2552.0,83.56175039922188,82.89440499564348,617.5961819818752,1185.1460376916466,64.18414669411732,38.53556352697666,3.7677152022367832,0.1870066302575163,12.667491276189375,19.708527833588885,0.7512027594846795,1296.0,6.576000000000022,0.3,misfire,1.0,0.0
endurance,300,misfire,2553.0,83.30811646531613,83.03232447556822,621.8447822721623,1221.4203411600524,63.31234004264134,38.761208356859704,3.9075181628836373,0.19168148458129486,12.712736631407115,20.224003314140052,0.7554083534394695,1288.0,6.627999999999986,0.3,misfire,1.0,0.0
endurance,300,misfire,2554.0,83.07300682076911,82.8810746135136,617.1591298141069,1265.8916962330788,64.29002912973678,38.65396616327715,4.004951785747156,0.21686153204039038,12.752219691205546,20.083598001483494,0.7587555813268376,1280.0,6.680000000000007,0.3,misfire,1.0,0.0
endurance,300,misfire,2555.0,82.70094106356628,82.38511202574355,576.0543048923874,882.6386932166927,61.32287793087952,37.84001100135014,1.6806266933483003,1.0788111518823942,12.583994253757046,20.05390565390571,0.6966847209481509,1272.0,6.732000000000028,0.3,misfire,1.0,0.0
endurance,300,misfire,2556.0,82.39168800788013,82.81992941762984,623.6590114575321,1015.7514286500638,61.14412016415664,38.400361198962685,3.2461384764777224,0.15490495532044044,12.59248695238159,19.894714394873876,0.7500710061650041,1264.0,6.783999999999992,0.3,misfire,1.0,0.0
endurance,300,misfire,2557.0,82.12730258653568,81.80504533796383,616.1072230904177,1118.4782346930742,62.046812668590604,38.30476181287713,3.5536286994676596,0.1361378067115862,12.64103301418399,19.994492666988073,0.7572691562348279,1256.0,6.836000000000013,0.3,misfire,1.0,0.0
endurance,300,misfire,2558.0,81.89540747801253,82.35292187874794,618.1411294380804,1181.9464884633012,62.99794412624084,38.62381603103999,3.766442440641278,0.1601872027966667,12.786542687293773,20.029394229568652,0.7626089682962425,1248.0,6.887999999999977,0.3,misfire,1.0,0.0
endurance,300,misfire,2559.0,81.68745414040035,81.58952237631203,615.3623639046348,1224.620033110273,63.760629594288794,37.18614535643817,3.9141155794844256,0.1714025566600252,12.70352942001795,20.013678280662866,0.7666613695219808,1240.0,6.939999999999998,0.3,misfire,1.0,0.0
endurance,300,misfire,2560.0,81.49752724951756,81.27450692806508,621.13978981366,1250.4256918428123,64.32911460437879,37.81765673573614,4.016970111738647,0.171172161429602,12.761837417712416,20.090472974848552,0.76981910574565,1232.0,6.992000000000019,0.3,misfire,1.0,0.0
endurance,300,misfire,2561.0,81.32152272793361,81.46153293122013,618.3516721205223,1286.4608407240066,64.09040337337457,37.55767240299585,4.088988470411054,0.1999757921938746,12.72769354131985,19.844140134385157,0.7723524175730108,1224.0,7.043999999999983,0.3,misfire,1.0,0.0
endurance,300,misfire,2562.0,81.15658261826547,80.69211170595392,618.3510790662691,1289.7036084194146,63.66420487506609,38.13249616675505,4.13979118739751,0.2035914051825227,12.844619381698443,19.625906848664727,0.774447317840794,1216.0,7.096000000000004,0.3,misfire,1.0,0.0
endurance,300,misfire,2563.0,81.00070653742837,81.27170581917478,614.4580275365543,1319.06894045003,65.11710194874995,38.20375099113718,4.175997613077135,0.16561640253966328,12.819654885543185,19.669462410620767,0.776231907498801,1208.0,7.148000000000025,0.3,misfire,1.0,0.0
endurance,300,misfire,2564.0,80.85248453079588,80.85199738756289,614.154202216249,1310.714346759965,63.72590008619365,37.10494921057018,4.202162152077106,0.2114755887219784,12.75704690020654,19.903351340574652,0.7777944679049368,1200.0,7.199999999999989,0.3,misfire,1.0,0.0
endurance,300,misfire,2565.0,80.55936463894432,80.07819383678029,665.8637613376023,923.9927965468352,60.174477863467764,38.12908768549534,1.7634831460113516,1.0764607306505887,12.5878267353952,19.734516315574677,0.6331741685732312,1192.0,7.2520000000000095,0.3,misfire,1.0,0.0
endurance,300,misfire,2566.0,80.32314013508204,80.16113830805214,614.4184835263088,1046.7830697001782,62.74960741349134,38.58769566190468,3.353659144316879,0.1436230109331411,12.569818600501465,19.751645605118487,0.7667267764807997,1184.0,7.303999999999974,0.3,misfire,1.0,0.0
endurance,300,misfire,2567.0,79.97571990644165,80.0731968682484,580.2529490780724,728.5242035844448,58.8622903064071,38.093307725095976,1.4134907392679616,1.0359470807949485,12.378700146739622,19.97961219907502,0.7000594633381942,1176.0,7.3559999999999945,0.3,misfire,1.0,0.0
endurance,300,misfire,2568.0,79.70821765932665,79.3085255554169,614.7654682967889,925.4565910915223,61.352733096249544,37.19810393809377,2.954822854576258,0.16777218585632206,12.565357375350484,20.146744883689237,0.7640101659869526,1168.0,7.4080000000000155,0.3,misfire,1.0,0.0
endurance,300,misfire,2569.0,79.49675234434774,79.34852102383388,612.9642485695639,1044.9921001788957,62.39952281989272,37.05329828799283,3.3682218543745206,0.21109454622585336,12.639644414274995,20.091891522697903,0.7726702064656542,1160.0,7.4599999999999795,0.3,misfire,1.0,0.0
endurance,300,misfire,2570.0,79.32487971369491,79.0662983644567,617.5582338382764,1133.0172594660892,62.57007111791632,38.023875737517415,3.653916974359761,0.19055960062786897,12.649971285469343,20.273152693294758,0.7788706432031905,1152.0,7.5120000000000005,0.3,misfire,1.0,0.0
endurance,300,misfire,2571.0,79.02972018997434,78.90813636338231,697.9815284628434,803.4848788479392,60.154321102715485,37.9951841830222,1.5380305265750274,1.0605430880291355,12.495360130825736,19.593241685743298,0.6119194918805609,1144.0,7.564000000000021,0.3,misfire,1.0,0.0
endurance,300,misfire,2572.0,78.80597506623845,79.82759477981246,617.4882160919196,961.8173514942142,62.09609909977526,37.73798092674107,3.1026758444542146,0.13627627777999388,12.695191077551417,19.57945297423543,0.7729521988558639,1136.0,7.6159999999999854,0.3,misfire,1.0,0.0
endurance,300,misfire,2573.0,78.63223430430595,78.43172481200087,610.9930519421856,1072.7903760923095,62.703341998153284,36.91171946800076,3.4749933213428594,0.26514989782018444,12.648385002352358,20.1052826936147,0.7806492608890234,1128.0,7.668000000000006,0.3,misfire,1.0,0.0
endurance,300,misfire,2574.0,78.49375691366862,79.18594923791498,615.6347016056576,1154.8350067195574,63.06630007025935,37.18491001621722,3.732426467826647,0.20281258077747172,12.724200749124169,19.912572389405483,0.7861420765708718,1120.0,7.720000000000027,0.3,misfire,1.0,0.0
endurance,300,misfire,2575.0,78.38038738812354,78.26855900347695,615.6842722717788,1216.9447747070778,63.96242560914265,37.76140853511808,3.910815316413382,0.14343703229430582,12.771429276653125,19.7277368970748,0.7901141929897884,1112.0,7.771999999999991,0.3,misfire,1.0,0.0
endurance,300,misfire,2576.0,78.28512324371897,77.51408816910062,612.6557500701822,1252.283162163185,63.60681739486958,36.932286702367655,4.034819341834037,0.28231771252455096,12.716763061518243,19.90248704934178,0.7930356744676108,1104.0,7.824000000000012,0.3,misfire,1.0,0.0
endurance,300,misfire,2577.0,78.20313018914472,78.90011289102252,617.0765757001498,1269.1594006659873,63.600031708033654,37.51917700382639,4.121405314761857,0.21829822505364285,12.779595777923488,20.3273708826282,0.7952298129313533,1096.0,7.875999999999976,0.3,misfire,1.0,0.0
endurance,300,misfire,2578.0,78.13106504371258,78.57751748060757,612.7235865018447,1285.2407537116187,64.32020084154817,37.82137863956332,4.18224709578142,0.15284527648505578,12.763163670207039,20.07989569833234,0.7969189913650259,1088.0,7.927999999999997,0.3,misfire,1.0,0.0
endurance,300,misfire,2579.0,78.06661023208261,77.08338139193654,606.8988151836326,1300.8392044440513,63.74025314181509,37.9937137083622,4.225376797023753,0.12141300800458925,12.726336780715124,20.06274618366796,0.7982562150023162,1080.0,7.980000000000018,0.3,misfire,1.0,0.0
endurance,300,misfire,2580.0,78.00815373827326,77.80633985753727,615.1712305767985,1310.794991397887,64.6795662783862,37.320565304323424,4.256320852337818,0.2503487159935564,12.784209033383837,20.409058585381903,0.7992275577808325,1072.0,8.031999999999982,0.3,misfire,1.0,0.0
endurance,300,misfire,2581.0,77.95456906319383,78.326934728405,608.2068976438438,1319.2183090782933,63.734890804647776,37.83327187516781,4.278881682282101,0.19398230471742378,12.847897755389791,19.648927183028693,0.7996160677295067,1064.0,8.084000000000003,0.3,misfire,1.0,0.0
endurance,300,misfire,2582.0,77.9050639348567,76.72251839914242,614.8119225678781,1321.898696505044,64.61578919935071,37.924884873753726,4.2956755130771,0.2441834230396783,12.828359981229521,20.11142250454709,0.7999007932170865,1056.0,8.136000000000024,0.3,misfire,1.0,0.0
endurance,300,misfire,2583.0,77.85907628630926,78.72874544861261,611.034617976268,1324.4473228489808,64.67251762629351,37.30325566400333,4.308502418997464,0.23685677550191836,12.870699655659845,20.040384216711853,0.8001133766117313,1048.0,8.187999999999988,0.3,misfire,1.0,0.0
endurance,300,misfire,2584.0,77.8162027303692,77.53292078564392,614.9629503954719,1324.212347815565,63.44431394693283,37.36515246584092,4.318600927293162,0.16147368402214346,12.853383347906389,19.98170989235872,0.8002755908697563,1040.0,8.240000000000009,0.3,misfire,1.0,0.0
endurance,300,misfire,2585.0,77.77614937615239,77.93555558423954,613.6386326193403,1326.139124474165,64.76998076844643,38.53063410515582,4.326823197189834,0.22822547993621173,12.876587875541233,19.914804864952245,0.8004024232785427,1032.0,8.291999999999973,0.3,misfire,1.0,0.0
endurance,300,misfire,2586.0,77.73869800581785,77.86797503753355,613.6656280237505,1331.2115165679859,64.84122623220394,37.53696788268947,4.333755550464514,0.23758769109539057,12.706308926068585,19.885922689405604,0.8005041955404637,1024.0,8.343999999999994,0.3,misfire,1.0,0.0
endurance,300,misfire,2587.0,77.7036828116909,77.36837279762821,614.409277938775,1331.5246805015454,64.8146738102246,37.7050531433159,4.339801401577088,0.09596125760932786,12.698805488059422,19.82614192875627,0.8005880213410013,1016.0,8.396000000000015,0.3,misfire,1.0,0.0
endurance,300,misfire,2588.0,77.6709743938698,77.70457189637197,609.6210957746524,1332.8796621549907,64.60382875664311,37.392043358588175,4.345238317098387,0.18981378823696288,12.771883019206244,19.92237569272756,0.8006588084369994,1008.0,8.447999999999979,0.3,misfire,1.0,0.0
endurance,300,misfire,2589.0,77.6404687496332,77.0938324058267,614.4092031736088,1330.7155082780073,65.33086744701362,37.448112320276365,4.350257274997421,0.18732953035378538,12.863658989037233,19.73537355930376,0.800719947602267,1000.0,8.5,0.3,misfire,1.0,0.0
endurance,300,misfire,2590.0,77.46053094457872,77.24679133267178,626.4847723919614,929.0597739172596,61.14340273750505,37.43677789788047,1.8283302402961217,1.0369864167672393,12.55999071782131,20.03147254411388,0.684365810179755,992.0,8.552000000000021,0.3,misfire,1.0,0.0
endurance,300,misfire,2591.0,77.33360343296323,77.3060099185559,610.6362150422231,1063.2851370328715,61.45906035721829,36.60103543401242,3.4597257122492118,0.18151154295869795,12.624710248937806,19.668757086400518,0.7858098067334274,984.0,8.603999999999985,0.3,misfire,1.0,0.0
endurance,300,misfire,2592.0,77.24360844481599,77.38943940780499,610.1078743080128,1139.0802875183176,63.09962517340911,36.69380922168303,3.744829551575321,0.22653148430012898,12.583247084815726,19.865480177177787,0.7907050040552073,976.0,8.656000000000006,0.3,misfire,1.0,0.0
endurance,300,misfire,2593.0,77.17948090057543,76.2968475988356,608.9629217093637,1210.216027561726,63.67574219603982,36.3746261526277,3.9422747155669318,0.21449324757420252,12.613479456865047,20.204222464726172,0.7940765331642907,968.0,8.708000000000027,0.3,misfire,1.0,0.0
endurance,300,misfire,2594.0,77.13360222182943,77.19165768113515,609.9881353489022,1241.5262746808496,64.02161046950562,36.200657350419036,4.079408169481542,0.18933911905228404,12.808720178001643,20.247684728514006,0.7964000250903489,960.0,8.759999999999991,0.3,misfire,1.0,0.0
endurance,300,misfire,2595.0,77.10072356961612,76.59836092481802,612.9589172227764,1264.298543122394,64.41899335993999,38.07362287998823,4.175045742693704,0.25680692978293806,12.794821345494261,20.083438038230003,0.7980024884471293,952.0,8.812000000000012,0.3,misfire,1.0,0.0
endurance,300,misfire,2596.0,77.07722556432914,76.96314423539401,614.1895589068844,1287.6830333509038,63.54771823797074,37.31628491958978,4.242133492874451,0.20095413485676414,12.796631311801468,19.859901892717247,0.7991087536450299,944.0,8.863999999999976,0.3,misfire,1.0,0.0
endurance,300,misfire,2597.0,77.06060933687922,77.63890460211134,612.4263158962053,1309.3960945405834,63.93808987763585,36.41928987506176,4.289578834387077,0.18144304702610012,12.881664463826414,20.108073213317727,0.7998734032942076,936.0,8.915999999999997,0.3,misfire,1.0,0.0
endurance,300,misfire,2598.0,77.04914662024366,76.74730183206428,610.5208624160827,1317.0452676767427,64.92938059808775,36.51653434479637,4.32351043001474,0.19756779237186273,12.755369370793106,19.998311935337593,0.8004027243635111,928.0,8.968000000000018,0.3,misfire,1.0,0.0
endurance,300,misfire,2599.0,76.89009043108351,76.9841893257571,606.7473879659269,917.185299305874,60.21309565570281,37.487472640700574,1.8186604691825674,0.9706999052941201,12.530439938411005,19.868574715334976,0.7036164528994299,920.0,9.019999999999982,0.3,misfire,1.0,0.0
endurance,300,misfire,2600.0,76.78512321247842,76.99315102228196,610.382579534827,1050.941644421201,61.87037329055678,37.32641139838587,3.4602056836102686,0.2208066851714839,12.548613795898527,19.860373915768772,0.7860127393102232,912.0,9.072000000000003,0.3,misfire,1.0,0.0
endurance,300,misfire,2601.0,76.71764910156212,77.36920154795662,609.9751037231784,1131.0444707593256,63.306820956558774,36.7869602330828,3.7567372223383435,0.15238095292971518,12.677091762698069,20.082009113554264,0.7910419619792004,904.0,9.124000000000024,0.3,misfire,1.0,0.0
endurance,300,misfire,2602.0,76.67625113958215,76.13485331946885,609.7892140332153,1201.9519868057191,63.46664950549816,36.975976104486236,3.9620540330694802,0.23793485224893957,12.754433769297096,19.812779098438334,0.7944975984355604,896.0,9.175999999999988,0.3,misfire,1.0,0.0
endurance,300,misfire,2603.0,76.6530730382462,76.96254347337322,612.2278206041093,1244.7417885282396,63.78893390170695,37.54297483665641,4.10461251298985,0.19864586054980643,12.748523623846951,19.84088339548904,0.7968710705043953,888.0,9.228000000000009,0.3,misfire,1.0,0.0
endurance,300,misfire,2604.0,76.64270663994505,77.58116739924715,610.4361614061759,1279.5623711277772,64.71708175320157,37.285542518189246,4.2039918003836405,0.16457934902733415,12.741799416762019,19.960377052104832,0.798500238413677,880.0,9.279999999999973,0.3,misfire,1.0,0.0
endurance,300,misfire,2605.0,76.64142704261442,76.76658238723827,609.5403389257704,1299.548924089162,64.38505246649851,37.427797411217156,4.273663122965726,0.21708358257930677,12.784605226038659,20.018913250793638,0.7996173886094708,872.0,9.331999999999994,0.3,misfire,1.0,0.0
endurance,300,misfire,2606.0,76.64666674413228,75.11211913655846,611.718375803377,1309.4440935692107,63.79701464451304,37.15124146922758,4.322895221340019,0.24254145349320919,12.83135444767913,19.988851573967025,0.8003822253832746,864.0,9.384000000000015,0.3,misfire,1.0,0.0
endurance,300,misfire,2607.0,76.6566541127406,76.79969922012418,611.3095583892729,1315.5469048285236,64.54397942191119,37.98638696094889,4.3580653570754215,0.21487690131781212,12.720066165607188,20.07970164023528,0.8009045526200858,856.0,9.435999999999979,0.3,misfire,1.0,0.0
endurance,300,misfire,2608.0,76.67016483170082,76.15290412794245,611.2697978420762,1324.9750891655478,64.7183256553337,36.76729206860156,4.383561338929196,0.20962991956774868,12.804219050909916,20.089713283814344,0.8012598675043725,848.0,9.488,0.3,misfire,1.0,0.0
endurance,300,misfire,2609.0,76.68635101382424,77.24575092493968,606.4277825514794,1327.9507448663712,65.17266991198571,37.42842422968888,4.402402153035729,0.21874313709423787,12.77533212218023,19.90892540010059,0.8015000811970002,840.0,9.54000000000002,0.3,misfire,1.0,0.0
endurance,300,misfire,2610.0,76.70462371412906,76.44503659159264,614.1911848206049,1335.0200206285285,64.10256367395067,38.2872198658949,4.416664981285291,0.1919974882601856,12.870367962970136,19.85888499546118,0.8016608893045949,832.0,9.591999999999985,0.3,misfire,1.0,0.0
