mission_type,mission_seed,fault_label,timestamp_s,true_cht,sensor_cht,egt,rpm,oil_pressure,oil_temp,fuel_flow,vibration,battery_voltage,injection_timing,health_index,altitude,ambient_temp,throttle,fault_type,fault_severity,rul_seconds
endurance,14,healthy,0.0,28.07385734032746,28.03768905724437,539.7229676195975,1937.4255233057072,69.1805140701918,25.712735323221665,20.900323312640282,0.1720897472311962,13.177140467619571,20.034795305691233,0.8585533701499048,8.0,14.947999999999979,0.9,none,0.0,
endurance,14,healthy,1.0,31.25802920394359,30.72024446922525,551.9030737135423,2098.335342492345,71.68734321802565,26.652470395878392,22.636955054157376,0.2388967933198771,13.262324222357986,20.002932274959385,0.8550197354242569,16.0,14.896000000000015,0.9,none,0.0,
endurance,14,healthy,2.0,34.491933093185,34.910036578858964,557.310727501191,2217.247475770494,72.09495790023901,26.415324651188975,23.821480201993978,0.2457336378942601,13.24461279008914,19.765575641221673,0.8514309105831712,24.0,14.843999999999994,0.9,none,0.0,
endurance,14,healthy,3.0,37.73454023452503,37.05997715926966,557.9764336910513,2293.904090598943,72.59202972428922,27.340712074311487,24.626730776941677,0.1925278739717413,13.38664836656377,19.99917128329546,0.8478324273080691,32.0,14.791999999999973,0.9,none,0.0,
endurance,14,healthy,4.0,40.958250237550985,40.6758599147668,561.9508161222448,2337.676767857302,73.51923643071531,27.750838571278724,25.171437647417783,0.2845548791939966,13.326991776118582,19.899925962242644,0.8442549151322111,40.0,14.740000000000009,0.9,none,0.0,
endurance,14,healthy,5.0,44.144680275445054,44.209135939845126,563.6027421389023,2364.647219477366,73.07405531834154,28.776586910662754,25.537165657755317,0.20802441353082474,13.512232840693223,20.292720266940634,0.8407187743976581,48.0,14.687999999999988,0.9,none,0.0,
endurance,14,healthy,6.0,47.28177049060767,47.419372417953866,567.6803562737464,2402.8443379561586,73.56138589909537,28.374450097003006,25.7799476054718,0.20680587419788096,13.427903788335223,20.53931378117534,0.8372373885313814,56.0,14.636000000000024,0.9,none,0.0,
endurance,14,healthy,7.0,50.361794296874855,50.38824305645244,572.7173705100784,2424.447285906153,73.11188827366927,29.650950261760222,25.938276469380458,0.2677234646342736,13.464831738423296,20.35197205638888,0.8338193321123764,64.0,14.584000000000003,0.9,none,0.0,
endurance,14,healthy,8.0,53.37999079014745,53.50545631069259,580.1368503002823,2428.0956462508098,74.01579722671873,30.223013343712225,26.03859585364771,0.15918754611267483,13.454308970536003,19.84322624660032,0.8304698885539672,72.0,14.531999999999982,0.9,none,0.0,
endurance,14,healthy,9.0,56.33362485074747,56.2093666983931,577.6674121798424,2439.22829226733,75.00454734963581,31.221411341633942,26.099071773502494,0.12644246270872866,13.44967967717946,19.845307823213833,0.8271920931552164,80.0,14.480000000000018,0.9,none,0.0,
endurance,14,healthy,10.0,59.221341276216585,59.68734329919687,585.4541404858004,2434.5301934016475,75.1531330603383,31.961688700939053,26.132183769055704,0.17758905525065175,13.501104058077972,19.95809665072595,0.8239874498520519,88.0,14.427999999999997,0.9,none,0.0,
endurance,14,healthy,11.0,62.04272105260489,62.0234173517972,592.985900415859,2444.2937624771125,73.85222392490132,33.37447120286435,26.146504929515032,0.21798645114798867,13.460455463239562,19.87224726025372,0.820856423645205,96.0,14.375999999999976,0.9,none,0.0,
endurance,14,healthy,12.0,64.79797658871,64.09540143350708,589.9727624895158,2441.9653389887458,74.08918390947811,33.574482849547955,26.14792472089063,0.03140203236421832,13.477113149851192,20.015320220984773,0.8177987788140124,104.0,14.324000000000012,0.9,none,0.0,
endurance,14,healthy,13.0,67.48774248025575,67.16321147451826,596.3523521889197,2446.4413988868896,74.64537829152916,33.06831978386614,26.140489034898934,0.13201353728122828,13.43704498616141,20.20560182357112,0.8148138111158695,112.0,14.271999999999991,0.9,none,0.0,
endurance,14,healthy,14.0,70.11293194398444,70.81213224647108,596.6487020475446,2447.024641551926,74.15740276818507,34.79460416491775,26.126977279308385,0.15740466218355087,13.492101834046823,19.976558674093397,0.8119005071084966,120.0,14.220000000000027,0.9,none,0.0,
endurance,14,healthy,15.0,72.67463839305935,72.74581474100405,609.7673869569799,2450.55945673405,75.54399734343454,34.87423712381451,26.109298822978815,0.14456787888056322,13.606810827021452,20.104491673413058,0.8090576533766357,128.0,14.168000000000006,0.9,none,0.0,
endurance,14,healthy,16.0,75.17406804052374,75.92618529857548,608.8033375731095,2450.1111200906103,74.56253516979865,35.912797751604955,26.088765342555057,0.18744315141214082,13.434634505396673,19.610637759354397,0.8062839113253621,136.0,14.115999999999985,0.9,none,0.0,
endurance,14,healthy,17.0,77.61249382811121,78.50424713351582,613.7418846718173,2440.28370199184,74.25768262214278,36.2837657283059,26.066277917029478,0.16809625620529628,13.558816619575632,19.922825749511855,0.8035778683075869,144.0,14.064000000000021,0.9,none,0.0,
endurance,14,healthy,18.0,79.9912240099512,79.56142500478177,614.8086270733514,2446.3823982076756,74.14812028037954,37.23167901912981,26.04245555645651,0.17133758861111748,13.474120810292373,19.854312655065883,0.80093807248829,152.0,14.012,0.9,none,0.0,
endurance,14,healthy,19.0,82.31158080538017,81.33529023842895,622.7765849970203,2443.507671665148,75.00357492263393,37.28328367188511,26.017723497561033,0.18310762778331055,13.47495618636057,20.20422981315787,0.7983630565345626,160.0,13.95999999999998,0.9,none,0.0,
endurance,14,healthy,20.0,84.5748859682748,84.37630656584103,624.9146505518087,2436.044274797641,74.32863450701475,38.83384403331289,25.99237386032685,0.17472981467801185,13.45237988237333,19.857763544342642,0.7925169237886664,168.0,13.908000000000015,0.9,none,0.0,
endurance,14,healthy,21.0,86.78245110564791,86.40826318400532,620.6248214102019,2440.4794376105388,74.63740393372883,38.08051477061484,25.9666073173535,0.20228642548524356,13.357172455967188,19.68053568139818,0.7787692526906009,176.0,13.855999999999995,0.9,none,0.0,
endurance,14,healthy,22.0,88.93557125565616,88.624909090289,632.4674233602157,2440.41541013822,74.59672258908849,39.38721543201017,25.940561719519614,0.14950187711667529,13.458327665410831,20.384065611289234,0.7653542268540879,184.0,13.803999999999974,0.9,none,0.0,
endurance,14,healthy,23.0,91.03552070088234,90.97200497744655,633.2534560985935,2447.0979503788785,74.56254629561467,38.28919979189673,25.914331760996397,0.1802022727195064,13.535106463868242,20.104730816216527,0.7522640607311175,192.0,13.75200000000001,0.9,none,0.0,
endurance,14,healthy,24.0,93.08355031293094,92.49939848300833,630.8428359900004,2433.5098492196644,74.05182784414522,40.400233416484184,25.887982488548978,0.1346989903016484,13.409218668670682,19.32970544760844,0.7394911118089035,200.0,13.699999999999989,0.9,none,0.0,
endurance,14,healthy,25.0,95.08088594449275,94.35237133562643,635.426878726411,2444.72835685839,74.34385052917496,40.753552428545824,25.86155858203851,0.1497819927126096,13.533766600227494,19.914194427863062,0.7270278904339689,208.0,13.648000000000025,0.9,none,0.0,
endurance,14,healthy,26.0,97.02872753636245,97.22457746282518,640.4937754909263,2439.908359391459,74.52462145580003,41.1009759300875,25.835090729859246,0.2147284384001618,13.421181732632503,19.987172689395504,0.7148670652680429,216.0,13.596000000000004,0.9,none,0.0,
endurance,14,healthy,27.0,98.9282487109272,99.25934535698829,639.2816427477509,2430.837201589566,73.87081320367567,41.73866352304812,25.808600008679907,0.26632758895954756,13.5385440117345,20.05250737649713,0.7030014657717457,224.0,13.543999999999983,0.9,none,0.0,
endurance,14,healthy,28.0,100.78059669516576,100.32008607863719,640.9682799097973,2443.156221417603,74.70848720852932,41.98078466274119,25.7821008921985,0.19983339908465128,13.526239859341455,19.99219094439772,0.6914240826750444,232.0,13.492000000000019,0.9,none,0.0,
endurance,14,healthy,29.0,102.5868924653652,101.87353128064005,642.1661000863737,2430.442758462038,75.28301084449436,42.96472412328444,25.75560331806953,0.11690761446489174,13.510935539200961,20.241894861382697,0.6801280670930683,240.0,13.439999999999998,0.9,none,0.0,
endurance,14,healthy,30.0,104.3482310395625,104.44908558626358,649.3504674997841,2429.608511401136,74.28632543640404,43.80309349212628,25.729114107822614,0.21600995659261207,13.462690990849078,20.00239078583525,0.6691067287393662,248.0,13.387999999999977,0.9,none,0.0,
endurance,14,healthy,31.0,106.06568186695283,104.46679559647679,643.8501872252526,2441.065111036242,74.46773524425038,43.59377329288213,25.702637942304882,0.20491898739109377,13.443823818415492,19.673475578596612,0.6583535335467183,256.0,13.336000000000013,0.9,none,0.0,
endurance,14,healthy,32.0,107.7402892794778,109.26345827492136,652.4662100667797,2435.785616064097,75.12756424829179,44.08729282711009,25.67617803178124,0.20788727425695377,13.477910139440747,19.91152001182165,0.6478621009080436,264.0,13.283999999999992,0.9,none,0.0,
endurance,14,healthy,33.0,109.3730729817848,109.83818267068146,650.0245569929552,2438.21776480972,74.52769645598949,45.13165833133425,25.64973657627358,0.31515839461537054,13.558084187773947,19.885613656861334,0.6376262006828737,272.0,13.232000000000028,0.9,none,0.0,
endurance,14,healthy,34.0,110.96502856329252,110.87900071836118,658.1009449806406,2439.2292241643186,75.05742185464511,45.191744954292375,25.62331508180004,0.2446069670135263,13.47640935606772,19.960687026954353,0.6276397500687568,280.0,13.180000000000007,0.9,none,0.0,
endurance,14,healthy,35.0,112.51712802128284,112.7175950066565,658.0410707883407,2436.597426017405,73.63933763305079,45.26383671681081,25.596914577622194,0.19404569636052463,13.491310208064313,20.11720184491099,0.6178968104053004,288.0,13.127999999999986,0.9,none,0.0,
endurance,14,healthy,36.0,114.0303202875007,113.6047273923171,660.7915023912791,2435.4580615131367,73.80307370312391,46.56196320261424,25.57053576548718,0.24980480531717592,13.500582857699763,19.94674319387683,0.6083915839567761,296.0,13.076000000000022,0.9,none,0.0,
endurance,14,healthy,37.0,115.50553175319014,115.51499029154179,657.9256724165119,2437.689157380931,74.3592381896735,47.11525979738378,25.544179122152716,0.16934591180385516,13.397337777569305,19.975976016781996,0.5991184107042798,304.0,13.024000000000001,0.9,none,0.0,
endurance,14,healthy,38.0,116.9436667891743,116.4398448931353,664.1187604132349,2443.717276507733,74.26873219335017,46.55109651787671,25.517844969818675,0.25979396859221665,13.473782659840232,20.190298369538997,0.5900717651681755,312.0,12.97199999999998,0.9,none,0.0,
endurance,14,healthy,39.0,118.34560825873966,117.5474785216035,665.3049153579828,2438.1858443025226,74.67187380404347,46.87964022658427,25.491533524511524,0.14601066302024762,13.384887484630669,19.994607058151512,0.5812462532744987,320.0,12.920000000000016,0.9,none,0.0,
endurance,14,healthy,40.0,119.71221802187478,119.73221752173447,664.2083668586677,2424.079594146245,73.53289832418653,48.10169786847859,25.46524492932279,0.14648881427589877,13.490568209962941,19.920411793422833,0.5726366092741838,328.0,12.867999999999995,0.9,none,0.0,
endurance,14,healthy,41.0,121.04433742995508,120.58438919317322,667.5164184395309,2428.5749268297086,74.36849595517234,48.95714719140709,25.438979277243103,0.2079380322540129,13.512803820894723,20.03036792909648,0.5642376927206652,336.0,12.815999999999974,0.9,none,0.0,
endurance,14,healthy,42.0,122.34278781033504,121.5764399882432,668.4340838040679,2424.8888756994806,74.54505743511764,48.730552651101576,25.412736626848393,0.2925049132114031,13.491079362447973,19.880587245213814,0.5560444855091388,344.0,12.76400000000001,0.9,none,0.0,
endurance,14,healthy,43.0,123.60837094056113,123.27433669774854,674.526480153967,2432.3507037072854,73.93139264331917,48.956237482309646,25.38651701307567,0.21049453400279594,13.509880750120212,19.81999918340759,0.5480520889792398,352.0,12.711999999999989,0.9,none,0.0,
endurance,14,healthy,44.0,124.8418695120908,124.7145526502334,676.5777603032681,2431.5849295075313,73.62498989195538,49.20330391793029,25.360320454626063,0.230153317346698,13.492393293118166,19.938605905400745,0.5402557210818366,360.0,12.660000000000025,0.9,none,0.0,
endurance,14,healthy,45.0,126.04404758351812,125.51694063009185,682.8886896557281,2432.293030587973,74.14749007386855,50.09502866042087,25.33414695904992,0.22783934348173374,13.518088895116797,19.864814379096636,0.5326507136099335,368.0,12.608000000000004,0.9,none,0.0,
endurance,14,healthy,46.0,127.21565102338504,126.9550759005335,676.5576730076347,2431.800053994652,74.35753960888462,50.32147077505029,25.307996526240693,0.21180669277419498,13.47731980816341,20.30678630466615,0.5252325094932065,376.0,12.555999999999983,0.9,none,0.0,
endurance,14,healthy,47.0,128.35740794270825,129.07576653985274,677.3555784917459,2429.1872767762407,74.78930652685357,50.49478654013683,25.28186915083471,0.21242121626528554,13.474930339699528,19.887744869483985,0.5179966601553717,384.0,12.504000000000019,0.9,none,0.0,
endurance,14,healthy,48.0,129.4700291173859,129.1504510000965,680.1399971689807,2415.983116560519,74.31719554708474,51.0902130081563,25.255764823859842,0.15804302737601247,13.43452371541823,19.857445523654413,0.5109388229333848,392.0,12.451999999999998,0.9,none,0.0,
endurance,14,healthy,49.0,130.55420840066932,131.63009613914386,685.405631820768,2427.5719067264813,74.00046476597474,51.6235559559382,25.229683533868297,0.12145446500843748,13.46265006971212,19.913545098804523,0.5040547585573438,400.0,12.399999999999977,0.9,none,0.0,
endurance,14,healthy,50.0,131.61062312589803,131.33730803137803,680.4377129886041,2426.3469310646774,74.38951842780887,51.640150262085726,25.20362526771447,0.23865184998832237,13.492177847663607,19.577723806654774,0.4973403286898779,408.0,12.348000000000013,0.9,none,0.0,
endurance,14,healthy,51.0,132.63993449970383,133.4590149314911,690.2007914004977,2427.1020527376577,72.973740951419,51.83102319637263,25.177590011089553,0.186100976824983,13.521818955312757,20.0224999843889,0.49079149352376783,416.0,12.295999999999992,0.9,none,0.0,
endurance,14,healthy,52.0,133.64278798589248,133.22805533925646,685.474723750424,2432.101013508885,73.60464209061017,52.00289578120691,25.15157774888874,0.20103855702921475,13.426347362899515,20.202976684131826,0.4844043094365268,424.0,12.244000000000028,0.9,none,0.0,
endurance,14,healthy,53.0,134.61981368021281,134.86568193984542,686.3181086906893,2421.892506378828,74.38542091173188,52.8629379582388,25.12558846546335,0.2049349898260737,13.471467503705872,20.134092329226704,0.4781749267006531,432.0,12.192000000000007,0.9,none,0.0,
endurance,14,healthy,54.0,135.57162667622146,135.20747563709665,691.1279598374122,2424.0335547168925,74.12959841389176,53.17617147899517,25.099622144794303,0.25866087443677166,13.379006785792448,20.19566282925994,0.47209958724828915,440.0,12.139999999999986,0.9,none,0.0,
endurance,14,healthy,55.0,136.49882742244952,136.1634024436877,687.5623631753568,2421.965610516055,74.70810321052075,54.112269389145276,25.07367877061099,0.1724699347873699,13.527116691320979,19.73514933002677,0.4661746224890224,448.0,12.088000000000022,0.9,none,0.0,
endurance,14,healthy,56.0,137.40200207107407,136.9729848305658,692.3668852868257,2425.6978043375775,75.22408247305748,53.432901693651566,25.047758326473083,0.11690345109932793,13.44358157962439,19.719856108685782,0.4603964511795885,456.0,12.036000000000001,0.9,none,0.0,
endurance,14,healthy,57.0,138.28172281829407,138.26816335659782,696.2967319485014,2416.919526697506,74.44015058859637,53.65542531845475,25.021860795826754,0.23873494729786723,13.537336077916027,19.7021621878332,0.45476157734426104,464.0,11.98399999999998,0.9,none,0.0,
endurance,14,healthy,58.0,139.13854823660643,138.92105036147385,696.1683148597,2427.2141797672266,74.84320802523676,55.240734197209925,24.99598616204328,0.11359380093016445,13.428222667248676,19.84865703794436,0.4492665882447273,472.0,11.932000000000016,0.9,none,0.0,
endurance,14,healthy,59.0,139.97302359917342,140.5027902314231,694.00608722398,2426.3650223307336,74.15186819734852,54.53311812811746,24.970134408445453,0.24649531214916945,13.546027697973914,20.30030653880076,0.4439081523982834,480.0,11.879999999999995,0.9,none,0.0,
endurance,14,healthy,60.0,140.2475895387878,140.60181978431322,693.6042280673315,2330.6882095652677,73.26181993125982,54.789818639915644,20.066697547065253,0.19847408490968532,13.413413771249626,20.11293566535596,0.4419706231487245,488.0,11.827999999999975,0.75,none,0.0,
endurance,14,healthy,61.0,140.4591936413829,139.80264186405233,696.3909887236944,2277.8597963281727,73.3189042116827,55.91222703406163,19.55126167348282,0.2276578355043064,13.3692118844026,19.940240276552448,0.44041777498289414,496.0,11.77600000000001,0.75,none,0.0,
endurance,14,healthy,62.0,140.62642655739208,139.99389681845847,697.2934392132191,2241.5517204070866,72.8445315803756,55.5697531949148,19.19129969338375,0.154813439922995,13.392471793810277,20.382955732459664,0.43913602367430693,504.0,11.72399999999999,0.75,none,0.0,
endurance,14,healthy,63.0,140.76209522225093,140.4568711010473,692.8515438817208,2214.5287757458054,72.96364523439505,55.09759559911715,18.938148216906956,0.16407099728118182,13.384451857152206,19.786538440840893,0.4380471220491857,512.0,11.672000000000025,0.75,none,0.0,
endurance,14,healthy,64.0,140.87502965154152,141.20846801875214,692.6796732600732,2194.299691398771,73.27390318652132,55.27033238573222,18.758377102279773,0.16687581784520078,13.375366302979222,20.260169732348132,0.43709712091982755,520.0,11.620000000000005,0.75,none,0.0,
endurance,14,healthy,65.0,140.97132512731557,140.64601692429713,695.3873750326464,2169.7745912911632,71.78842202984087,56.13836315561939,18.629020948192366,0.21270024978908345,13.293666835606148,20.19653571078184,0.43624877963671693,528.0,11.567999999999984,0.75,none,0.0,
endurance,14,healthy,66.0,141.05519621550437,141.7370424290391,700.582902404605,2169.1782747376647,72.27941923441877,56.56898169042633,18.534303284865082,0.21815519054250748,13.35860046971525,19.971763793709265,0.4354763482556556,536.0,11.51600000000002,0.75,none,0.0,
endurance,14,healthy,67.0,141.12956391685992,140.65217915020207,697.0495123169153,2165.9013591794046,71.88491017236038,55.57977217065645,18.46338620066309,0.32376457471556847,13.336887440315033,20.095427114101444,0.4347619801922984,544.0,11.463999999999999,0.75,none,0.0,
endurance,14,healthy,68.0,141.1964593468662,141.16055688759116,688.1839780785564,2164.565253351588,72.90528552108876,55.88887763187693,18.4088244095462,0.2260234446422145,13.399070047837073,20.19846711570519,0.43409326583881747,552.0,11.411999999999978,0.75,none,0.0,
endurance,14,healthy,69.0,141.2573012789926,142.06625730230087,698.0538791142361,2146.968208622603,71.07145181888387,56.82020773462146,18.365503246368398,0.27489932010989687,13.38919241452631,19.73847100559596,0.43346153684400823,560.0,11.360000000000014,0.75,none,0.0,
endurance,14,healthy,70.0,141.31308696867816,141.74200077439846,696.1458613936398,2148.104225765582,71.37621553075958,56.13358181543032,18.32990910476097,0.2190624276985284,13.285308825562463,19.909421720116452,0.43286070022645184,568.0,11.307999999999993,0.75,none,0.0,
endurance,14,healthy,71.0,141.36452335750863,140.50414604802472,697.7817052731706,2148.091044181035,72.35409054113842,55.73303028421994,18.29962825214999,0.2651537696020302,13.275452436972307,19.966792705963158,0.4322864367497947,576.0,11.255999999999972,0.75,none,0.0,
endurance,14,healthy,72.0,141.41211728847412,140.9961881587273,697.8991322711596,2149.96284157487,71.56737173035503,57.33063792454093,18.273002532340875,0.20750225816474877,13.30085468802938,20.0453294950858,0.4317356497300786,584.0,11.204000000000008,0.75,none,0.0,
endurance,14,healthy,73.0,141.45623754104977,141.6893210221006,704.1314076132676,2146.094304065068,72.43957282914297,56.07983621532767,18.24889284467765,0.12673335226038213,13.282471650414983,19.91706062586632,0.43120608601690447,592.0,11.151999999999987,0.75,none,0.0,
endurance,14,healthy,74.0,141.49715749211677,142.05651672049135,695.8755714076875,2144.7390653464868,72.18678289921993,56.535095118282065,18.22651666213716,0.19243654969902385,13.285180281424546,19.917211757132506,0.43069607534587295,600.0,11.100000000000023,0.75,none,0.0,
endurance,14,healthy,75.0,141.53508445686765,141.89188035426199,697.0188866985648,2146.965026447873,72.19453802529937,56.02000597279,18.205336411710796,0.23086350125240168,13.27466944498671,20.395082210998467,0.43020435107298616,608.0,11.048000000000002,0.75,none,0.0,
endurance,14,healthy,76.0,141.57017987192643,141.61820588068633,701.063638760241,2156.706190392599,71.94916673450788,57.649257642130216,18.18498279548225,0.22335783652760402,13.382352299687604,19.68922446555765,0.4297299268608308,616.0,10.995999999999981,0.75,none,0.0,
endurance,14,healthy,77.0,141.60257318222364,141.7048286190026,699.3168196889907,2140.6341536787695,71.93945556543557,57.500891697340315,18.165202114795203,0.11143432153591537,13.267311934298096,19.800015262069124,0.4292720118332425,624.0,10.944000000000017,0.75,none,0.0,
endurance,14,healthy,78.0,141.6323713989414,141.87006009035227,696.9671869047359,2144.1642392891567,71.4608446234645,56.87300869054383,18.145820083739196,0.23883555160411848,13.243078159659872,20.115684898179033,0.42882995217865116,632.0,10.891999999999996,0.75,none,0.0,
endurance,14,healthy,79.0,141.659665681064,140.69581694081938,691.509719643065,2143.6019009479705,71.45506445095086,57.16688813808829,18.12671697024247,0.13415506649757658,13.367070655873837,20.178935723556656,0.42840319093845225,640.0,10.839999999999975,0.75,none,0.0,
endurance,14,healthy,80.0,141.68453587040824,141.34164023459743,693.6439215097738,2139.938158279182,71.12793517263081,58.24747290042539,18.10781051884884,0.18993252868794644,13.26733910353714,19.69527133848705,0.4279912402991066,648.0,10.788000000000011,0.75,none,0.0,
endurance,14,healthy,81.0,141.70705361942743,142.2192083988371,697.6565299574297,2133.122929485076,71.43624452857073,57.84792528849474,18.089044219248223,0.1461419147702323,13.226660204694765,20.112146149862514,0.42759366248203645,656.0,10.73599999999999,0.75,none,0.0,
endurance,14,healthy,82.0,141.7272845513106,142.19022402535978,696.3264594466871,2137.780617216279,71.0543545619023,58.295302654818286,18.070379247158783,0.09561462306068265,13.313457058323124,20.024173272783575,0.42721005654596356,664.0,10.684000000000026,0.75,none,0.0,
endurance,14,healthy,83.0,141.74528975455226,141.24787695258894,696.3969409159154,2133.8212884869918,71.26498046527516,58.13039356161761,18.051788927989513,0.15378435832627912,13.342883207392585,20.097540005278884,0.4268400492554576,672.0,10.632000000000005,0.75,none,0.0,
endurance,14,healthy,84.0,141.761126819745,141.5097529392899,696.9803365528958,2134.952675064762,71.66451025299855,58.82943523259665,18.033254933567136,0.2805981005493682,13.279257809706467,19.82097234770219,0.4264832887463963,680.0,10.579999999999984,0.75,none,0.0,
endurance,14,healthy,85.0,141.77485056142882,141.9653559243378,691.3211298870744,2139.8025768179846,72.6899258802858,57.91082808055071,18.0147646694187,0.22589553057620218,13.323752718796754,19.916545105031016,0.42613944011564353,688.0,10.52800000000002,0.75,none,0.0,
endurance,14,healthy,86.0,141.786513523202,142.6626714918417,697.7812311145257,2131.661660875498,71.71405076687834,57.88926916614037,17.99630947992509,0.16309503606854797,13.363162148353856,19.844714737426195,0.42580818233495,696.0,10.475999999999999,0.75,none,0.0,
endurance,14,healthy,87.0,141.79616633361331,142.6477071383622,697.3511685057088,2139.7801035028765,70.16287797113134,58.06450449079303,17.977883415324094,0.18170883543967656,13.361247624014926,20.073089117266765,0.4254892060765392,704.0,10.423999999999978,0.75,none,0.0,
endurance,14,healthy,88.0,141.80385795926134,141.61567002930366,695.5989162807113,2131.1463896918053,71.3172701565204,58.30899223589248,17.95948238468409,0.22478827305020269,13.319718095510218,19.611146363037513,0.42518221216673635,712.0,10.372000000000014,0.75,none,0.0,
endurance,14,healthy,89.0,141.80963588702284,141.05037663907092,694.5409376914799,2127.6665303915106,71.78481618693519,59.395138023722474,17.94110357402676,0.1884883064367808,13.338134300486029,20.079501606804012,0.4248869104725954,720.0,10.319999999999993,0.75,none,0.0,
endurance,14,healthy,90.0,141.8135462573618,142.18743249851758,694.7467671847221,2137.2719749810585,70.83269365323586,59.53434264600597,17.922745046597722,0.22657547222813923,13.301680958004674,19.808992701832356,0.42460301908741693,728.0,10.267999999999972,0.75,none,0.0,
endurance,14,healthy,91.0,141.8156339638151,141.13069846680693,698.2135706318901,2140.731940807498,71.65750680234855,59.288082299373215,17.904405468266436,0.2037087534638546,13.284020417609355,20.174801720929633,0.42433026372291416,736.0,10.216000000000008,0.75,none,0.0,
endurance,14,healthy,92.0,141.81594272903823,142.29481337108405,697.6442951373981,2134.212003531657,71.94472779368614,58.5024363600381,17.886083918885667,0.16043799361619102,13.372635542638246,20.017351030710504,0.4240683772445919,744.0,10.163999999999987,0.75,none,0.0,
endurance,14,healthy,93.0,141.8145151645538,142.68919985052716,693.2706333928543,2133.22561105511,72.49614815340448,58.723791335533626,17.867779762702057,0.2644564717513924,13.323319361755473,20.130236012235983,0.42381709930670086,752.0,10.112000000000023,0.75,none,0.0,
endurance,14,healthy,94.0,141.81139281911797,141.196450326031,705.111763412804,2137.7731232800315,71.64031787892763,58.62204546927888,17.849492559332763,0.20095041153617976,13.263621436375654,20.108300768604476,0.42357617605672726,760.0,10.060000000000002,0.75,none,0.0,
endurance,14,healthy,95.0,141.80661621908823,141.57417757044183,696.2128236335631,2128.3481240288847,70.83623371839933,60.05998188978983,17.831222002609664,0.17992489428530706,13.278292150164715,20.317083821872618,0.4233453598887589,768.0,10.007999999999981,0.75,none,0.0,
endurance,14,healthy,96.0,141.80022490312248,142.09909481957885,699.9089524286168,2141.31472189431,72.2231187733185,59.244843756549926,17.81296787856738,0.30014414311455223,13.376681816609088,19.73269128583764,0.42312440923148076,776.0,9.956000000000017,0.75,none,0.0,
endurance,14,healthy,97.0,141.79225745281568,142.21393102539847,699.3621003253777,2139.4210668738165,71.33938437139176,58.50801076713745,17.79473003658258,0.16193073808027597,13.232776016196684,19.590838297837504,0.42291308836099273,784.0,9.903999999999996,0.75,none,0.0,
endurance,14,healthy,98.0,141.782751520382,142.50519954892076,700.6060755385489,2134.01043777065,71.63682810622625,59.237372548021625,17.77650836954777,0.16683633403332718,13.373201687792347,19.53151768203776,0.42271116723167923,792.0,9.851999999999975,0.75,none,0.0,
endurance,14,healthy,99.0,141.77174385414833,142.04612373305022,696.6085416913041,2134.8700183772353,71.96381704667418,59.97351194503948,17.75830280025138,0.17269707018875158,13.255282896308376,20.226410365109274,0.4225184213204506,800.0,9.800000000000011,0.75,none,0.0,
endurance,14,healthy,100.0,141.759270322389,142.20458107172246,693.4506882515263,2136.106782736184,70.89925964701831,59.903070426594766,17.74011327202128,0.29369416794814945,13.297072596581126,19.871764219563108,0.42233463148111705,808.0,9.74799999999999,0.75,none,0.0,
endurance,14,healthy,101.0,141.74536593586998,142.20322038546345,692.1433134303909,2128.7720396200266,71.46386147450065,59.36645886596243,17.721939742297355,0.17745655667723834,13.301549187096224,19.981520027429355,0.42215958380665175,816.0,9.696000000000026,0.75,none,0.0,
endurance,14,healthy,102.0,141.73006486935944,142.044930361294,696.6329883399393,2135.6737615098605,71.77855679829221,59.28479524789209,17.703782178215985,0.1504321055412586,13.310613638644686,19.838603974166364,0.4219930694977645,824.0,9.644000000000005,0.75,none,0.0,
endurance,14,healthy,103.0,141.7134004822841,140.7178520083221,697.9366607454666,2124.956722150652,71.78979725225662,59.23840672814764,17.685640553576786,0.21319346480493098,13.298293242223313,19.59428796258582,0.42183488473669795,832.0,9.591999999999985,0.75,none,0.0,
endurance,14,healthy,104.0,141.69540533865919,141.5391984814745,700.3915697737725,2120.1584365600315,71.27095139396776,59.30894782842733,17.667514846758923,0.19102649610633393,13.22204153944771,19.922343446836464,0.42168483056546047,840.0,9.54000000000002,0.75,none,0.0,
endurance,14,healthy,105.0,141.676111226382,141.6851299690641,697.770847457284,2122.7437938403377,70.9222842379674,60.20271935065042,17.649405039289537,0.15419470082321413,13.296953188828702,19.409363103063562,0.42154271276794586,848.0,9.488,0.75,none,0.0,
endurance,14,healthy,106.0,141.65554917595534,142.06365988319294,695.7868419737986,2130.011937106611,71.24744779300038,60.433420004736924,17.631311114860488,0.228130085146179,13.28306351046589,19.708574336452227,0.42140834175554,856.0,9.435999999999979,0.75,none,0.0,
endurance,14,healthy,107.0,141.63374947868857,141.35636603843503,694.3867929091653,2134.3018760126033,71.65765805855142,59.89044353864588,17.61323305865282,0.19443694841784467,13.323596525641916,19.73970413789421,0.4212815324559158,864.0,9.384000000000015,0.75,none,0.0,
endurance,14,healthy,108.0,141.610741704413,141.80803099312413,692.8075820306713,2123.966542710986,71.6917709686657,59.50232919989901,17.595170856872564,0.2392109651914286,13.285400237147758,20.041338419767698,0.42116210420479594,872.0,9.331999999999994,0.75,none,0.0,
endurance,14,healthy,109.0,141.58655471873925,141.38857755949118,697.9247089628553,2130.4134579827683,71.91001049899904,60.4209939928399,17.57712449643211,0.1826538953144612,13.2738489742187,20.02126715014911,0.42104988064051607,880.0,9.279999999999973,0.75,none,0.0,
endurance,14,healthy,110.0,141.5612166998791,142.0708895803563,694.6014841570826,2125.2541902176204,71.72736629354726,60.86525340312006,17.559093964731115,0.18054105525393688,13.323264184852382,20.2154887152318,0.420944689601247,888.0,9.228000000000009,0.75,none,0.0,
endurance,14,healthy,111.0,141.53475515504957,142.5406232749999,697.2158911903326,2126.372470855232,71.92167483704337,60.348884590663545,17.541079249506048,0.18422377764833542,13.322609586225305,20.15375221818803,0.4208463630247692,896.0,9.175999999999988,0.75,none,0.0,
endurance,14,healthy,112.0,141.50719693647474,141.23013949156805,693.5704282573048,2124.4759420789146,71.63270524451895,59.928739181741435,17.523080338726903,0.16857082694428413,13.215109073174613,20.485646769425312,0.42075473685070697,904.0,9.124000000000024,0.75,none,0.0,
endurance,14,healthy,113.0,141.47856825699867,142.03404669084983,699.6559869826328,2123.6689791643857,71.77342984961675,61.03377116616604,17.505097220526064,0.2960503725928896,13.298379969152816,20.298898574442244,0.42066965092513564,912.0,9.072000000000003,0.75,none,0.0,
endurance,14,healthy,114.0,141.44889470532084,141.62017263866758,695.6694573440433,2124.750981799325,71.54111272784463,59.666709388698024,17.487129883149713,0.19463957811470375,13.318183977413387,20.387235099345673,0.42059094890749926,920.0,9.019999999999982,0.75,none,0.0,
endurance,14,healthy,115.0,141.41820126086515,140.84439523173992,694.3035370737044,2121.628789793534,71.09507529785199,61.23274752929152,17.469178314924193,0.24789113845982907,13.252845582521006,19.698331711823414,0.4205184781797626,928.0,8.968000000000018,0.75,none,0.0,
endurance,14,healthy,116.0,141.38651230829225,141.62403263596804,694.6898458066139,2120.0526708664693,71.77489081260708,60.03352591171924,17.45124250423298,0.20874357976410396,13.298065213993818,20.297120382481552,0.42045208975774473,936.0,8.915999999999997,0.75,none,0.0,
endurance,14,healthy,117.0,141.35385165166454,141.66088081520823,699.3744812469826,2123.724794135108,71.97228825347278,61.7736974954357,17.43332243950099,0.15921424221056776,13.346016462880186,19.74169925234289,0.4203916382045757,944.0,8.863999999999976,0.75,none,0.0,
endurance,14,healthy,118.0,141.32024252827262,141.4862806265014,700.0911591908565,2122.951397373635,72.24449377731064,60.52571926618728,17.415418109183577,0.15189527625885924,13.34791193588527,20.154879482049903,0.4203369815462198,952.0,8.812000000000012,0.75,none,0.0,
endurance,14,healthy,119.0,141.28570762213175,141.832365877256,694.3876117431103,2126.496395960036,70.92301231156675,61.0054891824226,17.397529501759127,0.25297338305110445,13.325730401778712,20.089605306080628,0.4202879811890138,960.0,8.759999999999991,0.75,none,0.0,
endurance,14,healthy,120.0,141.2502690771564,141.42017442249644,695.0916903254481,2116.48756676901,72.80343847098635,60.688803115594744,17.37965660572398,0.14545272689937602,13.346966603562434,20.11834913183384,0.4202445018391773,968.0,8.708000000000027,0.75,none,0.0,
endurance,14,healthy,121.0,141.21394851002054,140.94461458130087,697.1422959940091,2121.6953077290023,71.76178472265929,60.83923350080978,17.36179940958877,0.25860369116071774,13.227987615353415,19.570411422761858,0.4202064114242353,976.0,8.656000000000006,0.75,none,0.0,
endurance,14,healthy,122.0,141.17676702271183,140.9697211062611,691.4966602499065,2118.4504401387444,71.34435195370813,61.62387754583987,17.343957901876184,0.22093287087813437,13.22069059206753,20.171629924923927,0.4201735810163195,984.0,8.603999999999985,0.75,none,0.0,
endurance,14,healthy,123.0,141.1387452147862,140.90742540045727,697.964820278054,2120.1551477778903,72.02595941640604,60.606544157446585,17.326132071119147,0.2296623503279815,13.322407149502833,19.918914592740407,0.4201458847572934,992.0,8.552000000000021,0.75,none,0.0,
endurance,14,healthy,124.0,141.09990319533108,142.2461479482507,697.277329658887,2116.787671817972,71.27500397529998,61.52687490625092,17.30832190585972,0.23580228455990881,13.290309654990937,20.161162725076125,0.42012319978565926,1000.0,8.5,0.75,none,0.0,
endurance,14,healthy,125.0,141.06026059464315,141.10432895116568,701.061934838952,2118.7038911326686,71.04257072395043,61.40794977390397,17.290527394648347,0.17786621959794668,13.241597536815947,20.274275799127263,0.4201054061652121,1008.0,8.447999999999979,0.75,none,0.0,
endurance,14,healthy,126.0,141.01983657562843,140.4175758110712,690.6340728003216,2122.3596179688025,71.21461370444949,61.13726212417222,17.272748526043316,0.2354621712458522,13.252823146411046,19.701435703792907,0.4200923868153875,1016.0,8.396000000000015,0.75,none,0.0,
endurance,14,healthy,127.0,140.9786498449307,140.00340975540144,694.9999729313458,2119.3617459086336,71.01124152995716,61.74405876507414,17.25498528861031,0.22316211553024212,13.273524699867208,20.402519789599342,0.420084027443268,1024.0,8.343999999999994,0.75,none,0.0,
endurance,14,healthy,128.0,140.93671866379484,141.0760679475224,701.1670487370222,2115.0771509116003,70.51764701676005,61.48176835163638,17.237237670922212,0.20806074389042167,13.227724084714607,20.12338334886181,0.4200802164772126,1032.0,8.291999999999973,0.75,none,0.0,
endurance,14,healthy,129.0,140.89406085867176,139.90797548475305,695.56814528831,2117.5696018575672,71.08496020489648,61.28939083821548,17.219505661558994,0.24134042105542763,13.25287788768835,20.168285845247325,0.42008084500206355,1040.0,8.240000000000009,0.75,none,0.0,
endurance,14,healthy,130.0,140.85069383157057,141.18614984042512,697.7267014388967,2121.0332823039,71.35352760411142,61.566688230163244,17.20178924910738,0.17718410713998528,13.292408702137179,19.995547236397233,0.4200858066958949,1048.0,8.187999999999988,0.75,none,0.0,
endurance,14,healthy,131.0,140.8066345701644,140.6371968012744,695.0201552307444,2106.443755813753,70.84968830215861,60.6678632032207,17.184088422161043,0.20742261246919594,13.292953670966574,20.01438207018871,0.4200949977682715,1056.0,8.136000000000024,0.75,none,0.0,
endurance,14,healthy,132.0,140.76189965765553,141.7505515998249,694.1152175276104,2115.5111702612294,71.84197193110386,61.56150037253071,17.166403169320258,0.1924472410893292,13.18638824367985,19.63086486089428,0.4201083168999725,1064.0,8.084000000000003,0.75,none,0.0,
endurance,14,healthy,133.0,140.71650528240568,140.4534488766669,695.2989594230969,2114.824939047628,71.1145807001011,61.2544702438775,17.148733479192128,0.18754832832388701,13.27801844434048,19.955576816877763,0.42012566518415506,1072.0,8.031999999999982,0.75,none,0.0,
endurance,14,healthy,134.0,140.67046724733697,140.92980011626378,694.3901028126248,2116.891668109994,71.67742928322494,60.743224370705704,17.131079340390357,0.15966307907468208,13.286352495343023,19.76023680505303,0.42014694606891645,1080.0,7.980000000000018,0.75,none,0.0,
endurance,14,healthy,135.0,140.62380097910906,140.83034574538735,695.9414255421788,2107.2732312315043,71.35231919513427,61.871374903194884,17.113440741535307,0.22367417737455156,13.322810859387177,19.558711589661975,0.42017206530122175,1088.0,7.927999999999997,0.75,none,0.0,
endurance,14,healthy,136.0,140.57652153707775,140.61961995465185,695.3271144627251,2106.6634834461724,72.37475639419432,60.58092455353073,17.09581767125401,0.18520604959353082,13.35732398477873,19.93813058877073,0.4202009308721725,1096.0,7.875999999999976,0.75,none,0.0,
endurance,14,healthy,137.0,140.5286436220404,140.11418663788598,694.5562791488452,2113.764249221521,70.7746116753554,61.63153139263069,17.078210118180113,0.19524916879251328,13.287130790834425,20.501162455659284,0.42023345296357206,1104.0,7.824000000000012,0.75,none,0.0,
endurance,14,healthy,138.0,140.48018158477294,141.12314593809023,693.2474745746714,2105.912245886857,71.00902568343437,61.239849460505496,17.060618070953844,0.1653016582884495,13.244220181714939,20.153661073255233,0.42026954389576676,1112.0,7.771999999999991,0.75,none,0.0,
endurance,14,healthy,139.0,140.4311494343638,140.50305084311367,696.0507546216724,2109.546444194626,70.11514061049849,60.29099686033384,17.043041518222097,0.2793996951709389,13.217639481623142,19.48277254536914,0.4203091180767293,1120.0,7.720000000000027,0.75,none,0.0,
endurance,14,healthy,140.0,140.3815608463492,140.10404368375,694.5889257897403,2115.4881038760677,71.38764596553777,61.47089872999959,17.025480448638305,0.1498650884099516,13.318105392706498,20.135663537034027,0.42035209195235124,1128.0,7.668000000000006,0.75,none,0.0,
endurance,14,healthy,141.0,140.33142917065504,140.0954586505794,694.0069948308917,2111.640341717003,71.51480079109702,61.83605324431646,17.00793485086256,0.13981157478748382,13.22551632035302,20.374428071654638,0.4203983839579236,1136.0,7.6159999999999854,0.75,none,0.0,
endurance,14,healthy,142.0,140.2807674393494,140.32271867386078,695.1555821385471,2100.483969727422,71.19570832552833,62.14264892185399,16.99040471356153,0.2371189572459464,13.312001113946549,20.054241766696755,0.42044791447076835,1144.0,7.564000000000021,0.75,none,0.0,
endurance,14,healthy,143.0,140.22958837421064,140.23427307327322,694.5696342461738,2108.0397380183645,71.89646393648799,60.53451170213849,16.972890025408446,0.2679762976763388,13.247639572563969,20.026682416898247,0.42050060576399984,1152.0,7.5120000000000005,0.75,none,0.0,
endurance,14,healthy,144.0,140.1779043941152,140.49202992162353,698.0009665860395,2113.371735440167,71.88161959406438,62.586822020677424,16.955390775083156,0.20606007276712543,13.310278465096806,19.655580729141864,0.420556381961388,1160.0,7.4599999999999795,0.75,none,0.0,
endurance,14,healthy,145.0,140.12572762224957,140.77781252728033,696.8491639841367,2110.553068195336,71.07223879251612,61.45130951626917,16.93790695127211,0.24673832516206648,13.301322260511249,19.864674043924232,0.4206151689932941,1168.0,7.4080000000000155,0.75,none,0.0,
endurance,14,healthy,146.0,140.0730698931506,139.42531610155396,694.6080802634415,2112.930392879673,71.75503934778088,61.09201176102162,16.9204385426683,0.21193245173868303,13.298668013165155,20.296148305179397,0.4206768945536563,1176.0,7.3559999999999945,0.75,none,0.0,
endurance,14,healthy,147.0,140.01994275957802,139.75707036758047,695.2313407638608,2107.459959499983,71.15129512185523,61.265517621070835,16.90298553797132,0.17529183015227975,13.295891400882994,20.006604355540667,0.42074148805800127,1184.0,7.303999999999974,0.75,none,0.0,
endurance,14,healthy,148.0,139.96635749922342,139.1133356402585,688.5654128923757,2108.9582279908914,71.89250998830644,60.953316773929004,16.88554792588734,0.15990818013783475,13.333039464345665,20.120279480588906,0.42080888060245303,1192.0,7.2520000000000095,0.75,none,0.0,
endurance,14,healthy,149.0,139.91232512125956,139.4837592637734,696.6646103772013,2106.2433994169023,71.15559616895665,61.797745393472375,16.868125695129073,0.2063332267382749,13.221609216456038,20.083026970661408,0.42087900492371766,1200.0,7.199999999999989,0.75,none,0.0,
endurance,14,healthy,150.0,139.8578563727336,140.75543336447984,693.7328676940498,2107.242287751174,72.17842059111948,61.81200901558311,16.850718834415858,0.20562347664227154,13.267749496215039,19.764774597833576,0.42095179536002436,1208.0,7.148000000000025,0.75,none,0.0,
endurance,14,healthy,151.0,139.80296174480824,139.73027059349926,694.419967340829,2103.206567119218,70.62847173906692,60.635197232061444,16.833327332473555,0.13000250256449947,13.371447867237311,20.243956289251333,0.4210271878129912,1216.0,7.096000000000004,0.75,none,0.0,
endurance,14,healthy,152.0,139.74765147885418,139.58731241923434,697.2905820866772,2106.0033153089043,71.8205031447701,60.979965924877824,16.815951178034595,0.21899789553895033,13.222610107601087,20.559739571481124,0.4211051197104039,1224.0,7.043999999999983,0.75,none,0.0,
endurance,14,healthy,153.0,139.69193557239757,140.1614111432353,694.239278007755,2109.2569540631066,71.9093599757519,61.66185892279688,16.798590359838016,0.19221151967214145,13.298290301676955,20.20066513110925,0.42118552996987735,1232.0,6.992000000000019,0.75,none,0.0,
endurance,14,healthy,154.0,139.63582378492578,139.72093395304637,696.561352145187,2108.163162081968,70.8890322961149,60.858797233632956,16.78124486662933,0.19746932110225682,13.293378654252264,20.030326713227225,0.421268358963383,1240.0,6.939999999999998,0.75,none,0.0,
endurance,14,healthy,155.0,139.57932564355505,140.02486606864696,690.6632309437991,2105.5626230016173,70.20982877674793,61.22440909944817,16.763914687160682,0.2618359804863784,13.222688094749538,20.02123449525941,0.42135354848262274,1248.0,6.887999999999977,0.75,none,0.0,
endurance,14,healthy,156.0,139.52245044856312,138.34311894902945,697.0312938515675,2099.048977801941,71.46834574026039,61.7571451898729,16.746599810190748,0.1837978090623711,13.178014083010726,19.931205688143194,0.4214410417052248,1256.0,6.836000000000013,0.75,none,0.0,
endurance,14,healthy,157.0,139.4652072787901,139.55723257531068,690.5885922484118,2107.632631730154,71.44022776489486,61.28069550808689,16.72930022448472,0.24893137130537457,13.273298704283324,20.073596736428982,0.4215307831617454,1264.0,6.783999999999992,0.75,none,0.0,
endurance,14,healthy,158.0,139.4076049969109,139.5028877205353,693.8563922353644,2098.2489725392265,71.1393683263757,61.82088145961883,16.712015918814416,0.18654871835567285,13.311274351478607,20.117394519055953,0.42162271870345713,1272.0,6.732000000000028,0.75,none,0.0,
endurance,14,healthy,159.0,139.34965225458186,140.3254251111611,695.0691592420653,2099.0054072034814,70.94178984386001,60.541543796345344,16.69474688195809,0.17257563068763515,13.304151775648403,20.334680318721635,0.4217167954709018,1280.0,6.680000000000007,0.75,none,0.0,
endurance,14,healthy,160.0,139.29135749746516,138.63888052838777,693.0024780022959,2099.8849852472167,71.14855000161835,61.15306179396838,16.677493102700634,0.179129973254128,13.327894017266082,19.953747855614008,0.4218129618631955,1288.0,6.627999999999986,0.75,none,0.0,
endurance,14,healthy,161.0,139.23272897013337,138.49687314250602,694.3920474427701,2101.2485927728258,70.53196984404518,61.60023448103957,16.660254569833448,0.22916184139359722,13.322555542186798,19.87463535043249,0.421911167508061,1296.0,6.576000000000022,0.75,none,0.0,
endurance,14,healthy,162.0,139.17377472085727,138.52772742060745,693.2032483602828,2104.467402847906,70.59129407390608,61.9566955356416,16.64303127215443,0.14980109238442357,13.258701993440921,20.070442396283305,0.4220113632325757,1304.0,6.524000000000001,0.75,none,0.0,
endurance,14,healthy,163.0,139.11450260627976,138.77463286275525,687.075040053366,2104.2712696564045,71.47136519540055,61.368021159673106,16.625823198468087,0.16171605384879884,13.295904890022438,19.818349043892677,0.4221135010346154,1312.0,6.47199999999998,0.75,none,0.0,
endurance,14,healthy,164.0,139.0549202959784,138.30028853515932,690.9213584760417,2099.5389250429857,72.14630025274555,62.087221704071005,16.6086303375854,0.1379634102848766,13.36594409541918,20.515619593533238,0.4222175340549793,1320.0,6.420000000000016,0.75,none,0.0,
endurance,14,healthy,165.0,138.99503527691937,138.57740219963742,693.3284263532864,2100.419974301309,70.73674111141078,61.29116893414822,16.591452678323893,0.26671378787032807,13.22487690731691,20.015443649032136,0.42232341655017513,1328.0,6.367999999999995,0.75,none,0.0,
endurance,14,healthy,166.0,138.93485485780528,139.40021904372122,688.9455620294992,2101.977698941941,71.0228677711526,61.88570905203861,16.574290209507605,0.09544860966244267,13.24006833459419,20.034715106992895,0.42243110386585736,1336.0,6.315999999999974,0.75,none,0.0,
endurance,14,healthy,167.0,138.87438617331964,139.33195604687003,690.046042729419,2094.6475215757832,71.25479842656236,61.474850316654425,16.55714291996714,0.20677012545269138,13.27352585044424,19.7911758271351,0.4225405524108937,1344.0,6.26400000000001,0.75,none,0.0,
endurance,14,healthy,168.0,138.81363618827015,138.84844324303143,694.3924655813493,2097.5475916029004,71.62318169205416,62.45471053179961,16.54001079853958,0.2271547076947314,13.216316560303383,19.650345168611413,0.4226517196320496,1352.0,6.211999999999989,0.75,none,0.0,
endurance,14,healthy,169.0,138.7526117016333,139.01544761314184,696.1660862690537,2102.460995086107,70.4731377256433,60.25395230725543,16.52289383406853,0.18305630696819478,13.286654808781279,20.136440959447082,0.4227645639892794,1360.0,6.160000000000025,0.75,none,0.0,
endurance,14,healthy,170.0,138.6913193505028,139.03229807406728,694.4189268759417,2114.5204998690883,70.6733421328002,62.361825270496965,16.505792015404108,0.14011711908685284,13.334360169047407,19.838112731815862,0.4228790449315989,1368.0,6.108000000000004,0.75,none,0.0,
endurance,14,healthy,171.0,138.6297656139439,138.8489941261697,695.1330672261976,2097.8051137517286,71.13735797084551,61.21074744780802,16.48870533140296,0.24711900870933526,13.273344875823176,20.038861924531282,0.42299512287353935,1376.0,6.055999999999983,0.75,none,0.0,
endurance,14,healthy,172.0,138.56795681675598,138.0613498181826,692.1156879959553,2095.2371995230765,70.60902149372662,61.38980327194111,16.471633770928264,0.25054505748474143,13.304740523719454,20.386013694505497,0.4231127591721585,1384.0,6.004000000000019,0.75,none,0.0,
endurance,14,healthy,173.0,138.50589913314553,138.49907581183183,691.4288436060078,2095.6880254970597,71.77052401326885,61.44009972130996,16.45457732284962,0.22089167717394462,13.343761891608125,19.98001887577201,0.4232319161045974,1392.0,5.951999999999998,0.75,none,0.0,
endurance,14,healthy,174.0,138.44359859031172,137.77904812128332,691.0605358837272,2095.646499018865,70.72123697558246,61.21644853405035,16.43753597604322,0.2167399392621429,13.168834175875554,19.79428973953887,0.4233525568461761,1400.0,5.899999999999977,0.75,none,0.0,
endurance,14,healthy,175.0,138.38106107194656,139.29270001075562,689.1062256766811,2107.0257777038883,70.92032703975194,61.039471341894235,16.420509719391713,0.09193085383438891,13.218635715128592,19.929772111109003,0.4234746454490078,1408.0,5.848000000000013,0.75,none,0.0,
endurance,14,healthy,176.0,138.31829232165177,138.74050445717606,692.9638962434609,2086.568404603063,71.11781865629115,61.27608155902375,16.403498541784234,0.17078828033120613,13.324008149467288,20.008624680368147,0.4235981468211214,1416.0,5.795999999999992,0.75,none,0.0,
endurance,14,healthy,177.0,138.25529794627417,138.75899343971707,696.4475018228542,2095.423757989955,70.96132881093693,61.087719333668986,16.38650243211649,0.14915945946202716,13.307418490865018,20.24864046580691,0.42372302670608486,1424.0,5.744000000000028,0.75,none,0.0,
endurance,14,healthy,178.0,138.19208341916186,137.850910974409,691.8049030606111,2100.0441088737375,71.55800123292263,61.921314780812374,16.369521379290546,0.29511986023110737,13.354947591268083,20.025876523569874,0.42384925166310927,1432.0,5.692000000000007,0.75,none,0.0,
endurance,14,healthy,179.0,138.12865408334267,137.14058309266477,696.6751005311473,2089.6397478087597,72.09965598508616,62.126155397884496,16.352555372215086,0.26456943380296083,13.261987260775495,19.89122740840283,0.4239767890476305,1440.0,5.639999999999986,0.75,none,0.0,
endurance,14,healthy,180.0,138.06501515462713,137.2431593211759,694.4043008739526,2087.562967976953,70.75123454495696,61.1810209749495,16.33560439980523,0.1359333831307739,13.216064187878208,20.216527545934714,0.4241056069923502,1448.0,5.588000000000022,0.75,none,0.0,
endurance,14,healthy,181.0,138.00117172463732,138.32744916415172,688.9345411353703,2086.3645581513656,70.88339415942649,61.0077698826361,16.31866845098255,0.20209347648439255,13.240225135397559,20.138425099596827,0.42423567438873044,1456.0,5.536000000000001,0.75,none,0.0,
endurance,14,healthy,182.0,137.93712876376384,137.27427770048445,690.3920513237379,2089.5445011385123,71.46005972573485,61.334861257846754,16.301747514675156,0.10568885911509773,13.284951794414313,20.188423287019496,0.4243669608689271,1464.0,5.4839999999999804,0.75,none,0.0,
endurance,14,healthy,183.0,137.87289112405225,137.90857840137429,687.9099217793585,2091.445649525113,70.80788278158403,61.682519508412554,16.284841579817613,0.20148246789643628,13.214595639636805,19.995714909515222,0.42449943678815516,1472.0,5.432000000000016,0.75,none,0.0,
endurance,14,healthy,184.0,137.80846354202075,138.26882788341783,688.995864966311,2091.4844242826675,70.25292081783512,61.56922844752796,16.26795063535095,0.3040372588215407,13.308210707181116,19.969616400899618,0.424633073207472,1480.0,5.3799999999999955,0.75,none,0.0,
endurance,14,healthy,185.0,137.74385064141092,137.83864115659645,691.1803484840889,2084.9711990343562,70.78378497662642,60.811309901413715,16.25107467022266,0.22276652208832734,13.315842309238944,20.077249670743196,0.4247678418769728,1488.0,5.3279999999999745,0.75,none,0.0,
endurance,14,healthy,186.0,137.6790569358728,137.2085093666396,695.8837473797356,2095.7570315896755,71.17182563436727,60.77683899856143,16.234213673386773,0.20543215803368234,13.256028139751033,20.26268510318755,0.4249037152193844,1496.0,5.2760000000000105,0.75,none,0.0,
endurance,14,healthy,187.0,137.61408683158623,137.03161641183365,690.3493836949676,2080.338209624153,70.3487852056574,60.98630699230496,16.2173676338037,0.17682202427635768,13.333224890072955,19.819687500962758,0.42504066631404924,1504.0,5.2239999999999895,0.75,none,0.0,
endurance,14,healthy,188.0,137.5489446298195,137.1736445170436,690.7478084526427,2088.3853490047186,70.72486488954405,61.1212017725192,16.20053654044038,0.10609513545127755,13.34728016995831,19.73205301794552,0.42517866888129385,1512.0,5.1720000000000255,0.75,none,0.0,
endurance,14,healthy,189.0,137.48363452942732,137.09347564782456,688.3558263033759,2082.4777773491433,70.87918472079626,60.75206217597589,16.183720382270163,0.23295290484279932,13.305993129711227,20.047280793670073,0.42531769726716473,1520.0,5.1200000000000045,0.75,none,0.0,
endurance,14,healthy,190.0,137.41816062928933,137.6609389837441,689.4619380998253,2086.540774269415,70.79277849616321,61.167126799956314,16.16691914827289,0.1529899161172517,13.283202719104581,20.14168028951974,0.42545772642853275,1528.0,5.067999999999984,0.75,none,0.0,
endurance,14,healthy,191.0,137.35252693069035,137.828768345805,692.5813495570421,2082.9539930810042,70.61827865921049,62.32435717882492,16.150132827434884,0.31971371346979616,13.187627868533715,19.82096255614551,0.425598731918548,1536.0,5.0160000000000196,0.75,none,0.0,
endurance,14,healthy,192.0,137.28673733964405,137.2604560333226,693.0533433513986,2096.363181641838,70.61567200729682,60.555078386044485,16.133361408748858,0.24912604179532497,13.29049350504742,19.623089100425908,0.42574068987244307,1544.0,4.963999999999999,0.75,none,0.0,
endurance,14,healthy,193.0,137.22079566916136,137.76810246581093,688.5922205024347,2087.145962756675,71.57975474083193,60.11450125960975,16.116604881214005,0.21950736943143762,13.342794239807125,20.179848853338488,0.42588357699367463,1552.0,4.911999999999978,0.75,none,0.0,
endurance,14,healthy,194.0,137.15470564146486,137.18994052862564,698.1647257986608,2087.6601405259157,71.58981784391774,61.34277716790291,16.099863233836025,0.2720641156432931,13.262637170851306,19.99962678631264,0.4260273705403934,1560.0,4.860000000000014,0.75,none,0.0,
endurance,14,healthy,195.0,137.08847089015032,136.20880941172487,688.7522523366417,2089.767572272954,70.63782558598632,61.115391424616924,16.08313645562693,0.22637963009964562,13.260106222059651,19.826174732821563,0.4261720483122373,1568.0,4.807999999999993,0.75,none,0.0,
endurance,14,healthy,196.0,137.0220949622969,137.48165212260264,693.2317353248495,2073.3052076802546,70.78235613821387,61.17008239539208,16.066424535605318,0.2274322308143884,13.277511775204955,20.02609764928201,0.4263175886374396,1576.0,4.755999999999972,0.75,none,0.0,
endurance,14,healthy,197.0,136.9555813205271,136.49231116841472,693.7076764640987,2086.5656634272696,70.90770719233655,61.815533757412524,16.049727462796138,0.09949477572513697,13.32245749101117,20.184166763207,0.42646397036024286,1584.0,4.704000000000008,0.75,none,0.0,
endurance,14,healthy,198.0,136.8889333450176,136.22309719666237,691.0760109620461,2087.435164457576,70.91744149126158,60.47348094464585,16.033045226230776,0.21661985529877878,13.189327955609562,19.843424579186244,0.42661117282861205,1592.0,4.651999999999987,0.75,none,0.0,
endurance,14,healthy,199.0,136.82215433546222,137.14020642105996,692.9501618215419,2077.0795444112523,70.9701674122845,61.42418646838182,16.016377814947134,0.13812562596301817,13.197797248237244,19.924379806933185,0.4267591758822431,1600.0,4.600000000000023,0.75,none,0.0,
endurance,14,healthy,200.0,136.75524751298823,137.2443869134359,692.701280649432,2078.67591432522,71.45315343842024,61.24248891684997,15.999725217989429,0.25028223310260733,13.208824639614718,20.05339379070814,0.4269079598408535,1608.0,4.548000000000002,0.75,none,0.0,
endurance,14,healthy,201.0,136.688216022027,136.2139211655927,690.1989849534782,2076.706453707053,71.38079989789891,62.28519116413615,15.983087424408405,0.22882784313395965,13.246075478952616,20.048235095468943,0.4270575054927537,1616.0,4.495999999999981,0.75,none,0.0,
endurance,14,healthy,202.0,136.62106293214003,136.30072273873066,689.0130585880466,2065.0912507059998,70.29704880746381,60.940808962534554,15.966464423261185,0.1953612512174571,13.24919528835209,19.954840193448987,0.4272077940836908,1624.0,4.444000000000017,0.75,none,0.0,
endurance,14,healthy,203.0,136.55379123980163,136.91199851662998,691.5402816675141,2078.7727512851566,71.98925887650093,60.96020384083839,15.94985620361131,0.3253287022847592,13.298493337106109,19.936048698738052,0.4273588073059553,1632.0,4.391999999999996,0.75,none,0.0,
endurance,14,healthy,204.0,136.486403870139,136.45797115661657,689.1328432339583,2088.6632819587326,70.78733861121381,60.46438698236288,15.933262754528771,0.18726122207030352,13.244620551572298,20.221509272554254,0.4275105272877514,1640.0,4.339999999999975,0.75,none,0.0,
endurance,14,healthy,205.0,136.41890367863107,136.5890989871298,689.258866253747,2073.2332515396015,71.49813808180565,60.95605032704499,15.916684065089978,0.15264541981844784,13.271780527065626,19.999821756117807,0.4276629365828173,1648.0,4.288000000000011,0.75,none,0.0,
endurance,14,healthy,206.0,136.35129345276673,136.82260341182018,691.1598888483387,2080.2746216403884,71.44954898000746,60.941309674468286,15.900120124377706,0.17141159360726546,13.252780488709364,20.141102674590627,0.4278160181602917,1656.0,4.23599999999999,0.75,none,0.0,
endurance,14,healthy,207.0,136.2835759136637,136.5802037574811,687.6916898457781,2072.5616756909,71.23100067529653,60.66703730475724,15.883570921481203,0.07739727251717277,13.265420591224638,20.227588485081245,0.4279697553948266,1664.0,4.184000000000026,0.75,none,0.0,
endurance,14,healthy,208.0,136.21575371764868,135.93002683777766,692.9309239618045,2077.6070005563174,71.39140144862174,60.90980149858717,15.867036445496073,0.1928965378092833,13.340087370792638,19.80687933950944,0.42812413205692934,1672.0,4.132000000000005,0.75,none,0.0,
endurance,14,healthy,209.0,136.14782945780013,135.7749959416461,690.1920161222482,2078.487959099713,70.99083646500983,61.04653799296224,15.850516685524378,0.14852965651238512,13.29054937976151,19.96587876382893,0.42827913230353887,1680.0,4.079999999999984,0.75,none,0.0,
endurance,14,healthy,210.0,136.0798056654541,135.89494588380924,690.7335801456275,2070.354033624308,70.43510277867958,61.261674994253035,15.834011630674569,0.27963228476531876,13.31202533487938,20.11043140923914,0.42843474066882525,1688.0,4.02800000000002,0.75,none,0.0,
endurance,14,healthy,211.0,136.01168481167431,135.78452354534414,688.8753391870791,2074.5886947330173,70.92028422772647,60.8165531648318,15.817521270061464,0.1898419366006745,13.247106109986046,19.980446956779243,0.4285909420552062,1696.0,3.975999999999999,0.75,none,0.0,
endurance,14,healthy,212.0,135.94346930868718,134.7580021293476,688.3706419350272,2068.0989597391476,71.19968040561136,60.67901125089014,15.801045592806306,0.21082228237935963,13.206453977587495,20.144349196735632,0.42874772172458164,1704.0,3.923999999999978,0.75,none,0.0,
endurance,14,healthy,213.0,135.87516151128276,135.4006851828879,690.0716835662898,2074.4738004858978,71.54547446282947,61.124125774807574,15.784584588036783,0.16965194404038164,13.250505499883651,19.77142071663971,0.42890506528977346,1712.0,3.872000000000014,0.75,none,0.0,
endurance,14,healthy,214.0,135.80676371818222,135.85020737356726,690.404756953351,2075.9767795501143,71.03317539570514,60.4789005978902,15.768138244886858,0.29133481252692184,13.231477661061913,19.98351767606326,0.4290629587061694,1720.0,3.819999999999993,0.75,none,0.0,
endurance,14,healthy,215.0,135.73827817337286,135.71078344141003,694.7065713712772,2074.901034890682,71.14881322244185,60.270760889410134,15.751706552497,0.24576942838797916,13.3965315871618,19.99938189680365,0.4292213882635686,1728.0,3.768000000000029,0.75,none,0.0,
endurance,14,healthy,216.0,135.66970706741128,135.91787030250924,692.6589123738459,2071.42557426744,71.07980201812013,61.069444693229826,15.735289500014003,0.181345375410839,13.312393950361804,20.03623856984496,0.42938034057821717,1736.0,3.716000000000008,0.75,none,0.0,
endurance,14,healthy,217.0,135.6010525386955,135.94974089531232,684.7892167344083,2066.7086110482846,71.49963452490321,60.35553262417174,15.718887076591052,0.29359611065373126,13.317865746563202,20.115181264163038,0.4295398025850383,1744.0,3.6639999999999873,0.75,none,0.0,
endurance,14,healthy,218.0,135.53231667470695,136.0297012069954,683.1336619994611,2071.5554041224577,70.4109728744811,59.912553230313286,15.70249927138777,0.20932113523680917,13.241375754600023,19.975639639029666,0.42969976153004263,1752.0,3.612000000000023,0.75,none,0.0,
endurance,14,healthy,219.0,135.46350151322258,135.3545307746263,695.3117654919206,2070.3358538102307,70.88599706553889,60.433768112350535,15.68612607357005,0.11885975932452536,13.214597618295615,20.1437709346754,0.42986020496292165,1760.0,3.5600000000000023,0.75,none,0.0,
endurance,14,healthy,220.0,135.39460904349852,134.98864486499454,687.3980833950901,2073.6605533980937,70.59957856197698,61.04034738334031,15.66976747231028,0.09654404145610052,13.303728913562816,20.052833690607773,0.43002112072981813,1768.0,3.5079999999999814,0.75,none,0.0,
endurance,14,healthy,221.0,135.32564120742515,135.45051531725377,685.8386374709618,2066.243718243641,71.89491014615128,60.015288904296696,15.653423456787149,0.20791998590817973,13.14713307929803,20.225463516587357,0.43018249696626754,1776.0,3.4560000000000173,0.75,none,0.0,
endurance,14,healthy,222.0,135.25659990065495,135.7585842569969,690.8000992143621,2069.571034933699,71.05778400233751,60.876773274774045,15.637094016185717,0.166395987256409,13.311882488727413,19.767122188869273,0.4303443220903067,1784.0,3.4039999999999964,0.75,none,0.0,
endurance,14,healthy,223.0,135.1874869737034,135.4560664593062,687.6106635901502,2068.2497066595774,71.1123497696534,60.325742795533706,15.620779139697474,0.23713603097363092,13.20256363172548,20.17930745755355,0.430506584795749,1792.0,3.3519999999999754,0.75,none,0.0,
endurance,14,healthy,224.0,135.1183042330236,135.018876589593,689.6150310238959,2062.395022019375,70.39970102981367,59.75646182362738,15.604478816520215,0.20882186686743717,13.307568626819663,19.932167986482465,0.4306692740456175,1800.0,3.3000000000000114,0.75,none,0.0,
endurance,14,healthy,225.0,135.0490534420555,134.65845250485282,689.5783779826227,2068.7744764039585,71.58843144581319,60.74290601748969,15.588193035858112,0.2505739014140873,13.267212356971008,19.903859685566978,0.43083237906573457,1808.0,3.2479999999999905,0.75,none,0.0,
endurance,14,healthy,226.0,134.97973632224992,134.7256987382811,689.1483625687393,2065.910937240231,71.0894933170794,60.37222050587118,15.57192178692171,0.18697221167254752,13.268966778783257,20.196336879300915,0.430995889338467,1816.0,3.1960000000000264,0.75,none,0.0,
endurance,14,healthy,227.0,134.9103545540683,135.30446577304937,685.2617874278421,2068.6269701388933,71.33680564928024,61.14698973685513,15.555665058927886,0.1789154857822665,13.154672830538138,20.1014541427309,0.4311597945966146,1824.0,3.1440000000000055,0.75,none,0.0,
endurance,14,healthy,228.0,134.8409097779587,135.4138728052168,686.2171820058144,2067.8067290150125,70.61272835842064,60.65768124342381,15.539422841099919,0.11582162727662876,13.342220749300287,20.125884146167373,0.4313240848174501,1832.0,3.0919999999999845,0.75,none,0.0,
endurance,14,healthy,229.0,134.7714035953084,134.30877825132578,690.9505209424362,2063.613428615676,70.95088990558166,60.30021041359055,15.523195122667403,0.16626727677225012,13.228532657217924,19.990959759147266,0.4314887502168978,1840.0,3.0400000000000205,0.75,none,0.0,
endurance,14,healthy,230.0,134.70183756937402,134.1042868950463,687.9054362760234,2061.916318001954,71.50283093892051,59.78859477968688,15.506981892866285,0.2506912654135985,13.170067075682574,20.096935969622916,0.43165378124385045,1848.0,2.9879999999999995,0.75,none,0.0,
endurance,14,healthy,231.0,134.63221322618932,134.6434636446356,686.3808094023813,2063.750389184182,70.3223900547241,60.65729510915934,15.490783140938856,0.30870542944878687,13.256574155787447,20.196152184912787,0.431819168574623,1856.0,2.9359999999999786,0.75,none,0.0,
endurance,14,healthy,232.0,134.5625320554515,134.40497950878284,687.0080194111754,2061.3043010326305,70.73909643281016,60.59789629807547,15.474598856133795,0.2091497325683612,13.315050748256374,20.253974338534775,0.43198490310753845,1864.0,2.8840000000000146,0.75,none,0.0,
endurance,14,healthy,233.0,134.49279551138633,134.4205450721305,688.9839491498096,2072.2437808794393,71.33211566737049,60.688786563174546,15.45842902770605,0.3569096566193672,13.276662669348168,20.20450488432544,0.4321509759576406,1872.0,2.8319999999999936,0.75,none,0.0,
endurance,14,healthy,234.0,134.42300501359276,134.69307964213743,686.8598148628755,2066.099969413134,70.28812898736172,59.47452837452233,15.44227364491695,0.12236638271481387,13.271212555880602,20.206871891936814,0.43231737845153484,1880.0,2.7799999999999727,0.75,none,0.0,
endurance,14,healthy,235.0,134.35316194786725,134.13906904119887,685.5548101905988,2066.3820661391014,71.10485366215539,59.63296587524475,15.426132697034186,0.2151864080838474,13.19321631901256,20.215307097840185,0.43248410212235144,1888.0,2.7280000000000086,0.75,none,0.0,
endurance,14,healthy,236.0,134.28326766700874,134.4117555858281,682.6147751126118,2071.1884604813254,71.1318170065357,60.54912463698532,15.410006173331702,0.24322254990079362,13.29474460024855,20.046324649252593,0.4326511387048265,1896.0,2.6759999999999877,0.75,none,0.0,
endurance,14,healthy,237.0,134.2133234916042,134.09480840881494,693.985005417252,2065.629496572586,70.62627603363276,60.149422465006296,15.393894063089865,0.14160276140134542,13.277831255262083,19.867281264001406,0.4328184801305046,1904.0,2.6240000000000236,0.75,none,0.0,
endurance,14,healthy,238.0,134.1433307107956,134.2031868099375,684.7260340193155,2061.8062077422237,71.76646000702578,59.61651915872176,15.377796355595303,0.1263798551426668,13.167313738052972,20.174160367617315,0.4329861185230499,1912.0,2.5720000000000027,0.75,none,0.0,
endurance,14,healthy,239.0,134.0732905830286,133.76628601841813,684.6620009441702,2061.5590441765967,71.2236831966588,59.79554782077575,15.361713040140978,0.15718171109235185,13.292448346170401,19.91999605609896,0.43315404619367426,1920.0,2.519999999999982,0.75,none,0.0,
endurance,14,healthy,240.0,133.41045364443661,133.53906317135488,681.7581326050746,1954.431978918188,69.81551444344957,59.8864415341512,10.684466054490661,0.1789429384834804,13.124584602774519,20.07461757708608,0.4369438141792368,1928.0,2.4680000000000177,0.55,none,0.0,
endurance,14,healthy,241.0,132.71209384330044,132.65897412161175,686.9144953377944,1892.2946910410878,69.35022207777523,60.691697461115005,10.282499876623802,0.22883916812125293,13.165412460292472,19.792622342452887,0.4409506179742284,1936.0,2.415999999999997,0.55,none,0.0,
endurance,14,healthy,242.0,131.99462291087173,131.1912020395406,685.9335707781416,1838.3535865899994,69.21500725204503,58.49705578030568,10.003379206290967,0.2303362775309176,13.084685464024794,19.849198810769902,0.4450741860036346,1944.0,2.363999999999976,0.55,none,0.0,
endurance,14,healthy,243.0,131.26919748089333,131.28595612680735,686.4554263783706,1800.5180272084149,69.18915017028425,58.84440059412896,9.808649678264759,0.25100267027323975,13.073924420452077,20.34842257058772,0.44924635402444535,1952.0,2.312000000000012,0.55,none,0.0,
endurance,14,healthy,244.0,130.54336431784395,130.35343560933424,678.9780687355984,1771.1051192728964,68.25515913814296,58.83670362445878,9.671895109715564,0.1383774875445624,13.106542433127265,19.81254283762119,0.45342101319238626,1960.0,2.259999999999991,0.55,none,0.0,
endurance,14,healthy,245.0,129.82219133968334,129.5270056739101,682.3616723432975,1763.800727560577,68.10080754344857,57.957202534208555,9.574968935795264,0.2237065145445275,12.97807701236316,20.244372622046576,0.45756719979570315,1968.0,2.208000000000027,0.55,none,0.0,
endurance,14,healthy,246.0,129.1090451260228,129.27304968108663,681.2111517155853,1749.9204454666542,68.10589380447246,58.18394816946438,9.50540539702759,0.23564023250034044,12.988946870375937,19.84596065723099,0.4616643448746154,1976.0,2.156000000000006,0.55,none,0.0,
endurance,14,healthy,247.0,128.40612538669168,128.88484220002445,673.8769248339278,1738.3485105483255,67.45108325502439,57.767778048594174,9.454641156620454,0.1753931680328317,13.011868649687333,19.695534906380953,0.46569900875199377,1984.0,2.103999999999985,0.55,none,0.0,
endurance,14,healthy,248.0,127.71483234220221,127.93382056795298,680.9373249583857,1732.5108318079604,68.67856403155326,58.543153057517145,9.41679364212916,0.2399450782100988,13.066838563202326,20.02326008098712,0.4696626364305634,1992.0,2.052000000000021,0.55,none,0.0,
endurance,14,healthy,249.0,127.03601923273204,127.55695186083095,674.6374831026442,1727.6395249175246,68.22153719451252,57.29805799124783,9.387821828522627,0.1935452913066573,13.035999696915193,20.018546326141408,0.47355001482614867,2000.0,2.0,0.55,none,0.0,
endurance,14,healthy,250.0,126.37016585451232,125.0445969049347,674.6526775599002,1731.3146743814088,67.97813091242666,57.9148426179782,9.364949739063906,0.185997288095558,12.962413480194538,20.098282827472776,0.47735821250372656,2008.0,1.947999999999979,0.55,none,0.0,
endurance,14,healthy,251.0,125.71749780406984,125.66276382446634,676.7956568312865,1730.1718256668462,67.63099719011355,56.841290498367414,9.346270419954557,0.2686541086871467,13.040785274037434,19.87853913874685,0.48108585112491775,2016.0,1.896000000000015,0.55,none,0.0,
endurance,14,healthy,252.0,125.07806839809571,125.38680914682202,672.3627258287979,1728.327076030308,68.31629387981799,58.15978289543271,9.330473891248678,0.22319858018854727,13.015343840351358,20.191402289769997,0.484732604938068,2024.0,1.843999999999994,0.55,none,0.0,
endurance,14,healthy,253.0,124.4518149342489,123.93682491241425,674.4147709876274,1720.2859012585004,69.11596474426524,57.43446154237645,9.316660263127048,0.22928081294521957,12.983886077877406,20.00548461752667,0.48829885703880593,2032.0,1.7919999999999732,0.55,none,0.0,
endurance,14,healthy,254.0,123.83859731275969,123.28072258254699,667.1320277230931,1727.2685819169208,68.59589546581502,56.46260980640394,9.304211356411557,0.17972490228535476,13.049561071560651,19.94434027263826,0.4917854634016998,2040.0,1.740000000000009,0.55,none,0.0,
endurance,14,healthy,255.0,123.2382245324569,123.68596906566061,674.694504475511,1720.347608064991,67.60472926738323,57.65584321958567,9.292702512490033,0.15268974747352645,12.960514309580748,19.789103591507644,0.4951935909961547,2048.0,1.6879999999999882,0.55,none,0.0,
endurance,14,healthy,256.0,122.65047285180259,122.66723620106745,674.1956533815355,1723.0885092786543,68.09729661871793,56.79823119564911,9.28184201129936,0.26957122033233927,13.010613656373677,20.35353430262464,0.4985246068270326,2056.0,1.636000000000024,0.55,none,0.0,
endurance,14,healthy,257.0,122.07509822092848,121.10914498851227,673.594806358511,1721.113147594209,67.45997573544197,56.371808536033,9.271429454621783,0.29598306801933233,13.041572265450187,20.246355583662037,0.5017800019780155,2064.0,1.5840000000000032,0.55,none,0.0,
endurance,14,healthy,258.0,121.51184477626398,121.68677230361182,675.8756088094594,1723.5372732657684,68.14485613944642,56.80162487377265,9.261327177572209,0.18374949381253639,13.069752437572737,20.06067908611177,0.5049613397115543,2072.0,1.5319999999999823,0.55,none,0.0,
endurance,14,healthy,259.0,120.9604506294437,120.78422730370508,666.6448797698708,1716.098762557396,68.50267945985814,56.49527071428459,9.251440609778673,0.2466694105364392,13.112565329606618,19.903488696945214,0.5080702201000897,2080.0,1.4800000000000182,0.55,none,0.0,
endurance,14,healthy,260.0,120.42065179724959,119.96149978768081,672.4393780249393,1722.8053906501339,68.34428254897713,55.384327463617545,9.241704784537871,0.20508790101288635,13.05149474545713,19.82635808353242,0.5111082560150876,2088.0,1.4279999999999973,0.55,none,0.0,
endurance,14,healthy,261.0,119.8921848547037,119.54684292823315,674.5012580678525,1721.2300931057453,68.37591036924346,55.66221065382719,9.232075071310497,0.23800081717965527,12.956643523829266,19.795643442626325,0.5140770569173073,2096.0,1.3759999999999764,0.55,none,0.0,
endurance,14,healthy,262.0,119.37478871148707,120.27265387086896,666.8717230921321,1720.1365113360262,67.99002783331031,55.36254650180596,9.222520809430824,0.1370783368397625,13.071462759590485,20.035715242555458,0.5169782180033252,2104.0,1.3240000000000123,0.55,none,0.0,
endurance,14,healthy,263.0,118.86820578677859,118.63888939402824,669.0979364976309,1711.9959077916394,68.7944575152428,54.726876094284066,9.213020934799454,0.1915088212563537,13.020691820387176,19.994975644222922,0.5198133130275628,2112.0,1.2719999999999914,0.55,none,0.0,
endurance,14,healthy,264.0,118.3721827716133,118.07825337217294,669.0029797737411,1715.917841855581,68.79707724189286,55.38228989486788,9.203560975651245,0.22394492608384658,13.065884137930638,20.25074741784693,0.5225838896444691,2120.0,1.2200000000000273,0.55,none,0.0,
endurance,14,healthy,265.0,117.88647110874007,117.80348837887098,663.130011007089,1712.8523894197697,68.41792788204168,54.62287580959244,9.19413098880608,0.27248221002557427,12.951955339135068,20.003954418336686,0.5252914664767087,2128.0,1.1680000000000064,0.55,none,0.0,
endurance,14,healthy,266.0,117.41082727931386,117.47361922219714,663.9825914533652,1718.3973711213794,67.56671774355901,54.90482572507609,9.184724141982294,0.14872165662794018,13.053383441977385,19.559065108329055,0.5279375313635453,2136.0,1.1159999999999854,0.55,none,0.0,
endurance,14,healthy,267.0,116.94501295781572,118.23928866500319,670.5080508427375,1719.7196738181515,67.65746960093118,54.54847492077108,9.175335739920827,0.1986736642347166,12.977758114527479,19.83463054421722,0.5305235404143188,2144.0,1.0640000000000214,0.55,none,0.0,
endurance,14,healthy,268.0,116.48879507738346,117.38596994947606,661.6006514023846,1717.5977779049706,68.54070974212752,55.043106793315225,9.16596255538424,0.23834266587959094,13.01641539040325,20.103588790551395,0.5330509176092897,2152.0,1.0120000000000005,0.55,none,0.0,
endurance,14,healthy,269.0,116.04194583453027,115.77359414154452,665.6573219122766,1710.7914429357143,67.45350847240792,55.227024796579464,9.15660236958858,0.07863125854687113,12.981295649298682,20.057192763317293,0.5355210547708118,2160.0,0.9599999999999795,0.55,none,0.0,
endurance,14,healthy,270.0,115.60424265314948,115.36775769375717,656.4066642654027,1718.303026129144,67.44016143321633,54.322374444845856,9.147253656504454,0.27714264766407803,13.041067341224675,20.124570316440998,0.5379353117832533,2168.0,0.9080000000000155,0.55,none,0.0,
endurance,14,healthy,271.0,115.17546812146283,114.44643869567481,661.105195503125,1723.7000354742934,68.59254160742019,52.91467399764466,9.137915365988777,0.1489937669118084,12.999833432867854,19.8454894227811,0.5402950169782257,2176.0,0.8559999999999945,0.55,none,0.0,
endurance,14,healthy,272.0,114.75540991127944,114.7862239125563,660.5822921982007,1708.0895914501637,67.87253522243655,52.92202784830669,9.128586774807816,0.17347398467173505,13.068368103271183,19.772220260742532,0.5426014676278936,2184.0,0.8039999999999736,0.55,none,0.0,
endurance,14,healthy,273.0,114.34386068598374,115.5622324254414,659.4964576820328,1709.027777484937,66.83746559402863,53.573512964623795,9.11926738429807,0.18438828187293307,12.998886040820002,20.226329079688913,0.5448559305071442,2192.0,0.7520000000000095,0.55,none,0.0,
endurance,14,healthy,274.0,113.94061800164357,114.3079680379881,660.7047860449886,1702.3047368597202,68.54422661985726,53.51909752357925,9.109956850064654,0.2354359391186678,12.996042295452016,19.438009021693148,0.5470596424977914,2200.0,0.6999999999999886,0.55,none,0.0,
endurance,14,healthy,275.0,113.54548420423689,113.73975582923413,660.747589754947,1715.0087627566272,66.7193329760185,53.89607966420235,9.100654933688014,0.15592540747839342,12.996862023985132,19.783381124769313,0.5492138112164971,2208.0,0.6480000000000246,0.55,none,0.0,
endurance,14,healthy,276.0,113.15826632503823,113.28715358823926,663.0836023523434,1719.3850579987616,67.74182884579965,52.81077823013219,9.091361469548936,0.1847442491674107,13.002910642757776,20.012401870863634,0.551319615653931,2216.0,0.5960000000000036,0.55,none,0.0,
endurance,14,healthy,277.0,112.77877597554847,112.5715404025847,657.1116814742097,1711.0324797075812,68.18063979204125,53.05363520863985,9.082076342039157,0.2533319527894298,13.103940647552221,19.914318529406266,0.5533782068167259,2224.0,0.5439999999999827,0.55,none,0.0,
endurance,14,healthy,278.0,112.4068292428999,112.78471266397705,660.0986523341527,1707.9760716464405,67.62376429590711,53.324473239278824,9.072799469906306,0.21119797221375688,13.048520263687934,20.092776927906243,0.5553907083665257,2232.0,0.49200000000001864,0.55,none,0.0,
endurance,14,healthy,279.0,112.04224658635847,112.30823554123863,655.0359029141306,1713.6135612664646,67.83672810351395,52.31493112392019,9.063530795499657,0.14937282717436237,12.95640585688718,19.77776265161421,0.5573582172523297,2240.0,0.4399999999999977,0.55,none,0.0,
endurance,14,healthy,280.0,111.6848527353325,112.0409873607531,663.1335034670783,1706.3645593551357,67.76910078868873,52.85428966037263,9.05427027738262,0.3003574139638416,12.98581601720902,19.79303068103261,0.5592818043336355,2248.0,0.3879999999999768,0.55,none,0.0,
endurance,14,healthy,281.0,111.33447658915127,112.06284588255208,654.4173407125974,1712.0135921910949,68.89987238006067,52.75226025269437,9.045017885257913,0.2647124197331934,13.126711398404948,19.955752632153057,0.5611625149927664,2256.0,0.33600000000001273,0.55,none,0.0,
endurance,14,healthy,282.0,110.99095111877716,110.76515508124243,656.1041344502623,1716.2232206323922,67.52710652025873,52.96040305225346,9.03577359648133,0.13953111006893607,13.024811806735505,20.218845694298754,0.5630013697353845,2264.0,0.2839999999999918,0.55,none,0.0,
endurance,14,healthy,283.0,110.65411327054672,110.28436611404126,658.5061189796677,1721.389499251913,67.33775654770842,52.0663184509061,9.026537393667072,0.13152402102105729,13.013439426487054,20.031406392196896,0.5647993647786106,2272.0,0.23200000000002774,0.55,none,0.0,
endurance,14,healthy,284.0,110.32380387198958,110.00982819562634,655.4661007768416,1706.0270672380734,67.78243010209977,52.27105957314775,9.017309263042565,0.23221135839404333,12.980455982337348,20.209813475991364,0.566557472626445,2280.0,0.18000000000000682,0.55,none,0.0,
endurance,14,healthy,285.0,109.99986753974282,110.67966095708388,658.1879395519719,1711.014871478693,68.11840658577117,51.99942039945111,9.0080891933184,0.26679625354946973,12.972196321340219,20.201419174969324,0.5682766426323895,2288.0,0.1279999999999859,0.55,none,0.0,
endurance,14,healthy,286.0,109.68215258955657,109.71511032683563,658.2888748491414,1715.6106531378719,68.79866338618429,51.74003153708531,8.998877174912074,0.14822632866215124,12.977158960097714,19.96850196614264,0.5699578015492902,2296.0,0.07600000000002183,0.55,none,0.0,
endurance,14,healthy,287.0,109.37051094837284,109.36309307963568,655.2057512205253,1711.6540935121152,67.83778797616606,52.43432547622258,8.989673199414588,0.17337379380982956,13.053187581127439,19.663367681504162,0.5716018540665123,2304.0,0.02400000000000091,0.55,none,0.0,
endurance,14,healthy,288.0,109.06479806844997,109.62286383697227,652.570940137407,1711.2649266061744,68.102771393396,52.37019507380637,8.980477259224257,0.22945468200694155,13.040554400045732,20.397367554079583,0.573209683334621,2312.0,-0.02800000000002001,0.55,none,0.0,
endurance,14,healthy,289.0,108.76487284349884,108.59951594305696,651.0955688796199,1707.8845835100242,68.39615072770505,50.67326371686345,8.971289347294954,0.22589613616150378,13.021720619183258,20.314662163374706,0.5747821514777663,2320.0,-0.07999999999998408,0.55,none,0.0,
endurance,14,healthy,290.0,108.47059752679314,108.7848802381646,652.992947617954,1705.9259911204344,68.43318943422794,52.31516823122658,8.96210945696326,0.20536661466537792,13.014734670587755,19.838807773573446,0.5763201000940088,2328.0,-0.132000000000005,0.55,none,0.0,
endurance,14,healthy,291.0,108.18183765121408,108.38717360760286,652.4092575053477,1710.1132949130294,67.87338868832998,51.83102548682907,8.95293758182976,0.27824603454438473,13.045631337415895,19.82004888678111,0.577824350743828,2336.0,-0.18400000000002592,0.55,none,0.0,
endurance,14,healthy,292.0,107.89846195118788,107.3754988158089,655.5296154128616,1716.4731470316788,68.16739422733446,51.398381760169514,8.943773715677393,0.1931805272278913,13.054154997588864,19.862323976946588,0.5792957054270631,2344.0,-0.23599999999999,0.55,none,0.0,
endurance,14,healthy,293.0,107.62034228647471,107.87351497878635,651.8417916888018,1705.0844917451593,67.95122839939175,51.16968874175466,8.934617852415455,0.25235406512216696,13.034093884607458,19.838958884274216,0.5807349470485443,2352.0,-0.2880000000000109,0.55,none,0.0,
endurance,14,healthy,294.0,107.3473535677671,107.45669332596687,649.2449119288643,1708.7866176094076,67.5730959228072,50.62135922066811,8.925469986041094,0.18816781424309736,13.091996286497114,19.96228224321277,0.5821428398726685,2360.0,-0.339999999999975,0.55,none,0.0,
endurance,14,healthy,295.0,107.07937368405628,107.89990334025697,643.8489263302201,1708.3954445618854,68.27076070448167,51.39916778541469,8.916330110612856,0.06324655272857044,13.003566731055137,20.140105000509134,0.5835201299671705,2368.0,-0.3919999999999959,0.55,none,0.0,
endurance,14,healthy,296.0,106.81628343172558,106.21957213004589,648.8475067982848,1696.6734766355955,67.4791134334645,50.3591233422186,8.907198220232543,0.22118498894380567,13.18267453969828,19.78865643866076,0.5848675456363478,2376.0,-0.4440000000000168,0.55,none,0.0,
endurance,14,healthy,297.0,106.55796644533042,107.25140208304845,653.5150597431624,1702.7245423003944,68.19272647579433,50.23921919161061,8.898074309032701,0.22765203999475797,13.028091642076875,20.14706875706367,0.5861857978439758,2384.0,-0.4959999999999809,0.55,none,0.0,
endurance,14,healthy,298.0,106.30430913002527,106.80720032960326,650.3788352529449,1708.0269088084153,67.64964733288053,49.643325560329636,8.888958371168062,0.21022713933873655,13.02643946136769,19.958427330394212,0.5874755806261613,2392.0,-0.5480000000000018,0.55,none,0.0,
endurance,14,healthy,299.0,106.05520059559869,105.65826965009725,642.1947263772623,1703.817843135217,67.36708541137071,49.949393507305736,8.879850400809646,0.18410340681830098,13.039874235563335,19.810252672816098,0.5887375714943741,2400.0,-0.6000000000000227,0.55,none,0.0,
endurance,14,healthy,300.0,105.81053259207847,106.08375392666179,652.5213219492472,1709.4809836317806,68.44962088198116,49.45775146501554,8.87075039214075,0.21499384787566939,13.076500916500391,19.738047574130373,0.5899724318288818,2408.0,-0.6519999999999868,0.55,none,0.0,
endurance,14,healthy,301.0,105.5701994468696,106.79077473543833,646.4083341545054,1709.492624383867,68.0051714748251,49.6616963389451,8.861658339354083,0.2663940771734451,13.126421155809437,20.19732004205019,0.5911808072628217,2416.0,-0.7040000000000077,0.55,none,0.0,
endurance,14,healthy,302.0,105.33409800338866,105.61299356069138,650.4921037825635,1697.191694585218,67.62922014359789,49.634710054866744,8.852574236649971,0.22248633416692484,12.995592196049293,19.824189989130428,0.5923633280571295,2424.0,-0.7559999999999718,0.55,none,0.0,
endurance,14,healthy,303.0,105.10212756115922,105.27326247161491,651.9867665854654,1701.2038919745635,67.53471719013267,50.06096936360421,8.84349807823495,0.24295096453570963,13.100312853954524,20.071765036761228,0.5935206094665407,2432.0,-0.8079999999999927,0.55,none,0.0,
endurance,14,healthy,304.0,104.87418981733335,105.28265088254463,646.5187046140314,1694.9996892731867,67.73923906182362,49.786139587217065,8.834429858320895,0.12597700922047528,13.024880909286022,20.092437935906833,0.5946532520968808,2440.0,-0.8600000000000136,0.55,none,0.0,
endurance,14,healthy,305.0,104.65018880960535,104.49572784648227,649.9066631639489,1697.339158571669,67.38020495397484,49.53528373267631,8.825369571124437,0.18388523505736765,13.008628403559896,20.12860282152388,0.5957618422538471,2448.0,-0.9119999999999777,0.55,none,0.0,
endurance,14,healthy,306.0,104.43003086048478,104.62409315202036,645.2316814502869,1706.384549668816,68.13556444687892,49.36044470223879,8.81631721086645,0.20052267889123182,13.0701510010684,20.1156675405948,0.5968469522834865,2456.0,-0.9639999999999986,0.55,none,0.0,
endurance,14,healthy,307.0,104.21362452289607,104.90987750987904,645.8084243892354,1702.0133524476066,68.22915286596668,49.599271223930245,8.80727277177186,0.2534416734448103,13.10316530589584,19.808856343506026,0.5979091409045689,2464.0,-1.0160000000000196,0.55,none,0.0,
endurance,14,healthy,308.0,104.00088052707356,104.89798208221238,645.9658616126969,1693.5827321335,68.41614341592019,49.09406569786524,8.79823624806937,0.1555633725798853,12.97897318106124,19.67733294485748,0.5989489535330457,2472.0,-1.0679999999999836,0.55,none,0.0,
endurance,14,healthy,309.0,103.79171172872076,104.32924913241638,642.3440352156778,1705.645527565714,67.35625589021029,48.99971482538616,8.789207633991332,0.19207757579638463,13.08831751769685,20.05746322354537,0.5999669225987817,2480.0,-1.1200000000000045,0.55,none,0.0,
endurance,14,healthy,310.0,103.586033058404,103.09588398161435,649.0064195287974,1698.292004744366,68.97872680108345,48.88474290781616,8.78018692377369,0.16140803039014046,13.023501565831053,19.936476232419057,0.6009635678547494,2488.0,-1.1720000000000255,0.55,none,0.0,
endurance,14,healthy,311.0,103.38376147215095,104.19091660339411,644.0765245720039,1707.0889279069102,68.03619009002034,48.96510863843437,8.771174111655872,0.1325572651938463,13.040118195898819,19.726560479446654,0.6019393966788591,2496.0,-1.2239999999999895,0.55,none,0.0,
endurance,14,healthy,312.0,103.18481590322536,102.9697209979173,646.9137976463273,1702.0125242655006,68.25278749383544,49.16482025954579,8.762169191880748,0.13139676585843227,13.040537153560058,20.05786471115571,0.6028949043686022,2504.0,-1.2760000000000105,0.55,none,0.0,
endurance,14,healthy,313.0,102.98911721505,102.617806887654,643.2356102088062,1702.79531041269,68.6152477579111,48.760707537005956,8.753172158694628,0.24514745700481108,13.049861107391433,19.988832555091747,0.6038305744286816,2512.0,-1.3279999999999745,0.55,none,0.0,
endurance,14,healthy,314.0,102.79658815525053,102.521502287794,646.0801225300892,1709.0077276401062,67.26246724314778,48.09706328452121,8.744183006347196,0.13494140683442055,13.088606624147689,19.763732653934778,0.6047468788517913,2520.0,-1.3799999999999955,0.55,none,0.0,
endurance,14,healthy,315.0,102.60715331079354,102.635286458967,646.4655392969548,1695.4056195476194,67.86019394269569,47.96542652512383,8.735201729091544,0.22452473990049038,13.083643571576761,20.011604836587,0.6056442783927125,2528.0,-1.4320000000000164,0.55,none,0.0,
endurance,14,healthy,316.0,102.42073906419266,102.88162719462618,643.4748245661103,1700.3083197579952,68.08725871281993,48.84206350420143,8.726228321184125,0.2496250856746849,12.96608628045207,19.834452785768605,0.6065232228358823,2536.0,-1.4839999999999804,0.55,none,0.0,
endurance,14,healthy,317.0,102.23727355075751,102.38840905880704,647.0340943606185,1698.884737303885,67.49839883729996,48.11012732899552,8.717262776884736,0.084965698695825,12.971382170468495,19.961371676794,0.6073841512565926,2544.0,-1.5360000000000014,0.55,none,0.0,
endurance,14,healthy,318.0,102.05668661686042,102.74420642660567,643.4811193840947,1699.13824602085,67.79960393516907,47.04657831849228,8.708305090456543,0.11043978692013563,13.037709346040725,20.053515931533305,0.6082274922759702,2552.0,-1.5880000000000223,0.55,none,0.0,
endurance,14,healthy,319.0,101.87890977919686,102.72378251304183,636.7798248144527,1701.2438844641147,68.69157102917274,47.312520811245854,8.699355256166081,0.2870701384988005,12.984141571992714,20.09432856457365,0.6090536643098854,2560.0,-1.6399999999999864,0.55,none,0.0,
endurance,14,healthy,320.0,101.70387618501583,101.53986737868301,641.1114518825767,1696.3335217174665,67.51856043270122,48.230197002103324,8.690413268283203,0.10700798419869388,13.085294441890033,19.44247174776684,0.6098630758119329,2568.0,-1.6920000000000073,0.55,none,0.0,
endurance,14,healthy,321.0,101.53152057329719,101.53937283485574,642.0723959771283,1693.8671054838867,66.86481481786223,46.75430619163631,8.681479121081107,0.1988268191375009,13.12388696727769,20.214495387701717,0.6106561255106306,2576.0,-1.7440000000000282,0.55,none,0.0,
endurance,14,healthy,322.0,101.36177923685324,101.33920542300852,643.5218946060022,1687.2162995255842,68.32336440279288,47.18419838052862,8.672552808836373,0.22715603379514981,13.012292021593785,20.09839167341153,0.6114332026409692,2584.0,-1.7959999999999923,0.55,none,0.0,
endurance,14,healthy,323.0,101.19458998533278,100.13667600913539,643.1848748413606,1699.341848614544,68.3601758805284,48.07019607561,8.663634325828859,0.26293406464156777,12.946519846894956,20.061813444617687,0.6121946871704462,2592.0,-1.8480000000000132,0.55,none,0.0,
endurance,14,healthy,324.0,101.02989210910594,101.9629101125155,649.0809577427624,1703.2564983845293,67.47721708444617,47.47937405411914,8.654723666341821,0.10748045861230315,13.042830063926933,19.647166879320736,0.6129409500197234,2600.0,-1.8999999999999773,0.55,none,0.0,
endurance,14,healthy,325.0,100.86762634400887,101.10946166653618,644.8278488704864,1698.9649430083084,68.22920215940933,47.034413370781365,8.64582082466181,0.19830300416773824,13.10459015155149,20.00550255799983,0.613672353278025,2608.0,-1.9519999999999982,0.55,none,0.0,
endurance,14,healthy,326.0,100.70773483692791,101.41233468684317,642.9547357706127,1695.2067643607584,67.8044601607946,46.580332964560384,8.636925795078719,0.163695321501591,13.074834389146503,20.06526749386383,0.6143892504134129,2616.0,-2.004000000000019,0.55,none,0.0,
endurance,14,healthy,327.0,100.55016111220317,100.56810580673657,639.2906854837769,1698.5361260514926,68.05267668773917,47.14778463326273,8.628038571885805,0.29548784748111534,13.038927032825669,20.094671909150048,0.61509198647805,2624.0,-2.055999999999983,0.55,none,0.0,
endurance,14,healthy,328.0,100.39485003883198,100.34248745727392,638.2801821270007,1695.4420480768706,67.7441870258763,47.38166999744454,8.619159149379598,0.19770872903901976,13.104894363579687,19.810285088119727,0.6157808983085796,2632.0,-2.108000000000004,0.55,none,0.0,
endurance,14,healthy,329.0,100.24174779845326,100.67649620585937,634.1707831356723,1694.892551650774,68.0607265510938,46.050972808381225,8.610287521860014,0.25143083300494073,12.958737636169111,19.93871657323653,0.6164563147217333,2640.0,-2.160000000000025,0.55,none,0.0,
endurance,14,healthy,330.0,100.09080185409417,101.19576284315868,641.1670391980016,1699.2628473352438,67.91772643537026,46.34801769143075,8.601423683630271,0.1921736988016287,13.014204537638584,20.56185916718301,0.6171185567052815,2648.0,-2.211999999999989,0.55,none,0.0,
endurance,14,healthy,331.0,99.94196091966081,100.05865812877563,638.1664866996177,1700.7173718403028,66.28967664528177,46.00575092452911,8.592567628996905,0.24817767248997066,12.994984159321152,20.001472142942085,0.6177679376044356,2656.0,-2.26400000000001,0.55,none,0.0,
endurance,14,healthy,332.0,99.79517493015547,99.3569731578575,634.6518020822895,1705.2042844234832,67.59441399413393,46.330580260313674,8.583719352269815,0.2641585241318564,13.045605624805884,19.8112440839284,0.6184047633038161,2664.0,-2.315999999999974,0.55,none,0.0,
endurance,14,healthy,333.0,99.6503950126028,99.67775170826626,647.5008023911505,1690.2748257688122,68.44667758033151,46.654589903110434,8.574878847762168,0.220977955810171,13.091510513629448,19.881716008758247,0.6190293324050834,2672.0,-2.367999999999995,0.55,none,0.0,
endurance,14,healthy,334.0,99.50757345766843,99.05720142710405,644.2850813870964,1689.2254949391026,68.43918425887674,46.93194381351311,8.566046109790502,0.22439216648041307,13.100657851980475,19.774796543698876,0.6196419364003436,2680.0,-2.420000000000016,0.55,none,0.0,
endurance,14,healthy,335.0,99.36666369195316,99.10901274153507,643.1272762358004,1690.0745641618093,67.748964748898,46.05045398804787,8.557221132674655,0.18698018006986167,12.955885851681751,20.309758065896094,0.6202428598414225,2688.0,-2.47199999999998,0.55,none,0.0,
endurance,14,healthy,336.0,99.22762025094696,98.7747725912202,644.34942085727,1687.3812179359875,68.7207193626756,46.03869156890157,8.548403910737779,0.13680024530336254,13.059522306496737,20.28604144208334,0.6208323805051101,2696.0,-2.524000000000001,0.55,none,0.0,
endurance,14,healthy,337.0,99.09039875262674,98.56244813585,641.3651100799839,1678.8664155406132,67.01415882133551,46.054647526755495,8.539594438306361,0.0792424367180729,13.048935013340632,20.32475146863784,0.6214107695544719,2704.0,-2.576000000000022,0.55,none,0.0,
endurance,14,healthy,338.0,98.95495587168296,99.045949162984,638.1441110372689,1686.6054825893884,67.30808381375313,45.629690603043976,8.530792709710202,0.20272989806845504,13.086056318401527,19.761680513875636,0.6219782916963185,2712.0,-2.627999999999986,0.55,none,0.0,
endurance,14,healthy,339.0,98.82124931435969,98.34012045741423,645.4676419228691,1693.0577039851394,67.89667209000665,44.71748589694882,8.5219987192824,0.23489769556850432,12.962950778480865,20.002213478902,0.6225352053349241,2720.0,-2.680000000000007,0.55,none,0.0,
endurance,14,healthy,340.0,98.6892377938939,99.43592266491656,637.9539250353115,1688.754270781361,68.02685440340208,45.87331950705125,8.51321246135939,0.27312334266234733,12.914801737510867,19.985572782194048,0.6230817627220901,2728.0,-2.731999999999971,0.55,none,0.0,
endurance,14,healthy,341.0,98.55888100653937,98.4805899505682,641.5878589158699,1680.283641228332,68.0350000400114,44.817265115454326,8.504433930280893,0.16412649924441042,13.001339291403264,20.282695435840164,0.6236182101036294,2736.0,-2.783999999999992,0.55,none,0.0,
endurance,14,healthy,342.0,98.43013960816154,98.16027004554819,639.5590972976186,1696.2810499657007,67.73891703041863,45.611736587331215,8.495663120389965,0.24560267904722635,13.160423029760738,19.959623931163737,0.6241447878623683,2744.0,-2.8360000000000127,0.55,none,0.0,
endurance,14,healthy,343.0,98.30297519138965,98.3259815899856,639.2021840144523,1686.3254612560918,67.58248432925518,45.921931045052325,8.486900026032975,0.28700413827895044,13.01041411163303,19.83613308173319,0.6246617306577406,2752.0,-2.887999999999977,0.55,none,0.0,
endurance,14,healthy,344.0,98.17735026331279,98.05045780585785,637.2825195945104,1685.6361146107324,68.11560142726655,44.81248868484203,8.47814464155957,0.2900398655989667,12.964554714418457,20.01665837289496,0.625169267562058,2760.0,-2.9399999999999977,0.55,none,0.0,
endurance,14,healthy,345.0,98.05322822370708,97.9818607655102,643.7025062169512,1678.2040314720089,67.74547141069772,44.91187920747111,8.469396961322728,0.1957262537241749,12.957069629966584,19.97253319922667,0.6256676221935389,2768.0,-2.9920000000000186,0.55,none,0.0,
endurance,14,healthy,346.0,97.9305733437812,97.96061337794158,635.7135731056075,1690.1626763428083,68.12970557396139,44.96464808530405,8.46065697967874,0.28760801514964063,13.052117106235501,20.296403079967735,0.6261570128461661,2776.0,-3.0439999999999827,0.55,none,0.0,
endurance,14,healthy,347.0,97.80935074542802,97.72867052979855,635.0004334111983,1678.1530079630209,66.46127124758128,45.06304406982692,8.45192469098716,0.277294598217504,12.985935330184208,20.013921673323896,0.6266376526164544,2784.0,-3.0960000000000036,0.55,none,0.0,
endurance,14,healthy,348.0,97.68952638097016,97.74962915027483,642.8601973582157,1684.2103869467212,66.85170000418414,44.89700797812099,8.4432000896109,0.24905782680441635,13.13122051619761,20.169133975632278,0.6271097495272007,2792.0,-3.1480000000000246,0.55,none,0.0,
endurance,14,healthy,349.0,97.57106701338793,97.59484674259696,628.6140119872612,1685.6621029137707,68.3301488667417,45.976819777432894,8.434483169916128,0.10456737903898686,13.013518374867658,19.942078690698704,0.6275735066482865,2800.0,-3.1999999999999886,0.55,none,0.0,
endurance,14,healthy,350.0,97.45394019701789,97.67073875046817,638.961271073122,1686.113052544299,67.45776201315168,44.382442756198294,8.425773926272328,0.20937764279082652,13.110636053754938,19.930987602759707,0.6280291222146033,2808.0,-3.2520000000000095,0.55,none,0.0,
endurance,14,healthy,351.0,97.33811425871104,97.36966353616903,637.4049406128661,1694.1073533430829,67.97323578530752,44.5958941379193,8.417072353052301,0.18815199233471464,12.98990025108669,19.75689792433794,0.6284767897411737,2816.0,-3.3039999999999736,0.55,none,0.0,
endurance,14,healthy,352.0,97.2235582794397,96.99279370555394,632.88197520778,1683.5349985538592,67.9410117471975,44.281772850579195,8.408378444632094,0.19245993932520708,12.941439879464662,19.96436998715118,0.6289166981355265,2824.0,-3.3559999999999945,0.55,none,0.0,
endurance,14,healthy,353.0,97.1102420763421,97.37921236308544,638.4505856927675,1683.5660573656498,68.52011518241129,43.99322431127025,8.399692195391106,0.17198862886746824,13.080016613776058,19.904733041071584,0.629349031807402,2832.0,-3.4080000000000155,0.55,none,0.0,
endurance,14,healthy,354.0,96.99813618519477,96.46080159094949,642.8957267687514,1676.0896078402668,68.09579147921875,44.592895328061715,8.391013599712002,0.2543318537903411,13.010848679182217,20.141622899055374,0.6297739707758396,2840.0,-3.4599999999999795,0.55,none,0.0,
endurance,14,healthy,355.0,96.88721184330197,96.44038118783696,634.7255101793372,1684.1024417242356,67.13533529006816,43.235144148663906,8.382342651980728,0.17061796568717685,13.088491927779986,19.95523591357691,0.6301916907737191,2848.0,-3.5120000000000005,0.55,none,0.0,
endurance,14,healthy,356.0,96.77744097279276,96.26787835972748,637.6246723585883,1678.2609923189082,68.31736149897876,43.728887165778005,8.373679346586556,0.22291637796726674,13.008177189573145,19.752249583804687,0.6306023633498126,2856.0,-3.5640000000000214,0.55,none,0.0,
endurance,14,healthy,357.0,96.66879616431558,97.06702159818215,638.1441407453508,1681.0309258685127,68.49353717118889,44.57092873519379,8.36502367792202,0.11841504442521875,12.99121300505146,20.101986771634227,0.6310061559684063,2864.0,-3.6159999999999854,0.55,none,0.0,
endurance,14,healthy,358.0,96.56125066112112,95.74615893213912,636.4850155663806,1675.8540663163506,68.25217800963276,44.376084780212715,8.356375640382945,0.25403065404574277,13.053064312667377,19.806879802890286,0.6314032321065485,2872.0,-3.6680000000000064,0.55,none,0.0,
endurance,14,healthy,359.0,96.45477834352423,97.01622793424198,638.3097453791386,1687.1165055564068,67.45619376206928,42.60085971039553,8.347735228368443,0.14852795916422118,13.012197814422136,19.727950688903576,0.631793751348986,2880.0,-3.7200000000000273,0.55,none,0.0,
endurance,14,healthy,360.0,96.34935371373565,95.97059631487382,632.4750364417126,1692.4743387739054,66.98666130884861,43.74796067357813,8.339102436280934,0.15807604527403465,13.055504012199304,20.108267104998873,0.6321778694808369,2888.0,-3.7719999999999914,0.55,none,0.0,
endurance,14,healthy,361.0,96.24495188105503,95.42883385819027,641.0220997428383,1688.606780261206,66.79106407863654,44.2156735619289,8.330477258526084,0.15239985989007854,12.947026719520847,20.295511152869892,0.6325557385780572,2896.0,-3.8240000000000123,0.55,none,0.0,
endurance,14,healthy,362.0,96.14154854741638,96.42639715149025,636.3730101634666,1683.3093370729048,66.75388292494738,42.94735609954417,8.321859689512877,0.18840022711753404,12.972650381770992,20.095184141620386,0.6329275070957562,2904.0,-3.8759999999999764,0.55,none,0.0,
endurance,14,healthy,363.0,96.03911999327777,95.49675387094003,632.7586672443764,1687.1256281507963,67.6057412450558,43.20835936294637,8.31324972365355,0.1891722450246226,12.92469047620443,20.206115249367063,0.6332933199544045,2912.0,-3.9279999999999973,0.55,none,0.0,
endurance,14,healthy,364.0,95.9376430638469,96.18357799427974,635.8607271109781,1682.220942451282,66.75499870799452,42.11776016524581,8.30464735536363,0.231743856129795,13.005043086830828,19.999349782793935,0.6336533186239945,2920.0,-3.980000000000018,0.55,none,0.0,
endurance,14,healthy,365.0,95.83709515563476,95.54337474953749,641.2645911979595,1676.045937768613,67.6445927202721,44.58992976044618,8.296052579061941,0.31331180552796667,13.018680084735877,20.213663989786976,0.6340076412061939,2928.0,-4.031999999999982,0.55,none,0.0,
endurance,14,healthy,366.0,95.73745420332925,95.56848198472596,640.5778433713438,1678.9907446258344,67.04889008493143,43.11951527279838,8.287465389170551,0.24161485334361638,12.977156461046794,19.99787442542649,0.6343564225145424,2936.0,-4.084000000000003,0.55,none,0.0,
endurance,14,healthy,367.0,95.63869866698154,95.73217660995583,636.1583583281946,1670.4661730436706,67.92039331671523,42.640326892456095,8.278885780114821,0.20651364186375706,12.972648007980368,20.18072288823804,0.6346997941527427,2944.0,-4.136000000000024,0.55,none,0.0,
endurance,14,healthy,368.0,95.54080751949738,95.05951873131045,639.8885103980324,1674.313862763322,67.81374571496535,43.42839819361442,8.270313746323401,0.09776772474398028,12.96973004546483,20.023971586324212,0.6350378845910842,2952.0,-4.187999999999988,0.55,none,0.0,
endurance,14,healthy,369.0,95.44376023442625,94.90476420898307,640.3277230265667,1672.061122357866,67.42792662099768,43.7909686749726,8.26174928222817,0.25426079268011215,12.959454629726059,19.793747563814616,0.6353708192410474,2960.0,-4.240000000000009,0.55,none,0.0,
endurance,14,healthy,370.0,95.34753677404134,95.49896279892744,630.5068314123378,1676.8483830953576,68.69829668288968,43.07538210549745,8.253192382264325,0.20386259236913562,13.001111660244764,20.27716227933218,0.6356987205281344,2968.0,-4.291999999999973,0.55,none,0.0,
endurance,14,healthy,371.0,95.25211757770323,94.75816227758479,636.4769605942298,1679.5459662303022,67.83665462226774,42.64070987810721,8.244643040870306,0.13087838827194287,12.974768585895115,19.831974641611044,0.636021707962961,2976.0,-4.343999999999994,0.55,none,0.0,
endurance,14,healthy,372.0,95.15748355050063,95.60965692440921,633.940293407194,1674.0678994923464,68.65606276311894,43.12420072035157,8.23610125248782,0.2126299174591837,13.011627291195488,20.234159474500693,0.6363398982106621,2984.0,-4.396000000000015,0.55,none,0.0,
endurance,14,healthy,373.0,95.06361605216169,94.8185658002208,630.5690102291962,1680.6129075713714,68.91789617820967,42.81441865543689,8.227567011561877,0.19701426129295238,13.071720369873407,20.1089704870325,0.6366534051586386,2992.0,-4.447999999999979,0.55,none,0.0,
endurance,14,healthy,374.0,94.9704968862292,94.22940919833249,638.5245883420702,1676.25783119396,68.54729187710916,43.023183463682095,8.219040312540686,0.2145190498861678,13.034533418440324,19.798420812913086,0.6369623399826945,3000.0,-4.5,0.55,none,0.0,
endurance,14,healthy,375.0,94.87942399075054,94.71386014075384,631.4819656417076,1676.003438844422,68.04761497154638,42.61289728729348,8.2178355096783,0.20741291595165978,13.00032946928126,19.893487541372128,0.6375187726058452,3000.0,-4.5,0.55,none,0.0,
endurance,14,healthy,376.0,94.79040203642079,93.58964006985136,636.3180014706198,1668.5201881277846,68.6375193786827,42.72088419740257,8.21700720771041,0.18660062187795357,12.98589257168131,19.84897426200636,0.6380626744913114,3000.0,-4.5,0.55,none,0.0,
endurance,14,healthy,377.0,94.7034188979092,94.9613703382216,636.1285335715964,1677.6472166109074,67.28056841012706,42.533697846008515,8.216437750107483,0.22047061394169723,13.022766487385846,19.879562109524922,0.6385941197218326,3000.0,-4.5,0.55,none,0.0,
endurance,14,healthy,378.0,94.61845126777047,95.4345487490565,634.6104943534456,1671.8153082323336,67.6606325921025,42.55955786053108,8.216046248005473,0.13789477811441847,13.014220133119585,20.0155300662885,0.6391132507000727,3000.0,-4.5,0.55,none,0.0,
endurance,14,healthy,379.0,94.53546850731453,95.17873742538902,635.1759301027602,1670.3027799507154,67.53396242325748,41.42450461202851,8.21577709031034,0.26804794287842115,12.96388469920003,20.449974023475825,0.6396202546207683,3000.0,-4.5,0.55,none,0.0,
endurance,14,healthy,380.0,94.45443528559257,94.96915377087674,627.373538020268,1676.061038773375,66.9146660239631,41.818255339595694,8.215592044394937,0.2590851526783068,12.946275855332106,19.913756208016647,0.6401153473471841,3000.0,-4.5,0.55,none,0.0,
endurance,14,healthy,381.0,94.3753133854147,94.97909329825384,636.343106346537,1673.3245135195095,67.33982162932436,41.47131557022529,8.215464825328096,0.17833638123476853,13.02143475945632,19.83049732707808,0.6405987623767958,3000.0,-4.5,0.55,none,0.0,
endurance,14,healthy,382.0,94.29806293689944,94.09492577355608,636.5573973202997,1680.230537679236,68.02720157483,40.76156327870125,8.215377362219645,0.24949993615745086,13.037881746252848,19.938195406921988,0.641070743304612,3000.0,-4.5,0.55,none,0.0,
endurance,14,healthy,383.0,94.22264325764372,94.59787210698369,631.592050887145,1673.3028126321879,67.84997602978507,41.519914261123056,8.215317231332582,0.1866460707113401,12.880394989913826,20.140503080987166,0.6415315386899445,3000.0,-4.5,0.55,none,0.0,
endurance,14,healthy,384.0,94.14901342263255,95.35857903227691,627.7652885951658,1677.9631519753168,67.249013224946,41.09527431290328,8.215275891347728,0.23785875498623393,13.016321139197482,20.30299653750033,0.6419813985744041,3000.0,-4.5,0.55,none,0.0,
endurance,14,healthy,385.0,94.07713264852813,93.75694082913803,631.7017000288754,1674.5383620892521,67.52237846200444,41.524024496778864,8.21524747010814,0.27084577766967044,13.03596182292186,20.217453390344726,0.6424205721339885,3000.0,-4.5,0.55,none,0.0,
endurance,14,healthy,386.0,94.00696055052413,93.73743201933685,639.8745051853952,1686.4633485780894,66.94456484909561,41.52135297941631,8.215227930505925,0.22108830355944303,13.014492463389145,20.220221885181267,0.6428493061097684,3000.0,-4.5,0.55,none,0.0,
endurance,14,healthy,387.0,93.93845731176313,93.0364564425127,635.9376326932006,1677.8434519085238,67.30441523657943,41.50276411254132,8.2152144970294,0.08658909597415161,12.98774205816224,19.97687962192322,0.6432678437727886,3000.0,-4.5,0.55,none,0.0,
endurance,14,healthy,388.0,93.87158379281226,93.62281671980486,629.229149843022,1681.2576451903233,67.61314713531222,41.80091095339157,8.21520526151429,0.19025395428631636,12.979424638780346,19.908824488457075,0.6436764242551986,3000.0,-4.5,0.55,none,0.0,
endurance,14,healthy,389.0,93.8063016000952,94.19993424990874,635.9930283718246,1683.5374334893738,67.88682212708561,41.855512770965525,8.215198912097652,0.22077000056647106,13.120608892671074,20.227084251388664,0.6440752821321516,3000.0,-4.5,0.55,none,0.0,
endurance,14,healthy,390.0,93.74257312626955,94.78343958364542,638.2395836419918,1682.0368228409857,67.58070624491454,41.52996587108774,8.215194546873713,0.15276773415499473,13.039723693527087,20.173068763401137,0.644464647175108,3000.0,-4.5,0.55,none,0.0,
endurance,14,healthy,391.0,93.68036157147539,93.10029149468811,633.718351427595,1669.8902115548433,67.79940939666415,40.81865076977661,8.215191545782256,0.21544396822486309,12.946810054111216,19.82319523017182,0.6448447442220115,3000.0,-4.5,0.55,none,0.0,
endurance,14,healthy,392.0,93.61963095158772,92.16423680022183,633.953243513489,1676.8630515738894,67.54647485754468,42.00646151763467,8.215189482531878,0.20288632515254626,13.08822364339496,20.32741285929465,0.6452157931268703,3000.0,-4.5,0.55,none,0.0,
endurance,14,healthy,393.0,93.56034609768558,93.94000964578585,632.9305918324878,1681.1267708177088,68.18318276716316,41.54602793895595,8.215188064047243,0.2069887967201831,13.010584822765388,20.11801900520838,0.6455780087629989,3000.0,-4.5,0.55,none,0.0,
endurance,14,healthy,394.0,93.50247264963015,93.22945830027203,632.3171271001346,1680.1772602343233,66.90206702614556,40.631497593506445,8.215187088839057,0.2685277589589428,12.982715858796212,20.03530094348792,0.6459316010622554,3000.0,-4.5,0.55,none,0.0,
endurance,14,healthy,395.0,93.44597704573712,93.67626217573881,630.1317359044848,1669.8205118467433,67.15258726228011,40.61175663437899,8.21518641838343,0.21176865539385548,13.095407514231209,19.877275038786753,0.646276775078141,3000.0,-4.5,0.55,none,0.0,
endurance,14,healthy,396.0,93.39082650990468,93.22598133873845,634.5401475096202,1677.742051973472,67.17116844299996,40.39135018473019,8.215185957445186,0.22168873801176708,13.007085248925874,20.205134985670757,0.6466137310644432,3000.0,-4.5,0.55,none,0.0,
endurance,14,healthy,397.0,93.33698903712951,92.93168134857461,630.7018537089346,1671.2256375670045,66.69834709383908,40.45189197814558,8.215185640550143,0.1367616418634997,13.005089560065489,20.192076226604367,0.6469426645637313,3000.0,-4.5,0.55,none,0.0,
endurance,14,healthy,398.0,93.28443337804883,93.26374313617539,625.0012370062267,1678.5403987647976,67.45204970932068,40.469587806411035,8.215185422684801,0.163166849371785,13.000710785470146,20.216678648301997,0.6472637665017995,3000.0,-4.5,0.55,none,0.0,
endurance,14,healthy,399.0,93.23312902294379,93.44344664343652,631.7272697773376,1674.0135940023902,67.47609298316655,40.650265445882276,8.215185272902378,0.19503602725311536,12.978451306559785,19.99737708776424,0.6475772232854025,3000.0,-4.5,0.55,none,0.0,
endurance,14,healthy,400.0,93.18304618550025,93.25808080112907,630.9100415023973,1675.183974164765,67.23374620721333,40.75675770774201,8.215185169926961,0.2247318112462842,12.990649008955915,19.854965297819767,0.6478832169014732,3000.0,-4.5,0.55,none,0.0,
endurance,14,healthy,401.0,93.13415578652777,93.44343587209245,631.9496109809292,1674.653485832714,67.69479146976926,40.995241874040204,8.215185099131364,0.19797373274279956,13.015164212333177,20.24727523983905,0.6481819250165952,3000.0,-4.5,0.55,none,0.0,
endurance,14,healthy,402.0,93.08642943777154,93.45596412535743,633.2832204298787,1684.8346743230304,67.97817621838959,39.15045970951138,8.21518505045939,0.08444545732003075,13.029651833583083,19.720499264775395,0.6484735210759085,3000.0,-4.5,0.55,none,0.0,
endurance,14,healthy,403.0,93.03983942590715,93.16277592871778,629.2559307970662,1672.9120394088725,67.6562890295819,40.575970065231296,8.215185016997408,0.18191887456260147,13.031419082183136,20.061500055020893,0.6487581744008971,3000.0,-4.5,0.55,none,0.0,
endurance,14,healthy,404.0,92.99435869677717,93.65814400716933,631.9283942947739,1675.7915832488518,67.5635904654626,40.46352569182282,8.215184993992295,0.26928984905608533,12.985223683784199,19.573232110189988,0.649036050285699,3000.0,-4.5,0.55,none,0.0,
endurance,14,healthy,405.0,92.94996083990743,92.53619949316604,633.3866551260755,1673.214124266834,67.8246836238453,39.978991395242964,8.215184978176282,0.23216911141425883,13.070255565662741,19.90269767274751,0.6493073100917088,3000.0,-4.5,0.55,none,0.0,
endurance,14,healthy,406.0,92.90662007332595,92.32361197790574,637.4755383445897,1679.1372655756331,66.98203409100239,40.354844755946964,8.215184967302772,0.15319834841261443,13.064704971620506,19.946929486498064,0.64957211134033,3000.0,-4.5,0.55,none,0.0,
endurance,14,healthy,407.0,92.86431122869821,92.7175344959481,629.2003932943016,1676.735438853062,67.81658031684165,39.964058490370576,8.215184959827232,0.17449174817567453,12.942859583097459,19.68425641218066,0.6498306078037944,3000.0,-4.5,0.55,none,0.0,
endurance,14,healthy,408.0,92.82300973678517,93.1481679118763,632.7766152370391,1671.1945854507528,66.35777003207971,40.25327527863735,8.2151849546878,0.24734300181991586,12.991049497471577,19.671296314730018,0.6500829495940101,3000.0,-4.5,0.55,none,0.0,
endurance,14,healthy,409.0,92.78269161322613,93.1758796264464,629.9150023767623,1675.522764308192,67.1965545396094,41.32791819715072,8.215184951154441,0.13398932225771887,13.056039174847237,20.490012178988934,0.650329283249425,3000.0,-4.5,0.55,none,0.0,
endurance,14,healthy,410.0,92.74333344464546,92.95418132678499,631.9500509928225,1674.381021742892,67.84434777154539,39.29417203449753,8.215184948725256,0.2231832696549343,12.971364706214139,20.344423409261182,0.6505697518199107,3000.0,-4.5,0.55,none,0.0,
endurance,14,healthy,411.0,92.70491237507987,91.88891028090953,635.1071470215606,1676.0509800595923,67.393418999975,40.384508459372746,8.21518494705519,0.19837891960743168,13.025266795446925,19.89255723683066,0.6508044949496891,3000.0,-4.5,0.55,none,0.0,
endurance,14,healthy,412.0,92.66740609272208,92.95049967702076,631.8131688776454,1683.4527977651946,69.02688060452635,40.0111744385415,8.215184945907021,0.15585583324691876,13.057058580427961,20.4436243465967,0.6510336489583246,3000.0,-4.5,0.55,none,0.0,
endurance,14,healthy,413.0,92.63079281697514,93.48064335291026,629.9798966012471,1682.6006747010217,66.88138193520656,39.64604334140708,8.215184945117656,0.23953965158419024,12.996205446442438,19.892739313865103,0.6512573469198194,3000.0,-4.5,0.55,none,0.0,
endurance,14,healthy,414.0,92.59505128581189,93.54603803046098,633.5674326434794,1669.2260648284737,68.03947324884716,39.29206868149377,8.215184944574965,0.2187311876701691,12.956876465909408,19.855440701035064,0.6514757187398441,3000.0,-4.5,0.55,none,0.0,
endurance,14,healthy,415.0,92.56016074343295,93.05028071543748,634.9454751725152,1681.9365359165422,67.78421489650167,39.52369806911268,8.215184944201866,0.2073240466152739,12.99155495191639,19.86124636617341,0.6516888912311439,3000.0,-4.5,0.55,none,0.0,
endurance,14,healthy,416.0,92.52610092821713,92.84309210089862,632.7347291138914,1673.6809446154532,67.25898035006932,40.63404713659894,8.21518494394536,0.18881488654680323,13.100564099082044,20.149335702030818,0.6518969881871587,3000.0,-4.5,0.55,none,0.0,
endurance,14,healthy,417.0,92.49285206095763,92.58996127203345,633.1558372244373,1676.4893009282002,67.80538040281512,39.2351590345799,8.215184943769012,0.26667412718399824,12.99686440649827,20.03432417365259,0.6521001304538974,3000.0,-4.5,0.55,none,0.0,
endurance,14,healthy,418.0,92.46039483337759,93.0982793983047,629.8429589269774,1684.2034735735062,67.5193423991775,38.83980276358185,8.215184943647774,0.16934298443830811,13.02014890238371,19.77325538901282,0.6522984360001045,3000.0,-4.5,0.55,none,0.0,
endurance,14,healthy,419.0,92.42871039691859,92.82927729633376,633.2046111446095,1668.7648417350088,67.40929774511875,39.696506359812396,8.215184943564422,0.1771238867533588,13.004312445212943,19.916935713452716,0.65249201998576,3000.0,-4.5,0.55,none,0.0,
endurance,14,healthy,420.0,92.39778035179573,91.95508583443213,628.7627999674631,1680.6789292191856,66.77209224095996,38.914527091347075,8.215184943507118,0.14491612685479574,12.96824034364127,20.038994573534687,0.6526809948289494,3000.0,-4.5,0.55,none,0.0,
endurance,14,healthy,421.0,92.36758673631307,92.18980312610053,624.0736049359207,1669.7371141360459,68.06196900473492,39.63994611724331,8.21518494346772,0.25309454631857997,12.951270778892093,20.1973275577615,0.6528654702711445,3000.0,-4.5,0.55,none,0.0,
endurance,14,healthy,422.0,92.3381120164333,92.54972150129933,631.7813045114979,1675.2342329542787,67.87033340512703,38.59330969553175,8.215184943440637,0.22820187789925872,13.056379744355512,20.15150117261845,0.6530455534409298,3000.0,-4.5,0.55,none,0.0,
endurance,14,healthy,423.0,92.30933907559564,93.17398891479186,630.0132671842493,1672.9945258417824,67.98572230261414,38.88756818523398,8.215184943422013,0.17352242583982894,13.150864121022838,20.319691969668217,0.6532213489162129,3000.0,-4.5,0.55,none,0.0,
endurance,14,healthy,424.0,92.28125120477611,93.09582657045563,629.2581090894623,1677.1618805798753,67.86338585297278,39.44710268127449,8.215184943409213,0.12132562107120205,12.95618574301182,20.137087142773225,0.6533929587849524,3000.0,-4.5,0.55,none,0.0,
endurance,14,healthy,425.0,92.25383209278436,92.13760839844204,632.7474375140354,1682.832550805807,68.2898213834452,39.8586840166089,8.215184943400411,0.1968418675281961,12.993020575901259,20.22029198810683,0.653560482704444,3000.0,-4.5,0.55,none,0.0,
endurance,14,healthy,426.0,92.22706581679157,92.52398579155387,632.8081070212562,1678.7677018966608,68.29163672764331,39.74154169450551,8.21518494339436,0.16839762541452452,13.02591231786881,20.271579142984205,0.6537240179591911,3000.0,-4.5,0.55,none,0.0,
endurance,14,healthy,427.0,92.20093683308372,92.16475879424226,633.7087380642406,1671.8227381320885,67.98527709480167,38.614032112732644,8.2151849433902,0.15120332216432847,13.008410156543176,20.003665134341663,0.6538836595174,3000.0,-4.5,0.55,none,0.0,
endurance,14,healthy,428.0,92.17542996803517,92.45274521582112,631.7494970085721,1679.3572318873205,67.83291771704486,38.971858356300594,8.21518494338734,0.17584733514357162,13.066822942255309,19.90633796888793,0.6540395000861303,3000.0,-4.5,0.55,none,0.0,
endurance,14,healthy,429.0,92.15053040929703,90.8675597216904,628.2245019381471,1674.1512159825882,67.77569858828966,39.53254683144575,8.215184943385374,0.15657913377433236,13.076284122022805,19.796865278277167,0.6541916301651307,3000.0,-4.5,0.55,none,0.0,
endurance,14,healthy,430.0,92.12622369719533,92.11495578777789,635.3095094855272,1668.3872216016566,68.17166471745907,38.694736825012974,8.21518494338402,0.21980571287864614,12.987934064265016,19.775178137216933,0.6543401380993942,3000.0,-4.5,0.55,none,0.0,
endurance,14,healthy,431.0,92.102495716334,91.31918876394884,627.6615153921771,1689.9734016853627,67.6197468987746,39.49576595331928,8.215184943383093,0.1853561041530999,12.98645844181864,20.15340980182862,0.6544851101304616,3000.0,-4.5,0.55,none,0.0,
endurance,14,healthy,432.0,92.07933268739787,92.33705174685541,631.084086511559,1680.0130103345446,67.4370267461347,39.22665463242357,8.215184943382454,0.23101322013179193,13.033878022945753,19.956033030739796,0.6546266304465043,3000.0,-4.5,0.55,none,0.0,
endurance,14,healthy,433.0,92.05672115915061,91.54126150014467,633.9650702790498,1677.8645959611254,66.42004890522334,39.13260650842831,8.215184943382015,0.18668963019861784,13.075459661899904,19.40039867255957,0.6547647812312128,3000.0,-4.5,0.55,none,0.0,
endurance,14,healthy,434.0,92.03464800062349,92.26451926771902,631.8504537351097,1676.4773016704753,68.04984865434331,39.92932340605932,8.215184943381713,0.26454506144887874,12.960729890862305,19.854244228870805,0.6548996427115239,3000.0,-4.5,0.55,none,0.0,
endurance,14,healthy,435.0,92.01310039348985,92.47295158828193,631.2458965619147,1675.6981666658185,67.96104933499986,38.635954778980846,8.215184943381505,0.24903135254703754,13.0459400176493,19.948434174160788,0.6550312932042087,3000.0,-4.5,0.55,none,0.0,
endurance,14,healthy,436.0,91.99206582462126,91.62651738500345,631.1027469657134,1679.494711172254,67.57822131198618,38.459614969304496,8.215184943381361,0.19674490264643066,13.062721637888377,20.00544894346005,0.6551598091613535,3000.0,-4.5,0.55,none,0.0,
endurance,14,healthy,437.0,91.97153207882097,92.28239458671813,633.6812365996354,1682.1676992820253,67.58074639764921,39.875484002877755,8.215184943381264,0.14996542344230226,13.005373528897568,20.015307949224134,0.6552852652147568,3000.0,-4.5,0.55,none,0.0,
endurance,14,healthy,438.0,91.9514872317302,92.05248063137111,628.9339775214594,1681.599801894865,67.93691677902417,39.22391361589999,8.215184943381196,0.17701095662356658,13.043261810031867,19.91167524317016,0.6554077342192697,3000.0,-4.5,0.55,none,0.0,
endurance,14,healthy,439.0,91.93191964290348,92.6491124244875,627.602157077404,1677.1473528452252,66.75989823238024,38.10296257703963,8.21518494338115,0.20167771228477172,12.987240951509918,19.969059396337048,0.6555272872951038,3000.0,-4.5,0.55,none,0.0,
endurance,14,healthy,440.0,91.91281794904883,91.66604695656982,634.6138019136656,1678.3237337511057,67.17982321767077,38.46676172322131,8.215184943381118,0.21269583658873392,12.912405973148442,20.132048141698732,0.6556439938691322,3000.0,-4.5,0.55,none,0.0,
endurance,14,healthy,441.0,91.8941710574288,91.86482071871767,630.5330597083706,1677.9281773252465,66.62862428454537,38.66548739827792,8.215184943381097,0.2739499091831524,13.008651608812288,19.926885388251833,0.6557579217152076,3000.0,-4.5,0.55,none,0.0,
endurance,14,healthy,442.0,91.87596813941879,91.59518339596003,631.5192824166533,1670.7425856095324,67.99787274774171,38.695890522555565,8.215184943381082,0.1218997133872205,12.965502186987976,19.736095962250168,0.6558691369935193,3000.0,-4.5,0.55,none,0.0,
endurance,14,healthy,443.0,91.85819862421852,92.15336231078824,627.8130776611436,1671.210455298105,67.93172665815403,38.487780572342686,8.215184943381072,0.1848900494729689,13.0567517444336,20.081515563172925,0.6559777042890143,3000.0,-4.5,0.55,none,0.0,
endurance,14,healthy,444.0,91.8408521927135,91.40591935737429,629.436631353409,1676.9882815767016,67.4147316000658,38.674963365262144,8.215184943381065,0.19093947830959387,13.145614529875257,20.213795135754932,0.6560836866489019,3000.0,-4.5,0.55,none,0.0,
endurance,14,healthy,445.0,91.82391877148241,92.54701872702857,634.1426970991906,1672.462789821573,67.28641560763123,38.872106430808536,8.215184943381058,0.2292132984217512,13.01061120212039,19.985890812217157,0.6561871456192686,3000.0,-4.5,0.55,none,0.0,
endurance,14,healthy,446.0,91.80738852694729,91.36042088492117,633.6265225017519,1681.4860399624208,67.48733441667274,38.088365578485224,8.215184943381056,0.24610665766558287,12.897737770336468,20.145645134329165,0.656288141280817,3000.0,-4.5,0.55,none,0.0,
endurance,14,healthy,447.0,91.791251859663,91.34897030295409,626.8032467806851,1678.6015615108772,68.01334089348612,37.81388893133262,8.215184943381054,0.14259640394376313,12.90236440177777,19.89271362776518,0.6563867322837572,3000.0,-4.5,0.55,none,0.0,
endurance,14,healthy,448.0,91.77549939874264,92.0207919074556,634.3213227334494,1686.363850544878,67.09775054194964,38.34187406883808,8.215184943381052,0.26635421242061125,13.014207418132843,19.985516985483883,0.6564829758818654,3000.0,-4.5,0.55,none,0.0,
endurance,14,healthy,449.0,91.76012199641562,91.4583011968486,627.606998051609,1681.0419138812572,67.49982798030858,38.36056754637954,8.21518494338105,0.19009362107672503,13.005872695067136,19.857873469492354,0.656576927965733,3000.0,-4.5,0.55,none,0.0,
endurance,14,healthy,450.0,91.74511072271542,92.59422142733105,626.7410714028202,1679.3271265484575,67.28135898383553,38.01040852124076,8.21518494338105,0.21600524570567678,13.01656677582117,20.084481427916167,0.6566686430952227,3000.0,-4.5,0.55,none,0.0,
endurance,14,healthy,451.0,91.73045686029381,91.04427388393474,630.8246296086512,1682.450126192295,68.18792415108474,37.73388092971044,8.21518494338105,0.2409358017631043,13.060379374954664,20.262164188642366,0.6567581745311531,3000.0,-4.5,0.55,none,0.0,
endurance,14,healthy,452.0,91.71615189935842,92.86473213590475,632.8136380997545,1675.8067082753666,67.51682177568827,38.34113272229331,8.21518494338105,0.23228036779847788,13.003809282962356,19.99932817031235,0.6568455742662281,3000.0,-4.5,0.55,none,0.0,
endurance,14,healthy,453.0,91.70218753273102,91.69591504451019,627.6738342190906,1677.7433582350743,66.65726779698541,38.42565572641029,8.21518494338105,0.10775763411665407,12.926108634670024,20.027519553047068,0.6569308930552299,3000.0,-4.5,0.55,none,0.0,
endurance,14,healthy,454.0,91.68855565102332,91.93913239584055,625.410446504314,1679.4187246973713,67.79777061064672,38.68445931089784,8.21518494338105,0.25789401774944776,12.995133368964787,19.90317575174195,0.6570141804444936,3000.0,-4.5,0.55,none,0.0,
endurance,14,healthy,455.0,91.67524833792771,91.85003766542232,628.6000498088599,1678.4357470249824,67.42742776102165,37.31591583605429,8.21518494338105,0.254486233598921,12.935315280816738,19.873423262506634,0.6570954848006794,3000.0,-4.5,0.55,none,0.0,
endurance,14,healthy,456.0,91.66225786562009,92.15124780067184,626.5802851238738,1681.8174437333728,67.4644600792314,37.76205376982263,8.21518494338105,0.23268965681934597,12.946325677042386,20.043996816649965,0.6571748533388609,3000.0,-4.5,0.55,none,0.0,
endurance,14,healthy,457.0,91.64957669027217,90.87794512633361,628.1153341925485,1671.7700248739632,67.21535209846887,39.29642313888851,8.21518494338105,0.23397530855507337,13.011264468827937,20.085204800889198,0.6572523321499428,3000.0,-4.5,0.55,none,0.0,
endurance,14,healthy,458.0,91.63719744767063,92.04346074587222,627.0754563247712,1685.5836497544938,67.24148058300094,38.55654753989776,8.21518494338105,0.12522378630802242,13.01501030734049,19.983944485461876,0.6573279662274276,3000.0,-4.5,0.55,none,0.0,
endurance,14,healthy,459.0,91.62511294894055,92.0001416471446,629.0512440604496,1688.0383785890408,67.87084899663478,37.98658851285639,8.21518494338105,0.18108840596803635,12.952511486602308,19.883804328739405,0.6574017994935437,3000.0,-4.5,0.55,none,0.0,
endurance,14,healthy,460.0,91.61331617637072,91.60091321604428,634.6526342809601,1673.6772559072624,67.40323083626456,38.561195677613476,8.21518494338105,0.265880132076687,13.033495964103318,19.647738826163195,0.6574738748247523,3000.0,-4.5,0.55,none,0.0,
endurance,14,healthy,461.0,91.60180027933826,92.05091449654357,628.918391498917,1676.6556817210114,67.3453548327387,37.16912692608801,8.21518494338105,0.25167201404204986,13.034011510807327,20.093607189255124,0.6575442340766463,3000.0,-4.5,0.55,none,0.0,
endurance,14,healthy,462.0,91.59055857033039,91.41618380905194,633.9539348250166,1676.073413405631,67.1534699099882,37.78505145285638,8.21518494338105,0.181099851394571,13.084151382888226,20.050808015308263,0.6576129181082572,3000.0,-4.5,0.55,none,0.0,
endurance,14,healthy,463.0,91.5795845210608,91.72950496537744,631.6857936815852,1677.3431545768224,67.61945986979876,38.285458342526894,8.21518494338105,0.16663295904610637,13.078621714778455,20.03476728206021,0.6576799668057821,3000.0,-4.5,0.55,none,0.0,
endurance,14,healthy,464.0,91.56887175867857,91.24962968756886,634.1623265767232,1677.5379672536951,68.01430282178391,37.49860891257317,8.21518494338105,0.1530545757234064,12.88958139166938,19.761973752121744,0.6577454191057469,3000.0,-4.5,0.55,none,0.0,
endurance,14,healthy,465.0,91.55841406206736,91.12386902931806,630.7871490703359,1683.5353753872955,67.53337274134635,38.29265198003663,8.21518494338105,0.13847377459945256,13.001936861654935,19.934571600432292,0.6578093130176172,3000.0,-4.5,0.55,none,0.0,
endurance,14,healthy,466.0,91.5482053582326,91.49160839463747,632.082506393052,1678.5840485903534,67.43463472831934,37.711825415988876,8.21518494338105,0.11088520851574446,13.037113975915041,20.236733143245107,0.6578716856458717,3000.0,-4.5,0.55,none,0.0,
endurance,14,healthy,467.0,91.53823971877486,91.35169468692293,632.2888862404828,1679.5531010762,67.50441042755007,37.21791536736215,8.21518494338105,0.11698611989440974,13.006101631791557,20.139273523474365,0.6579325732115486,3000.0,-4.5,0.55,none,0.0,
endurance,14,healthy,468.0,91.52851135644707,91.68739177535716,625.5533213047212,1674.8232549975983,67.53597516177335,37.83138031498947,8.21518494338105,0.18745979474442565,13.013437863186454,19.794894102289508,0.6579920110732809,3000.0,-4.5,0.55,none,0.0,
endurance,14,healthy,469.0,91.51901462179374,92.18153590424798,634.4784339085695,1686.2593860946056,66.61829618762522,38.29166630896434,8.21518494338105,0.20550591847673683,13.027833912045923,20.275077536124133,0.658050033747829,3000.0,-4.5,0.55,none,0.0,
endurance,14,healthy,470.0,91.50974399987027,92.49585806806186,631.4487523628304,1684.3996313813716,67.85045800901763,37.57808798698662,8.21518494338105,0.144897732157497,12.994378244309766,19.835911922675034,0.658106674930126,3000.0,-4.5,0.55,none,0.0,
endurance,14,healthy,471.0,91.5006941070402,90.04597722369094,626.6902777196228,1669.9783927541407,67.20008800946373,39.181084336044854,8.21518494338105,0.24863807655932735,13.040382013331845,19.855991602909032,0.6581619675128444,3000.0,-4.5,0.55,none,0.0,
endurance,14,healthy,472.0,91.49185968784894,91.12558345510868,622.0515859905674,1682.2052115994352,67.7420921423105,36.82619347815451,8.21518494338105,0.17168669364135247,13.04857546116116,19.624944282733857,0.6582159436054982,3000.0,-4.5,0.55,none,0.0,
endurance,14,healthy,473.0,91.48323561197176,91.48448792952072,625.8960350992713,1681.9368843047828,68.26425107134897,37.963812200340605,8.21518494338105,0.21309606130858263,13.03046351838288,19.6724789568481,0.6582686345530887,3000.0,-4.5,0.55,none,0.0,
endurance,14,healthy,474.0,91.47481687123452,91.31709258255131,628.4963659462375,1668.5710480661292,67.43361251955298,37.81264840333769,8.21518494338105,0.15388934114155484,13.070296087916468,20.061910157145345,0.6583200709543081,3000.0,-4.5,0.55,none,0.0,
endurance,14,healthy,475.0,91.46659857670531,91.254879933644,629.26324880626,1683.8742683875225,68.25166579562439,37.738869020295745,8.21518494338105,0.12931985660842,13.000362068773235,19.86753545739071,0.658370282679308,3000.0,-4.5,0.55,none,0.0,
endurance,14,healthy,476.0,91.45857595585537,90.31212257355128,625.7731400552384,1674.4514284124716,68.20616248702433,37.65886188036814,8.21518494338105,0.28732783672086265,12.99774177359617,19.899193799803037,0.658419298887046,3000.0,-4.5,0.55,none,0.0,
endurance,14,healthy,477.0,91.45074434978756,91.47562639186818,632.3493350429823,1678.1390337067528,67.82087184539569,37.966923034411046,8.21518494338105,0.3026804278865322,13.024124409065017,20.293963695754602,0.6584671480422187,3000.0,-4.5,0.55,none,0.0,
endurance,14,healthy,478.0,91.44309921053089,91.24195859548946,630.5380260550766,1682.0761958097462,67.76687976208497,37.87558439120968,8.21518494338105,0.2447958790148724,13.011029047899152,20.167471621191567,0.6585138579317922,3000.0,-4.5,0.55,none,0.0,
endurance,14,healthy,479.0,91.43563609839939,91.65573205746207,631.6358547499691,1677.2527775754932,67.27440949134909,37.256760297805535,8.21518494338105,0.17871070651186702,13.118219128651203,20.36011270355572,0.6585594556811376,3000.0,-4.5,0.55,none,0.0,
endurance,14,healthy,480.0,91.42835067941387,91.84771724545253,631.8656342841782,1680.257065081277,68.06943617360669,38.0124497232061,8.21518494338105,0.1836020947910192,13.032861361857934,19.843194939462474,0.6586039677697844,3000.0,-4.5,0.55,none,0.0,
endurance,14,healthy,481.0,91.42123872278515,91.38625913346497,626.0649690700743,1672.0818632642033,68.16926086452649,39.01148456160071,8.21518494338105,0.12010825571980262,12.94921939098523,19.851230817465567,0.6586474200467967,3000.0,-4.5,0.55,none,0.0,
endurance,14,healthy,482.0,91.41429609845711,91.27169021860684,629.1914831612853,1678.7556058425348,67.28627703729947,37.75501651269663,8.21518494338105,0.23737293386009034,12.994377213161805,20.41121193030704,0.6586898377457849,3000.0,-4.5,0.55,none,0.0,
endurance,14,healthy,483.0,91.40751877470832,91.50609123124124,628.3637045469602,1675.3574569994157,67.88932350845523,37.433476400921016,8.21518494338105,0.19603156220425855,13.093295829192535,19.951636048913983,0.6587312454995591,3000.0,-4.5,0.55,none,0.0,
endurance,14,healthy,484.0,91.40090281581068,91.25909967989222,624.1357456835755,1675.9709638375161,67.70709117352901,36.454605312006116,8.21518494338105,0.17328269681996789,13.070684499181562,19.99099829414091,0.6587716673544339,3000.0,-4.5,0.55,none,0.0,
endurance,14,healthy,485.0,91.39444437974394,91.55603085679692,632.7527430068661,1681.5345729817882,67.61321697380716,36.81355375352436,8.21518494338105,0.2595564570040452,13.016287596670356,19.940936028232638,0.6588111267841927,3000.0,-4.5,0.55,none,0.0,
endurance,14,healthy,486.0,91.38813971596451,91.31996848539747,630.9367058689207,1675.5071172931073,68.42145600446034,37.968887980514005,8.21518494338105,0.21052859465676127,13.0303385378314,19.966460937485735,0.658849646703719,3000.0,-4.5,0.55,none,0.0,
endurance,14,healthy,487.0,91.38198516322744,91.54846128507342,632.2514679158342,1680.5144552138536,67.82687023577513,38.08728838350771,8.21518494338105,0.21883108244073157,12.968762314175331,19.89464360458848,0.6588872494823044,3000.0,-4.5,0.55,none,0.0,
endurance,14,healthy,488.0,91.3759771474603,91.80672823943719,629.5863733733456,1669.303711093759,67.79604554566397,37.134210068078175,8.21518494338105,0.17483925237709502,12.94773536394947,19.852685214039298,0.6589239569566376,3000.0,-4.5,0.55,none,0.0,
endurance,14,healthy,489.0,91.37011217968762,90.83126520427362,628.5072845303046,1677.288527058882,67.85182090400939,37.20852831571431,8.21518494338105,0.12908427219041452,13.025276994240842,20.104168951858302,0.6589597904434868,3000.0,-4.5,0.55,none,0.0,
endurance,14,healthy,490.0,91.36438685400476,91.54425634592435,628.2774850792551,1676.3002613154945,67.85120298209726,36.297497774909786,8.21518494338105,0.10825049573719096,13.039851735948385,19.838029899498405,0.6589947707520777,3000.0,-4.5,0.55,none,0.0,
endurance,14,healthy,491.0,91.35879784560007,90.92322844224645,630.8503557174297,1680.5709905386348,67.85934626051781,36.63277537796552,8.21518494338105,0.2725565457680045,13.057419695451117,19.859379263318434,0.6590289181961783,3000.0,-4.5,0.55,none,0.0,
endurance,14,healthy,492.0,91.35334190882405,91.91406297491261,634.9010925387294,1668.7959330045674,67.638256823583,36.81576682616017,8.21518494338105,0.12171195482229408,13.034666680365621,20.20635064911952,0.6590622526058956,3000.0,-4.5,0.55,none,0.0,
endurance,14,healthy,493.0,91.34801587530461,91.78858322960934,628.8856714666908,1679.8898559548313,67.59354723772631,36.80876657579679,8.21518494338105,0.22249215666923014,13.074956329557999,19.748563611276214,0.659094793339191,3000.0,-4.5,0.55,none,0.0,
endurance,14,healthy,494.0,91.34281665210706,90.9541535204292,627.98256212355,1688.9996781014718,67.60736345660389,37.46155186640154,8.21518494338105,0.16107223326646644,12.953947476261586,20.06827091663734,0.6591265592931221,3000.0,-4.5,0.55,none,0.0,
endurance,14,healthy,495.0,91.33774121993802,91.04238402357005,631.553216072588,1688.3585324522587,67.11215966311612,37.41753517339731,8.21518494338105,0.11558540827597909,13.015701205906312,19.87697596145391,0.659157568914817,3000.0,-4.5,0.55,none,0.0,
endurance,14,healthy,496.0,91.33278663139205,90.94169140203005,630.3126311987336,1680.3499939484093,68.0971614466375,36.55738080983843,8.21518494338105,0.2233434898256067,12.94982944496255,19.69132250620897,0.6591878402121857,3000.0,-4.5,0.55,none,0.0,
endurance,14,healthy,497.0,91.32795000924004,91.92855899559781,636.1148306213897,1676.2344053422476,67.935129323423,37.39401495516975,8.21518494338105,0.16191709923623784,13.011523627620482,20.15976192372532,0.6592173907643789,3000.0,-4.5,0.55,none,0.0,
endurance,14,healthy,498.0,91.32322854475831,90.9862868390714,626.8139251935513,1673.5008729589522,68.43166429997902,36.81813550071603,8.21518494338105,0.18798294319773093,13.115819725463952,19.734324959068616,0.6592462377319962,3000.0,-4.5,0.55,none,0.0,
endurance,14,healthy,499.0,91.31861949609758,90.38400296800283,625.9567407485811,1676.4742161969084,68.16419943022206,37.25422955762231,8.21518494338105,0.2229199751347406,13.03195842690959,20.37069886141143,0.6592743978670511,3000.0,-4.5,0.55,none,0.0,
endurance,14,healthy,500.0,91.31412018669067,91.21952885435182,633.6034890199977,1679.7022186183053,67.74988693212185,37.35954237372142,8.21518494338105,0.23460106919735169,13.011153210184672,19.646322610799427,0.6593018875226999,3000.0,-4.5,0.55,none,0.0,
endurance,14,healthy,501.0,91.30972800369821,89.83472055936558,629.4148043933709,1672.18267623975,68.34960834069892,36.687896969823974,8.21518494338105,0.21132005177591143,13.049961371454648,20.0269576580421,0.6593287226627381,3000.0,-4.5,0.55,none,0.0,
endurance,14,healthy,502.0,91.30544039649129,91.00086233187973,634.0428083773191,1673.9654923735097,68.21599746855948,37.50815006782708,8.21518494338105,0.18527273019806334,12.926422661377817,20.250411401790966,0.6593549188708707,3000.0,-4.5,0.55,none,0.0,
endurance,14,healthy,503.0,91.30125487517024,92.1361914789253,626.7389764444404,1670.8500692701418,67.18594691457837,37.29622647367739,8.21518494338105,0.223862181604244,13.11178160040528,19.979798435607893,0.659380491359762,3000.0,-4.5,0.55,none,0.0,
endurance,14,healthy,504.0,91.29716900911875,90.99148902688682,633.4566117538986,1670.4870210909312,67.59131469462183,37.13008710404826,8.21518494338105,0.14871139106055736,13.033053616369731,19.732131475010593,0.65940545497987,3000.0,-4.5,0.55,none,0.0,
endurance,14,healthy,505.0,91.29318042559228,91.01320133424746,630.6516386272406,1664.5194202755151,66.49597884082692,36.6659464380969,8.21518494338105,0.08306991623646816,13.018090086785511,20.018430586124556,0.6594298242280708,3000.0,-4.5,0.55,none,0.0,
endurance,14,healthy,506.0,91.28928680834026,91.69761766688616,629.1280944488088,1674.5321053455048,66.72062235151695,36.8656335729585,8.21518494338105,0.2610902398472945,13.006905485276764,19.816088027377845,0.6594536132560764,3000.0,-4.5,0.55,none,0.0,
endurance,14,healthy,507.0,91.28548589626091,91.7799217244823,630.6838362719953,1687.3245324480592,68.24038532113096,36.42012480349692,8.21518494338105,0.13591406481463947,12.976915156830215,20.1080039808178,0.6594768358786532,3000.0,-4.5,0.55,none,0.0,
endurance,14,healthy,508.0,91.28177548208821,91.40686790167904,627.087801867417,1670.0268006845108,67.47902109562375,36.53775404138436,8.21518494338105,0.23454257657907462,13.037665174138912,19.926536430729488,0.6594995055816448,3000.0,-4.5,0.55,none,0.0,
endurance,14,healthy,509.0,91.2781534111101,91.46155087014485,630.2530814703416,1677.6547481832984,67.31618115344928,36.45713276834325,8.21518494338105,0.1714813175409834,13.012840416161495,19.98391457211631,0.6595216355298034,3000.0,-4.5,0.55,none,0.0,
endurance,14,healthy,510.0,91.27461757991718,90.53074510246566,630.3707666843179,1677.5028830706221,67.55694353512605,36.40052608573383,8.21518494338105,0.14511621801728902,13.015212816779824,20.1383571688594,0.6595432385744343,3000.0,-4.5,0.55,none,0.0,
endurance,14,healthy,511.0,91.27116593518123,92.28794307948843,629.841774246961,1677.8872903109548,67.14568928386622,37.063543890103105,8.21518494338105,0.20791340476357803,12.994231167582528,20.002308907655795,0.6595643272608598,3000.0,-4.5,0.55,none,0.0,
endurance,14,healthy,512.0,91.2677964724628,91.15264727399773,632.0978867239821,1672.2549603362238,68.1604790433637,36.74183199181198,8.21518494338105,0.24744569846511347,13.067598230846487,20.076336221850404,0.6595849138357037,3000.0,-4.5,0.55,none,0.0,
endurance,14,healthy,513.0,91.2645072350472,91.20099663690596,625.9207029053213,1676.7575334475894,67.01973103930887,36.93941957069211,8.21518494338105,0.24243926856947481,12.99211532606732,20.08193353052511,0.6596050102540036,3000.0,-4.5,0.55,none,0.0,
endurance,14,healthy,514.0,91.26129631280817,90.90099156668023,630.9131798648914,1683.0268980343042,67.5956549643493,36.54674210919254,8.21518494338105,0.17899755710618048,12.989915486227629,20.105245192988626,0.6596246281861535,3000.0,-4.5,0.55,none,0.0,
endurance,14,healthy,515.0,91.25816184109863,91.35711255904971,626.183600796632,1675.674938238298,67.47481595504766,36.58819150286609,8.21518494338105,0.21794604490913494,12.997255319783351,19.814274980691284,0.659643779024681,3000.0,-4.5,0.55,none,0.0,
endurance,14,healthy,516.0,91.25510199966789,91.38704868571254,630.1895221376852,1671.9257819214815,68.09959284085635,36.37212538196399,8.21518494338105,0.20007053080983522,12.976938025386566,20.048339503956537,0.6596624738908624,3000.0,-4.5,0.55,none,0.0,
endurance,14,healthy,517.0,91.25211501160454,91.0081394677069,630.4764389567434,1669.31768093721,68.41694413468555,36.427170763056324,8.21518494338105,0.21030865228123855,13.066342184786075,20.20935627365431,0.6596807236411824,3000.0,-4.5,0.55,none,0.0,
endurance,14,healthy,518.0,91.24919914230462,91.72251962357774,627.7656015211238,1682.7388947474808,67.096291913078,36.99086862578634,8.21518494338105,0.20449874922615496,12.988557603768863,19.96692570378207,0.6596985388736376,3000.0,-4.5,0.55,none,0.0,
endurance,14,healthy,519.0,91.24635269846421,91.48177250426535,627.1193940847224,1679.8596583778663,67.62998709972497,36.30257703686224,8.21518494338105,0.32171577671311025,12.998688714250047,20.062559462253663,0.6597159299338916,3000.0,-4.5,0.55,none,0.0,
endurance,14,healthy,520.0,91.24357402709619,90.94188967366622,631.0546293352404,1678.7723257629602,67.14923865763069,36.576674354599554,8.21518494338105,0.22652441267308043,13.012195145833772,20.058518156030257,0.6597329069212824,3000.0,-4.5,0.55,none,0.0,
endurance,14,healthy,521.0,91.24086151457027,92.00124547589245,626.37548750814,1678.7466245277726,67.34610299674924,37.79738397357334,8.21518494338105,0.13628783263891864,12.968320703308072,19.964187998300755,0.6597494796946876,3000.0,-4.5,0.55,none,0.0,
endurance,14,healthy,522.0,91.23821358567592,92.19376484683846,628.8247876251932,1676.5792792205393,67.78814175760388,36.67355326273639,8.21518494338105,0.09845706663081787,13.045633895385999,20.03482396911196,0.6597656578782498,3000.0,-4.5,0.55,none,0.0,
endurance,14,healthy,523.0,91.23562870270763,91.06058586367732,628.541379532505,1685.1783769591175,67.70817414370264,37.330984683325795,8.21518494338105,0.2606747824578559,12.967581194546964,20.255746907049488,0.6597814508669654,3000.0,-4.5,0.55,none,0.0,
endurance,14,healthy,524.0,91.23310536457191,91.65493541911717,631.6941413808727,1667.3663507797735,66.642158371652,35.952781275439776,8.21518494338105,0.16376614839224907,13.064774903309413,20.258496688378944,0.6597968678321401,3000.0,-4.5,0.55,none,0.0,
endurance,14,healthy,525.0,91.23064210591562,91.53567327414451,631.585836074337,1692.0041933964787,68.08461669233333,36.36036356934239,8.21518494338105,0.2292405000097008,13.013004050651668,19.384973232612314,0.6598119177267153,3000.0,-4.5,0.55,none,0.0,
endurance,14,healthy,526.0,91.22823749627496,90.52998470454119,626.9234280826877,1688.1762581009873,67.08762605421914,37.54015436193049,8.21518494338105,0.1643752699485169,13.015572757418918,20.163557396253903,0.6598266092904674,3000.0,-4.5,0.55,none,0.0,
endurance,14,healthy,527.0,91.22589013924478,90.89678068720555,633.515309716112,1683.2481341934306,67.90780790279145,36.790907321554386,8.21518494338105,0.18400688903198076,13.021136238908072,20.096393077351905,0.6598409510550826,3000.0,-4.5,0.55,none,0.0,
endurance,14,healthy,528.0,91.2235986716677,90.8963979458924,627.1179316974581,1667.3962153339237,67.74741755293766,36.84617400230987,8.21518494338105,0.19501945142730395,13.065827887116845,19.542996964641,0.6598549513491115,3000.0,-4.5,0.55,none,0.0,
endurance,14,healthy,529.0,91.22136176284246,91.66076407634458,627.9808223426647,1673.1868087735947,67.93045028200629,36.45279219170206,8.21518494338105,0.1691683319201504,12.991280711203196,20.033171014880516,0.6598686183028066,3000.0,-4.5,0.55,none,0.0,
endurance,14,healthy,530.0,91.21917811375116,91.54978406849608,623.9086601789733,1665.8657341211497,68.02566924299082,37.06974888939708,8.21518494338105,0.20412006279817344,13.023868200540548,19.868469390443394,0.6598819598528421,3000.0,-4.5,0.55,none,0.0,
endurance,14,healthy,531.0,91.21704645630489,91.13996643028989,627.2708299675069,1670.761857809973,67.83960837677506,36.690551738336275,8.21518494338105,0.15889750952456766,12.911793745854165,20.43765855820163,0.6598949837469246,3000.0,-4.5,0.55,none,0.0,
endurance,14,healthy,532.0,91.21496555260732,90.8825989903117,627.2488956346232,1674.155641097909,67.48188198038144,35.944738169932556,8.21518494338105,0.2746374402388498,13.098109864386169,20.132790515377295,0.6599076975482907,3000.0,-4.5,0.55,none,0.0,
endurance,14,healthy,533.0,91.2129341942359,90.99338592425313,631.1106154908803,1677.2299911828122,67.35117943185034,36.99970121086852,8.21518494338105,0.24151265608980022,13.07727938217369,20.152849501884425,0.6599201086401005,3000.0,-4.5,0.55,none,0.0,
endurance,14,healthy,534.0,91.21095120153998,91.60520256313131,631.8399918096562,1666.460083359235,67.87095163545095,36.972418562777264,8.21518494338105,0.14957066889316575,12.970686059806413,19.81348661625328,0.6599322242297243,3000.0,-4.5,0.55,none,0.0,
endurance,14,healthy,535.0,91.20901542295587,91.40972039469742,630.0454402140275,1680.3235622275795,66.52384518157552,36.83522418636377,8.21518494338105,0.24097284179933212,12.985070373024746,20.236305794275623,0.6599440513529287,3000.0,-4.5,0.55,none,0.0,
endurance,14,healthy,536.0,91.20712573433805,91.45304237838062,631.391509973953,1672.754717585699,67.66279897930713,36.702471277415995,8.21518494338105,0.10408143217353066,12.994726083813546,20.42297503117188,0.6599555968779613,3000.0,-4.5,0.55,none,0.0,
endurance,14,healthy,537.0,91.20528103830637,92.24234610144146,631.6470541647654,1677.1705139135938,67.34661250658951,36.828264593571426,8.21518494338105,0.20886169969905918,13.068665715324597,20.22576472528112,0.659966867509541,3000.0,-4.5,0.55,none,0.0,
endurance,14,healthy,538.0,91.20348026360878,91.9241087775007,629.4300883004358,1674.7681464251839,67.7301748167341,36.15675658410065,8.21518494338105,0.20903233106194735,12.991871642013239,20.191270500208812,0.6599778697927496,3000.0,-4.5,0.55,none,0.0,
endurance,14,healthy,539.0,91.20172236449923,91.51166692873079,632.1237902561198,1672.0300286060383,68.27444865211466,37.56285181482515,8.21518494338105,0.19468757122042682,12.980221932890485,20.061304772032862,0.6599886101168341,3000.0,-4.5,0.55,none,0.0,
endurance,14,healthy,540.0,90.9601580054836,91.61024728411289,625.9502183056845,1629.932344099414,66.9820952485351,37.243096625849844,6.52384381200299,0.24087122196750366,13.002626723546065,19.925283351480793,0.6614645079593298,3000.0,-4.5,0.45,none,0.0,
endurance,14,healthy,541.0,90.70507341637787,91.12299239808317,633.2883379136158,1592.5410429918286,66.01224805250943,35.78136860068563,6.387944902103205,0.14545969088534716,13.018212411079105,19.904302814133622,0.6630230110276185,3000.0,-4.5,0.45,none,0.0,
endurance,14,healthy,542.0,90.44281293318716,90.64975235227628,626.387736339413,1570.9724418979254,66.83280532413866,37.348791139955104,6.294514401547102,0.0856783256777473,12.950895265647194,20.02449388465093,0.6646253570147931,3000.0,-4.5,0.45,none,0.0,
endurance,14,healthy,543.0,90.1776878282459,90.02075283287505,624.445912624272,1550.6957621901697,66.68197815488797,35.27774844457919,6.2302809324147805,0.15880263592176208,12.786044510787077,20.154033106584123,0.666245205124708,3000.0,-4.5,0.45,none,0.0,
endurance,14,healthy,544.0,89.91261284401179,89.69272275670977,624.4573829451277,1538.1967779210393,66.12917040327379,36.74653323690867,6.186120422386311,0.10681180691243657,12.983609380369508,19.98874694973793,0.6678647470096323,3000.0,-4.5,0.45,none,0.0,
endurance,14,healthy,545.0,89.64954378144449,90.00811091034485,630.4610717525431,1523.8152519351715,66.88569518280264,36.36496517382292,6.155760071741738,0.2401993547670086,12.89177353084519,19.9504975419901,0.6694720332146529,3000.0,-4.5,0.45,none,0.0,
endurance,14,healthy,546.0,89.38977831409233,89.24298976549228,629.2593767393769,1534.7324872998731,66.8231160693119,35.945823429992366,6.134887330673593,0.2234989995640638,12.930088427467094,20.506114033598514,0.6710591352788078,3000.0,-4.5,0.45,none,0.0,
endurance,14,healthy,547.0,89.1341627705181,88.81758553034638,626.2972391193304,1526.4687631859153,65.89364288089946,36.10422089756529,6.120537321189245,0.18977610991339203,12.90606340532914,20.016915324843342,0.6726208823461604,3000.0,-4.5,0.45,none,0.0,
endurance,14,healthy,548.0,88.88323427060718,89.28408465888079,632.039428994318,1518.7741542369083,65.51935271987621,35.097195386787405,6.110671689668753,0.2748387234044921,12.878824279689065,19.866044844255907,0.6741539927484911,3000.0,-4.5,0.45,none,0.0,
endurance,14,healthy,549.0,88.63731841830294,88.18283148730993,626.1110544439664,1518.1355748957858,65.15500093199725,35.67206885791684,6.103889067998417,0.2508352449752625,12.928187140216423,20.079036389777713,0.675656477127107,3000.0,-4.5,0.45,none,0.0,
endurance,14,healthy,550.0,88.39659644000486,89.00127576042783,630.4638786147755,1525.1173950481377,65.73621589823844,36.71540516536654,6.09922601560006,0.28904824473488033,12.898259412428706,19.754185706703566,0.6771272282340136,3000.0,-4.5,0.45,none,0.0,
endurance,14,healthy,551.0,88.16115131746312,87.73936799714659,627.023906085012,1516.010345436531,67.42620353495504,36.12066008571365,6.09602016707619,0.15221373765174662,12.933946499363309,20.200420605214635,0.678565739071463,3000.0,-4.5,0.45,none,0.0,
endurance,14,healthy,552.0,87.93099947997916,87.09811688896158,628.1215821121237,1529.5124451275117,66.07000656186119,35.67153893165035,6.093816146216029,0.08934772721760642,12.862518384647036,20.23287455553984,0.6799719092605306,3000.0,-4.5,0.45,none,0.0,
endurance,14,healthy,553.0,87.70611256920425,87.08439492355824,627.1280140668117,1513.2276842502881,65.7446100854629,34.2546992934234,6.09230088187467,0.2225454274390132,12.988955994048267,20.39991137593401,0.6813459120636377,3000.0,-4.5,0.45,none,0.0,
endurance,14,healthy,554.0,87.48643237941096,87.72920526134322,628.7694220468434,1525.4745772701763,66.73134087509908,35.52032197606447,6.091259137639984,0.1751798485654876,12.94123141765608,19.935994951926563,0.6826881031032273,3000.0,-4.5,0.45,none,0.0,
endurance,14,healthy,555.0,87.27188110645052,88.11369013142313,626.9320248077942,1527.1633017499705,65.9462577711085,35.54824784138407,6.090542938478639,0.3140462488589151,12.896848048165511,19.785786442667202,0.6839989577431973,3000.0,-4.5,0.45,none,0.0,
endurance,14,healthy,556.0,87.0623683719669,86.75157463741215,621.438952522955,1522.9867916674118,67.21027799089454,35.551204525889084,6.090050551555212,0.23865342144706037,12.967361573129464,20.024395760584863,0.6852790281727086,3000.0,-4.5,0.45,none,0.0,
endurance,14,healthy,557.0,86.85779603112236,86.92074669474768,625.8953530467533,1519.6715903734732,67.3340624057907,35.84691272323625,6.089712035545357,0.17778154015345202,12.835168957931815,19.66964336000008,0.6865289140321834,3000.0,-4.5,0.45,none,0.0,
endurance,14,healthy,558.0,86.65806145699725,87.23893466563563,623.4394692057393,1517.8634681459555,65.9284024514038,35.44095974373683,6.089479305788581,0.16461829500250255,12.932737390066052,19.741261276223355,0.6877492423464444,3000.0,-4.5,0.45,none,0.0,
endurance,14,healthy,559.0,86.46305977820111,86.36861798624534,619.8780444224409,1520.743593255921,66.83900963688065,35.36160287244151,6.089319304080798,0.16552453655481367,12.927320224707218,20.077073334028945,0.688940653853469,3000.0,-4.5,0.45,none,0.0,
endurance,14,healthy,560.0,86.27268539730284,86.21403861209423,624.6926042945213,1516.8188774041332,65.68676600843325,34.578363168687005,6.089209302906697,0.16279549691536327,12.962837699594976,19.84981196888526,0.6901037937271622,3000.0,-4.5,0.45,none,0.0,
endurance,14,healthy,561.0,86.08683301529804,86.05015182791756,626.3171389681432,1522.240466916157,66.0394291560357,35.606094030496074,6.089133677099502,0.232234935891407,12.854529584882352,19.593464554220784,0.6912393053181161,3000.0,-4.5,0.45,none,0.0,
endurance,14,healthy,562.0,85.90539831694055,86.49088047210417,624.1743690960772,1521.9929767195529,66.77044401171477,35.450034905186,6.0890816843570565,0.21021378452959816,12.910030802447524,20.072907603220756,0.6923478259664058,3000.0,-4.5,0.45,none,0.0,
endurance,14,healthy,563.0,85.72827842336984,85.71902230225336,620.9485741383578,1530.1329715081308,66.15157145478523,35.395949135582164,6.089045939346625,0.33253099322197255,12.943434431362283,20.104649740345998,0.6934299842361493,3000.0,-4.5,0.45,none,0.0,
endurance,14,healthy,564.0,85.555372185196,86.53986907843392,623.8435661060523,1523.394379141186,66.0091695100958,36.337732893995096,6.089021364651953,0.2750471179193839,12.915412758359833,19.992048398814248,0.6944863981248319,3000.0,-4.5,0.45,none,0.0,
endurance,14,healthy,565.0,85.38658036632998,86.05645880334006,627.3800697546081,1528.4913639309618,66.74938635926344,34.43471317532536,6.0890044695493675,0.2667578313354109,12.808719678225444,19.838885113791726,0.6955176739401487,3000.0,-4.5,0.45,none,0.0,
endurance,14,healthy,566.0,85.22180575312193,85.85385619579839,621.1790762217,1513.2056116607264,66.71412084722168,35.08906035865764,6.088992854166338,0.21821947442822892,12.880179710935613,20.040461151516528,0.6965244056331966,3000.0,-4.5,0.45,none,0.0,
endurance,14,healthy,567.0,85.0609532125594,85.44909793630892,621.584194389657,1515.6981643645875,66.27277937777002,34.701768367521524,6.088984868590506,0.21050465314525788,12.938569306465007,19.833735426076036,0.6975071744428984,3000.0,-4.5,0.45,none,0.0,
endurance,14,healthy,568.0,84.903929715845,86.1240223307633,621.7715344366378,1514.250999360684,65.58456143639606,34.86617284870154,6.088979378507123,0.24774565917113645,12.88167114166779,20.04835293867429,0.6984665487519492,3000.0,-4.5,0.45,none,0.0,
endurance,14,healthy,569.0,84.75064433856373,85.4449585369699,621.8500477896412,1524.4383439115047,66.15002992318934,34.925475982433696,6.088975604074795,0.21984278369947177,12.881943519937453,20.496808910812582,0.6994030840857935,3000.0,-4.5,0.45,none,0.0,
endurance,14,healthy,570.0,84.60100824513776,85.02164463347064,618.8734169001254,1514.8590730322367,67.4983651195085,33.632976589622345,6.08897300915257,0.13800492002368908,12.912970507889616,19.874294225451457,0.7003173232076029,3000.0,-4.5,0.45,none,0.0,
endurance,14,healthy,571.0,84.45493466285147,84.53154856199443,618.4697098792037,1516.876029082643,67.32744737683926,34.9912003654173,6.088971225143539,0.2274776866372574,12.904828917596946,19.760156364359506,0.7012097962769765,3000.0,-4.5,0.45,none,0.0,
endurance,14,healthy,572.0,84.31233884907029,84.0370225441482,617.8855963397779,1522.282986992055,66.51341977222809,34.847090961941944,6.088969998637332,0.22845107941176315,12.873994922258062,19.69156948239548,0.7020810210502262,3000.0,-4.5,0.45,none,0.0,
endurance,14,healthy,573.0,84.17313805413539,84.38038246027998,623.082716913884,1528.196619409342,65.89617171008584,34.915177646095046,6.088969155414315,0.20109374639801395,12.834088524849571,20.13555420356359,0.7029315031070796,3000.0,-4.5,0.45,none,0.0,
endurance,14,healthy,574.0,84.03725148163257,83.84494031575373,618.0918135560125,1533.1002670126531,65.57657221647096,35.061410313559634,6.088968575698489,0.20111329479240558,12.842761940446602,19.929757336789727,0.7037617360934287,3000.0,-4.5,0.45,none,0.0,
endurance,14,healthy,575.0,83.9046002471943,83.43827882859077,618.7901348559366,1519.7137349290297,66.89530776482513,33.22539191311144,6.08896817714386,0.19360348682511785,12.949490405276023,19.9728380904914,0.7045722019730379,3000.0,-4.5,0.45,none,0.0,
endurance,14,healthy,576.0,83.77510733662403,83.69683877293353,619.9289650279412,1518.100962104469,65.43450787043825,34.497791961884325,6.088967903137552,0.13812010561454063,12.819401013931305,19.937992470402687,0.7053633712833947,3000.0,-4.5,0.45,none,0.0,
endurance,14,healthy,577.0,83.64869756387716,82.9000540417935,617.916245530867,1516.5382350576858,66.72155208645334,34.949968564264566,6.0889677147582155,0.1295788064442666,12.87829569743902,20.086971506407714,0.7061357033924348,3000.0,-4.5,0.45,none,0.0,
endurance,14,healthy,578.0,83.52529752925841,82.62512071417552,618.1485374412663,1518.934252620329,66.28723390716581,33.538796533677925,6.088967585247423,0.21870467905513916,12.913706701274604,20.30198813666939,0.7068896467539467,3000.0,-4.5,0.45,none,0.0,
endurance,14,healthy,579.0,83.40483557807548,83.88930440819185,618.8628534577259,1518.4048608266403,66.88608330430478,34.103643125255196,6.088967496208751,0.23246441039719412,13.014993981568773,20.36620138856687,0.7076256391601866,3000.0,-4.5,0.45,none,0.0,
endurance,14,healthy,580.0,83.28724175990664,83.08056595101246,616.9407159107033,1521.3221093659452,66.50520670804393,33.64112469995391,6.0889674349946645,0.24526268844494958,12.820924164017582,20.077715691239597,0.7083441079907438,3000.0,-4.5,0.45,none,0.0,
endurance,14,healthy,581.0,83.17244778858333,84.06789143499746,615.6764771751174,1524.2784905046751,66.26030356901019,34.36921188837985,6.0889673929099795,0.23622265542737672,12.755955145284203,19.779930846737926,0.7090454704570364,3000.0,-4.5,0.45,none,0.0,
endurance,14,healthy,582.0,83.06038700295042,83.51513248170778,615.0845598712652,1512.9368142688884,65.60342416307589,33.407429279822324,6.088967363976759,0.251849904988648,12.830674728019405,19.868201263627295,0.709730133842057,3000.0,-4.5,0.45,none,0.0,
endurance,14,healthy,583.0,82.95099432844033,83.08428023166576,618.3399701779374,1516.2752407665118,66.7505098946537,33.766526317841766,6.088967344085171,0.1953353092108845,12.917652049914752,20.11387867168394,0.7103984957351449,3000.0,-4.5,0.45,none,0.0,
endurance,14,healthy,584.0,82.84420623947926,82.94218404558866,615.2784783938372,1520.2901604314459,66.18700185487103,34.173181525071634,6.088967330409703,0.20480078205918462,12.955322679928907,19.84265153388832,0.7110509442616749,3000.0,-4.5,0.45,none,0.0,
endurance,14,healthy,585.0,82.73996072273162,82.21617971833288,618.2910972460651,1514.722516575337,66.37140819825322,33.40035229635326,6.08896732100782,0.17585431904573326,12.928052715525252,20.015794245924308,0.7116878583076237,3000.0,-4.5,0.45,none,0.0,
endurance,14,healthy,586.0,82.63819724118039,81.94570030282023,618.0378809322117,1509.4254723701602,67.1849394593132,32.85714435471187,6.088967314544025,0.14719873380951043,12.957204044257628,20.25179688703165,0.7123096077390314,3000.0,-4.5,0.45,none,0.0,
endurance,14,healthy,587.0,82.5388566990359,82.2418130487851,619.9440211724542,1517.4203734868486,66.8568839247915,34.3118231866386,6.088967310100166,0.24509718858549806,12.861660381419359,19.650852997718342,0.7129165536163987,3000.0,-4.5,0.45,none,0.0,
endurance,14,healthy,588.0,82.44188140746161,83.43977784957161,616.4696983126781,1521.656921880836,66.19051847056446,32.14657939829622,6.088967307045014,0.17006238904948529,12.888261827675079,20.048302125898722,0.7135090484040947,3000.0,-4.5,0.45,none,0.0,
endurance,14,healthy,589.0,82.34721505110313,81.68594683804402,615.4385360524225,1512.138483230988,66.5138673752073,34.1575456700625,6.088967304944595,0.20561690767300053,12.927225991195986,20.1678653021727,0.7140874361748559,3000.0,-4.5,0.45,none,0.0,
endurance,14,healthy,590.0,82.25480265540556,81.95483497288801,614.5599436911068,1519.8863996399318,66.44343259391172,34.414398049922774,6.088967303500558,0.11017911174923542,12.960708274761236,19.652678231296473,0.7146520528094693,3000.0,-4.5,0.45,none,0.0,
endurance,14,healthy,591.0,82.16459055470285,82.52872913582897,616.4996851481122,1516.9767091818367,66.04861143746623,34.21875256418067,6.088967302507783,0.17094859044705957,12.85417265698312,19.85620142951738,0.7152032261917376,3000.0,-4.5,0.45,none,0.0,
endurance,14,healthy,592.0,82.07652636106295,82.49160043759012,615.475255613162,1517.5433800954704,66.17656084587013,33.400658585583436,6.088967301825248,0.13183729059188098,12.95439730194106,20.24265406820682,0.7157412763988289,3000.0,-4.5,0.45,none,0.0,
endurance,14,healthy,593.0,81.99055893387172,81.95950232331573,621.092572194867,1527.6187144048354,66.82515836383455,33.43030266819328,6.088967301356006,0.13822933695353531,12.875578028277253,19.598614776849402,0.7162665158871105,3000.0,-4.5,0.45,none,0.0,
endurance,14,healthy,594.0,81.90663835013932,81.40614211836613,613.9034123627299,1520.7679840710355,65.82797407737787,33.98804616701174,6.088967301033402,0.2494194867595001,12.932792951406027,19.663014670660328,0.7167792496735697,3000.0,-4.5,0.45,none,0.0,
endurance,14,healthy,595.0,81.82471587551194,80.52986255221602,610.5118346524474,1521.417073937019,66.09879142008742,34.41564093079119,6.088967300811614,0.1960081394880941,12.911254536479758,20.18938421635818,0.7172797755129243,3000.0,-4.5,0.45,none,0.0,
endurance,14,healthy,596.0,81.74474393597312,82.03871077122028,615.0345968711212,1527.4278462564955,67.43666099259143,33.02790265968448,6.0889673006591325,0.23610220861644252,12.918833693084844,20.133800804802163,0.7177683840705216,3000.0,-4.5,0.45,none,0.0,
endurance,14,healthy,597.0,81.66667609021798,81.73543485888716,611.2525310369302,1527.9155209166763,66.53384976805754,34.03086720088536,6.088967300554303,0.29923927085368807,12.916800669088135,19.788517803381026,0.718245359091124,3000.0,-4.5,0.45,none,0.0,
endurance,14,healthy,598.0,81.59046700268487,81.67432307478548,615.5616528643451,1520.708005482649,66.50536407719122,33.86631059893722,6.088967300482231,0.15602266870434206,12.902141568446536,20.25929833376265,0.7187109775636794,3000.0,-4.5,0.45,none,0.0,
endurance,14,healthy,599.0,81.51607241722887,81.89540882046147,617.3589663538963,1519.888649191179,65.55845039841245,32.50331784529849,6.0889673004326825,0.1683565781579079,12.984328702069963,19.754347195088144,0.7191655098821692,3000.0,-4.5,0.45,none,0.0,
endurance,14,healthy,600.0,81.44344913142174,81.49857394112728,619.1608401996706,1510.7743497236002,67.04014979598705,33.28320536259933,6.088967300398618,0.1706550811475371,12.850763432972599,19.915825391818178,0.7196092200026293,3000.0,-4.5,0.45,none,0.0,
endurance,14,healthy,601.0,81.37255497146386,81.43062455385132,614.8671092585066,1523.8034680545964,65.36111386087384,33.902806995910844,6.088967300375199,0.26715202257308407,12.92291873362701,20.344812407974345,0.7200423655964321,3000.0,-4.5,0.45,none,0.0,
endurance,14,healthy,602.0,81.30334876769315,81.1731728002634,611.7552269129986,1520.0634199015853,66.92421376522002,32.08980713564293,6.088967300359097,0.12888640419524228,12.943669551142229,20.014217265529215,0.7204651981999202,3000.0,-4.5,0.45,none,0.0,
endurance,14,healthy,603.0,81.23579033067732,80.50433738998605,618.1415554238491,1530.216556613536,65.99628790875781,33.90110112191205,6.088967300348027,0.20143005769607236,12.859786786692888,20.140452112509312,0.7208779633604775,3000.0,-4.5,0.45,none,0.0,
endurance,14,healthy,604.0,81.16984042787507,80.92884398592047,613.1446298583268,1516.9501121563499,66.52555526501538,33.396129847627016,6.088967300340418,0.22182038755653224,12.876529071518348,20.061509383591144,0.7212809007791235,3000.0,-4.5,0.45,none,0.0,
endurance,14,healthy,605.0,81.10546076085309,80.75446789286146,613.5704385695607,1514.3185121337779,65.49417340724592,33.782870433347306,6.088967300335185,0.17728137570436076,12.927182795424544,20.11555180427696,0.7216742444497111,3000.0,-4.5,0.45,none,0.0,
endurance,14,healthy,606.0,81.04261394304541,80.98685082453297,617.1843944432037,1521.2896810962422,66.0541040668267,33.07137996477858,6.088967300331589,0.16554175592610285,12.921692166839367,20.052476354310976,0.7220582227948116,3000.0,-4.5,0.45,none,0.0,
endurance,14,healthy,607.0,80.98126347804232,81.28298363940675,616.8026813427886,1515.964821756116,66.23332446489799,33.51787706683557,6.088967300329116,0.16416312879136424,12.941436093086187,20.140970743136876,0.7224330587983643,3000.0,-4.5,0.45,none,0.0,
endurance,14,healthy,608.0,80.92137373839621,81.66898737108698,611.0846017850131,1515.9880411535794,66.6613863009195,32.77297608189826,6.088967300327416,0.24624385549581973,12.961877485548145,19.900047446589117,0.7227989701351671,3000.0,-4.5,0.45,none,0.0,
endurance,14,healthy,609.0,80.86290994493199,81.2985159711353,620.3631861099418,1523.6278152821035,66.45618256042975,31.702963806653283,6.088967300326247,0.15100142915349124,12.806945911704336,19.786020599094897,0.7231561692972852,3000.0,-4.5,0.45,none,0.0,
endurance,14,healthy,610.0,80.80583814655013,81.30638938062442,614.7164218909505,1523.1995375296847,66.69824868887893,32.86502691318056,6.088967300325445,0.15526481044600962,12.972283226704157,20.05890355372615,0.7235048637174486,3000.0,-4.5,0.45,none,0.0,
endurance,14,healthy,611.0,80.75012520051062,81.13415974027548,620.9031126067529,1518.6874124686074,66.79729145945868,33.85643596471394,6.0889673003248905,0.12836267022411943,12.886665669902312,20.38772611380708,0.7238452558895134,3000.0,-4.5,0.45,none,0.0,
endurance,14,healthy,612.0,80.69573875318629,79.90783938168286,616.5515151343501,1525.2734157043842,66.49413162086681,33.44920511923732,6.088967300324511,0.1392948512735883,12.89004610263016,20.098480073318566,0.7241775434860533,3000.0,-4.5,0.45,none,0.0,
endurance,14,healthy,613.0,80.6426472212744,79.7375758643736,611.2724226749983,1513.7708151987977,65.8123550242073,33.26805626170882,6.088967300324248,0.1630953761563489,13.002617839631199,19.64691612698812,0.724501919473152,3000.0,-4.5,0.45,none,0.0,
endurance,14,healthy,614.0,80.59081977345562,79.30225087108168,619.6298222625757,1518.812007842624,66.33331956243251,33.192911184940485,6.088967300324071,0.2481940182711284,13.04790370601956,19.901869124147616,0.7248185722224628,3000.0,-4.5,0.45,none,0.0,
endurance,14,healthy,615.0,80.54022631248965,79.97933927076606,617.9714351759906,1518.2202798344094,65.26411029766345,32.98912638163761,6.088967300323946,0.23620279664569974,12.995709571656274,19.707743238071323,0.7251276856205997,3000.0,-4.5,0.45,none,0.0,
endurance,14,healthy,616.0,80.49083745773714,80.11133398420023,613.5917456472882,1517.0096683957145,65.61833943541274,32.80445911561736,6.088967300323862,0.2155252769418202,12.898015573850032,19.943339206759823,0.7254294391759237,3000.0,-4.5,0.45,none,0.0,
endurance,14,healthy,617.0,80.44262452809778,79.78740965970236,618.9947040284927,1513.9685109767704,66.59463150310332,32.19977617450535,6.088967300323804,0.2811221442326407,12.936165741193397,19.96969742004584,0.7257240081227879,3000.0,-4.5,0.45,none,0.0,
endurance,14,healthy,618.0,80.3955595253546,80.93844035752262,609.8858734596988,1519.9156806540982,66.10545270056562,33.16942008052253,6.088967300323763,0.22781814307510334,12.965671290947695,20.402012628149567,0.7260115635232981,3000.0,-4.5,0.45,none,0.0,
endurance,14,healthy,619.0,80.34961511791482,79.4853170442658,619.696310042187,1518.2683514354637,66.08267798333965,32.94829661303115,6.088967300323737,0.13643542494370905,12.900351852806628,20.154446827266945,0.7262922723666532,3000.0,-4.5,0.45,none,0.0,
endurance,14,healthy,620.0,80.30476462493789,80.69421338571657,616.9452094312863,1520.1426324726751,66.6339480232579,32.19204080191276,6.088967300323717,0.24051130447805982,12.938152234380766,19.94288662236859,0.726566297666119,3000.0,-4.5,0.45,none,0.0,
endurance,14,healthy,621.0,80.26098200084135,79.97534360627607,613.8819195623821,1528.2699618680654,66.32469523171389,32.377625043833866,6.088967300323704,0.11492747368552793,12.922366413581766,20.32032504706458,0.7268337985536928,3000.0,-4.5,0.45,none,0.0,
endurance,14,healthy,622.0,80.21824182017569,79.16571868733853,614.8850977105153,1519.3124574342503,65.93815038602905,32.30894888209035,6.088967300323695,0.12629278482464829,12.86152877116761,19.68714926539769,0.7270949303725149,3000.0,-4.5,0.45,none,0.0,
endurance,14,healthy,623.0,80.17651926285922,80.3549520642038,616.9859279404074,1511.3435221022946,65.67730718393261,31.634317230942365,6.08896730032369,0.0674693352193145,12.928919347512245,19.853711489558567,0.7273498447670792,3000.0,-4.5,0.45,none,0.0,
endurance,14,healthy,624.0,80.13579009976455,80.53461796983554,613.9701913830423,1515.757267667444,65.77587495575315,32.530838142376425,6.088967300323684,0.12869651032552232,12.908920006860297,20.00899289158342,0.7275986897712968,3000.0,-4.5,0.45,none,0.0,
endurance,14,healthy,625.0,80.09603067864833,79.7909062737075,618.1004131867577,1524.143646795424,66.62488863418706,32.47400558483019,6.088967300323682,0.17681129607740112,12.907669585661692,20.205881760598427,0.7278416098944617,3000.0,-4.5,0.45,none,0.0,
endurance,14,healthy,626.0,80.05721791041583,79.66083535749702,616.527925604445,1519.3383879435598,65.52360179697291,33.23214447368633,6.088967300323679,0.14159485769088095,12.847816744495836,20.273919524392916,0.7280787462051701,3000.0,-4.5,0.45,none,0.0,
endurance,14,healthy,627.0,80.01932925571268,80.26548783890077,612.0337427626911,1513.187781248884,65.23044295889014,32.48190566530112,6.088967300323679,0.20190651301380233,12.953961692142768,19.73271185001948,0.7283102364132428,3000.0,-4.5,0.45,none,0.0,
endurance,14,healthy,628.0,79.98234271183578,79.86930422469231,616.4851761407705,1520.7345821433537,66.7924390656349,31.956659980064387,6.088967300323678,0.14513146599184637,12.945895212491875,20.032308133644545,0.7285362149496947,3000.0,-4.5,0.45,none,0.0,
endurance,14,healthy,629.0,79.94623679995597,80.31419140132793,616.4933854440525,1520.748035074349,66.04910906532544,32.80372249711244,6.088967300323676,0.1525242523760677,12.996882641733148,20.02935436692756,0.7287568130448023,3000.0,-4.5,0.45,none,0.0,
endurance,14,healthy,630.0,79.91099055264472,80.20675266797244,616.5674468481974,1515.2118538145958,65.7744589517398,32.451029296865414,6.088967300323676,0.1070089449042812,12.94210645394945,20.014064937675418,0.7289721588043122,3000.0,-4.5,0.45,none,0.0,
endurance,14,healthy,631.0,79.87658350169802,79.83920340296406,607.1896940437123,1522.5098486756349,66.32923298118334,32.247190220147424,6.088967300323676,0.09642463407172652,12.946457048770764,20.095739641265062,0.7291823772838338,3000.0,-4.5,0.45,none,0.0,
endurance,14,healthy,632.0,79.84299566625005,80.08839068598836,609.9466464981411,1516.1606861104356,66.04325661427907,32.29162957329699,6.088967300323676,0.13854196767557564,12.809932844009,20.143630688722787,0.729387590561462,3000.0,-4.5,0.45,none,0.0,
endurance,14,healthy,633.0,79.81020754116989,79.21828357690391,612.8073849354479,1521.0621404315284,66.36406159350875,31.646516163946036,6.088967300323676,0.10427390312242929,12.835987736517533,20.094557156099615,0.7295879178086706,3000.0,-4.5,0.45,none,0.0,
endurance,14,healthy,634.0,79.7782000857345,79.43040626726078,615.9697758119291,1532.27438614674,66.58361638327617,33.216258987837385,6.088967300323676,0.21677146498505076,12.893150487424062,19.8260568917797,0.7297834753595169,3000.0,-4.5,0.45,none,0.0,
endurance,14,healthy,635.0,79.74695471257138,80.07915124728477,621.2710417181372,1519.3090273917658,66.44136497995252,32.826904129372686,6.088967300323676,0.10903319596668298,12.985236142743462,19.81644795226009,0.7299743767782003,3000.0,-4.5,0.45,none,0.0,
endurance,14,healthy,636.0,79.71645327686453,78.62046733009274,612.0296515244637,1520.5498724198515,66.64209224063738,32.79531883465493,6.088967300323676,0.25552158676290804,12.829990515659961,19.511934702771327,0.7301607329250103,3000.0,-4.5,0.45,none,0.0,
endurance,14,healthy,637.0,79.68667806581736,78.52201596479618,612.7141591875043,1523.3308583531382,66.76860058774358,32.47449686651655,6.088967300323676,0.24662345171117378,12.870791586722971,19.81234662608252,0.7303426520207057,3000.0,-4.5,0.45,none,0.0,
endurance,14,healthy,638.0,79.65761178836655,79.52207942114482,609.7646280811349,1517.0399779089742,66.64962561522802,33.006687803064416,6.088967300323676,0.3078068017928942,12.920363384769544,20.071382006925102,0.7305202397093608,3000.0,-4.5,0.45,none,0.0,
endurance,14,healthy,639.0,79.62923756514076,79.95425940293883,617.4528600393991,1525.2117032592155,66.13795163185007,31.416160395418082,6.088967300323676,0.1639289789255937,12.907384626208925,20.211839839462694,0.7306935991197145,3000.0,-4.5,0.45,none,0.0,
endurance,14,healthy,640.0,79.60153891865843,78.57043562761064,613.5744343755276,1517.4665140576142,65.07815274204067,32.0358826825736,6.088967300323676,0.168556279309998,12.941787914035299,19.93919420518331,0.73086283092506,3000.0,-4.5,0.45,none,0.0,
endurance,14,healthy,641.0,79.57449976375902,79.32888047076689,609.7922964445823,1514.2116653654077,66.4041630772751,31.83617113561263,6.088967300323676,0.18449531542900882,12.93649062175191,19.76749769854703,0.7310280334017065,3000.0,-4.5,0.45,none,0.0,
endurance,14,healthy,642.0,79.54810439826198,79.80772439071008,615.1961774162412,1521.205875130167,66.01192046627659,32.38242838217936,6.088967300323676,0.1860235140539312,12.868389369829144,19.84145940014485,0.7311893024860521,3000.0,-4.5,0.45,none,0.0,
endurance,14,healthy,643.0,79.52233749384821,79.06615749515674,610.8770036328972,1520.0561263440723,67.70591170465123,31.797558406925734,6.088967300323676,0.2710793572478936,12.861779240735734,19.926583329339078,0.7313467318302942,3000.0,-4.5,0.45,none,0.0,
endurance,14,healthy,644.0,79.49718408715857,79.09872602110256,619.3083902823776,1518.7096531009004,65.73745224965602,32.828483819337514,6.088967300323676,0.1724293847431826,12.94601557512203,19.868121519057283,0.7315004128568162,3000.0,-4.5,0.45,none,0.0,
endurance,14,healthy,645.0,79.4726295711044,79.72920621259169,610.2958952078543,1527.7558101581405,66.04817230893835,31.559909499632194,6.088967300323676,0.2699262989368068,13.003828693443442,20.078175337534702,0.7316504348112781,3000.0,-4.5,0.45,none,0.0,
endurance,14,healthy,646.0,79.44865968638486,79.86100702774843,612.1914593563739,1523.6348886787373,65.71962809524122,31.508603345963014,6.088967300323676,0.1657812749577629,12.92802763975763,20.2716004164015,0.7317968848144434,3000.0,-4.5,0.45,none,0.0,
endurance,14,healthy,647.0,79.42526051320625,79.18898525558598,612.0658302703625,1526.040049258249,66.32644845306218,32.037205592602284,6.088967300323676,0.26648809892399417,12.886356253832657,20.141113580419876,0.7319398479127714,3000.0,-4.5,0.45,none,0.0,
endurance,14,healthy,648.0,79.40241846319857,79.46820377952379,616.1303432308625,1513.1437416588683,67.16242433400124,31.957877314584756,6.088967300323676,0.19969677751091458,12.860925926509008,19.719788760247283,0.7320794071278058,3000.0,-4.5,0.45,none,0.0,
endurance,14,healthy,649.0,79.3801202715244,79.28942130172784,613.81602958205,1525.9763129223081,65.51916909189505,32.53910790998815,6.088967300323676,0.21248287248181313,12.945507710133311,20.336280907130757,0.7322156435043871,3000.0,-4.5,0.45,none,0.0,
endurance,14,healthy,650.0,79.35835298917581,80.04632613644398,613.1015015976053,1529.1394251010315,65.73365011403182,32.307580997928916,6.088967300323676,0.19492688904873834,13.003248818648654,19.687669796058646,0.7323486361577164,3000.0,-4.5,0.45,none,0.0,
endurance,14,healthy,651.0,79.33710397545457,79.90452143488302,611.3270180763323,1514.8047238246827,66.80212925684575,31.087632125563395,6.088967300323676,0.22136113949009512,12.828885914432025,20.048210980804956,0.7324784623192998,3000.0,-4.5,0.45,none,0.0,
endurance,14,healthy,652.0,79.31636089063144,79.71313611016068,613.0138056320945,1508.9617025744092,66.21911394128414,31.47086783265167,6.088967300323676,0.14497714557906816,12.867460588523297,19.766128787742115,0.7326051973817977,3000.0,-4.5,0.45,none,0.0,
endurance,14,healthy,653.0,79.2961116887803,80.14233631471473,619.1007927602643,1515.4685943044594,65.55472673413257,32.15391281683712,6.088967300323676,0.18983156024112097,12.900087165330161,20.28846068776501,0.7327289149428079,3000.0,-4.5,0.45,none,0.0,
endurance,14,healthy,654.0,79.27634461078276,79.41372790712035,616.8099180189035,1520.113043159423,66.99558944772343,31.174295723528584,6.088967300323676,0.21938146658643956,12.859490765847218,20.07245463036326,0.7328496868476033,3000.0,-4.5,0.45,none,0.0,
endurance,14,healthy,655.0,79.25704817749944,78.68305130748494,616.6814537540884,1520.0440772733016,66.43560932257633,31.37464007542371,6.088967300323676,0.20240837614411777,12.913992977748306,20.070859292205864,0.732967583230856,3000.0,-4.5,0.45,none,0.0,
endurance,14,healthy,656.0,79.23821118310381,79.59958383891241,610.8589613098179,1512.2816188723398,66.25990523532553,31.14336372137542,6.088967300323676,0.21992084629176184,12.887821458097582,20.157049743557383,0.7330826725573647,3000.0,-4.5,0.45,none,0.0,
endurance,14,healthy,657.0,79.21982268857475,79.47639450033567,608.2901326975064,1530.6532993087767,66.34357975069355,31.80463388137108,6.088967300323676,0.143297386486531,12.89718702257935,20.102082385388027,0.7331950216618137,3000.0,-4.5,0.45,none,0.0,
endurance,14,healthy,658.0,79.20187201534401,78.74321257881638,613.3034699156723,1521.4541393359766,66.27628928162369,31.816571823289113,6.088967300323676,0.23705233229281591,12.962027837732137,19.784059633752513,0.7333046957875853,3000.0,-4.5,0.45,none,0.0,
endurance,14,healthy,659.0,79.18434873909494,78.38807164490716,612.5329825854224,1520.0183514678004,66.41584306834338,32.32167688480192,6.088967300323676,0.22016733672588853,12.907860444965978,19.935421460214286,0.733411758624648,3000.0,-4.5,0.45,none,0.0,
endurance,14,healthy,660.0,79.16724268370895,79.77824304508916,611.6493105776618,1509.0753646394721,66.14657188828168,32.27314415199101,6.088967300323676,0.1694057100570122,12.880305478128513,19.944597001632008,0.7335162723465425,3000.0,-4.5,0.45,none,0.0,
endurance,14,healthy,661.0,79.15054391535595,78.93036558091869,614.7958515383538,1518.8994851559253,66.29205742609497,32.200978645010785,6.088967300323676,0.27190634619019094,12.94732379999486,20.36947654829021,0.7336182976464872,3000.0,-4.5,0.45,none,0.0,
endurance,14,healthy,662.0,79.13424273672565,79.6175231353148,607.79641969549,1526.5658675108411,66.20990935648767,31.534580433653467,6.088967300323676,0.16807026625568905,12.893717056773614,19.807921731045468,0.7337178937726236,3000.0,-4.5,0.45,none,0.0,
endurance,14,healthy,663.0,79.11832968139608,78.85466814082203,617.7119859335535,1520.6553629787322,66.84843772783888,31.193930072651394,6.088967300323676,0.1559492678474493,12.838095436036056,19.87637987350475,0.7338151185624237,3000.0,-4.5,0.45,none,0.0,
endurance,14,healthy,664.0,79.10279550833626,79.83234699401402,615.9658825629853,1517.48406035761,65.7336267747781,31.89906135786833,6.088967300323676,0.21832802191556674,12.871238624135065,19.799225344353566,0.7339100284762758,3000.0,-4.5,0.45,none,0.0,
endurance,14,healthy,665.0,79.08763119653976,79.13136159762655,614.1594836007813,1524.4649313285056,67.0881607185795,30.678175477223224,6.088967300323676,0.22504809300282608,12.92355893711853,20.08227931247604,0.7340026786302745,3000.0,-4.5,0.45,none,0.0,
endurance,14,healthy,666.0,79.07282793978604,79.8826524000824,615.2723048918702,1519.3649313310048,66.44821311310663,31.435289596582162,6.088967300323676,0.1614680583263241,12.935230581766021,19.927096719603426,0.7340931228282256,3000.0,-4.5,0.45,none,0.0,
endurance,14,healthy,667.0,79.05837714152645,78.30843461664998,610.2629980213972,1516.476513291899,66.64805691032554,31.62219471433311,6.088967300323676,0.1640671040116735,12.909853444153544,19.73180218481385,0.7341814135928921,3000.0,-4.5,0.45,none,0.0,
endurance,14,healthy,668.0,79.04427040989209,78.26293594867396,614.4573721537793,1525.9215313222185,66.13429061199562,32.58559342509568,6.088967300323676,0.2119588462450552,12.96031915550383,20.19078901098252,0.7342676021964951,3000.0,-4.5,0.45,none,0.0,
endurance,14,healthy,669.0,79.03049955282046,79.41422687092144,615.3348563604459,1525.43226271514,66.48673348183104,31.491420884822773,6.088967300323676,0.23167269439074972,12.886969833312804,20.276661385434775,0.7343517386904885,3000.0,-4.5,0.45,none,0.0,
endurance,14,healthy,670.0,79.01705657329815,79.87823394340013,611.7108327819986,1524.0699127783962,65.88698601184043,32.32032301601403,6.088967300323676,0.14592196992026268,12.938156008144007,19.64531209865883,0.734433871934625,3000.0,-4.5,0.45,none,0.0,
endurance,14,healthy,671.0,79.00393366471684,79.76112491325797,616.7277732185216,1519.050304003028,65.61049825292042,30.52944044735888,6.088967300323676,0.2000247063651365,12.958425230537577,19.823635291134416,0.7345140496253296,3000.0,-4.5,0.45,none,0.0,
endurance,14,healthy,672.0,78.99112320633985,78.9751887973202,609.8179358016511,1525.605381033994,67.03790518871143,30.887006214313047,6.088967300323676,0.20693498387626716,12.873849688000647,20.270711985691783,0.7345923183233984,3000.0,-4.5,0.45,none,0.0,
endurance,14,healthy,673.0,78.9786177588766,79.51104513366641,614.1528211539085,1521.9825706877116,66.85436934352776,31.565085160487424,6.088967300323676,0.24557516373760785,13.026353295959746,19.644669553708646,0.7346687234810371,3000.0,-4.5,0.45,none,0.0,
endurance,14,healthy,674.0,78.96641006016247,78.14131398878214,613.3405918350504,1520.0297714778449,66.70422691738678,31.1548921464266,6.088967300323676,0.18332391564833106,12.829736970008556,20.06920741509998,0.7347433094682556,3000.0,-4.5,0.45,none,0.0,
endurance,14,healthy,675.0,78.95449302094154,79.81473668821529,614.140748947981,1525.8600921088382,65.46510619400476,30.242402730583017,6.088967300323676,0.26275776617777497,12.899837969442082,20.351878635415762,0.7348161195986357,3000.0,-4.5,0.45,none,0.0,
endurance,14,healthy,676.0,78.94285972074968,79.1890725199095,613.7239274644761,1516.6082690517976,66.43875618419894,30.509335102138035,6.088967300323676,0.21097631238264417,12.999548243802282,19.79751448966157,0.734887196154483,3000.0,-4.5,0.45,none,0.0,
endurance,14,healthy,677.0,78.93150340389572,78.56779245619697,614.154743005534,1515.3631828650166,66.37206122303398,31.833134363862793,6.088967300323676,0.214446030683163,12.922601393283891,19.832604820199954,0.7349565804113815,3000.0,-4.5,0.45,none,0.0,
endurance,14,healthy,678.0,78.92041747553829,78.883907084558,616.4887658706327,1509.3205293421906,66.46840412941273,31.823128263657573,6.088967300323676,0.2627752706616274,12.879479376850488,20.119096526155055,0.7350243126621632,3000.0,-4.5,0.45,none,0.0,
endurance,14,healthy,679.0,78.90959549785603,78.67032439312274,615.8039331220768,1516.9206954676145,65.77573153426256,31.201152906942433,6.088967300323676,0.1910157737597732,12.99248867275166,19.83715162228273,0.7350904322403073,3000.0,-4.5,0.45,none,0.0,
endurance,14,healthy,680.0,78.89903118630906,78.84628757034119,616.9106723867836,1526.5070293258118,66.70762353007423,32.031584800143065,6.088967300323676,0.14355361199228509,12.980808359826353,19.716901383867597,0.7351549775427815,3000.0,-4.5,0.45,none,0.0,
endurance,14,healthy,681.0,78.8887184059894,78.73062872512715,618.6594247757367,1512.8960045130186,66.7622216834414,30.598344501753523,6.088967300323676,0.1338959060877237,12.928596274782109,19.920622021275484,0.7352179860523396,3000.0,-4.5,0.45,none,0.0,
endurance,14,healthy,682.0,78.8786511680583,78.60794820749875,616.6095267115536,1516.9660897495469,66.07825584889027,31.10170450954872,6.088967300323676,0.24772971133237962,12.875137393832318,20.27880951427599,0.7352794943592891,3000.0,-4.5,0.45,none,0.0,
endurance,14,healthy,683.0,78.86882362626842,79.10621435912348,612.5071623723823,1512.3467979043169,66.68079292696115,32.318473833627664,6.088967300323676,0.18930564158058327,12.912086756941097,20.025437343936986,0.7353395381827399,3000.0,-4.5,0.45,none,0.0,
endurance,14,healthy,684.0,78.85923007356878,78.37033582535169,615.1425012878592,1518.1537443695072,65.0028661088872,31.34609899053751,6.088967300323676,0.2842593030569575,13.016980540416402,20.244798854643193,0.7353981523913464,3000.0,-4.5,0.45,none,0.0,
endurance,14,healthy,685.0,78.84986493879056,79.53561278987846,613.2922353023372,1517.8396523660624,66.541187318172,31.04604439452873,6.088967300323676,0.23662888931415477,12.945159836371413,19.946163780040525,0.7354553710235576,3000.0,-4.5,0.45,none,0.0,
endurance,14,healthy,686.0,78.84072278341182,79.0289707772729,612.6510221831529,1522.2417497539125,66.32382841076628,31.072355548852503,6.088967300323676,0.20097380945569387,13.016171936557539,20.661013949534105,0.7355112273073829,3000.0,-4.5,0.45,none,0.0,
endurance,14,healthy,687.0,78.83179829839924,77.9445197669234,610.4449862561585,1518.5892991438843,65.72044897017099,31.858372641904246,6.088967300323676,0.1435534457362879,12.921948577958236,20.191166141866713,0.7355657536796886,3000.0,-4.5,0.45,none,0.0,
endurance,14,healthy,688.0,78.82308630112504,78.95955941324667,610.9917367517917,1516.8861380620262,66.1803803781958,31.917654334294557,6.088967300323676,0.23037364113825182,12.862502387971322,19.88436524558113,0.7356189818050345,3000.0,-4.5,0.45,none,0.0,
endurance,14,healthy,689.0,78.81458173235738,79.44875161697198,610.9062269797579,1518.1584768422135,65.77317681105814,30.785666232229463,6.088967300323676,0.1534918237418026,12.878393880093919,20.135202944786858,0.7356709425940628,3000.0,-4.5,0.45,none,0.0,
endurance,14,healthy,690.0,78.80627965332229,79.08116493501606,613.0678563845424,1524.770116743524,65.02141130119654,31.698709238049823,6.088967300323676,0.2939578827188136,12.989833266502115,19.612298248247978,0.7357216662214474,3000.0,-4.5,0.45,none,0.0,
endurance,14,healthy,691.0,78.79817524283565,78.85008915401514,613.0620217917274,1520.883416258836,65.8121379613671,31.717111674127857,6.088967300323676,0.15544266495819392,12.86362365980518,19.902469333375493,0.7357711821434182,3000.0,-4.5,0.45,none,0.0,
endurance,14,healthy,692.0,78.79026379450346,78.54713959338461,618.408859938564,1514.1007411894566,66.7445288617448,31.70793742404555,6.088967300323676,0.20344154932453493,12.943454366887444,20.076798986642867,0.7358195191148658,3000.0,-4.5,0.45,none,0.0,
endurance,14,healthy,693.0,78.7825407139887,78.2727532107724,613.3157337926891,1522.2955287019543,66.90274000009438,30.87234059399007,6.088967300323676,0.1870410338021223,12.922609870002741,20.096207886837234,0.7358667052060409,3000.0,-4.5,0.45,none,0.0,
endurance,14,healthy,694.0,78.77500151634332,78.29207658215437,607.0602955691998,1522.0756695489654,65.50029535968704,32.508808235286075,6.088967300323676,0.18664489319032515,12.86726030486187,19.8263310011771,0.7359127678188546,3000.0,-4.5,0.45,none,0.0,
endurance,14,healthy,695.0,78.7676418234038,78.18288968740798,615.0524257944234,1513.7341625416504,66.47141637205661,31.223616105115187,6.088967300323676,0.20846490578849855,12.908151739507774,20.040184580196023,0.7359577337027918,3000.0,-4.5,0.45,none,0.0,
endurance,14,healthy,696.0,78.76045736124856,79.30908300811457,613.2808575280225,1516.3834031158772,66.36762874280414,30.340530057363807,6.088967300323676,0.290155179414345,12.886210162113892,20.248336273190134,0.736001628970445,3000.0,-4.5,0.45,none,0.0,
endurance,14,healthy,697.0,78.75344395771604,79.96061143899594,618.046391418642,1523.562930342848,66.78318007354491,31.84395173258079,6.088967300323676,0.15149664375313174,12.887866077788384,19.786396989195765,0.7360444791126777,3000.0,-4.5,0.45,none,0.0,
endurance,14,healthy,698.0,78.74659753998193,78.24573858595866,613.774238082761,1521.071219625202,67.13926955575617,30.182184524917126,6.088967300323676,0.1962044988661577,12.93744111102997,19.904363118862857,0.7360863090134286,3000.0,-4.5,0.45,none,0.0,
endurance,14,healthy,699.0,78.73991413219387,78.52507133170583,613.8012951185224,1527.1867109993498,66.04201510725203,31.839671328923487,6.088967300323676,0.12804690354594436,12.898418219435717,20.138175655974816,0.7361271429641618,3000.0,-4.5,0.45,none,0.0,
endurance,14,healthy,700.0,78.73338985316268,78.33330168420325,618.8456746018619,1512.818454150751,66.39295041132074,31.58914373760737,6.088967300323676,0.1517691381318497,12.886458061917729,19.800154293634396,0.7361670046779726,3000.0,-4.5,0.45,none,0.0,
endurance,14,healthy,701.0,78.72702091410841,79.34440424920753,609.0710431330436,1514.3880469214585,66.6643917708017,31.807575039514663,6.088967300323676,0.14768918684728677,12.896836133115714,20.137485642744025,0.7362059173033595,3000.0,-4.5,0.45,none,0.0,
endurance,14,healthy,702.0,78.72080361646019,79.03890467753858,616.2461599201112,1515.6036732020257,66.89539053884096,31.230666514950222,6.088967300323676,0.22902832212544894,12.922042412886057,19.944473753066237,0.7362439034376657,3000.0,-4.5,0.45,none,0.0,
endurance,14,healthy,703.0,78.71473434970837,78.19365064075373,604.5358777890705,1521.3546232627314,66.26255892209699,31.21028734846654,6.088967300323676,0.1657103850964528,12.886798670816363,19.57140672616169,0.7362809851402026,3000.0,-4.5,0.45,none,0.0,
endurance,14,healthy,704.0,78.70880958930778,78.0007776470131,610.7731253585076,1515.6227127727043,65.58578596658428,31.278340195174497,6.088967300323676,0.22807537708047593,12.861792155266908,20.384318195670556,0.7363171839450602,3000.0,-4.5,0.45,none,0.0,
endurance,14,healthy,705.0,78.70302589463101,79.76777842694369,610.7549330578815,1517.745705297343,66.252256204828,32.27610245812181,6.088967300323676,0.18316806217026907,12.920198074424071,20.28671596526362,0.7363525208736115,3000.0,-4.5,0.45,none,0.0,
endurance,14,healthy,706.0,78.69737990697035,78.83774874596878,613.2415649019298,1517.2160082583675,65.82479256767704,30.23502736933909,6.088967300323676,0.15276776648786589,12.912157884880605,19.871905681382657,0.7363870164467211,3000.0,-4.5,0.45,none,0.0,
endurance,14,healthy,707.0,78.69186834758733,79.46919090567108,614.5686010544887,1513.62570107422,66.52509501104339,30.92880281688199,6.088967300323676,0.2038455060706381,12.973927072056245,20.033949200738828,0.7364206906966616,3000.0,-4.5,0.45,none,0.0,
endurance,14,healthy,708.0,78.68648801580866,78.17512132573283,612.7559261965224,1514.4447074763482,66.44083845665138,30.73223981787434,6.088967300323676,0.20526046912660376,12.985846399086673,19.96566735215149,0.7364535631787463,3000.0,-4.5,0.45,none,0.0,
endurance,14,healthy,709.0,78.68123578716758,78.79647325404447,608.7779592578125,1524.302792890763,65.60221640151106,31.537552413835904,6.088967300323676,0.20935576798081373,12.872536114362623,19.99747961805958,0.7364856529826862,3000.0,-4.5,0.45,none,0.0,
endurance,14,healthy,710.0,78.67610861158938,78.73767360610485,610.4836734482143,1525.8636399765367,66.59304655678456,31.59451660978668,6.088967300323676,0.26780365145375756,12.947957203045041,20.34859887103834,0.7365169787436749,3000.0,-4.5,0.45,none,0.0,
endurance,14,healthy,711.0,78.67110351162019,78.72326611819818,609.7493866905287,1520.6619298400885,66.70417666953084,31.06234028875613,6.088967300323676,0.14492430936064105,12.860039933687004,20.200657220312998,0.7365475586532118,3000.0,-4.5,0.45,none,0.0,
endurance,14,healthy,712.0,78.66621758069789,77.4340635621653,612.0269873653755,1514.3039137358076,66.73171310229499,30.489893339015424,6.088967300323676,0.23786381604210444,12.883407060833468,19.740688065739416,0.7365774104696643,3000.0,-4.5,0.45,none,0.0,
endurance,14,healthy,713.0,78.6614479814642,78.65332214875403,613.223538140883,1525.036809582686,66.0324217821396,31.233355670887235,6.088967300323676,0.2574980298338042,12.857786336038682,20.255692938834162,0.7366065515285823,3000.0,-4.5,0.45,none,0.0,
endurance,14,healthy,714.0,78.65679194411705,79.01141410756158,614.426849597919,1518.237118734325,66.31733012509343,31.777713846735693,6.088967300323676,0.3004782836424264,13.007875611034157,19.959242710766105,0.7366349987527643,3000.0,-4.5,0.45,none,0.0,
endurance,14,healthy,715.0,78.65224676480196,78.11188737267877,613.7516483301778,1513.674768522734,67.20742125529661,31.503259693945054,6.088967300323676,0.2290010221318472,12.90968635290802,19.977916638180528,0.7366627686620846,3000.0,-4.5,0.45,none,0.0,
endurance,14,healthy,716.0,78.647809804042,77.69661358367065,610.2505162793768,1506.4076952864198,65.65920453990783,31.19227641208742,6.088967300323676,0.21085900329127472,12.906347332747966,20.234474653169556,0.7366898773830877,3000.0,-4.5,0.45,none,0.0,
endurance,14,healthy,717.0,78.6434784852049,79.2892922856739,614.505569655064,1511.4232374792732,66.05692935832514,31.17302445418189,6.088967300323676,0.25162586929867337,12.986400971905601,20.136783779879757,0.7367163406583527,3000.0,-4.5,0.45,none,0.0,
endurance,14,healthy,718.0,78.63925029300677,78.65423876649953,611.2138015578091,1518.1772514586598,65.7178685671634,30.757134543019884,6.088967300323676,0.2778614063940689,12.919640355454801,19.807644389979508,0.7367421738556352,3000.0,-4.5,0.45,none,0.0,
endurance,14,healthy,719.0,78.63512277205145,78.1185579235417,610.8133167338525,1526.2585092088748,66.1527486841909,31.71478534737533,6.088967300323676,0.21939354644305342,12.93484648958359,19.98959485931831,0.736767391976792,3000.0,-4.5,0.45,none,0.0,
endurance,14,healthy,720.0,78.63109352540458,78.8606178057358,609.5348625925106,1510.5442282335562,65.9887470704389,31.37071230086863,6.088967300323676,0.2117020501665429,12.836390793798811,19.718357397558137,0.7367920096664926,3000.0,-4.5,0.45,none,0.0,
endurance,14,healthy,721.0,78.62716021320169,78.18700635627994,616.6285731235511,1519.1962353247175,66.49828448817178,30.790192359391863,6.088967300323676,0.2081413805920717,13.009418739033006,19.89341595264731,0.7368160412207243,3000.0,-4.5,0.45,none,0.0,
endurance,14,healthy,722.0,78.62332055128935,79.01983117990582,614.9210392526021,1517.154630612065,66.21314488370261,30.693579554142215,6.088967300323676,0.2536474454856533,12.961701765214759,20.15426456631788,0.7368395005950932,3000.0,-4.5,0.45,none,0.0,
endurance,14,healthy,723.0,78.61957230989873,78.57285303967473,608.5007810756529,1516.4342726086313,66.99144014345215,31.349637971620233,6.088967300323676,0.3118607983965972,12.910892329667405,19.836264299099017,0.7368624014129295,3000.0,-4.5,0.45,none,0.0,
endurance,14,healthy,724.0,78.61591331235074,79.06883583040968,613.5423896454203,1512.736141631323,66.11695671138175,31.078599412783696,6.088967300323676,0.24143662817638345,12.90048438682994,20.00501805144258,0.7368847569731984,3000.0,-4.5,0.45,none,0.0,
endurance,14,healthy,725.0,78.612341433792,79.21000095957271,614.9936394520474,1514.6534495968467,66.23637247279082,30.870791383778684,6.088967300323676,0.23345386637015947,12.951058647681526,19.827966624772934,0.7369065802582226,3000.0,-4.5,0.45,none,0.0,
endurance,14,healthy,726.0,78.60885459996084,78.6957136077853,612.1451343581481,1521.4514846262412,65.65288000632408,31.98687402465778,6.088967300323676,0.218582979548866,12.950703360822473,19.927255422535573,0.7369278839412226,3000.0,-4.5,0.45,none,0.0,
endurance,14,healthy,727.0,78.6054507859828,79.5931369370577,614.5672659114069,1518.9258904148633,67.31283175093294,31.08112619830934,6.088967300323676,0.24049804102641748,12.963343401516557,19.97133968500641,0.7369486803936749,3000.0,-4.5,0.45,none,0.0,
endurance,14,healthy,728.0,78.60212801519471,79.92515931349499,611.2500127665421,1528.8455709023722,66.27278634017463,31.2151691804741,6.088967300323676,0.23129268460714197,12.887933787840202,19.970657362220624,0.7369689816924974,3000.0,-4.5,0.45,none,0.0,
endurance,14,healthy,729.0,78.59888435799682,77.33312229400066,613.5687866191238,1519.1768085627682,65.62364468380622,31.00797425623809,6.088967300323676,0.255117523305323,12.939689189241877,20.09140025232589,0.7369887996270621,3000.0,-4.5,0.45,none,0.0,
endurance,14,healthy,730.0,78.59571793073222,79.0231623230881,610.2351989784063,1528.6896383384508,66.25392379693986,30.767930056605874,6.088967300323676,0.20091670052334798,12.901560874682406,19.82571219925809,0.7370081457060421,3000.0,-4.5,0.45,none,0.0,
endurance,14,healthy,731.0,78.59262689459297,79.15164212743659,612.4434479641342,1518.391592804367,66.41733024185504,31.699373624291393,6.088967300323676,0.16342011150484734,12.940461266252575,19.877232930755376,0.737027031164094,3000.0,-4.5,0.45,none,0.0,
endurance,14,healthy,732.0,78.58960945455226,78.67338837561276,610.2124180954246,1512.8679193266153,65.29085277793315,31.499667422351013,6.088967300323676,0.11404724819907275,12.89593672573483,20.136941683691763,0.7370454669683826,3000.0,-4.5,0.45,none,0.0,
endurance,14,healthy,733.0,78.58666385832205,78.49584994397075,607.8352515928253,1516.6982367527487,67.20971776915032,30.553250735214014,6.088967300323676,0.2289819236180543,12.893258909135064,19.892046253559407,0.73706346382495,3000.0,-4.5,0.45,none,0.0,
endurance,14,healthy,734.0,78.58378839533542,78.51761159333205,615.619538473966,1509.4669636626727,65.68863852226995,31.372146155416452,6.088967300323676,0.14846302786741017,12.901230969986804,20.16127906071125,0.7370810321849328,3000.0,-4.5,0.45,none,0.0,
endurance,14,healthy,735.0,78.58098139575323,79.28764273111398,613.7076784430855,1518.2307185531167,66.15465894584031,30.378396277442786,6.088967300323676,0.17969569008125355,12.870736721191927,19.752406887163843,0.7370981822506301,3000.0,-4.5,0.45,none,0.0,
endurance,14,healthy,736.0,78.57824122949442,78.20657195281615,612.483642703872,1513.3100383755625,65.71959838104426,30.519456971448005,6.088967300323676,0.25206943790431846,12.964998789856665,19.999198625530603,0.7371149239814297,3000.0,-4.5,0.45,none,0.0,
endurance,14,healthy,737.0,78.5755663052894,77.74933997245722,614.4061062843479,1519.9578182704583,66.27611828732293,31.578067884655866,6.088967300323676,0.26456367675550746,12.88137017154638,20.04365255974524,0.7371312670995914,3000.0,-4.5,0.45,none,0.0,
endurance,14,healthy,738.0,78.57295506975592,78.99297243449598,610.2066334062483,1520.9157988119264,66.8419775161117,30.834654025858587,6.088967300323676,0.17790528994335555,12.934352491428841,20.00617844609955,0.737147221095892,3000.0,-4.5,0.45,none,0.0,
endurance,14,healthy,739.0,78.57040600649705,78.46797987239185,612.8693663393262,1525.3530230658541,66.10658129986305,31.54904609147455,6.088967300323676,0.10230860197886885,12.95172954761179,20.059217609037912,0.7371627952351378,3000.0,-4.5,0.45,none,0.0,
endurance,14,healthy,740.0,78.56791763522054,79.01685642931648,610.1536799505288,1525.5135338238965,65.67866238825943,30.92419997314308,6.088967300323676,0.22444172418567315,12.927131837699001,20.310990017241416,0.7371779985615446,3000.0,-4.5,0.45,none,0.0,
endurance,14,healthy,741.0,78.56548851087918,77.9526961912543,611.5199713404324,1515.645743957087,66.21494502544864,30.711559949816465,6.088967300323676,0.11842116847981735,12.93036946641186,19.79264600103615,0.7371928399039893,3000.0,-4.5,0.45,none,0.0,
endurance,14,healthy,742.0,78.56311722283166,79.45959845795761,614.0716396765645,1518.4037587131063,65.55053011587701,31.28921607137372,6.088967300323676,0.1119808625947964,12.93563466214381,19.94412766679376,0.7372073278811375,3000.0,-4.5,0.45,none,0.0,
endurance,14,healthy,743.0,78.56080239402337,78.33668336855195,611.2768294696504,1516.3483324909332,66.11991577656087,31.605621159254024,6.088967300323676,0.12993370203117593,12.884162156443494,19.705540029097556,0.7372214709064491,3000.0,-4.5,0.45,none,0.0,
endurance,14,healthy,744.0,78.5585426801867,79.52558349162172,609.1443083425622,1518.0468995075971,66.43640220940958,31.075324939269244,6.088967300323676,0.21757401614248487,12.793808579029884,20.04706208270366,0.7372352771930626,3000.0,-4.5,0.45,none,0.0,
endurance,14,healthy,745.0,78.55633676906044,78.90518385473058,611.8635457573366,1520.7052687118323,66.02560555864396,30.771291237475662,6.088967300323676,0.17763045136789177,12.932389974371965,20.588269340651852,0.7372487547585662,3000.0,-4.5,0.45,none,0.0,
endurance,14,healthy,746.0,78.55418337962764,77.93201730993816,611.8393211425036,1524.3815549364258,66.04994489093943,30.48642120804264,6.088967300323676,0.11711328076652927,12.891303182580641,19.93563781094176,0.7372619114296532,3000.0,-4.5,0.45,none,0.0,
endurance,14,healthy,747.0,78.55208126137182,78.01916252140275,613.7368596910569,1515.4118330292927,65.5346817627518,30.827852078277516,6.088967300323676,0.12658615403727724,12.85221400473085,19.75924604946371,0.7372747548466668,3000.0,-4.5,0.45,none,0.0,
endurance,14,healthy,748.0,78.55002919355067,78.47556369815233,612.3994569047817,1530.2850586536235,65.96912736071855,30.813536952337394,6.088967300323676,0.17116379108608865,12.977705195323594,19.661708792247918,0.737287292468037,3000.0,-4.5,0.45,none,0.0,
endurance,14,healthy,749.0,78.54802598448717,78.77363239921218,617.6530028801221,1513.5887652750569,66.15255857101438,30.800080014648643,6.088967300323676,0.18248825703479887,12.883657772190324,20.074520603855856,0.7372995315746128,3000.0,-4.5,0.45,none,0.0,
endurance,14,healthy,750.0,78.54607047087755,77.92622878227097,615.3648283647343,1524.1476096743881,66.73882560059943,31.839287282659022,6.088967300323676,0.21255119234112818,12.878039230700196,19.964105754447637,0.7373114792738891,3000.0,-4.5,0.45,none,0.0,
endurance,14,healthy,751.0,78.54416151711578,78.20548119661966,612.1608016559031,1516.8815643182704,66.33674370073014,30.41704195741686,6.088967300323676,0.273998722506855,13.008074450966026,19.901734406118386,0.7373231425041351,3000.0,-4.5,0.45,none,0.0,
endurance,14,healthy,752.0,78.54229801463406,76.68528568500244,608.8167749845102,1507.966435332482,65.3527300422198,30.326147894881096,6.088967300323676,0.22728692408456946,12.925998894729316,20.26435936023763,0.7373345280384229,3000.0,-4.5,0.45,none,0.0,
endurance,14,healthy,753.0,78.54047888125903,79.14956660000641,613.0542549841042,1522.0589088958761,66.74072090552974,30.673889140172843,6.088967300323676,0.1735294109272834,12.971142708163205,19.95401015826514,0.7373456424885609,3000.0,-4.5,0.45,none,0.0,
endurance,14,healthy,754.0,78.53870306058343,78.9319502931312,608.887831756365,1524.811631672249,66.6088486238562,30.771039627697494,6.088967300323676,0.13407034647233756,12.949407072412942,20.060351115164416,0.7373564923089337,3000.0,-4.5,0.45,none,0.0,
endurance,14,healthy,755.0,78.53696952135247,78.54074411445498,608.3410339745282,1525.233373619345,65.75776443475152,31.42396962754155,6.088967300323676,0.19689933201519644,12.904515896805203,20.033446849215974,0.73736708380025,3000.0,-4.5,0.45,none,0.0,
endurance,14,healthy,756.0,78.53527725686511,77.66449396176232,616.4315412651554,1528.1076026488079,65.832326620873,31.299718392916393,6.088967300323676,0.2516223259537344,12.9336526141243,20.015990403100183,0.7373774231132016,3000.0,-4.5,0.45,none,0.0,
endurance,14,healthy,757.0,78.53362528438936,78.58954806246452,610.7472705159677,1529.5873808429942,66.0462669750148,30.471924634556544,6.088967300323676,0.20072312482852428,12.8071949089908,20.04118069878418,0.7373875162520354,3000.0,-4.5,0.45,none,0.0,
endurance,14,healthy,758.0,78.5320126445916,78.73701274447822,613.0451069884455,1526.4330457675424,66.14075706796855,30.11584285098009,6.088967300323676,0.17440516908956455,13.016911658490406,20.43421236997317,0.7373973690780398,3000.0,-4.5,0.45,none,0.0,
endurance,14,healthy,759.0,78.5304384009795,79.08262862980054,612.76480383893,1523.7185840080351,66.1331415724742,30.951300944237975,6.088967300323676,0.18286674970631742,13.029360062291602,19.77338612352071,0.7374069873129487,3000.0,-4.5,0.45,none,0.0,
endurance,14,healthy,760.0,78.52890163935817,79.35432781115782,613.4284717638775,1516.2446242245157,66.42214029062531,31.045831981236937,6.088967300323676,0.19152651783977326,12.88531467070528,19.643500673632573,0.7374163765422648,3000.0,-4.5,0.45,none,0.0,
endurance,14,healthy,761.0,78.52740146729924,77.65458371966402,613.3109425383634,1526.1577105302283,65.5806510331927,31.099688716667572,6.088967300323676,0.23276587857642667,12.875962785262042,20.152229946928923,0.7374255422185018,3000.0,-4.5,0.45,none,0.0,
endurance,14,healthy,762.0,78.52593701362268,78.06806864694,610.0345106635567,1515.1389571766024,65.5449131255724,30.919089371808198,6.088967300323676,0.1997561770945061,12.945642975986285,20.19782994440324,0.7374344896643521,3000.0,-4.5,0.45,none,0.0,
endurance,14,healthy,763.0,78.5245074278908,78.81068832554465,611.7714516712063,1519.0810177784433,66.08663967802714,31.44278658782419,6.088967300323676,0.1797160606459619,12.843350876731892,19.91673427928179,0.7374432240757776,3000.0,-4.5,0.45,none,0.0,
endurance,14,healthy,764.0,78.52311187991442,79.15473097022856,611.5311631249962,1523.6629075543908,66.37118668698561,30.94385807486915,6.088967300323676,0.27038035221239176,12.890129739316471,19.723788593364812,0.7374517505250262,3000.0,-4.5,0.45,none,0.0,
endurance,14,healthy,765.0,78.52174955927083,78.94992182207416,609.8080368140911,1522.0269020785822,65.40783877463555,30.736402766404648,6.088967300323676,0.14050212876912666,12.944456566469709,19.935315874492595,0.7374600739635784,3000.0,-4.5,0.45,none,0.0,
endurance,14,healthy,766.0,78.52041967483304,78.04364805432964,608.8756476007416,1519.5867830684574,66.37127353844035,31.11634925347507,6.088967300323676,0.23482322871233494,12.957125949310395,20.089167800398698,0.7374681992250223,3000.0,-4.5,0.45,none,0.0,
endurance,14,healthy,767.0,78.51912145431042,78.68106818826277,614.9559249950627,1526.175855871079,65.45555259160872,30.71669728015559,6.088967300323676,0.2069716699190953,12.925504561041603,19.976300772436133,0.7374761310278601,3000.0,-4.5,0.45,none,0.0,
endurance,14,healthy,768.0,78.51785414380025,79.24842316410923,612.436889077188,1519.963663496623,66.10831145971402,31.210441163634098,6.088967300323676,0.16023773348669154,12.94903394924926,19.930906464746016,0.7374838739782497,3000.0,-4.5,0.45,none,0.0,
endurance,14,healthy,769.0,78.51661700734985,78.0494782546308,618.1140295474764,1520.6755068679556,66.41922023756177,30.307188443622984,6.088967300323676,0.25454282269927814,12.949361686954235,20.022583111959847,0.7374914325726776,3000.0,-4.5,0.45,none,0.0,
endurance,14,healthy,770.0,78.51540932652922,77.87467273996317,616.2100512498245,1516.7390056095037,66.39824346887544,30.27460150978292,6.088967300323676,0.14280037974947507,12.8815795797586,20.06205682832321,0.7374988112005714,3000.0,-4.5,0.45,none,0.0,
endurance,14,healthy,771.0,78.51423040001384,78.4651291897617,611.1185548535013,1521.4841053105984,67.04384137999212,30.832705724529603,6.088967300323676,0.11191490465666967,12.944763670479258,19.8675560636537,0.7375060141468488,3000.0,-4.5,0.45,none,0.0,
endurance,14,healthy,772.0,78.5130795431774,78.76937964594188,617.1480618846168,1521.3219461572771,65.73932794048504,30.19020290990425,6.088967300323676,0.17338497246154355,13.002560686455395,20.047488230885282,0.7375130455944052,3000.0,-4.5,0.45,none,0.0,
endurance,14,healthy,773.0,78.5119560876942,77.60546636401784,609.5238571100443,1508.2615603990737,66.03678214423432,30.693098123405562,6.088967300323676,0.22591918733176314,12.916394559078036,20.247231926222288,0.7375199096265437,3000.0,-4.5,0.45,none,0.0,
endurance,14,healthy,774.0,78.51085938115109,78.98007847950817,611.4237431878399,1514.373221202815,66.38892042385154,30.60951717162745,6.088967300323676,0.18101080048099374,12.800612015826717,19.96709917128392,0.7375266102293454,3000.0,-4.5,0.45,none,0.0,
endurance,14,healthy,775.0,78.50978878666852,78.82223600618278,610.4796676525007,1518.3913063586256,66.48863551445527,30.560300864497933,6.088967300323676,0.288550362971638,12.888049273905521,19.993562456859355,0.7375331512939853,3000.0,-4.5,0.45,none,0.0,
endurance,14,healthy,776.0,78.50874368253078,77.56720837137627,606.3856669963774,1510.8728423579926,65.56232211524198,30.242862990333048,6.088967300323676,0.25625769920766545,12.937064665343387,20.09446467611246,0.7375395366189909,3000.0,-4.5,0.45,none,0.0,
endurance,14,healthy,777.0,78.50772346182488,79.2707570638144,611.3260823204351,1527.0276517011575,65.79194036350715,29.757877518909073,6.088967300323676,0.2774481022849152,12.965980148824812,19.881624420274093,0.7375457699124488,3000.0,-4.5,0.45,none,0.0,
endurance,14,healthy,778.0,78.50672753208818,79.20530570747943,608.9683668679028,1509.8096910764543,66.89654887487313,31.006967254068645,6.088967300323676,0.2024190057143683,12.907429498269154,20.48938333265575,0.7375518547941575,3000.0,-4.5,0.45,none,0.0,
endurance,14,healthy,779.0,78.50575531496425,77.85661768407442,614.905686629353,1517.8769020099478,66.07074350389512,31.05332423020867,6.088967300323676,0.1325193838229921,12.910122099644493,20.25136829390777,0.7375577947977305,3000.0,-4.5,0.45,none,0.0,
endurance,14,healthy,780.0,78.50480624586709,79.32135535318662,612.912240780386,1513.9997927801776,66.91151026397877,30.470829076210993,6.088967300323676,0.16151456781404483,12.878146139168923,19.798167469180417,0.7375635933726468,3000.0,-4.5,0.45,none,0.0,
endurance,14,healthy,781.0,78.50387977365318,78.99658324198028,619.2536708567005,1522.3689265106814,66.07705838847012,30.600778431796346,6.088967300323676,0.14468676134844768,12.880204361773039,20.23515439530765,0.7375692538862557,3000.0,-4.5,0.45,none,0.0,
endurance,14,healthy,782.0,78.50297536030152,78.47198006879627,610.9354467084793,1518.4724391451432,66.41609382637085,30.107026982301917,6.088967300323676,0.13987710866536732,12.95263543746186,19.87363533026165,0.737574779625731,3000.0,-4.5,0.45,none,0.0,
endurance,14,healthy,783.0,78.50209248060109,78.31900563909248,612.3452170198674,1513.3491443152675,66.547366758368,31.11380862316658,6.088967300323676,0.18294567529266756,12.884245066086914,20.035175707723884,0.7375801737999808,3000.0,-4.5,0.45,none,0.0,
endurance,14,healthy,784.0,78.5012306218459,78.05224736849819,614.3476947862439,1526.8734253723635,66.04980622426146,31.22078883496777,6.088967300323676,0.23052588662529575,12.98727686738456,19.974491270101165,0.7375854395415103,3000.0,-4.5,0.45,none,0.0,
endurance,14,healthy,785.0,78.50038928353727,78.61497595481308,611.8708476716258,1512.9170187471216,66.65537511618297,30.976546610147096,6.088967300323676,0.2500244244724813,12.948433934543555,19.924494224545782,0.7375905799082414,3000.0,-4.5,0.45,none,0.0,
endurance,14,healthy,786.0,78.49956797709314,78.7864130868261,613.7164629074254,1514.4818287178423,65.7550468005507,31.37735965506967,6.088967300323676,0.29975129662341343,13.01007668583542,19.704316152591563,0.7375955978852885,3000.0,-4.5,0.45,none,0.0,
endurance,14,healthy,787.0,78.49876622556434,78.36443755704501,610.2919033604459,1521.2298986989415,67.18800227814731,31.669424770808643,6.088967300323676,0.22651323148435734,12.875525738023727,20.17361962835689,0.7376004963866916,3000.0,-4.5,0.45,none,0.0,
endurance,14,healthy,788.0,78.49798356335765,79.00006546071745,610.0608004942687,1524.0472402876403,65.47183857284989,30.84458092848322,6.088967300323676,0.14959056919911906,12.923500130308911,20.29799401256071,0.7376052782571089,3000.0,-4.5,0.45,none,0.0,
endurance,14,healthy,789.0,78.4972195359654,77.95470098046795,614.0455418464805,1517.0138892560924,66.61034501719254,31.142410374901143,6.088967300323676,0.2548194344137307,12.952425176611946,19.798784508071446,0.7376099462734688,3000.0,-4.5,0.45,none,0.0,
endurance,14,healthy,790.0,78.49647369970154,78.78595539400312,611.8076660455094,1529.5946754481731,66.3513455082245,30.73231253977121,6.088967300323676,0.12244262716186988,12.920101935670637,19.618092913963224,0.7376145031465818,3000.0,-4.5,0.45,none,0.0,
endurance,14,healthy,791.0,78.49574562144396,78.30841598869684,614.1661664536974,1523.3705573865095,66.37261582324358,31.225969157539737,6.088967300323676,0.0931745653348352,12.944797380093735,20.05355295821967,0.7376189515227161,3000.0,-4.5,0.45,none,0.0,
endurance,14,healthy,792.0,78.495034878383,78.51840930647334,614.1525602358754,1519.9346930952443,66.43402756385795,30.438709454390093,6.088967300323676,0.24136123140276095,12.888860598168892,19.784012939897302,0.7376232939851328,3000.0,-4.5,0.45,none,0.0,
endurance,14,healthy,793.0,78.49434105777586,79.28586381267384,613.4136174239112,1508.287148044251,66.33950199464098,30.650146364249398,6.088967300323676,0.162683964682305,12.946041490011986,19.82064488740073,0.7376275330555873,3000.0,-4.5,0.45,none,0.0,
endurance,14,healthy,794.0,78.493663756707,78.30960056509403,612.1956229888216,1523.8579959082113,65.42181553964483,30.64905955242072,6.088967300323676,0.19594299221142256,12.925206652162945,20.012411455474815,0.7376316711957926,3000.0,-4.5,0.45,none,0.0,
endurance,14,healthy,795.0,78.49300258185406,78.02581639780993,614.6059703024729,1511.8614449416993,66.783490618766,31.072116784909927,6.088967300323676,0.1837382901438706,12.861202682475794,20.00540750791038,0.7376357108088505,3000.0,-4.5,0.45,none,0.0,
endurance,14,healthy,796.0,78.49235714925952,78.32328337165659,616.2130487288592,1510.318591143118,66.74214715167783,30.284359972449124,6.088967300323676,0.16757215668649206,13.009386997119584,19.931607640720394,0.7376396542406449,3000.0,-4.5,0.45,none,0.0,
endurance,14,healthy,797.0,78.49172708410771,78.02380495135978,609.0113940754715,1523.7243721529958,67.09371544771011,30.7390047720624,6.088967300323676,0.10137785978766187,13.006112599830367,20.07680156112551,0.7376435037812061,3000.0,-4.5,0.45,none,0.0,
endurance,14,healthy,798.0,78.49111202050713,78.15062069249086,609.4599345576647,1509.5350005390824,66.23892457402403,30.410258745132182,6.088967300323676,0.15151976880917506,12.911726303648182,20.135402352991353,0.7376472616660399,3000.0,-4.5,0.45,none,0.0,
endurance,14,healthy,799.0,78.490511601278,78.48895476064259,610.5523298589846,1526.643499993389,65.96772894903847,30.899906847631538,6.088967300323676,0.3365986883572353,12.898860613770381,19.892179734048135,0.737650930077425,3000.0,-4.5,0.45,none,0.0,
endurance,14,healthy,800.0,78.48992547774479,78.31810688013678,611.5603444766639,1513.6129543376085,66.31522083682076,31.213797278975854,6.088967300323676,0.221491770245937,12.983582345299848,19.73777580954389,0.737654511145682,3000.0,-4.5,0.45,none,0.0,
endurance,14,healthy,801.0,78.48935330953381,78.25857983168775,614.3088998405871,1525.561734251691,66.08983677804396,31.01349428741904,6.088967300323676,0.236797002811731,12.80607588994703,20.112697461358447,0.7376580069504091,3000.0,-4.5,0.45,none,0.0,
endurance,14,healthy,802.0,78.48879476437547,78.4525592631536,612.0613193367766,1518.856509110446,66.86095022279778,30.553808572244236,6.088967300323676,0.2051674657781017,12.93884726859648,19.657135107737247,0.7376614195216903,3000.0,-4.5,0.45,none,0.0,
endurance,14,healthy,803.0,78.48824951791137,78.62964269339727,613.164346837355,1511.303108045908,67.05278225862288,31.189443696220117,6.088967300323676,0.2189351920869878,12.92735007725544,19.915734708263972,0.7376647508412744,3000.0,-4.5,0.45,none,0.0,
endurance,14,healthy,804.0,78.48771725350595,78.2901607657104,610.8770545149963,1524.8433087880871,66.5959091810264,30.21570207940305,6.088967300323676,0.21054781761262106,12.886478342860624,19.93535275319633,0.7376680028437254,3000.0,-4.5,0.45,none,0.0,
endurance,14,healthy,805.0,78.48719766206256,78.93083913778493,619.0954233885873,1521.0499446886956,65.91151801965145,30.735398618122343,6.088967300323676,0.17885884024894594,12.923669809668857,19.863801948170572,0.7376711774175466,3000.0,-4.5,0.45,none,0.0,
endurance,14,healthy,806.0,78.486690441844,78.31601644893483,615.2757976399059,1517.3928613408414,65.61599536049388,30.66773985224478,6.088967300323676,0.11962489522901504,12.951337061079192,20.10635830862341,0.7376742764062769,3000.0,-4.5,0.45,none,0.0,
endurance,14,healthy,807.0,78.48619529829732,78.17715301846243,613.6336800076145,1510.3997739456956,66.84227499440715,31.24515083795631,6.088967300323676,0.282181312579309,12.920511932171783,20.186957675403093,0.7376773016095612,3000.0,-4.5,0.45,none,0.0,
endurance,14,healthy,808.0,78.4857119438827,78.46440957656176,615.2157641680329,1513.0639879808098,65.88281737834544,30.226534877311856,6.088967300323676,0.2300702974112436,12.832656223314872,19.697240636041727,0.7376802547841959,3000.0,-4.5,0.45,none,0.0,
endurance,14,healthy,809.0,78.48524009790653,78.5773580254292,612.073057796576,1524.9725410724868,66.46655264155984,30.874605836013817,6.088967300323676,0.27679392652599233,12.86982246187792,19.908835553164778,0.7376831376451489,3000.0,-4.5,0.45,none,0.0,
endurance,14,healthy,810.0,78.48477948635836,78.12204934721049,611.0314082235091,1525.1394156212361,66.44671877832383,31.49128768422564,6.088967300323676,0.20706373128841174,12.933288750315754,19.91531053299022,0.7376859518665553,3000.0,-4.5,0.45,none,0.0,
endurance,14,healthy,811.0,78.48432984175182,78.77547499566721,609.517522489404,1530.1211264550354,65.56938456947454,30.85813930959436,6.088967300323676,0.18387425762552254,12.935778213516711,20.358052052509127,0.7376886990826901,3000.0,-4.5,0.45,none,0.0,
endurance,14,healthy,812.0,78.48389090296924,77.72037359932102,614.8374507565558,1523.1579060281877,65.39512922295579,31.53942429843599,6.088967300323676,0.21330239361164122,12.899006769381474,19.99948230670076,0.737691380888917,3000.0,-4.5,0.45,none,0.0,
endurance,14,healthy,813.0,78.48346241511005,78.42906363825574,610.5194784721097,1517.59782108969,66.15137719277489,30.6700880335117,6.088967300323676,0.16829198352296787,12.936213321256988,19.84270780128624,0.7376939988426146,3000.0,-4.5,0.45,none,0.0,
endurance,14,healthy,814.0,78.48304412934276,77.88837181771865,609.794733493969,1521.085535174038,66.87712385587466,31.11169662803235,6.088967300323676,0.23867029713164598,13.028226359748656,19.828292885360604,0.7376965544640813,3000.0,-4.5,0.45,none,0.0,
endurance,14,healthy,815.0,78.4826358027604,78.31716877494421,613.3076888135332,1517.4916273570952,66.36885148593348,30.904848356423667,6.088967300323676,0.1778029080492023,12.953391478778663,19.88510742098786,0.7376990492374179,3000.0,-4.5,0.45,none,0.0,
endurance,14,healthy,816.0,78.48223719823952,78.14044402328254,613.802547636672,1516.7863615475144,66.22219141311837,31.326706709041154,6.088967300323676,0.20684950908139524,12.89819141678761,20.110266142806807,0.7377014846113894,3000.0,-4.5,0.45,none,0.0,
endurance,14,healthy,817.0,78.48184808430247,78.68209344984767,615.1287463449584,1515.385476457952,66.90922345586323,29.98817942665729,6.088967300323676,0.2149040496950338,12.932580170849047,19.666398399797007,0.7377038620002663,3000.0,-4.5,0.45,none,0.0,
endurance,14,healthy,818.0,78.48146823498297,79.22639883170065,608.465663527106,1518.141040591928,66.12149603229217,30.59043276598074,6.088967300323676,0.2267850665724972,12.973752476713456,19.755258106573915,0.7377061827846461,3000.0,-4.5,0.45,none,0.0,
endurance,14,healthy,819.0,78.48109742969488,78.4266152077768,609.2227941032816,1528.4127379907795,66.29507715167955,31.078418037593725,6.088967300323676,0.25437965721937555,12.939903963254542,20.314407335532465,0.7377084483122549,3000.0,-4.5,0.45,none,0.0,
endurance,14,healthy,820.0,78.48073545310413,79.05911956883995,614.8656988466469,1513.1380428312568,66.42860901927807,30.50339313451621,6.088967300323676,0.227118529066903,12.91095996391078,20.275787812879262,0.7377106598987304,3000.0,-4.5,0.45,none,0.0,
endurance,14,healthy,821.0,78.48038209500363,78.68048107051135,617.6373494210148,1524.4632173623365,66.53357051793394,30.903820948503945,6.088967300323676,0.20848271827175904,13.007605202367436,19.800885335510095,0.7377128188283848,3000.0,-4.5,0.45,none,0.0,
endurance,14,healthy,822.0,78.48003715019125,77.33075593540175,614.2878752173026,1518.5552229489278,66.10786844582017,30.77066489317869,6.088967300323676,0.21923500072499824,12.9179244416702,19.978212742129337,0.7377149263549523,3000.0,-4.5,0.45,none,0.0,
endurance,14,healthy,823.0,78.47970041835059,78.25081870066276,613.8554703498073,1520.4510325864912,65.74743077157405,31.384182453815946,6.088967300323676,0.1831056986497618,12.912347285614603,20.230483054223576,0.7377169837023159,3000.0,-4.5,0.45,none,0.0,
endurance,14,healthy,824.0,78.4793717039347,78.21302154773429,611.0622821769236,1520.9676804562596,66.7640161561457,31.393438854713683,6.088967300323676,0.2522778895018385,12.933336005927229,19.99906723068252,0.7377189920652183,3000.0,-4.5,0.45,none,0.0,
endurance,14,healthy,825.0,78.47905081605253,78.87054675422056,605.101858095448,1519.7000136975507,65.93635969368589,30.545119867184024,6.088967300323676,0.23606399070845535,12.862333394079174,20.059661809241298,0.7377209526099563,3000.0,-4.5,0.45,none,0.0,
endurance,14,healthy,826.0,78.47873756835803,79.01701134866288,611.091608191124,1524.333058665878,66.33008225022695,30.698515655319063,6.088967300323676,0.1929850266781256,12.9086053989342,20.11735218498554,0.7377228664750579,3000.0,-4.5,0.45,none,0.0,
endurance,14,healthy,827.0,78.47843177894197,78.26023117301443,618.8743250185689,1511.0193303543872,66.00161651878432,30.797308976892413,6.088967300323676,0.16304690100923117,12.859364866674833,19.978603991914827,0.7377247347719426,3000.0,-4.5,0.45,none,0.0,
endurance,14,healthy,828.0,78.47813327022628,78.82581157363774,616.62774801439,1523.5229925125768,67.1140876337124,30.421168999813524,6.088967300323676,0.23715503289675122,12.859761169478016,20.356482989393342,0.7377265585855683,3000.0,-4.5,0.45,none,0.0,
endurance,14,healthy,829.0,78.47784186886098,78.45567679144968,614.994172459065,1526.3290261568936,66.20949528822291,30.142202413194443,6.088967300323676,0.2935016509735266,12.86163997634582,20.012666856209794,0.73772833897506,3000.0,-4.5,0.45,none,0.0,
endurance,14,healthy,830.0,78.47755740562341,78.4783670225787,617.5509785998149,1519.119736024827,67.0872472129972,31.130803205392827,6.088967300323676,0.22965643212644288,12.923735734993837,20.114865235223224,0.7377300769743256,3000.0,-4.5,0.45,none,0.0,
endurance,14,healthy,831.0,78.47727971532008,78.23751763727309,616.2093135403884,1523.0370630628236,66.55340861405833,30.098155387007562,6.088967300323676,0.24332091660568075,12.836585250319335,19.897675654756096,0.7377317735926565,3000.0,-4.5,0.45,none,0.0,
endurance,14,healthy,832.0,78.47700863669064,79.00393206336484,614.8780681874961,1522.6783164708443,65.61197991248355,30.071890533249736,6.088967300323676,0.287559122624999,12.992294573157237,20.11538260030699,0.7377334298153126,3000.0,-4.5,0.45,none,0.0,
endurance,14,healthy,833.0,78.47674401231427,78.63549957953097,612.6738963011798,1520.6955844408164,66.21920103516257,30.667062265794303,6.088967300323676,0.1681010192372158,12.941997365853348,19.919452738553236,0.7377350466040962,3000.0,-4.5,0.45,none,0.0,
endurance,14,healthy,834.0,78.4764856885183,79.08036721292676,611.7494772102908,1518.544598406466,65.70205195215573,29.92102104339793,6.088967300323676,0.22518150838906856,12.875496490872566,20.16240033809225,0.7377366248979086,3000.0,-4.5,0.45,none,0.0,
endurance,14,healthy,835.0,78.4762335152889,77.95010788424426,612.1554190789461,1520.2385771663419,66.39225081885813,30.4093397712633,6.088967300323676,0.21498944496704575,12.840787945795606,19.86658617452483,0.737738165613297,3000.0,-4.5,0.45,none,0.0,
endurance,14,healthy,836.0,78.475987346184,78.53855322932775,611.8366486842515,1518.907626177606,66.40583529596569,31.485888340162155,6.088967300323676,0.16711970225454517,12.93183274819743,19.85846404678811,0.7377396696449856,3000.0,-4.5,0.45,none,0.0,
endurance,14,healthy,837.0,78.47574703824827,78.48841176726141,614.4986553604828,1516.064126290151,66.44339943331673,31.57959099844541,6.088967300323676,0.1878131251903868,12.907015528102919,20.335669965372283,0.7377411378663958,3000.0,-4.5,0.45,none,0.0,
endurance,14,healthy,838.0,78.47551245193006,77.95988636271522,613.6425552528979,1519.7124500273048,66.20183002477691,31.07911633905312,6.088967300323676,0.15732180253720865,12.933300931410251,19.92839607493634,0.7377425711301536,3000.0,-4.5,0.45,none,0.0,
endurance,14,healthy,839.0,78.47528345100038,78.24675096745855,615.3708918359833,1516.5825047819314,65.61126804372657,30.171680227162614,6.088967300323676,0.1622616654737664,12.932034097067124,19.886933508431948,0.7377439702685837,3000.0,-4.5,0.45,none,0.0,
endurance,14,healthy,840.0,78.47505990247379,79.4751990545415,611.5104582332511,1529.3083907471598,65.7039059553648,30.99755593045118,6.088967300323676,0.23076586182703487,12.916955738346127,20.45453135803714,0.7377453360941941,3000.0,-4.5,0.45,none,0.0,
endurance,14,healthy,841.0,78.47484167653116,78.48710204194053,611.9955101898031,1514.8708921038278,66.29725516551042,30.698751992171204,6.088967300323676,0.22595805647895786,12.951577269476559,20.031497250100678,0.7377466694001471,3000.0,-4.5,0.45,none,0.0,
endurance,14,healthy,842.0,78.4746286464443,78.51134283798032,604.863768387801,1525.3354190786204,66.68731458760251,30.816000325001514,6.088967300323676,0.24219829502182647,12.869863066842562,20.272421706671416,0.7377479709607202,3000.0,-4.5,0.45,none,0.0,
endurance,14,healthy,843.0,78.47442068850238,78.37663825638266,617.6831493825628,1515.315569612186,66.63983370789786,30.41491972920534,6.088967300323676,0.15903357871483878,13.008009557334438,20.022680560490144,0.7377492415317559,3000.0,-4.5,0.45,none,0.0,
endurance,14,healthy,844.0,78.47421768194002,78.65938808778465,616.398090837765,1519.0185274223945,66.84439619081567,30.087770551011655,6.088967300323676,0.1841766246498338,12.940998027459969,19.996487821636894,0.7377504818511003,3000.0,-4.5,0.45,none,0.0,
endurance,14,healthy,845.0,78.47401950886724,78.87352104165016,611.4897532854823,1518.4299914783212,66.78629904690172,30.288096128701714,6.088967300323676,0.14681458007819498,12.870333187547224,20.077145142455464,0.7377516926390317,3000.0,-4.5,0.45,none,0.0,
endurance,14,healthy,846.0,78.47382605420096,78.90124587511694,609.4284276010054,1517.899735793399,66.84463915532953,30.05296643212779,6.088967300323676,0.1096353737646322,12.877167000173165,20.2056482196222,0.737752874598679,3000.0,-4.5,0.45,none,0.0,
endurance,14,healthy,847.0,78.47363720559815,78.80068686959831,616.2331623614715,1522.3802162166076,66.42354647725864,30.53942313820534,6.088967300323676,0.2040699602585662,12.8869609357483,20.082957919034673,0.73775402841643,3000.0,-4.5,0.45,none,0.0,
endurance,14,healthy,848.0,78.47345285339065,78.51993263148259,614.6927832572654,1530.1431567613558,66.24998951676096,30.40436192290743,6.088967300323676,0.16120374787548372,12.963375588459714,20.128068297936796,0.7377551547623298,3000.0,-4.5,0.45,none,0.0,
endurance,14,healthy,849.0,78.47327289052143,79.0361540989029,612.3176841480321,1511.8873744108519,66.45990935717352,31.012419905490887,6.088967300323676,0.2207658915676845,12.930173111004201,20.163174200811035,0.7377562542904699,3000.0,-4.5,0.45,none,0.0,
endurance,14,healthy,850.0,78.47309721248243,79.29894771870826,608.5464751659607,1521.6730314012823,66.17679752800134,31.709653080188282,6.088967300323676,0.22201801753579894,12.897671453460953,20.397618610486578,0.7377573276393687,3000.0,-4.5,0.45,none,0.0,
endurance,14,healthy,851.0,78.47292571725389,77.63256695977583,609.7929605127089,1516.096413858565,66.876265513869,30.0778506149,6.088967300323676,0.18789578212897742,12.917674191365624,20.087871133613582,0.7377583754323414,3000.0,-4.5,0.45,none,0.0,
endurance,14,healthy,852.0,78.47275830524507,78.53365255657575,605.3790927707937,1519.5847329769506,66.55090105832474,31.078438355541387,6.088967300323676,0.2138556127778824,12.803354274985278,19.541787473354635,0.7377593982778623,3000.0,-4.5,0.45,none,0.0,
endurance,14,healthy,853.0,78.47259487923645,78.99455996992141,611.2593550763902,1518.391377144315,65.9293785564384,30.213107073542034,6.088967300323676,0.1920449052750035,12.88168087611717,19.876801477579946,0.7377603967699184,3000.0,-4.5,0.45,none,0.0,
endurance,14,healthy,854.0,78.47243534432329,78.4030917399923,618.3528864364647,1527.9653547880393,64.66171118831998,30.69624231847138,6.088967300323676,0.17697492418140195,12.8470237152797,20.12277472105314,0.7377613714883541,3000.0,-4.5,0.45,none,0.0,
endurance,14,healthy,855.0,78.47227960786043,78.28826285099372,610.7623612432851,1520.262517041418,66.3259783122546,29.80668980966694,6.088967300323676,0.14347944585368283,12.945087444928802,20.029847853367002,0.7377623229992081,3000.0,-4.5,0.45,none,0.0,
endurance,14,healthy,856.0,78.47212757940859,78.54357629701425,611.3341751950786,1515.5465062220449,66.44086017978752,31.510502014954128,6.088967300323676,0.19706369020741155,12.860189977932412,19.593255500311606,0.7377632518550417,3000.0,-4.5,0.45,none,0.0,
endurance,14,healthy,857.0,78.4719791706818,78.4157399340403,609.4589737135811,1520.1258524825216,65.88153667560685,30.17789788931961,6.088967300323676,0.12559198770022234,12.918574841199343,19.80573903807015,0.7377641585952601,3000.0,-4.5,0.45,none,0.0,
endurance,14,healthy,858.0,78.47183429549612,78.38459299369231,617.3183734041011,1519.5674004298373,66.13940420184375,30.566711676870014,6.088967300323676,0.28227216226257,12.9754634404026,20.072255171894728,0.7377650437464258,3000.0,-4.5,0.45,none,0.0,
endurance,14,healthy,859.0,78.47169286971963,78.6318338250568,613.8376252926655,1514.02008383573,66.90381139363825,30.977331659126925,6.088967300323676,0.24425221357965043,12.881976895641094,19.69007240594602,0.7377659078225638,3000.0,-4.5,0.45,none,0.0,
endurance,14,healthy,860.0,78.47155481122353,78.94990239839996,612.3469255218819,1528.9828740267988,65.81888040508935,31.07932522021291,6.088967300323676,0.1447533805436243,12.922527087482997,20.108064193355677,0.7377667513254603,3000.0,-4.5,0.45,none,0.0,
endurance,14,healthy,861.0,78.47142003983447,78.64241068679037,614.1478054410015,1531.5826716440204,66.41483439949378,31.136537813364427,6.088967300323676,0.17674340711966355,12.788986159220498,20.087765917088465,0.7377675747449547,3000.0,-4.5,0.45,none,0.0,
endurance,14,healthy,862.0,78.47128847728801,78.9257968745358,614.6706997842941,1524.6245843750523,66.19457209172852,30.444304614807862,6.088967300323676,0.17436256010410636,13.009089548473902,20.207212702066116,0.7377683785592228,3000.0,-4.5,0.45,none,0.0,
endurance,14,healthy,863.0,78.47116004718315,79.03701310508298,610.5355590018218,1514.4690306383789,65.70691203226369,30.044015493870408,6.088967300323676,0.1406091822279735,12.987028486073996,19.987557265379333,0.737769163235056,3000.0,-4.5,0.45,none,0.0,
endurance,14,healthy,864.0,78.47103467493791,78.43153382287761,613.8712739958462,1520.2210909552898,65.48587006088192,30.58266564279866,6.088967300323676,0.24920257274845312,12.90695334588189,19.853623480235832,0.7377699292281313,3000.0,-4.5,0.45,none,0.0,
endurance,14,healthy,865.0,78.47091228774613,78.47211699844898,610.2114649680142,1525.7845662727468,66.35394314290724,30.640575701486124,6.088967300323676,0.24969417146255207,12.83576462846711,20.180764261618116,0.7377706769832764,3000.0,-4.5,0.45,none,0.0,
endurance,14,healthy,866.0,78.47079281453512,77.49590045977749,616.2593493549351,1515.7776451455916,66.39816606226928,30.963157447552213,6.088967300323676,0.13922731189446533,12.973809511303815,19.87435601792098,0.7377714069347274,3000.0,-4.5,0.45,none,0.0,
endurance,14,healthy,867.0,78.47067618592436,78.06738454607503,614.7703883695153,1517.5828401540032,66.25172375657321,30.260673712839388,6.088967300323676,0.18873879865141652,12.916272899401632,19.887186172552003,0.737772119506382,3000.0,-4.5,0.45,none,0.0,
endurance,14,healthy,868.0,78.47056233418529,78.35910083423725,609.175642020726,1522.0493037064443,66.86799664795097,30.78888991524354,6.088967300323676,0.20616246636019697,12.859749412953645,20.072611246925245,0.7377728151120447,3000.0,-4.5,0.45,none,0.0,
endurance,14,healthy,869.0,78.47045119320191,78.899503054193,610.5838903332084,1513.8510243874712,65.6924299213523,30.995516672814883,6.088967300323676,0.21023384697821562,12.954702263603863,19.712224551538565,0.737773494155668,3000.0,-4.5,0.45,none,0.0,
endurance,14,healthy,870.0,78.47034269843242,78.77852361170045,614.9721614246098,1521.1269180580468,66.42284056134176,31.266327820164516,6.088967300323676,0.20473502572146476,12.959690422764314,19.87128220334527,0.7377741570315859,3000.0,-4.5,0.45,none,0.0,
endurance,14,healthy,871.0,78.47023678687172,78.34864271401491,613.5759666673748,1518.9376256007715,66.51298948022851,30.25616115888526,6.088967300323676,0.18146105483305008,12.858432420279108,19.745657202368665,0.7377748041247438,3000.0,-4.5,0.45,none,0.0,
endurance,14,healthy,872.0,78.47013339701486,78.79229260433398,611.5093845922502,1517.9051847914802,66.22601408847339,29.97320966311852,6.088967300323676,0.18316160165305032,12.850099805540204,20.03456091579977,0.7377754358109216,3000.0,-4.5,0.45,none,0.0,
endurance,14,healthy,873.0,78.47003246882126,78.21590475462972,613.0250887383781,1522.3191462966824,65.39597058631668,30.479226891602675,6.088967300323676,0.17398617117117623,12.90703446036001,19.876628008533064,0.7377760524569525,3000.0,-4.5,0.45,none,0.0,
endurance,14,healthy,874.0,78.46993394367988,78.45505180460839,610.5900462942009,1522.4549298882118,67.18872839550318,31.066271151371815,6.088967300323676,0.21461457640163464,12.96435280403569,20.24967909911694,0.7377766544209352,3000.0,-4.5,0.45,none,0.0,
endurance,14,healthy,875.0,78.4698377643752,77.84483645301717,612.0145689526477,1507.190652267314,66.33906298591734,30.60134922735265,6.088967300323676,0.29734000266206084,12.912351714753687,19.68818721812614,0.737777242052442,3000.0,-4.5,0.45,none,0.0,
endurance,14,healthy,876.0,78.46974387505396,78.97125134044265,609.9101576613683,1518.3400470476358,66.68523515947247,30.534209110539944,6.088967300323676,0.14700132248820644,12.900514486253792,19.753279215838152,0.7377778156927224,3000.0,-4.5,0.45,none,0.0,
endurance,14,healthy,877.0,78.46965222119276,78.2488551606157,613.2536720408021,1524.6814408810508,64.91482814640814,30.310437161150436,6.088967300323676,0.11988447939653393,12.922897834708557,20.101178987231165,0.7377783756749008,3000.0,-4.5,0.45,none,0.0,
endurance,14,healthy,878.0,78.46956274956635,79.01782197216228,612.6149185969961,1523.2445280175716,66.43897014690253,30.84268438899543,6.088967300323676,0.22835997187645182,12.959158727072912,19.99507348499703,0.7377789223241703,3000.0,-4.5,0.45,none,0.0,
endurance,14,healthy,879.0,78.46947540821675,77.93673844958448,613.7682192910053,1524.3703934362193,66.53764629534648,30.988033354726046,6.088967300323676,0.2937573633958502,12.839575762017247,20.188185057650397,0.737779455957981,3000.0,-4.5,0.45,none,0.0,
endurance,14,healthy,880.0,78.4693901464231,77.97585435130148,613.0314450675214,1515.7005916322566,66.85679765048474,30.0948065425482,6.088967300323676,0.14318805962852915,12.881710751031175,20.197170501706438,0.7377799768862248,3000.0,-4.5,0.45,none,0.0,
endurance,14,healthy,881.0,78.46930691467215,78.70065612177045,609.9476041736758,1523.0967832499512,66.37630913885953,30.516687284272155,6.088967300323676,0.24709860377760454,12.839987190431701,20.068286088124434,0.7377804854114152,3000.0,-4.5,0.45,none,0.0,
endurance,14,healthy,882.0,78.46922566462956,78.508276370156,618.1112354701798,1515.054118555931,66.06110103011176,29.95528880120463,6.088967300323676,0.26370585363730686,12.924265341540396,20.249557320071435,0.7377809818288628,3000.0,-4.5,0.45,none,0.0,
endurance,14,healthy,883.0,78.4691463491118,78.3756368804131,609.1701455747591,1522.2096938430007,65.59694465814296,30.85192006990287,6.088967300323676,0.20964431139145928,12.917296066319329,20.166849125088497,0.7377814664268475,3000.0,-4.5,0.45,none,0.0,
endurance,14,healthy,884.0,78.46906892205874,78.26153478703311,609.2255602044377,1525.4778642561716,65.26574405552222,30.348619854494977,6.088967300323676,0.24932387082454996,12.87850896737195,19.96344150758087,0.7377819394867849,3000.0,-4.5,0.45,none,0.0,
endurance,14,healthy,885.0,78.46899333850695,78.03839987971844,611.1265667869646,1522.3426890320118,65.89386337981767,30.144203147501266,6.088967300323676,0.15527357725001387,12.911676973151614,19.860816580072505,0.7377824012833905,3000.0,-4.5,0.45,none,0.0,
endurance,14,healthy,886.0,78.46891955456353,77.70367682188844,605.7355599833766,1516.0001594664775,67.0505436300377,30.82149636618773,6.088967300323676,0.2742389608010469,12.950148090398944,19.728300246496687,0.7377828520848388,3000.0,-4.5,0.45,none,0.0,
endurance,14,healthy,887.0,78.46884752738066,79.36199216802082,613.9792318346061,1531.288413262669,66.12437505386184,30.282232486350857,6.088967300323676,0.21680412710706665,13.031222827130037,19.814063425502418,0.7377832921529193,3000.0,-4.5,0.45,none,0.0,
endurance,14,healthy,888.0,78.46877721513073,78.29776751798012,613.8438428065513,1521.4715551567174,66.20294463953661,30.72634062229848,6.088967300323676,0.25941526525810044,12.843264526510316,19.732362134378945,0.7377837217431884,3000.0,-4.5,0.45,none,0.0,
endurance,14,healthy,889.0,78.46870857698198,79.73259320886774,610.5143503244251,1517.9478753475053,66.84036544616386,30.61579778789623,6.088967300323676,0.2501428801352725,12.83761367425652,19.963112707020027,0.7377841411051176,3000.0,-4.5,0.45,none,0.0,
endurance,14,healthy,890.0,78.46864157307488,78.60176331232017,615.1398439869831,1521.2823723245444,65.48740147534659,30.28487040914899,6.088967300323676,0.20505988409013098,12.888414217977907,19.795957580824115,0.7377845504822391,3000.0,-4.5,0.45,none,0.0,
endurance,14,healthy,891.0,78.46857616449888,78.38029471812894,607.0541207854426,1509.0647821722216,66.06562736678255,29.95126505019056,6.088967300323676,0.2644588619398019,12.976664758316193,19.83942489136061,0.7377849501122862,3000.0,-4.5,0.45,none,0.0,
endurance,14,healthy,892.0,78.46851231326994,78.24864863326275,611.6021593155035,1518.9713897340687,66.99390822365893,30.19051336493442,6.088967300323676,0.2108403321892705,12.982868967353765,20.403918272075163,0.7377853402273322,3000.0,-4.5,0.45,none,0.0,
endurance,14,healthy,893.0,78.46844998230836,77.95250689802714,609.2733798716313,1521.38449368269,67.0708767990546,30.98532192211872,6.088967300323676,0.19017105690631034,12.946138803035772,19.837364436951496,0.7377857210539248,3000.0,-4.5,0.45,none,0.0,
endurance,14,healthy,894.0,78.46838913541728,78.10598116457544,613.3951679105918,1522.7326318489788,66.35401925118146,30.972969124100974,6.088967300323676,0.24890059077075674,12.919919263251375,20.01695093616574,0.7377860928132175,3000.0,-4.5,0.45,none,0.0,
endurance,14,healthy,895.0,78.46832973726171,78.93933390959215,616.6628815836373,1518.7384418344218,66.41012559705261,30.530885486436137,6.088967300323676,0.11735725897798253,12.801376019803074,19.94989095477832,0.7377864557210986,3000.0,-4.5,0.45,none,0.0,
endurance,14,healthy,896.0,78.46827175334795,78.7618212463688,611.3548397612801,1516.0995188469276,66.62977793723273,30.84527429212849,6.088967300323676,0.30572683582356824,13.014642823306577,19.894656614515622,0.7377868099883157,3000.0,-4.5,0.45,none,0.0,
endurance,14,healthy,897.0,78.46821515000356,78.57876761147136,612.0157718544303,1519.1690588061808,66.58376753601135,30.226524733843235,6.088967300323676,0.28921086838461396,12.955606091958353,20.37729660385265,0.7377871558205991,3000.0,-4.5,0.45,none,0.0,
endurance,14,healthy,898.0,78.46815989435784,77.84188800690711,613.9701827459279,1515.0878680235833,65.8083510268515,30.664228610841622,6.088967300323676,0.23529433479872397,12.91102511886313,19.88596597754937,0.7377874934187805,3000.0,-4.5,0.45,none,0.0,
endurance,14,healthy,899.0,78.46810595432274,77.8709990010006,606.4669715405607,1515.8459175084831,66.20788430682428,30.43493492831333,6.088967300323676,0.18831764074025015,12.880045157711708,19.782086079813247,0.73778782297891,3000.0,-4.5,0.45,none,0.0,
endurance,14,healthy,900.0,78.46805329857418,78.23330162558236,616.0384859313923,1515.7196024014177,65.47113437696177,30.725408496031942,6.088967300323676,0.21798402329415068,13.01969454036382,19.860579219293474,0.7377881446923698,3000.0,-4.5,0.45,none,0.0,
endurance,14,healthy,901.0,78.46800189653392,78.77730417948173,608.981838767897,1521.0965345865666,65.98971781778685,30.983613425506217,6.088967300323676,0.19967402302025278,12.907119714361604,19.663393073283675,0.7377884587459852,3000.0,-4.5,0.45,none,0.0,
endurance,14,healthy,902.0,78.46795171835177,78.50926079795148,615.753951203326,1521.7320934180254,65.50220719618848,30.885912050941112,6.088967300323676,0.20796810215347958,12.953203944109168,20.219220269372837,0.7377887653221336,3000.0,-4.5,0.45,none,0.0,
endurance,14,healthy,903.0,78.46790273488824,78.70940758750599,615.3319083273111,1511.3830737135938,66.86046634761335,30.369115634612697,6.088967300323676,0.200443975325963,12.92203766752274,19.849802268812994,0.7377890645988499,3000.0,-4.5,0.45,none,0.0,
endurance,14,healthy,904.0,78.46785491769765,78.98443498987513,611.7332303623789,1514.0355371728729,66.15906738987945,29.820512685374823,6.088967300323676,0.17362203224004527,12.881128207683542,20.377946930652335,0.7377893567499301,3000.0,-4.5,0.45,none,0.0,
endurance,14,healthy,905.0,78.46780823901159,77.68111658410145,611.0210271561908,1523.1047773115106,65.99036877090485,30.675726914666825,6.088967300323676,0.18701416888084635,12.936595773126387,19.976459032751634,0.7377896419450323,3000.0,-4.5,0.45,none,0.0,
endurance,14,healthy,906.0,78.46776267172282,78.13509239826946,610.9463588900037,1516.8142352841946,66.5604210033617,29.851706176398746,6.088967300323676,0.11938606339375618,12.867738004703053,20.066439766419464,0.7377899203497748,3000.0,-4.5,0.45,none,0.0,
endurance,14,healthy,907.0,78.4677181893695,78.77895862233905,614.7052030702922,1518.7142207959341,65.93439715237184,31.689274069233335,6.088967300323676,0.1980230708627261,12.982156502327173,19.691884716545328,0.737790192125833,3000.0,-4.5,0.45,none,0.0,
endurance,14,healthy,908.0,78.46767476611984,78.67613839042508,612.3210265597189,1511.005374501807,65.67903724719677,30.984263300294085,6.088967300323676,0.2901805225442662,12.88645135619248,19.596566254112805,0.7377904574310326,3000.0,-4.5,0.45,none,0.0,
endurance,14,healthy,909.0,78.46763237675707,77.95237309499615,613.5079312295258,1517.5473305999878,67.21274513383919,30.179309610549645,6.088967300323676,0.14738614182422807,12.8920201780597,19.82777964534499,0.7377907164194417,3000.0,-4.5,0.45,none,0.0,
endurance,14,healthy,910.0,78.46759099666484,78.88430951864801,611.8165975309522,1518.5881790777894,65.90901449589585,29.985764051235964,6.088967300323676,0.09260804257684135,12.906556653577919,19.712613782546313,0.7377909692414604,3000.0,-4.5,0.45,none,0.0,
endurance,14,healthy,911.0,78.4675506018129,78.59221220350929,612.586247070819,1522.074163905872,65.98588293232811,30.538313510571413,6.088967300323676,0.16048223931555608,12.870690183487092,19.5662805434449,0.7377912160439069,3000.0,-4.5,0.45,none,0.0,
endurance,14,healthy,912.0,78.46751116874316,79.9720103057333,611.6747785842016,1519.0794707284404,65.96110980594499,31.2707823530286,6.088967300323676,0.19126085927146838,12.905099919254566,20.00753127827908,0.7377914569701047,3000.0,-4.5,0.45,none,0.0,
endurance,14,healthy,913.0,78.46747267455602,78.84506535101248,613.2168132636765,1519.314331504199,65.90647151899776,30.393248549674357,6.088967300323676,0.1832346594710063,12.86186593956715,19.89163569461017,0.7377916921599645,3000.0,-4.5,0.45,none,0.0,
endurance,14,healthy,914.0,78.46743509689715,78.01231655437257,614.8699755274454,1516.9813796383048,66.20477931802506,30.961979847981322,6.088967300323676,0.25253967687048706,13.005768977705515,19.476266366450844,0.7377919217500659,3000.0,-4.5,0.45,none,0.0,
endurance,14,healthy,915.0,78.46739841394444,78.3953544370023,609.4330044513852,1517.8693533865992,66.3072459297023,30.292290111109637,6.088967300323676,0.21112877394301474,12.912558678030537,20.157261641250532,0.7377921458737363,3000.0,-4.5,0.45,none,0.0,
endurance,14,healthy,916.0,78.46736260439536,77.66357015761125,613.1073759037074,1519.295554144622,66.87447456540161,31.247586880055458,6.088967300323676,0.22016639153295442,12.852701829021662,19.89151307638625,0.7377923646611289,3000.0,-4.5,0.45,none,0.0,
endurance,14,healthy,917.0,78.4673276474546,78.25605017195693,612.1968825061517,1524.2684583207622,66.52169937677701,30.265324806362884,6.088967300323676,0.20169011551566718,12.982394285048663,20.0943774498329,0.7377925782392976,3000.0,-4.5,0.45,none,0.0,
endurance,14,healthy,918.0,78.46729352282195,78.53421428762452,612.1817047101223,1515.8026667209158,66.94598078771325,29.750535661929188,6.088967300323676,0.20695843555659843,12.921360209292509,20.224092413180102,0.7377927867322719,3000.0,-4.5,0.45,none,0.0,
endurance,14,healthy,919.0,78.46726021068055,78.57808078455635,613.5639439480716,1519.1658007719323,66.2436822406482,31.489499372535462,6.088967300323676,0.11302600505727418,12.945898405640937,19.92009451694335,0.7377929902611278,3000.0,-4.5,0.45,none,0.0,
endurance,14,healthy,920.0,78.46722769168538,78.35140221495017,614.2139965127642,1525.055480473011,66.62450158981301,29.826324735290456,6.088967300323676,0.1980261581177272,12.99021203196536,19.957955983785023,0.7377931889440585,3000.0,-4.5,0.45,none,0.0,
endurance,14,healthy,921.0,78.467195946952,78.43021517437172,611.4432667026979,1516.395868071686,66.04270249445537,31.093499109860304,6.088967300323676,0.1675430368538347,13.005345556214774,19.69538073829015,0.7377933828964433,3000.0,-4.5,0.45,none,0.0,
endurance,14,healthy,922.0,78.4671649580456,77.4557694983613,606.6180214264252,1518.840647680294,66.43727529169892,30.197543596987163,6.088967300323676,0.154602941642936,12.899299186775124,20.273059899500055,0.7377935722309141,3000.0,-4.5,0.45,none,0.0,
endurance,14,healthy,923.0,78.46713470697031,78.4578066725173,615.4973215112096,1521.919305380451,65.58505845704931,30.498423632384192,6.088967300323676,0.19606393301581385,12.985141146797563,20.23004439233056,0.7377937570574213,3000.0,-4.5,0.45,none,0.0,
endurance,14,healthy,924.0,78.46710517615873,78.94276121859987,613.968525452052,1517.8547162747275,66.19136515212888,30.95740708587292,6.088967300323676,0.18623553028765602,12.880691612562163,20.1418981487551,0.7377939374832976,3000.0,-4.5,0.45,none,0.0,
endurance,14,healthy,925.0,78.46707634846169,78.20741225439109,611.9660146547135,1524.509256202313,66.50826500043158,30.092012113603186,6.088967300323676,0.2519539313838103,12.951942679872591,20.227682744073203,0.7377941136133195,3000.0,-4.5,0.45,none,0.0,
endurance,14,healthy,926.0,78.46704820713839,78.80967806632124,613.7586660631506,1515.3509489676983,66.16515939654637,31.080283896378056,6.088967300323676,0.207282740252592,12.840571726245,20.031173343713064,0.7377942855497696,3000.0,-4.5,0.45,none,0.0,
endurance,14,healthy,927.0,78.4670207358466,78.4021878438894,613.1072863983999,1508.2257724661354,66.65700139435755,30.633437738578174,6.088967300323676,0.23897892381976737,12.827173104833063,19.9369067714348,0.7377944533924945,3000.0,-4.5,0.45,none,0.0,
endurance,14,healthy,928.0,78.4669939186332,78.88584586798234,613.6333853240764,1509.2201696563716,66.94829162367166,30.338391772608947,6.088967300323676,0.18116086593155836,12.88181788837123,19.9997939936169,0.7377946172389642,3000.0,-4.5,0.45,none,0.0,
endurance,14,healthy,929.0,78.46696773992487,79.11402446523378,618.7020450969351,1526.7874240952199,66.38908909706565,30.930615425127332,6.088967300323676,0.31215416910778404,12.846283784167662,20.129601978254907,0.7377947771843274,3000.0,-4.5,0.45,none,0.0,
endurance,14,healthy,930.0,78.46694218451911,79.25347383414933,612.2917373947404,1524.0563558908527,66.36395457287789,30.658281123162283,6.088967300323676,0.15404504105244146,12.887432778676397,20.41526850325719,0.7377949333214677,3000.0,-4.5,0.45,none,0.0,
endurance,14,healthy,931.0,78.4669172375754,78.40731761451359,609.7404891391095,1512.7687120364649,65.31439579358616,30.394204728519647,6.088967300323676,0.2937387774525565,12.963931323121699,20.404220370451622,0.7377950857410569,3000.0,-4.5,0.45,none,0.0,
endurance,14,healthy,932.0,78.46689288460654,78.95884793662955,614.3589490330354,1515.9678719441433,66.83135040980918,31.45805716257578,6.088967300323676,0.25186508902286286,12.8571527883278,20.069352819791614,0.7377952345316086,3000.0,-4.5,0.45,none,0.0,
endurance,14,healthy,933.0,78.46686911147027,78.27084294168753,611.9979774225844,1523.326637303855,66.47457889786797,31.193771203071083,6.088967300323676,0.21407186471384662,12.814989129605355,20.090929166081064,0.7377953797795278,3000.0,-4.5,0.45,none,0.0,
endurance,14,healthy,934.0,78.46684590436107,78.25511118373247,616.2201389251666,1520.8152814151422,67.00159601211848,30.16313117622299,6.088967300323676,0.2174833162935465,12.899320891221993,20.163894670291526,0.7377955215691634,3000.0,-4.5,0.45,none,0.0,
endurance,14,healthy,935.0,78.46682324980208,80.07506245668161,613.4868431480297,1527.707004314137,65.5414451911476,30.984544144586458,6.088967300323676,0.13856833420531148,13.009363694465723,20.15364429391915,0.737795659982855,3000.0,-4.5,0.45,none,0.0,
endurance,14,healthy,936.0,78.46680113463735,78.61510105733561,612.6401846957204,1512.5760958101182,65.99815165663105,31.51138331483077,6.088967300323676,0.16418083674525857,12.959626857902272,19.751435464474678,0.7377957951009828,3000.0,-4.5,0.45,none,0.0,
endurance,14,healthy,937.0,78.46677954602416,78.34425454931855,610.7369404221141,1523.00325781576,65.7410097700893,30.384398405030137,6.088967300323676,0.25043342274485464,12.903370885145717,20.00843431878372,0.7377959270020122,3000.0,-4.5,0.45,none,0.0,
endurance,14,healthy,938.0,78.46675847142556,78.35657308157573,613.7689151043917,1514.9128472449443,66.3359670963778,30.438117042280915,6.088967300323676,0.19321298283579608,12.902912131693515,20.35863120868532,0.7377960557625409,3000.0,-4.5,0.45,none,0.0,
endurance,14,healthy,939.0,78.46673789860313,79.07091151907962,613.2026492347186,1511.1049069116689,66.74132379219387,30.36423201767782,6.088967300323676,0.2917328621050702,12.908184385689145,19.842408253500118,0.7377961814573428,3000.0,-4.5,0.45,none,0.0,
endurance,14,healthy,940.0,78.4667178156098,79.12406397681784,613.1742113588004,1516.8336361120569,66.90763020007266,29.68212761984993,6.088967300323676,0.20080834675916415,12.924099862726555,20.206544339219267,0.7377963041594113,3000.0,-4.5,0.45,none,0.0,
endurance,14,healthy,941.0,78.46669821078298,79.23842329020711,614.9252036921524,1513.725092897538,65.91057282991153,30.01922757288651,6.088967300323676,0.16928080146313162,12.875600755423202,19.842254479311748,0.737796423940002,3000.0,-4.5,0.45,none,0.0,
endurance,14,healthy,942.0,78.46667907273775,76.95574593064683,612.3988244887681,1519.015756583002,67.45875253938634,29.512513724008777,6.088967300323676,0.15878739036830036,12.86347475039806,20.268196743788764,0.7377965408686739,3000.0,-4.5,0.45,none,0.0,
endurance,14,healthy,943.0,78.46666039036026,78.40328606009089,615.2615165492789,1511.862927360664,66.20366067379129,30.08805161701045,6.088967300323676,0.10779281553320336,12.853499981137995,20.08978299945536,0.7377966550133297,3000.0,-4.5,0.45,none,0.0,
endurance,14,healthy,944.0,78.46664215280128,79.86258770699133,614.7526535750553,1515.1068028323032,66.27856890721473,30.723632699463277,6.088967300323676,0.18482586913440868,12.907821905775823,19.780944174585517,0.7377967664402556,3000.0,-4.5,0.45,none,0.0,
endurance,14,healthy,945.0,78.46662434946991,78.27865635771323,613.9046928981901,1520.6521381215439,65.6934115745123,29.7486464581835,6.088967300323676,0.24158877613645463,12.940099563516593,20.555504632333555,0.7377968752141595,3000.0,-4.5,0.45,none,0.0,
endurance,14,healthy,946.0,78.46660697002737,78.22238823841577,613.2584405122471,1515.7929310438226,66.20778838495721,30.720014176985494,6.088967300323676,0.22026490971988477,12.95641962132753,19.95613799066608,0.7377969813982086,3000.0,-4.5,0.45,none,0.0,
endurance,14,healthy,947.0,78.46659000438109,78.03314966193537,612.2624505674087,1530.7573487487514,66.04491484901533,30.4227792715987,6.088967300323676,0.20757419816026032,12.943600980636134,19.95450844443615,0.7377970850540659,3000.0,-4.5,0.45,none,0.0,
endurance,14,healthy,948.0,78.46657344267877,79.13832988664791,608.6738804852349,1523.4769173012767,66.25851462184963,30.689489762067065,6.088967300323676,0.23940051960990233,12.806587646439487,20.371984658487005,0.7377971862419268,3000.0,-4.5,0.45,none,0.0,
endurance,14,healthy,949.0,78.46655727530269,78.62519485106364,613.6909435779454,1518.9696453608153,65.63864010820934,31.13073088324364,6.088967300323676,0.27594594106573145,12.936679121702188,20.248070625914778,0.7377972850205528,3000.0,-4.5,0.45,none,0.0,
endurance,14,healthy,950.0,78.46654149286414,78.5611488829473,611.9777895611018,1518.8044348061887,65.42983975579612,31.16284024580284,6.088967300323676,0.1318729182667497,12.858775032217824,20.046500959164682,0.7377973814473067,3000.0,-4.5,0.45,none,0.0,
endurance,14,healthy,951.0,78.46652608619793,78.51546434431107,611.5305015288949,1517.7146348933916,66.17974920669184,30.967601517608557,6.088967300323676,0.19435856252472347,12.953634837443625,19.646608663698238,0.7377974755781855,3000.0,-4.5,0.45,none,0.0,
endurance,14,healthy,952.0,78.46651104635711,77.10607399296673,614.7819407872128,1524.5249469107146,66.43976671920598,30.132774652793426,6.088967300323676,0.19248933505978844,12.94775416006579,19.80145056502891,0.737797567467853,3000.0,-4.5,0.45,none,0.0,
endurance,14,healthy,953.0,78.46649636460774,77.68898788028116,606.594444212042,1519.317161896055,66.61851434083398,30.06302540714344,6.088967300323676,0.22672458006842358,12.950803303100988,19.51333096123074,0.7377976571696712,3000.0,-4.5,0.45,none,0.0,
endurance,14,healthy,954.0,78.46648203242383,78.17390468498488,612.3156391818512,1506.5564521484328,66.22239794491776,30.260336853870403,6.088967300323676,0.2530591884350997,13.00517636460998,20.261669508844353,0.7377977447357318,3000.0,-4.5,0.45,none,0.0,
endurance,14,healthy,955.0,78.46646804148239,78.27345914435925,607.8523479470811,1512.6134220796584,65.70586350728234,30.617592277419647,6.088967300323676,0.22217455085670945,12.906184523007585,20.267058606485904,0.7377978302168863,3000.0,-4.5,0.45,none,0.0,
endurance,14,healthy,956.0,78.4664543836586,78.96532570264084,616.8599889107238,1516.487043219553,65.6730289882312,30.99439709215392,6.088967300323676,0.1761810111727364,12.851868485079454,19.739381641228658,0.7377979136627753,3000.0,-4.5,0.45,none,0.0,
endurance,14,healthy,957.0,78.46644105102109,78.16286639052416,611.6275883331073,1514.705467398559,66.29647692187373,31.17653842928451,6.088967300323676,0.26945043424635917,12.940039973523836,19.664587414759147,0.7377979951218572,3000.0,-4.5,0.45,none,0.0,
endurance,14,healthy,958.0,78.46642803582733,78.98263215926984,616.6799207976719,1522.1134847406543,66.465839387334,29.37978525718888,6.088967300323676,0.18882740269085302,12.939702656001357,20.070596767921177,0.7377980746414372,3000.0,-4.5,0.45,none,0.0,
endurance,14,healthy,959.0,78.46641533051914,77.89959910924338,612.3659468376328,1527.1102677447095,66.68391849112051,30.01405942110887,6.088967300323676,0.282886822242612,12.864040448020093,19.967190273922576,0.737798152267694,3000.0,-4.5,0.45,none,0.0,
endurance,14,healthy,960.0,78.46640292771829,78.39293388519862,609.2584529955973,1520.0208287611808,66.43965926929506,31.099207002827296,6.088967300323676,0.20535365067470038,12.858946732808686,20.030432303054507,0.7377982280457065,3000.0,-4.5,0.45,none,0.0,
endurance,14,healthy,961.0,78.46639082022222,78.53853045087061,615.2363888861644,1522.875261459889,65.51070513687806,29.87601465968115,6.088967300323676,0.16598050959936564,12.900399671403868,19.96818498669867,0.7377983020194806,3000.0,-4.5,0.45,none,0.0,
endurance,14,healthy,962.0,78.46637900099986,78.5247331022927,611.3579254021575,1526.2040278966165,65.89455123936239,30.61473045192355,6.088967300323676,0.17230107919045992,13.018002876915494,20.24898122228575,0.7377983742319744,3000.0,-4.5,0.45,none,0.0,
endurance,14,healthy,963.0,78.46636746318757,79.88394320164488,611.2237612740058,1515.9728140857155,65.66932390758771,30.94371012164651,6.088967300323676,0.16322012125000543,12.928925936929833,20.114084782515118,0.7377984447251231,3000.0,-4.5,0.45,none,0.0,
endurance,14,healthy,964.0,78.46635620008509,78.74851991526639,611.2321479015189,1520.4904747062697,66.32074888280904,29.997320313226158,6.088967300323676,0.12027667303015709,12.961103432422444,20.180340816851732,0.7377985135398635,3000.0,-4.5,0.45,none,0.0,
endurance,14,healthy,965.0,78.46634520515171,78.36915740268634,610.9271203750667,1525.0039441170952,66.78068458146541,30.676929883780463,6.088967300323676,0.09642708542426481,12.888940907523642,19.840772601122396,0.7377985807161576,3000.0,-4.5,0.45,none,0.0,
endurance,14,healthy,966.0,78.46633447200246,79.40735001061711,610.6493686729351,1519.520732338724,65.7587291338042,30.14489078354191,6.088967300323676,0.20554939093085245,12.962090070716378,20.07590756575118,0.7377986462930163,3000.0,-4.5,0.45,none,0.0,
endurance,14,healthy,967.0,78.46632399440439,78.00019157654022,608.1474124451963,1521.5588322095032,65.94276706881442,31.096391019696128,6.088967300323676,0.16480506657418761,12.925444067967723,19.979252083238972,0.7377987103085211,3000.0,-4.5,0.45,none,0.0,
endurance,14,healthy,968.0,78.46631376627293,78.8318404490671,612.2657081592162,1526.436959547148,66.32959984249646,31.53939214935073,6.088967300323676,0.2310998919060797,12.98349176470057,20.220715010120692,0.7377987727998473,3000.0,-4.5,0.45,none,0.0,
endurance,14,healthy,969.0,78.46630378166842,78.50036200675297,610.7435166258066,1521.9377248836624,66.22341330526505,30.741949157068,6.088967300323676,0.1536454770468418,12.961797305656948,20.28386801809835,0.7377988338032848,3000.0,-4.5,0.45,none,0.0,
endurance,14,healthy,970.0,78.46629403479258,77.99187045973237,611.7594372592606,1523.5532325187407,65.7654456231242,30.54075276960216,6.088967300323676,0.15026696171356735,12.993410375245219,19.825987413307118,0.7377988933542593,3000.0,-4.5,0.45,none,0.0,
endurance,14,healthy,971.0,78.46628451998522,79.35567677192101,615.2865086213923,1519.407365211539,66.33276345501002,30.785866642020615,6.088967300323676,0.15067282065651472,12.865067438375883,20.077750352818224,0.7377989514873535,3000.0,-4.5,0.45,none,0.0,
endurance,14,healthy,972.0,78.4662752317209,78.40901470192861,616.7023882315158,1523.8706835270514,66.29200971282836,29.554027323709043,6.088967300323676,0.15980452380067114,12.91573344395405,20.045207339780863,0.7377990082363265,3000.0,-4.5,0.45,none,0.0,
endurance,14,healthy,973.0,78.46626616460573,77.65024880812093,616.4004971480944,1518.315876591351,65.52665252497715,30.01894749381956,6.088967300323676,0.16725504100338476,12.905004851920685,19.811357747864044,0.7377990636341335,3000.0,-4.5,0.45,none,0.0,
endurance,14,healthy,974.0,78.46625731337424,78.77050844507622,616.8160422367156,1512.8808151447686,67.33729181209854,30.953558248211916,6.088967300323676,0.2179610386450287,12.919047421511689,19.890288207836893,0.737799117712945,3000.0,-4.5,0.45,none,0.0,
endurance,14,healthy,975.0,78.46624867288637,77.97276375247634,613.2912548263456,1517.763400351234,66.42793137541446,31.15501402143382,6.088967300323676,0.20127609984981185,12.765441750535574,20.022770088559312,0.7377991705041658,3000.0,-4.5,0.45,none,0.0,
endurance,14,healthy,976.0,78.46624023812439,78.26850613275155,610.1716432773155,1519.191271870891,66.08145807133634,30.71009970038799,6.088967300323676,0.20225886614706928,12.877097423993117,20.297585545373256,0.7377992220384528,3000.0,-4.5,0.45,none,0.0,
endurance,14,healthy,977.0,78.46623200419008,78.74868382719039,606.9273203563348,1521.8045353282628,66.2085931709443,29.92756153604382,6.088967300323676,0.19873989536874195,12.927569757120397,20.01535897186766,0.737799272345733,3000.0,-4.5,0.45,none,0.0,
endurance,14,healthy,978.0,78.46622396630183,78.1389396167543,606.395006652977,1518.7467116528196,66.0408762435368,30.166101717007454,6.088967300323676,0.22664092343165748,12.900649008841361,19.862223395000417,0.7377993214552208,3000.0,-4.5,0.45,none,0.0,
endurance,14,healthy,979.0,78.46621611979187,78.24047412623008,616.2332454108847,1520.3332656559205,66.93532609083054,30.600389917184682,6.088967300323676,0.19004974696282084,12.917011401981714,19.748354885461225,0.7377993693954349,3000.0,-4.5,0.45,none,0.0,
endurance,14,healthy,980.0,78.46620846010357,79.47445333074778,606.9490885196262,1515.1721413049072,65.49269665188507,30.45392694854588,6.088967300323676,0.1415203738340107,12.850388768207582,20.151969118028745,0.7377994161942154,3000.0,-4.5,0.45,none,0.0,
endurance,14,healthy,981.0,78.4662009827888,78.13859767214622,615.5375639023449,1525.6158162153035,66.01860440667555,29.848400461216567,6.088967300323676,0.24370569891165655,12.942444091950234,19.666241714159113,0.7377994618787393,3000.0,-4.5,0.45,none,0.0,
endurance,14,healthy,982.0,78.46619368350534,78.74774564023629,617.673517472132,1526.171857718689,65.6175897764424,30.771211683448247,6.088967300323676,0.25085225420831647,13.009745939454703,20.206693835526504,0.7377995064755365,3000.0,-4.5,0.45,none,0.0,
endurance,14,healthy,983.0,78.46618655801434,78.78370819323267,610.6718916299877,1523.8029079767693,65.17372231246672,29.935752187104,6.088967300323676,0.18884190029028258,12.970382992884534,20.037573461788313,0.7377995500105052,3000.0,-4.5,0.45,none,0.0,
endurance,14,healthy,984.0,78.46617960217789,77.76922056403494,616.1801508079909,1518.9710139633858,66.63936604179514,30.313635485884955,6.088967300323676,0.14794540231718506,12.913717249362486,20.369627008087246,0.7377995925089269,3000.0,-4.5,0.45,none,0.0,
endurance,14,healthy,985.0,78.4661728119566,78.3306980180508,612.2598494327475,1520.057657207385,67.04395937566863,30.749905097604604,6.088967300323676,0.22562675929054168,12.96373089544908,20.138760595697903,0.7377996339954814,3000.0,-4.5,0.45,none,0.0,
endurance,14,healthy,986.0,78.46616618340724,78.42859811058088,610.0072672012226,1522.3111930749149,65.01003885375019,30.378216193155268,6.088967300323676,0.1763283054030134,12.897134952756872,19.88332466849534,0.7377996744942609,3000.0,-4.5,0.45,none,0.0,
endurance,14,healthy,987.0,78.46615971268048,78.71958210456948,616.4771661490719,1521.7885976994621,65.92168438198682,31.057348962175165,6.088967300323676,0.2900549533368402,12.877017885607867,19.86859491373174,0.7377997140287837,3000.0,-4.5,0.45,none,0.0,
endurance,14,healthy,988.0,78.46615339601864,78.1429826283982,608.7613571788047,1512.6496055759458,66.79269393285443,30.650332405299462,6.088967300323676,0.24218659514276514,12.945282975574466,20.035771390454183,0.7377997526220084,3000.0,-4.5,0.45,none,0.0,
endurance,14,healthy,989.0,78.46614722975352,78.15929466530771,615.3979359781591,1514.672803072702,66.31544914425112,30.290834226590924,6.088967300323676,0.16637139890771102,12.924934281558134,19.55763389659892,0.7377997902963468,3000.0,-4.5,0.45,none,0.0,
endurance,14,healthy,990.0,78.46614121030423,78.46576594572572,612.3857849824298,1518.3073715051698,65.81497505315279,31.263640534119347,6.088967300323676,0.19813138045409937,12.876382925560744,19.867072576288805,0.737799827073677,3000.0,-4.5,0.45,none,0.0,
endurance,14,healthy,991.0,78.46613533417516,78.28977288066095,617.0947039414999,1518.3271827289866,66.29649530619703,30.057245716548692,6.088967300323676,0.13077916948291796,12.886974556044674,19.624628879681982,0.7377998629753566,3000.0,-4.5,0.45,none,0.0,
endurance,14,healthy,992.0,78.46612959795394,77.68311078276662,615.5939895825934,1511.2912184844527,66.26105956052035,30.059872602019396,6.088967300323676,0.22113645575453042,12.841351279912871,19.876176757542456,0.7377998980222342,3000.0,-4.5,0.45,none,0.0,
endurance,14,healthy,993.0,78.4661239983094,78.14136501833303,613.1347120814564,1519.9229437807746,66.9074172469033,30.007512321562483,6.088967300323676,0.17966140208436637,12.981193640667351,19.807388390342464,0.7377999322346624,3000.0,-4.5,0.45,none,0.0,
endurance,14,healthy,994.0,78.46611853198974,78.93573880201738,612.8086215837549,1520.8068486785119,65.49217226741997,30.01320772367582,6.088967300323676,0.18096415404176736,12.884069924671595,20.187254228614535,0.7377999656325089,3000.0,-4.5,0.45,none,0.0,
endurance,14,healthy,995.0,78.46611319582054,78.68617667713404,613.8234488516874,1526.550486927136,66.48441019256492,30.305833046476977,6.088967300323676,0.1770227612316748,13.05244939057057,20.138089438352207,0.7377999982351688,3000.0,-4.5,0.45,none,0.0,
endurance,14,healthy,996.0,78.466107986703,78.14220728408633,610.3845068537042,1524.7422414311907,66.70651394423706,30.790612066319095,6.088967300323676,0.09629329627840383,12.968707948070318,20.092564399759905,0.7378000300615748,3000.0,-4.5,0.45,none,0.0,
endurance,14,healthy,997.0,78.46610290161205,78.90364252230586,610.8387299056789,1519.062658859636,65.63742836724701,30.31610944853377,6.088967300323676,0.24559554674232686,12.906284145426516,20.00777245923187,0.7378000611302091,3000.0,-4.5,0.45,none,0.0,
endurance,14,healthy,998.0,78.4660979375947,78.66835529581068,612.3114236767163,1518.3975922917905,65.42466312333431,30.558236341872117,6.088967300323676,0.2011869072627464,12.80965104659271,20.038527751136275,0.7378000914591141,3000.0,-4.5,0.45,none,0.0,
endurance,14,healthy,999.0,78.46609309176824,78.66470237196165,614.2458927350012,1513.5033736701237,65.45655507352768,30.435321620371646,6.088967300323676,0.10830834915497417,12.885261426196633,19.79446001225819,0.7378001210659023,3000.0,-4.5,0.45,none,0.0,
endurance,14,healthy,1000.0,78.4660883613186,78.40490550041808,610.0066307975786,1519.8735283749647,66.08527789713307,30.40553746665555,6.088967300323676,0.15470415873840465,12.888840902311394,19.951296962597976,0.737800149967767,3000.0,-4.5,0.45,none,0.0,
endurance,14,healthy,1001.0,78.46608374349871,78.53562184189276,609.5980403408909,1526.4808019588818,66.23509189411595,31.73790440591981,6.088967300323676,0.12416129464800896,12.939313485055463,19.907448767741364,0.737800178181492,3000.0,-4.5,0.45,none,0.0,
endurance,14,healthy,1002.0,78.46607923562692,78.23925243723598,613.6180125720623,1520.0693509357932,67.03038373724009,30.327323474316728,6.088967300323676,0.11661704016287205,12.908994095920068,19.788980377420188,0.7378002057234617,3000.0,-4.5,0.45,none,0.0,
endurance,14,healthy,1003.0,78.46607483508541,78.81818542745656,612.5910741149626,1507.722385739158,66.70783002407839,30.942644347321025,6.088967300323676,0.24972467151920102,12.96920429772973,19.990932797384087,0.7378002326096702,3000.0,-4.5,0.45,none,0.0,
endurance,14,healthy,1004.0,78.4660705393187,78.09861538861018,615.0396600639831,1516.5755906072645,66.42359198661512,30.36969915808884,6.088967300323676,0.2822719639452423,12.897864036692635,19.895891957044853,0.7378002588557309,3000.0,-4.5,0.45,none,0.0,
endurance,14,healthy,1005.0,78.46606634583213,77.9761584286581,611.4064176681027,1519.3982220055004,66.61928976057736,30.171798160710107,6.088967300323676,0.18154827492768186,12.90346240223574,19.816839246895327,0.7378002844768854,3000.0,-4.5,0.45,none,0.0,
endurance,14,healthy,1006.0,78.4660622521905,77.90730769648204,613.3405511192909,1525.6612279229391,66.69753951497462,30.067284843958276,6.088967300323676,0.20132537750547322,12.986175899079653,20.03902725187321,0.7378003094880123,3000.0,-4.5,0.45,none,0.0,
endurance,14,healthy,1007.0,78.46605825601652,78.16078174365505,610.914848995712,1520.0520598124604,65.95807276687837,30.416129301464302,6.088967300323676,0.3194655799615634,12.937503899438694,20.01590144417763,0.7378003339036363,3000.0,-4.5,0.45,none,0.0,
endurance,14,healthy,1008.0,78.46605435498954,77.95010504719087,614.4446655434867,1513.5885507543182,66.19085138441794,30.188007689695056,6.088967300323676,0.2594313097862527,13.023211926394517,19.99045235275675,0.737800357737936,3000.0,-4.5,0.45,none,0.0,
endurance,14,healthy,1009.0,78.46605054684416,79.73439430817146,613.2282952855726,1522.2540900035979,66.47403075208926,29.89041283709895,6.088967300323676,0.08093545739806939,12.94735916073529,19.81821826986113,0.7378003810047522,3000.0,-4.5,0.45,none,0.0,
endurance,14,healthy,1010.0,78.4660468293689,80.10564525940777,615.5716995557265,1524.7073952455578,66.09156320288483,31.19949165280374,6.088967300323676,0.24641941141187304,12.82827740450263,20.21139171633418,0.7378004037175966,3000.0,-4.5,0.45,none,0.0,
endurance,14,healthy,1011.0,78.46604320040497,79.3909534349204,615.3395455471122,1521.0038275143315,66.40448117664863,30.614348069507265,6.088967300323676,0.2303402459728606,12.888205558192464,20.225869378718734,0.737800425889659,3000.0,-4.5,0.45,none,0.0,
endurance,14,healthy,1012.0,78.46603965784493,78.27984850438595,613.9739605620704,1522.999431870497,67.07418114064497,30.653947931593788,6.088967300323676,0.15335710181872975,12.944949264887272,19.93823203218551,0.7378004475338152,3000.0,-4.5,0.45,none,0.0,
endurance,14,healthy,1013.0,78.46603619963156,79.1403182451201,613.6392401207524,1529.2045248995437,66.32236662607824,30.137556759851932,6.088967300323676,0.09974855473872149,12.969290802066382,20.036196326492423,0.7378004686626345,3000.0,-4.5,0.45,none,0.0,
endurance,14,healthy,1014.0,78.4660328237566,78.53048657709279,618.830377107161,1519.6174329561888,66.36542992624886,30.871937382430534,6.088967300323676,0.2927996795485743,12.862176615197207,20.004264656156096,0.7378004892883865,3000.0,-4.5,0.45,none,0.0,
endurance,14,healthy,1015.0,78.46602952825963,77.91180488588773,613.5210586334591,1523.147710816045,67.20680999211159,30.448146732141424,6.088967300323676,0.2271359236115968,13.012755235349571,20.057133468837183,0.7378005094230491,3000.0,-4.5,0.45,none,0.0,
endurance,14,healthy,1016.0,78.46602631122686,79.19195610277103,613.9528683415456,1514.8896891494105,65.71728947094499,31.364754416894705,6.088967300323676,0.19509639933715295,12.893755997750066,20.028422446744074,0.737800529078315,3000.0,-4.5,0.45,none,0.0,
endurance,14,healthy,1017.0,78.46602317079011,78.44998046026738,613.8176203681508,1525.2444607742982,65.65820265267658,31.032412704641093,6.088967300323676,0.14463598744718947,12.919250117682363,20.2098440837986,0.7378005482655985,3000.0,-4.5,0.45,none,0.0,
endurance,14,healthy,1018.0,78.46602010512566,79.45278850937275,612.7804847606352,1517.9734517462985,66.61980943187754,30.680769514479234,6.088967300323676,0.23281431018551837,12.924298032427124,20.04181438033316,0.7378005669960418,3000.0,-4.5,0.45,none,0.0,
endurance,14,healthy,1019.0,78.46601711245323,77.99016007887602,611.1088614036219,1522.479770891152,66.63902850129006,30.168970221821112,6.088967300323676,0.17010131117687027,12.83806779210857,19.87568569796862,0.7378005852805222,3000.0,-4.5,0.45,none,0.0,
endurance,14,healthy,1020.0,78.4660141910349,78.97302443726429,608.389774801803,1510.9556945338297,65.69938519145794,30.68762983554282,6.088967300323676,0.24380755280612706,12.978385860768759,20.028378570320612,0.7378006031296578,3000.0,-4.5,0.45,none,0.0,
endurance,14,healthy,1021.0,78.46601133917414,79.81883690312466,615.0626273514483,1521.0401400997287,66.79379789590577,30.30786729205687,6.088967300323676,0.25980570883660586,12.976237163683022,20.01882559573334,0.7378006205538141,3000.0,-4.5,0.45,none,0.0,
endurance,14,healthy,1022.0,78.46600855521484,78.61298518338948,609.0939084044857,1518.880508718798,66.90791079101432,29.80136985486959,6.088967300323676,0.2047346903928614,12.920479115926682,19.89038170012865,0.7378006375631094,3000.0,-4.5,0.45,none,0.0,
endurance,14,healthy,1023.0,78.46600583754028,77.5808309875125,610.3817414961342,1512.2935395276213,66.38806912401361,30.700398060491953,6.088967300323676,0.1546676220378344,12.825862838336596,19.733004830880397,0.7378006541674216,3000.0,-4.5,0.45,none,0.0,
endurance,14,healthy,1024.0,78.46600318457226,78.43432790714411,612.6621068082769,1522.597711531216,66.4732604563883,29.91501916636363,6.088967300323676,0.2649491540505743,12.886973741031683,19.93754729472453,0.7378006703763929,3000.0,-4.5,0.45,none,0.0,
endurance,14,healthy,1025.0,78.46600059477014,78.47383677340807,610.7319292374789,1524.8809471103907,66.26587136814192,30.81712651088518,6.088967300323676,0.25014162150253727,13.037962811691063,20.026432119367666,0.7378006861994364,3000.0,-4.5,0.45,none,0.0,
endurance,14,healthy,1026.0,78.46599806662998,77.85681594054245,614.7090749634993,1522.505032932519,65.31250287827451,30.263284116978976,6.088967300323676,0.22611754884908117,12.984982692192268,19.831748606102053,0.7378007016457409,3000.0,-4.5,0.45,none,0.0,
endurance,14,healthy,1027.0,78.46599559868363,78.74405008098326,613.1601000215032,1522.5455806660293,65.7536903171062,30.249944887149326,6.088967300323676,0.26723357993814745,12.866509984610733,19.99394478970216,0.7378007167242759,3000.0,-4.5,0.45,none,0.0,
endurance,14,healthy,1028.0,78.46599318949791,77.81557464419434,614.240842054549,1520.355029854801,66.04480436633288,30.52455116423079,6.088967300323676,0.19263584034075232,12.934496949273747,19.90459535033623,0.7378007314437984,3000.0,-4.5,0.45,none,0.0,
endurance,14,healthy,1029.0,78.46599083767376,78.83341661767341,608.1016503194484,1519.5802817321576,66.50239832637337,30.605358462805082,6.088967300323676,0.24417268964005912,12.82148231553149,20.15148821671173,0.7378007458128562,3000.0,-4.5,0.45,none,0.0,
endurance,14,healthy,1030.0,78.46598854184542,78.76101123300943,616.3250291518758,1524.7954337207543,66.26064485809907,30.604377192506426,6.088967300323676,0.2159902060945152,13.01162574780328,19.68413240341477,0.7378007598397932,3000.0,-4.5,0.45,none,0.0,
endurance,14,healthy,1031.0,78.46598630067966,78.7402853851227,610.8515067827576,1526.7849020430235,66.9220241661768,30.443307568892184,6.088967300323676,0.2471799023324159,12.920684198586766,20.191090481569226,0.7378007735327556,3000.0,-4.5,0.45,none,0.0,
endurance,14,healthy,1032.0,78.46598411287499,77.70968588105609,613.4732460024009,1516.5177709241334,66.94294237273819,30.832224237231554,6.088967300323676,0.20355083471042612,12.882991562347113,20.395540383260187,0.7378007868996953,3000.0,-4.5,0.45,none,0.0,
endurance,14,healthy,1033.0,78.46598197716091,79.07141188250733,612.5676636184344,1516.3472625790323,66.6176585779136,30.087412108482344,6.088967300323676,0.23685172381044045,12.913789543889525,20.10267104661239,0.7378007999483744,3000.0,-4.5,0.45,none,0.0,
endurance,14,healthy,1034.0,78.46597989229716,79.45390489475182,615.3537776770958,1515.8597164829205,67.35800624185106,30.586216510045077,6.088967300323676,0.16383590185855088,12.953652907146003,20.19395631682842,0.7378008126863707,3000.0,-4.5,0.45,none,0.0,
endurance,14,healthy,1035.0,78.46597785707301,78.83563858854396,615.3102545031616,1517.2944143915324,66.60836689214692,30.46763816111685,6.088967300323676,0.2096835875543213,13.01890752826652,20.100230145023858,0.7378008251210815,3000.0,-4.5,0.45,none,0.0,
endurance,14,healthy,1036.0,78.4659758703066,79.23635392818599,608.8856967017776,1526.0090350745838,66.87613867661324,30.04853836028002,6.088967300323676,0.16237066362426933,12.959149840561217,19.863388986425488,0.7378008372597276,3000.0,-4.5,0.45,none,0.0,
endurance,14,healthy,1037.0,78.46597393084413,78.50479353522235,608.130099331057,1522.5754186132817,66.8299804294759,29.994187682221966,6.088967300323676,0.12042774116712163,12.884755506484957,20.022528182998244,0.7378008491093584,3000.0,-4.5,0.45,none,0.0,
endurance,14,healthy,1038.0,78.46597203755935,79.33906809356496,614.1728653361733,1520.6899464501812,65.74333320580456,29.812838031332685,6.088967300323676,0.2059834504853916,12.985304426783552,20.159678173313093,0.737800860676855,3000.0,-4.5,0.45,none,0.0,
endurance,14,healthy,1039.0,78.46597018935279,79.14468282052916,615.807917911658,1517.7772550720215,64.95846132912487,30.161706190852726,6.088967300323676,0.16341868251785308,12.914008648684625,20.22631160651969,0.7378008719689351,3000.0,-4.5,0.45,none,0.0,
endurance,14,healthy,1040.0,78.46596838515113,78.42729736298804,615.1509334550967,1517.1285838820895,64.80007352640033,31.12511391319978,6.088967300323676,0.25136600648212065,12.946324894110212,20.242831955961368,0.7378008829921563,3000.0,-4.5,0.45,none,0.0,
endurance,14,healthy,1041.0,78.46596662390665,79.63132041715683,615.2673415870231,1514.9000977914477,66.14776898972609,31.120637652135695,6.088967300323676,0.24323735788737844,12.927723558707278,19.798964824086298,0.7378008937529197,3000.0,-4.5,0.45,none,0.0,
endurance,14,healthy,1042.0,78.46596490459658,80.11182670828751,612.7761506483542,1523.7646488496478,66.4663090638523,29.13938664663668,6.088967300323676,0.1855529722358158,12.917838184195338,19.955233628736497,0.7378009042574744,3000.0,-4.5,0.45,none,0.0,
endurance,14,healthy,1043.0,78.46596322622246,79.04167950128162,611.0256427273564,1517.2923981648519,65.65112526370919,30.72616461234596,6.088967300323676,0.24389819489358272,12.96103583815137,20.287212190118,0.7378009145119206,3000.0,-4.5,0.45,none,0.0,
endurance,14,healthy,1044.0,78.46596158780962,78.06529397855844,614.4330366116621,1528.8654762530302,66.2068800763643,30.196627477676195,6.088967300323676,0.19624191626112983,12.948662386631185,20.257922733622895,0.7378009245222135,3000.0,-4.5,0.45,none,0.0,
endurance,14,healthy,1045.0,78.46595998840661,78.31293364930627,614.0924091524491,1517.0127991819797,66.36084318210624,30.45236469060488,6.088967300323676,0.15254521335618076,12.878063092065819,20.095375223322133,0.737800934294166,3000.0,-4.5,0.45,none,0.0,
endurance,14,healthy,1046.0,78.46595842708463,78.93072735618105,613.2994057096035,1519.8305239406213,65.36085561770405,29.893536160024322,6.088967300323676,0.21823851696295524,12.881095681174724,20.053951125733622,0.737800943833453,3000.0,-4.5,0.45,none,0.0,
endurance,14,healthy,1047.0,78.46595690293698,78.6904318829265,611.7393741251161,1523.6001863775718,67.143446062754,31.158743003886087,6.088967300323676,0.1880391506823762,13.00726256084714,19.941280529618012,0.7378009531456141,3000.0,-4.5,0.45,none,0.0,
endurance,14,healthy,1048.0,78.46595541507857,78.74266909158807,620.3313204818483,1524.6641994927452,66.42218543342948,29.961486768706816,6.088967300323676,0.18679905965095417,12.995875266427577,20.031393807749808,0.7378009622360571,3000.0,-4.5,0.45,none,0.0,
endurance,14,healthy,1049.0,78.46595396264534,78.03749197623974,619.0558492567955,1517.92877428163,66.30352183219055,30.85810463368129,6.088967300323676,0.22044899956519393,12.840079781526978,19.662283903360816,0.7378009711100609,3000.0,-4.5,0.45,none,0.0,
endurance,14,healthy,1050.0,78.46595254479386,78.11645511269396,612.5514630709308,1515.6507120611814,65.86993043199757,30.38330865982526,6.088967300323676,0.1755958217349627,12.888732945060305,20.266259562124088,0.737800979772779,3000.0,-4.5,0.45,none,0.0,
endurance,14,healthy,1051.0,78.46595116070075,77.92190561750735,609.8655503756258,1526.353663683179,66.529643307956,30.382165037024777,6.088967300323676,0.22845153583584735,12.96449698683742,20.22380040658151,0.7378009882292418,3000.0,-4.5,0.45,none,0.0,
endurance,14,healthy,1052.0,78.46594980956225,77.96574446201038,613.4328702934631,1526.4471220514586,65.10708959670227,30.290676543024897,6.088967300323676,0.2012208843080345,12.855619878233929,19.989363558812634,0.7378009964843604,3000.0,-4.5,0.45,none,0.0,
endurance,14,healthy,1053.0,78.4659484905937,78.75984938534768,613.6802917518368,1523.4819031475863,66.59972083621432,30.219457213631852,6.088967300323676,0.15129716692412926,12.945345809910476,19.78654462215102,0.7378010045429284,3000.0,-4.5,0.45,none,0.0,
endurance,14,healthy,1054.0,78.46594720302917,77.83624941628122,614.6777494231779,1522.3499821422097,66.69666274947281,30.35738769373005,6.088967300323676,0.23828086490893063,12.955906851884336,19.959364833053414,0.7378010124096258,3000.0,-4.5,0.45,none,0.0,
endurance,14,healthy,1055.0,78.46594594612094,78.52124342792452,614.1388410623944,1515.0418727606109,65.35856787562848,30.569881013075292,6.088967300323676,0.19571510075774182,12.933315766889534,19.881556510575937,0.7378010200890208,3000.0,-4.5,0.45,none,0.0,
endurance,14,healthy,1056.0,78.46594471913909,79.09583577288915,612.086151011008,1521.5502430989382,66.96104386998333,30.797464346575737,6.088967300323676,0.16777681363169678,12.966942584040035,19.876155281894814,0.7378010275855733,3000.0,-4.5,0.45,none,0.0,
endurance,14,healthy,1057.0,78.46594352137109,77.95397947318008,610.0434723675611,1521.380756633924,65.7122401305421,31.580871671508014,6.088967300323676,0.16349076283353767,12.97844988228146,20.22337121114222,0.7378010349036364,3000.0,-4.5,0.45,none,0.0,
endurance,14,healthy,1058.0,78.46594235212137,78.8304604811432,611.5272144684967,1518.8763315003762,66.22041198834584,29.785611728234468,6.088967300323676,0.16944944546035107,12.894032942752286,19.960974684922913,0.7378010420474597,3000.0,-4.5,0.45,none,0.0,
endurance,14,healthy,1059.0,78.46594121071095,78.70866943522854,616.5382690395799,1523.621050880387,65.3282431374985,30.070245357794633,6.088967300323676,0.1341042763920454,12.978155556629014,20.124430453458356,0.7378010490211921,3000.0,-4.5,0.45,none,0.0,
endurance,14,healthy,1060.0,78.46594009647696,77.7520970229424,610.3617023016874,1528.7379680646695,66.73035437875608,30.395509633678547,6.088967300323676,0.17401709290046335,12.90857855486379,19.904677037989785,0.7378010558288832,3000.0,-4.5,0.45,none,0.0,
endurance,14,healthy,1061.0,78.46593900877235,78.47507808978116,608.3686270450713,1522.9523690683984,66.51020585351054,30.33968200980994,6.088967300323676,0.2686654211141557,12.935753479025427,19.939690477111387,0.7378010624744864,3000.0,-4.5,0.45,none,0.0,
endurance,14,healthy,1062.0,78.46593794696547,79.40335922309596,615.4285446637132,1524.5163748250382,66.50212026892741,30.30558542141026,6.088967300323676,0.06891101186649823,12.963431857395125,19.727172506914197,0.737801068961861,3000.0,-4.5,0.45,none,0.0,
endurance,14,healthy,1063.0,78.46593691043971,78.3008909512275,611.0748320753777,1525.0242044441047,65.57534213085539,30.786004345830584,6.088967300323676,0.2228942989007683,12.98505529666401,19.88051670846447,0.7378010752947743,3000.0,-4.5,0.45,none,0.0,
endurance,14,healthy,1064.0,78.46593589859313,79.09614531047202,611.5799135311685,1525.8598859468511,65.85579525023874,30.065625534962226,6.088967300323676,0.11660146777418644,12.82984315555478,20.291838837210257,0.7378010814769038,3000.0,-4.5,0.45,none,0.0,
endurance,14,healthy,1065.0,78.46593491083814,78.70756499362776,608.5546222111179,1518.71620836892,65.14965733977884,30.016622202570876,6.088967300323676,0.18899915734901201,12.914058454332624,20.377377086089275,0.7378010875118399,3000.0,-4.5,0.45,none,0.0,
endurance,14,healthy,1066.0,78.46593394660113,77.935468070459,611.125050865055,1512.8348858699344,66.5788740108122,30.895744291279463,6.088967300323676,0.14489988097639364,12.870815075086426,19.734509980624573,0.737801093403087,3000.0,-4.5,0.45,none,0.0,
endurance,14,healthy,1067.0,78.46593300532213,78.25822629825774,611.4823075529839,1515.283402695713,65.93032684229144,31.618923821382385,6.088967300323676,0.1294545741253012,12.886583620975552,20.124057400000783,0.7378010991540664,3000.0,-4.5,0.45,none,0.0,
endurance,14,healthy,1068.0,78.46593208645454,78.61606250144514,613.3989022017553,1517.9731392726835,65.6926184511814,30.475690442704945,6.088967300323676,0.16050934321186214,12.899348464342902,19.43667801691933,0.7378011047681177,3000.0,-4.5,0.45,none,0.0,
endurance,14,healthy,1069.0,78.46593118946475,77.7306333131422,612.4982573350844,1527.4632014430497,67.28580174674339,30.99957258556193,6.088967300323676,0.2059098946047137,12.99906705424885,19.90135404974244,0.7378011102485009,3000.0,-4.5,0.45,none,0.0,
endurance,14,healthy,1070.0,78.46593031383186,79.15045682032827,617.7682140357132,1522.4517871469936,66.62654255918228,30.10630522550952,6.088967300323676,0.10086038961327835,12.890659648261003,20.24636099921309,0.737801115598399,3000.0,-4.5,0.45,none,0.0,
endurance,14,healthy,1071.0,78.46592945904737,78.72250461906107,614.8588738084529,1516.0606799775564,66.15008985501781,30.601440487373498,6.088967300323676,0.2257210244485201,12.928242049489816,19.87540343785804,0.7378011208209185,3000.0,-4.5,0.45,none,0.0,
endurance,14,healthy,1072.0,78.4659286246149,79.12735094928495,612.6808735789128,1525.4205475477438,66.29913434322621,29.982395838095567,6.088967300323676,0.2016649299991197,12.870126163569724,19.96591243404507,0.7378011259190924,3000.0,-4.5,0.45,none,0.0,
endurance,14,healthy,1073.0,78.46592781004986,79.12211767113156,608.2900144984535,1523.8663458662459,66.20694493126425,29.925059917076073,6.088967300323676,0.19620237752205835,12.882351700883891,20.132915908840097,0.7378011308958812,3000.0,-4.5,0.45,none,0.0,
endurance,14,healthy,1074.0,78.46592701487923,78.49751686569115,620.0576838287843,1519.1598852365426,66.05211727471622,30.032524473637395,6.088967300323676,0.1753583121102647,12.942972994011974,20.215099904019997,0.7378011357541749,3000.0,-4.5,0.45,none,0.0,
endurance,14,healthy,1075.0,78.46592623864123,78.27651555584488,612.6627153643186,1519.4817943372336,66.14385188208932,31.374998993766415,6.088967300323676,0.2008578241165446,12.880284242287363,20.316587561904658,0.737801140496795,3000.0,-4.5,0.45,none,0.0,
endurance,14,healthy,1076.0,78.46592548088509,77.54539628414099,614.625989576868,1519.8865246899516,66.3835409860853,30.367167844398153,6.088967300323676,0.18639212743529526,12.874599971515096,20.050051633692362,0.7378011451264956,3000.0,-4.5,0.45,none,0.0,
endurance,14,healthy,1077.0,78.46592474117077,77.90849330136514,616.2467650859344,1528.4826074811901,66.33697542304819,30.6025989712532,6.088967300323676,0.26031124221100543,12.864147448288438,19.94278573769731,0.7378011496459652,3000.0,-4.5,0.45,none,0.0,
endurance,14,healthy,1078.0,78.46592401906868,77.69672179629819,614.8843174117546,1520.2616848697733,65.94487724012139,29.876474159826166,6.088967300323676,0.18701125693232967,12.96977060490114,19.5479724594593,0.7378011540578284,3000.0,-4.5,0.45,none,0.0,
endurance,14,healthy,1079.0,78.46592331415951,78.47952166070935,618.6068256052574,1519.9167128692347,65.85347715543453,29.849587071314538,6.088967300323676,0.1630102001531751,12.987696446048504,19.933618568052452,0.7378011583646473,3000.0,-4.5,0.45,none,0.0,
endurance,14,healthy,1080.0,78.46592262603389,79.67909408188638,606.8914220130544,1513.8404275540481,66.34082662374828,29.795606059450577,6.088967300323676,0.19070675756145491,12.95283572180292,19.82438963976443,0.7378011625689227,3000.0,-4.5,0.45,none,0.0,
endurance,14,healthy,1081.0,78.46592195429221,78.23729983863902,606.513867242276,1519.9989981783024,65.73806687275324,29.138066417971313,6.088967300323676,0.20755742863738644,12.837680697003114,20.08041853492173,0.7378011666730965,3000.0,-4.5,0.45,none,0.0,
endurance,14,healthy,1082.0,78.46592129854439,79.50270478399575,609.5195568517316,1516.389650423599,66.5294506138656,30.512968169243294,6.088967300323676,0.18633758564615785,12.898068230750797,20.093755968713765,0.7378011706795518,3000.0,-4.5,0.45,none,0.0,
endurance,14,healthy,1083.0,78.4659206584096,78.65256877026972,613.4093629623698,1515.1461158136642,66.74214473826422,30.35628071071457,6.088967300323676,0.247976391316233,12.951363030655433,19.977070630993563,0.7378011745906152,3000.0,-4.5,0.45,none,0.0,
endurance,14,healthy,1084.0,78.46592003351611,78.79180452348704,616.1266430156867,1521.016106932555,65.95996978989993,31.29860764106089,6.088967300323676,0.26495587634724116,12.934498093747319,20.183979597654155,0.7378011784085583,3000.0,-4.5,0.45,none,0.0,
endurance,14,healthy,1085.0,78.46591942350105,77.71804507907684,612.2517784875744,1514.4350809860737,66.34319135775122,30.510815451840745,6.088967300323676,0.1461170015312418,12.959593998591085,20.264078277218502,0.7378011821355979,3000.0,-4.5,0.45,none,0.0,
endurance,14,healthy,1086.0,78.46591882801015,78.89298239543965,611.9590614190232,1517.2536837537034,66.15686927589347,30.424409358740174,6.088967300323676,0.17038878075393474,12.971398798055397,19.659419785152554,0.7378011857738984,3000.0,-4.5,0.45,none,0.0,
endurance,14,healthy,1087.0,78.4659182466976,78.49315570587612,609.2761435472928,1519.4156445558908,66.61445211371381,31.42355512244143,6.088967300323676,0.1939848290780302,12.944536869055343,20.068161865914465,0.7378011893255727,3000.0,-4.5,0.45,none,0.0,
endurance,14,healthy,1088.0,78.46591767922583,78.52251753137652,619.56596154597,1513.9288648784232,66.46876474012961,30.27955327207311,6.088967300323676,0.24930954448906922,12.810843688871138,19.80660343607051,0.7378011927926833,3000.0,-4.5,0.45,none,0.0,
endurance,14,healthy,1089.0,78.46591712526529,78.96811749741528,613.962453144893,1516.8447383899925,65.19031884457014,30.308080130455153,6.088967300323676,0.19221878823897812,12.870269661184329,20.37491530143141,0.7378011961772437,3000.0,-4.5,0.45,none,0.0,
endurance,14,healthy,1090.0,78.4659165844943,78.15577390392033,614.7278348765187,1524.5722870225914,66.38643702201489,29.977974380550304,6.088967300323676,0.23648750762792703,12.950147127499728,19.95969493125236,0.7378011994812192,3000.0,-4.5,0.45,none,0.0,
endurance,14,healthy,1091.0,78.4659160565988,77.91694224929546,619.5311750461068,1515.6922234876822,66.43165365171362,29.67477857937091,6.088967300323676,0.22968928575197486,12.909150694667604,19.994160498135923,0.7378012027065288,3000.0,-4.5,0.45,none,0.0,
endurance,14,healthy,1092.0,78.46591554127224,78.76510304706109,614.2557126544449,1519.2342640932436,66.18072163836916,30.363681308085223,6.088967300323676,0.20846908083945212,12.863039580377055,19.51311658941212,0.7378012058550452,3000.0,-4.5,0.45,none,0.0,
endurance,14,healthy,1093.0,78.46591503821536,78.08831064438196,607.7731347721966,1521.5212596217352,66.85876086419677,29.77603352634067,6.088967300323676,0.34367093050728226,12.900776085376487,19.830566333404423,0.737801208928597,3000.0,-4.5,0.45,none,0.0,
endurance,14,healthy,1094.0,78.46591454713602,78.01721967201311,610.8542824295766,1516.8881956336852,65.21611424885901,30.418975905294637,6.088967300323676,0.17050052731194593,12.897658395213309,19.79193169958843,0.737801211928969,3000.0,-4.5,0.45,none,0.0,
endurance,14,healthy,1095.0,78.46591406774905,78.90000503754231,611.975013921103,1520.7395667228623,65.92873666031214,30.75313669997322,6.088967300323676,0.14649328776172132,12.979689587040083,19.82107424816539,0.7378012148579035,3000.0,-4.5,0.45,none,0.0,
endurance,14,healthy,1096.0,78.46591359977606,78.75048383956134,609.93825645889,1520.1070872110922,66.80888758515479,30.862805493045187,6.088967300323676,0.19480397563116503,12.867578077636022,19.779773128087633,0.7378012177171016,3000.0,-4.5,0.45,none,0.0,
endurance,14,healthy,1097.0,78.46591314294528,78.72070829486887,610.6772665422374,1519.148012033041,67.15628569141502,30.56146966136089,6.088967300323676,0.19229656427811564,12.920823880027791,20.26846180999039,0.7378012205082234,3000.0,-4.5,0.45,none,0.0,
endurance,14,healthy,1098.0,78.46591269699142,77.58130697610135,613.1743545900335,1518.978750272989,66.52526991659532,30.920956456060594,6.088967300323676,0.21272215364820252,12.871830577121811,20.142778615854567,0.73780122323289,3000.0,-4.5,0.45,none,0.0,
endurance,14,healthy,1099.0,78.46591226165552,77.97182471869135,611.207156839918,1525.363000532075,66.07900329705085,30.628840266074018,6.088967300323676,0.20864867975259316,12.94331357115868,19.999062883104635,0.7378012258926836,3000.0,-4.5,0.45,none,0.0,
endurance,14,healthy,1100.0,78.46591183668475,78.4646006505738,611.3075934548185,1522.679195946962,66.92809381306726,29.776601686780435,6.088967300323676,0.15686014868272424,12.881596935098953,20.320897020803756,0.7378012284891486,3000.0,-4.5,0.45,none,0.0,
endurance,14,healthy,1101.0,78.46591142183235,79.23019677383307,607.600855494076,1518.383899178806,66.63816075658863,30.390114070643392,6.088967300323676,0.1804462205748749,12.916887513785577,20.050895785597707,0.7378012310237931,3000.0,-4.5,0.45,none,0.0,
endurance,14,healthy,1102.0,78.46591101685738,77.63250368118275,616.2230031559671,1525.6795134238257,66.03074634181229,30.73600112917421,6.088967300323676,0.22230937888019514,12.973713319070654,20.22513382225238,0.737801233498089,3000.0,-4.5,0.45,none,0.0,
endurance,14,healthy,1103.0,78.46591062152466,78.80125095849803,609.4337279551012,1519.169485629323,66.327529446448,30.404107082543085,6.088967300323676,0.22061924110686995,12.857659379868608,20.03642600131038,0.737801235913473,3000.0,-4.5,0.45,none,0.0,
endurance,14,healthy,1104.0,78.46591023560462,78.12151743266897,614.6820361871173,1525.4170803892493,65.79829610895995,30.069850388903422,6.088967300323676,0.17697801198513874,12.846221390854597,19.586417579666183,0.7378012382713479,3000.0,-4.5,0.45,none,0.0,
endurance,14,healthy,1105.0,78.46590985887316,78.94805735639729,613.7902259320736,1528.6612072170344,66.07761967785606,28.862373582930807,6.088967300323676,0.26057694256694497,12.91636231302256,20.32827086848695,0.7378012405730829,3000.0,-4.5,0.45,none,0.0,
endurance,14,healthy,1106.0,78.4659094911115,79.03434180300553,611.9863456768996,1512.5509076022286,66.55397093202845,30.30800036628768,6.088967300323676,0.25667147147361524,12.997347771800769,20.119612776942102,0.7378012428200147,3000.0,-4.5,0.45,none,0.0,
endurance,14,healthy,1107.0,78.46590913210608,78.79975686286167,612.6184420291601,1517.865202496391,66.31701377490865,30.967766089869112,6.088967300323676,0.19772772185751677,12.918516946441375,20.2158325085074,0.7378012450134482,3000.0,-4.5,0.45,none,0.0,
endurance,14,healthy,1108.0,78.4659087816484,78.81515340297659,618.0040427671886,1522.911207107328,65.11177263848553,30.951998669194396,6.088967300323676,0.20933679555174364,12.837554072534699,19.99672712440873,0.7378012471546571,3000.0,-4.5,0.45,none,0.0,
endurance,14,healthy,1109.0,78.46590843953494,79.07499928029456,613.4196772281241,1517.4807831056885,66.20360891794347,29.727584912519024,6.088967300323676,0.23211563540299512,12.930523039378645,20.3930377424681,0.7378012492448847,3000.0,-4.5,0.45,none,0.0,
endurance,14,healthy,1110.0,78.46590810556705,79.28619359768268,609.8027243099713,1521.520345737663,66.47395991382507,30.759949511323267,6.088967300323676,0.23904860692293767,12.863542246993502,19.74069865225781,0.7378012512853449,3000.0,-4.5,0.45,none,0.0,
endurance,14,healthy,1111.0,78.46590777955078,79.0515331439077,619.7297687980425,1516.5484781523708,66.32388741833633,30.140499335290833,6.088967300323676,0.18155521462014912,12.810572499589808,19.514232612435908,0.7378012532772229,3000.0,-4.5,0.45,none,0.0,
endurance,14,healthy,1112.0,78.4659074612968,78.32816745415832,613.5091166362305,1522.6539579698074,65.25936615310631,30.09836555563468,6.088967300323676,0.13628602033177872,12.901478053273271,20.170144670188492,0.7378012552216753,3000.0,-4.5,0.45,none,0.0,
endurance,14,healthy,1113.0,78.46590715062028,78.49194990920735,615.8633494519195,1531.0178187950476,66.19802955507615,31.037641801916145,6.088967300323676,0.06574542297726252,12.881277908986377,20.35810838656792,0.7378012571198311,3000.0,-4.5,0.45,none,0.0,
endurance,14,healthy,1114.0,78.46590684734083,78.21765271257206,613.5602746026264,1524.5185331600496,65.35558516738685,30.620466240755306,6.088967300323676,0.16020976039883406,12.906180525386569,19.760101234185104,0.7378012589727927,3000.0,-4.5,0.45,none,0.0,
endurance,14,healthy,1115.0,78.46590655128232,78.21996931724736,607.8774660941192,1517.190791425846,66.52641644145514,30.459205141422316,6.088967300323676,0.19785751668221863,12.925057616297694,20.1291211320093,0.7378012607816362,3000.0,-4.5,0.45,none,0.0,
endurance,14,healthy,1116.0,78.46590626227282,78.32933421436145,614.9338815375947,1520.2990577918242,67.31774049713142,29.623976479988404,6.088967300323676,0.26210434883207934,12.899060853141785,20.1097288205458,0.737801262547412,3000.0,-4.5,0.45,none,0.0,
endurance,14,healthy,1117.0,78.4659059801445,78.16892123515117,611.1730996558746,1523.0148119549904,66.43692502881487,30.724680844494994,6.088967300323676,0.2699427816054292,12.89844284004863,19.72427205791362,0.7378012642711455,3000.0,-4.5,0.45,none,0.0,
endurance,14,healthy,1118.0,78.46590570473352,78.15332299675273,612.7505454320566,1523.296741752222,67.51814082148782,30.562209956789545,6.088967300323676,0.14322493271648973,12.939699209461098,19.786749557927365,0.7378012659538378,3000.0,-4.5,0.45,none,0.0,
endurance,14,healthy,1119.0,78.46590543587995,77.79816673255276,612.5357479428151,1524.4159273291154,66.0164944583221,30.4660331895817,6.088967300323676,0.168988077530253,12.922585074395023,20.51731215000523,0.7378012675964658,3000.0,-4.5,0.45,none,0.0,
endurance,14,healthy,1120.0,78.46590517342764,79.06446542948298,616.8250490449085,1522.5043493148557,65.29900872044851,30.21374206102695,6.088967300323676,0.2269342744270028,12.9279813227607,19.98858293249299,0.7378012691999838,3000.0,-4.5,0.45,none,0.0,
endurance,14,healthy,1121.0,78.46590491722421,78.35196055266424,609.4454777507351,1520.9663619333655,66.00963239410879,30.348238228810338,6.088967300323676,0.1268637480884705,12.916192747824727,19.92542141342352,0.7378012707653228,3000.0,-4.5,0.45,none,0.0,
endurance,14,healthy,1122.0,78.46590466712085,77.82865188959221,613.6762539472367,1522.7030499664604,66.16586096444043,30.766849528193244,6.088967300323676,0.2490329031118969,12.89633350009097,20.133192538451503,0.7378012722933918,3000.0,-4.5,0.45,none,0.0,
endurance,14,healthy,1123.0,78.46590442297234,79.55687782622337,612.756075174487,1518.381320071926,66.29074775394534,31.161381825726068,6.088967300323676,0.10533106112142121,12.871116114924261,20.049161414062667,0.737801273785078,3000.0,-4.5,0.45,none,0.0,
endurance,14,healthy,1124.0,78.4659041846369,78.289098434607,609.6188493618832,1514.7178608226075,68.01207786850553,30.207765601006418,6.088967300323676,0.20803661787394975,12.89696161336323,20.09137505771136,0.7378012752412481,3000.0,-4.5,0.45,none,0.0,
endurance,14,healthy,1125.0,78.4659039519761,78.88786261010716,610.7060049527715,1520.1505759185447,66.36790138803055,31.159236980556127,6.088967300323676,0.1604367500275389,12.902309390093588,20.12557428593609,0.7378012766627473,3000.0,-4.5,0.45,none,0.0,
endurance,14,healthy,1126.0,78.46590372485484,78.61616143472659,610.8191466623498,1524.6479116509997,66.86711000216862,31.201270247351413,6.088967300323676,0.21217506376604806,12.90554215304868,20.092118226390056,0.7378012780504015,3000.0,-4.5,0.45,none,0.0,
endurance,14,healthy,1127.0,78.46590350314123,78.08231758449135,615.4361113536369,1517.0391388701025,66.23465814295524,30.601483440820623,6.088967300323676,0.1933017581066522,12.889059796235921,20.100035930958413,0.7378012794050162,3000.0,-4.5,0.45,none,0.0,
endurance,14,healthy,1128.0,78.46590328670652,78.83404433579354,616.3182369171531,1520.4075772820659,65.81937688734997,29.920396394880843,6.088967300323676,0.20891175139929574,12.922142181284132,20.11184536997532,0.7378012807273782,3000.0,-4.5,0.45,none,0.0,
endurance,14,healthy,1129.0,78.46590307542502,78.39775997689803,613.0800095562113,1525.4939299101702,66.5068844521557,30.307940898365814,6.088967300323676,0.20154755473917835,12.877223275322175,20.09076094046026,0.7378012820182553,3000.0,-4.5,0.45,none,0.0,
endurance,14,healthy,1130.0,78.46590286917403,78.33932984847112,613.2247363815433,1511.635096003964,65.72260616906732,30.969460114498357,6.088967300323676,0.15254383086556186,12.893152481869521,20.02487362656843,0.7378012832783973,3000.0,-4.5,0.45,none,0.0,
endurance,14,healthy,1131.0,78.46590266783377,78.64743959427358,615.511258257323,1518.5368764564578,66.59868330158783,30.412779544203964,6.088967300323676,0.2701899439361074,12.915712800377054,19.888570825662818,0.737801284508536,3000.0,-4.5,0.45,none,0.0,
endurance,14,healthy,1132.0,78.46590247128734,78.27198568188626,611.8520488970125,1526.834411430265,65.98722214222417,32.037189272764834,6.088967300323676,0.16260598820855288,12.906279409802764,19.845308506202848,0.7378012857093854,3000.0,-4.5,0.45,none,0.0,
endurance,14,healthy,1133.0,78.46590227942058,78.66600817445874,610.5026678903413,1515.871578271868,66.89936158772912,30.78540445586549,6.088967300323676,0.2481546279901579,12.884930691286927,19.94486890968743,0.7378012868816435,3000.0,-4.5,0.45,none,0.0,
endurance,14,healthy,1134.0,78.46590209212206,79.24339117613144,612.799373731456,1529.2136167724734,66.92177761377481,30.66657525764857,6.088967300323676,0.1885739809055967,12.93462498693129,19.760854530062392,0.7378012880259905,3000.0,-4.5,0.45,none,0.0,
endurance,14,healthy,1135.0,78.46590190928305,77.39478928056528,613.7914770016927,1514.5620907479827,66.36634469076766,29.458497454330526,6.088967300323676,0.21837497462994776,12.841995704755249,20.137905570287153,0.7378012891430912,3000.0,-4.5,0.45,none,0.0,
endurance,14,healthy,1136.0,78.46590173079734,78.51617426833813,609.0089606412463,1518.84334426938,66.75330168875189,30.14777545714712,6.088967300323676,0.18120466326900003,12.881397476725496,20.000730799269952,0.7378012902335942,3000.0,-4.5,0.45,none,0.0,
endurance,14,healthy,1137.0,78.46590155656129,79.3079299929301,615.1287031837044,1514.8014195299716,66.36187209409684,31.05799967938443,6.088967300323676,0.14093929350825724,12.959636848191257,19.8620998565903,0.7378012912981329,3000.0,-4.5,0.45,none,0.0,
endurance,14,healthy,1138.0,78.46590138647372,78.1639368320428,614.7790330868722,1519.8978074014694,65.35810679272116,30.762374312711877,6.088967300323676,0.31123727841245696,12.99851756863682,19.881554229726063,0.7378012923373255,3000.0,-4.5,0.45,none,0.0,
endurance,14,healthy,1139.0,78.46590122043585,78.75836039037553,612.0459585939458,1520.008815232728,65.74208430835816,30.056148152701898,6.088967300323676,0.19133629251569687,12.883191805043158,19.793215623301204,0.7378012933517754,3000.0,-4.5,0.45,none,0.0,
endurance,14,healthy,1140.0,78.46590105835126,78.59599921593507,618.2811686268498,1517.2708209655552,66.08059091244112,30.355403955900293,6.088967300323676,0.238654941681651,12.991414762973202,20.11736224708597,0.7378012943420716,3000.0,-4.5,0.45,none,0.0,
endurance,14,healthy,1141.0,78.46590090012583,78.58107603069828,612.7105969771092,1520.749721803139,67.25021299413068,30.765154875915304,6.088967300323676,0.20997739325262257,13.073499168467057,19.985994682026387,0.7378012953087895,3000.0,-4.5,0.45,none,0.0,
endurance,14,healthy,1142.0,78.46590074566768,78.10617083373185,614.9526780717063,1522.2392416802074,66.08711156092161,30.24413882386222,6.088967300323676,0.24464065178067573,13.035658462194915,19.89894969365036,0.7378012962524902,3000.0,-4.5,0.45,none,0.0,
endurance,14,healthy,1143.0,78.4659005948871,78.33441373120478,612.1432129015099,1523.933414774042,66.69218847787774,30.623454344869884,6.088967300323676,0.19090551545422313,12.921028253610602,19.944267293869313,0.7378012971737218,3000.0,-4.5,0.45,none,0.0,
endurance,14,healthy,1144.0,78.46590044769654,78.55976955849577,610.5495199144651,1517.5531015916886,66.2240619462393,30.80162588748338,6.088967300323676,0.08871713781121565,13.073274801790262,20.15895724836076,0.7378012980730193,3000.0,-4.5,0.45,none,0.0,
endurance,14,healthy,1145.0,78.46590030401052,79.70546154836904,609.1795874124526,1527.676740236241,66.05984496876452,30.46496765837789,6.088967300323676,0.178329904158568,12.953581179597128,19.90302350008457,0.7378012989509051,3000.0,-4.5,0.45,none,0.0,
endurance,14,healthy,1146.0,78.46590016374559,78.32984274961493,614.0113642855985,1516.7775686448613,66.8993049233267,30.77253797062949,6.088967300323676,0.28371838939837446,12.813761900555692,19.9466788771946,0.7378012998078887,3000.0,-4.5,0.45,none,0.0,
endurance,14,healthy,1147.0,78.4659000268203,79.02150994854036,610.5661470737618,1517.5307810727234,65.53740231169715,30.410314833386096,6.088967300323676,0.13438968731303153,12.90562662335703,20.16196297924473,0.7378013006444679,3000.0,-4.5,0.45,none,0.0,
endurance,14,healthy,1148.0,78.46589989315513,78.4994427937553,608.948340101961,1516.6460603050011,67.14560539070979,29.734586920739925,6.088967300323676,0.28547188610184415,12.871249099826604,20.170897844848184,0.7378013014611289,3000.0,-4.5,0.45,none,0.0,
endurance,14,healthy,1149.0,78.46589976267246,77.77983352599215,617.9202605423014,1516.096534706039,66.00373659304576,31.03144671012349,6.088967300323676,0.15915020411989364,12.8683696456883,20.044379185365777,0.7378013022583452,3000.0,-4.5,0.45,none,0.0,
endurance,14,healthy,1150.0,78.46589963529654,78.91185586015716,614.2753631252008,1523.9702444212048,66.80972433924426,30.250234641161178,6.088967300323676,0.14087740614608313,12.893995035646915,20.118185558232053,0.7378013030365803,3000.0,-4.5,0.45,none,0.0,
endurance,14,healthy,1151.0,78.46589951095336,79.063238590594,613.2149046264685,1509.9273196991298,66.42577801402335,31.172215269684884,6.088967300323676,0.1190132550854951,12.849713895149574,19.85385044244165,0.737801303796286,3000.0,-4.5,0.45,none,0.0,
endurance,14,healthy,1152.0,78.46589938957075,78.67235571785872,614.8538351143246,1514.619022835264,65.98060947047217,29.919010986602796,6.088967300323676,0.12859268481403233,12.846657794722443,19.887303881065847,0.7378013045379035,3000.0,-4.5,0.45,none,0.0,
endurance,14,healthy,1153.0,78.4658992710782,77.96389324465068,607.5602156920596,1525.7678110577351,66.18151332098027,29.789730593430065,6.088967300323676,0.18574267460150418,12.958963269831953,20.05086093238918,0.7378013052618633,3000.0,-4.5,0.45,none,0.0,
endurance,14,healthy,1154.0,78.4658991554069,77.58948553248055,611.1643061416668,1520.098216693533,66.16754907230664,30.359437519375625,6.088967300323676,0.18974435876774473,12.914361761186486,19.71288136915373,0.737801305968586,3000.0,-4.5,0.45,none,0.0,
endurance,14,healthy,1155.0,78.46589904248968,78.69325447224779,613.7194997237897,1508.0042318629057,66.33622844809814,30.32320616270638,6.088967300323676,0.31886308108593675,12.893395685171514,20.140196066640836,0.737801306658482,3000.0,-4.5,0.45,none,0.0,
endurance,14,healthy,1156.0,78.46589893226096,78.43960962592324,612.842476660659,1523.434684188408,66.15613272780642,30.694873891152152,6.088967300323676,0.20839640114762348,12.918277297339568,19.88611079800904,0.737801307331952,3000.0,-4.5,0.45,none,0.0,
endurance,14,healthy,1157.0,78.46589882465673,78.90806508008332,614.0999060678015,1530.4049764021604,66.27599221642558,29.628151753919262,6.088967300323676,0.19645502978762516,12.94093852844166,19.954370794594507,0.7378013079893868,3000.0,-4.5,0.45,none,0.0,
endurance,14,healthy,1158.0,78.46589871961451,78.81777980287634,614.917899710644,1520.0123126728495,66.34243447083263,30.305710094342643,6.088967300323676,0.2542452479802337,12.961860879715031,19.937274930493466,0.7378013086311686,3000.0,-4.5,0.45,none,0.0,
endurance,14,healthy,1159.0,78.4658986170733,78.47526390151852,614.3665732825399,1516.5261277191566,65.34055895024466,30.709145736529827,6.088967300323676,0.19098939152454802,12.930285814317434,19.951648242886975,0.7378013092576697,3000.0,-4.5,0.45,none,0.0,
endurance,14,healthy,1160.0,78.46589851697354,79.27054092046941,607.7680325658383,1528.6124948960955,66.1572464765521,29.79238619963023,6.088967300323676,0.16424277161701506,12.930872197689482,20.15072202673769,0.7378013098692542,3000.0,-4.5,0.45,none,0.0,
endurance,14,healthy,1161.0,78.4658984192571,78.53966846646406,611.1257786978304,1529.199361572231,65.95052693741104,30.759152830371097,6.088967300323676,0.2274948096544184,12.916278533776413,20.13151159963002,0.7378013104662773,3000.0,-4.5,0.45,none,0.0,
endurance,14,healthy,1162.0,78.46589832386725,78.28468858408357,614.3401485505879,1516.5869690761915,65.85845367789892,30.868223421228016,6.088967300323676,0.17295552069725076,12.915450658709508,20.323252776416435,0.7378013110490854,3000.0,-4.5,0.45,none,0.0,
endurance,14,healthy,1163.0,78.46589823074859,78.90111180782867,607.5164457148802,1519.5961133132362,66.4898894465925,29.310823665622863,6.088967300323676,0.18278224353717148,12.887571550465669,20.14295061660551,0.7378013116180171,3000.0,-4.5,0.45,none,0.0,
endurance,14,healthy,1164.0,78.46589813984704,77.97808743912427,615.2139711506812,1521.248515177976,65.93863299137492,29.87111567179878,6.088967300323676,0.24246522773354287,12.902596477705398,19.558273926536586,0.7378013121734028,3000.0,-4.5,0.45,none,0.0,
endurance,14,healthy,1165.0,78.46589805110982,78.56432949755272,610.4462534216361,1529.8370298500365,66.31651626944424,31.013636866025443,6.088967300323676,0.20854688768443783,12.980373654660882,19.95881654476056,0.7378013127155651,3000.0,-4.5,0.45,none,0.0,
endurance,14,healthy,1166.0,78.46589796448538,79.40748083981914,611.4355817179829,1519.9397070504701,66.91615647552183,29.82124829968659,6.088967300323676,0.20340413541647046,13.015368545299419,19.741936344757796,0.7378013132448188,3000.0,-4.5,0.45,none,0.0,
endurance,14,healthy,1167.0,78.46589787992343,79.14413831696737,611.5340418468479,1523.2405170810482,65.8027499380149,30.996051907792587,6.088967300323676,0.3031968468152456,12.888296573031992,20.30370588868352,0.7378013137614712,3000.0,-4.5,0.45,none,0.0,
endurance,14,healthy,1168.0,78.46589779737486,79.20612226561343,619.3848820271733,1523.7738008193558,66.12557749117124,29.352733184685732,6.088967300323676,0.1935005426485838,12.895600833485961,19.8486147239472,0.7378013142658223,3000.0,-4.5,0.45,none,0.0,
endurance,14,healthy,1169.0,78.46589771679173,78.03913019870313,612.4555847212455,1516.7715561468765,65.96641292354842,30.409303319472688,6.088967300323676,0.19547772708559807,12.865297625288765,19.880372754042522,0.737801314758165,3000.0,-4.5,0.45,none,0.0,
endurance,14,healthy,1170.0,78.46589763812725,78.8387132939362,611.9325626569232,1524.3638777195042,66.28204028047504,30.025560204048,6.088967300323676,0.24060786941602605,12.925557330923633,20.28487677186569,0.7378013152387853,3000.0,-4.5,0.45,none,0.0,
endurance,14,healthy,1171.0,78.46589756133572,78.41011630804805,613.9265932585757,1521.9316671601146,66.1303500333841,29.533207224932614,6.088967300323676,0.2313508414951376,12.906287800312542,20.247339732289554,0.7378013157079624,3000.0,-4.5,0.45,none,0.0,
endurance,14,healthy,1172.0,78.46589748637257,78.48122863384687,610.2742285793661,1527.08012424105,66.04831128964437,30.653768186742322,6.088967300323676,0.2812959052831505,12.928652112798893,19.874423956030448,0.7378013161659684,3000.0,-4.5,0.45,none,0.0,
endurance,14,healthy,1173.0,78.46589741319426,78.48485983864903,615.1207461253337,1514.0503010803618,66.34390866490952,30.913398968239836,6.088967300323676,0.15558648173964082,12.846890756616428,20.186473209715597,0.7378013166130697,3000.0,-4.5,0.45,none,0.0,
endurance,14,healthy,1174.0,78.46589734175828,79.02471371974293,612.7842878762389,1520.3527582492743,66.02395343563154,30.12154486722129,6.088967300323676,0.18433526440183498,12.885235311037691,20.303869185419853,0.7378013170495257,3000.0,-4.5,0.45,none,0.0,
endurance,14,healthy,1175.0,78.46589727202316,79.47744246326248,621.7472165983481,1523.376062006669,65.78505434230357,30.236126006811574,6.088967300323676,0.29329845080445044,12.858514093608346,19.965171457370367,0.7378013174755899,3000.0,-4.5,0.45,none,0.0,
endurance,14,healthy,1176.0,78.4658972039484,78.69779383273111,608.66287739926,1507.195662065231,66.82111661538879,30.651054432702256,6.088967300323676,0.259287288384466,12.91325638187769,19.829577984268283,0.7378013178915095,3000.0,-4.5,0.45,none,0.0,
endurance,14,healthy,1177.0,78.46589713749447,78.94332697913883,606.5160820617816,1520.9934694914637,66.4089017641751,30.408087119367526,6.088967300323676,0.2774667750454856,12.94545904278659,20.299693342309173,0.7378013182975265,3000.0,-4.5,0.45,none,0.0,
endurance,14,healthy,1178.0,78.46589707262277,78.46171450444176,613.2085464132903,1522.0079793191896,66.1797499366814,30.451705916096785,6.088967300323676,0.18531175141140685,12.96087003427817,20.261962913656774,0.7378013186938763,3000.0,-4.5,0.45,none,0.0,
endurance,14,healthy,1179.0,78.46589700929565,78.61908935364798,617.3649750016151,1524.5298827432152,66.32086506710725,30.4341259934035,6.088967300323676,0.2521304610422329,12.914581857354467,20.26882865883453,0.7378013190807893,3000.0,-4.5,0.45,none,0.0,
endurance,14,healthy,1180.0,78.46589694747631,78.38467198791334,611.1361143060172,1525.626819250161,66.57339244533155,30.329450240575802,6.088967300323676,0.13554284699299746,12.988659684213378,19.964659272109323,0.7378013194584899,3000.0,-4.5,0.45,none,0.0,
endurance,14,healthy,1181.0,78.46589688712886,77.93147879742428,614.7594292927446,1516.0886474493414,66.5385434917771,29.821546466616784,6.088967300323676,0.264988366741615,12.932274472780989,20.219911799910857,0.7378013198271978,3000.0,-4.5,0.45,none,0.0,
endurance,14,healthy,1182.0,78.46589682821826,78.82364142751725,612.1575851592995,1523.165313029901,66.49122566873413,30.720356396784997,6.088967300323676,0.25332567557969476,12.974207600832765,19.82148103471715,0.7378013201871267,3000.0,-4.5,0.45,none,0.0,
endurance,14,healthy,1183.0,78.46589677071029,77.97655832155007,614.5325751962362,1509.0430692429136,67.1947749418259,29.605645094946592,6.088967300323676,0.22153270065139768,12.987781842607198,19.816384155418536,0.7378013205384861,3000.0,-4.5,0.45,none,0.0,
endurance,14,healthy,1184.0,78.46589671457156,78.52686153167818,610.0689992915203,1524.195677057519,65.65096840948725,30.211564139548386,6.088967300323676,0.25963812690438753,12.858556672499503,20.191700800811127,0.7378013208814798,3000.0,-4.5,0.45,none,0.0,
endurance,14,healthy,1185.0,78.46589665976946,77.87457381998762,615.3780436134471,1519.8435553834051,66.23485546957771,30.04625439089885,6.088967300323676,0.15020710396003725,12.90909866803458,19.997272717980874,0.7378013212163068,3000.0,-4.5,0.45,none,0.0,
endurance,14,healthy,1186.0,78.46589660627217,78.3739475458556,610.2815305852002,1519.8846585516144,66.12073489656512,30.10748678104383,6.088967300323676,0.2200932676954217,12.909250074557741,19.762319172731,0.7378013215431619,3000.0,-4.5,0.45,none,0.0,
endurance,14,healthy,1187.0,78.46589655404863,78.88924912705352,611.0469541180113,1529.0139797926056,65.7915292386686,30.668009780514826,6.088967300323676,0.1866326416567692,12.924561522493114,20.068927593280115,0.7378013218622347,3000.0,-4.5,0.45,none,0.0,
endurance,14,healthy,1188.0,78.4658965030685,77.81635052828096,614.0308286591633,1520.1575013834188,65.33221344599285,30.49602273516434,6.088967300323676,0.1599595368487845,12.933975840647417,20.221510333155777,0.7378013221737105,3000.0,-4.5,0.45,none,0.0,
endurance,14,healthy,1189.0,78.4658964533022,79.08092810868496,610.5172577522476,1520.164472385664,66.63729993567141,30.5668475631783,6.088967300323676,0.22991433713696488,12.902064329181142,20.12238536899114,0.7378013224777702,3000.0,-4.5,0.45,none,0.0,
endurance,14,healthy,1190.0,78.4658964047208,79.05303810770627,618.5928700337466,1517.2065911277507,66.32040330130148,30.454745138330424,6.088967300323676,0.16095857029140537,12.882045816989903,19.940815899866386,0.7378013227745904,3000.0,-4.5,0.45,none,0.0,
endurance,14,healthy,1191.0,78.46589635729609,77.49062276902092,617.4555478979426,1517.4183640761912,67.191470846722,30.14958645984277,6.088967300323676,0.22849561242752808,12.96476360069347,19.761022361230815,0.7378013230643434,3000.0,-4.5,0.45,none,0.0,
endurance,14,healthy,1192.0,78.46589631100055,78.03100705889997,616.0409734921981,1526.4097868662898,66.56677656467915,29.518703120834825,6.088967300323676,0.2312562349996777,12.892379553131802,20.057361013629006,0.7378013233471976,3000.0,-4.5,0.45,none,0.0,
endurance,14,healthy,1193.0,78.46589626580729,78.6098959589582,616.2330256884793,1518.883198658957,66.16725691380317,30.884373928804166,6.088967300323676,0.13905313249916582,12.856332289127053,20.616743444085778,0.7378013236233172,3000.0,-4.5,0.45,none,0.0,
endurance,14,healthy,1194.0,78.46589622169006,78.96767966124608,616.738760035493,1519.7162626807,66.2603140038067,30.699432844915226,6.088967300323676,0.15679409601064445,12.874222722342212,19.90111225587985,0.7378013238928625,3000.0,-4.5,0.45,none,0.0,
endurance,14,healthy,1195.0,78.46589617862324,79.13521000541832,612.3894061981931,1526.2375356233256,65.71211371294748,30.03435248940472,6.088967300323676,0.19144679794429004,12.900434129545093,20.350138091433248,0.73780132415599,3000.0,-4.5,0.45,none,0.0,
endurance,14,healthy,1196.0,78.46589613658182,78.07689179814982,609.9904926688331,1520.9569497413681,67.41396984636948,29.707688704631646,6.088967300323676,0.27020794906415735,12.854632209027663,20.00120485605971,0.7378013244128525,3000.0,-4.5,0.45,none,0.0,
endurance,14,healthy,1197.0,78.46589609554138,79.15205894034246,616.9720688709787,1519.6021753412049,66.59409165630588,31.002956874242315,6.088967300323676,0.22925449409557647,12.918294255168178,20.10591581542033,0.7378013246635994,3000.0,-4.5,0.45,none,0.0,
endurance,14,healthy,1198.0,78.4658960554781,78.40110075594566,616.1302336119119,1515.9748195185716,65.46877742830428,30.61439438034396,6.088967300323676,0.23510629688420945,12.861398830376363,20.017427342334674,0.7378013249083759,3000.0,-4.5,0.45,none,0.0,
endurance,14,healthy,1199.0,78.4658960163687,78.45825318939504,612.0295389009137,1516.1440680481658,65.57291697599244,30.155359932863377,6.088967300323676,0.23372078857183493,12.94641378911141,19.956676465048993,0.7378013251473245,3000.0,-4.5,0.45,none,0.0,
endurance,14,healthy,1200.0,78.46589597819047,78.74487079701008,617.7671471821444,1509.8171455387605,65.39238324500504,30.427958552549274,6.088967300323676,0.16109495492965067,12.956105598863644,19.785695986419313,0.7378013253805841,3000.0,-4.5,0.45,none,0.0,
endurance,14,healthy,1201.0,78.46589594092126,78.77136242137189,612.0376237021717,1514.3844926034933,64.3483041781378,31.08007457404484,6.088967300323676,0.123975961884006,12.934163610370693,19.632248449367417,0.7378013256082896,3000.0,-4.5,0.45,none,0.0,
endurance,14,healthy,1202.0,78.46589590453941,78.14791053961858,610.6023834252865,1521.2567194534922,66.90724809084341,30.585207916512516,6.088967300323676,0.11558098827930507,12.940277323096513,20.236066227796105,0.7378013258305736,3000.0,-4.5,0.45,none,0.0,
endurance,14,healthy,1203.0,78.46589586902378,78.36507097741223,614.1943172285883,1519.0283894195045,66.01034050639822,30.264553416081664,6.088967300323676,0.18666108302133594,12.986953352909678,19.996486489490742,0.7378013260475653,3000.0,-4.5,0.45,none,0.0,
endurance,14,healthy,1204.0,78.46589583435377,78.02063299264991,611.1470285287508,1512.0264526048757,66.52409972009328,30.447033529181535,6.088967300323676,0.3161565133825426,12.920301147731236,19.986015061628493,0.7378013262593903,3000.0,-4.5,0.45,none,0.0,
endurance,14,healthy,1205.0,78.46589580050924,78.59207472813665,614.0883166255257,1519.8160612397885,67.04212232006775,31.083496253411,6.088967300323676,0.184439523262298,12.948673954778457,20.4368088594604,0.7378013264661719,3000.0,-4.5,0.45,none,0.0,
endurance,14,healthy,1206.0,78.46589576747053,78.19356278414615,610.5137660686814,1519.2083447870318,66.64403042199166,30.561268428582117,6.088967300323676,0.20272852555485674,12.97761317020923,19.849877196794573,0.7378013266680303,3000.0,-4.5,0.45,none,0.0,
endurance,14,healthy,1207.0,78.46589573521845,78.26175254851948,610.9510729273459,1521.231088026699,65.70285046347932,30.30568161052397,6.088967300323676,0.22803429570914815,12.908174524437632,19.74024664798645,0.7378013268650824,3000.0,-4.5,0.45,none,0.0,
endurance,14,healthy,1208.0,78.46589570373429,78.3000099938685,609.9391864632834,1526.7764415242984,66.88500962103366,30.577119489749816,6.088967300323676,0.1624776343873224,12.881656914890202,19.88083522564023,0.7378013270574427,3000.0,-4.5,0.45,none,0.0,
endurance,14,healthy,1209.0,78.46589567299975,78.2067335105867,609.7907284482419,1525.3603059574684,66.32453066216277,30.486497590848003,6.088967300323676,0.23196702959622975,12.914956933272016,20.04373780943465,0.7378013272452231,3000.0,-4.5,0.45,none,0.0,
endurance,14,healthy,1210.0,78.46589564299698,78.03010399448785,608.6712019420885,1520.7965389102008,66.61466030501977,30.517263815171056,6.088967300323676,0.22528478102562235,12.858389242284474,20.487676005625485,0.7378013274285324,3000.0,-4.5,0.45,none,0.0,
endurance,14,healthy,1211.0,78.46589561370857,77.57163481893801,609.8580451771337,1520.1508543216828,66.50015175988824,29.825959393754648,6.088967300323676,0.15485440079422993,12.960657823103928,19.71179619235872,0.7378013276074774,3000.0,-4.5,0.45,none,0.0,
endurance,14,healthy,1212.0,78.4658955851175,78.05195985567582,615.1442659260356,1518.8455151536548,65.56361335169392,31.12430287231266,6.088967300323676,0.2478284207704505,12.920164359602937,19.893863793056394,0.7378013277821618,3000.0,-4.5,0.45,none,0.0,
endurance,14,healthy,1213.0,78.46589555720716,78.2182390938049,611.0177179203262,1515.962160343729,65.98985930541035,30.033400517942354,6.088967300323676,0.20491495384782893,12.918658646021294,20.196640061349097,0.7378013279526869,3000.0,-4.5,0.45,none,0.0,
endurance,14,healthy,1214.0,78.46589552996136,78.61331009365466,613.4506894971122,1519.013421937111,66.09840831947457,29.267651478666163,6.088967300323676,0.19408061538122282,12.931931702682384,19.958498053733514,0.7378013281191518,3000.0,-4.5,0.45,none,0.0,
endurance,14,healthy,1215.0,78.46589550336427,78.1039089572372,616.5391689171418,1522.9379734688673,66.9027965512013,30.812041096660337,6.088967300323676,0.15448299326559983,12.860236753062983,19.767047998818327,0.7378013282816535,3000.0,-4.5,0.45,none,0.0,
endurance,14,healthy,1216.0,78.46589547740044,78.29890652204394,619.3321743712504,1514.254804000116,65.98823405770854,30.537012722271,6.088967300323676,0.24852063152198037,12.899083278672961,20.054553693677388,0.737801328440286,3000.0,-4.5,0.45,none,0.0,
endurance,14,healthy,1217.0,78.4658954520548,78.5622630571731,614.1312997200528,1520.169983820908,65.47533705569465,29.529323849604463,6.088967300323676,0.23051146126010355,12.94925568156475,19.713834039343805,0.7378013285951415,3000.0,-4.5,0.45,none,0.0,
endurance,14,healthy,1218.0,78.46589542731262,78.24694564692815,610.7045999136652,1507.9285124144385,66.38764715198012,30.09236454767296,6.088967300323676,0.19318089565478014,12.905950853901155,19.992533683363337,0.7378013287463101,3000.0,-4.5,0.45,none,0.0,
endurance,14,healthy,1219.0,78.46589540315954,78.93611327110364,612.5052494330338,1526.0797460324904,66.80568760381294,29.784679302762207,6.088967300323676,0.270707198769133,12.947265562124894,20.119667537923807,0.7378013288938793,3000.0,-4.5,0.45,none,0.0,
endurance,14,healthy,1220.0,78.46589537958153,79.09524373390953,613.566485356068,1519.7109314875668,65.42383073569745,30.572728522946218,6.088967300323676,0.24651662911973696,12.902033350136573,19.560750503016234,0.737801329037935,3000.0,-4.5,0.45,none,0.0,
endurance,14,healthy,1221.0,78.4658953565649,78.5235590915833,612.1331772948764,1518.847055206733,65.76690742607175,30.23769205672203,6.088967300323676,0.0855708989768773,12.980591542496752,20.14801735848881,0.7378013291785608,3000.0,-4.5,0.45,none,0.0,
endurance,14,healthy,1222.0,78.46589533409629,78.84004167294941,610.6967738006082,1518.0940049183212,66.40911481516592,29.804309262374566,6.088967300323676,0.21855466878972732,13.003157951044466,19.884564843603666,0.7378013293158385,3000.0,-4.5,0.45,none,0.0,
endurance,14,healthy,1223.0,78.46589531216264,78.14974248059232,617.1527372863795,1523.8891714825154,66.32052482296744,31.13916062971981,6.088967300323676,0.22940255465228582,12.880012093259552,19.954316682985212,0.7378013294498476,3000.0,-4.5,0.45,none,0.0,
endurance,14,healthy,1224.0,78.46589529075123,78.15888350100585,617.5218273168742,1519.7748699954814,66.8896353805101,30.304795000670836,6.088967300323676,0.1833623474001576,12.88058202716238,20.274580425602,0.737801329580666,3000.0,-4.5,0.45,none,0.0,
endurance,14,healthy,1225.0,78.46589526984963,78.61031607048503,609.3245906899292,1520.197942118634,67.14270818481295,30.442108129799248,6.088967300323676,0.15102347054511395,12.923315457430846,20.267655876123904,0.7378013297083695,3000.0,-4.5,0.45,none,0.0,
endurance,14,healthy,1226.0,78.46589524944567,78.46012192862685,613.6332386371139,1517.6286767152385,65.46111307334837,30.742544095944158,6.088967300323676,0.1355850247388074,12.91087928090921,20.16611698163609,0.7378013298330326,3000.0,-4.5,0.45,none,0.0,
endurance,14,healthy,1227.0,78.46589522952752,78.87672004804203,613.7086239126614,1527.8119250550892,66.40608875739248,30.409554494505223,6.088967300323676,0.25215177827144986,12.84602070359727,19.754462218943093,0.7378013299547276,3000.0,-4.5,0.45,none,0.0,
endurance,14,healthy,1228.0,78.46589521008362,76.98153525103345,616.1687546154205,1520.8735732171633,65.80568585720209,30.197573673694478,6.088967300323676,0.2034861886906668,12.923372807508391,19.911234221784653,0.7378013300735249,3000.0,-4.5,0.45,none,0.0,
endurance,14,healthy,1229.0,78.46589519110266,78.67916145547157,611.8346745455892,1518.1049399212213,66.8567597571459,30.78275522127471,6.088967300323676,0.15175070273007732,12.822794469479089,19.88792029662783,0.7378013301894939,3000.0,-4.5,0.45,none,0.0,
endurance,14,healthy,1230.0,78.46589517257362,78.65271281592113,612.407951652373,1516.231212525247,65.81989463610674,30.622969523750882,6.088967300323676,0.1717248822674186,12.918346342999316,20.348325035295932,0.7378013303027016,3000.0,-4.5,0.45,none,0.0,
endurance,14,healthy,1231.0,78.46589515448576,78.14796837321339,616.1436298516277,1509.3348122190257,66.81305825119244,30.279483049172015,6.088967300323676,0.25502573301696313,12.872746864898055,20.366869114464325,0.7378013304132138,3000.0,-4.5,0.45,none,0.0,
endurance,14,healthy,1232.0,78.46589513682856,78.90929562960882,604.7830676833131,1528.3793147542012,65.60011842782927,30.221895345848843,6.088967300323676,0.2537051363985995,12.84662213015272,19.992622487995817,0.7378013305210949,3000.0,-4.5,0.45,none,0.0,
endurance,14,healthy,1233.0,78.46589511959178,78.0765057246723,619.5224823657738,1522.0559617366835,66.5874003938641,31.609125401909754,6.088967300323676,0.2086394555549672,12.830111099707294,19.748665991491652,0.7378013306264074,3000.0,-4.5,0.45,none,0.0,
endurance,14,healthy,1234.0,78.46589510276539,77.59647978094121,615.3620783221248,1519.2905856611287,66.06749627175672,29.809574666786936,6.088967300323676,0.13648415088723248,12.952423757074936,19.696228717700475,0.7378013307292124,3000.0,-4.5,0.45,none,0.0,
endurance,14,healthy,1235.0,78.46589508633963,77.76661594417105,607.7741802256709,1516.2780968541624,65.21056133024126,31.548058534744452,6.088967300323676,0.24255225078479442,12.907723593243961,20.279990333855412,0.7378013308295698,3000.0,-4.5,0.45,none,0.0,
endurance,14,healthy,1236.0,78.46589507030495,78.24975283568249,612.8323548508858,1518.7627060596808,66.24799713973319,30.325124500624185,6.088967300323676,0.2039717906662553,12.935507913170577,19.872847258143725,0.7378013309275375,3000.0,-4.5,0.45,none,0.0,
endurance,14,healthy,1237.0,78.46589505465205,77.52115304825767,612.5524850622861,1510.7938119029081,65.84143955644376,30.178974001178144,6.088967300323676,0.22552544479512832,12.958162738597597,20.098049589277124,0.7378013310231729,3000.0,-4.5,0.45,none,0.0,
endurance,14,healthy,1238.0,78.46589503937184,77.42370911169807,615.0550154704163,1516.892901447146,65.80538505834424,30.393247662299505,6.088967300323676,0.12611466647321098,12.93305025150359,20.119011705609072,0.7378013311165312,3000.0,-4.5,0.45,none,0.0,
endurance,14,healthy,1239.0,78.46589502445545,78.27044887848504,608.0426064987405,1515.9239026932491,66.4881542064878,29.49136637196459,6.088967300323676,0.20365047024094582,12.92148728707995,19.846638750641347,0.7378013312076666,3000.0,-4.5,0.45,none,0.0,
endurance,14,healthy,1240.0,78.46589500989421,79.07654523833082,618.4122454652307,1519.5616734734872,66.6694963782995,29.930676090170646,6.088967300323676,0.24099426052403006,12.93272503202903,19.71163576590782,0.7378013312966322,3000.0,-4.5,0.45,none,0.0,
endurance,14,healthy,1241.0,78.46589499567966,78.51958544248518,616.4538138225461,1515.4921154244803,65.76984146714547,30.795417047310966,6.088967300323676,0.17380708983642496,12.916516775445443,20.118479205659263,0.7378013313834795,3000.0,-4.5,0.45,none,0.0,
endurance,14,healthy,1242.0,78.46589498180356,79.56268602661613,612.3717492387984,1521.6751246761257,66.72400081218716,30.522157276248098,6.088967300323676,0.1852063526818832,12.891087374568226,20.138393375917044,0.737801331468259,3000.0,-4.5,0.45,none,0.0,
endurance,14,healthy,1243.0,78.46589496825784,78.44017093920259,615.4146241532763,1525.328870056512,66.68402984996582,30.291546905299,6.088967300323676,0.116250507890853,12.88756485979683,20.217867951664903,0.7378013315510199,3000.0,-4.5,0.45,none,0.0,
endurance,14,healthy,1244.0,78.46589495503464,78.63527366112801,616.5046944778336,1521.9125231563628,65.85439052628122,30.502869147161437,6.088967300323676,0.14602646627612956,12.960909353522998,20.335474863444084,0.7378013316318104,3000.0,-4.5,0.45,none,0.0,
endurance,14,healthy,1245.0,78.46589494212628,78.28563837264872,615.637237365834,1523.7644606592362,67.14303319184224,30.033447862195626,6.088967300323676,0.18252454727633022,12.832690222528573,20.386813982773383,0.7378013317106773,3000.0,-4.5,0.45,none,0.0,
endurance,14,healthy,1246.0,78.46589492952526,78.43579036896338,610.4469517704058,1510.1190554032357,65.95062750125636,30.50628135133778,6.088967300323676,0.18782967912985657,12.965564861821944,19.910582525250106,0.7378013317876664,3000.0,-4.5,0.45,none,0.0,
endurance,14,healthy,1247.0,78.46589491722426,78.4620145336329,615.0793492914139,1515.1177031995849,65.80759313341036,30.816999223130633,6.088967300323676,0.3363045216730388,12.916409497436238,19.61351429879431,0.7378013318628224,3000.0,-4.5,0.45,none,0.0,
endurance,14,healthy,1248.0,78.46589490521615,78.14341040904401,612.1607366710742,1521.050995546562,66.68261216201195,30.413582981188863,6.088967300323676,0.2834906849360186,12.901631660746824,20.131469442300563,0.7378013319361889,3000.0,-4.5,0.45,none,0.0,
endurance,14,healthy,1249.0,78.46589489349394,78.07629464885008,615.1220740786928,1524.2180221087212,66.3430327842898,30.55971902584599,6.088967300323676,0.2060596700664182,12.896664140910508,19.832968311844038,0.7378013320078087,3000.0,-4.5,0.45,none,0.0,
endurance,14,healthy,1250.0,78.46589488205083,77.51922209274558,620.706632143489,1518.8926717494505,65.78683124067368,30.186182623635244,6.088967300323676,0.22142445184476053,12.945715962183547,20.178468400582492,0.7378013320777232,3000.0,-4.5,0.45,none,0.0,
endurance,14,healthy,1251.0,78.46589487088018,78.41155031010702,612.1299995820489,1524.9477160919653,65.95683267932232,30.950355920413273,6.088967300323676,0.15705256142089505,12.967876193281265,20.205034362972196,0.7378013321459731,3000.0,-4.5,0.45,none,0.0,
endurance,14,healthy,1252.0,78.46589485997549,78.63823794524973,610.7887526524248,1521.522830605128,66.59050170152109,29.777048239332675,6.088967300323676,0.2362286899343436,12.916767997008504,20.13761274022425,0.737801332212598,3000.0,-4.5,0.45,none,0.0,
endurance,14,healthy,1253.0,78.46589484933044,78.77247384022786,609.0314500405223,1518.471213744539,65.98086979483729,30.237512759413,6.088967300323676,0.2828420806406506,12.873962853947106,19.843951685154412,0.7378013322776367,3000.0,-4.5,0.45,none,0.0,
endurance,14,healthy,1254.0,78.46589483893884,77.50094000166419,617.9566405562286,1514.1303171684986,66.17928340442369,30.3291035289802,6.088967300323676,0.19932683869014162,12.89356956517731,20.32948676336356,0.7378013323411268,3000.0,-4.5,0.45,none,0.0,
endurance,14,healthy,1255.0,78.46589482879466,79.09076262990756,612.9678497456224,1517.398607256543,66.83195186319928,30.44801738371716,6.088967300323676,0.24695244155453291,12.843573149173038,20.332371711414424,0.7378013324031052,3000.0,-4.5,0.45,none,0.0,
endurance,14,healthy,1256.0,78.46589481889201,78.81295802178664,613.6662936871923,1525.840453800681,65.58102055015127,30.32991349126763,6.088967300323676,0.20434867527578462,12.974624841900818,19.708772969812323,0.7378013324636079,3000.0,-4.5,0.45,none,0.0,
endurance,14,healthy,1257.0,78.46589480922513,79.12625459612691,613.0407379370432,1516.2281024381473,66.84841367148294,29.53963304143344,6.088967300323676,0.1737477652944044,13.06376579012407,19.934128900804,0.73780133252267,3000.0,-4.5,0.45,none,0.0,
endurance,14,healthy,1258.0,78.46589479978843,78.22518272312412,613.6864321840715,1517.2671960573985,67.34349361592729,30.09038437093815,6.088967300323676,0.24725128703913796,12.941865156404935,19.80886081071169,0.737801332580326,3000.0,-4.5,0.45,none,0.0,
endurance,14,healthy,1259.0,78.4658947905764,79.17754166011304,615.3471803712868,1525.9093186178711,66.73236088680697,30.755204917020492,6.088967300323676,0.08780126594998856,12.91855118801872,20.144233587900697,0.7378013326366091,3000.0,-4.5,0.45,none,0.0,
endurance,14,healthy,1260.0,78.46589478158371,78.02825137716724,616.6491859911654,1515.6800948939585,65.64406662704563,30.882631310392107,6.088967300323676,0.21338800969939864,12.865884815177232,19.826400528808286,0.7378013326915522,3000.0,-4.5,0.45,none,0.0,
endurance,14,healthy,1261.0,78.46589477280513,77.65351588477367,616.169242468906,1531.9299725312908,66.92843581840393,30.380925556174937,6.088967300323676,0.22678483111246062,12.950055783885231,19.79511194409381,0.7378013327451871,3000.0,-4.5,0.45,none,0.0,
endurance,14,healthy,1262.0,78.46589476423556,78.15859920788152,606.3245602957599,1517.8138863756299,66.41166029743496,29.967979371907138,6.088967300323676,0.145982913627543,12.856016820584854,20.099932425605974,0.737801332797545,3000.0,-4.5,0.45,none,0.0,
endurance,14,healthy,1263.0,78.46589475587002,78.05065628720548,613.853618979743,1519.6939892494247,66.13899428474049,30.489391136129647,6.088967300323676,0.22022083068519815,12.904009426344617,19.919238387279655,0.7378013328486563,3000.0,-4.5,0.45,none,0.0,
endurance,14,healthy,1264.0,78.46589474770367,77.86965437990402,608.5421818461076,1505.4263622707986,66.20747822279885,30.346372916232276,6.088967300323676,0.21762407874054743,12.918992007435131,20.2588490958707,0.7378013328985509,3000.0,-4.5,0.45,none,0.0,
endurance,14,healthy,1265.0,78.46589473973177,78.09032832801122,618.6348808821836,1522.3552442080304,65.9191953369924,30.56843648963106,6.088967300323676,0.22032025632402963,12.986221563549543,19.963453702937702,0.7378013329472571,3000.0,-4.5,0.45,none,0.0,
endurance,14,healthy,1266.0,78.46589473194966,78.47103336023947,609.9223129326401,1518.2775646779896,66.21998047117594,30.47061493371915,6.088967300323676,0.18926519017663948,12.904435760909907,19.98760632859417,0.7378013329948039,3000.0,-4.5,0.45,none,0.0,
endurance,14,healthy,1267.0,78.46589472435285,79.6871874882939,612.5335033111294,1519.3441946701164,66.18215876136742,30.92527844488989,6.088967300323676,0.2913898961855276,12.888425923138858,20.031351363761416,0.7378013330412185,3000.0,-4.5,0.45,none,0.0,
endurance,14,healthy,1268.0,78.46589471693692,79.4991576464629,608.8223408700954,1519.07719132619,66.25822093381922,31.535801399624667,6.088967300323676,0.2482919084050592,12.932110329783187,20.23711979310395,0.737801333086528,3000.0,-4.5,0.45,none,0.0,
endurance,14,healthy,1269.0,78.46589470969755,78.51101165008471,614.3919520849823,1517.7201348236183,65.89054456576173,30.046119331251838,6.088967300323676,0.265114079856628,12.945199961663983,19.895165896235792,0.7378013331307587,3000.0,-4.5,0.45,none,0.0,
endurance,14,healthy,1270.0,78.46589470263055,79.28122342213345,616.600744296025,1507.0523637355236,66.44320204050602,31.020827981650992,6.088967300323676,0.2200211806735523,12.876983688506474,20.60922968649975,0.7378013331739364,3000.0,-4.5,0.45,none,0.0,
endurance,14,healthy,1271.0,78.4658946957318,78.33731461742272,612.1322161558816,1519.0663844573075,67.03899444226886,30.602002699743878,6.088967300323676,0.20519638618383237,12.902687459014832,20.06278276523497,0.737801333216086,3000.0,-4.5,0.45,none,0.0,
endurance,14,healthy,1272.0,78.46589468899732,77.96567616264312,608.9322458395176,1517.2730600216855,66.31566056371496,30.16460196025846,6.088967300323676,0.22392964877566016,12.821380334767545,19.986493495541087,0.737801333257232,3000.0,-4.5,0.45,none,0.0,
endurance,14,healthy,1273.0,78.46589468242318,78.77851400827468,616.6755346662859,1512.1029264984209,65.96832161542093,30.68645769723033,6.088967300323676,0.1648554129824111,13.039184383085775,20.265983070682758,0.7378013332973983,3000.0,-4.5,0.45,none,0.0,
endurance,14,healthy,1274.0,78.46589467600558,77.33254300269856,613.8777005759138,1517.9659484791925,66.32576072774002,30.56201884717928,6.088967300323676,0.28691785759865573,12.903873971457376,19.80809856563069,0.7378013333366082,3000.0,-4.5,0.45,none,0.0,
endurance,14,healthy,1275.0,78.46589466974076,78.14556912783688,615.2419642675346,1514.4384735932567,66.04520220625218,30.423420252431143,6.088967300323676,0.2549373289683783,12.944470136026041,19.782700711528893,0.7378013333748847,3000.0,-4.5,0.45,none,0.0,
endurance,14,healthy,1276.0,78.46589466362511,79.10309426971082,613.8434199356449,1514.9444588130223,66.10150782267617,30.462652520043065,6.088967300323676,0.16166180997444074,12.934582014675108,20.073929223450588,0.7378013334122498,3000.0,-4.5,0.45,none,0.0,
endurance,14,healthy,1277.0,78.46589465765507,78.64325055673329,611.4012212253443,1522.2052278221208,65.77883316933563,30.68809693222083,6.088967300323676,0.17051402031285087,12.947359216152723,19.80371284588822,0.7378013334487252,3000.0,-4.5,0.45,none,0.0,
endurance,14,healthy,1278.0,78.46589465182717,77.94097859695805,609.3589570268745,1519.169884039141,66.27981418916912,30.40733424266563,6.088967300323676,0.17484259070798466,12.927516647405893,20.079550966032333,0.7378013334843323,3000.0,-4.5,0.45,none,0.0,
endurance,14,healthy,1279.0,78.46589464613803,78.03477083528959,615.669368867269,1515.0116938005565,66.20190768132213,31.018360719348337,6.088967300323676,0.29651447077828574,12.925605352008622,20.04097429617823,0.7378013335190914,3000.0,-4.5,0.45,none,0.0,
endurance,14,healthy,1280.0,78.46589464058434,78.06462755971104,613.0154178619447,1518.9512962757688,66.44564332554872,29.64997082685141,6.088967300323676,0.18372067041803916,12.97095991380866,20.237282526901023,0.7378013335530231,3000.0,-4.5,0.45,none,0.0,
endurance,14,healthy,1281.0,78.46589463516288,78.6465271914992,613.9710163520468,1522.7425968941461,66.27034676543275,30.120169922172526,6.088967300323676,0.28028772882552394,12.885915205146325,19.846430914093407,0.7378013335861469,3000.0,-4.5,0.45,none,0.0,
endurance,14,healthy,1282.0,78.46589462987052,78.21587679224884,616.8701340085202,1524.7778922202074,66.54300225382532,30.763236390579575,6.088967300323676,0.16925469536641324,12.92911925556182,20.013741220362988,0.7378013336184819,3000.0,-4.5,0.45,none,0.0,
endurance,14,healthy,1283.0,78.46589462470416,78.03419163665781,613.5400883428375,1526.559387708643,66.52542718767484,30.696595310799864,6.088967300323676,0.14501076642429717,12.86291036464065,20.215406250889817,0.737801333650047,3000.0,-4.5,0.45,none,0.0,
endurance,14,healthy,1284.0,78.46589461966082,78.84837765596724,609.9332162157838,1521.1387791821685,66.44378574414694,30.0494121004567,6.088967300323676,0.20974255757282184,12.904170273797346,20.062484074383242,0.7378013336808606,3000.0,-4.5,0.45,none,0.0,
endurance,14,healthy,1285.0,78.46589461473755,78.42361375451534,612.2736477366328,1520.0301056227863,66.06615794203337,30.485475050783343,6.088967300323676,0.24394895818112855,13.002327061338415,20.25506229798819,0.7378013337109406,3000.0,-4.5,0.45,none,0.0,
endurance,14,healthy,1286.0,78.4658946099315,78.64624000543787,610.9956171474636,1516.0147094752328,65.72634612167786,30.010304444577088,6.088967300323676,0.2055354252735765,12.851824426088813,19.794725091511626,0.7378013337403044,3000.0,-4.5,0.45,none,0.0,
endurance,14,healthy,1287.0,78.46589460523987,78.0811765538942,614.1280417612669,1524.515571829214,65.98225257354221,29.657427505524712,6.088967300323676,0.2550648337293522,12.896632507754063,20.115030254748046,0.737801333768969,3000.0,-4.5,0.45,none,0.0,
endurance,14,healthy,1288.0,78.46589460065995,79.5558784344866,613.6818330611551,1522.5278556923342,66.17740050363484,31.01498274326345,6.088967300323676,0.2668015948685679,12.945133486944655,20.130084672019223,0.7378013337969512,3000.0,-4.5,0.45,none,0.0,
endurance,14,healthy,1289.0,78.46589459618907,78.32779604156414,614.8714906045956,1519.6576194156755,66.18409341250717,30.20230454648752,6.088967300323676,0.2631420099853447,12.861064567922611,20.139584261353754,0.737801333824267,3000.0,-4.5,0.45,none,0.0,
endurance,14,healthy,1290.0,78.46589459182465,77.68254927090736,617.8527966179865,1518.0379150077285,66.7266079399322,29.87032599934027,6.088967300323676,0.24247753009038972,12.905597268520314,20.200423426159528,0.7378013338509326,3000.0,-4.5,0.45,none,0.0,
endurance,14,healthy,1291.0,78.46589458756415,78.36588968514582,612.5619458455496,1511.914801757216,66.51968870262662,30.659516164332146,6.088967300323676,0.18924084641780886,12.987084720789609,20.04203178694992,0.7378013338769631,3000.0,-4.5,0.45,none,0.0,
endurance,14,healthy,1292.0,78.46589458340509,78.4868033377072,617.6058770190034,1522.4317452889657,66.90993757918201,30.43159121374099,6.088967300323676,0.21554113104660305,12.902172181343465,20.008471138172254,0.7378013339023741,3000.0,-4.5,0.45,none,0.0,
endurance,14,healthy,1293.0,78.46589457934505,77.82662491403016,607.3129944271972,1520.8892639140372,66.20388427169615,30.306691876456824,6.088967300323676,0.21705336960074031,12.86433556664702,19.915555844191076,0.7378013339271798,3000.0,-4.5,0.45,none,0.0,
endurance,14,healthy,1294.0,78.46589457538167,79.62067283790805,609.916350526188,1512.5730853591,66.20642953756771,30.434799779561626,6.088967300323676,0.271416494182013,12.843490838666531,19.69855647748426,0.7378013339513951,3000.0,-4.5,0.45,none,0.0,
endurance,14,healthy,1295.0,78.46589457151266,78.60500227785288,609.8391610010982,1522.6924524319372,66.35120838900754,30.730301231499737,6.088967300323676,0.2278727958070135,12.88611378040823,20.002568159965648,0.7378013339750338,3000.0,-4.5,0.45,none,0.0,
endurance,14,healthy,1296.0,78.46589456773577,78.8613914035491,608.1893172675713,1518.9851717826816,67.16748914510036,30.54406422192123,6.088967300323676,0.1724120790439015,12.875832796089721,19.91550513153994,0.7378013339981097,3000.0,-4.5,0.45,none,0.0,
endurance,14,healthy,1297.0,78.46589456404881,78.37328049441217,605.6933241730786,1522.4880202718527,66.13286244726449,31.304738628028,6.088967300323676,0.21969233075392602,12.886567192558266,19.683965114976942,0.7378013340206362,3000.0,-4.5,0.45,none,0.0,
endurance,14,healthy,1298.0,78.46589456044963,78.09192171933681,611.9519793323752,1522.3253670776503,65.71209688548245,30.322902938889207,6.088967300323676,0.15524117823171255,12.929717890856036,19.89895469761636,0.7378013340426262,3000.0,-4.5,0.45,none,0.0,
endurance,14,healthy,1299.0,78.46589455693615,77.63233872393184,609.7699429618058,1518.1330446941,67.15363875560027,28.70560312420895,6.088967300323676,0.21378324170060617,12.882093367686906,19.849092896727896,0.7378013340640927,3000.0,-4.5,0.45,none,0.0,
endurance,14,healthy,1300.0,78.46589455350632,78.43743446426147,615.291279493004,1519.4147177788418,66.28267062594773,30.25417479090621,6.088967300323676,0.148229733441124,13.007569431596625,20.010250658067385,0.7378013340850481,3000.0,-4.5,0.45,none,0.0,
endurance,14,healthy,1301.0,78.46589455015815,78.19814632755278,617.892388463019,1518.526839611739,66.64650479529446,30.242120993601336,6.088967300323676,0.15438209072247858,12.961493832066441,20.222760479460316,0.7378013341055045,3000.0,-4.5,0.45,none,0.0,
endurance,14,healthy,1302.0,78.4658945468897,78.21180231131555,611.8652517143994,1525.1932155266231,66.55194564121959,29.96395633516121,6.088967300323676,0.11469701563302435,12.929007020404294,19.821057942459436,0.7378013341254739,3000.0,-4.5,0.45,none,0.0,
endurance,14,healthy,1303.0,78.46589454369908,78.90711471200551,614.9780944675296,1519.6898553771243,66.32515681146036,30.068188682185067,6.088967300323676,0.15830142447960635,12.935158564511294,20.031821625361417,0.7378013341449678,3000.0,-4.5,0.45,none,0.0,
endurance,14,healthy,1304.0,78.46589454058442,78.15284378461594,614.9409435528236,1530.0985665745493,66.47250591811905,30.04374031673868,6.088967300323676,0.1925008529249505,12.93499264691399,20.09287950913618,0.7378013341639977,3000.0,-4.5,0.45,none,0.0,
endurance,14,healthy,1305.0,78.46589453754392,78.24673454737692,616.4676333126483,1517.9287446811043,65.92418351409917,30.234193307176607,6.088967300323676,0.21563965860227277,12.898769425651384,19.894216182050535,0.7378013341825743,3000.0,-4.5,0.45,none,0.0,
endurance,14,healthy,1306.0,78.46589453457581,78.15057747626759,608.1681656624648,1523.2008316812353,65.29008773236998,30.78102674629292,6.088967300323676,0.13938229593714416,12.935862545152451,19.95560142037259,0.7378013342007088,3000.0,-4.5,0.45,none,0.0,
endurance,14,healthy,1307.0,78.46589453167837,78.04738865415533,610.1019365809174,1519.3718254542607,65.64450144242423,31.105310873528666,6.088967300323676,0.1863584730784943,12.90837944400206,19.838601505079353,0.7378013342184113,3000.0,-4.5,0.45,none,0.0,
endurance,14,healthy,1308.0,78.46589452884992,78.64763447823557,611.5115758002216,1527.4057805519278,66.3902961816517,30.558106742625306,6.088967300323676,0.22780605283973202,12.89812845346264,20.13057974411241,0.7378013342356926,3000.0,-4.5,0.45,none,0.0,
endurance,14,healthy,1309.0,78.4658945260888,77.84199068308517,616.7324173547979,1524.0524232650548,65.59632505900765,30.54812652535875,6.088967300323676,0.2221729078906711,12.886641188181908,20.375485485626662,0.7378013342525622,3000.0,-4.5,0.45,none,0.0,
endurance,14,healthy,1310.0,78.46589452339343,78.5398342897733,616.7017366801583,1512.765642662749,66.16550919241882,30.298854652268165,6.088967300323676,0.13951392839365495,12.812831039284388,20.129268487003152,0.7378013342690304,3000.0,-4.5,0.45,none,0.0,
endurance,14,healthy,1311.0,78.46589452076223,77.89954629395172,613.3562390096823,1514.5945411508478,66.5273669562792,30.352406668115194,6.088967300323676,0.1853447182169274,12.890920651885633,19.939066608897267,0.7378013342851062,3000.0,-4.5,0.45,none,0.0,
endurance,14,healthy,1312.0,78.46589451819369,78.67267229349807,610.9571529475085,1516.701721190297,65.8982564554332,30.207214613169437,6.088967300323676,0.24817113021608736,12.888358536679434,20.21715090362883,0.7378013343007994,3000.0,-4.5,0.45,none,0.0,
endurance,14,healthy,1313.0,78.4658945156863,78.04342337319711,609.3767603192432,1522.5622142757786,67.31911863514439,30.86816777009055,6.088967300323676,0.14612476820907558,12.845253757160062,20.08704133061029,0.7378013343161189,3000.0,-4.5,0.45,none,0.0,
endurance,14,healthy,1314.0,78.46589451323861,78.35521497925029,610.6025324059933,1523.5889160713816,66.28052167196977,29.92199873436325,6.088967300323676,0.1922177779244345,12.86351298853247,19.930673113873695,0.7378013343310736,3000.0,-4.5,0.45,none,0.0,
endurance,14,healthy,1315.0,78.4658945108492,78.56422226197981,610.3642649362074,1504.0786837748326,67.45507851542465,30.539651260279967,6.088967300323676,0.1926430018870421,12.909776979759034,20.278832642178674,0.7378013343456724,3000.0,-4.5,0.45,none,0.0,
endurance,14,healthy,1316.0,78.46589450851668,78.16531498023352,609.9664289087875,1507.0449789914503,65.60474600683821,31.20032874057602,6.088967300323676,0.16907833713269713,12.90766418374528,20.205517294784954,0.7378013343599235,3000.0,-4.5,0.45,none,0.0,
endurance,14,healthy,1317.0,78.4658945062397,78.48954995319944,608.1086486061691,1522.7821121104753,67.49247042070891,30.433672957399835,6.088967300323676,0.10652636768466772,12.91114910144199,20.075027900889182,0.7378013343738352,3000.0,-4.5,0.45,none,0.0,
endurance,14,healthy,1318.0,78.46589450401693,78.70603834518488,609.5943574258694,1522.5098990398192,66.28583743154897,30.963514765546037,6.088967300323676,0.12319014259201012,13.072680863295318,20.20499499602245,0.7378013343874159,3000.0,-4.5,0.45,none,0.0,
endurance,14,healthy,1319.0,78.46589450184709,77.64769279464552,608.5735612671866,1520.5647890586156,66.31127142266057,30.435279840673907,6.088967300323676,0.1324775761601234,12.911199645878684,19.98510323679981,0.7378013344006731,3000.0,-4.5,0.45,none,0.0,
endurance,14,healthy,1320.0,78.4658944997289,78.66110856366977,613.047689153403,1526.1941557776433,65.87566971300976,29.925367468771263,6.088967300323676,0.24017439121141781,12.93129812929272,19.990849068387327,0.7378013344136146,3000.0,-4.5,0.45,none,0.0,
endurance,14,healthy,1321.0,78.46589449766115,78.43594225824765,616.4922834828491,1516.5702378850056,67.09547549152074,30.410761714808753,6.088967300323676,0.181494785530548,12.91942129138265,19.71775203091574,0.737801334426248,3000.0,-4.5,0.45,none,0.0,
endurance,14,healthy,1322.0,78.46589449564263,77.93575724982473,616.5694239632751,1523.327467923532,66.39266298141455,30.748113443733207,6.088967300323676,0.21948373987729367,12.890562823630312,19.87198077182088,0.7378013344385808,3000.0,-4.5,0.45,none,0.0,
endurance,14,healthy,1323.0,78.46589449367217,77.95476518866508,611.9779278430802,1514.3220520838154,66.62600822673888,30.60399804536308,6.088967300323676,0.18986200025665306,12.9062567557766,19.942746713728113,0.7378013344506198,3000.0,-4.5,0.45,none,0.0,
endurance,14,healthy,1324.0,78.46589449174863,78.70025333644844,613.5814187385433,1515.9141251036394,67.00189255652795,30.79539454309722,6.088967300323676,0.24960018896936498,12.934390902899395,19.961384429099812,0.7378013344623722,3000.0,-4.5,0.45,none,0.0,
endurance,14,healthy,1325.0,78.46589448987089,78.04141620534728,614.1651185217883,1509.7974405191121,65.83754559514082,31.377788048281744,6.088967300323676,0.2250216781133808,12.924588647024082,19.929931922726105,0.7378013344738447,3000.0,-4.5,0.45,none,0.0,
endurance,14,healthy,1326.0,78.46589448803786,78.63792478210127,611.5028254840024,1519.3012819647597,65.57875267884533,30.73698749131109,6.088967300323676,0.14017110362725038,13.004713321970852,19.925985349907098,0.737801334485044,3000.0,-4.5,0.45,none,0.0,
endurance,14,healthy,1327.0,78.46589448624847,78.4950753106252,618.3764608000956,1517.5722703527683,67.1630566733013,30.108606193411173,6.088967300323676,0.1655407708002481,13.007467767013596,20.198699282981053,0.7378013344959767,3000.0,-4.5,0.45,none,0.0,
endurance,14,healthy,1328.0,78.46589448450169,78.42045513781834,605.4565580768775,1518.6890390605283,65.72556133299825,29.711481055387292,6.088967300323676,0.15306997760121702,12.958425246743063,19.933337845062713,0.7378013345066491,3000.0,-4.5,0.45,none,0.0,
endurance,14,healthy,1329.0,78.46589448279649,77.78307273280409,612.8914481062886,1523.619200939864,66.34727244099126,30.51896615365895,6.088967300323676,0.17384466693077977,12.915542757491155,19.932109612658163,0.7378013345170675,3000.0,-4.5,0.45,none,0.0,
endurance,14,healthy,1330.0,78.46589448113188,78.49498011684742,609.391376751613,1515.07167924507,65.74605884667758,30.58187467939841,6.088967300323676,0.14912772738281202,12.96814679391607,20.06962896795814,0.7378013345272377,3000.0,-4.5,0.45,none,0.0,
endurance,14,healthy,1331.0,78.46589447950691,77.62802763655102,605.3812608316956,1524.807815752797,66.48245814141313,30.447036934553438,6.088967300323676,0.09992912782848191,12.858880875511982,20.215619564754647,0.7378013345371659,3000.0,-4.5,0.45,none,0.0,
endurance,14,healthy,1332.0,78.46589447792064,78.898116483498,607.8613121987443,1518.930368213337,66.6725381887975,30.709949601456437,6.088967300323676,0.12521931076674564,12.871585195525784,19.78302195180532,0.7378013345468577,3000.0,-4.5,0.45,none,0.0,
endurance,14,healthy,1333.0,78.46589447637214,78.10823932414208,606.7049552160419,1529.8991945591038,66.60009916973804,30.532754840054224,6.088967300323676,0.17227476947609177,12.908754327913353,19.963146058312343,0.7378013345563186,3000.0,-4.5,0.45,none,0.0,
endurance,14,healthy,1334.0,78.4658944748605,77.82203733791934,611.3279383871281,1521.5647072828178,66.06880250971612,30.371459266439434,6.088967300323676,0.1558620005134578,12.958450215476944,19.79755368798921,0.7378013345655543,3000.0,-4.5,0.45,none,0.0,
endurance,14,healthy,1335.0,78.46589447338486,78.5393154777721,609.380817446614,1520.8416792501632,66.4543686993474,30.10686420839666,6.088967300323676,0.17383531922170098,12.884065998164395,19.627650177274056,0.7378013345745702,3000.0,-4.5,0.45,none,0.0,
endurance,14,healthy,1336.0,78.46589447194435,78.42937072552525,612.3123093372758,1521.7569200113464,67.08440213126501,30.47876788449984,6.088967300323676,0.3029382669227571,12.814579672051687,20.08241909927138,0.7378013345833714,3000.0,-4.5,0.45,none,0.0,
endurance,14,healthy,1337.0,78.46589447053813,77.70405528995228,615.7788379186801,1523.020212341084,65.94844598863457,29.435806268074714,6.088967300323676,0.28427425160216696,12.922801690542538,19.823218575052596,0.737801334591963,3000.0,-4.5,0.45,none,0.0,
endurance,14,healthy,1338.0,78.4658944691654,78.60954510130001,610.1253592334401,1517.7437336860025,65.9919289297828,30.953888481763776,6.088967300323676,0.21600493597520268,12.98806630164097,20.00570494725979,0.73780133460035,3000.0,-4.5,0.45,none,0.0,
endurance,14,healthy,1339.0,78.46589446782535,78.04984186168912,609.289132311101,1517.832742882303,66.15701882822667,30.20597417916975,6.088967300323676,0.194069336258238,12.87011082945249,20.1177665551137,0.7378013346085375,3000.0,-4.5,0.45,none,0.0,
endurance,14,healthy,1340.0,78.46589446651721,78.08682131949595,615.3835959596489,1516.7325640071865,65.67141609328833,30.018396704808485,6.088967300323676,0.21465109433705423,12.931606427364487,20.141085643897274,0.7378013346165297,3000.0,-4.5,0.45,none,0.0,
endurance,14,healthy,1341.0,78.46589446524021,78.11723403588825,612.6739537176466,1520.4534851150631,66.16175876968855,29.665192990218813,6.088967300323676,0.19220250287319401,12.916216673758017,19.769418524795213,0.737801334624332,3000.0,-4.5,0.45,none,0.0,
endurance,14,healthy,1342.0,78.46589446399362,78.60069225072178,615.9744003880086,1512.7097820250685,66.8918380675367,31.199277155418496,6.088967300323676,0.12617775252917224,12.859376541249802,20.59560282163196,0.7378013346319483,3000.0,-4.5,0.45,none,0.0,
endurance,14,healthy,1343.0,78.46589446277672,79.08858134437448,615.4594156730184,1509.988027380294,65.68105101471413,29.890689104301536,6.088967300323676,0.20590995254561206,12.953161316614082,19.819153883882844,0.7378013346393832,3000.0,-4.5,0.45,none,0.0,
endurance,14,healthy,1344.0,78.46589446158877,79.6147773652999,612.3248467198365,1525.2390312736516,65.6009121145572,31.224268968923873,6.088967300323676,0.14637102574619965,12.841233078481896,20.206055921726488,0.7378013346466412,3000.0,-4.5,0.45,none,0.0,
endurance,14,healthy,1345.0,78.46589446042913,78.55372034555516,613.4082485171028,1511.2731536210272,66.33466271317502,30.492082503330725,6.088967300323676,0.25227847584108065,12.918762319463262,20.01188695326123,0.7378013346537264,3000.0,-4.5,0.45,none,0.0,
endurance,14,healthy,1346.0,78.46589445929709,78.42434878355388,612.5695225325063,1521.0407652911667,66.32118380175632,30.284172864536252,6.088967300323676,0.23642880990327148,12.915821160118504,19.95323687447408,0.7378013346606429,3000.0,-4.5,0.45,none,0.0,
endurance,14,healthy,1347.0,78.465894458192,77.86165815937352,613.4948583282221,1510.5828976211612,66.1017388804625,31.316504338723156,6.088967300323676,0.2880005848386812,12.941949519255902,20.154642550641988,0.7378013346673947,3000.0,-4.5,0.45,none,0.0,
endurance,14,healthy,1348.0,78.46589445711322,78.98467248799135,617.5662467035481,1520.3361579199575,65.72593479810857,30.61244200559956,6.088967300323676,0.21797661528586798,12.877482156270673,19.869294625502288,0.7378013346739858,3000.0,-4.5,0.45,none,0.0,
endurance,14,healthy,1349.0,78.46589445606013,78.93772757781234,612.5820823292959,1514.160571112307,65.73723052657503,31.158527740974407,6.088967300323676,0.15432267976337372,13.122587562667341,19.87425897618595,0.73780133468042,3000.0,-4.5,0.45,none,0.0,
endurance,14,healthy,1350.0,78.46589445503211,77.87677310691319,613.6534776023748,1520.691808885106,66.19541919990178,29.443252801758582,6.088967300323676,0.2342508941750657,12.888595653253546,19.909742701447524,0.7378013346867007,3000.0,-4.5,0.45,none,0.0,
endurance,14,healthy,1351.0,78.46589445402857,79.65600751469357,614.3687290108151,1521.16764804053,66.94219234642733,30.29257263462535,6.088967300323676,0.22008991860480703,13.02247947205882,20.3557216165978,0.7378013346928323,3000.0,-4.5,0.45,none,0.0,
endurance,14,healthy,1352.0,78.46589445304892,79.05951656931688,612.2756205971818,1514.159263102853,67.18279769321967,30.851559774061506,6.088967300323676,0.26882959239276644,12.984387755356641,20.30996178195047,0.7378013346988177,3000.0,-4.5,0.45,none,0.0,
endurance,14,healthy,1353.0,78.4658944520926,78.53725659054828,614.3333057445021,1530.1733964464265,66.30932890821684,30.69353082552534,6.088967300323676,0.16506472721006307,12.909860326225306,19.828803108831256,0.7378013347046606,3000.0,-4.5,0.45,none,0.0,
endurance,14,healthy,1354.0,78.46589445115904,77.22436881728541,607.2971312613479,1516.7518155015948,66.40452067674023,30.087067370355346,6.088967300323676,0.20813845901334754,13.002886288290282,19.827314379587563,0.7378013347103644,3000.0,-4.5,0.45,none,0.0,
endurance,14,healthy,1355.0,78.46589445024772,77.14641581463779,616.7562213880304,1517.6771760318238,66.34483063379322,30.00586692898184,6.088967300323676,0.24368162133160495,12.968452792030089,20.09924151351142,0.7378013347159323,3000.0,-4.5,0.45,none,0.0,
endurance,14,healthy,1356.0,78.46589444935809,78.49311200193304,613.3204921973212,1516.2470802274156,66.33221877406025,30.3612596060801,6.088967300323676,0.18638731483070253,13.03727638471127,19.76988787026905,0.7378013347213677,3000.0,-4.5,0.45,none,0.0,
endurance,14,healthy,1357.0,78.46589444848965,78.24557175486714,614.4839098512914,1525.401789649148,65.79369714174136,29.972707395138798,6.088967300323676,0.1202581470684641,12.86683266919445,19.97542756978224,0.7378013347266736,3000.0,-4.5,0.45,none,0.0,
endurance,14,healthy,1358.0,78.46589444764189,78.82389237816768,611.6567238016817,1503.391008492624,65.70136522244724,30.26888496054603,6.088967300323676,0.2738112444363992,12.967958330418087,19.886264908957095,0.7378013347318533,3000.0,-4.5,0.45,none,0.0,
endurance,14,healthy,1359.0,78.4658944468143,79.10039664252909,613.9972049934528,1523.5239852594495,66.52263590057535,30.797717914564657,6.088967300323676,0.22587800691840548,12.955699813994954,20.107874483235218,0.7378013347369097,3000.0,-4.5,0.45,none,0.0,
endurance,14,healthy,1360.0,78.46589444600643,78.43091983279227,609.5830295566947,1518.9796573491838,66.80946929678987,30.40808081116045,6.088967300323676,0.24252714895990063,12.892044784713153,20.040662222439256,0.7378013347418455,3000.0,-4.5,0.45,none,0.0,
endurance,14,healthy,1361.0,78.46589444521778,78.62443653297926,608.7348555326155,1520.5981487928686,66.25293078382025,30.541684208293,6.088967300323676,0.28971172675071866,12.835806199313398,20.32680466897149,0.7378013347466639,3000.0,-4.5,0.45,none,0.0,
endurance,14,healthy,1362.0,78.46589444444791,78.81132235151718,607.8976223525474,1517.7260881812722,66.49924017443563,30.90768893476582,6.088967300323676,0.17892036091274105,12.934354783461322,20.04728592872725,0.7378013347513677,3000.0,-4.5,0.45,none,0.0,
endurance,14,healthy,1363.0,78.46589444369637,78.6895066692373,611.7778464859538,1531.6795367115485,66.33516673502393,30.93386934372962,6.088967300323676,0.24208840157823328,12.853444809588563,20.033433289139367,0.7378013347559594,3000.0,-4.5,0.45,none,0.0,
endurance,14,healthy,1364.0,78.46589444296272,78.23923772943691,611.4534847873022,1514.6087500404767,64.68902077773272,30.64088399399832,6.088967300323676,0.1886128901888101,12.894417090380719,19.970478106743858,0.7378013347604417,3000.0,-4.5,0.45,none,0.0,
endurance,14,healthy,1365.0,78.46589444224655,77.80765136814847,612.7039107303692,1518.5262509660931,65.5677033760913,30.16904908877064,6.088967300323676,0.1882937430484703,12.9084242581136,19.545742532679146,0.7378013347648175,3000.0,-4.5,0.45,none,0.0,
endurance,14,healthy,1366.0,78.46589444154743,77.97641018065717,613.53389546733,1523.4201918312963,66.09692884649313,30.837212162749204,6.088967300323676,0.21375187101439228,12.850721999111164,20.12549232159133,0.7378013347690888,3000.0,-4.5,0.45,none,0.0,
endurance,14,healthy,1367.0,78.46589444086496,79.6236163138472,612.11907577649,1512.4040471711255,66.78081191558323,30.56280311595877,6.088967300323676,0.1306317048306424,12.839929437168811,19.77885093984296,0.7378013347732586,3000.0,-4.5,0.45,none,0.0,
endurance,14,healthy,1368.0,78.46589444019872,79.50732156118605,610.5196142781008,1515.4681613941536,66.9451794113269,30.60740895863536,6.088967300323676,0.15641952486524344,12.830834094239693,19.811357455207915,0.7378013347773291,3000.0,-4.5,0.45,none,0.0,
endurance,14,healthy,1369.0,78.46589443954836,78.56897077470637,610.3263833000196,1512.8900143687072,66.32275534375665,30.545688547630306,6.088967300323676,0.10001875777015024,12.937677054330972,19.839399392999315,0.7378013347813026,3000.0,-4.5,0.45,none,0.0,
endurance,14,healthy,1370.0,78.46589443891348,77.93069124096704,615.4060549982615,1519.4216009304555,66.66398542495064,30.143913469521344,6.088967300323676,0.17332947522512823,12.883509119612814,19.980134127631477,0.7378013347851816,3000.0,-4.5,0.45,none,0.0,
endurance,14,healthy,1371.0,78.46589443829372,78.93883051444712,609.7303728663405,1524.6606560386724,65.40197733125909,31.287210659339618,6.088967300323676,0.23043594257819724,12.896894456722295,19.78672686938121,0.7378013347889683,3000.0,-4.5,0.45,none,0.0,
endurance,14,healthy,1372.0,78.4658944376887,78.28837369941884,611.0609140424922,1514.4278813811004,66.08547771155607,30.294180561331512,6.088967300323676,0.2951305154289581,12.906558075622415,20.49486496130901,0.7378013347926647,3000.0,-4.5,0.45,none,0.0,
endurance,14,healthy,1373.0,78.4658944370981,79.17105584540853,611.6674238919705,1519.469393170975,65.77235413550095,30.50802890827714,6.088967300323676,0.1844975536398042,12.852084399291714,20.25371856709378,0.7378013347962731,3000.0,-4.5,0.45,none,0.0,
endurance,14,healthy,1374.0,78.46589443652157,77.46433752720444,617.9861873628286,1516.3100923874629,65.88292502634259,30.36850764991863,6.088967300323676,0.21832036886540257,12.946066124065831,19.931280316819876,0.7378013347997957,3000.0,-4.5,0.45,none,0.0,
endurance,14,healthy,1375.0,78.46589443595875,79.6389859727371,613.2700769862274,1523.9390827734733,66.75575342830356,30.263804577915124,6.088967300323676,0.21381888372491759,12.86419747105346,20.04111133725835,0.7378013348032344,3000.0,-4.5,0.45,none,0.0,
endurance,14,healthy,1376.0,78.46589443540933,78.86899392083441,610.9813004276958,1528.91867784785,66.11294304422366,31.047478613394677,6.088967300323676,0.15556440237268798,12.930704633439651,20.066957772694863,0.7378013348065912,3000.0,-4.5,0.45,none,0.0,
endurance,14,healthy,1377.0,78.465894434873,78.68353604344044,611.47432985879,1512.6892085714562,65.96959828088744,30.530335500062957,6.088967300323676,0.11464315258501237,12.910006539101232,20.04679226055346,0.7378013348098681,3000.0,-4.5,0.45,none,0.0,
endurance,14,healthy,1378.0,78.46589443434944,79.11383641128438,614.3176422001574,1513.838526994199,65.60219805794478,30.085549072279925,6.088967300323676,0.1079709265197624,12.937353307963933,19.941718438362027,0.7378013348130668,3000.0,-4.5,0.45,none,0.0,
endurance,14,healthy,1379.0,78.46589443383834,78.43166596402767,609.5493425610603,1516.857950652371,66.55181427888648,30.327695199599646,6.088967300323676,0.1587677300584532,12.955580436910322,19.952830352567062,0.7378013348161895,3000.0,-4.5,0.45,none,0.0,
endurance,14,healthy,1380.0,78.46589443333941,78.5744935608067,611.9508688913273,1513.5817340994247,66.94925442222036,30.340646957185626,6.088967300323676,0.27347368248360726,13.028771252769396,19.890330117703247,0.7378013348192378,3000.0,-4.5,0.45,none,0.0,
endurance,14,healthy,1381.0,78.46589443285237,78.85724530314297,611.0599397158785,1522.171444661346,66.3203971188921,31.10694067709978,6.088967300323676,0.2703075551591931,12.907346313346656,19.529469757539363,0.7378013348222137,3000.0,-4.5,0.45,none,0.0,
endurance,14,healthy,1382.0,78.46589443237691,77.80095371775207,613.5438676739583,1520.948569799583,65.66724156270733,30.373321175525348,6.088967300323676,0.19397468060586015,12.934707139386648,19.885052028266145,0.7378013348251184,3000.0,-4.5,0.45,none,0.0,
endurance,14,healthy,1383.0,78.46589443191279,78.65119037522392,614.8343236311705,1517.9051034588133,66.07662490340294,30.757311103528455,6.088967300323676,0.14921544832549039,12.87513201502984,20.08986476384148,0.7378013348279542,3000.0,-4.5,0.45,none,0.0,
endurance,14,healthy,1384.0,78.4658944314597,77.97181875930727,613.7633468926629,1509.8407166189484,66.14234185960049,30.1901820349196,6.088967300323676,0.192214230562683,12.93077918174453,19.941785917390064,0.7378013348307224,3000.0,-4.5,0.45,none,0.0,
endurance,14,healthy,1385.0,78.4658944310174,77.60373329434907,610.6588090208717,1522.1489769935629,67.17097955009507,31.218665344809388,6.088967300323676,0.2329044964323003,12.893908160859377,20.16299575778385,0.7378013348334247,3000.0,-4.5,0.45,none,0.0,
endurance,14,healthy,1386.0,78.46589443058564,78.81665700483319,616.947997254431,1519.7846738043306,66.30908521688929,30.166516715543082,6.088967300323676,0.20764870548404885,12.93469508825288,20.152379730633086,0.7378013348360628,3000.0,-4.5,0.45,none,0.0,
endurance,14,healthy,1387.0,78.46589443016416,79.09142726545058,610.7543740372687,1523.6519752028719,66.08229396187734,31.29417146065591,6.088967300323676,0.2989365978065439,12.923765865526352,19.931206782370875,0.7378013348386379,3000.0,-4.5,0.45,none,0.0,
endurance,14,healthy,1388.0,78.46589442975271,78.85255063276716,610.569729713297,1522.4376579251239,66.0292826522542,30.999685847340377,6.088967300323676,0.15562841029522156,12.823121754279164,19.842644238380625,0.7378013348411516,3000.0,-4.5,0.45,none,0.0,
endurance,14,healthy,1389.0,78.46589442935105,78.17899528468016,610.0789599976143,1521.803754940315,66.34169791715117,30.93996734853427,6.088967300323676,0.12993356366987385,12.896763036991926,19.941609502029756,0.7378013348436057,3000.0,-4.5,0.45,none,0.0,
endurance,14,healthy,1390.0,78.46589442895896,78.32298959333914,610.7957890549503,1519.9154743333938,65.63339180610322,29.519621242521918,6.088967300323676,0.1850516349509811,12.990303166172206,19.89866101693516,0.7378013348460013,3000.0,-4.5,0.45,none,0.0,
endurance,14,healthy,1391.0,78.4658944285762,78.71801441024337,615.8164630747093,1529.8234840279815,66.47085115751686,30.722024264796985,6.088967300323676,0.146471532128448,12.916009780617827,20.199539366594184,0.7378013348483399,3000.0,-4.5,0.45,none,0.0,
endurance,14,healthy,1392.0,78.46589442820257,78.84274371729268,615.2992595996428,1518.937888584088,66.56500315357097,29.995657411016285,6.088967300323676,0.20844340569878142,12.896485790620147,20.132940776307365,0.7378013348506226,3000.0,-4.5,0.45,none,0.0,
endurance,14,healthy,1393.0,78.46589442783784,77.89741500747137,616.653773036052,1514.6856381374866,65.67210555447512,30.941397367881322,6.088967300323676,0.16443982293946635,12.874451270813084,20.007699115680865,0.7378013348528512,3000.0,-4.5,0.45,none,0.0,
endurance,14,healthy,1394.0,78.46589442748179,78.6617942254145,613.9070490840966,1520.383180851057,66.14370567244232,30.58259828836978,6.088967300323676,0.26258252297551304,12.919109702149512,19.81798809397026,0.7378013348550264,3000.0,-4.5,0.45,none,0.0,
endurance,14,healthy,1395.0,78.4658944271342,78.88202917100513,610.341246478672,1515.6174813135528,65.63512879376724,30.5457362042145,6.088967300323676,0.25557800302318706,12.928936601235215,19.92689477217929,0.7378013348571502,3000.0,-4.5,0.45,none,0.0,
endurance,14,healthy,1396.0,78.4658944267949,77.87120212957751,610.1894338969357,1518.0546490274855,66.32932000054748,29.9565218262101,6.088967300323676,0.22386075590786095,12.88039785679929,20.069595449012148,0.7378013348592232,3000.0,-4.5,0.45,none,0.0,
endurance,14,healthy,1397.0,78.46589442646368,78.53565559310707,609.3283338994523,1528.8341572485424,66.10212921789405,29.71838847275193,6.088967300323676,0.1899458749064874,12.949880380095886,19.70264333523867,0.7378013348612469,3000.0,-4.5,0.45,none,0.0,
endurance,14,healthy,1398.0,78.46589442614034,78.1432369487447,616.36639453291,1516.335219382487,66.06505358025207,30.835280084424962,6.088967300323676,0.1691534637513582,12.970087106817429,19.647604319862026,0.7378013348632224,3000.0,-4.5,0.45,none,0.0,
endurance,14,healthy,1399.0,78.4658944258247,78.94141973743768,616.1368563004069,1511.7910075084178,67.13176989777517,31.171261687448,6.088967300323676,0.13616412783809503,12.935588290517549,19.77755775160091,0.7378013348651509,3000.0,-4.5,0.45,none,0.0,
endurance,14,healthy,1400.0,78.46589442551658,77.74610297387426,619.1833655645921,1519.475424536405,66.76365251816044,31.069990098560503,6.088967300323676,0.21464123399990886,12.99220042886172,19.896828779369613,0.7378013348670334,3000.0,-4.5,0.45,none,0.0,
endurance,14,healthy,1401.0,78.4658944252158,78.92938406027612,615.1300203275625,1518.1750047031662,66.94220211135435,30.000655323636725,6.088967300323676,0.18938749753273262,12.906845141258557,20.276552310548016,0.7378013348688711,3000.0,-4.5,0.45,none,0.0,
endurance,14,healthy,1402.0,78.46589442492217,78.31304671860926,616.357473088902,1513.3627765844033,66.62475256126532,29.712620144112492,6.088967300323676,0.19953616642390967,12.997703581725087,19.726510922387956,0.7378013348706651,3000.0,-4.5,0.45,none,0.0,
endurance,14,healthy,1403.0,78.46589442463554,78.21384737200798,613.4999657786938,1519.053765234282,67.44741320815923,30.690639330693173,6.088967300323676,0.1906561460900078,12.96519348048517,19.599791591253965,0.7378013348724164,3000.0,-4.5,0.45,none,0.0,
endurance,14,healthy,1404.0,78.46589442435572,77.7747603688527,614.1127856431992,1507.4727869488213,66.53295917366395,30.068098017473332,6.088967300323676,0.1742054092118971,12.892240599613226,20.09157794880567,0.7378013348741259,3000.0,-4.5,0.45,none,0.0,
endurance,14,healthy,1405.0,78.46589442408258,78.73684823136306,611.8256713694003,1515.2670828942328,66.04520002101721,30.999034725466654,6.088967300323676,0.10669788171008833,12.903168527062084,19.893415262701787,0.7378013348757948,3000.0,-4.5,0.45,none,0.0,
endurance,14,healthy,1406.0,78.46589442381593,79.07149886474348,618.0721113579987,1522.1180810496376,66.72405371529787,30.30845244074893,6.088967300323676,0.17385399738104063,12.898483499106717,20.010943716504933,0.7378013348774239,3000.0,-4.5,0.45,none,0.0,
endurance,14,healthy,1407.0,78.46589442355562,78.27378460405578,612.9127713791272,1514.6859204681753,67.3730664866015,30.387403258314134,6.088967300323676,0.22823031176770403,12.88053752644164,20.059285819514468,0.7378013348790142,3000.0,-4.5,0.45,none,0.0,
endurance,14,healthy,1408.0,78.46589442330152,78.92964240493802,610.3126992372252,1518.2401669563167,66.04026605263894,30.53542474973066,6.088967300323676,0.18911783896420784,12.874333821900954,20.159432527809855,0.7378013348805668,3000.0,-4.5,0.45,none,0.0,
endurance,14,healthy,1409.0,78.46589442305347,78.30243929753213,611.8900564021546,1519.5980668458485,66.19865228553296,30.481941966034093,6.088967300323676,0.29611155408794715,12.873368677099895,19.8045472855718,0.7378013348820824,3000.0,-4.5,0.45,none,0.0,
endurance,14,healthy,1410.0,78.46589442281133,78.63410940005723,611.7078115924417,1525.39854978412,66.64893315093474,30.762528681485396,6.088967300323676,0.20707973311751862,12.997899127881755,19.646395465342973,0.7378013348835617,3000.0,-4.5,0.45,none,0.0,
endurance,14,healthy,1411.0,78.46589442257495,78.21839783452117,616.4495557274105,1512.1278653009476,66.32935683443945,30.142046598961322,6.088967300323676,0.23026523494485018,12.923732787683274,19.974321651059956,0.7378013348850061,3000.0,-4.5,0.45,none,0.0,
endurance,14,healthy,1412.0,78.46589442234419,78.51787085078477,608.6901391324329,1521.7570077156781,65.63475530792036,29.656846882857863,6.088967300323676,0.24143720849372086,12.911846471989698,20.055189046857354,0.7378013348864159,3000.0,-4.5,0.45,none,0.0,
endurance,14,healthy,1413.0,78.46589442211894,78.31457650395875,614.408900447784,1513.571724263757,65.67694684283423,30.000439215273623,6.088967300323676,0.1845867666288492,12.987241610505277,19.463486290331204,0.7378013348877921,3000.0,-4.5,0.45,none,0.0,
endurance,14,healthy,1414.0,78.46589442189904,78.59013827024329,610.561738953842,1516.7555186953366,65.81606563925212,31.48831154126844,6.088967300323676,0.29037051217358567,13.009363903585738,19.616757081475992,0.7378013348891357,3000.0,-4.5,0.45,none,0.0,
endurance,14,healthy,1415.0,78.46589442168438,78.18942129099513,610.3546689965694,1515.7108232044882,65.84050719940255,30.21750068122236,6.088967300323676,0.18684785897455758,12.91760861758341,20.113768185626896,0.7378013348904472,3000.0,-4.5,0.45,none,0.0,
endurance,14,healthy,1416.0,78.46589442147483,79.55325638218537,615.8544968480788,1520.9974526952326,66.3332747810716,30.578636556343874,6.088967300323676,0.16571033986869727,12.921456493967916,20.225897654959134,0.7378013348917274,3000.0,-4.5,0.45,none,0.0,
endurance,14,healthy,1417.0,78.46589442127026,79.30415900588163,612.6602764486108,1515.824342301668,66.53977782604095,31.290253778652534,6.088967300323676,0.1318329315411873,13.059302498563115,20.055057138351636,0.7378013348929773,3000.0,-4.5,0.45,none,0.0,
endurance,14,healthy,1418.0,78.46589442107057,78.90940322860875,614.0989937348232,1526.0951387124117,66.41004391583466,29.506608058703073,6.088967300323676,0.182241435566058,12.946902603283988,19.507095713279462,0.7378013348941974,3000.0,-4.5,0.45,none,0.0,
endurance,14,healthy,1419.0,78.46589442087564,78.03048041739493,613.3966952655262,1527.5597572527663,65.41327001226543,31.307510727574492,6.088967300323676,0.24407024441793512,12.957766722350666,19.69739926021858,0.7378013348953882,3000.0,-4.5,0.45,none,0.0,
endurance,14,healthy,1420.0,78.46589442068534,78.92779488560012,619.7721738867934,1516.772635982647,66.11522282930272,30.61954250025569,6.088967300323676,0.20660740193325522,12.91289668884118,19.680621646379304,0.737801334896551,3000.0,-4.5,0.45,none,0.0,
endurance,14,healthy,1421.0,78.46589442049958,79.01485543384156,612.5355595129867,1519.9023786154264,65.84714942385342,30.675055903371312,6.088967300323676,0.1453703695621402,12.888022882934138,19.78416299991788,0.737801334897686,3000.0,-4.5,0.45,none,0.0,
endurance,14,healthy,1422.0,78.46589442031824,79.12767520294746,611.616222436394,1520.3991370757678,66.41362934724359,29.43312398811895,6.088967300323676,0.2902579864705817,12.90522955669715,20.1653763067079,0.737801334898794,3000.0,-4.5,0.45,none,0.0,
endurance,14,healthy,1423.0,78.46589442014121,78.32112388187981,611.6850970948201,1518.6649203680877,66.42472075305432,30.561822628201238,6.088967300323676,0.21371678662186985,12.92187454771172,20.151680325474626,0.7378013348998755,3000.0,-4.5,0.45,none,0.0,
endurance,14,healthy,1424.0,78.46589441996841,77.21470297679053,609.5280693142184,1520.6233647491058,65.92727914071007,30.654370062015918,6.088967300323676,0.18315711282703553,13.017302790272547,19.611948600030605,0.7378013349009314,3000.0,-4.5,0.45,none,0.0,
endurance,14,healthy,1425.0,78.46589441979971,78.02749248130053,613.9469899999845,1529.3737998909082,66.1848579958611,31.72737453117853,6.088967300323676,0.2682059610764903,12.949168388890449,20.054620073464243,0.737801334901962,3000.0,-4.5,0.45,none,0.0,
endurance,14,healthy,1426.0,78.46589441963503,78.22946451191842,609.824123639654,1522.2082307706426,65.89501100760413,30.592928254687614,6.088967300323676,0.21643627749625607,12.956304226431339,20.000802590201964,0.7378013349029682,3000.0,-4.5,0.45,none,0.0,
endurance,14,healthy,1427.0,78.46589441947428,78.87212082159893,612.4154816940627,1518.0488981323979,65.51141595116951,30.593258991629853,6.088967300323676,0.1618643063034338,12.921015356079472,19.916415752063024,0.7378013349039503,3000.0,-4.5,0.45,none,0.0,
endurance,14,healthy,1428.0,78.46589441931735,77.52134953468766,614.2523010049737,1514.9821112407765,65.90752344116085,29.859730077774046,6.088967300323676,0.20889682209989496,12.836533716587581,19.941748479131856,0.7378013349049091,3000.0,-4.5,0.45,none,0.0,
endurance,14,healthy,1429.0,78.46589441916416,77.26866491874998,610.6366432420771,1524.9806030300138,65.85353382386887,30.365590161723368,6.088967300323676,0.21884971101687276,12.93670943710575,20.060411734294025,0.7378013349058451,3000.0,-4.5,0.45,none,0.0,
endurance,14,healthy,1430.0,78.46589441901462,77.99223484632361,608.4094803589401,1522.3002188899627,66.12897529727259,30.687906257855612,6.088967300323676,0.24863309152844176,12.885074526193593,20.056168013696123,0.7378013349067587,3000.0,-4.5,0.45,none,0.0,
endurance,14,healthy,1431.0,78.46589441886863,78.73173619152766,614.3722971513636,1524.3624567717093,66.70208896073194,30.889113374183403,6.088967300323676,0.18953549126551034,12.884370607698981,20.27357201309641,0.7378013349076507,3000.0,-4.5,0.45,none,0.0,
endurance,14,healthy,1432.0,78.46589441872612,78.72791077575364,613.9373922469186,1523.5385060611532,66.78674113890989,30.86602723566845,6.088967300323676,0.1725146621918653,12.896030029028498,19.967389587202735,0.7378013349085214,3000.0,-4.5,0.45,none,0.0,
endurance,14,healthy,1433.0,78.46589441858701,79.22226346281461,612.3815410545642,1521.5647792332013,66.3755218467264,30.75023160431391,6.088967300323676,0.1652028448197152,12.978870730481272,19.610110491881322,0.7378013349093713,3000.0,-4.5,0.45,none,0.0,
endurance,14,healthy,1434.0,78.46589441845121,78.44043226393691,614.4811850534803,1522.6840911151755,66.3595546728151,29.497857829695622,6.088967300323676,0.28547320839263823,12.904685786586635,20.1977908732625,0.7378013349102011,3000.0,-4.5,0.45,none,0.0,
endurance,14,healthy,1435.0,78.46589441831864,78.80336074531127,614.6644375053493,1516.1715146253682,66.47255244000893,30.31611266659798,6.088967300323676,0.2410651442804359,12.962556846915014,19.91878976173975,0.737801334911011,3000.0,-4.5,0.45,none,0.0,
endurance,14,healthy,1436.0,78.46589441818924,78.20213245295166,615.8840485468669,1516.2648818438959,65.49654726732639,30.41957342318139,6.088967300323676,0.16348839647418428,12.901457960616597,19.761513937543597,0.7378013349118016,3000.0,-4.5,0.45,none,0.0,
endurance,14,healthy,1437.0,78.4658944180629,77.79623288917497,611.5987723587971,1513.8989418997458,66.48229313063396,30.38156252552851,6.088967300323676,0.2674426374202827,12.872002548562344,20.27621008142,0.7378013349125735,3000.0,-4.5,0.45,none,0.0,
endurance,14,healthy,1438.0,78.46589441793958,78.65934293826437,607.9223838091725,1513.951531485124,67.52244805123074,30.499307315982893,6.088967300323676,0.1794960894380449,12.904989521435013,19.88423314644129,0.737801334913327,3000.0,-4.5,0.45,none,0.0,
endurance,14,healthy,1439.0,78.4658944178192,78.9614579640139,614.6773980739307,1525.6525955209318,66.60995906734135,31.249834310482218,6.088967300323676,0.31989945462471425,12.948156095143792,20.324998253545527,0.7378013349140624,3000.0,-4.5,0.45,none,0.0,
endurance,14,healthy,1440.0,78.46589441770168,79.03127373870652,615.779374248035,1520.0663921356263,66.43387953622509,30.541110275498927,6.088967300323676,0.25531185436232384,12.93525369762754,20.11959895785495,0.7378013349147805,3000.0,-4.5,0.45,none,0.0,
endurance,14,healthy,1441.0,78.46589441758695,78.36475061679688,618.7496365985909,1521.0399980639265,66.25161396207514,30.291742941988165,6.088967300323676,0.23999608438722386,12.839270815275864,20.036922554009195,0.7378013349154814,3000.0,-4.5,0.45,none,0.0,
endurance,14,healthy,1442.0,78.46589441747496,79.08987286663643,614.5511229664905,1519.1454928631354,65.69094545704336,30.784853573700854,6.088967300323676,0.15405140981617274,12.984677511358313,20.148548496221707,0.7378013349161656,3000.0,-4.5,0.45,none,0.0,
endurance,14,healthy,1443.0,78.46589441736563,78.95071923789261,612.6487070775863,1518.9696933762764,66.34928757146992,31.146189133000714,6.088967300323676,0.17712012855093112,12.970670126633639,20.08201925479237,0.7378013349168338,3000.0,-4.5,0.45,none,0.0,
endurance,14,healthy,1444.0,78.46589441725891,78.707545126851,611.9922909269153,1514.6146261950553,66.41201635827886,30.555797407178567,6.088967300323676,0.27234853507035406,12.919632469464608,19.630640784510625,0.7378013349174857,3000.0,-4.5,0.45,none,0.0,
endurance,14,healthy,1445.0,78.46589441715473,78.94555463169647,608.2288859569729,1524.9785471298562,66.67596351363466,29.719222356775905,6.088967300323676,0.24790246325590537,12.894770904324398,20.06672253181862,0.7378013349181223,3000.0,-4.5,0.45,none,0.0,
endurance,14,healthy,1446.0,78.46589441705304,78.65019007616146,614.1077630600076,1513.2188123427545,66.8917307741294,30.896043322163827,6.088967300323676,0.17522143636438003,12.940069093596534,19.908668999511175,0.7378013349187436,3000.0,-4.5,0.45,none,0.0,
endurance,14,healthy,1447.0,78.46589441695376,78.82846915424118,614.9258626843429,1522.261285299379,65.67012509206616,30.289148228852877,6.088967300323676,0.24885844423387413,12.984959047611225,19.856168636708926,0.7378013349193501,3000.0,-4.5,0.45,none,0.0,
endurance,14,healthy,1448.0,78.46589441685684,78.52955712506434,612.3322068415042,1521.1645385318188,66.70846246077258,31.108711095688232,6.088967300323676,0.2231417268187716,12.953750565522448,20.244583103029612,0.7378013349199422,3000.0,-4.5,0.45,none,0.0,
endurance,14,healthy,1449.0,78.46589441676224,79.0790762828463,613.7165768787514,1520.4765221843384,65.58557351402331,30.658795007685445,6.088967300323676,0.15638131668363897,12.847751965702393,20.065974529748182,0.7378013349205201,3000.0,-4.5,0.45,none,0.0,
endurance,14,healthy,1450.0,78.46589441666988,78.82402320751726,613.5093971439238,1514.546201703929,66.28081955002848,30.262472718349308,6.088967300323676,0.2473414782608539,12.953963240809719,20.476184315697687,0.7378013349210845,3000.0,-4.5,0.45,none,0.0,
endurance,14,healthy,1451.0,78.46589441657973,78.33525944931596,614.4174442822767,1531.4889652262068,65.88755819403414,30.63398367987152,6.088967300323676,0.15574478088462734,12.904098715260009,20.18493615756255,0.7378013349216352,3000.0,-4.5,0.45,none,0.0,
endurance,14,healthy,1452.0,78.46589441649172,78.50872939477347,610.6980242395962,1517.895450971161,66.31814909339691,29.8102151271519,6.088967300323676,0.18155920994837996,12.915615390243012,20.49018283172469,0.737801334922173,3000.0,-4.5,0.45,none,0.0,
endurance,14,healthy,1453.0,78.4658944164058,78.05469207134767,616.0957105122409,1521.143509290725,66.57491118903808,30.58465276183631,6.088967300323676,0.2246129591955078,12.937879008684689,20.07298458328368,0.737801334922698,3000.0,-4.5,0.45,none,0.0,
endurance,14,healthy,1454.0,78.46589441632193,78.08017248065744,615.5031569100792,1518.8466598528198,66.0301418317737,30.04621269843476,6.088967300323676,0.22604081702138362,12.958869702439383,20.30507706848785,0.7378013349232104,3000.0,-4.5,0.45,none,0.0,
endurance,14,healthy,1455.0,78.46589441624006,78.38015546981087,612.1980048831543,1523.6183786949684,65.78712693973418,30.05680714521949,6.088967300323676,0.176054411549523,12.97769080093013,20.022900978277775,0.7378013349237106,3000.0,-4.5,0.45,none,0.0,
endurance,14,healthy,1456.0,78.46589441616014,78.16905480983878,617.897881477265,1516.9215980583951,65.97711613200673,30.65623781364216,6.088967300323676,0.30146096490655444,12.961666531259898,19.918056544142914,0.7378013349241989,3000.0,-4.5,0.45,none,0.0,
endurance,14,healthy,1457.0,78.46589441608212,78.76089114822905,608.7203683696769,1515.4483301631712,66.28315526628789,31.360667660056823,6.088967300323676,0.25687066335362163,12.993450051335916,20.123102925872587,0.7378013349246755,3000.0,-4.5,0.45,none,0.0,
endurance,14,healthy,1458.0,78.46589441600597,78.9621102160314,615.5887993514034,1520.4204025772317,65.57974862012695,30.60333197153263,6.088967300323676,0.2508322246370426,12.907427034936513,19.98278354854778,0.7378013349251409,3000.0,-4.5,0.45,none,0.0,
endurance,14,healthy,1459.0,78.46589441593161,79.37672994672216,613.5851320037766,1509.7155399816759,66.22135192596896,31.296481598847176,6.088967300323676,0.2511910760650735,12.917360481426055,20.032460265872174,0.7378013349255951,3000.0,-4.5,0.45,none,0.0,
endurance,14,healthy,1460.0,78.46589441585904,78.43373138312124,610.3205305651982,1518.7796680930821,66.39284710584228,30.569360901402753,6.088967300323676,0.07464327984218366,12.966849076114265,19.962463296739195,0.7378013349260385,3000.0,-4.5,0.45,none,0.0,
endurance,14,healthy,1461.0,78.46589441578818,78.80294832878329,614.2487808826071,1530.5162961587848,67.03296244730379,30.571825401132966,6.088967300323676,0.15634442610610244,12.859755795666013,19.91510534457904,0.7378013349264714,3000.0,-4.5,0.45,none,0.0,
endurance,14,healthy,1462.0,78.46589441571902,78.37828905239172,614.4585118675509,1525.3998782255644,65.81240644684645,30.873993215171044,6.088967300323676,0.15229226726629091,12.87871530143066,20.245454169996915,0.737801334926894,3000.0,-4.5,0.45,none,0.0,
endurance,14,healthy,1463.0,78.4658944156515,78.55918198557326,612.9341496942649,1518.6838391955307,65.96514207445409,30.727565370991652,6.088967300323676,0.17660800196143042,12.84471546343572,19.93686062777015,0.7378013349273065,3000.0,-4.5,0.45,none,0.0,
endurance,14,healthy,1464.0,78.4658944155856,78.44131409230775,616.806477963667,1518.8696733435536,66.54607295466307,31.192635926114903,6.088967300323676,0.18212360180351123,12.956422909414796,20.12203336441042,0.7378013349277093,3000.0,-4.5,0.45,none,0.0,
endurance,14,healthy,1465.0,78.46589441552126,78.65037432581302,614.7001874835472,1519.0079375850369,66.00546621354383,29.75656375189955,6.088967300323676,0.1688636525515569,13.012124676940608,19.72091424416038,0.7378013349281023,3000.0,-4.5,0.45,none,0.0,
endurance,14,healthy,1466.0,78.46589441545845,78.31811933165953,612.458058717208,1513.9424578311532,67.247765629327,29.98171360339773,6.088967300323676,0.09782382374067392,12.905605284784729,19.8108655359608,0.737801334928486,3000.0,-4.5,0.45,none,0.0,
endurance,14,healthy,1467.0,78.46589441539714,77.92718065148249,608.4649364789482,1522.5676370288763,65.4555842668325,30.988931409505394,6.088967300323676,0.16820377872501618,12.909303821674227,20.289020294857206,0.7378013349288606,3000.0,-4.5,0.45,none,0.0,
endurance,14,healthy,1468.0,78.46589441533729,77.77376718594843,608.0484211664204,1531.1806242475195,66.60234632022886,29.490362346677973,6.088967300323676,0.24111101684203326,12.876665832061454,20.385708715694257,0.7378013349292263,3000.0,-4.5,0.45,none,0.0,
endurance,14,healthy,1469.0,78.46589441527887,78.66301550278143,610.8723598266491,1513.5628140172519,66.76949164118467,31.08609149466597,6.088967300323676,0.2883244723691487,12.980216704791014,20.065436312240397,0.7378013349295832,3000.0,-4.5,0.45,none,0.0,
endurance,14,healthy,1470.0,78.46589441522183,79.05951345624908,610.6567171847566,1518.579048335044,67.24408182575515,29.02104185235666,6.088967300323676,0.22997452349725409,12.892803776391585,20.210850940798338,0.7378013349299318,3000.0,-4.5,0.45,none,0.0,
endurance,14,healthy,1471.0,78.46589441516615,78.77244412561893,612.1562258288476,1530.9038188977386,65.89836265045133,29.74067514225125,6.088967300323676,0.2030679265943115,12.966970839603869,19.890014319132355,0.7378013349302719,3000.0,-4.5,0.45,none,0.0,
endurance,14,healthy,1472.0,78.46589441511179,78.54412700519941,609.8741927258907,1520.0545421952615,66.61374765973154,30.94449630065278,6.088967300323676,0.15552800139441844,12.9238790267332,20.027271301823777,0.7378013349306041,3000.0,-4.5,0.45,none,0.0,
endurance,14,healthy,1473.0,78.46589441505873,78.51219730117057,613.8082389470337,1521.492548266592,67.33993042261129,30.825018806635182,6.088967300323676,0.16075991683443808,12.871887062312137,19.718132252387228,0.7378013349309283,3000.0,-4.5,0.45,none,0.0,
endurance,14,healthy,1474.0,78.46589441500693,78.59333981205094,607.830862852083,1514.8784860619776,66.57331299631231,31.277199561188453,6.088967300323676,0.23485458214332977,12.972350568428903,20.06648265083826,0.7378013349312447,3000.0,-4.5,0.45,none,0.0,
endurance,14,healthy,1475.0,78.46589441495637,78.83008468764314,612.363772035724,1523.9441985447884,65.23688946605058,30.161216580608137,6.088967300323676,0.21487293075951489,12.878068297567117,20.090713137908512,0.7378013349315536,3000.0,-4.5,0.45,none,0.0,
endurance,14,healthy,1476.0,78.46589441490701,78.3801671215859,615.7301368633612,1524.9989591672488,66.27529155020153,31.091496220137003,6.088967300323676,0.2672003022111502,12.92642504131875,20.12320919770331,0.7378013349318552,3000.0,-4.5,0.45,none,0.0,
endurance,14,healthy,1477.0,78.46589441485884,77.77776473256914,609.1877287325041,1524.0770169514667,66.40185866005466,30.978704156196915,6.088967300323676,0.2656142459187701,12.885049235392032,20.131183982775784,0.7378013349321495,3000.0,-4.5,0.45,none,0.0,
endurance,14,healthy,1478.0,78.4658944148118,78.41167669523777,617.3063003020001,1521.8783755915551,65.50665410793283,30.35491488180404,6.088967300323676,0.21429070284270824,12.942427778395807,20.136372048646027,0.7378013349324369,3000.0,-4.5,0.45,none,0.0,
endurance,14,healthy,1479.0,78.46589441476588,79.21590473778456,607.6388974391846,1510.7199527727935,66.28836449892155,29.462501593126515,6.088967300323676,0.17474707039398765,12.989415866893784,20.091287605440872,0.7378013349327174,3000.0,-4.5,0.45,none,0.0,
endurance,14,healthy,1480.0,78.46589441472106,79.17053156776709,610.1960747635937,1514.500634054256,65.65194391744944,30.497739539030054,6.088967300323676,0.2272009549694667,12.945243381449938,20.19489240727425,0.7378013349329913,3000.0,-4.5,0.45,none,0.0,
endurance,14,healthy,1481.0,78.46589441467731,77.6677163988792,613.8309372966905,1513.2215357011016,65.21146558776823,29.826334890202332,6.088967300323676,0.11838454523684822,12.991324246362018,20.126047592980658,0.7378013349332586,3000.0,-4.5,0.45,none,0.0,
endurance,14,healthy,1482.0,78.46589441463459,78.30805047598426,612.775372149501,1512.9593899217855,66.17810186869673,29.515675807270945,6.088967300323676,0.2569629287613195,12.985841392398191,19.813065115431723,0.7378013349335195,3000.0,-4.5,0.45,none,0.0,
endurance,14,healthy,1483.0,78.4658944145929,79.09406002813435,613.3779436739242,1522.9137174084478,66.07933282786556,30.48027640508907,6.088967300323676,0.20980873178213533,12.914725633907562,20.078469628850506,0.7378013349337744,3000.0,-4.5,0.45,none,0.0,
endurance,14,healthy,1484.0,78.4658944145522,78.48740540034184,612.3697883040683,1517.971007357457,66.72107399173477,31.2942274591378,6.088967300323676,0.23700415287705548,12.880646168280188,20.128243052569218,0.7378013349340229,3000.0,-4.5,0.45,none,0.0,
endurance,14,healthy,1485.0,78.46589441451246,77.8157174917693,612.6492433801608,1513.7054921662416,66.34068960633944,30.81277847424226,6.088967300323676,0.15112578052719802,12.938768255584817,20.27909268872042,0.7378013349342658,3000.0,-4.5,0.45,none,0.0,
endurance,14,healthy,1486.0,78.46589441447368,78.19669261651019,615.6710797369683,1519.2892473563122,67.06070354557288,29.47397449391285,6.088967300323676,0.16284673030377222,12.941644025923717,19.982104088543277,0.7378013349345027,3000.0,-4.5,0.45,none,0.0,
endurance,14,healthy,1487.0,78.46589441443582,78.20916949140071,612.0266109202265,1524.184221744008,65.86770525951653,29.9675453880364,6.088967300323676,0.24204209419454537,12.93244120838179,19.705443851809715,0.7378013349347341,3000.0,-4.5,0.45,none,0.0,
endurance,14,healthy,1488.0,78.46589441439886,77.88510568736207,612.5862185908837,1527.4952017923486,66.27725690283084,30.638092460973006,6.088967300323676,0.2533109832202909,12.940947144538615,20.02988730777046,0.7378013349349599,3000.0,-4.5,0.45,none,0.0,
endurance,14,healthy,1489.0,78.46589441436278,78.80549089822696,611.124165053067,1512.7303142444073,65.97115529357163,31.06021593182917,6.088967300323676,0.2005861373683616,12.87149144794488,20.314744587420044,0.7378013349351803,3000.0,-4.5,0.45,none,0.0,
endurance,14,healthy,1490.0,78.46589441432755,78.38513124246019,612.9454718615261,1524.5084308717453,65.75141530585627,31.18684906547135,6.088967300323676,0.24765336200324736,12.927872948759306,20.3653201526895,0.7378013349353956,3000.0,-4.5,0.45,none,0.0,
endurance,14,healthy,1491.0,78.46589441429316,78.5745079367218,611.5616200851347,1515.5913081198958,65.90381347102198,30.76508292377174,6.088967300323676,0.1918422870000374,12.905729134258548,19.76198956558647,0.7378013349356056,3000.0,-4.5,0.45,none,0.0,
endurance,14,healthy,1492.0,78.4658944142596,78.10157944753574,612.9964898253457,1512.0037485002144,65.80352636903181,31.461002496267806,6.088967300323676,0.2292674453722198,12.93177149035752,19.796047728314285,0.7378013349358108,3000.0,-4.5,0.45,none,0.0,
endurance,14,healthy,1493.0,78.46589441422682,78.61148221368894,616.7321646676907,1521.6781495644464,66.62200184457606,30.27598490213808,6.088967300323676,0.15683688790485287,12.9395737202591,20.298612960659437,0.737801334936011,3000.0,-4.5,0.45,none,0.0,
endurance,14,healthy,1494.0,78.46589441419484,79.08318236928537,611.612098622043,1521.5566110485788,65.70888871366596,29.862522716922253,6.088967300323676,0.23612518148792605,12.89446558156859,20.234906745714476,0.7378013349362064,3000.0,-4.5,0.45,none,0.0,
endurance,14,healthy,1495.0,78.46589441416361,78.77264230871013,613.4293218172887,1514.16016904309,66.37355379817593,30.127590954017723,6.088967300323676,0.2261007474289036,12.922187143175062,19.848427694328237,0.7378013349363972,3000.0,-4.5,0.45,none,0.0,
endurance,14,healthy,1496.0,78.46589441413313,77.70350938179477,611.9204659130397,1528.6706449778903,66.17488448085275,31.16792448917107,6.088967300323676,0.24239956069054677,12.936415458210831,20.0479092636845,0.7378013349365833,3000.0,-4.5,0.45,none,0.0,
endurance,14,healthy,1497.0,78.46589441410337,78.2780985769631,609.1478461701937,1521.8963985739092,66.43918829652374,30.818235617863458,6.088967300323676,0.1580971241102003,12.857911979732956,19.988630972067686,0.7378013349367653,3000.0,-4.5,0.45,none,0.0,
endurance,14,healthy,1498.0,78.46589441407433,78.0544426501852,611.47641456352,1517.6764385539784,66.51062001371304,30.188598887874253,6.088967300323676,0.14290241062827305,12.859888973356664,19.732414201255487,0.7378013349369427,3000.0,-4.5,0.45,none,0.0,
endurance,14,healthy,1499.0,78.46589441404598,78.80380116142423,610.8344326141078,1518.8944418425415,66.45551367962403,31.20014174978612,6.088967300323676,0.17021361992452952,12.96440224025224,20.12549994201906,0.7378013349371159,3000.0,-4.5,0.45,none,0.0,
endurance,14,healthy,1500.0,78.4658944140183,77.75602774435852,610.6713081210106,1518.3888626038188,66.61213749371332,30.955388002251492,6.088967300323676,0.2134508783049469,12.95130541767647,20.104224332099186,0.737801334937285,3000.0,-4.5,0.45,none,0.0,
endurance,14,healthy,1501.0,78.46589441399126,78.31047515965501,616.570520382396,1510.0062294107192,66.40667974685837,30.444677592938802,6.088967300323676,0.06140670607198123,12.924271489394478,20.050735584703798,0.7378013349374501,3000.0,-4.5,0.45,none,0.0,
endurance,14,healthy,1502.0,78.46589441396489,77.74797814278064,612.8501315425293,1520.751657721053,65.99948813303043,31.0986325641475,6.088967300323676,0.29195672608357837,12.925133191593453,19.947052398411316,0.7378013349376114,3000.0,-4.5,0.45,none,0.0,
endurance,14,healthy,1503.0,78.46589441393914,78.57773680446306,609.1116541724659,1514.0488646518816,66.37720339668596,30.975971096856814,6.088967300323676,0.18096506180554545,12.874587241264686,20.240146809081164,0.7378013349377687,3000.0,-4.5,0.45,none,0.0,
endurance,14,healthy,1504.0,78.465894413914,78.55799545563485,611.320558008951,1511.7208983348419,65.67767326723852,30.824884048965554,6.088967300323676,0.12947048179488435,12.886004150903606,20.008692608321578,0.7378013349379222,3000.0,-4.5,0.45,none,0.0,
endurance,14,healthy,1505.0,78.46589441388946,77.73735271252316,612.4526505865857,1525.069689222707,65.81053656164703,30.062204677441365,6.088967300323676,0.23925854786034478,12.924097228195643,19.725381444923805,0.7378013349380722,3000.0,-4.5,0.45,none,0.0,
endurance,14,healthy,1506.0,78.4658944138655,78.33339290856695,607.8627527453227,1523.515632756765,66.3710861925718,30.47957199469135,6.088967300323676,0.16257476347223482,12.973521723957571,20.113469706172033,0.7378013349382185,3000.0,-4.5,0.45,none,0.0,
endurance,14,healthy,1507.0,78.46589441384211,77.2267553806332,609.1648873556068,1511.5121976213195,66.66395801621462,30.207368256004834,6.088967300323676,0.17627871791278907,12.980336447096565,20.18797787277977,0.7378013349383614,3000.0,-4.5,0.45,none,0.0,
endurance,14,healthy,1508.0,78.46589441381929,78.19491028065106,606.9239863151156,1513.9489894867552,67.04379538482297,30.301054411115,6.088967300323676,0.19333135073888316,12.957571817791008,19.77244867313527,0.737801334938501,3000.0,-4.5,0.45,none,0.0,
endurance,14,healthy,1509.0,78.465894413797,78.27661018145686,611.6269109348459,1516.1419230855201,66.27878568908453,30.040049792208652,6.088967300323676,0.16414804386556794,12.943692805701026,19.907512111356024,0.7378013349386371,3000.0,-4.5,0.45,none,0.0,
endurance,14,healthy,1510.0,78.46589441377525,78.35614803141297,613.599369579826,1518.013816393635,65.74198201770618,29.637271470100785,6.088967300323676,0.12907971336945434,12.932081409461846,20.12344773502541,0.73780133493877,3000.0,-4.5,0.45,none,0.0,
endurance,14,healthy,1511.0,78.46589441375401,78.50224726916426,617.0442078026713,1518.54426468761,65.56718532330801,29.62042878347841,6.088967300323676,0.1657757273611723,12.852683752318974,20.0151081387406,0.7378013349388997,3000.0,-4.5,0.45,none,0.0,
endurance,14,healthy,1512.0,78.46589441373328,78.24077599902965,614.0865677421416,1514.800963662392,66.02861834707288,30.28696095161595,6.088967300323676,0.15142391804931385,12.931833893273053,19.80581789204455,0.7378013349390264,3000.0,-4.5,0.45,none,0.0,
endurance,14,healthy,1513.0,78.46589441371304,78.51508252239718,610.8494104137434,1521.5257994544488,67.23182930228107,30.515489397973866,6.088967300323676,0.256852299829895,12.970249998370207,20.022334124748046,0.73780133493915,3000.0,-4.5,0.45,none,0.0,
endurance,14,healthy,1514.0,78.46589441369329,78.86020571177441,613.896561563784,1516.9170043530403,66.41378937459233,30.742284738687943,6.088967300323676,0.22014692086500556,12.881983449379321,19.8651905924367,0.7378013349392707,3000.0,-4.5,0.45,none,0.0,
endurance,14,healthy,1515.0,78.46589441367401,78.67002181985109,613.7931015863121,1515.1966499004748,66.02941189513413,31.131508553667256,6.088967300323676,0.07429195695407081,12.780633676155274,20.300781780047046,0.7378013349393885,3000.0,-4.5,0.45,none,0.0,
endurance,14,healthy,1516.0,78.46589441365518,78.7041205804018,618.4668038046202,1526.5930024298773,66.02588956236752,30.301808388629798,6.088967300323676,0.17024072926583866,12.904125305190973,20.095362552449735,0.7378013349395036,3000.0,-4.5,0.45,none,0.0,
endurance,14,healthy,1517.0,78.4658944136368,78.53094699663508,612.3051208085371,1524.1736589988461,66.43728166153552,30.119864341034567,6.088967300323676,0.27729029377808206,12.903089811570338,19.880674786172694,0.7378013349396159,3000.0,-4.5,0.45,none,0.0,
endurance,14,healthy,1518.0,78.46589441361887,78.41379269262804,610.5047675636539,1527.6678236400908,65.64703479950151,31.363486277231804,6.088967300323676,0.1323820464673486,12.925045848161707,19.927527734596875,0.7378013349397254,3000.0,-4.5,0.45,none,0.0,
endurance,14,healthy,1519.0,78.46589441360136,79.47711730064846,613.2558063573473,1525.1543137056362,65.3276267890916,30.064634603689345,6.088967300323676,0.18485575441789268,12.832766522606898,20.22599849779762,0.7378013349398324,3000.0,-4.5,0.45,none,0.0,
endurance,14,healthy,1520.0,78.46589441358427,78.44227862045182,611.6594178962025,1520.4692816339343,66.57788884506951,30.6524593351262,6.088967300323676,0.19965089673394548,12.881548202679786,20.18621173504145,0.7378013349399368,3000.0,-4.5,0.45,none,0.0,
endurance,14,healthy,1521.0,78.46589441356758,78.6855801412944,614.0095656555868,1521.571949518515,65.49020226952872,29.694472632223523,6.088967300323676,0.1945557648139386,12.941602683140841,19.735396426208215,0.7378013349400387,3000.0,-4.5,0.45,none,0.0,
endurance,14,healthy,1522.0,78.4658944135513,79.12858255365582,610.1407381409933,1510.6013486293093,66.85819112032516,30.993366827735322,6.088967300323676,0.20632529899495183,12.988902185977912,20.329908000457788,0.7378013349401382,3000.0,-4.5,0.45,none,0.0,
endurance,14,healthy,1523.0,78.4658944135354,77.77010132167354,609.8180501312551,1520.7413045644737,65.78354361069104,30.182013320656498,6.088967300323676,0.20604479980387597,12.951493268318343,20.00755833445245,0.7378013349402355,3000.0,-4.5,0.45,none,0.0,
endurance,14,healthy,1524.0,78.46589441351988,77.7843078199938,610.224231061079,1525.224436484002,66.89682227354976,30.091826399957696,6.088967300323676,0.16660296699004523,12.809138888915953,19.884260073475144,0.7378013349403303,3000.0,-4.5,0.45,none,0.0,
endurance,14,healthy,1525.0,78.46589441350473,78.24814623511594,618.3492958176472,1519.8063550029924,65.70746422810008,29.94589013033663,6.088967300323676,0.14819791510196123,12.936039477229377,20.011027902554968,0.7378013349404228,3000.0,-4.5,0.45,none,0.0,
endurance,14,healthy,1526.0,78.46589441348993,78.26881497946536,612.1555156843136,1517.855070535397,66.19572617123323,30.271122401578122,6.088967300323676,0.18888762858871075,12.95655530697424,20.231985479478773,0.7378013349405133,3000.0,-4.5,0.45,none,0.0,
endurance,14,healthy,1527.0,78.4658944134755,79.02383036032641,612.6965365096611,1524.9487234846686,65.94440853064795,31.115190424903787,6.088967300323676,0.16076118329876182,12.97685091897076,20.39006923957771,0.7378013349406014,3000.0,-4.5,0.45,none,0.0,
endurance,14,healthy,1528.0,78.4658944134614,79.27448596272164,613.3454859063778,1522.7644897008988,65.9138449505699,30.33834333344847,6.088967300323676,0.20532731986903346,12.861692447149872,19.873850427385644,0.7378013349406876,3000.0,-4.5,0.45,none,0.0,
endurance,14,healthy,1529.0,78.46589441344764,78.6980867763571,619.7421588174444,1519.4559095142067,65.68139866515052,31.11089689238964,6.088967300323676,0.14554128194295338,12.923910867434184,19.8901350854311,0.7378013349407715,3000.0,-4.5,0.45,none,0.0,
endurance,14,healthy,1530.0,78.46589441343421,78.6292088734743,616.0831503160051,1514.5466081509421,65.38689855674227,31.333233023557582,6.088967300323676,0.22496465293614937,12.867911407569354,19.822214710690513,0.7378013349408536,3000.0,-4.5,0.45,none,0.0,
endurance,14,healthy,1531.0,78.4658944134211,78.09722899399924,612.470017934637,1510.4692614178866,65.79147510372333,30.91910203655052,6.088967300323676,0.15113456457401633,12.812085418769131,19.848706509751167,0.7378013349409338,3000.0,-4.5,0.45,none,0.0,
endurance,14,healthy,1532.0,78.4658944134083,78.18020503700225,610.4242561072311,1524.8767327986845,66.2373930728021,31.250205205687305,6.088967300323676,0.19112822952838046,12.876735676064818,19.650964327068476,0.737801334941012,3000.0,-4.5,0.45,none,0.0,
endurance,14,healthy,1533.0,78.4658944133958,79.05733400456415,615.8429006002302,1527.2682440981387,66.68668226185235,29.95579498740293,6.088967300323676,0.1847650687835524,12.882544440895185,19.802865286345945,0.7378013349410883,3000.0,-4.5,0.45,none,0.0,
endurance,14,healthy,1534.0,78.4658944133836,78.04140757801808,612.6509227271762,1519.024237659856,65.95061406084811,30.59927196218073,6.088967300323676,0.20435249531007854,12.983196360127112,20.10525527906117,0.7378013349411628,3000.0,-4.5,0.45,none,0.0,
endurance,14,healthy,1535.0,78.46589441337169,78.32948152262003,616.2977771029229,1523.1089571575887,66.1668269395333,29.302940075987888,6.088967300323676,0.27406094446541646,12.906818409612034,19.91138150014241,0.7378013349412357,3000.0,-4.5,0.45,none,0.0,
endurance,14,healthy,1536.0,78.46589441336006,78.64358044530636,615.2043633966816,1521.2953591392895,66.49757705789148,30.684071466309113,6.088967300323676,0.15722401828372037,12.88731148519844,20.154622081989775,0.7378013349413066,3000.0,-4.5,0.45,none,0.0,
endurance,14,healthy,1537.0,78.4658944133487,78.51851929985362,612.2021404722619,1528.3115864674785,66.26202056973615,30.673147748749262,6.088967300323676,0.16580872337498803,12.917909466812292,19.90318978605474,0.7378013349413761,3000.0,-4.5,0.45,none,0.0,
endurance,14,healthy,1538.0,78.46589441333762,78.7847980538434,608.8089169359109,1516.483695916603,66.02592128015482,30.226573908693975,6.088967300323676,0.16665019465370776,12.875496183242962,19.827955557114716,0.7378013349414438,3000.0,-4.5,0.45,none,0.0,
endurance,14,healthy,1539.0,78.46589441332681,79.05663189298974,610.3885746355805,1510.9500626635308,66.32201924555287,29.954195139951413,6.088967300323676,0.2631494911715313,12.93431964384654,20.220426005127035,0.7378013349415098,3000.0,-4.5,0.45,none,0.0,
endurance,14,healthy,1540.0,78.46589441331625,78.56529434960119,612.6694708798059,1525.1643053426285,65.53585621179103,30.64457306425437,6.088967300323676,0.11893402486978509,12.913422132474857,19.913659952192404,0.7378013349415744,3000.0,-4.5,0.45,none,0.0,
endurance,14,healthy,1541.0,78.46589441330595,77.992695680051,606.9445358765543,1509.3834714037423,66.16313258700734,30.405073689908374,6.088967300323676,0.13678089606944083,12.931817203048979,19.890524423091616,0.7378013349416374,3000.0,-4.5,0.45,none,0.0,
endurance,14,healthy,1542.0,78.46589441329589,79.06789051689613,612.1846491210795,1524.044363352472,65.56888394494354,29.859065808263576,6.088967300323676,0.2265218718162988,12.961642578623236,19.776797688392055,0.7378013349416987,3000.0,-4.5,0.45,none,0.0,
endurance,14,healthy,1543.0,78.46589441328607,78.67017215369835,614.1002812043059,1519.34153064018,65.9129428221744,29.771634289696873,6.088967300323676,0.2804092266805848,12.95614589812883,19.963111163492083,0.7378013349417588,3000.0,-4.5,0.45,none,0.0,
endurance,14,healthy,1544.0,78.46589441327647,77.78552480367503,614.8638175806668,1510.965165269355,66.34183461832633,29.77734861078894,6.088967300323676,0.16034112851354626,12.983518951172252,20.070870763940878,0.7378013349418173,3000.0,-4.5,0.45,none,0.0,
endurance,14,healthy,1545.0,78.46589441326711,77.99555844226624,612.2940468287189,1527.6627368174297,66.31301618894307,30.89618681624165,6.088967300323676,0.22083257281199686,13.014561883709485,20.279958328260218,0.7378013349418746,3000.0,-4.5,0.45,none,0.0,
endurance,14,healthy,1546.0,78.46589441325797,78.28547622319853,608.5588619617218,1520.419470480115,65.21468168385846,30.93800337400028,6.088967300323676,0.1517485711771964,12.927419863051389,20.046532204714307,0.7378013349419305,3000.0,-4.5,0.45,none,0.0,
endurance,14,healthy,1547.0,78.46589441324905,78.69059284136712,616.507766782306,1516.2517009214305,66.30978680436998,29.80814907059618,6.088967300323676,0.13723076556781877,12.987806722781876,20.30061403727327,0.737801334941985,3000.0,-4.5,0.45,none,0.0,
endurance,14,healthy,1548.0,78.46589441324033,78.47946274925006,610.4814725368219,1505.642762280296,65.89245583237043,31.878170106394393,6.088967300323676,0.25494085166736397,12.981790234257792,20.25134756428347,0.7378013349420381,3000.0,-4.5,0.45,none,0.0,
endurance,14,healthy,1549.0,78.46589441323184,78.21817671025866,613.9287744986802,1521.1319225378575,66.65604647707686,31.100318475204645,6.088967300323676,0.2735691848193236,12.913140113194872,19.933925743765794,0.7378013349420901,3000.0,-4.5,0.45,none,0.0,
endurance,14,healthy,1550.0,78.46589441322354,78.15023134264692,613.1992060783717,1523.759991450128,65.33270471307159,30.31054540406712,6.088967300323676,0.1290024281871659,12.883178834920981,19.866226164181487,0.7378013349421408,3000.0,-4.5,0.45,none,0.0,
endurance,14,healthy,1551.0,78.46589441321544,78.2607451667467,615.5978287831904,1532.593488846976,66.63432023360309,30.553159014764844,6.088967300323676,0.2036935404054407,12.880307342854072,20.175659495996094,0.7378013349421904,3000.0,-4.5,0.45,none,0.0,
endurance,14,healthy,1552.0,78.46589441320754,77.77970591611854,612.360171264547,1521.7105255553254,67.69361097661363,30.79255861461478,6.088967300323676,0.17293899291847029,12.882432823008076,20.057365227787127,0.7378013349422385,3000.0,-4.5,0.45,none,0.0,
endurance,14,healthy,1553.0,78.46589441319982,78.5646490180155,611.2980591535843,1508.2642840122285,66.57575856809832,30.42238844811347,6.088967300323676,0.22121778133061007,12.91268165594547,20.267700874767247,0.7378013349422857,3000.0,-4.5,0.45,none,0.0,
endurance,14,healthy,1554.0,78.46589441319229,79.12067074706002,608.2491248870937,1516.8690884147427,65.28214477127233,29.37027495311544,6.088967300323676,0.18252967017439764,12.94253738946171,20.02433273622333,0.7378013349423317,3000.0,-4.5,0.45,none,0.0,
endurance,14,healthy,1555.0,78.46589441318493,78.09612739717952,614.8970927214226,1524.9259600643443,65.74035010971888,30.065375551036077,6.088967300323676,0.2707422222413275,12.952230407541027,19.88801083406623,0.7378013349423767,3000.0,-4.5,0.45,none,0.0,
endurance,14,healthy,1556.0,78.46589441317775,78.79426548778737,614.6607997602989,1519.8877603004464,66.3971570113268,30.18212690569022,6.088967300323676,0.2906758006085452,12.914131060746227,20.012268345465515,0.7378013349424205,3000.0,-4.5,0.45,none,0.0,
endurance,14,healthy,1557.0,78.46589441317074,78.19520865960885,609.6914800881489,1519.393176841227,66.02091802257335,30.23157468108108,6.088967300323676,0.25219469278711243,12.929910056376512,20.305183589737165,0.7378013349424632,3000.0,-4.5,0.45,none,0.0,
endurance,14,healthy,1558.0,78.46589441316391,77.66455598743342,611.4227702987121,1517.2169442455734,66.40981431172506,30.930832266880827,6.088967300323676,0.2633487845045568,13.016940440741786,20.01295119346692,0.737801334942505,3000.0,-4.5,0.45,none,0.0,
endurance,14,healthy,1559.0,78.46589441315723,78.70805303798446,615.0664119324575,1516.6398615300773,67.34566311365828,30.956408349989253,6.088967300323676,0.18956224779903424,12.839309714397688,19.87775889623022,0.737801334942546,3000.0,-4.5,0.45,none,0.0,
endurance,14,healthy,1560.0,78.4658944131507,78.53198680264711,607.369885280734,1524.4636683622755,65.93973035938176,30.04975166703485,6.088967300323676,0.24788021498240442,12.9586309488736,20.080075290562952,0.7378013349425858,3000.0,-4.5,0.45,none,0.0,
endurance,14,healthy,1561.0,78.46589441314434,78.70000583872954,616.027833662763,1519.4630398176523,66.1534359540063,30.801143511660648,6.088967300323676,0.16646971030733443,12.911780942887987,20.425425592336303,0.7378013349426247,3000.0,-4.5,0.45,none,0.0,
endurance,14,healthy,1562.0,78.46589441313813,78.05305876489174,616.5302384547939,1531.6129782822852,65.71555701415961,30.376382343994443,6.088967300323676,0.13354222656475584,12.884879028907157,19.705564615318387,0.7378013349426626,3000.0,-4.5,0.45,none,0.0,
endurance,14,healthy,1563.0,78.46589441313206,78.9145094374026,614.4274314385225,1518.8678406301278,66.14148224477509,30.36991682789506,6.088967300323676,0.14288333957363625,12.823849139817211,20.11873572788672,0.7378013349426997,3000.0,-4.5,0.45,none,0.0,
endurance,14,healthy,1564.0,78.46589441312614,78.38034275337499,612.0154792101299,1516.7049468361295,66.98083419747469,29.97995640913664,6.088967300323676,0.12526764783302738,12.886608974999884,20.07288585750247,0.7378013349427359,3000.0,-4.5,0.45,none,0.0,
endurance,14,healthy,1565.0,78.46589441312035,78.87500297593988,613.3662393020504,1527.1780546657226,66.41945637863323,30.11259854606534,6.088967300323676,0.11239649699399078,12.88801999454575,20.16137242076974,0.7378013349427712,3000.0,-4.5,0.45,none,0.0,
endurance,14,healthy,1566.0,78.46589441311471,78.87946556071857,613.4448492912004,1525.6432049492344,66.55890812081826,30.082771675367145,6.088967300323676,0.21089550083441055,12.954103208041575,19.68318644616166,0.7378013349428056,3000.0,-4.5,0.45,none,0.0,
endurance,14,healthy,1567.0,78.4658944131092,78.22027099677942,612.4879075249441,1519.773461416246,66.90762801649164,30.740468802955608,6.088967300323676,0.2205221431173311,12.938867343866828,19.96314862521743,0.7378013349428394,3000.0,-4.5,0.45,none,0.0,
endurance,14,healthy,1568.0,78.46589441310383,78.08672725307535,611.4409919663631,1521.4036444765175,66.08020974979816,30.1893814791518,6.088967300323676,0.22858601850001944,12.913632012435306,19.79660981892427,0.7378013349428721,3000.0,-4.5,0.45,none,0.0,
endurance,14,healthy,1569.0,78.46589441309858,78.458780987305,607.5364186645608,1520.7752683247297,65.9976490301384,30.461284066520683,6.088967300323676,0.18298432151113211,12.950703203885126,20.114398829945475,0.7378013349429042,3000.0,-4.5,0.45,none,0.0,
endurance,14,healthy,1570.0,78.46589441309345,79.58025993557735,613.4518690387074,1528.953657502541,66.20887461581292,30.529899758719456,6.088967300323676,0.18435883022192304,12.96554928528002,19.695106732414608,0.7378013349429355,3000.0,-4.5,0.45,none,0.0,
endurance,14,healthy,1571.0,78.46589441308845,79.08247632346797,611.7590506448142,1521.3511606912,66.7715852723406,31.101729024540763,6.088967300323676,0.25199863431395736,12.926560978864867,20.24804661143339,0.7378013349429662,3000.0,-4.5,0.45,none,0.0,
endurance,14,healthy,1572.0,78.46589441308356,78.73069014306206,609.8854211405555,1522.2933341599944,66.09817543840633,30.551141933476774,6.088967300323676,0.1950610650900638,12.978955494705357,20.04735086540991,0.737801334942996,3000.0,-4.5,0.45,none,0.0,
endurance,14,healthy,1573.0,78.4658944130788,78.39352134820629,613.9043487500521,1518.0793803393933,66.031734675521,30.603231521077397,6.088967300323676,0.1882182351544835,13.026195294405793,20.042044689287707,0.7378013349430251,3000.0,-4.5,0.45,none,0.0,
endurance,14,healthy,1574.0,78.46589441307415,78.00057154886107,608.3576892486896,1525.0483090086816,65.74108607702753,30.363472997955924,6.088967300323676,0.13455572337563176,12.946887764579817,19.99221875890508,0.7378013349430534,3000.0,-4.5,0.45,none,0.0,
endurance,14,healthy,1575.0,78.4658944130696,78.17584778313089,619.1578715079876,1517.3851808756658,67.02136495213018,30.182300049354833,6.088967300323676,0.24428866753867187,12.935483051189177,20.01589105695906,0.7378013349430812,3000.0,-4.5,0.45,none,0.0,
endurance,14,healthy,1576.0,78.46589441306517,79.02717428704231,611.1609622120255,1521.3792829830065,66.3005803781513,30.406758019723256,6.088967300323676,0.14870487898928098,12.951515515520779,19.69090850982756,0.7378013349431083,3000.0,-4.5,0.45,none,0.0,
endurance,14,healthy,1577.0,78.46589441306084,77.55382492840185,613.3658153634202,1507.680935628734,65.15039707072965,30.964664850349827,6.088967300323676,0.19394808267371963,12.90810170509849,19.87254656597143,0.7378013349431349,3000.0,-4.5,0.45,none,0.0,
endurance,14,healthy,1578.0,78.46589441305662,78.54110943151687,615.0440544550544,1519.4719798550414,66.67071699674158,30.558500153069048,6.088967300323676,0.17236302648790353,12.879496345567665,20.11003436588565,0.7378013349431607,3000.0,-4.5,0.45,none,0.0,
endurance,14,healthy,1579.0,78.4658944130525,78.3551741643893,610.5683089176559,1510.9586554452524,65.86254094065369,29.974957957876697,6.088967300323676,0.25521448294644006,12.98731537924418,20.02476651853967,0.7378013349431858,3000.0,-4.5,0.45,none,0.0,
endurance,14,healthy,1580.0,78.46589441304847,78.45623517047537,611.9754317460656,1516.6054440109958,65.81460777028761,30.041065243037476,6.088967300323676,0.15137414786710562,12.955634970590706,20.131945182360145,0.7378013349432104,3000.0,-4.5,0.45,none,0.0,
endurance,14,healthy,1581.0,78.46589441304454,79.082917424391,607.1844276180308,1511.4633026162326,65.72305023631877,30.81962439058344,6.088967300323676,0.28178864345065946,12.919131126678955,19.984744955494175,0.7378013349432344,3000.0,-4.5,0.45,none,0.0,
endurance,14,healthy,1582.0,78.4658944130407,78.82880003718269,610.8083633811642,1519.6974390003586,66.17893074628202,30.234695943187933,6.088967300323676,0.23368876019348073,12.907558191808691,19.95579552396526,0.737801334943258,3000.0,-4.5,0.45,none,0.0,
endurance,14,healthy,1583.0,78.46589441303695,77.76751548552753,610.7013721327381,1524.1825146695871,66.49771079737096,29.76456022635934,6.088967300323676,0.28013481508494437,12.86273130629617,20.0589256332404,0.7378013349432808,3000.0,-4.5,0.45,none,0.0,
endurance,14,healthy,1584.0,78.4658944130333,78.0257443471843,616.4171825863588,1529.5531541027578,66.71338357437753,29.761887863057503,6.088967300323676,0.24987342645984567,12.903000149870994,20.10420407604234,0.737801334943303,3000.0,-4.5,0.45,none,0.0,
endurance,14,healthy,1585.0,78.46589441302973,78.82346511945035,615.285441838414,1518.0388816089192,65.5436247543374,30.39752753241537,6.088967300323676,0.18054147241985222,12.92082951059238,19.861723201976226,0.7378013349433249,3000.0,-4.5,0.45,none,0.0,
endurance,14,healthy,1586.0,78.46589441302625,78.95949227273441,618.0726019704333,1516.807657058337,65.93436431229141,30.327675122984612,6.088967300323676,0.3579558224730071,12.974137305392532,19.73434944589117,0.7378013349433462,3000.0,-4.5,0.45,none,0.0,
endurance,14,healthy,1587.0,78.46589441302285,78.75550430886653,607.8617201721705,1524.558209279768,67.29749465241144,30.249563356360344,6.088967300323676,0.18030088030094044,12.8840649949358,19.851969810965695,0.737801334943367,3000.0,-4.5,0.45,none,0.0,
endurance,14,healthy,1588.0,78.46589441301953,78.43182024946924,611.7755519765968,1520.1744751144402,66.76149274847594,29.807102586914805,6.088967300323676,0.19053924743928685,12.920642402602576,20.1260165772351,0.7378013349433872,3000.0,-4.5,0.45,none,0.0,
endurance,14,healthy,1589.0,78.46589441301629,78.83517311881053,613.1516167128686,1513.408382024602,67.08926416995727,30.47833126321962,6.088967300323676,0.24153783453393116,12.830826605219096,19.860251783104573,0.737801334943407,3000.0,-4.5,0.45,none,0.0,
endurance,14,healthy,1590.0,78.46589441301312,79.94385253348875,612.0298379284799,1518.7033174669125,66.30555473792933,29.664080495292346,6.088967300323676,0.24610353563639326,12.940666500704499,19.65415192667607,0.7378013349434265,3000.0,-4.5,0.45,none,0.0,
endurance,14,healthy,1591.0,78.46589441301003,78.65025559724423,611.6119571044211,1520.2880933704064,65.63523691770553,30.371020056304793,6.088967300323676,0.12591428463578674,12.953309765543537,20.227510437123843,0.7378013349434452,3000.0,-4.5,0.45,none,0.0,
endurance,14,healthy,1592.0,78.46589441300702,77.82749943312977,613.2657284076001,1517.3112037534233,65.6450354643463,29.456458876843183,6.088967300323676,0.1906808784108643,13.006987229818636,20.244711323493547,0.7378013349434636,3000.0,-4.5,0.45,none,0.0,
endurance,14,healthy,1593.0,78.46589441300408,78.64407810361094,615.8690123427252,1518.1670537597709,65.71140364623446,29.616958419445258,6.088967300323676,0.23519829710189546,12.960450716122583,20.05695803479749,0.7378013349434817,3000.0,-4.5,0.45,none,0.0,
endurance,14,healthy,1594.0,78.46589441300121,78.93254952113341,610.9073901623595,1514.0614645604605,66.91413203516281,30.172718362835514,6.088967300323676,0.30650082115954663,12.954131463826423,20.132937413939487,0.7378013349434991,3000.0,-4.5,0.45,none,0.0,
endurance,14,healthy,1595.0,78.46589441299841,77.9148305283523,611.4233791061906,1511.7704268629197,66.77431877508839,31.1065671593812,6.088967300323676,0.16679721209768483,12.949201297612257,19.978720133039342,0.7378013349435162,3000.0,-4.5,0.45,none,0.0,
endurance,14,healthy,1596.0,78.46589441299567,78.6390035659287,610.2991171691916,1527.434582513847,65.41824463547985,29.10355299611455,6.088967300323676,0.1521362811221435,12.95671740623179,19.75398819341857,0.7378013349435331,3000.0,-4.5,0.45,none,0.0,
endurance,14,healthy,1597.0,78.465894412993,77.80101466334791,608.9652619685509,1527.792907568864,66.28179767204075,30.673010151377103,6.088967300323676,0.2522510622064224,12.947960849723435,19.992022457281376,0.7378013349435494,3000.0,-4.5,0.45,none,0.0,
endurance,14,healthy,1598.0,78.46589441299038,78.93964972240666,616.7385675291665,1525.3632550964874,66.32281490731401,30.314181944643387,6.088967300323676,0.23295956107158883,13.038732949683565,20.085936106574064,0.7378013349435653,3000.0,-4.5,0.45,none,0.0,
endurance,14,healthy,1599.0,78.46589441298784,78.58247161658647,615.8573541380125,1519.5961096484511,67.695673424251,30.026839909502005,6.088967300323676,0.17697648721252904,12.958702969928433,20.220378144325778,0.7378013349435808,3000.0,-4.5,0.45,none,0.0,
endurance,14,healthy,1600.0,78.46589441298535,78.54354261148856,611.3796414884285,1519.786497874475,67.2053613431258,30.878730826400705,6.088967300323676,0.20393123667329413,12.89326314835125,20.220620587718837,0.7378013349435961,3000.0,-4.5,0.45,none,0.0,
endurance,14,healthy,1601.0,78.46589441298292,79.27582538901652,608.6602811232941,1514.4507769628854,65.6008567265688,30.8271621270236,6.088967300323676,0.2442965789464271,12.916946012807584,19.704256116323887,0.737801334943611,3000.0,-4.5,0.45,none,0.0,
endurance,14,healthy,1602.0,78.46589441298055,78.90649983801613,614.7305087750552,1516.2417892514418,65.29399936452721,30.04526299323005,6.088967300323676,0.09705851879485237,12.978855240202192,19.8833140838615,0.7378013349436254,3000.0,-4.5,0.45,none,0.0,
endurance,14,healthy,1603.0,78.46589441297823,78.50491530565861,612.5921126263671,1523.4860002690934,66.98108802158734,30.072561333985842,6.088967300323676,0.21024546719492074,13.029463544928115,20.10018470942253,0.7378013349436396,3000.0,-4.5,0.45,none,0.0,
endurance,14,healthy,1604.0,78.46589441297597,77.75419375308613,608.3847457778396,1525.3663621674332,66.22908258477742,30.110928842879503,6.088967300323676,0.22435661327399825,12.91530407479701,19.76100044575656,0.7378013349436534,3000.0,-4.5,0.45,none,0.0,
endurance,14,healthy,1605.0,78.46589441297377,79.80721186055128,612.1984506103427,1515.1570127551736,66.75795900155595,30.265819748391937,6.088967300323676,0.22517094065665724,12.96156130633929,19.951137219529226,0.7378013349436668,3000.0,-4.5,0.45,none,0.0,
endurance,14,healthy,1606.0,78.46589441297162,78.24192068823173,606.3446201163352,1515.235012690151,66.62168403119874,31.024640329929692,6.088967300323676,0.2618457852284812,12.942471262170656,20.248152264515117,0.7378013349436799,3000.0,-4.5,0.45,none,0.0,
endurance,14,healthy,1607.0,78.46589441296952,78.70867091177347,612.0364966266527,1518.539071778748,66.081907634015,29.934362234547105,6.088967300323676,0.10959947517909652,13.01312060950236,19.871265510461427,0.7378013349436928,3000.0,-4.5,0.45,none,0.0,
endurance,14,healthy,1608.0,78.46589441296747,78.75546067880317,615.0076231435444,1515.363300345623,65.97010727298621,30.754556041387332,6.088967300323676,0.13911873551238893,12.983854165025768,20.01492619166475,0.7378013349437054,3000.0,-4.5,0.45,none,0.0,
endurance,14,healthy,1609.0,78.46589441296547,78.09497025081248,612.1686282622958,1524.4457743665034,66.71681171116646,30.948123887397642,6.088967300323676,0.21357840473799708,12.924247773244213,19.83802859335074,0.7378013349437176,3000.0,-4.5,0.45,none,0.0,
endurance,14,healthy,1610.0,78.46589441296351,78.23662942586988,616.3928977672343,1512.3652329411086,65.99626412460677,29.900410132803408,6.088967300323676,0.15088490590439504,13.013226044211134,19.90173817530875,0.7378013349437296,3000.0,-4.5,0.45,none,0.0,
endurance,14,healthy,1611.0,78.4658944129616,78.05828307620575,612.9495283591579,1519.603797824223,66.692009318879,30.172417345640334,6.088967300323676,0.2735935645867556,12.906032384857257,20.048486325546744,0.7378013349437411,3000.0,-4.5,0.45,none,0.0,
endurance,14,healthy,1612.0,78.46589441295974,78.68301299624325,606.5595197635633,1523.0047554954563,66.44345010756597,30.7820785535047,6.088967300323676,0.1754822901866276,12.956961850818109,19.73791918870169,0.7378013349437524,3000.0,-4.5,0.45,none,0.0,
endurance,14,healthy,1613.0,78.46589441295792,78.53717129842218,606.4938169840962,1527.3544113212454,66.89819247381091,29.98510143139014,6.088967300323676,0.17340693964368692,12.928690299005913,20.149655877887493,0.7378013349437635,3000.0,-4.5,0.45,none,0.0,
endurance,14,healthy,1614.0,78.46589441295615,78.27093322273538,611.258049839109,1516.3361230445903,66.57742980856399,31.12826724696096,6.088967300323676,0.17174700170950735,12.948691393553862,19.86909052276444,0.7378013349437744,3000.0,-4.5,0.45,none,0.0,
endurance,14,healthy,1615.0,78.46589441295441,78.64964452317122,612.2177692052032,1522.5035385763194,65.91181874975075,30.491488407599128,6.088967300323676,0.19140512924378014,12.867386058785101,20.030343568822822,0.7378013349437851,3000.0,-4.5,0.45,none,0.0,
endurance,14,healthy,1616.0,78.46589441295272,78.74622126612657,614.8883310216634,1525.128643915208,66.4879041118969,30.114785148688824,6.088967300323676,0.17465872103519298,12.831672444561425,19.80980889170905,0.7378013349437954,3000.0,-4.5,0.45,none,0.0,
endurance,14,healthy,1617.0,78.46589441295107,77.99284874163128,619.2896698550813,1522.0666848396338,66.24442669066956,30.208978476627056,6.088967300323676,0.15570993605824532,12.929136273652464,19.569518864716485,0.7378013349438055,3000.0,-4.5,0.45,none,0.0,
endurance,14,healthy,1618.0,78.46589441294947,78.70895655476619,610.0352223081732,1518.0012389840433,65.32853834648296,30.757710066898177,6.088967300323676,0.23950047415671089,12.857554322510383,20.123277951737926,0.7378013349438153,3000.0,-4.5,0.45,none,0.0,
endurance,14,healthy,1619.0,78.46589441294789,78.55469457918302,608.555889545742,1517.2936009177108,66.19611749581041,30.768000477841436,6.088967300323676,0.2542440980304216,12.884284192393322,20.023756834736112,0.7378013349438249,3000.0,-4.5,0.45,none,0.0,
endurance,14,healthy,1620.0,78.46589441294635,79.88275884941123,614.3840069856036,1519.5762567254083,66.29193124141896,30.298333872895864,6.088967300323676,0.2399279596920462,12.822052653266551,20.106464527994863,0.7378013349438344,3000.0,-4.5,0.45,none,0.0,
endurance,14,healthy,1621.0,78.46589441294485,78.43994804255875,609.9468977529499,1523.483325191874,66.71935748634569,30.069151026583352,6.088967300323676,0.17706136447536128,12.95385040262522,20.15861385706772,0.7378013349438435,3000.0,-4.5,0.45,none,0.0,
endurance,14,healthy,1622.0,78.46589441294338,78.02110951276084,615.965118354095,1522.1347909644885,66.06193174813619,30.83808420158368,6.088967300323676,0.35435352488137956,12.93750813396495,20.201917675967227,0.7378013349438525,3000.0,-4.5,0.45,none,0.0,
endurance,14,healthy,1623.0,78.46589441294195,78.29867254218938,616.9322105824873,1519.398512516563,65.52832280086675,29.909503611481934,6.088967300323676,0.21607051357052443,12.93792315149411,19.821123068914336,0.7378013349438612,3000.0,-4.5,0.45,none,0.0,
endurance,14,healthy,1624.0,78.46589441294056,78.31265098758897,611.8376682125592,1521.9492349925304,66.07078907869186,30.54609774289163,6.088967300323676,0.06354598599378095,12.908468544455152,19.95910232970992,0.7378013349438697,3000.0,-4.5,0.45,none,0.0,
endurance,14,healthy,1625.0,78.46589441293919,78.80149605718297,617.0144437854295,1524.66961224894,66.17189417820262,31.290693375960146,6.088967300323676,0.10587994563456288,12.898739773197914,19.925248374687555,0.7378013349438781,3000.0,-4.5,0.45,none,0.0,
endurance,14,healthy,1626.0,78.46589441293786,78.97834253526402,617.783003284936,1522.9838649772432,65.6114559951078,29.80241361714798,6.088967300323676,0.2555158888675331,12.946232963726906,20.004239212644958,0.7378013349438861,3000.0,-4.5,0.45,none,0.0,
endurance,14,healthy,1627.0,78.46589441293656,79.235334790604,616.0329767083614,1527.6333870248782,66.04478949882026,31.16918341009455,6.088967300323676,0.20129464776754394,12.887811962606289,20.133043467431342,0.7378013349438941,3000.0,-4.5,0.45,none,0.0,
endurance,14,healthy,1628.0,78.4658944129353,79.1463328792714,611.7877786568532,1517.5539954320961,65.75743479604596,30.783828861861153,6.088967300323676,0.2567315684021839,12.925898555288267,20.0380704217805,0.7378013349439019,3000.0,-4.5,0.45,none,0.0,
endurance,14,healthy,1629.0,78.46589441293406,77.60118972301824,616.5249952657698,1520.0639868635214,66.2994012767463,30.4348549137746,6.088967300323676,0.08786551348749475,12.933051048181149,20.0278333051336,0.7378013349439094,3000.0,-4.5,0.45,none,0.0,
endurance,14,healthy,1630.0,78.46589441293285,78.75960055324832,616.852174910575,1521.6100741805267,66.87379398593465,31.094681685960555,6.088967300323676,0.15971982067782647,12.908103811899684,19.679006826744146,0.7378013349439168,3000.0,-4.5,0.45,none,0.0,
endurance,14,healthy,1631.0,78.46589441293168,78.41135068560197,614.225372427278,1522.8953388828543,66.02119142745725,29.678929018978447,6.088967300323676,0.16375672879370856,12.9327283352445,19.753751120344166,0.7378013349439241,3000.0,-4.5,0.45,none,0.0,
endurance,14,healthy,1632.0,78.46589441293052,77.93298085250937,616.102690972861,1514.9872557777062,66.11019149868882,31.00293577992927,6.088967300323676,0.22074187802548662,12.999267069303155,20.121157521472224,0.737801334943931,3000.0,-4.5,0.45,none,0.0,
endurance,14,healthy,1633.0,78.4658944129294,78.8056687394978,614.1389886734391,1526.9443510961837,67.06848814205851,30.608575294922588,6.088967300323676,0.1667665517307714,12.937004552140822,20.079289412186323,0.737801334943938,3000.0,-4.5,0.45,none,0.0,
endurance,14,healthy,1634.0,78.46589441292831,78.60799163620221,612.6270252858639,1516.4909222937933,65.65067560355368,29.84320977980004,6.088967300323676,0.16655969852968905,12.883680206416917,19.83041498569624,0.7378013349439445,3000.0,-4.5,0.45,none,0.0,
endurance,14,healthy,1635.0,78.46589441292724,77.43114567820648,617.5593192639311,1504.7175784709764,65.83959450043935,30.414585103516824,6.088967300323676,0.2551668592756494,12.88767190247604,19.92669607453265,0.7378013349439512,3000.0,-4.5,0.45,none,0.0,
endurance,14,healthy,1636.0,78.46589441292619,78.03887619568022,611.7476654446059,1514.408600870125,66.37198722019225,31.2881346677181,6.088967300323676,0.1848093800460418,12.869449995641265,20.151426822059765,0.7378013349439575,3000.0,-4.5,0.45,none,0.0,
endurance,14,healthy,1637.0,78.46589441292517,77.65914926364131,612.7595867937682,1511.5154446202896,65.73684404552932,30.36971906508634,6.088967300323676,0.15733147328401803,12.938144385633791,19.825359113371814,0.7378013349439638,3000.0,-4.5,0.45,none,0.0,
endurance,14,healthy,1638.0,78.46589441292417,79.07074527940608,612.1457263224378,1500.8236394246023,65.81175916353557,30.452167063925717,6.088967300323676,0.1487593453092361,12.917876251033483,20.280763286746012,0.7378013349439698,3000.0,-4.5,0.45,none,0.0,
endurance,14,healthy,1639.0,78.4658944129232,77.81783696140135,615.3546726884815,1528.3462593008805,66.4467006102398,29.18843850078668,6.088967300323676,0.20668464615784152,12.976026935396506,20.16023359382549,0.7378013349439758,3000.0,-4.5,0.45,none,0.0,
endurance,14,healthy,1640.0,78.46589441292225,78.44043274184499,615.8508173759201,1511.705778316322,66.88891502958876,30.981735871474626,6.088967300323676,0.19102200502764163,12.855646552355939,20.366875048674398,0.7378013349439816,3000.0,-4.5,0.45,none,0.0,
endurance,14,healthy,1641.0,78.46589441292133,78.8564466094447,611.7253172980116,1522.9727521074674,66.66195602772031,30.58212628108891,6.088967300323676,0.22198670107416624,12.900292893831248,20.049175758783946,0.7378013349439871,3000.0,-4.5,0.45,none,0.0,
endurance,14,healthy,1642.0,78.46589441292042,78.60047692324716,608.108205665301,1523.3730872065944,66.16891092781871,31.34261550377341,6.088967300323676,0.21304323691997037,12.937193951940204,19.761915632338255,0.7378013349439928,3000.0,-4.5,0.45,none,0.0,
endurance,14,healthy,1643.0,78.46589441291954,78.36133022288047,613.1534956130218,1522.9722432111232,65.84877851455714,31.04978098499416,6.088967300323676,0.20294113858754792,12.972970579448292,20.320336293787527,0.7378013349439981,3000.0,-4.5,0.45,none,0.0,
endurance,14,healthy,1644.0,78.46589441291867,77.68811524343457,615.2829506248816,1525.0407973544418,66.85018231676295,30.511850619642207,6.088967300323676,0.1385235460845803,12.963372985783062,19.57141217022486,0.7378013349440034,3000.0,-4.5,0.45,none,0.0,
endurance,14,healthy,1645.0,78.46589441291783,78.48131715140794,617.2144861093778,1524.6886990091211,66.80968683979863,30.444405837521646,6.088967300323676,0.2605957086294562,12.908737439339161,20.203234281044853,0.7378013349440086,3000.0,-4.5,0.45,none,0.0,
endurance,14,healthy,1646.0,78.46589441291701,78.90264742074532,611.1930793789641,1516.621661805079,65.01876826226943,31.172241731991345,6.088967300323676,0.21340050112714107,12.978599616425583,19.814004054351003,0.7378013349440136,3000.0,-4.5,0.45,none,0.0,
endurance,14,healthy,1647.0,78.46589441291621,78.41767605364619,610.0446401461072,1512.9760974871313,67.21733268909999,30.322401773962486,6.088967300323676,0.21481342078080579,12.943351125052597,19.945195409219036,0.7378013349440184,3000.0,-4.5,0.45,none,0.0,
endurance,14,healthy,1648.0,78.46589441291543,78.7516254481567,617.6962552986039,1521.0313512363318,65.45899858452925,30.199334950936226,6.088967300323676,0.17249425591987746,12.893724411178738,19.949664677824934,0.7378013349440232,3000.0,-4.5,0.45,none,0.0,
endurance,14,healthy,1649.0,78.46589441291466,77.98673175781363,613.4248676917772,1517.5202562669485,65.80613595822415,30.58139697335786,6.088967300323676,0.15272660854790013,12.93896109244011,19.741736445233467,0.737801334944028,3000.0,-4.5,0.45,none,0.0,
endurance,14,healthy,1650.0,78.46589441291393,79.95226032540984,616.333459238459,1523.6177159928777,65.39896618703028,30.18282019011129,6.088967300323676,0.2410976474949174,12.90516988881187,20.023959613199438,0.7378013349440324,3000.0,-4.5,0.45,none,0.0,
endurance,14,healthy,1651.0,78.4658944129132,78.44117494785391,618.6977819110894,1527.533697407362,66.73094742238852,29.722341522871975,6.088967300323676,0.23719923448644303,12.794823630215337,20.03447629877567,0.7378013349440369,3000.0,-4.5,0.45,none,0.0,
endurance,14,healthy,1652.0,78.46589441291249,78.81717189361254,617.3096048080754,1526.6642192426598,66.95627947120008,30.39553280852908,6.088967300323676,0.285630515247309,12.920887224983309,19.993920291015712,0.7378013349440413,3000.0,-4.5,0.45,none,0.0,
endurance,14,healthy,1653.0,78.4658944129118,78.41477691434544,610.0400408930262,1511.785669036193,65.94281647192065,30.113036875763864,6.088967300323676,0.21991680303897204,12.919882425329662,19.985860658284217,0.7378013349440455,3000.0,-4.5,0.45,none,0.0,
endurance,14,healthy,1654.0,78.46589441291111,78.84181147718184,616.2380490141762,1517.7888614808621,65.59509606318325,30.60161677098579,6.088967300323676,0.17410934767234584,12.959827050709723,20.10333320187583,0.7378013349440496,3000.0,-4.5,0.45,none,0.0,
endurance,14,healthy,1655.0,78.46589441291046,78.35092255842618,610.5277292346948,1526.3914122073716,65.51533926139544,30.544506185511935,6.088967300323676,0.2488581329618871,12.93891494117668,19.60695755002963,0.7378013349440535,3000.0,-4.5,0.45,none,0.0,
endurance,14,healthy,1656.0,78.46589441290982,77.90376344074703,615.0619692694155,1516.3307955177775,65.49415623828737,31.56883004299131,6.088967300323676,0.19262573559874885,12.877945185739685,20.265571193904243,0.7378013349440575,3000.0,-4.5,0.45,none,0.0,
endurance,14,healthy,1657.0,78.4658944129092,78.17766977650797,607.3565959989622,1517.3324811230884,65.85076141498101,30.51733846193941,6.088967300323676,0.23788129020642274,12.8813076507358,19.95502257733928,0.7378013349440613,3000.0,-4.5,0.45,none,0.0,
endurance,14,healthy,1658.0,78.46589441290858,77.90941314460491,610.155083631005,1515.4232690483927,66.09094827309383,30.235485937752486,6.088967300323676,0.2220341769969175,12.873000019989515,20.236580436016414,0.7378013349440651,3000.0,-4.5,0.45,none,0.0,
endurance,14,healthy,1659.0,78.46589441290799,79.51594161909321,613.2657067257466,1509.697656968484,66.85549041068529,30.37871608054182,6.088967300323676,0.18146850931389424,12.99731175701385,20.130277046542624,0.7378013349440686,3000.0,-4.5,0.45,none,0.0,
endurance,14,healthy,1660.0,78.4658944129074,79.25238312195448,615.9476723834205,1516.8991074089522,66.06176922022108,30.158825039630088,6.088967300323676,0.25392453808273685,12.859116315281204,19.91973556259781,0.7378013349440723,3000.0,-4.5,0.45,none,0.0,
endurance,14,healthy,1661.0,78.46589441290683,79.57098570561183,611.3526181659686,1519.03614596391,66.0329486556932,30.15367098661333,6.088967300323676,0.16089567697942436,12.92391970960235,20.07486539020116,0.7378013349440757,3000.0,-4.5,0.45,none,0.0,
endurance,14,healthy,1662.0,78.46589441290628,78.95909185089403,611.0058424540662,1521.6264611812483,65.92849179786825,30.695703487109974,6.088967300323676,0.21231687049012793,12.85939773329888,19.856707884870044,0.7378013349440791,3000.0,-4.5,0.45,none,0.0,
endurance,14,healthy,1663.0,78.46589441290574,77.94989801595415,615.963536347343,1519.184196862992,66.78830762007188,31.11379878015342,6.088967300323676,0.18955360948267927,12.98242516912922,19.814524446310585,0.7378013349440824,3000.0,-4.5,0.45,none,0.0,
endurance,14,healthy,1664.0,78.46589441290521,79.09406174311252,610.7533396416787,1510.8130321036479,65.59124026739981,30.968819538709745,6.088967300323676,0.21827781738952023,12.851446194136429,20.085361604098324,0.7378013349440857,3000.0,-4.5,0.45,none,0.0,
endurance,14,healthy,1665.0,78.46589441290469,79.1942166888951,614.0903816652402,1526.4669264062723,66.08475575825776,29.469468472567854,6.088967300323676,0.17615534770693808,12.93011565451071,19.91339816369757,0.7378013349440888,3000.0,-4.5,0.45,none,0.0,
endurance,14,healthy,1666.0,78.46589441290418,78.55219228050099,613.0426731048528,1526.4500892597264,66.13335497568694,30.578423311115024,6.088967300323676,0.16483936625055312,12.981405076878636,20.01911371186324,0.737801334944092,3000.0,-4.5,0.45,none,0.0,
endurance,14,healthy,1667.0,78.46589441290368,78.04018385038592,615.3304326207677,1507.9223162713888,66.80317465208827,30.43515955275468,6.088967300323676,0.15810920353738434,12.959520193931526,20.22325373112416,0.737801334944095,3000.0,-4.5,0.45,none,0.0,
endurance,14,healthy,1668.0,78.4658944129032,78.39185806568238,609.0235806025069,1519.0004567338046,66.45726730272207,30.161401435411257,6.088967300323676,0.2020979835443617,12.833546868134405,20.433912244392413,0.7378013349440979,3000.0,-4.5,0.45,none,0.0,
endurance,14,healthy,1669.0,78.46589441290273,77.38659590598455,613.212862512766,1515.6255743424574,66.18132410056465,30.25023345624959,6.088967300323676,0.19552171238372273,12.871830339181445,19.741038824981988,0.7378013349441008,3000.0,-4.5,0.45,none,0.0,
endurance,14,healthy,1670.0,78.46589441290227,79.22432887633099,610.3672664916896,1518.3134363332285,65.77686363582923,30.563181464032194,6.088967300323676,0.14642489361127928,12.940286328346831,20.318539839678447,0.7378013349441036,3000.0,-4.5,0.45,none,0.0,
endurance,14,healthy,1671.0,78.46589441290182,78.45396346017658,614.0435329398149,1516.2488208861146,66.19819991738828,30.85405562553546,6.088967300323676,0.2382164222230087,13.051983050793687,20.123011653026502,0.7378013349441064,3000.0,-4.5,0.45,none,0.0,
endurance,14,healthy,1672.0,78.46589441290138,79.27651701920324,609.1341867279333,1525.8485146344492,66.1054545666327,30.123818542518812,6.088967300323676,0.2196063073075873,12.949610457125619,20.159972272596825,0.737801334944109,3000.0,-4.5,0.45,none,0.0,
endurance,14,healthy,1673.0,78.46589441290095,78.86288126107725,615.3448625423111,1523.2558828753984,65.77946638802823,30.107559227210697,6.088967300323676,0.19284892122271333,12.905895870381972,20.10405950752689,0.7378013349441117,3000.0,-4.5,0.45,none,0.0,
endurance,14,healthy,1674.0,78.46589441290054,78.0289332512954,610.8069248903572,1518.7475743304944,65.52135437355325,30.286012549647474,6.088967300323676,0.24961901739566317,12.9216667088746,19.989581991349166,0.7378013349441143,3000.0,-4.5,0.45,none,0.0,
endurance,14,healthy,1675.0,78.46589441290013,79.04466291643509,612.6952931284083,1524.9734994749529,66.0443560062561,31.02661697780627,6.088967300323676,0.1767695106612181,12.932472457084192,19.98211440792167,0.7378013349441167,3000.0,-4.5,0.45,none,0.0,
endurance,14,healthy,1676.0,78.46589441289973,78.60773075697169,619.3496921191253,1526.90382910871,65.71704594773644,30.057043065734852,6.088967300323676,0.2087336307901601,12.960143535943894,19.991937886301983,0.7378013349441191,3000.0,-4.5,0.45,none,0.0,
endurance,14,healthy,1677.0,78.46589441289935,78.08306753432115,606.4290603171373,1512.8796763095165,65.35089381424356,30.73093221507661,6.088967300323676,0.16120748227219056,12.863478896031847,20.116445340557256,0.7378013349441215,3000.0,-4.5,0.45,none,0.0,
endurance,14,healthy,1678.0,78.46589441289896,78.13642570313031,609.7424668917159,1520.5025368357594,65.66176489278696,30.286579379327655,6.088967300323676,0.22993547111990298,12.988804909134277,19.986205960809507,0.7378013349441239,3000.0,-4.5,0.45,none,0.0,
endurance,14,healthy,1679.0,78.46589441289859,78.2957303237323,613.6324567780786,1523.3065369432827,65.17468304726033,29.23236039136079,6.088967300323676,0.2357511685078611,12.9573725868906,19.99735791651678,0.7378013349441261,3000.0,-4.5,0.45,none,0.0,
endurance,14,healthy,1680.0,78.46589441289822,78.18255037746074,621.0606059152257,1526.6221957955836,66.46380883068394,30.07341839436989,6.088967300323676,0.12926764755976128,12.941399461751534,20.058130174875394,0.7378013349441284,3000.0,-4.5,0.45,none,0.0,
endurance,14,healthy,1681.0,78.46589441289787,78.96045110024347,615.9951304505564,1515.4825209589808,65.83635677616502,30.766452170478075,6.088967300323676,0.1534064103809977,12.86583484850106,19.884929640764998,0.7378013349441306,3000.0,-4.5,0.45,none,0.0,
endurance,14,healthy,1682.0,78.46589441289753,78.20964751365116,614.9582432708045,1515.5832982469308,66.54495705898542,30.42320976037559,6.088967300323676,0.1595797298348734,12.93720252134053,19.499976650660557,0.7378013349441326,3000.0,-4.5,0.45,none,0.0,
endurance,14,healthy,1683.0,78.46589441289719,78.98736115804897,615.6458172970174,1519.8239897625588,66.01064900713247,30.9412388272618,6.088967300323676,0.23942578910268647,12.914527354485822,20.00245376474681,0.7378013349441348,3000.0,-4.5,0.45,none,0.0,
endurance,14,healthy,1684.0,78.46589441289686,78.21761641536695,608.320623320829,1526.334748160883,66.16607246932247,29.57058657597048,6.088967300323676,0.25699237527249436,12.94400770841456,19.98412093812889,0.7378013349441368,3000.0,-4.5,0.45,none,0.0,
endurance,14,healthy,1685.0,78.46589441289653,77.80586863336978,610.2995357417033,1521.0110642496534,65.64926189623783,29.98120993966763,6.088967300323676,0.1617974201506515,12.979646630369116,19.90907087481599,0.7378013349441387,3000.0,-4.5,0.45,none,0.0,
endurance,14,healthy,1686.0,78.46589441289622,78.00071794231157,616.8073819712761,1514.2943748378136,66.72789327093817,30.168724950442247,6.088967300323676,0.09813117932714543,12.93356865825758,20.13410164703094,0.7378013349441406,3000.0,-4.5,0.45,none,0.0,
endurance,14,healthy,1687.0,78.4658944128959,78.48985912191341,610.9869563321856,1517.1722209975064,65.66419225958116,30.987860923155715,6.088967300323676,0.21223452574150223,12.883302356080671,20.366013782202398,0.7378013349441426,3000.0,-4.5,0.45,none,0.0,
endurance,14,healthy,1688.0,78.46589441289561,79.13850333538676,613.5248286773178,1517.720426882935,65.91279681855603,30.574327296128708,6.088967300323676,0.23297504642064532,12.80492848371987,20.01633417226117,0.7378013349441443,3000.0,-4.5,0.45,none,0.0,
endurance,14,healthy,1689.0,78.46589441289532,78.84269012790213,614.1284834587117,1512.1463068479834,66.95084664361134,30.360942749961925,6.088967300323676,0.24821343098470863,13.032044797192095,20.32695256156863,0.7378013349441461,3000.0,-4.5,0.45,none,0.0,
endurance,14,healthy,1690.0,78.46589441289504,77.70445753997987,616.0812493522512,1520.3728257130563,66.59295386844144,30.65223383671616,6.088967300323676,0.19834802008554128,12.916168835998839,20.053754233659845,0.7378013349441479,3000.0,-4.5,0.45,none,0.0,
endurance,14,healthy,1691.0,78.46589441289476,78.35774799685377,612.9311338053542,1516.6336874489557,65.88415468468935,31.080041281657508,6.088967300323676,0.2091782399746513,12.92798036588163,19.81667060535203,0.7378013349441495,3000.0,-4.5,0.45,none,0.0,
endurance,14,healthy,1692.0,78.46589441289449,78.80423462059491,611.5052646064122,1513.389493946627,66.01699383554566,30.74465299881128,6.088967300323676,0.22872893705709413,12.863736528822857,19.841664648449104,0.7378013349441512,3000.0,-4.5,0.45,none,0.0,
endurance,14,healthy,1693.0,78.46589441289422,79.29324108365383,611.5274989304636,1522.5773327685652,65.80255195233688,30.514022345775007,6.088967300323676,0.23191307373537207,12.910673290239203,19.999065431610138,0.7378013349441529,3000.0,-4.5,0.45,none,0.0,
endurance,14,healthy,1694.0,78.46589441289396,78.34412154650443,614.033787856161,1517.6682011246726,67.14263022024161,30.558938746101674,6.088967300323676,0.2977919270535275,12.954709926777713,19.836486283263653,0.7378013349441545,3000.0,-4.5,0.45,none,0.0,
endurance,14,healthy,1695.0,78.4658944128937,78.00300319919111,611.9719497674544,1513.3808909944319,66.74088889209163,30.218758609314055,6.088967300323676,0.1828295902946009,12.849732816473972,19.969979043989767,0.7378013349441561,3000.0,-4.5,0.45,none,0.0,
endurance,14,healthy,1696.0,78.46589441289346,79.53503257415133,612.9410614847416,1519.0635290288421,65.54203850670375,30.85054537504059,6.088967300323676,0.11736314020592295,12.964503151190875,19.755129929358578,0.7378013349441574,3000.0,-4.5,0.45,none,0.0,
endurance,14,healthy,1697.0,78.46589441289322,78.1089877387303,615.9185625607255,1512.3665116235268,66.50274064610059,30.10193768094787,6.088967300323676,0.21640280634572392,12.862266339457365,20.182827970058003,0.737801334944159,3000.0,-4.5,0.45,none,0.0,
endurance,14,healthy,1698.0,78.465894412893,78.21014109335874,615.0803785108117,1524.2282564811028,66.70654505341417,30.571347137638416,6.088967300323676,0.22885927777970366,12.895199957462099,19.99854899567661,0.7378013349441603,3000.0,-4.5,0.45,none,0.0,
endurance,14,healthy,1699.0,78.46589441289277,78.37232061654738,611.3683137878071,1511.9851210142533,65.77522045742424,30.377971680835525,6.088967300323676,0.1753587805292091,12.97721875039442,19.840277940327265,0.7378013349441618,3000.0,-4.5,0.45,none,0.0,
endurance,14,healthy,1700.0,78.46589441289254,78.82728116180519,615.713376988452,1521.7164192037549,65.85459369772803,30.704620739543106,6.088967300323676,0.23059484124973767,12.896490743859852,19.701680469996198,0.7378013349441631,3000.0,-4.5,0.45,none,0.0,
endurance,14,healthy,1701.0,78.46589441289233,78.6890858222427,616.6566471948669,1519.199303366235,67.33972861700009,30.847331779567867,6.088967300323676,0.11090010111013117,12.918380754727098,20.050038327473004,0.7378013349441644,3000.0,-4.5,0.45,none,0.0,
endurance,14,healthy,1702.0,78.46589441289211,78.0997077615893,617.768831505828,1519.2887353334743,66.46962600838883,29.9095251424003,6.088967300323676,0.21138654361454445,12.895307147230719,20.048959520849465,0.7378013349441657,3000.0,-4.5,0.45,none,0.0,
endurance,14,healthy,1703.0,78.4658944128919,79.06907417741063,617.9816716804894,1519.8395627279654,66.1969243609501,30.108912320648493,6.088967300323676,0.23020008289872163,12.888993378341736,19.811673850214646,0.737801334944167,3000.0,-4.5,0.45,none,0.0,
endurance,14,healthy,1704.0,78.4658944128917,78.90500241915669,611.2788198457185,1532.17716545697,66.51610742967648,30.684287868111003,6.088967300323676,0.15923312026573366,12.951093140118441,20.141705236752063,0.7378013349441682,3000.0,-4.5,0.45,none,0.0,
endurance,14,healthy,1705.0,78.4658944128915,78.49882315694613,613.6467111709135,1525.763698565994,65.72939455372025,30.58232459634959,6.088967300323676,0.17150640939971176,12.93829790518615,19.922157260314215,0.7378013349441694,3000.0,-4.5,0.45,none,0.0,
endurance,14,healthy,1706.0,78.4658944128913,78.47400714768646,612.3453124953279,1521.3184875105799,65.7653276559816,30.554152924968964,6.088967300323676,0.2473490255814107,12.919612853119906,20.14884029847989,0.7378013349441707,3000.0,-4.5,0.45,none,0.0,
endurance,14,healthy,1707.0,78.46589441289112,78.41978734850093,610.5575895263175,1516.5956752175946,66.57424893448453,29.625009135429558,6.088967300323676,0.1903834767462922,12.775459341302115,19.867274190663224,0.7378013349441718,3000.0,-4.5,0.45,none,0.0,
endurance,14,healthy,1708.0,78.46589441289093,78.0626976451488,613.4732714480973,1524.000273326985,65.5140966846945,30.414158332476873,6.088967300323676,0.20472603730157668,12.906201902974123,20.053836136822614,0.737801334944173,3000.0,-4.5,0.45,none,0.0,
endurance,14,healthy,1709.0,78.46589441289075,78.52467684389953,611.2016216885067,1516.5690931157403,65.87363408312734,30.008254070385863,6.088967300323676,0.36354051212651695,12.904599846479178,20.36455399888883,0.7378013349441741,3000.0,-4.5,0.45,none,0.0,
endurance,14,healthy,1710.0,78.46589441289058,78.01782203618814,614.46778319486,1515.2181139880201,65.8659146229591,29.62540363758861,6.088967300323676,0.20302076712172334,12.84199460018993,20.106112380473512,0.737801334944175,3000.0,-4.5,0.45,none,0.0,
endurance,14,healthy,1711.0,78.4658944128904,78.54676523569614,612.6713785806189,1512.6228935389352,66.29774139986067,30.579537760101548,6.088967300323676,0.23929499855371603,12.956232371921827,19.88199048671118,0.7378013349441761,3000.0,-4.5,0.45,none,0.0,
endurance,14,healthy,1712.0,78.46589441289024,78.82068377010552,612.2833464495662,1517.9394888777583,66.30150148509539,30.519220367741152,6.088967300323676,0.16518064374466648,12.893082862786262,19.70286498136698,0.7378013349441772,3000.0,-4.5,0.45,none,0.0,
endurance,14,healthy,1713.0,78.46589441289007,79.01998179877042,614.505473804234,1523.9016213934715,66.55630482675087,30.252117868557875,6.088967300323676,0.12858101486101878,12.865424002304437,19.972221161604107,0.7378013349441782,3000.0,-4.5,0.45,none,0.0,
endurance,14,healthy,1714.0,78.46589441288991,78.65464298187237,614.7278787238025,1518.526711228911,66.2944286476123,31.426443028989926,6.088967300323676,0.1673596216208325,12.941119229411695,20.32599665859665,0.7378013349441792,3000.0,-4.5,0.45,none,0.0,
endurance,14,healthy,1715.0,78.46589441288975,78.6127748653485,611.0110723194399,1518.5812775489944,66.75558776829732,30.063923633260433,6.088967300323676,0.26436132014923486,13.054788776335926,20.030038587330097,0.7378013349441801,3000.0,-4.5,0.45,none,0.0,
endurance,14,healthy,1716.0,78.4658944128896,78.52089929297352,608.2287016662979,1516.5432909667568,65.32816444508897,30.775905611315792,6.088967300323676,0.1558219391199945,12.96468545013109,20.12887768536822,0.7378013349441811,3000.0,-4.5,0.45,none,0.0,
endurance,14,healthy,1717.0,78.46589441288945,78.1836787603986,613.0603895761706,1528.747205365292,66.34789256621117,29.989681905955617,6.088967300323676,0.2150802065146539,13.038559752335667,19.920583800903348,0.7378013349441819,3000.0,-4.5,0.45,none,0.0,
endurance,14,healthy,1718.0,78.46589441288931,78.73647744027309,612.5634541845676,1525.4001909041008,66.69802191562671,30.492151673463916,6.088967300323676,0.132964110420207,12.948782758337217,20.190309590374362,0.7378013349441828,3000.0,-4.5,0.45,none,0.0,
endurance,14,healthy,1719.0,78.46589441288917,78.12248633682887,612.0280655506524,1524.686208459409,66.73288867163599,30.201818117682528,6.088967300323676,0.12943084532653382,12.90835860978872,19.778556955352244,0.7378013349441837,3000.0,-4.5,0.45,none,0.0,
endurance,14,healthy,1720.0,78.46589441288903,78.62698202801029,617.3465435789246,1522.7147575363692,66.45654526807755,29.572091409473376,6.088967300323676,0.20136554410412288,12.89687588947441,19.87806355701433,0.7378013349441845,3000.0,-4.5,0.45,none,0.0,
endurance,14,healthy,1721.0,78.4658944128889,77.7500263280214,603.6726527128052,1513.1911275849266,65.54990399331389,31.061130631818045,6.088967300323676,0.18639845397051766,12.912365247925708,20.184105263556596,0.7378013349441854,3000.0,-4.5,0.45,none,0.0,
endurance,14,healthy,1722.0,78.46589441288877,77.7072356812597,615.2476966215476,1524.469519167699,66.41637503570257,29.825507213292212,6.088967300323676,0.2153412188274536,12.93251257407115,19.725084713799447,0.7378013349441861,3000.0,-4.5,0.45,none,0.0,
endurance,14,healthy,1723.0,78.46589441288864,78.88148717985906,618.2350892153715,1514.9462103089588,66.28698233063464,30.2118733571694,6.088967300323676,0.2768791729949985,12.969552091271852,20.251145438540306,0.737801334944187,3000.0,-4.5,0.45,none,0.0,
endurance,14,healthy,1724.0,78.46589441288852,77.6745848321624,604.7570426434218,1521.730978644828,66.42331329000864,30.582999224839895,6.088967300323676,0.21113866970610762,12.865998574178427,20.050166620657812,0.7378013349441876,3000.0,-4.5,0.45,none,0.0,
endurance,14,healthy,1725.0,78.46589441288839,78.3479935585699,619.3638691314677,1519.5198124575084,66.63754626014835,29.78413852354828,6.088967300323676,0.2714090396256405,12.944259856150715,19.99855205242302,0.7378013349441885,3000.0,-4.5,0.45,none,0.0,
endurance,14,healthy,1726.0,78.46589441288828,78.38275084600508,617.7086910079673,1512.0843727777296,66.34595303635442,30.16330227608173,6.088967300323676,0.1492626314815993,12.970389687052567,19.793614356071362,0.7378013349441892,3000.0,-4.5,0.45,none,0.0,
endurance,14,healthy,1727.0,78.46589441288816,78.82076452408009,613.2621778718996,1511.4340749717637,65.40276746573053,30.639998723573115,6.088967300323676,0.21061729999320294,12.827197011349073,19.797693484143466,0.7378013349441899,3000.0,-4.5,0.45,none,0.0,
endurance,14,healthy,1728.0,78.46589441288805,78.23249161003835,618.587857665929,1520.422545743011,66.12663408260254,29.215285022268358,6.088967300323676,0.1921543146796491,12.891213923896316,20.121132868949108,0.7378013349441905,3000.0,-4.5,0.45,none,0.0,
endurance,14,healthy,1729.0,78.46589441288793,78.38919694682968,611.5253963017313,1512.7359534151053,67.10509213211093,29.921564289741394,6.088967300323676,0.17502343040679572,12.95346574896815,20.144599588897254,0.7378013349441912,3000.0,-4.5,0.45,none,0.0,
endurance,14,healthy,1730.0,78.46589441288782,77.94649150857317,612.6559181184123,1528.0462602554906,65.14292075460358,30.456742645731854,6.088967300323676,0.2541108319317353,12.98081615122694,19.90673517548609,0.737801334944192,3000.0,-4.5,0.45,none,0.0,
endurance,14,healthy,1731.0,78.46589441288772,79.06458997813749,615.5226640864821,1516.7919074476874,66.70341112796771,31.061866230174438,6.088967300323676,0.15316641744802895,12.930910118658995,19.995227690129397,0.7378013349441925,3000.0,-4.5,0.45,none,0.0,
endurance,14,healthy,1732.0,78.46589441288762,78.28723985797502,608.6881759841648,1521.325405334181,66.74550511598274,30.767502055129242,6.088967300323676,0.1710899344548217,12.911076813005689,20.10784455506266,0.7378013349441932,3000.0,-4.5,0.45,none,0.0,
endurance,14,healthy,1733.0,78.46589441288752,78.65917247659438,616.6981853444264,1524.0183501026543,66.07444099477797,30.789901180956978,6.088967300323676,0.22294233020935655,13.011239159641505,19.937039740647904,0.7378013349441938,3000.0,-4.5,0.45,none,0.0,
endurance,14,healthy,1734.0,78.46589441288742,77.17642498917735,613.0631830219754,1518.3313369043549,66.21658764438797,30.859947877372377,6.088967300323676,0.1428972639644938,12.894315567017786,20.29149375048058,0.7378013349441943,3000.0,-4.5,0.45,none,0.0,
endurance,14,healthy,1735.0,78.46589441288732,78.94951032726829,610.0233377737778,1518.2505121640318,66.82261955503928,30.316826761913156,6.088967300323676,0.19953264676283536,12.909330027678333,19.84161792507608,0.737801334944195,3000.0,-4.5,0.45,none,0.0,
endurance,14,healthy,1736.0,78.46589441288722,78.48559064895481,614.5735758606908,1523.6045277082749,66.2279677804508,30.782597612113165,6.088967300323676,0.2157010828899103,12.915262972487378,20.032083199132924,0.7378013349441956,3000.0,-4.5,0.45,none,0.0,
endurance,14,healthy,1737.0,78.46589441288714,77.47346682526045,613.2009688248464,1516.1944210484992,65.43715889307215,30.876077116947016,6.088967300323676,0.13928611338753513,12.895959736368882,19.88811380114764,0.7378013349441961,3000.0,-4.5,0.45,none,0.0,
endurance,14,healthy,1738.0,78.46589441288705,78.86566245728139,611.7174298010051,1526.184980753523,66.18606255276642,30.082447766224103,6.088967300323676,0.2504871215008215,12.892335496537973,20.264440735195762,0.7378013349441968,3000.0,-4.5,0.45,none,0.0,
endurance,14,healthy,1739.0,78.46589441288697,78.1515568890351,610.892768998763,1515.3700881524405,66.44608260010277,30.637708251447727,6.088967300323676,0.12471054351119298,12.928751633560006,19.807877586664567,0.7378013349441971,3000.0,-4.5,0.45,none,0.0,
endurance,14,healthy,1740.0,78.46589441288688,78.33548343194855,618.2506649240154,1519.9400727013049,66.47079059309006,30.013895232858253,6.088967300323676,0.23619140211450385,12.869314071204492,20.06029911720757,0.7378013349441976,3000.0,-4.5,0.45,none,0.0,
endurance,14,healthy,1741.0,78.4658944128868,78.73943447134542,616.0642868720461,1514.407165003575,66.51108309744991,31.136885551862285,6.088967300323676,0.0930919896610441,12.875718875763827,20.28049612219344,0.7378013349441981,3000.0,-4.5,0.45,none,0.0,
endurance,14,healthy,1742.0,78.46589441288671,77.65880302351441,611.7359175608124,1520.6229859735597,66.39733459213335,30.813333225743342,6.088967300323676,0.21766652846337636,12.917652325917688,20.143475648799175,0.7378013349441988,3000.0,-4.5,0.45,none,0.0,
endurance,14,healthy,1743.0,78.46589441288663,78.61562289114073,615.7763292780961,1510.9182831457658,66.10559077320013,30.62530479849918,6.088967300323676,0.1670076588207318,12.850733677371254,19.422050740309903,0.7378013349441992,3000.0,-4.5,0.45,none,0.0,
endurance,14,healthy,1744.0,78.46589441288656,78.82432427417208,614.8582323125606,1520.0893582896263,66.01279342415344,31.245982080582685,6.088967300323676,0.2206519597716341,12.871239782523975,20.37771894918692,0.7378013349441996,3000.0,-4.5,0.45,none,0.0,
endurance,14,healthy,1745.0,78.46589441288648,78.14364110299495,611.007354096773,1520.4561040839037,65.91143544660956,30.945386724796247,6.088967300323676,0.23818564919601562,12.928404927472283,20.052570993392674,0.7378013349442001,3000.0,-4.5,0.45,none,0.0,
endurance,14,healthy,1746.0,78.46589441288641,78.66730980989533,608.0201175215193,1524.3809119381904,66.24618688205571,29.78085915441685,6.088967300323676,0.13774482334526542,12.8806905034431,20.104750847946608,0.7378013349442005,3000.0,-4.5,0.45,none,0.0,
endurance,14,healthy,1747.0,78.46589441288634,78.79849544122862,612.6595378626346,1516.6775580773617,65.91270334322859,30.227983611710695,6.088967300323676,0.28838620274455684,12.868663610012502,19.778635110717996,0.737801334944201,3000.0,-4.5,0.45,none,0.0,
endurance,14,healthy,1748.0,78.46589441288627,78.29320250297785,615.9766822941551,1514.6484612606023,66.78627343625439,31.496041171459076,6.088967300323676,0.15884466296097557,12.981153048702776,20.09478182629527,0.7378013349442014,3000.0,-4.5,0.45,none,0.0,
endurance,14,healthy,1749.0,78.4658944128862,78.1282236908938,613.2319887762047,1511.6251489727365,66.09640909875577,29.858246065422477,6.088967300323676,0.24749851591104405,12.91236428388822,19.55174229247505,0.7378013349442019,3000.0,-4.5,0.45,none,0.0,
endurance,14,healthy,1750.0,78.46589441288613,77.16514638532432,610.3509677622898,1517.1232821030178,64.92958578965921,30.769591319179852,6.088967300323676,0.1933188779289001,12.884500169425452,19.899312762737082,0.7378013349442023,3000.0,-4.5,0.45,none,0.0,
endurance,14,healthy,1751.0,78.46589441288606,78.09343359063483,616.3455284546229,1523.7951954379519,67.03311452453202,30.393367040644215,6.088967300323676,0.10982128939687365,12.988692359041703,20.123707418672304,0.7378013349442027,3000.0,-4.5,0.45,none,0.0,
endurance,14,healthy,1752.0,78.465894412886,78.85212014501627,613.7276230703231,1524.7987485106821,65.60044868957384,30.30895211818742,6.088967300323676,0.27255224053370947,12.933516685029963,20.08904679862375,0.7378013349442031,3000.0,-4.5,0.45,none,0.0,
endurance,14,healthy,1753.0,78.46589441288594,78.09997158461749,611.7385473960459,1515.8923651450186,65.48998680281626,30.159688858402387,6.088967300323676,0.17817527616815912,12.89550285554685,20.041774263631257,0.7378013349442034,3000.0,-4.5,0.45,none,0.0,
endurance,14,healthy,1754.0,78.46589441288589,78.69467629257689,614.6500645088224,1513.961146867948,66.1692615023955,30.718856663644445,6.088967300323676,0.171822201996559,12.926622694468556,19.624961692203854,0.7378013349442037,3000.0,-4.5,0.45,none,0.0,
endurance,14,healthy,1755.0,78.46589441288583,78.12142223261273,610.0215612629062,1527.3637088502317,66.11602157737552,29.712740688260073,6.088967300323676,0.22974765958539756,12.991388373209661,19.845636545924332,0.7378013349442041,3000.0,-4.5,0.45,none,0.0,
endurance,14,healthy,1756.0,78.46589441288577,78.11906107703834,611.3981923050912,1527.8100365646649,66.17713885350966,30.03626774833061,6.088967300323676,0.19309757398321986,12.91894470417642,20.01255679736732,0.7378013349442044,3000.0,-4.5,0.45,none,0.0,
endurance,14,healthy,1757.0,78.46589441288572,78.08147641721051,618.2563078709336,1523.6736459659478,66.32394986392268,31.089736690006383,6.088967300323676,0.2010535293768299,12.936907535522002,20.006491537725545,0.7378013349442047,3000.0,-4.5,0.45,none,0.0,
endurance,14,healthy,1758.0,78.46589441288566,78.34775730014908,613.795408479512,1531.6257353537903,67.04537256471188,30.933958546232734,6.088967300323676,0.1580842304942503,12.911805216040033,20.08514591815771,0.7378013349442052,3000.0,-4.5,0.45,none,0.0,
endurance,14,healthy,1759.0,78.4658944128856,78.41750385234037,611.248458755147,1524.1219277174253,66.86651219808736,31.02785594219032,6.088967300323676,0.14058583176936904,12.897157430387287,20.000601284788416,0.7378013349442054,3000.0,-4.5,0.45,none,0.0,
endurance,14,healthy,1760.0,78.46589441288555,78.16002045706126,612.5566950031639,1516.9919023681198,65.56837448916845,30.050740233599047,6.088967300323676,0.17176929979085998,12.880553629388737,20.14165399267092,0.7378013349442059,3000.0,-4.5,0.45,none,0.0,
endurance,14,healthy,1761.0,78.46589441288549,79.09002131654556,616.1098262894953,1526.3759148081913,66.17416028941511,29.03635573939673,6.088967300323676,0.20543714714204778,12.9054051048247,20.170428921608572,0.7378013349442062,3000.0,-4.5,0.45,none,0.0,
endurance,14,healthy,1762.0,78.46589441288543,78.83564013292674,613.4802158538506,1510.2714691761141,65.99107478232247,30.346164924359503,6.088967300323676,0.1377728110861944,12.92801469936251,19.866081097190545,0.7378013349442065,3000.0,-4.5,0.45,none,0.0,
endurance,14,healthy,1763.0,78.46589441288539,78.87050631768726,612.9660703282943,1508.3296835216947,66.5285719734184,30.06545617818596,6.088967300323676,0.13107287439162507,12.922977407106261,20.20891531947326,0.7378013349442067,3000.0,-4.5,0.45,none,0.0,
endurance,14,healthy,1764.0,78.46589441288535,78.79536059994473,613.5622379691922,1524.98696616231,65.61590865868028,29.679671430400752,6.088967300323676,0.12107853603579717,12.848484395038668,20.123998139096287,0.7378013349442071,3000.0,-4.5,0.45,none,0.0,
endurance,14,healthy,1765.0,78.4658944128853,78.1897193105843,613.9654051613364,1520.192673284229,66.24706437101314,30.50047830988356,6.088967300323676,0.1645174750009014,12.842947113941811,19.945834485308875,0.7378013349442073,3000.0,-4.5,0.45,none,0.0,
endurance,14,healthy,1766.0,78.46589441288526,78.79041846811651,608.6096243734261,1529.5139115188103,66.37947904676915,30.021542929641882,6.088967300323676,0.1982841277396364,12.92098854156168,20.14607497531054,0.7378013349442075,3000.0,-4.5,0.45,none,0.0,
endurance,14,healthy,1767.0,78.46589441288522,77.9401878385866,613.9135273458572,1516.8490749315374,67.0556658680536,30.679517838947625,6.088967300323676,0.17170413008357144,12.995963746336134,20.09760799773381,0.7378013349442079,3000.0,-4.5,0.45,none,0.0,
endurance,14,healthy,1768.0,78.46589441288518,78.77453690615707,611.5267581614073,1517.6283167049885,66.22199078708498,29.75008682072384,6.088967300323676,0.1751615121836973,12.903070792756031,20.11492847214785,0.7378013349442081,3000.0,-4.5,0.45,none,0.0,
endurance,14,healthy,1769.0,78.46589441288513,78.5771730460605,615.9217360953859,1522.9134375579374,65.87935349301848,30.27228251176933,6.088967300323676,0.16488231024591984,12.928565639196925,20.098146542688077,0.7378013349442083,3000.0,-4.5,0.45,none,0.0,
endurance,14,healthy,1770.0,78.46589441288509,78.47982208622354,614.9174529380862,1525.8265522563981,65.98685009677187,30.524008323212463,6.088967300323676,0.20872310377126999,12.942521171285328,20.019121492488306,0.7378013349442085,3000.0,-4.5,0.45,none,0.0,
endurance,14,healthy,1771.0,78.46589441288505,78.9512709818369,615.9148248793215,1516.9369188350117,66.37021522712824,30.131282519444568,6.088967300323676,0.1929410316682526,12.99579222485039,20.115222193703524,0.7378013349442089,3000.0,-4.5,0.45,none,0.0,
endurance,14,healthy,1772.0,78.465894412885,79.01939182309258,613.4357486710576,1523.1774858549516,65.90547111331148,30.070219012567634,6.088967300323676,0.1727411292680896,12.909904454005508,20.17098553747513,0.7378013349442092,3000.0,-4.5,0.45,none,0.0,
endurance,14,healthy,1773.0,78.46589441288496,79.39250241187936,617.0931924717568,1524.8216026473813,65.63083170467078,30.11832391501645,6.088967300323676,0.17041009080816136,12.980099623814718,19.936497824614953,0.7378013349442094,3000.0,-4.5,0.45,none,0.0,
endurance,14,healthy,1774.0,78.46589441288492,78.42671554300719,610.6805276013005,1521.6265963793564,65.59035940843592,31.198112556983997,6.088967300323676,0.18222944793963647,12.914652252249963,20.172442588674855,0.7378013349442096,3000.0,-4.5,0.45,none,0.0,
endurance,14,healthy,1775.0,78.46589441288488,78.89904109871082,612.4076330538448,1514.4585483716241,66.15122914706468,30.59343767682022,6.088967300323676,0.2672488303158175,12.94008839299382,20.277015515155664,0.7378013349442099,3000.0,-4.5,0.45,none,0.0,
endurance,14,healthy,1776.0,78.46589441288484,78.22383398409859,607.46790091692,1517.6151527656793,65.41078006906115,31.4023368732742,6.088967300323676,0.20113302987270515,12.928936403635598,20.31394492261908,0.7378013349442103,3000.0,-4.5,0.45,none,0.0,
endurance,14,healthy,1777.0,78.46589441288481,78.57149231913759,614.9727693926835,1526.8680208008352,66.11431086423163,30.443992035143463,6.088967300323676,0.24795220647129507,12.927304555069753,20.206047630809646,0.7378013349442103,3000.0,-4.5,0.45,none,0.0,
endurance,14,healthy,1778.0,78.46589441288478,77.93703430199456,608.1758540301564,1518.6625277542964,66.28600565029667,29.947814314343866,6.088967300323676,0.08349924883392378,12.950978190097837,19.96785280825846,0.7378013349442105,3000.0,-4.5,0.45,none,0.0,
endurance,14,healthy,1779.0,78.46589441288475,77.96723938519483,609.7949762128734,1514.849592562232,66.09202676910579,30.14895109400178,6.088967300323676,0.20251222550212225,12.887423700772064,20.0434378650239,0.7378013349442106,3000.0,-4.5,0.45,none,0.0,
endurance,14,healthy,1780.0,78.46589441288472,78.49229811386604,612.9157719997414,1518.001054126707,67.62190194213686,31.14540359721353,6.088967300323676,0.17858377520159877,12.938541892288633,19.90722676682486,0.7378013349442109,3000.0,-4.5,0.45,none,0.0,
endurance,14,healthy,1781.0,78.4658944128847,78.11127609763109,608.2264390905589,1519.8381052161467,67.0613401373688,31.25330864239014,6.088967300323676,0.12996361822028107,12.972838007173161,20.399030594780744,0.737801334944211,3000.0,-4.5,0.45,none,0.0,
endurance,14,healthy,1782.0,78.46589441288467,78.3867184210942,615.7656253283991,1520.6247817903638,66.29747394879607,30.871248357198155,6.088967300323676,0.23083916564252543,12.989871050446284,19.952977072682952,0.7378013349442112,3000.0,-4.5,0.45,none,0.0,
endurance,14,healthy,1783.0,78.46589441288464,78.77917752027844,607.3181548436852,1523.7734172218375,66.09405337295476,30.00542221856568,6.088967300323676,0.20688042962345904,13.0250201688561,20.02646191646496,0.7378013349442114,3000.0,-4.5,0.45,none,0.0,
endurance,14,healthy,1784.0,78.46589441288461,79.68753900932006,613.765519903333,1523.1141046799544,66.3620818064613,31.02301053139223,6.088967300323676,0.21375933135722547,12.838080592915725,20.20791008384756,0.7378013349442115,3000.0,-4.5,0.45,none,0.0,
endurance,14,healthy,1785.0,78.46589441288458,79.07551338723303,609.6392312115046,1517.9244321122533,66.87400879690816,29.848259272525762,6.088967300323676,0.18596830017111785,12.925569945163407,20.008753764851047,0.7378013349442116,3000.0,-4.5,0.45,none,0.0,
endurance,14,healthy,1786.0,78.46589441288455,78.0947779021611,610.941785357359,1519.3026229560012,66.93099410712233,30.386305465007496,6.088967300323676,0.17024483176952093,12.987183983019143,19.944624019981337,0.7378013349442119,3000.0,-4.5,0.45,none,0.0,
endurance,14,healthy,1787.0,78.46589441288452,78.59576626064603,616.8175568813684,1521.2789935137014,65.74824907394044,29.648749472857723,6.088967300323676,0.16086022507920708,12.88554270714466,20.40639288891649,0.7378013349442121,3000.0,-4.5,0.45,none,0.0,
endurance,14,healthy,1788.0,78.4658944128845,79.03079466598057,615.1279152011767,1512.619102510041,65.77534062494041,30.566260815394635,6.088967300323676,0.2009244718821255,12.904507192042036,20.3719656188006,0.7378013349442123,3000.0,-4.5,0.45,none,0.0,
endurance,14,healthy,1789.0,78.46589441288447,78.73921503260404,614.5594244752773,1514.8348890661446,66.56610915229642,29.55375028845007,6.088967300323676,0.2566355200267674,12.82127886244099,19.754479174658183,0.7378013349442125,3000.0,-4.5,0.45,none,0.0,
endurance,14,healthy,1790.0,78.46589441288444,77.34721662415589,614.5434288042807,1524.2414224558195,66.95023730595557,30.946271848103365,6.088967300323676,0.24096945980966245,12.902166982033911,19.97376077032838,0.7378013349442125,3000.0,-4.5,0.45,none,0.0,
endurance,14,healthy,1791.0,78.46589441288441,78.82983804050824,613.4819910296839,1512.3577437893716,66.05732676807341,30.66375488002259,6.088967300323676,0.1567691256329791,12.904299329702473,19.8846693413395,0.7378013349442127,3000.0,-4.5,0.45,none,0.0,
endurance,14,healthy,1792.0,78.46589441288438,78.81218079745828,609.3868435093445,1524.9290084236231,65.77967543686422,30.745924232870802,6.088967300323676,0.21739243950807624,12.862416827922008,19.947427704231917,0.737801334944213,3000.0,-4.5,0.45,none,0.0,
endurance,14,healthy,1793.0,78.46589441288435,79.12521920684345,614.208683989805,1529.9483350384003,66.16341609079763,31.293179723997024,6.088967300323676,0.18792788104483812,12.927097069103388,20.129704274779442,0.7378013349442132,3000.0,-4.5,0.45,none,0.0,
endurance,14,healthy,1794.0,78.46589441288432,79.08702283594369,612.8928557170675,1514.2680945885047,66.62499074187859,30.790596186287505,6.088967300323676,0.13660725195590345,12.973056775976668,19.985050944891086,0.7378013349442134,3000.0,-4.5,0.45,none,0.0,
endurance,14,healthy,1795.0,78.4658944128843,78.12029745688594,614.15060564092,1526.6969159772148,66.12112933908398,30.743402679626076,6.088967300323676,0.12377375029432564,13.042236005300866,20.049646633216035,0.7378013349442134,3000.0,-4.5,0.45,none,0.0,
endurance,14,healthy,1796.0,78.46589441288427,78.37953689646851,609.8948313658593,1522.2592252033342,65.38676204251492,30.480784065703997,6.088967300323676,0.08137723083144462,12.936107338385877,20.009841990766958,0.7378013349442136,3000.0,-4.5,0.45,none,0.0,
endurance,14,healthy,1797.0,78.46589441288424,78.02977069633214,610.7191452276122,1521.983953419959,65.42099641576122,29.919117200898125,6.088967300323676,0.19928257932094098,12.914549364080905,20.150879603191804,0.7378013349442138,3000.0,-4.5,0.45,none,0.0,
endurance,14,healthy,1798.0,78.46589441288423,78.0610338397745,610.613160051515,1515.4613154566666,66.81543716023334,31.623208496271612,6.088967300323676,0.23028902019154007,13.026064011678441,20.195010783700088,0.7378013349442138,3000.0,-4.5,0.45,none,0.0,
endurance,14,healthy,1799.0,78.46589441288421,79.17022217150779,609.9984478953354,1515.2533413527317,65.65102204111432,30.5962133332096,6.088967300323676,0.1780412972280183,12.835405929833396,19.800067698791278,0.7378013349442141,3000.0,-4.5,0.45,none,0.0,
endurance,14,healthy,1800.0,78.4658944128842,78.60330876325898,614.1614477856059,1522.6049312856742,65.64612222977375,31.51966551482886,6.088967300323676,0.19320631745779135,12.943723247344472,20.117455793330574,0.7378013349442141,3000.0,-4.5,0.45,none,0.0,
endurance,14,healthy,1801.0,78.46589441288418,78.58934207912414,610.4236891543435,1518.7014527855051,66.66140608285973,29.77746555572029,6.088967300323676,0.18756633141237056,12.95196819875769,19.94848944345074,0.7378013349442141,3000.0,-4.5,0.45,none,0.0,
endurance,14,healthy,1802.0,78.46589441288417,78.6879469785926,619.5019748593211,1519.8034732918304,65.98549512713728,31.471920467157954,6.088967300323676,0.1680289046887357,12.821995492458433,20.001322117233666,0.7378013349442142,3000.0,-4.5,0.45,none,0.0,
endurance,14,healthy,1803.0,78.46589441288415,78.3283905124379,613.0340743400778,1517.2036147144756,66.21398995160531,30.430537500223164,6.088967300323676,0.14765191081198578,12.880046895533678,19.962403636984938,0.7378013349442144,3000.0,-4.5,0.45,none,0.0,
endurance,14,healthy,1804.0,78.46589441288414,78.34862098547194,615.8018829031291,1515.0773386308217,66.38709733780226,29.694934447972244,6.088967300323676,0.1375489832450551,12.932370487429825,20.04831914182183,0.7378013349442145,3000.0,-4.5,0.45,none,0.0,
endurance,14,healthy,1805.0,78.46589441288413,78.45150877546385,603.5032848227156,1530.0531996996883,66.35243866236982,30.032201814655803,6.088967300323676,0.15009092003158628,12.86220376128492,20.19029030193436,0.7378013349442145,3000.0,-4.5,0.45,none,0.0,
endurance,14,healthy,1806.0,78.46589441288411,78.81563257464033,612.876827626646,1508.0275785015344,66.967215697468,29.778757504624817,6.088967300323676,0.16666983503422617,12.9064908265576,19.767105187055467,0.7378013349442146,3000.0,-4.5,0.45,none,0.0,
endurance,14,healthy,1807.0,78.4658944128841,77.52625517154692,615.381289749956,1525.442243795114,66.74098318613147,31.184028286267708,6.088967300323676,0.2662545946228868,12.988842504877907,20.0735001976386,0.7378013349442147,3000.0,-4.5,0.45,none,0.0,
endurance,14,healthy,1808.0,78.46589441288408,77.65650324410252,606.850948490358,1523.9211114933566,65.45404083768227,31.056174021110447,6.088967300323676,0.14747925768870307,12.931356259388403,20.257278596937525,0.7378013349442147,3000.0,-4.5,0.45,none,0.0,
endurance,14,healthy,1809.0,78.46589441288407,79.04707942477067,609.9368380882656,1519.0985990355803,66.57908965772947,31.067894078907422,6.088967300323676,0.16732506537507713,12.883981799218779,20.071999289802488,0.7378013349442147,3000.0,-4.5,0.45,none,0.0,
endurance,14,healthy,1810.0,78.46589441288405,79.38110177667878,614.8636323694899,1517.6097684950344,66.12765634149685,31.00020248320768,6.088967300323676,0.17201492797445472,12.861239947889604,19.702611210837688,0.737801334944215,3000.0,-4.5,0.45,none,0.0,
endurance,14,healthy,1811.0,78.46589441288404,77.84963450428219,612.054208726597,1519.6824661442388,66.25405857130491,29.53036313041943,6.088967300323676,0.25164953242676413,12.985112555682647,19.718125336772836,0.737801334944215,3000.0,-4.5,0.45,none,0.0,
endurance,14,healthy,1812.0,78.46589441288403,79.01905129010376,615.3228637905873,1511.3034406505444,66.06770743347269,30.2232501120098,6.088967300323676,0.17564353615822997,12.949312741299314,19.972963882701446,0.7378013349442152,3000.0,-4.5,0.45,none,0.0,
endurance,14,healthy,1813.0,78.46589441288401,79.5106231790282,608.0903459327769,1515.6762938532577,65.24204031826864,29.9821897875802,6.088967300323676,0.17738151583944145,12.957648158541463,19.95475958045232,0.7378013349442152,3000.0,-4.5,0.45,none,0.0,
endurance,14,healthy,1814.0,78.465894412884,78.02437383458125,608.9599459462884,1515.9899262261877,66.62876851679061,30.58725936058124,6.088967300323676,0.26000908574407877,12.949794836152389,19.659498366419285,0.7378013349442152,3000.0,-4.5,0.45,none,0.0,
endurance,14,healthy,1815.0,78.46589441288398,78.5596032462944,607.6611283537799,1521.075686105447,65.85153614698449,29.473509775684217,6.088967300323676,0.18080571837281623,12.842440662412482,20.085567618790282,0.7378013349442154,3000.0,-4.5,0.45,none,0.0,
endurance,14,healthy,1816.0,78.46589441288397,78.63710456939314,612.2800340912545,1515.1075750972045,66.52647211730061,30.0471061617689,6.088967300323676,0.2242744910940835,12.876847830342932,20.456387033422747,0.7378013349442155,3000.0,-4.5,0.45,none,0.0,
endurance,14,healthy,1817.0,78.46589441288396,78.86720543209893,611.4989951127179,1522.442482319333,66.39326020192422,30.198817718394253,6.088967300323676,0.17692891743343148,12.944120302975277,20.08707659373346,0.7378013349442156,3000.0,-4.5,0.45,none,0.0,
endurance,14,healthy,1818.0,78.46589441288394,78.34176186566467,611.7505221690692,1519.8865533978244,67.02850963755638,30.286884193126934,6.088967300323676,0.13409516091527696,12.919314535050002,19.99532964271686,0.7378013349442156,3000.0,-4.5,0.45,none,0.0,
endurance,14,healthy,1819.0,78.46589441288393,78.64740108079255,615.9138165163685,1512.534839139483,65.42016978963191,29.805720461616083,6.088967300323676,0.22516158119605584,12.893647564660526,19.888484006224534,0.7378013349442157,3000.0,-4.5,0.45,none,0.0,
endurance,14,healthy,1820.0,78.46589441288391,78.65377425112865,615.2011660361013,1504.1574181762608,66.44216801739009,30.189102731747052,6.088967300323676,0.15623935851395138,12.869084107394361,20.02566044825602,0.7378013349442158,3000.0,-4.5,0.45,none,0.0,
endurance,14,healthy,1821.0,78.4658944128839,78.99094005226588,614.8410513375775,1523.873302037679,66.5475358305085,30.91536888789869,6.088967300323676,0.11643507324074334,12.938393175320059,20.09499305588765,0.7378013349442158,3000.0,-4.5,0.45,none,0.0,
endurance,14,healthy,1822.0,78.46589441288388,78.33928355049002,612.1229481421428,1525.1320172038759,67.23211150977319,30.4188023183757,6.088967300323676,0.30477529496523353,12.9010323000344,19.649230151266924,0.7378013349442161,3000.0,-4.5,0.45,none,0.0,
endurance,14,healthy,1823.0,78.46589441288387,78.39801394924189,614.1168042340458,1522.6203567298983,66.0381027176962,30.488683984421083,6.088967300323676,0.2629969286943825,12.928901269781896,19.95794640303341,0.7378013349442161,3000.0,-4.5,0.45,none,0.0,
endurance,14,healthy,1824.0,78.46589441288386,78.54634447943498,615.5893153556693,1512.749343606774,65.8744976806818,30.922775617751835,6.088967300323676,0.22750857573290942,12.913383004803533,19.912108154385905,0.7378013349442162,3000.0,-4.5,0.45,none,0.0,
endurance,14,healthy,1825.0,78.46589441288384,78.80557239268794,612.0257760518655,1524.5295397960374,65.68205414536378,30.286480469161045,6.088967300323676,0.19262896869482632,13.011557779357119,19.98040673581359,0.7378013349442163,3000.0,-4.5,0.45,none,0.0,
endurance,14,healthy,1826.0,78.46589441288383,77.47693849060717,610.9781120987997,1524.425600909245,67.58324184273552,30.420633990347795,6.088967300323676,0.21764709121052972,12.930387916053894,19.960697386476998,0.7378013349442163,3000.0,-4.5,0.45,none,0.0,
endurance,14,healthy,1827.0,78.46589441288381,78.46753168364965,613.232630818735,1521.1297186140478,65.99249928753697,29.909146582593475,6.088967300323676,0.13973743412197887,12.974860986177196,20.049904641698916,0.7378013349442165,3000.0,-4.5,0.45,none,0.0,
endurance,14,healthy,1828.0,78.4658944128838,78.6679678969938,615.0960630129371,1523.4755666297756,65.84441995493492,30.386223665730128,6.088967300323676,0.1706917239299794,12.943428638358233,20.237046372610745,0.7378013349442165,3000.0,-4.5,0.45,none,0.0,
endurance,14,healthy,1829.0,78.46589441288378,78.31461114943002,611.8457721948774,1515.875783777727,66.712672532126,30.33792379428965,6.088967300323676,0.20624631426070486,12.909344410949943,19.979199474130734,0.7378013349442166,3000.0,-4.5,0.45,none,0.0,
endurance,14,healthy,1830.0,78.46589441288377,78.48237675514007,611.4736333422665,1519.332144347483,66.1172350585676,30.558234041750925,6.088967300323676,0.28172526946677123,12.919423807647542,20.02305391507802,0.7378013349442167,3000.0,-4.5,0.45,none,0.0,
endurance,14,healthy,1831.0,78.46589441288376,77.34577349368527,613.4811312465264,1519.3315594027144,65.63885241620156,29.53314699124615,6.088967300323676,0.2403015340909872,12.920393355681803,19.648222604974134,0.7378013349442167,3000.0,-4.5,0.45,none,0.0,
endurance,14,healthy,1832.0,78.46589441288374,78.14973244759913,618.7499504195863,1514.2813126616686,66.21825732657413,29.77444164095916,6.088967300323676,0.22080861758188114,12.955200010770007,20.56256329232391,0.7378013349442168,3000.0,-4.5,0.45,none,0.0,
endurance,14,healthy,1833.0,78.46589441288373,78.15166209469379,608.2810009598786,1515.1295103458692,65.80009980361916,31.10859828396587,6.088967300323676,0.12618958643829148,12.919915769513024,20.079500853899848,0.737801334944217,3000.0,-4.5,0.45,none,0.0,
endurance,14,healthy,1834.0,78.46589441288371,79.6704039157502,614.6519878984866,1515.9540492400097,66.04636725067019,30.58121356635072,6.088967300323676,0.15390076355189725,12.907870364935183,19.97910101636118,0.7378013349442171,3000.0,-4.5,0.45,none,0.0,
endurance,14,healthy,1835.0,78.4658944128837,78.18679727282819,615.4087487373499,1521.8331536853784,66.40201068526807,30.670758819456637,6.088967300323676,0.22977679381712987,12.873697869208888,20.430976633518423,0.7378013349442172,3000.0,-4.5,0.45,none,0.0,
endurance,14,healthy,1836.0,78.46589441288369,78.42883609290577,616.9985050300531,1519.659310663665,65.5750882247196,30.85800232773185,6.088967300323676,0.26547219002043837,12.897285396591462,20.291990562228577,0.7378013349442172,3000.0,-4.5,0.45,none,0.0,
endurance,14,healthy,1837.0,78.46589441288367,79.0340689329503,618.176220688063,1511.0674467934125,66.76135937310276,30.41465688820705,6.088967300323676,0.152009912630666,12.873255794639233,20.29816286932128,0.7378013349442173,3000.0,-4.5,0.45,none,0.0,
endurance,14,healthy,1838.0,78.46589441288367,78.37332654447528,612.8099145901815,1514.2618131746065,66.52183442584654,29.86496998560319,6.088967300323676,0.2237902534564159,12.945671461757046,19.68253801812393,0.7378013349442173,3000.0,-4.5,0.45,none,0.0,
endurance,14,healthy,1839.0,78.46589441288367,78.55279154005916,611.0901856820894,1519.9163075767788,65.94394799038182,30.120829318904967,6.088967300323676,0.21584800581745767,12.936798205009708,20.272121083812507,0.7378013349442173,3000.0,-4.5,0.45,none,0.0,
endurance,14,healthy,1840.0,78.46589441288367,79.04326345507708,616.0839684571125,1515.9315508997404,66.08279307499191,30.139213710542805,6.088967300323676,0.31053613302922994,12.891419209056556,19.971013578049078,0.7378013349442173,3000.0,-4.5,0.45,none,0.0,
endurance,14,healthy,1841.0,78.46589441288367,78.03125749713581,611.2171803521751,1519.158512430225,66.02311717803605,29.94416791080716,6.088967300323676,0.22329026373679925,12.9210910490523,19.777520735287112,0.7378013349442173,3000.0,-4.5,0.45,none,0.0,
endurance,14,healthy,1842.0,78.46589441288367,77.28921836346684,612.3700064677205,1518.0133734056224,66.30576225441334,30.26533932997699,6.088967300323676,0.0842521125370046,12.9352338885788,19.86721542675153,0.7378013349442173,3000.0,-4.5,0.45,none,0.0,
endurance,14,healthy,1843.0,78.46589441288367,78.46931430906238,613.0577508326833,1522.381300333482,66.56139987439212,30.520473090930686,6.088967300323676,0.3383173977841118,13.011764089494894,20.136852933926967,0.7378013349442173,3000.0,-4.5,0.45,none,0.0,
endurance,14,healthy,1844.0,78.46589441288367,78.92819038451528,611.8758857698394,1513.1309342854765,66.38571770671345,30.892282635189446,6.088967300323676,0.1810330870745024,12.960360765917684,20.440172432584603,0.7378013349442173,3000.0,-4.5,0.45,none,0.0,
endurance,14,healthy,1845.0,78.46589441288367,77.4742489159474,614.9783881879991,1519.0580733467666,66.44671877536867,30.705512597494454,6.088967300323676,0.19313795121470917,12.95369031140003,19.847846685073137,0.7378013349442173,3000.0,-4.5,0.45,none,0.0,
endurance,14,healthy,1846.0,78.46589441288367,79.18383018385975,611.6068951399808,1514.4031086244047,66.49467428915582,29.81339464501132,6.088967300323676,0.26251998620187117,12.950031576955476,19.92189479381024,0.7378013349442173,3000.0,-4.5,0.45,none,0.0,
endurance,14,healthy,1847.0,78.46589441288367,79.52938482210402,613.959348847656,1516.8672618310688,65.98686217667043,30.674551905442204,6.088967300323676,0.1792568907573372,12.958776935735326,19.95275657447531,0.7378013349442173,3000.0,-4.5,0.45,none,0.0,
endurance,14,healthy,1848.0,78.46589441288367,79.45801339775234,619.4641327827949,1527.6250876711886,66.34501786198535,30.898795641530203,6.088967300323676,0.30884546501900934,12.839710676503817,20.027278569890342,0.7378013349442173,3000.0,-4.5,0.45,none,0.0,
endurance,14,healthy,1849.0,78.46589441288367,78.16552076358381,614.1500933253395,1517.6262992544462,65.73341929094607,30.87004602830983,6.088967300323676,0.11084304614073573,12.961988105194392,20.48144799176544,0.7378013349442173,3000.0,-4.5,0.45,none,0.0,
endurance,14,healthy,1850.0,78.46589441288367,78.38785319872215,616.8959241302787,1523.053676870602,66.48696106163756,30.73023840251561,6.088967300323676,0.24384189018709854,13.00682885126228,19.97307749829682,0.7378013349442173,3000.0,-4.5,0.45,none,0.0,
endurance,14,healthy,1851.0,78.46589441288367,78.71311078900067,612.5533447247515,1519.9694277216672,65.78030937757191,30.404473894075142,6.088967300323676,0.1672614470739769,12.844069671392207,19.791591195459343,0.7378013349442173,3000.0,-4.5,0.45,none,0.0,
endurance,14,healthy,1852.0,78.46589441288367,78.59465921442711,612.3607822416051,1518.4971967396543,66.41276236446245,31.07406399113491,6.088967300323676,0.19150359133572747,12.978783540063555,20.09565383223081,0.7378013349442173,3000.0,-4.5,0.45,none,0.0,
endurance,14,healthy,1853.0,78.46589441288367,79.16784195095347,614.9913422167025,1516.5196559864964,65.3849044960455,30.599308179314303,6.088967300323676,0.17332181754269818,12.954990881851568,19.78765517112751,0.7378013349442173,3000.0,-4.5,0.45,none,0.0,
endurance,14,healthy,1854.0,78.46589441288367,78.40153295715336,613.3779229315863,1526.2424477254265,66.11570438282618,30.613641864681853,6.088967300323676,0.20384219310612003,12.825508653936302,19.983131892709512,0.7378013349442173,3000.0,-4.5,0.45,none,0.0,
endurance,14,healthy,1855.0,78.46589441288367,78.41023209081655,610.5759475137182,1526.3862051197636,65.67075711921501,29.90136403479758,6.088967300323676,0.15377509333869946,12.960782105433614,19.754025584588263,0.7378013349442173,3000.0,-4.5,0.45,none,0.0,
endurance,14,healthy,1856.0,78.46589441288367,79.02687659505766,615.9431838358912,1519.0076073103269,65.35324224912675,30.576334855530167,6.088967300323676,0.2400756805817389,12.977771674480088,19.861460340244562,0.7378013349442173,3000.0,-4.5,0.45,none,0.0,
endurance,14,healthy,1857.0,78.46589441288367,78.03052007019824,617.064092807104,1522.1755381881153,66.46504094706552,30.830033374497493,6.088967300323676,0.23206839510082392,12.917658975867386,20.07090909797389,0.7378013349442173,3000.0,-4.5,0.45,none,0.0,
endurance,14,healthy,1858.0,78.46589441288367,78.74671312676787,613.5758770865474,1523.535053203592,65.76566379621964,30.437938572950895,6.088967300323676,0.14310076634399468,12.973931804255633,19.892545605066672,0.7378013349442173,3000.0,-4.5,0.45,none,0.0,
endurance,14,healthy,1859.0,78.46589441288367,78.59318543088636,613.7512396341158,1519.8133367305832,65.85570771546396,29.84150677789856,6.088967300323676,0.21142858603714748,12.87635865029683,19.697026150752144,0.7378013349442173,3000.0,-4.5,0.45,none,0.0,
endurance,14,healthy,1860.0,78.46589441288367,78.02547155539153,609.7849289436168,1511.2990007550961,66.24339559750464,30.876497846102787,6.088967300323676,0.21714192037755908,12.909530183119088,20.17780214088924,0.7378013349442173,3000.0,-4.5,0.45,none,0.0,
endurance,14,healthy,1861.0,78.46589441288367,78.80559079433577,614.7870734025099,1519.1694615956324,66.47203895263426,29.985514473807804,6.088967300323676,0.14263359047952193,13.002366643858059,20.059748037372668,0.7378013349442173,3000.0,-4.5,0.45,none,0.0,
endurance,14,healthy,1862.0,78.46589441288367,78.40759171506889,615.4451992241834,1515.9126505267416,65.3809102111672,30.345936677091448,6.088967300323676,0.17815657299376728,12.930708583763709,20.15448115130445,0.7378013349442173,3000.0,-4.5,0.45,none,0.0,
endurance,14,healthy,1863.0,78.46589441288367,78.29114130040278,610.548624516621,1520.986396193358,66.00068709373407,31.028372393871354,6.088967300323676,0.2833524935807,12.897143288092494,20.222230360187805,0.7378013349442173,3000.0,-4.5,0.45,none,0.0,
endurance,14,healthy,1864.0,78.46589441288367,78.00325540540771,610.3186718130843,1517.8378402602202,66.57020839496694,30.095970820454955,6.088967300323676,0.20820496324156793,12.933988621840838,20.239477290626,0.7378013349442173,3000.0,-4.5,0.45,none,0.0,
endurance,14,healthy,1865.0,78.46589441288367,78.6146364980056,609.087483322043,1521.5784205616276,66.3830838818056,29.550844049690717,6.088967300323676,0.1594008865531687,12.96722685224303,19.76770639497817,0.7378013349442173,3000.0,-4.5,0.45,none,0.0,
endurance,14,healthy,1866.0,78.46589441288367,79.06915858735445,609.2030683177106,1517.0175452543353,66.31423188691895,31.317188976994437,6.088967300323676,0.15358288772401515,12.821427392804802,20.07090837029769,0.7378013349442173,3000.0,-4.5,0.45,none,0.0,
endurance,14,healthy,1867.0,78.46589441288367,78.54417871154443,617.9937277625106,1508.5673477937319,66.65547501672862,30.5907067138233,6.088967300323676,0.15951610356289325,12.868971189145263,20.314764325227056,0.7378013349442173,3000.0,-4.5,0.45,none,0.0,
endurance,14,healthy,1868.0,78.46589441288367,78.49830528118893,612.8094170779945,1518.1956673576467,65.95801455493586,30.501395920163976,6.088967300323676,0.24263244750077925,12.999610859739406,20.40801164466909,0.7378013349442173,3000.0,-4.5,0.45,none,0.0,
endurance,14,healthy,1869.0,78.46589441288367,77.98703235901728,615.4823205938133,1519.9679704788136,65.62079782256333,30.651575322382644,6.088967300323676,0.24298838155891184,12.837717194908073,19.89134892160936,0.7378013349442173,3000.0,-4.5,0.45,none,0.0,
endurance,14,healthy,1870.0,78.46589441288367,78.58197418040409,611.7559141787176,1527.9539119807246,67.30972703230901,30.279982507324423,6.088967300323676,0.22279303098212994,12.941842989885325,20.366436549613738,0.7378013349442173,3000.0,-4.5,0.45,none,0.0,
endurance,14,healthy,1871.0,78.46589441288367,78.50133152239279,614.8523212634224,1526.6674388720023,66.36058978276073,30.834124292509333,6.088967300323676,0.18187186963645327,12.861011939963849,19.9508651201403,0.7378013349442173,3000.0,-4.5,0.45,none,0.0,
endurance,14,healthy,1872.0,78.46589441288367,77.98494658139187,620.4148636807863,1508.8177475754048,65.34488186518158,30.787313858058994,6.088967300323676,0.16606237450466899,12.925608565994677,20.172327006880824,0.7378013349442173,3000.0,-4.5,0.45,none,0.0,
endurance,14,healthy,1873.0,78.46589441288367,78.15899117653484,615.4849402515807,1522.1303758329525,67.18864103796938,29.461249675336965,6.088967300323676,0.15449368796385013,12.910656972834841,20.180238121032513,0.7378013349442173,3000.0,-4.5,0.45,none,0.0,
endurance,14,healthy,1874.0,78.46589441288367,78.97316453579671,608.4391008000457,1523.1931729110263,66.93934412701917,30.700335138815024,6.088967300323676,0.07267259877375526,12.925265209732453,19.857246374383827,0.7378013349442173,3000.0,-4.5,0.45,none,0.0,
endurance,14,healthy,1875.0,78.46589441288367,78.10489804265706,616.2428701844213,1515.7731259215066,66.78905753129881,30.33851690105464,6.088967300323676,0.17631642488873303,13.008736399403139,20.21048301758595,0.7378013349442173,3000.0,-4.5,0.45,none,0.0,
endurance,14,healthy,1876.0,78.46589441288367,78.48193337954697,611.0985017608996,1516.1237078528272,66.90970285213841,30.90720775034651,6.088967300323676,0.1946517373054697,12.990043698696503,20.015753231405565,0.7378013349442173,3000.0,-4.5,0.45,none,0.0,
endurance,14,healthy,1877.0,78.46589441288367,78.28600679554526,605.7821881120972,1515.2598728711746,64.78952238729268,30.111913850077272,6.088967300323676,0.21265151555126421,12.940261796316186,20.00217977030565,0.7378013349442173,3000.0,-4.5,0.45,none,0.0,
endurance,14,healthy,1878.0,78.46589441288367,79.09827371981501,608.6635561872047,1532.1752966253068,65.91874751916312,30.89584559262984,6.088967300323676,0.14648323717036743,12.954357128353653,20.155685817144715,0.7378013349442173,3000.0,-4.5,0.45,none,0.0,
endurance,14,healthy,1879.0,78.46589441288367,78.03244643120958,616.229494292154,1520.3515040536895,66.09922191073157,31.227838728528386,6.088967300323676,0.19453227021644298,12.93616290992779,19.681100765701167,0.7378013349442173,3000.0,-4.5,0.45,none,0.0,
endurance,14,healthy,1880.0,78.46589441288367,78.21207292361132,611.6010567520597,1515.7637190905996,66.42296065265457,29.976608753549947,6.088967300323676,0.22597699986550493,12.950585969931094,19.717557285999344,0.7378013349442173,3000.0,-4.5,0.45,none,0.0,
endurance,14,healthy,1881.0,78.46589441288367,78.51728992110495,617.1017042976875,1519.4365463325755,66.76296904003159,29.801819129529306,6.088967300323676,0.20457645966085197,12.995121628287936,19.867692924431747,0.7378013349442173,3000.0,-4.5,0.45,none,0.0,
endurance,14,healthy,1882.0,78.46589441288367,78.34506564705127,611.2949836861935,1519.7719610354202,66.45024420092773,30.851839592427904,6.088967300323676,0.17456931521986865,12.990571200177806,20.050200061699098,0.7378013349442173,3000.0,-4.5,0.45,none,0.0,
endurance,14,healthy,1883.0,78.46589441288367,77.53894387319464,609.4576401257582,1522.2627305344997,66.66602761123967,30.437339363003993,6.088967300323676,0.14845696105292933,12.910749354040027,19.7107965436798,0.7378013349442173,3000.0,-4.5,0.45,none,0.0,
endurance,14,healthy,1884.0,78.46589441288367,78.43069825670919,610.7307911592202,1515.5610972245593,65.47479348476637,30.241137395100775,6.088967300323676,0.1275308740809604,12.94350322318331,19.871965561573646,0.7378013349442173,3000.0,-4.5,0.45,none,0.0,
endurance,14,healthy,1885.0,78.46589441288367,78.11527056350245,612.4038774420472,1516.8609599393146,66.55300192823857,30.308855375436384,6.088967300323676,0.1681571788079222,12.873287161383967,20.25534188656362,0.7378013349442173,3000.0,-4.5,0.45,none,0.0,
endurance,14,healthy,1886.0,78.46589441288367,78.82513236453062,614.7603704996619,1514.8172156579544,66.40749787488505,30.416130175463763,6.088967300323676,0.15513236536726016,12.907172064100125,19.590880546062312,0.7378013349442173,3000.0,-4.5,0.45,none,0.0,
endurance,14,healthy,1887.0,78.46589441288367,78.16378861106139,611.2713334009533,1518.8278538364182,66.60997697624644,29.06002381304056,6.088967300323676,0.23676067831729614,12.907923876395937,19.955283446312176,0.7378013349442173,3000.0,-4.5,0.45,none,0.0,
endurance,14,healthy,1888.0,78.46589441288367,78.45826418291969,617.0251314145436,1513.8110558518376,66.301380612706,30.320386343646827,6.088967300323676,0.24911926651725816,12.87743602041838,19.791448032952193,0.7378013349442173,3000.0,-4.5,0.45,none,0.0,
endurance,14,healthy,1889.0,78.46589441288367,78.18557685579289,615.3305635090521,1517.2703681063695,66.35878592944232,30.555251725589372,6.088967300323676,0.23347529794275534,12.92643706623026,20.0550402711873,0.7378013349442173,3000.0,-4.5,0.45,none,0.0,
endurance,14,healthy,1890.0,78.46589441288367,78.82315709520772,610.1401388214598,1519.435996710793,66.54827346572829,30.226382750075434,6.088967300323676,0.18893388214373544,12.819246281140568,19.939618968790143,0.7378013349442173,3000.0,-4.5,0.45,none,0.0,
endurance,14,healthy,1891.0,78.46589441288367,78.90510026322785,608.7462291409754,1521.0700040445186,66.82758220499662,29.900586430185058,6.088967300323676,0.22430328041594325,13.039001261494633,20.06893411328168,0.7378013349442173,3000.0,-4.5,0.45,none,0.0,
endurance,14,healthy,1892.0,78.46589441288367,78.35657582333837,614.05379563502,1512.1969629142682,65.7896707107287,30.39363724080218,6.088967300323676,0.24141268613609715,12.938162922487317,20.204705642733725,0.7378013349442173,3000.0,-4.5,0.45,none,0.0,
endurance,14,healthy,1893.0,78.46589441288367,78.45429855970376,611.6660073246812,1522.3298776102224,66.02309683416736,30.90997260078621,6.088967300323676,0.25707436088776003,12.98286711948197,19.94622955344493,0.7378013349442173,3000.0,-4.5,0.45,none,0.0,
endurance,14,healthy,1894.0,78.46589441288367,78.55645355384907,612.1100030993899,1516.0424608458536,66.31077035694031,31.198275320592106,6.088967300323676,0.12411339000285516,12.920341096349349,19.72470521045103,0.7378013349442173,3000.0,-4.5,0.45,none,0.0,
endurance,14,healthy,1895.0,78.46589441288367,78.52278362768307,609.3024748144884,1524.93569685353,66.09489842873452,31.08906158013767,6.088967300323676,0.17938585891242503,12.98896870561023,19.763513584984366,0.7378013349442173,3000.0,-4.5,0.45,none,0.0,
endurance,14,healthy,1896.0,78.46589441288367,78.53632807683081,616.9238475611107,1511.6736029270521,66.53412760282059,30.61625699798808,6.088967300323676,0.32132090466979735,12.951484055949322,19.71891333675913,0.7378013349442173,3000.0,-4.5,0.45,none,0.0,
endurance,14,healthy,1897.0,78.46589441288367,78.69995511042633,612.4774527043664,1514.5160766188226,65.7187351426468,31.321471826012555,6.088967300323676,0.10485491002089242,12.889649869201504,20.130514317887293,0.7378013349442173,3000.0,-4.5,0.45,none,0.0,
endurance,14,healthy,1898.0,78.46589441288367,78.47220819016145,608.3587107371117,1520.9929176192954,65.76509363563027,31.0677667128834,6.088967300323676,0.2050545641160773,12.880026603265023,20.040795712723373,0.7378013349442173,3000.0,-4.5,0.45,none,0.0,
endurance,14,healthy,1899.0,78.46589441288367,78.6946576450836,610.5981332618511,1517.8138615637008,66.62859058285733,30.79022702632942,6.088967300323676,0.15216914373836826,12.964206941135632,19.879504999638094,0.7378013349442173,3000.0,-4.5,0.45,none,0.0,
endurance,14,healthy,1900.0,78.46589441288367,78.73722294235372,619.364431928248,1520.1647031462144,66.4154992298043,30.16863044111099,6.088967300323676,0.18407443814120394,12.90715156536056,20.115247448459844,0.7378013349442173,3000.0,-4.5,0.45,none,0.0,
endurance,14,healthy,1901.0,78.46589441288367,78.2358436354418,617.0428526961274,1526.161280233739,65.4852213578511,30.663819553024126,6.088967300323676,0.20103272643257902,12.967299986823619,20.17683296965103,0.7378013349442173,3000.0,-4.5,0.45,none,0.0,
endurance,14,healthy,1902.0,78.46589441288367,78.65063988260489,608.8067272206747,1526.4622255884512,65.88841898913692,30.04783428585594,6.088967300323676,0.1641217204163562,12.891167229420368,20.16379907919043,0.7378013349442173,3000.0,-4.5,0.45,none,0.0,
endurance,14,healthy,1903.0,78.46589441288367,78.0055981029651,621.5248532466888,1524.1042576687282,65.98467266814818,30.761700920457006,6.088967300323676,0.2642218220579391,12.879215290855813,19.967074396819946,0.7378013349442173,3000.0,-4.5,0.45,none,0.0,
endurance,14,healthy,1904.0,78.46589441288367,78.24053644692019,613.7479970322123,1523.3246936189332,65.78218723155233,30.608082929919245,6.088967300323676,0.18884870189518577,12.910934313420114,19.702406300583153,0.7378013349442173,3000.0,-4.5,0.45,none,0.0,
endurance,14,healthy,1905.0,78.46589441288367,77.6201306361591,615.6562788067741,1512.1982140204113,66.93134975511917,30.154179359990458,6.088967300323676,0.26846181080119985,12.91894872000141,19.893253254749627,0.7378013349442173,3000.0,-4.5,0.45,none,0.0,
endurance,14,healthy,1906.0,78.46589441288367,78.45030063313946,613.8538044611022,1518.945376073396,66.55581695154963,30.770320708323652,6.088967300323676,0.15724660662580034,12.902101570301143,20.171533177878835,0.7378013349442173,3000.0,-4.5,0.45,none,0.0,
endurance,14,healthy,1907.0,78.46589441288367,78.07128904110967,608.4227745162791,1517.5347711864165,66.7541133060015,30.418242524523123,6.088967300323676,0.17027068914006493,12.88912000471436,19.974256984487045,0.7378013349442173,3000.0,-4.5,0.45,none,0.0,
endurance,14,healthy,1908.0,78.46589441288367,78.23432364361247,613.1441847488537,1523.0057592930727,65.76131693889528,31.17880122613899,6.088967300323676,0.15853932415209326,12.912099216236959,20.340985036605282,0.7378013349442173,3000.0,-4.5,0.45,none,0.0,
endurance,14,healthy,1909.0,78.46589441288367,78.416012395553,614.1083657502958,1512.6705783278426,66.07550069875501,30.775164667536757,6.088967300323676,0.16469947035482668,12.88008464261962,19.82139958859166,0.7378013349442173,3000.0,-4.5,0.45,none,0.0,
endurance,14,healthy,1910.0,78.46589441288367,78.15470072302986,609.988203863655,1521.8815936422293,66.54463185624068,30.570639777287457,6.088967300323676,0.16345103309962872,12.92965063316488,20.051855206347305,0.7378013349442173,3000.0,-4.5,0.45,none,0.0,
endurance,14,healthy,1911.0,78.46589441288367,78.69451623536168,612.0593340055163,1528.2561172115031,66.35598213243486,29.45286628949042,6.088967300323676,0.16886751590699486,12.916762958133297,20.198723263062963,0.7378013349442173,3000.0,-4.5,0.45,none,0.0,
endurance,14,healthy,1912.0,78.46589441288367,78.12068903364786,614.4977724249608,1518.3247526479524,66.10136528137983,29.19741646765281,6.088967300323676,0.17927372662174376,12.954166916824144,19.904987658722472,0.7378013349442173,3000.0,-4.5,0.45,none,0.0,
endurance,14,healthy,1913.0,78.46589441288367,78.2896831528868,616.2574754894027,1520.2123526759965,66.11187848258432,29.57820477336563,6.088967300323676,0.14328378567729871,12.833417383141924,20.22251681965701,0.7378013349442173,3000.0,-4.5,0.45,none,0.0,
endurance,14,healthy,1914.0,78.46589441288367,77.80713322011307,610.555118318427,1525.763004239833,66.50354043901582,30.16973868649547,6.088967300323676,0.17835798389946522,13.028064541652602,19.92727408896237,0.7378013349442173,3000.0,-4.5,0.45,none,0.0,
endurance,14,healthy,1915.0,78.46589441288367,78.5081710484652,613.997222962401,1509.1950164346729,66.21199719762275,30.371844240288567,6.088967300323676,0.15280851956581143,12.856165033830617,20.25354264507538,0.7378013349442173,3000.0,-4.5,0.45,none,0.0,
endurance,14,healthy,1916.0,78.46589441288367,79.09069951471572,608.3312799381346,1515.7911695846592,66.84496337889236,30.018752587947233,6.088967300323676,0.21440809776234504,12.835476790633834,20.298753465704245,0.7378013349442173,3000.0,-4.5,0.45,none,0.0,
endurance,14,healthy,1917.0,78.46589441288367,78.49780311886269,610.8667899170634,1512.9517423795803,65.76370792716193,30.26964364780112,6.088967300323676,0.17116266357696644,12.88557914102265,20.20762874107773,0.7378013349442173,3000.0,-4.5,0.45,none,0.0,
endurance,14,healthy,1918.0,78.46589441288367,78.15436033259134,612.8703571304076,1521.5568324762362,67.5117862111109,31.478378873609653,6.088967300323676,0.09448948304410239,12.835316175099521,20.217063938970277,0.7378013349442173,3000.0,-4.5,0.45,none,0.0,
endurance,14,healthy,1919.0,78.46589441288367,78.36567750333025,613.3069921135549,1518.1600470788994,65.75834744396415,30.913666890490983,6.088967300323676,0.21478103608625917,12.8688131814095,19.92377739556427,0.7378013349442173,3000.0,-4.5,0.45,none,0.0,
endurance,14,healthy,1920.0,78.46589441288367,78.53878460532856,610.2275792667207,1516.652405143176,66.27765747095896,30.462911926730158,6.088967300323676,0.13464603419599486,12.952510793514694,20.225456150853653,0.7378013349442173,3000.0,-4.5,0.45,none,0.0,
endurance,14,healthy,1921.0,78.46589441288367,78.27325005565339,613.8865447434829,1524.634964248086,67.02291433660699,30.394658181762125,6.088967300323676,0.16904387521967687,12.924125737982296,19.952523011451927,0.7378013349442173,3000.0,-4.5,0.45,none,0.0,
endurance,14,healthy,1922.0,78.46589441288367,78.76385552918187,612.5898311022895,1525.1715382507664,65.70809293293003,30.389840534086268,6.088967300323676,0.17083669406977073,12.93649343064162,20.26189504391841,0.7378013349442173,3000.0,-4.5,0.45,none,0.0,
endurance,14,healthy,1923.0,78.46589441288367,78.25261404950753,617.272033251222,1520.2985543264244,65.57390575726453,30.900231095461418,6.088967300323676,0.13933298991873838,12.921318464111428,19.901361814671777,0.7378013349442173,3000.0,-4.5,0.45,none,0.0,
endurance,14,healthy,1924.0,78.46589441288367,77.82060297942115,612.3442730884854,1521.9268870456167,65.8105810538657,30.371145655629388,6.088967300323676,0.16713849585974566,12.81480647605385,20.171799080330953,0.7378013349442173,3000.0,-4.5,0.45,none,0.0,
endurance,14,healthy,1925.0,78.46589441288367,78.03434597421649,609.9662702075783,1517.6290484724286,66.01651459198021,31.01597380259217,6.088967300323676,0.2005055467615843,12.899528438183392,19.772695501511592,0.7378013349442173,3000.0,-4.5,0.45,none,0.0,
endurance,14,healthy,1926.0,78.46589441288367,78.07303865978305,611.7051501164918,1514.9125656583376,64.86507501121794,30.149358177675516,6.088967300323676,0.18119889414695445,12.851638439986967,19.62876258074978,0.7378013349442173,3000.0,-4.5,0.45,none,0.0,
endurance,14,healthy,1927.0,78.46589441288367,77.99283130348581,618.4684999034155,1514.4222652637982,66.73016405511869,30.797568625374325,6.088967300323676,0.12974454277781033,12.898917405068342,20.088922722628546,0.7378013349442173,3000.0,-4.5,0.45,none,0.0,
endurance,14,healthy,1928.0,78.46589441288367,78.51452981491619,615.2850240870471,1520.8389051078796,65.54688939195844,30.193208354618644,6.088967300323676,0.23760950927570734,12.902223098732728,20.287429264948774,0.7378013349442173,3000.0,-4.5,0.45,none,0.0,
endurance,14,healthy,1929.0,78.46589441288367,78.47812553506759,612.7196834875725,1527.0032235213027,66.26813989122601,30.790033560408048,6.088967300323676,0.19341807412153386,12.86133861119075,20.335620131234673,0.7378013349442173,3000.0,-4.5,0.45,none,0.0,
endurance,14,healthy,1930.0,78.46589441288367,78.17257804959333,609.6692214560499,1510.3620827932264,65.32963903822156,29.56297488139306,6.088967300323676,0.16392140924892046,12.94222836329118,19.866546378207097,0.7378013349442173,3000.0,-4.5,0.45,none,0.0,
endurance,14,healthy,1931.0,78.46589441288367,78.09129752713285,615.4470302218791,1513.4380397015857,66.57045895297615,30.128926126201623,6.088967300323676,0.20612494928231279,12.932221929881715,20.19543998474275,0.7378013349442173,3000.0,-4.5,0.45,none,0.0,
endurance,14,healthy,1932.0,78.46589441288367,78.78512274701671,610.5928117639049,1512.2076601731576,66.26513091100031,30.454510141171077,6.088967300323676,0.261138343347054,12.848913732765782,20.08085770420352,0.7378013349442173,3000.0,-4.5,0.45,none,0.0,
endurance,14,healthy,1933.0,78.46589441288367,78.1826530318897,611.1409918183541,1520.2308716863236,66.25389176198664,30.100530408422266,6.088967300323676,0.2782033270860806,12.860484851969334,19.96219843501346,0.7378013349442173,3000.0,-4.5,0.45,none,0.0,
endurance,14,healthy,1934.0,78.46589441288367,78.87533220618207,616.78434214164,1517.3626006949064,66.44147313379865,30.895700586283148,6.088967300323676,0.2409533730312905,13.029305264627167,20.03167397757702,0.7378013349442173,3000.0,-4.5,0.45,none,0.0,
endurance,14,healthy,1935.0,78.46589441288367,78.88941793880714,614.6130667052826,1525.1570991138897,66.4510287387166,29.847836466033115,6.088967300323676,0.1443962646227589,13.003208476784106,20.122861484675177,0.7378013349442173,3000.0,-4.5,0.45,none,0.0,
endurance,14,healthy,1936.0,78.46589441288367,77.91593790686238,610.1984757633264,1518.9309027124773,65.66063951394116,30.524085485142958,6.088967300323676,0.27241333343758867,12.927914930220728,20.156930709379033,0.7378013349442173,3000.0,-4.5,0.45,none,0.0,
endurance,14,healthy,1937.0,78.46589441288367,78.97871920311246,616.8581927297815,1519.500980384129,66.36051233970967,30.088553489905788,6.088967300323676,0.2504782289706824,12.921558037651083,19.848924984804732,0.7378013349442173,3000.0,-4.5,0.45,none,0.0,
endurance,14,healthy,1938.0,78.46589441288367,78.69174912878263,617.4357730069547,1516.581891192311,65.97495753095453,30.227124091014854,6.088967300323676,0.23558375266143367,12.935260975010864,20.003808148561962,0.7378013349442173,3000.0,-4.5,0.45,none,0.0,
endurance,14,healthy,1939.0,78.46589441288367,78.23357257253505,613.4145559143246,1525.2554083710738,66.1933519635336,30.315300668160138,6.088967300323676,0.18177061481949075,12.877409685909866,20.075308719894434,0.7378013349442173,3000.0,-4.5,0.45,none,0.0,
endurance,14,healthy,1940.0,78.46589441288367,78.53050167395696,609.7108780321583,1523.4477009305724,66.19821478151547,30.779834110418708,6.088967300323676,0.24654674107083585,12.939474198638468,20.46492156461229,0.7378013349442173,3000.0,-4.5,0.45,none,0.0,
endurance,14,healthy,1941.0,78.46589441288367,78.19599391969356,617.2569270560418,1524.7472750615998,66.2324252116272,31.097457394548616,6.088967300323676,0.1836067507476718,12.959979654228754,19.98482354351693,0.7378013349442173,3000.0,-4.5,0.45,none,0.0,
endurance,14,healthy,1942.0,78.46589441288367,78.95537904516104,608.9860518696235,1514.9595792521902,66.62654258523861,30.591871444770277,6.088967300323676,0.2324441811133642,12.970363092134853,20.11983296141098,0.7378013349442173,3000.0,-4.5,0.45,none,0.0,
endurance,14,healthy,1943.0,78.46589441288367,78.61773719809983,615.0674988530739,1516.4635946951278,67.11444554572785,31.12304284606866,6.088967300323676,0.196476582156504,12.986632563650739,19.718927049758523,0.7378013349442173,3000.0,-4.5,0.45,none,0.0,
endurance,14,healthy,1944.0,78.46589441288367,78.66734222969089,613.7790575879189,1527.5296751374817,65.77198040404211,30.69507158789526,6.088967300323676,0.23554033172635638,12.916284447998448,19.78068025958456,0.7378013349442173,3000.0,-4.5,0.45,none,0.0,
endurance,14,healthy,1945.0,78.46589441288367,78.75851223869978,615.1177048764339,1517.3183854464046,66.23004999350542,29.701850511164157,6.088967300323676,0.16983959886578842,12.896313781208638,19.877450954066013,0.7378013349442173,3000.0,-4.5,0.45,none,0.0,
endurance,14,healthy,1946.0,78.46589441288367,78.72520392032045,620.594086048579,1523.4894703172426,66.10939862053891,30.619861698625506,6.088967300323676,0.19635647414311244,12.951451817739331,19.974220221001367,0.7378013349442173,3000.0,-4.5,0.45,none,0.0,
endurance,14,healthy,1947.0,78.46589441288367,78.82149998554439,607.8969942247489,1510.1292318902708,66.59116586174841,30.206259364921834,6.088967300323676,0.2381512187178186,12.896173160005034,19.74840387415571,0.7378013349442173,3000.0,-4.5,0.45,none,0.0,
endurance,14,healthy,1948.0,78.46589441288367,78.67807445928037,611.8615026821014,1524.66275672556,66.56013480676108,30.331129061712215,6.088967300323676,0.18246914295750255,12.891983898395623,20.102850500595103,0.7378013349442173,3000.0,-4.5,0.45,none,0.0,
endurance,14,healthy,1949.0,78.46589441288367,78.771776496664,614.5296309330047,1529.6284787756008,66.58591132509324,30.39113749146762,6.088967300323676,0.2018783679572698,12.916562579597565,20.25656509145107,0.7378013349442173,3000.0,-4.5,0.45,none,0.0,
endurance,14,healthy,1950.0,78.46589441288367,78.42442247587618,610.6229942726734,1518.2031860292088,66.75697625700504,30.28640155762509,6.088967300323676,0.22356837010636185,12.889446025931322,20.256957282702896,0.7378013349442173,3000.0,-4.5,0.45,none,0.0,
endurance,14,healthy,1951.0,78.46589441288367,79.53851505900798,612.9092572347253,1523.4897734355477,65.928718183866,30.804797014669074,6.088967300323676,0.19250839846993256,12.919635924918714,20.007459429908348,0.7378013349442173,3000.0,-4.5,0.45,none,0.0,
endurance,14,healthy,1952.0,78.46589441288367,78.3064748950605,605.2227066820388,1524.1072483049036,65.97447983469569,30.03465281334718,6.088967300323676,0.22457061826990196,12.932795572515555,20.221962285037847,0.7378013349442173,3000.0,-4.5,0.45,none,0.0,
endurance,14,healthy,1953.0,78.46589441288367,78.05555391510835,613.3679380067275,1520.068984117016,65.66473083491731,30.38418515841592,6.088967300323676,0.12400966033189091,12.786169279623447,20.20404080315531,0.7378013349442173,3000.0,-4.5,0.45,none,0.0,
endurance,14,healthy,1954.0,78.46589441288367,78.38086342771886,614.0116499307547,1520.3593228640148,66.95645985557343,30.434597621742032,6.088967300323676,0.1546755606907287,12.877102366464168,20.264527097008695,0.7378013349442173,3000.0,-4.5,0.45,none,0.0,
endurance,14,healthy,1955.0,78.46589441288367,78.67906035537906,610.5576442955896,1520.6331029748983,65.93877917498297,30.58242846884222,6.088967300323676,0.19185618775753135,12.8634973771839,20.04261905284836,0.7378013349442173,3000.0,-4.5,0.45,none,0.0,
endurance,14,healthy,1956.0,78.46589441288367,78.58923753741573,614.4105976725676,1518.6468858261521,66.12826894461807,30.021800780094175,6.088967300323676,0.295546059615745,12.895183194274482,19.856696046776335,0.7378013349442173,3000.0,-4.5,0.45,none,0.0,
endurance,14,healthy,1957.0,78.46589441288367,77.97262460764506,616.2688552704114,1521.1508533356523,66.87131862175556,29.98310922572068,6.088967300323676,0.23969254738208193,12.91967192383393,19.98646694534325,0.7378013349442173,3000.0,-4.5,0.45,none,0.0,
endurance,14,healthy,1958.0,78.46589441288367,78.58941141425898,609.7908567263137,1505.4833704010268,66.02260883384886,31.007822488557306,6.088967300323676,0.18261021469410038,12.962602872516337,19.968918933027027,0.7378013349442173,3000.0,-4.5,0.45,none,0.0,
endurance,14,healthy,1959.0,78.46589441288367,80.03128954982687,611.1241453063586,1522.8010383243409,66.64764384608472,30.14722175902876,6.088967300323676,0.1212785144144993,12.87872772953451,19.890520717918356,0.7378013349442173,3000.0,-4.5,0.45,none,0.0,
endurance,14,healthy,1960.0,78.46589441288367,78.83533771751972,613.9935960173983,1521.9595534027285,66.77067569404957,30.555564536866957,6.088967300323676,0.27376329197041843,12.940604775256281,20.31907648258382,0.7378013349442173,3000.0,-4.5,0.45,none,0.0,
endurance,14,healthy,1961.0,78.46589441288367,79.09969517286255,611.2539591783819,1521.8312450170693,65.19806469461327,28.905306121277228,6.088967300323676,0.17342270540645366,12.925316797428389,19.737045304102697,0.7378013349442173,3000.0,-4.5,0.45,none,0.0,
endurance,14,healthy,1962.0,78.46589441288367,77.94699148227771,613.647896803809,1522.9087203398788,66.18008412512415,30.628390164541024,6.088967300323676,0.2813701304516781,12.887237640114448,20.017120616741682,0.7378013349442173,3000.0,-4.5,0.45,none,0.0,
endurance,14,healthy,1963.0,78.46589441288367,78.80727972956248,610.4934285905942,1506.7219301688742,66.20720225597306,30.386645227017542,6.088967300323676,0.09973437472738703,12.876428127312481,20.306212501593283,0.7378013349442173,3000.0,-4.5,0.45,none,0.0,
endurance,14,healthy,1964.0,78.46589441288367,79.13284286846644,613.0233670582887,1520.7401028103739,66.16266362912917,29.951246422266852,6.088967300323676,0.17027494086740208,12.87635601460758,20.010292412239885,0.7378013349442173,3000.0,-4.5,0.45,none,0.0,
endurance,14,healthy,1965.0,78.46589441288367,78.77077526082664,609.5924078443686,1524.7473870222534,66.35164008560913,30.037815546699072,6.088967300323676,0.3053881189920017,12.85329149486706,20.10525437583799,0.7378013349442173,3000.0,-4.5,0.45,none,0.0,
endurance,14,healthy,1966.0,78.46589441288367,78.47492024891746,610.7341445901964,1524.4733758079458,66.25381071368878,29.988876792823078,6.088967300323676,0.2667119671769559,12.911758658574408,19.75022045353932,0.7378013349442173,3000.0,-4.5,0.45,none,0.0,
endurance,14,healthy,1967.0,78.46589441288367,78.56159762429587,617.0275147639998,1517.5305464330413,66.30625534869013,31.57395119030995,6.088967300323676,0.18122617937219493,12.853619433942276,20.14621506659018,0.7378013349442173,3000.0,-4.5,0.45,none,0.0,
endurance,14,healthy,1968.0,78.46589441288367,78.22281209499025,613.4654996154654,1520.395551910747,66.24097736280599,30.420520109106764,6.088967300323676,0.2002267436794899,12.934821265368269,20.065021727954434,0.7378013349442173,3000.0,-4.5,0.45,none,0.0,
endurance,14,healthy,1969.0,78.46589441288367,78.41628725034782,614.4805133770006,1513.147992795873,66.6946278565555,30.40869692839223,6.088967300323676,0.23183188804780142,12.869293698494436,19.966814599186673,0.7378013349442173,3000.0,-4.5,0.45,none,0.0,
endurance,14,healthy,1970.0,78.46589441288367,78.57585890153763,611.2562275440631,1520.6153786478444,65.98825004257053,30.504318209491522,6.088967300323676,0.12045162488581036,12.934865505299642,19.884585425408066,0.7378013349442173,3000.0,-4.5,0.45,none,0.0,
endurance,14,healthy,1971.0,78.46589441288367,77.65701387854666,613.2041918859763,1515.4974932894256,66.33772760716181,30.07067600561442,6.088967300323676,0.20060873594238568,12.906418259576338,19.814418951577007,0.7378013349442173,3000.0,-4.5,0.45,none,0.0,
endurance,14,healthy,1972.0,78.46589441288367,78.41637771331905,614.8005565493467,1522.4380936901737,66.36576612934834,31.029719210307782,6.088967300323676,0.21750627593410177,12.908663233223386,19.838367924856584,0.7378013349442173,3000.0,-4.5,0.45,none,0.0,
endurance,14,healthy,1973.0,78.46589441288367,77.87420355047779,608.8052342215263,1520.078451350068,66.6939694433872,30.859901008347492,6.088967300323676,0.1726685093332132,12.938956358936947,19.89971964893746,0.7378013349442173,3000.0,-4.5,0.45,none,0.0,
endurance,14,healthy,1974.0,78.46589441288367,78.49315120151311,612.1815050272808,1515.317099057345,66.92227765469842,30.637644006028555,6.088967300323676,0.19415086430095072,12.961218300688184,19.700676119077507,0.7378013349442173,3000.0,-4.5,0.45,none,0.0,
endurance,14,healthy,1975.0,78.46589441288367,78.57248962370733,610.5808089096424,1513.1422827905217,66.59556942938762,30.307267029998744,6.088967300323676,0.16171487526510692,12.844236792862999,19.84565747796923,0.7378013349442173,3000.0,-4.5,0.45,none,0.0,
endurance,14,healthy,1976.0,78.46589441288367,79.04251979823528,611.2296827443427,1515.2238468549483,66.38839914459844,31.60403410538168,6.088967300323676,0.2742114055187217,12.998737040564267,20.12723046479047,0.7378013349442173,3000.0,-4.5,0.45,none,0.0,
endurance,14,healthy,1977.0,78.46589441288367,78.08654998234341,613.3757720057814,1520.9867311733137,65.89228295568806,29.48888396280973,6.088967300323676,0.1409205127047955,12.866357806122261,20.101869291235946,0.7378013349442173,3000.0,-4.5,0.45,none,0.0,
endurance,14,healthy,1978.0,78.46589441288367,78.44407421252154,615.5697500702532,1530.8381078779425,65.91183764658882,31.782387088266255,6.088967300323676,0.17903549915660455,12.930395296305273,19.689584330728415,0.7378013349442173,3000.0,-4.5,0.45,none,0.0,
endurance,14,healthy,1979.0,78.46589441288367,79.63437512985314,614.5843528262665,1512.6455833837433,65.95170292335112,31.090042840222218,6.088967300323676,0.2104972709413813,12.89282741310019,20.05069421858855,0.7378013349442173,3000.0,-4.5,0.45,none,0.0,
endurance,14,healthy,1980.0,78.46589441288367,78.47358418708083,610.3982443867367,1525.23418029928,66.37548329045721,30.30189114762779,6.088967300323676,0.16550391849357304,12.963823174653644,20.00944311844754,0.7378013349442173,3000.0,-4.5,0.45,none,0.0,
endurance,14,healthy,1981.0,78.46589441288367,77.90287684313117,611.1740177266108,1524.8014308577085,66.48171236114405,30.53575481783419,6.088967300323676,0.18930287203628304,12.977410579701687,19.696319177901685,0.7378013349442173,3000.0,-4.5,0.45,none,0.0,
endurance,14,healthy,1982.0,78.46589441288367,78.13572143288079,614.6914328182824,1526.1401031885393,65.94035284893185,30.68505539268597,6.088967300323676,0.22781859226986673,12.868412829334357,19.96230437187001,0.7378013349442173,3000.0,-4.5,0.45,none,0.0,
endurance,14,healthy,1983.0,78.46589441288367,78.82295308513929,613.9872600675114,1515.3040237851171,66.04093973798818,29.743271078646934,6.088967300323676,0.23024962947036975,12.932783904933872,20.3776852527663,0.7378013349442173,3000.0,-4.5,0.45,none,0.0,
endurance,14,healthy,1984.0,78.46589441288367,77.95892741614995,621.4051918707738,1524.0358535498585,65.9824785718022,29.849697057167415,6.088967300323676,0.13268760999323437,12.902915762344291,20.073403411519912,0.7378013349442173,3000.0,-4.5,0.45,none,0.0,
endurance,14,healthy,1985.0,78.46589441288367,78.52823550980338,615.1691233695773,1520.9651166126505,66.58976491543591,29.99291047985126,6.088967300323676,0.2191775959487492,12.825161542007272,19.99390122898796,0.7378013349442173,3000.0,-4.5,0.45,none,0.0,
endurance,14,healthy,1986.0,78.46589441288367,79.19980782987265,608.3820324092992,1512.5799691984698,66.47260720847713,30.434863722126632,6.088967300323676,0.17976224180498376,12.961561919507908,19.984092124130772,0.7378013349442173,3000.0,-4.5,0.45,none,0.0,
endurance,14,healthy,1987.0,78.46589441288367,78.16452574773122,616.9880408937505,1516.3523755414367,66.22890451628803,30.13536400232589,6.088967300323676,0.21598645986834197,12.826264082527992,19.949363325348827,0.7378013349442173,3000.0,-4.5,0.45,none,0.0,
endurance,14,healthy,1988.0,78.46589441288367,78.31988013605306,614.7352920660378,1518.5406185672946,65.5675145809131,30.209488156273174,6.088967300323676,0.19727385778623513,12.874634647195863,19.907835417315585,0.7378013349442173,3000.0,-4.5,0.45,none,0.0,
endurance,14,healthy,1989.0,78.46589441288367,79.07620803077661,606.5046999343648,1517.7593564278395,65.83242259023935,30.904670384576097,6.088967300323676,0.21395509978061156,12.994051749717482,19.813549170600297,0.7378013349442173,3000.0,-4.5,0.45,none,0.0,
endurance,14,healthy,1990.0,78.46589441288367,78.03866951806629,613.7898036161869,1522.4377482740629,66.18428562633535,30.531917808814857,6.088967300323676,0.20513862463647067,12.989450438424653,19.98978013515172,0.7378013349442173,3000.0,-4.5,0.45,none,0.0,
endurance,14,healthy,1991.0,78.46589441288367,78.23916458184077,612.0579044305538,1516.9962404455111,65.51898401848662,30.10652639026107,6.088967300323676,0.05356473973643691,12.876595239188608,19.601367963984224,0.7378013349442173,3000.0,-4.5,0.45,none,0.0,
endurance,14,healthy,1992.0,78.46589441288367,78.85693558326834,612.9659941627199,1522.6243639222184,66.28576865745265,29.956184883547195,6.088967300323676,0.21601628777972415,12.951294652835283,20.054629190712266,0.7378013349442173,3000.0,-4.5,0.45,none,0.0,
endurance,14,healthy,1993.0,78.46589441288367,78.26870952294017,615.5084029933296,1518.4652214324842,65.69961263876021,30.115333720259272,6.088967300323676,0.23508456711454,12.885462095724291,19.804230684621878,0.7378013349442173,3000.0,-4.5,0.45,none,0.0,
endurance,14,healthy,1994.0,78.46589441288367,78.12601053948372,614.442046772871,1521.2220654930638,66.14928530822475,30.650017061921833,6.088967300323676,0.1981003286280252,12.954639114673103,19.892099203134997,0.7378013349442173,3000.0,-4.5,0.45,none,0.0,
endurance,14,healthy,1995.0,78.46589441288367,78.96206303582294,608.0425705227098,1528.5656569502016,66.9355436977007,30.68907028450246,6.088967300323676,0.20449726262916476,13.008441977643006,20.343931954372167,0.7378013349442173,3000.0,-4.5,0.45,none,0.0,
endurance,14,healthy,1996.0,78.46589441288367,78.29338806308253,609.5527637044268,1521.2847492446667,67.09811686737606,30.532116769954236,6.088967300323676,0.20353961812669627,12.956519810568343,20.332140042197334,0.7378013349442173,3000.0,-4.5,0.45,none,0.0,
endurance,14,healthy,1997.0,78.46589441288367,79.32857047296244,612.2062464943552,1527.7169470291296,66.40949153434364,29.375784214798397,6.088967300323676,0.18665001820508584,12.858137298941877,19.982058276584375,0.7378013349442173,3000.0,-4.5,0.45,none,0.0,
endurance,14,healthy,1998.0,78.46589441288367,78.36208712105953,613.9348169551524,1512.0342667199268,66.41010928166664,30.73864880428924,6.088967300323676,0.18537006489170785,12.8895677276002,19.895894995837807,0.7378013349442173,3000.0,-4.5,0.45,none,0.0,
endurance,14,healthy,1999.0,78.46589441288367,77.90476209716095,614.4585183273216,1528.2731228219407,65.8725181610288,30.252583695230967,6.088967300323676,0.21416032893786113,12.86922763861987,20.087258543244282,0.7378013349442173,3000.0,-4.5,0.45,none,0.0,
endurance,14,healthy,2000.0,78.46589441288367,78.22541756313707,615.6491818239688,1512.4936155162802,66.09238506568076,31.060164252140638,6.088967300323676,0.21299681452581032,12.985166702569526,19.71116612273059,0.7378013349442173,3000.0,-4.5,0.45,none,0.0,
endurance,14,healthy,2001.0,78.46589441288367,78.59088264449505,614.226487555959,1517.707894679473,66.13927157004508,29.834521319443656,6.088967300323676,0.2459825579863484,12.87068709723918,19.910991437068162,0.7378013349442173,3000.0,-4.5,0.45,none,0.0,
endurance,14,healthy,2002.0,78.46589441288367,77.9782128181857,611.0144328025032,1521.3544037872637,66.14406780693726,30.347016495565995,6.088967300323676,0.10653498300296521,12.943530610808558,20.07978923907982,0.7378013349442173,3000.0,-4.5,0.45,none,0.0,
endurance,14,healthy,2003.0,78.46589441288367,78.25270769806768,612.3639671336406,1522.1877686556168,66.95402390664945,30.162400647638695,6.088967300323676,0.13586157967355478,12.86814840686246,20.076206467223674,0.7378013349442173,3000.0,-4.5,0.45,none,0.0,
endurance,14,healthy,2004.0,78.46589441288367,77.94254978571723,619.2592348964871,1520.071484550884,66.73153916424562,30.718538406560743,6.088967300323676,0.21063687558677016,12.911392892781668,19.95168061637791,0.7378013349442173,3000.0,-4.5,0.45,none,0.0,
endurance,14,healthy,2005.0,78.46589441288367,78.03211623208179,609.7531812437339,1513.4811682641891,65.56555076885547,30.72722375211272,6.088967300323676,0.22274447858612412,12.905178015382084,19.8426284984823,0.7378013349442173,3000.0,-4.5,0.45,none,0.0,
endurance,14,healthy,2006.0,78.46589441288367,78.70463067916546,612.3454527746094,1517.9987776209841,66.13094393615306,30.98583679364748,6.088967300323676,0.24972275592863383,12.86817183239737,19.868703168007464,0.7378013349442173,3000.0,-4.5,0.45,none,0.0,
endurance,14,healthy,2007.0,78.46589441288367,78.59006763276963,617.6633170370542,1512.6593090076146,66.80519543014721,30.272299109087697,6.088967300323676,0.20225567390907231,12.939379445207951,19.842824664358872,0.7378013349442173,3000.0,-4.5,0.45,none,0.0,
endurance,14,healthy,2008.0,78.46589441288367,77.84971509021861,613.4485902323357,1516.7602138633501,66.72527353467319,30.75013919619688,6.088967300323676,0.2694502142805365,12.909905045189937,19.577616023166776,0.7378013349442173,3000.0,-4.5,0.45,none,0.0,
endurance,14,healthy,2009.0,78.46589441288367,79.0059263409276,615.0255100598544,1523.5655126611766,66.749482467643,30.594873633612107,6.088967300323676,0.20375032712748545,12.900376061917688,19.82590636839576,0.7378013349442173,3000.0,-4.5,0.45,none,0.0,
endurance,14,healthy,2010.0,78.46589441288367,78.46798654345062,612.5225494094626,1519.0091679668442,66.40671395967135,30.783442196535738,6.088967300323676,0.1695571204432433,12.896327639768657,19.93315792341031,0.7378013349442173,3000.0,-4.5,0.45,none,0.0,
endurance,14,healthy,2011.0,78.46589441288367,77.80545867708742,612.9498120446261,1520.1608044886884,65.12414545503098,30.00011616907858,6.088967300323676,0.22328875445295931,12.86099845230919,20.262413200937846,0.7378013349442173,3000.0,-4.5,0.45,none,0.0,
endurance,14,healthy,2012.0,78.46589441288367,78.81573144176815,609.643132563313,1520.9694512115989,65.61474019128772,30.22248793331104,6.088967300323676,0.13613260604453226,12.952262852894474,20.044507690163446,0.7378013349442173,3000.0,-4.5,0.45,none,0.0,
endurance,14,healthy,2013.0,78.46589441288367,77.94749203540623,617.8739613057536,1525.3870294212604,65.788267060507,30.748848408661697,6.088967300323676,0.16959927644604347,12.854294362035704,20.335675215839732,0.7378013349442173,3000.0,-4.5,0.45,none,0.0,
endurance,14,healthy,2014.0,78.46589441288367,78.04040629824819,619.3367416040502,1516.611654264198,65.93509754673869,29.91775085067055,6.088967300323676,0.2529611545891596,12.904557503013265,20.133403893339754,0.7378013349442173,3000.0,-4.5,0.45,none,0.0,
endurance,14,healthy,2015.0,78.46589441288367,78.30070670901085,612.1096088655034,1518.729822867255,66.69195944900086,30.84612296455619,6.088967300323676,0.16799020696169858,12.90630034694864,20.037469020357193,0.7378013349442173,3000.0,-4.5,0.45,none,0.0,
endurance,14,healthy,2016.0,78.46589441288367,78.35271259450832,613.8057953461436,1517.5317538377192,65.99866006720349,30.60789144793156,6.088967300323676,0.2042228301991761,12.89540767241622,19.94271473406655,0.7378013349442173,3000.0,-4.5,0.45,none,0.0,
endurance,14,healthy,2017.0,78.46589441288367,78.80597341965526,608.9358375612044,1516.3887865433703,67.10908691700004,30.874552031592568,6.088967300323676,0.22955648586279923,12.98521598218909,20.048424124957396,0.7378013349442173,3000.0,-4.5,0.45,none,0.0,
endurance,14,healthy,2018.0,78.46589441288367,78.20786339948489,611.5614227793368,1511.166745301946,65.76276390760196,29.62027585824858,6.088967300323676,0.26879090702566805,12.878495255742433,19.747033156011064,0.7378013349442173,3000.0,-4.5,0.45,none,0.0,
endurance,14,healthy,2019.0,78.46589441288367,77.309772922297,607.0015278084254,1516.0070508025078,66.73178613457728,30.472725287457735,6.088967300323676,0.22742616360489448,12.91086889191481,20.126336189536623,0.7378013349442173,3000.0,-4.5,0.45,none,0.0,
endurance,14,healthy,2020.0,78.46589441288367,78.52738793302753,613.086655730197,1518.6410621432829,65.75506497129473,30.568734628113354,6.088967300323676,0.14842823377956194,12.949801808827274,19.968522009327028,0.7378013349442173,3000.0,-4.5,0.45,none,0.0,
endurance,14,healthy,2021.0,78.46589441288367,79.24991701663347,613.4030756553669,1521.824853544988,65.90219726493831,30.84676270084992,6.088967300323676,0.18794208330187928,12.909256903219186,20.59798632951515,0.7378013349442173,3000.0,-4.5,0.45,none,0.0,
endurance,14,healthy,2022.0,78.46589441288367,78.7382082051774,615.4822008608793,1522.5507544298687,66.58774359565257,30.799342628078364,6.088967300323676,0.141076197065467,12.936199018355303,19.9240950255275,0.7378013349442173,3000.0,-4.5,0.45,none,0.0,
endurance,14,healthy,2023.0,78.46589441288367,79.00026376671808,616.2142882654229,1524.8471422967848,67.31925955347612,30.56019007745724,6.088967300323676,0.23449615470156282,12.932614447374029,20.10568519002548,0.7378013349442173,3000.0,-4.5,0.45,none,0.0,
endurance,14,healthy,2024.0,78.46589441288367,78.74905219642919,611.216139529575,1517.1633181879959,66.30146594859691,30.388048012857862,6.088967300323676,0.19766992584135057,12.936585487519267,19.842640344935397,0.7378013349442173,3000.0,-4.5,0.45,none,0.0,
endurance,14,healthy,2025.0,78.46589441288367,78.2266253647187,615.8937358228162,1526.907830828337,66.53547954533157,30.075759297086663,6.088967300323676,0.3100255848619818,12.842316829113344,19.83837370141643,0.7378013349442173,3000.0,-4.5,0.45,none,0.0,
endurance,14,healthy,2026.0,78.46589441288367,78.25398741013707,611.014984391962,1519.3622190339697,66.47664230771562,30.25847596958143,6.088967300323676,0.16802711402308332,13.014927799082493,19.69704446105058,0.7378013349442173,3000.0,-4.5,0.45,none,0.0,
endurance,14,healthy,2027.0,78.46589441288367,78.30057410421564,610.1426066711023,1507.8200026555626,66.53962764392867,30.34943615371305,6.088967300323676,0.2581214379903769,12.902485860680278,19.633623495024878,0.7378013349442173,3000.0,-4.5,0.45,none,0.0,
endurance,14,healthy,2028.0,78.46589441288367,78.97827456361564,610.2368457468815,1525.333676438538,67.17417841466094,30.851745906562897,6.088967300323676,0.18143644400825293,12.929968926078915,20.142411443481528,0.7378013349442173,3000.0,-4.5,0.45,none,0.0,
endurance,14,healthy,2029.0,78.46589441288367,78.42703597539993,613.1281369660446,1525.891921538848,66.02956355908557,30.378197682724142,6.088967300323676,0.19793901551619497,12.937510763683743,20.235722480676014,0.7378013349442173,3000.0,-4.5,0.45,none,0.0,
endurance,14,healthy,2030.0,78.46589441288367,78.29209366922022,610.369797867107,1513.1572579076499,66.47343287490386,30.34013200738838,6.088967300323676,0.15675297591663434,12.939820620207795,19.845367220689507,0.7378013349442173,3000.0,-4.5,0.45,none,0.0,
endurance,14,healthy,2031.0,78.46589441288367,77.78628140590848,615.993396929726,1517.6753554581958,65.93669586461913,30.84552292907143,6.088967300323676,0.26790188975532936,12.962511441206408,20.553482561525353,0.7378013349442173,3000.0,-4.5,0.45,none,0.0,
endurance,14,healthy,2032.0,78.46589441288367,78.73879378308192,615.687960713402,1526.5347231290284,66.31033932289576,30.075717536155196,6.088967300323676,0.20492309365320377,12.960465703893545,19.873474943978476,0.7378013349442173,3000.0,-4.5,0.45,none,0.0,
endurance,14,healthy,2033.0,78.46589441288367,78.47320043235969,612.4802675263837,1521.2336207143458,66.58536773438075,30.138692919037766,6.088967300323676,0.23627207317795412,12.934432804188,19.614483141810616,0.7378013349442173,3000.0,-4.5,0.45,none,0.0,
endurance,14,healthy,2034.0,78.46589441288367,77.73552578089321,612.1032222363477,1516.4641527047022,65.74841684482688,29.946212106218507,6.088967300323676,0.21050825578250687,12.857650785916265,19.766589043107818,0.7378013349442173,3000.0,-4.5,0.45,none,0.0,
endurance,14,healthy,2035.0,78.46589441288367,78.77082403654863,612.6631786246082,1519.5833478946577,65.90637567233067,30.717726125455354,6.088967300323676,0.13053314704076702,12.98655344876361,19.73764697924191,0.7378013349442173,3000.0,-4.5,0.45,none,0.0,
endurance,14,healthy,2036.0,78.46589441288367,78.31790473794452,613.033875142543,1529.674978914548,67.19039074123891,29.710626681347005,6.088967300323676,0.21495520568323256,12.880094936057866,20.207967121730935,0.7378013349442173,3000.0,-4.5,0.45,none,0.0,
endurance,14,healthy,2037.0,78.46589441288367,79.04287863004444,613.228307346118,1525.1720721839454,66.10195386425869,30.980520704202476,6.088967300323676,0.14733888183509314,12.949215280025967,20.210644034379683,0.7378013349442173,3000.0,-4.5,0.45,none,0.0,
endurance,14,healthy,2038.0,78.46589441288367,77.95289353797202,614.9397064457212,1519.9668971088054,66.39864154278409,31.056408058889687,6.088967300323676,0.28867217138983,12.885144926375844,20.05888216142855,0.7378013349442173,3000.0,-4.5,0.45,none,0.0,
endurance,14,healthy,2039.0,78.46589441288367,78.60668851784595,609.1305592008687,1519.6815217092342,66.0049780647774,29.9576809314559,6.088967300323676,0.15353523414720882,12.88094079587134,19.887767625674858,0.7378013349442173,3000.0,-4.5,0.45,none,0.0,
endurance,14,healthy,2040.0,78.46589441288367,78.19169257949457,612.1016654872724,1512.936177636391,65.90998967790755,30.88126318797374,6.088967300323676,0.2688976572254784,12.89434258889124,19.744580412500376,0.7378013349442173,3000.0,-4.5,0.45,none,0.0,
endurance,14,healthy,2041.0,78.46589441288367,77.25906895247728,608.0571801389477,1507.2307234401615,66.81832623498258,30.85749679266905,6.088967300323676,0.29256637233669536,12.926026375020466,19.855859727363686,0.7378013349442173,3000.0,-4.5,0.45,none,0.0,
endurance,14,healthy,2042.0,78.46589441288367,78.80346470222344,617.0265347242358,1520.3723241725795,65.91678422992312,31.58914505614497,6.088967300323676,0.17913340888056428,12.918115272997117,19.89896226025642,0.7378013349442173,3000.0,-4.5,0.45,none,0.0,
endurance,14,healthy,2043.0,78.46589441288367,79.36242855030497,608.7834885972284,1528.5820044816664,65.41813135353559,30.861767873888308,6.088967300323676,0.180389090707578,12.93492378389338,20.19109336417392,0.7378013349442173,3000.0,-4.5,0.45,none,0.0,
endurance,14,healthy,2044.0,78.46589441288367,79.4210383620286,610.4526961919057,1525.3168212754274,66.81570571535984,30.220221675590626,6.088967300323676,0.23335070517382955,12.917153207229813,20.018791824490243,0.7378013349442173,3000.0,-4.5,0.45,none,0.0,
endurance,14,healthy,2045.0,78.46589441288367,78.8895774572055,612.2201701592857,1523.6905484562621,66.87021651888752,30.0409265741248,6.088967300323676,0.2700360334965293,12.846669045494679,19.893625021839284,0.7378013349442173,3000.0,-4.5,0.45,none,0.0,
endurance,14,healthy,2046.0,78.46589441288367,77.96572983448756,607.6250070003019,1520.3108631891555,65.53426103071031,30.113225322406805,6.088967300323676,0.1681427794485693,12.862183236581245,20.11666785320464,0.7378013349442173,3000.0,-4.5,0.45,none,0.0,
endurance,14,healthy,2047.0,78.46589441288367,78.06870304965982,614.5502130775651,1513.6808064594813,66.5451980792884,29.817656794364456,6.088967300323676,0.12708457358296776,12.870338862919368,20.34091711201406,0.7378013349442173,3000.0,-4.5,0.45,none,0.0,
endurance,14,healthy,2048.0,78.46589441288367,78.29109640464041,614.4197194809509,1521.5098124219032,66.12272889267145,31.57131278649614,6.088967300323676,0.16071301750614153,12.952819856542305,20.375173935107206,0.7378013349442173,3000.0,-4.5,0.45,none,0.0,
endurance,14,healthy,2049.0,78.46589441288367,78.69850769946201,614.4963734276901,1525.4804795677435,66.44493975547618,29.61893515352271,6.088967300323676,0.20298002978013197,13.004040159473046,20.357502477197844,0.7378013349442173,3000.0,-4.5,0.45,none,0.0,
endurance,14,healthy,2050.0,78.46589441288367,78.099901028708,614.7853194270482,1518.1002412382322,65.8463463490723,30.411388670589755,6.088967300323676,0.1711120528394286,12.893008716056512,20.164061340493745,0.7378013349442173,3000.0,-4.5,0.45,none,0.0,
endurance,14,healthy,2051.0,78.46589441288367,79.09099146905955,612.8466996501592,1517.6953918402774,66.79097754804506,30.69852326624315,6.088967300323676,0.21010653984379704,12.902998251359014,20.101240200112745,0.7378013349442173,3000.0,-4.5,0.45,none,0.0,
endurance,14,healthy,2052.0,78.46589441288367,77.9526045531441,615.9346733254735,1521.5652334376766,66.19312589122781,30.22502330918538,6.088967300323676,0.2584007416472958,12.971185821994652,20.540391291504,0.7378013349442173,3000.0,-4.5,0.45,none,0.0,
endurance,14,healthy,2053.0,78.46589441288367,78.35740468632365,616.7369336735982,1513.5341669654163,66.36773618344772,30.372836687636237,6.088967300323676,0.19808191133526623,12.902041637356955,20.1070570805396,0.7378013349442173,3000.0,-4.5,0.45,none,0.0,
endurance,14,healthy,2054.0,78.46589441288367,78.36401774917643,613.2985721813043,1521.626647671256,65.97064913982193,30.07872403778199,6.088967300323676,0.23059247074444494,13.064269179119318,19.83472758887748,0.7378013349442173,3000.0,-4.5,0.45,none,0.0,
endurance,14,healthy,2055.0,78.46589441288367,78.43296848402973,608.8659146445867,1519.3146330499433,66.09430163869287,30.66589666655781,6.088967300323676,0.13050697558465052,12.881721893595191,20.148580781687677,0.7378013349442173,3000.0,-4.5,0.45,none,0.0,
endurance,14,healthy,2056.0,78.46589441288367,78.02513833205813,607.9755103789794,1521.5282395367112,66.64785436983529,30.131075215680436,6.088967300323676,0.2085777119775252,12.883866717102265,20.080455010191198,0.7378013349442173,3000.0,-4.5,0.45,none,0.0,
endurance,14,healthy,2057.0,78.46589441288367,78.00394146670455,614.3490664377671,1517.5822478051066,66.37668905165044,31.177857092184105,6.088967300323676,0.1662304323414941,12.983359597958241,19.793951534892464,0.7378013349442173,3000.0,-4.5,0.45,none,0.0,
endurance,14,healthy,2058.0,78.46589441288367,78.66390854560888,608.3064260605561,1510.791401819237,65.86177184838208,30.019960680136585,6.088967300323676,0.17612975834743783,12.860679228667637,20.256482741358315,0.7378013349442173,3000.0,-4.5,0.45,none,0.0,
endurance,14,healthy,2059.0,78.46589441288367,78.16334578739475,613.6755986998623,1516.959381687675,66.40960779046932,30.037615891478044,6.088967300323676,0.10812682360714738,12.86875319713594,20.154779730024625,0.7378013349442173,3000.0,-4.5,0.45,none,0.0,
endurance,14,healthy,2060.0,78.46589441288367,78.47826007597853,609.1548368008848,1514.8106220753082,66.68975380627856,29.870474357631284,6.088967300323676,0.22330148669594585,12.969353244423838,20.038961819331288,0.7378013349442173,3000.0,-4.5,0.45,none,0.0,
endurance,14,healthy,2061.0,78.46589441288367,78.99658728670978,611.6916977580718,1523.203845033822,66.42551953501136,30.663780335793078,6.088967300323676,0.2911641103593337,12.945253279995947,20.220695725127673,0.7378013349442173,3000.0,-4.5,0.45,none,0.0,
endurance,14,healthy,2062.0,78.46589441288367,77.31922108573703,612.7438274577991,1524.6189307283196,67.26672978484127,30.85650944533089,6.088967300323676,0.22251491867927709,12.92165823648431,19.90928492414827,0.7378013349442173,3000.0,-4.5,0.45,none,0.0,
endurance,14,healthy,2063.0,78.46589441288367,78.73064992723134,610.5976110826366,1519.2766506522573,66.67044981266706,30.37011151580893,6.088967300323676,0.21507576746029267,12.96456395955746,19.734938322757163,0.7378013349442173,3000.0,-4.5,0.45,none,0.0,
endurance,14,healthy,2064.0,78.46589441288367,79.21297215468209,612.4833119553006,1526.4712123758725,65.8017854793903,29.791404990217725,6.088967300323676,0.20286473899240495,12.939909784931482,20.09198615815447,0.7378013349442173,3000.0,-4.5,0.45,none,0.0,
endurance,14,healthy,2065.0,78.46589441288367,77.9798774841311,611.5727626539127,1523.9173915688302,66.00618524961703,30.21333276793582,6.088967300323676,0.20152356721038037,12.973222765030348,20.294566892354826,0.7378013349442173,3000.0,-4.5,0.45,none,0.0,
endurance,14,healthy,2066.0,78.46589441288367,78.22932175973516,612.420458105492,1515.4243173052457,66.59913594408992,30.47596815347143,6.088967300323676,0.23920462002361714,12.902616588442537,19.886925022082387,0.7378013349442173,3000.0,-4.5,0.45,none,0.0,
endurance,14,healthy,2067.0,78.46589441288367,78.55325463760616,609.4834021999143,1509.0449861078896,65.7706496432274,31.209783319671132,6.088967300323676,0.2021095078076427,12.953488103529116,19.837161445338836,0.7378013349442173,3000.0,-4.5,0.45,none,0.0,
endurance,14,healthy,2068.0,78.46589441288367,78.49701621127664,607.0073070733833,1517.3011597238358,65.65419748735401,30.7646955059777,6.088967300323676,0.2383738897353373,12.901879590768642,19.707539368358315,0.7378013349442173,3000.0,-4.5,0.45,none,0.0,
endurance,14,healthy,2069.0,78.46589441288367,77.85697410962395,611.7473706499626,1513.236542944887,66.33506310584255,31.09562713452224,6.088967300323676,0.24132749713458376,12.903324996930053,20.44579144194444,0.7378013349442173,3000.0,-4.5,0.45,none,0.0,
endurance,14,healthy,2070.0,78.46589441288367,78.42748648815495,614.3610295816632,1525.2113125283533,65.57729806312375,31.203433526501268,6.088967300323676,0.3113050130275144,12.899597183821385,19.92171609786006,0.7378013349442173,3000.0,-4.5,0.45,none,0.0,
endurance,14,healthy,2071.0,78.46589441288367,78.61742497788761,613.9516809725563,1528.1860139118105,65.64822674761558,30.77986180941412,6.088967300323676,0.08153008170430008,12.97995462157871,19.834653039981248,0.7378013349442173,3000.0,-4.5,0.45,none,0.0,
endurance,14,healthy,2072.0,78.46589441288367,78.36012287717512,612.2477032957244,1517.1013977775165,66.75981783228916,30.606758457925764,6.088967300323676,0.2117966349254548,12.956569952206905,19.764082947341475,0.7378013349442173,3000.0,-4.5,0.45,none,0.0,
endurance,14,healthy,2073.0,78.46589441288367,78.96743753082393,609.9948451887225,1515.1210066007345,66.3645465129917,30.230488326919968,6.088967300323676,0.24666510035416656,12.914661668253467,20.328557047467488,0.7378013349442173,3000.0,-4.5,0.45,none,0.0,
endurance,14,healthy,2074.0,78.46589441288367,77.0953406241577,606.0426073153843,1517.3991558798139,66.14311397760751,30.19473168196818,6.088967300323676,0.18979408944906465,12.872585717829095,20.03801254678191,0.7378013349442173,3000.0,-4.5,0.45,none,0.0,
endurance,14,healthy,2075.0,78.46589441288367,78.15768229689299,616.7761035987312,1521.199467062793,66.02598117594795,31.42781914030632,6.088967300323676,0.2921490913214701,12.938520262534936,19.866838841204725,0.7378013349442173,3000.0,-4.5,0.45,none,0.0,
endurance,14,healthy,2076.0,78.46589441288367,78.78598889496847,611.6840546909854,1522.5746673922506,66.17583927309924,30.453138127875306,6.088967300323676,0.25594352091726,12.907778982506407,19.9370443957554,0.7378013349442173,3000.0,-4.5,0.45,none,0.0,
endurance,14,healthy,2077.0,78.46589441288367,78.82318882133413,611.9397581980728,1507.5665364290733,66.90186975759825,29.7887605493136,6.088967300323676,0.23193647499875114,12.925495429679396,19.855200616814006,0.7378013349442173,3000.0,-4.5,0.45,none,0.0,
endurance,14,healthy,2078.0,78.46589441288367,78.2265177366749,608.1846592887983,1527.6325790359972,66.60450469971039,30.284262426582064,6.088967300323676,0.1622157298086016,12.925901155144517,19.83490020176147,0.7378013349442173,3000.0,-4.5,0.45,none,0.0,
endurance,14,healthy,2079.0,78.46589441288367,78.02137839744353,612.5800860876263,1514.524355778534,66.1149985050003,30.782972906176674,6.088967300323676,0.2139561554196975,12.872276769800566,19.78169976733349,0.7378013349442173,3000.0,-4.5,0.45,none,0.0,
endurance,14,healthy,2080.0,78.46589441288367,78.15065087187801,617.8594053000237,1528.0035050323734,67.21678643668776,31.97305566736373,6.088967300323676,0.16882203069889717,12.944138573118494,19.976426912146557,0.7378013349442173,3000.0,-4.5,0.45,none,0.0,
endurance,14,healthy,2081.0,78.46589441288367,77.91250337220355,614.8024736105217,1520.0851826793119,66.31869205607195,29.826491425301427,6.088967300323676,0.2203236523886725,12.859600260417173,19.727185190280878,0.7378013349442173,3000.0,-4.5,0.45,none,0.0,
endurance,14,healthy,2082.0,78.46589441288367,78.59708956617004,607.9264405385285,1527.3156041796065,65.79979945175712,29.822242399156124,6.088967300323676,0.20593588716307454,12.953731507461866,20.016684028925205,0.7378013349442173,3000.0,-4.5,0.45,none,0.0,
endurance,14,healthy,2083.0,78.46589441288367,78.6772325956214,612.989161888374,1514.4545172261176,66.0992595830493,30.410730865067013,6.088967300323676,0.14193674237530973,12.919720053701504,20.295430073170856,0.7378013349442173,3000.0,-4.5,0.45,none,0.0,
endurance,14,healthy,2084.0,78.46589441288367,78.65669044218146,613.3364224436144,1519.0779721611075,66.4428793664308,30.90815646793564,6.088967300323676,0.25968352251320614,12.899335037425491,20.00059198189937,0.7378013349442173,3000.0,-4.5,0.45,none,0.0,
endurance,14,healthy,2085.0,78.46589441288367,78.0928585145378,613.5549308781638,1521.178626364606,66.32662490080146,30.763918169064784,6.088967300323676,0.2148978610699374,12.957791717550524,19.947514650165086,0.7378013349442173,3000.0,-4.5,0.45,none,0.0,
endurance,14,healthy,2086.0,78.46589441288367,77.88054036684913,615.0242992154616,1514.864026295259,66.23102233636935,30.896050233154504,6.088967300323676,0.2210478548537481,12.883329204147346,20.133198821353258,0.7378013349442173,3000.0,-4.5,0.45,none,0.0,
endurance,14,healthy,2087.0,78.46589441288367,79.03989820904538,613.5378755537029,1523.5191536257073,67.22681843184789,30.894392422717644,6.088967300323676,0.2421650903569151,12.982243861182752,20.07925395905777,0.7378013349442173,3000.0,-4.5,0.45,none,0.0,
endurance,14,healthy,2088.0,78.46589441288367,78.98340349909336,611.1224980566324,1517.6803159958035,65.22964281655761,31.087803723003134,6.088967300323676,0.29336949071427826,12.982767990063868,19.935617732129202,0.7378013349442173,3000.0,-4.5,0.45,none,0.0,
endurance,14,healthy,2089.0,78.46589441288367,79.16591456698787,613.225050798775,1524.9144699532526,66.07999464060995,30.470563765996147,6.088967300323676,0.2794975717273429,13.000951552055971,20.099903081361578,0.7378013349442173,3000.0,-4.5,0.45,none,0.0,
endurance,14,healthy,2090.0,78.46589441288367,78.08845521011202,615.8022389887582,1519.0424183895857,66.02318228383784,30.730737061654235,6.088967300323676,0.22246123978154514,12.942323558303048,20.14206749830072,0.7378013349442173,3000.0,-4.5,0.45,none,0.0,
endurance,14,healthy,2091.0,78.46589441288367,78.25619491772851,610.9023970864174,1513.2649726398458,66.30589251054997,30.458157903433342,6.088967300323676,0.09634075022389187,12.850192087756641,19.724309847379708,0.7378013349442173,3000.0,-4.5,0.45,none,0.0,
endurance,14,healthy,2092.0,78.46589441288367,78.45142650143893,615.0488770963061,1528.048803704937,67.19066219420722,30.230331501322308,6.088967300323676,0.2590182664185372,12.965715623074303,20.01945400944433,0.7378013349442173,3000.0,-4.5,0.45,none,0.0,
endurance,14,healthy,2093.0,78.46589441288367,79.16855170164041,620.7601300663179,1515.176969378627,64.96191597510982,30.558977790176666,6.088967300323676,0.26052256981932076,12.88349439474367,20.08882093150173,0.7378013349442173,3000.0,-4.5,0.45,none,0.0,
endurance,14,healthy,2094.0,78.46589441288367,78.10583500430707,620.5442423883728,1524.354477276879,66.08133686555895,29.845623810382428,6.088967300323676,0.29887840664825716,12.95062968674203,20.074365220595446,0.7378013349442173,3000.0,-4.5,0.45,none,0.0,
endurance,14,healthy,2095.0,78.46589441288367,78.47817828092337,612.3847527171073,1512.8737698015416,66.45658262342266,30.57741383958084,6.088967300323676,0.1351848816963778,12.889140315942784,20.052304560617536,0.7378013349442173,3000.0,-4.5,0.45,none,0.0,
endurance,14,healthy,2096.0,78.46589441288367,77.65303368236036,613.4740949889369,1524.1614492738345,65.70083187860011,30.527603187950003,6.088967300323676,0.12727847111513602,12.877355557314127,20.20913180337406,0.7378013349442173,3000.0,-4.5,0.45,none,0.0,
endurance,14,healthy,2097.0,78.46589441288367,78.57202435186673,616.2472323764164,1520.90333695183,67.24514667600778,30.25444018965342,6.088967300323676,0.197556950564478,12.916543661749717,20.080447273057295,0.7378013349442173,3000.0,-4.5,0.45,none,0.0,
endurance,14,healthy,2098.0,78.46589441288367,79.08509691706821,607.039633568918,1519.1627882346338,66.1185417551785,30.257726981813207,6.088967300323676,0.20911806599984933,12.819739188005666,19.755126601263157,0.7378013349442173,3000.0,-4.5,0.45,none,0.0,
endurance,14,healthy,2099.0,78.46589441288367,77.79588324525828,614.9958347791807,1509.931082114022,66.11248725023425,30.456580232434106,6.088967300323676,0.26113545763594215,12.992110894729723,20.451632183384312,0.7378013349442173,3000.0,-4.5,0.45,none,0.0,
endurance,14,healthy,2100.0,78.46589441288367,78.72277257880947,614.5800821602089,1516.9043777535396,66.4962270916485,30.347326014957982,6.088967300323676,0.15307514690320356,12.916888763603248,20.32165594764559,0.7378013349442173,3000.0,-4.5,0.45,none,0.0,
endurance,14,healthy,2101.0,78.46589441288367,78.71775677633312,613.142486655804,1516.3752104685182,66.12656807723403,30.032436469442203,6.088967300323676,0.23856885316039306,12.861761319119147,20.287241992953575,0.7378013349442173,3000.0,-4.5,0.45,none,0.0,
endurance,14,healthy,2102.0,78.46589441288367,78.0189198028308,615.7211562054222,1518.0104621825099,65.96606467820466,30.519137270684293,6.088967300323676,0.12525276535935204,12.934956572736153,19.73327731632128,0.7378013349442173,3000.0,-4.5,0.45,none,0.0,
endurance,14,healthy,2103.0,78.46589441288367,77.74575722913356,612.454145498422,1523.6219851918056,66.12616545176186,30.198768546119773,6.088967300323676,0.2378122741782298,12.912897782584553,19.768617386913423,0.7378013349442173,3000.0,-4.5,0.45,none,0.0,
endurance,14,healthy,2104.0,78.46589441288367,77.92803952914251,614.9100774082475,1515.0362764068695,65.62380423332345,30.50102165946445,6.088967300323676,0.20098189520083365,12.974432271441518,20.242578826740367,0.7378013349442173,3000.0,-4.5,0.45,none,0.0,
endurance,14,healthy,2105.0,78.46589441288367,77.38029654088874,615.7791617074555,1525.6424655111311,66.50882593672114,30.255560381485918,6.088967300323676,0.07116253160976097,13.010729413209585,20.216008845338585,0.7378013349442173,3000.0,-4.5,0.45,none,0.0,
endurance,14,healthy,2106.0,78.46589441288367,78.79312456265296,614.964467554364,1526.0128751387538,66.13444649799544,30.545707971035824,6.088967300323676,0.16332372802270817,12.896358525723253,19.970786828510345,0.7378013349442173,3000.0,-4.5,0.45,none,0.0,
endurance,14,healthy,2107.0,78.46589441288367,78.21242308395675,609.2454167968995,1520.5146960320542,66.48023763802247,30.231804085470763,6.088967300323676,0.15840583850738013,12.843318421253239,20.08075259564156,0.7378013349442173,3000.0,-4.5,0.45,none,0.0,
endurance,14,healthy,2108.0,78.46589441288367,78.05462204987337,609.2615286603332,1521.9151357296914,66.20749415835681,30.79637936663814,6.088967300323676,0.26044723731214353,12.91815000088127,20.095413427153893,0.7378013349442173,3000.0,-4.5,0.45,none,0.0,
endurance,14,healthy,2109.0,78.46589441288367,77.65313496880748,613.6874558035579,1515.277540641201,65.78533996544535,30.579174945259716,6.088967300323676,0.18516187830698294,12.91176212899831,19.923557053546674,0.7378013349442173,3000.0,-4.5,0.45,none,0.0,
endurance,14,healthy,2110.0,78.46589441288367,77.13686417049585,615.0410593460682,1504.7552991193957,65.99934925910108,30.67940172224845,6.088967300323676,0.23428387448361818,12.945997335314502,20.003406308735617,0.7378013349442173,3000.0,-4.5,0.45,none,0.0,
endurance,14,healthy,2111.0,78.46589441288367,78.47011085984089,613.4484258643594,1522.5024415366847,66.72074329693649,30.483475465674722,6.088967300323676,0.2134582025920729,12.920621694435685,20.053008799283397,0.7378013349442173,3000.0,-4.5,0.45,none,0.0,
endurance,14,healthy,2112.0,78.46589441288367,78.78663412113015,613.5043330449279,1520.5728551539469,66.41113693219414,30.208704632005343,6.088967300323676,0.11196232486545016,12.839723970501005,20.30737607460075,0.7378013349442173,3000.0,-4.5,0.45,none,0.0,
endurance,14,healthy,2113.0,78.46589441288367,77.60096547863832,605.3812570268248,1522.2514772361092,66.42890131949233,30.497049144014763,6.088967300323676,0.22541681570283448,12.923035987489744,20.123382345165368,0.7378013349442173,3000.0,-4.5,0.45,none,0.0,
endurance,14,healthy,2114.0,78.46589441288367,78.81614974246037,616.4336888903364,1522.142886721932,65.64479355258615,30.155057538432622,6.088967300323676,0.26393236817229226,12.920276364827508,20.007907119919818,0.7378013349442173,3000.0,-4.5,0.45,none,0.0,
endurance,14,healthy,2115.0,78.46589441288367,77.71986288006761,618.7686175863986,1523.023766637775,65.84433946143557,29.71764565396734,6.088967300323676,0.22425662840397556,12.969742664381918,20.06340913585183,0.7378013349442173,3000.0,-4.5,0.45,none,0.0,
endurance,14,healthy,2116.0,78.46589441288367,78.01498004426462,615.3499915232549,1516.5408927681756,66.08706642997622,30.955314132264938,6.088967300323676,0.24793884910439482,12.939608958956773,19.998060189375863,0.7378013349442173,3000.0,-4.5,0.45,none,0.0,
endurance,14,healthy,2117.0,78.46589441288367,78.00527369002472,614.0596321348978,1512.2077629565238,66.93595112655886,30.270152209298253,6.088967300323676,0.23611716596110555,12.964676744469859,20.062136521991683,0.7378013349442173,3000.0,-4.5,0.45,none,0.0,
endurance,14,healthy,2118.0,78.46589441288367,78.33568289147081,611.2325611479991,1523.2641476554454,66.39292635827903,31.004931711446435,6.088967300323676,0.21386076329263803,12.916149170791458,19.810506628694743,0.7378013349442173,3000.0,-4.5,0.45,none,0.0,
endurance,14,healthy,2119.0,78.46589441288367,78.57192168854577,611.2991597979742,1523.7085615149701,67.10648375616768,30.869335854922713,6.088967300323676,0.16432247666248553,12.892530724922857,19.985241209081668,0.7378013349442173,3000.0,-4.5,0.45,none,0.0,
endurance,14,healthy,2120.0,78.46589441288367,76.79922288483608,610.8193729014171,1522.22411154175,66.68825524680676,31.81115680113733,6.088967300323676,0.1631608989853588,12.940487733917992,19.852033694538115,0.7378013349442173,3000.0,-4.5,0.45,none,0.0,
endurance,14,healthy,2121.0,78.46589441288367,78.69775496993155,610.0611574363711,1520.1711657416208,65.42276566599848,31.711683383567856,6.088967300323676,0.2619639146959776,12.90582738800745,20.235906873737918,0.7378013349442173,3000.0,-4.5,0.45,none,0.0,
endurance,14,healthy,2122.0,78.46589441288367,79.03360799541184,613.8432338464767,1524.9389079871823,66.01446329970797,29.958621607743456,6.088967300323676,0.19399622434258793,12.882332814967041,20.027388365620148,0.7378013349442173,3000.0,-4.5,0.45,none,0.0,
endurance,14,healthy,2123.0,78.46589441288367,77.38532767565074,612.5322411606768,1523.6399994289604,66.43838272005105,29.914740671645905,6.088967300323676,0.2075776885385581,12.952595308117477,19.922951764744244,0.7378013349442173,3000.0,-4.5,0.45,none,0.0,
endurance,14,healthy,2124.0,78.46589441288367,78.16226984723706,611.1288124372869,1522.5445655311426,66.53479080742444,30.42728925809041,6.088967300323676,0.21175405422429136,12.878013330712227,20.10572524547474,0.7378013349442173,3000.0,-4.5,0.45,none,0.0,
endurance,14,healthy,2125.0,78.46589441288367,78.50608064464426,611.4146435525488,1516.289528677058,67.06016620264933,30.47054905536927,6.088967300323676,0.2434735172562345,12.903800686631282,20.30004746956515,0.7378013349442173,3000.0,-4.5,0.45,none,0.0,
endurance,14,healthy,2126.0,78.46589441288367,77.96080498199578,613.5177786019133,1515.5562594875491,65.83769106826983,30.34769652105083,6.088967300323676,0.17562810986868968,12.984185635384048,20.14808631138884,0.7378013349442173,3000.0,-4.5,0.45,none,0.0,
endurance,14,healthy,2127.0,78.46589441288367,78.54503979531596,614.9755461635249,1517.0078282856193,65.69377198238739,30.895608414559444,6.088967300323676,0.23360630872199545,12.930131083957274,19.68287620657326,0.7378013349442173,3000.0,-4.5,0.45,none,0.0,
endurance,14,healthy,2128.0,78.46589441288367,78.88750069063411,610.8586543970819,1516.383406771879,65.5857130657713,30.777991851802103,6.088967300323676,0.1414829137191933,12.867907920544676,19.73012005323331,0.7378013349442173,3000.0,-4.5,0.45,none,0.0,
endurance,14,healthy,2129.0,78.46589441288367,78.44183008492726,613.2624063151958,1521.4887905508667,66.82975701536532,29.855145488894767,6.088967300323676,0.18536848870097208,12.908515836534757,19.88798521056148,0.7378013349442173,3000.0,-4.5,0.45,none,0.0,
endurance,14,healthy,2130.0,78.46589441288367,78.60044917603098,613.222727776662,1513.5856522848367,65.76203285496592,30.79575309005543,6.088967300323676,0.18942492208961642,12.931792379837256,19.925771664714798,0.7378013349442173,3000.0,-4.5,0.45,none,0.0,
endurance,14,healthy,2131.0,78.46589441288367,78.29632908860354,613.0078487638228,1512.109597587275,66.50271918383704,30.501433634107453,6.088967300323676,0.20899844453567387,13.019594521072642,20.17780092206259,0.7378013349442173,3000.0,-4.5,0.45,none,0.0,
endurance,14,healthy,2132.0,78.46589441288367,78.55084382419435,611.9786383520512,1517.8445125417265,66.49583568313483,30.485099017545647,6.088967300323676,0.1397777456121793,12.86309365669333,20.09754863253827,0.7378013349442173,3000.0,-4.5,0.45,none,0.0,
endurance,14,healthy,2133.0,78.46589441288367,79.53440692224981,615.7952529394779,1517.4750749499976,66.59008734471935,31.028083041961445,6.088967300323676,0.24049903503360917,12.9158463381916,19.845859250415067,0.7378013349442173,3000.0,-4.5,0.45,none,0.0,
endurance,14,healthy,2134.0,78.46589441288367,79.14683569333963,617.7367040250687,1521.3159964821693,66.16061623524335,31.20278622717507,6.088967300323676,0.2590182345213247,12.947070282560949,19.98524403980861,0.7378013349442173,3000.0,-4.5,0.45,none,0.0,
endurance,14,healthy,2135.0,78.46589441288367,78.16415524611642,608.9966474013074,1523.8156302806678,65.79559678135679,31.105659866821146,6.088967300323676,0.11403985564123549,12.83177143668037,19.4577705921818,0.7378013349442173,3000.0,-4.5,0.45,none,0.0,
endurance,14,healthy,2136.0,78.46589441288367,77.50277113095811,617.1751319881763,1525.7734585620394,66.08126228674456,30.391208280612055,6.088967300323676,0.3146894362557481,12.924927758537127,20.130972973007808,0.7378013349442173,3000.0,-4.5,0.45,none,0.0,
endurance,14,healthy,2137.0,78.46589441288367,79.52437682175011,611.0669001058986,1520.6437906273338,65.95208733014667,30.51580191700472,6.088967300323676,0.19816188650158056,12.905857956194295,19.734578739276273,0.7378013349442173,3000.0,-4.5,0.45,none,0.0,
endurance,14,healthy,2138.0,78.46589441288367,79.48969180058675,614.8182098944808,1519.0042243028006,66.86059258365528,30.346509110874916,6.088967300323676,0.22140141584226777,12.857752734676675,20.04564309905851,0.7378013349442173,3000.0,-4.5,0.45,none,0.0,
endurance,14,healthy,2139.0,78.46589441288367,79.03908870439547,612.2259311207038,1519.4146551474298,66.16613395021659,30.28826801531417,6.088967300323676,0.1465045889553156,12.91151166379602,20.077574287192828,0.7378013349442173,3000.0,-4.5,0.45,none,0.0,
endurance,14,healthy,2140.0,78.46589441288367,78.45008327133935,615.9379312397773,1522.1943959674932,65.63144783357598,29.97059097207666,6.088967300323676,0.2178518832427129,12.769943766495198,20.39369097371245,0.7378013349442173,3000.0,-4.5,0.45,none,0.0,
endurance,14,healthy,2141.0,78.46589441288367,78.4285344956175,610.3469175693115,1527.2637623068856,66.58596989762428,30.314939632595095,6.088967300323676,0.34066298049354615,12.949779897237633,19.834703459656403,0.7378013349442173,3000.0,-4.5,0.45,none,0.0,
endurance,14,healthy,2142.0,78.46589441288367,79.11373677162584,611.6239150607844,1517.1746307972344,66.35645690889125,30.850173547528627,6.088967300323676,0.10483096136732609,12.90341695265124,19.87501712651677,0.7378013349442173,3000.0,-4.5,0.45,none,0.0,
endurance,14,healthy,2143.0,78.46589441288367,79.2481334028902,615.6406650137576,1523.8154542529128,66.28859894979712,29.879440768301208,6.088967300323676,0.18597262513983875,12.873294757934456,20.14131233416793,0.7378013349442173,3000.0,-4.5,0.45,none,0.0,
endurance,14,healthy,2144.0,78.46589441288367,79.1564476882732,616.3070964359697,1527.2450949774077,65.94999953531291,30.338508536266097,6.088967300323676,0.16343704852959468,12.950601353640238,19.461799650536797,0.7378013349442173,3000.0,-4.5,0.45,none,0.0,
endurance,14,healthy,2145.0,78.46589441288367,79.02186111890849,611.4731090607597,1517.2232735900022,66.16788879624262,31.015059638578784,6.088967300323676,0.22290592688759436,12.962314292327585,20.13044851577785,0.7378013349442173,3000.0,-4.5,0.45,none,0.0,
endurance,14,healthy,2146.0,78.46589441288367,78.52186541916991,613.0617211826464,1512.8580003719128,66.53807666106638,30.594613624534183,6.088967300323676,0.23020579090404475,12.945864201821406,19.818229606313974,0.7378013349442173,3000.0,-4.5,0.45,none,0.0,
endurance,14,healthy,2147.0,78.46589441288367,77.98423212660825,613.553913081788,1515.323638261925,66.93196042377755,29.611949325846805,6.088967300323676,0.21755373504461165,12.93713775993314,20.045454768789067,0.7378013349442173,3000.0,-4.5,0.45,none,0.0,
endurance,14,healthy,2148.0,78.46589441288367,79.63808451634101,611.1547920345411,1515.8808080095873,65.75407109925247,30.287476274683055,6.088967300323676,0.2641489103585054,12.98773123378499,20.087943871848665,0.7378013349442173,3000.0,-4.5,0.45,none,0.0,
endurance,14,healthy,2149.0,78.46589441288367,79.00773335117731,610.4324064905246,1520.3415327944763,66.44133804508347,30.130897320379876,6.088967300323676,0.18802201772185909,12.970573832284996,19.604546913804892,0.7378013349442173,3000.0,-4.5,0.45,none,0.0,
endurance,14,healthy,2150.0,78.46589441288367,78.352284394672,612.005401850346,1519.9790083632588,66.12883984814323,30.091027123480696,6.088967300323676,0.1764474315019472,12.956535163949452,19.899898437928265,0.7378013349442173,3000.0,-4.5,0.45,none,0.0,
endurance,14,healthy,2151.0,78.46589441288367,78.29773893282521,616.1719869831098,1522.046557706099,66.82767727552759,31.074045705225043,6.088967300323676,0.17697095623586637,12.86228946875107,20.00034856092338,0.7378013349442173,3000.0,-4.5,0.45,none,0.0,
endurance,14,healthy,2152.0,78.46589441288367,78.75390509310326,612.2684022559753,1516.9457161612875,65.58121524091057,30.5620560643586,6.088967300323676,0.18981029064236088,12.952427873611796,20.106974805483258,0.7378013349442173,3000.0,-4.5,0.45,none,0.0,
endurance,14,healthy,2153.0,78.46589441288367,77.22083588562991,612.1548981381478,1514.7143211980056,65.488182962594,30.683890632144127,6.088967300323676,0.22275930395718763,12.969095654627708,20.22646491527218,0.7378013349442173,3000.0,-4.5,0.45,none,0.0,
endurance,14,healthy,2154.0,78.46589441288367,78.9254524459835,615.8587348735315,1523.906474018342,65.34817073215619,30.58354236661743,6.088967300323676,0.17686235332414252,12.892977801083932,19.685215119462075,0.7378013349442173,3000.0,-4.5,0.45,none,0.0,
endurance,14,healthy,2155.0,78.46589441288367,78.50863941404037,615.3472432495772,1520.3338119454145,66.15035022961337,30.743570636106448,6.088967300323676,0.22895407963159545,12.867910508223222,20.286522240087148,0.7378013349442173,3000.0,-4.5,0.45,none,0.0,
endurance,14,healthy,2156.0,78.46589441288367,78.68343026457585,609.4298420905374,1514.8493164491185,66.78550122815629,29.702831814309263,6.088967300323676,0.22140061839001224,12.893318980893056,20.29453751793495,0.7378013349442173,3000.0,-4.5,0.45,none,0.0,
endurance,14,healthy,2157.0,78.46589441288367,78.76178645630974,609.8522938122317,1508.532423171048,65.15294077390243,30.3891799321464,6.088967300323676,0.1973009151862886,12.93232815974908,19.967834124339063,0.7378013349442173,3000.0,-4.5,0.45,none,0.0,
endurance,14,healthy,2158.0,78.46589441288367,78.15275709880204,615.3768662854118,1531.7705909383715,66.80497701707046,30.167881360553956,6.088967300323676,0.2273405356309784,12.929263271987962,20.04398338862169,0.7378013349442173,3000.0,-4.5,0.45,none,0.0,
endurance,14,healthy,2159.0,78.46589441288367,78.2732220468297,610.5493262281742,1515.9078799000858,67.01701900022965,30.26184951509663,6.088967300323676,0.3093318780371505,12.96902444629795,19.988103455259477,0.7378013349442173,3000.0,-4.5,0.45,none,0.0,
endurance,14,healthy,2160.0,78.46589441288367,77.64664987551886,615.7483827255563,1512.2774726888445,66.99319110481098,30.78454630945902,6.088967300323676,0.15904865501560392,13.016069874300555,20.14275919039729,0.7378013349442173,3000.0,-4.5,0.45,none,0.0,
endurance,14,healthy,2161.0,78.46589441288367,78.92618944582908,621.6604474828505,1517.1666845316372,67.27920615714937,30.601809829140542,6.088967300323676,0.14315742742395907,12.924268716953252,20.04017062779045,0.7378013349442173,3000.0,-4.5,0.45,none,0.0,
endurance,14,healthy,2162.0,78.46589441288367,77.50061370182964,612.2143764048503,1526.1512181582593,65.79199359185759,30.10561512080917,6.088967300323676,0.25937278640312966,12.928271165073896,19.76211896361304,0.7378013349442173,3000.0,-4.5,0.45,none,0.0,
endurance,14,healthy,2163.0,78.46589441288367,78.41239995060386,612.0086464200358,1518.1102477125253,66.99793760613966,29.8090545982323,6.088967300323676,0.18264768658293623,12.930833299168292,19.823126716548163,0.7378013349442173,3000.0,-4.5,0.45,none,0.0,
endurance,14,healthy,2164.0,78.46589441288367,78.102201259236,613.8294180849731,1508.0320713740573,66.12240371549913,29.659691832115033,6.088967300323676,0.21842981798926564,12.866289053603015,20.15137423547086,0.7378013349442173,3000.0,-4.5,0.45,none,0.0,
endurance,14,healthy,2165.0,78.46589441288367,78.95021689789915,612.9772639951182,1526.14484844355,65.91920720738388,30.115647339328955,6.088967300323676,0.2023643918796876,12.994408835408658,20.197143211153342,0.7378013349442173,3000.0,-4.5,0.45,none,0.0,
endurance,14,healthy,2166.0,78.46589441288367,77.71006034248767,611.1667476581968,1522.4205137002673,66.44067533827354,30.559886649932338,6.088967300323676,0.1843532747670167,12.94525053574948,20.079665389215496,0.7378013349442173,3000.0,-4.5,0.45,none,0.0,
endurance,14,healthy,2167.0,78.46589441288367,78.60496989908879,617.9269193881535,1520.3401724762773,66.97081237245078,31.011864199856646,6.088967300323676,0.1638875371582339,12.989001305526667,19.92478547210631,0.7378013349442173,3000.0,-4.5,0.45,none,0.0,
endurance,14,healthy,2168.0,78.46589441288367,78.81480220505865,615.716705955766,1513.1003134706193,66.10997839658022,30.478269575314034,6.088967300323676,0.2060788439707005,12.80439994379259,19.863393225486195,0.7378013349442173,3000.0,-4.5,0.45,none,0.0,
endurance,14,healthy,2169.0,78.46589441288367,77.75660572342909,615.8975433923737,1519.9099985762873,67.10223940316402,30.44295333250733,6.088967300323676,0.1622072753335427,12.842809180310619,20.05113658177476,0.7378013349442173,3000.0,-4.5,0.45,none,0.0,
endurance,14,healthy,2170.0,78.46589441288367,79.25326058973289,619.7158653547607,1515.2649443571695,65.85136363592004,31.08812753726382,6.088967300323676,0.1817102031370629,12.994565182743493,19.806679992568828,0.7378013349442173,3000.0,-4.5,0.45,none,0.0,
endurance,14,healthy,2171.0,78.46589441288367,78.24350867591994,610.0097647217428,1513.2790814727994,65.81971631272567,30.263460349940516,6.088967300323676,0.19859894394387512,12.8952652610921,20.168272197221757,0.7378013349442173,3000.0,-4.5,0.45,none,0.0,
endurance,14,healthy,2172.0,78.46589441288367,78.10799383667182,619.9198486104575,1525.5529953633752,66.13042807780101,30.567771335959655,6.088967300323676,0.17548691461708193,12.950839877048015,19.731412543839777,0.7378013349442173,3000.0,-4.5,0.45,none,0.0,
endurance,14,healthy,2173.0,78.46589441288367,78.20274869021044,614.1874547328326,1522.6190335691294,66.14456782144671,29.862864614436244,6.088967300323676,0.15520109715601726,12.874561815977875,20.294886436693428,0.7378013349442173,3000.0,-4.5,0.45,none,0.0,
endurance,14,healthy,2174.0,78.46589441288367,78.16155860026119,613.5788663897105,1511.7417197957122,66.70736930026834,30.010097035011512,6.088967300323676,0.21144614558845873,12.921140140934183,20.139027021274707,0.7378013349442173,3000.0,-4.5,0.45,none,0.0,
endurance,14,healthy,2175.0,78.46589441288367,78.44603084009209,610.3383648848297,1520.4791457970139,66.29178406050417,30.71976401374666,6.088967300323676,0.19013623846735006,12.898302282296275,19.62383924654627,0.7378013349442173,3000.0,-4.5,0.45,none,0.0,
endurance,14,healthy,2176.0,78.46589441288367,77.96589444738738,611.8166480775242,1521.0514655210814,65.63301156110855,30.138538439055367,6.088967300323676,0.18028502394533552,13.01362862612738,19.962427628171476,0.7378013349442173,3000.0,-4.5,0.45,none,0.0,
endurance,14,healthy,2177.0,78.46589441288367,78.39042652169496,614.6239678052613,1525.883499916,66.62872328897284,30.052700582497035,6.088967300323676,0.1560929763881615,12.880148429847047,20.01442415471406,0.7378013349442173,3000.0,-4.5,0.45,none,0.0,
endurance,14,healthy,2178.0,78.46589441288367,77.81707730467124,606.7002630208236,1517.8598506656513,66.03192586104053,29.940790010634455,6.088967300323676,0.2264258586838388,12.89390736050773,20.28568997233286,0.7378013349442173,3000.0,-4.5,0.45,none,0.0,
endurance,14,healthy,2179.0,78.46589441288367,79.08736650707031,613.070896272295,1516.185055866026,65.46483864281383,30.30874421347044,6.088967300323676,0.16233279131720163,13.003847036523453,19.77678040460303,0.7378013349442173,3000.0,-4.5,0.45,none,0.0,
endurance,14,healthy,2180.0,78.46589441288367,78.11483527635235,612.1309466841668,1522.7182017549637,66.75536608367818,30.219861206123536,6.088967300323676,0.17482876231877895,12.826416654668671,20.278510115382,0.7378013349442173,3000.0,-4.5,0.45,none,0.0,
endurance,14,healthy,2181.0,78.46589441288367,78.73232175999534,608.2105582455742,1515.6533786560844,65.97837218630156,30.78014001637917,6.088967300323676,0.16725198159945504,12.972717898157809,20.353804183872803,0.7378013349442173,3000.0,-4.5,0.45,none,0.0,
endurance,14,healthy,2182.0,78.46589441288367,78.14729641971611,609.8213885199837,1519.564044421087,66.17612522679394,31.12611729469846,6.088967300323676,0.1361271344136249,12.979097762559466,19.817425744832395,0.7378013349442173,3000.0,-4.5,0.45,none,0.0,
endurance,14,healthy,2183.0,78.46589441288367,78.40482698453319,606.2675776740558,1517.3611341595167,65.99015940925486,30.096890711756373,6.088967300323676,0.24044304745149978,12.911484774830365,20.103975875611322,0.7378013349442173,3000.0,-4.5,0.45,none,0.0,
endurance,14,healthy,2184.0,78.46589441288367,77.82694076956304,610.708912867323,1524.9982900764899,65.93322568655888,30.228158060006727,6.088967300323676,0.2751401712527951,12.892145210810058,20.433521754386604,0.7378013349442173,3000.0,-4.5,0.45,none,0.0,
endurance,14,healthy,2185.0,78.46589441288367,78.17080321441172,608.5651519576608,1518.8445514299829,66.48531727453792,30.475420438302955,6.088967300323676,0.21706264060866093,12.930978395830772,19.84477607971561,0.7378013349442173,3000.0,-4.5,0.45,none,0.0,
endurance,14,healthy,2186.0,78.46589441288367,77.70478322347346,612.9635030700235,1517.075441595958,65.98025179864906,30.914498230261643,6.088967300323676,0.21932860039252106,12.93705030539382,19.90888616876472,0.7378013349442173,3000.0,-4.5,0.45,none,0.0,
endurance,14,healthy,2187.0,78.46589441288367,78.02813574687794,613.8390011920617,1529.2808649683811,66.14613292738798,31.35311550223576,6.088967300323676,0.1718454612508877,12.959821111442002,20.24901978311328,0.7378013349442173,3000.0,-4.5,0.45,none,0.0,
endurance,14,healthy,2188.0,78.46589441288367,78.05417711570925,612.1166130345755,1525.0085765984516,66.04781449833938,30.960140704197354,6.088967300323676,0.21718098700618652,12.961496577016058,19.697574043229118,0.7378013349442173,3000.0,-4.5,0.45,none,0.0,
endurance,14,healthy,2189.0,78.46589441288367,78.73506400185599,610.1514972013963,1516.4121067957535,66.0490119188117,30.058544161534204,6.088967300323676,0.2427994209379005,13.01321719030567,19.601090071840318,0.7378013349442173,3000.0,-4.5,0.45,none,0.0,
endurance,14,healthy,2190.0,78.46589441288367,78.81714590659442,617.1101659239347,1527.7561535358877,65.76476687702134,28.69560864060376,6.088967300323676,0.1903971375794306,13.04064704327536,19.668189851972073,0.7378013349442173,3000.0,-4.5,0.45,none,0.0,
endurance,14,healthy,2191.0,78.46589441288367,78.66370598911242,614.0556032025511,1526.569707033366,66.14094477461364,30.64811702904416,6.088967300323676,0.2081828731952369,12.823540171538323,19.84452422724687,0.7378013349442173,3000.0,-4.5,0.45,none,0.0,
endurance,14,healthy,2192.0,78.46589441288367,78.73374015464002,611.8286838778026,1529.6281693662715,65.41507663205361,30.534652278296484,6.088967300323676,0.11102222637791336,12.891599101413382,19.902048732291473,0.7378013349442173,3000.0,-4.5,0.45,none,0.0,
endurance,14,healthy,2193.0,78.46589441288367,78.09441222421303,616.6260428239464,1520.460614882133,66.37645532536473,30.49701272145947,6.088967300323676,0.22682275923738174,12.946282619065112,19.852632683906062,0.7378013349442173,3000.0,-4.5,0.45,none,0.0,
endurance,14,healthy,2194.0,78.46589441288367,78.24895027137242,615.4438871862916,1512.9549924395224,66.87782553736554,31.174369130570984,6.088967300323676,0.15789365346496484,12.90718913872299,20.00164204659105,0.7378013349442173,3000.0,-4.5,0.45,none,0.0,
endurance,14,healthy,2195.0,78.46589441288367,78.44303478835586,607.900787239118,1517.670047275695,67.10247910945922,30.406597565605775,6.088967300323676,0.1667764083115591,12.943502908886341,20.26542376708757,0.7378013349442173,3000.0,-4.5,0.45,none,0.0,
endurance,14,healthy,2196.0,78.46589441288367,78.55863673741722,611.9809178549457,1524.1399727493629,65.67511175299579,30.410821651161314,6.088967300323676,0.16044926308458296,12.893523050476505,19.957508748808497,0.7378013349442173,3000.0,-4.5,0.45,none,0.0,
endurance,14,healthy,2197.0,78.46589441288367,77.98893286033719,617.1651010186504,1518.492816660585,66.85851994431879,30.86350848435125,6.088967300323676,0.22355325323636346,12.8786250649763,20.070460573039377,0.7378013349442173,3000.0,-4.5,0.45,none,0.0,
endurance,14,healthy,2198.0,78.46589441288367,78.70504517906052,615.8679456555607,1521.7541176792329,66.2487763674504,30.716262191576067,6.088967300323676,0.2144401752850779,12.9427537051357,20.291779135473913,0.7378013349442173,3000.0,-4.5,0.45,none,0.0,
endurance,14,healthy,2199.0,78.46589441288367,77.27759217037688,608.7625517540196,1518.4479550425144,66.83216954456108,30.75297804727979,6.088967300323676,0.23925415040158454,12.89449614133682,19.917804825131302,0.7378013349442173,3000.0,-4.5,0.45,none,0.0,
endurance,14,healthy,2200.0,78.46589441288367,78.41400472265133,607.2638393179496,1518.5711365543325,66.12849580301233,30.382017876843584,6.088967300323676,0.29703605264271304,12.979392444335028,20.050847265578653,0.7378013349442173,3000.0,-4.5,0.45,none,0.0,
endurance,14,healthy,2201.0,78.46589441288367,78.72695071797882,607.994197560577,1521.8933385169419,66.0569807688042,30.48624206942785,6.088967300323676,0.2646758055164727,12.958800429678863,19.83122442055663,0.7378013349442173,3000.0,-4.5,0.45,none,0.0,
endurance,14,healthy,2202.0,78.46589441288367,77.68500055297,615.4288082332798,1520.030766840331,66.40752400452114,30.1539536457376,6.088967300323676,0.20652371696878674,12.983515554625468,20.107507604803484,0.7378013349442173,3000.0,-4.5,0.45,none,0.0,
endurance,14,healthy,2203.0,78.46589441288367,78.09783807604381,613.1179148536785,1524.886183398855,66.44211441892126,29.93330659341911,6.088967300323676,0.21427285547625585,12.914597123817297,19.94988923909254,0.7378013349442173,3000.0,-4.5,0.45,none,0.0,
endurance,14,healthy,2204.0,78.46589441288367,78.21878464793053,608.1477204982381,1519.675607709132,65.5868787860349,30.712853735022403,6.088967300323676,0.2355847762838324,12.923025380727013,20.27723586327015,0.7378013349442173,3000.0,-4.5,0.45,none,0.0,
endurance,14,healthy,2205.0,78.46589441288367,78.42340457846007,615.0151412741238,1515.5690425961654,65.07895541945338,29.42944938122825,6.088967300323676,0.1611498006371312,12.970754363044668,19.846197613730173,0.7378013349442173,3000.0,-4.5,0.45,none,0.0,
endurance,14,healthy,2206.0,78.46589441288367,78.38022215994916,615.061890263494,1507.986949961791,65.80020196069106,30.369949423092685,6.088967300323676,0.264084676150143,12.926048963841975,19.994618226531795,0.7378013349442173,3000.0,-4.5,0.45,none,0.0,
endurance,14,healthy,2207.0,78.46589441288367,78.20526819161074,611.5176976186636,1530.507317364859,65.96177938929493,30.569547753940373,6.088967300323676,0.24158211942703253,12.938551549116271,20.025931766057496,0.7378013349442173,3000.0,-4.5,0.45,none,0.0,
endurance,14,healthy,2208.0,78.46589441288367,78.83292242512428,612.2771756066214,1527.0029793479112,65.79603731844836,31.437079107125708,6.088967300323676,0.20883588252140037,12.962548092244095,19.927398119359307,0.7378013349442173,3000.0,-4.5,0.45,none,0.0,
endurance,14,healthy,2209.0,78.46589441288367,78.8560457305345,610.0242286576794,1525.2665097442714,66.46789332632567,30.427729594011836,6.088967300323676,0.19611207156694122,12.876059195111731,20.145413694985425,0.7378013349442173,3000.0,-4.5,0.45,none,0.0,
endurance,14,healthy,2210.0,78.46589441288367,78.33155663770596,605.4677488370456,1524.2349589085202,66.74309326260439,30.093537891319354,6.088967300323676,0.19998334818507355,12.924511864294425,20.012489201995965,0.7378013349442173,3000.0,-4.5,0.45,none,0.0,
endurance,14,healthy,2211.0,78.46589441288367,78.74683764769054,612.0907795795022,1516.7865958513285,66.49999239484261,30.91469545276082,6.088967300323676,0.20377536773508112,12.882721408468361,20.100927126772557,0.7378013349442173,3000.0,-4.5,0.45,none,0.0,
endurance,14,healthy,2212.0,78.46589441288367,78.42087030669731,614.3210082886516,1516.4818738400136,66.39127949185637,30.780603432467245,6.088967300323676,0.22810306771066619,12.949449931566205,19.858013731736246,0.7378013349442173,3000.0,-4.5,0.45,none,0.0,
endurance,14,healthy,2213.0,78.46589441288367,77.77517325500733,607.9594451635661,1519.6966544251536,66.868097465287,30.461461173853966,6.088967300323676,0.2351657034795132,12.911504621096416,19.9958987852519,0.7378013349442173,3000.0,-4.5,0.45,none,0.0,
endurance,14,healthy,2214.0,78.46589441288367,78.26719734071486,613.6831316222377,1515.2462846958629,65.61134652615411,30.041025236514386,6.088967300323676,0.1675913571345209,12.932399320298838,20.142127641355234,0.7378013349442173,3000.0,-4.5,0.45,none,0.0,
endurance,14,healthy,2215.0,78.46589441288367,78.12601534776661,612.8972243850168,1524.2259127205207,66.56406401176244,30.370803787111814,6.088967300323676,0.2668364550007293,12.94795684495639,19.98578405095896,0.7378013349442173,3000.0,-4.5,0.45,none,0.0,
endurance,14,healthy,2216.0,78.46589441288367,77.89655612961184,611.8022498221077,1527.5671237768245,66.80865727258802,30.56905267092593,6.088967300323676,0.23733645784666618,12.908605740246657,20.004586064954403,0.7378013349442173,3000.0,-4.5,0.45,none,0.0,
endurance,14,healthy,2217.0,78.46589441288367,78.36320579901638,617.6587682776751,1514.019395849725,66.30241888167652,31.00498409178433,6.088967300323676,0.262467515600099,12.910699310456925,20.079057351794823,0.7378013349442173,3000.0,-4.5,0.45,none,0.0,
endurance,14,healthy,2218.0,78.46589441288367,79.38607370909176,605.7745466819424,1517.7313381474214,66.31731883957508,30.87105812597987,6.088967300323676,0.27370820116974903,12.963088240141532,20.19086241099676,0.7378013349442173,3000.0,-4.5,0.45,none,0.0,
endurance,14,healthy,2219.0,78.46589441288367,78.55754490270704,613.8728884026783,1516.5969303431218,66.76082664468841,30.87115355754207,6.088967300323676,0.15749618316336422,12.856431270657206,19.901712926525445,0.7378013349442173,3000.0,-4.5,0.45,none,0.0,
endurance,14,healthy,2220.0,78.46589441288367,79.48765534492716,617.5879254885772,1523.2460810236971,66.3341196845444,30.631690608853017,6.088967300323676,0.16933177050104947,12.887181503124019,19.737771415312796,0.7378013349442173,3000.0,-4.5,0.45,none,0.0,
endurance,14,healthy,2221.0,78.46589441288367,78.70005873599388,612.6450809647876,1516.8519817008676,65.8169305302658,29.881815658255277,6.088967300323676,0.22239549942202647,12.880076373364872,20.00591629510213,0.7378013349442173,3000.0,-4.5,0.45,none,0.0,
endurance,14,healthy,2222.0,78.46589441288367,78.59389326058208,609.9056779950188,1521.2787249976207,65.9739298121836,30.679168561079965,6.088967300323676,0.2202089803140102,12.888971904797767,20.081642696715516,0.7378013349442173,3000.0,-4.5,0.45,none,0.0,
endurance,14,healthy,2223.0,78.46589441288367,78.08738739094787,614.799634152761,1516.5952381833088,66.068437259153,29.97294141257029,6.088967300323676,0.1727210968294693,12.891720684699369,20.055685759233384,0.7378013349442173,3000.0,-4.5,0.45,none,0.0,
endurance,14,healthy,2224.0,78.46589441288367,78.25580689786528,609.5569036954131,1514.8588555706538,66.25698618946839,31.047932366875937,6.088967300323676,0.18594575056429097,12.971586361214735,19.917787236898345,0.7378013349442173,3000.0,-4.5,0.45,none,0.0,
endurance,14,healthy,2225.0,78.46589441288367,77.99446090215712,608.2966650922974,1521.4944047397214,66.64698238149732,30.220435635336294,6.088967300323676,0.2261818149946023,12.920661128953748,19.975257430476837,0.7378013349442173,3000.0,-4.5,0.45,none,0.0,
endurance,14,healthy,2226.0,78.46589441288367,77.49741630621345,610.0669781927324,1513.1703350278224,67.06657321524128,30.215839602319363,6.088967300323676,0.22548376878180115,12.85206714958405,19.90607808977687,0.7378013349442173,3000.0,-4.5,0.45,none,0.0,
endurance,14,healthy,2227.0,78.46589441288367,78.30024129057958,613.5662021846479,1521.7278565695922,66.0274466896245,29.92761602301468,6.088967300323676,0.2598827335106694,12.878151570580211,19.91648251315483,0.7378013349442173,3000.0,-4.5,0.45,none,0.0,
endurance,14,healthy,2228.0,78.46589441288367,78.16233917489986,610.2847671080302,1512.5392427205054,65.78257100943989,30.145077732030465,6.088967300323676,0.2653757713262717,12.94563017194099,20.144387412794543,0.7378013349442173,3000.0,-4.5,0.45,none,0.0,
endurance,14,healthy,2229.0,78.46589441288367,79.55057735967435,616.1642562101382,1517.3665710869416,66.65073384423899,30.296582294862436,6.088967300323676,0.10169422418506427,12.87727384385374,19.97485723705886,0.7378013349442173,3000.0,-4.5,0.45,none,0.0,
endurance,14,healthy,2230.0,78.46589441288367,78.69756979596171,617.4680301467232,1519.5791491707525,66.1303989097222,29.47908112859945,6.088967300323676,0.17247185159560535,12.980172870878587,20.146277080107307,0.7378013349442173,3000.0,-4.5,0.45,none,0.0,
endurance,14,healthy,2231.0,78.46589441288367,77.47645661367763,609.4203388706109,1519.8826571512145,66.26523706494793,29.80354127176079,6.088967300323676,0.21965476523979788,12.815632890552058,20.36584151613129,0.7378013349442173,3000.0,-4.5,0.45,none,0.0,
endurance,14,healthy,2232.0,78.46589441288367,78.14428972574515,616.289446212237,1526.1668995694065,65.80414609774614,30.298142531571585,6.088967300323676,0.26307890987552796,12.920901061859501,20.153243419674652,0.7378013349442173,3000.0,-4.5,0.45,none,0.0,
endurance,14,healthy,2233.0,78.46589441288367,77.64998701412155,613.496872761843,1522.0715745843509,65.89562452551807,30.37740418166114,6.088967300323676,0.24179195798030056,12.900398338942878,19.806306597634542,0.7378013349442173,3000.0,-4.5,0.45,none,0.0,
endurance,14,healthy,2234.0,78.46589441288367,78.39161188520644,614.622579904735,1527.2960721560055,65.6138104467131,30.745226125432545,6.088967300323676,0.19099297895517126,12.996771796809922,20.272027501273147,0.7378013349442173,3000.0,-4.5,0.45,none,0.0,
endurance,14,healthy,2235.0,78.46589441288367,77.54692028547416,612.6210816152866,1523.8901157035525,64.7570600629599,30.57254060018855,6.088967300323676,0.1923490295134459,12.94222303156402,20.03172423709367,0.7378013349442173,3000.0,-4.5,0.45,none,0.0,
endurance,14,healthy,2236.0,78.46589441288367,78.09773583453605,616.1598218712662,1520.4145070521654,66.30372845042429,31.25670757512026,6.088967300323676,0.12830713950205988,12.957925746119432,20.17247114394461,0.7378013349442173,3000.0,-4.5,0.45,none,0.0,
endurance,14,healthy,2237.0,78.46589441288367,78.67084266621265,615.4259046237084,1517.45247315614,66.19611718097451,30.44260836831589,6.088967300323676,0.2176674361816031,12.881649828222946,19.97728578211605,0.7378013349442173,3000.0,-4.5,0.45,none,0.0,
endurance,14,healthy,2238.0,78.46589441288367,78.57016685115812,614.7607546908245,1520.6190392381939,66.63027836759342,29.92681933784988,6.088967300323676,0.22303069964428388,12.91302228967593,20.00268090962979,0.7378013349442173,3000.0,-4.5,0.45,none,0.0,
endurance,14,healthy,2239.0,78.46589441288367,78.97140285485892,614.2400432798771,1519.1099118314864,66.10487614915127,31.194903116104502,6.088967300323676,0.17882496591794056,12.96632602915457,20.38504001036943,0.7378013349442173,3000.0,-4.5,0.45,none,0.0,
endurance,14,healthy,2240.0,78.46589441288367,77.73933604266156,613.0391120799763,1518.7539151538174,66.4885558335718,30.69698337758875,6.088967300323676,0.08261117187180111,12.890123233334965,20.03476886174026,0.7378013349442173,3000.0,-4.5,0.45,none,0.0,
endurance,14,healthy,2241.0,78.46589441288367,78.30889977081014,612.648171143299,1526.7857052004322,66.85852623281804,30.553530551019172,6.088967300323676,0.23776908709467862,12.947382723562317,20.156647749664206,0.7378013349442173,3000.0,-4.5,0.45,none,0.0,
endurance,14,healthy,2242.0,78.46589441288367,78.0454292756915,613.6588650275453,1520.7250195833035,66.76086341440175,30.685739073025324,6.088967300323676,0.09643502469387646,12.939754176287876,20.118991674544134,0.7378013349442173,3000.0,-4.5,0.45,none,0.0,
endurance,14,healthy,2243.0,78.46589441288367,78.76363867329995,613.1169756259761,1527.768801129073,66.79088190045053,30.099159223384227,6.088967300323676,0.16188142598177807,12.963439811159306,20.067790985139997,0.7378013349442173,3000.0,-4.5,0.45,none,0.0,
endurance,14,healthy,2244.0,78.46589441288367,79.26018366998589,612.9091085795295,1528.6375009409367,65.48098640844846,30.377957784196592,6.088967300323676,0.13866619814411946,12.877341694535104,20.26592213286494,0.7378013349442173,3000.0,-4.5,0.45,none,0.0,
endurance,14,healthy,2245.0,78.46589441288367,77.74226368449415,610.4429433757415,1528.1978602611798,65.61552764468068,29.60011556261436,6.088967300323676,0.10261726227903835,12.918913185186717,19.664855094999922,0.7378013349442173,3000.0,-4.5,0.45,none,0.0,
endurance,14,healthy,2246.0,78.46589441288367,79.51703016981489,608.240675484113,1516.186900308579,65.8467027666288,29.9433168194081,6.088967300323676,0.20273115666082567,12.882024373694676,19.90769851848028,0.7378013349442173,3000.0,-4.5,0.45,none,0.0,
endurance,14,healthy,2247.0,78.46589441288367,78.32343277570426,615.5510323024673,1513.9840755409718,65.2405354460015,30.318999416676782,6.088967300323676,0.27267940272608066,12.885791832169351,20.07630595010857,0.7378013349442173,3000.0,-4.5,0.45,none,0.0,
endurance,14,healthy,2248.0,78.46589441288367,78.96956779330851,612.5049189584608,1519.4989957274936,66.12461570776895,29.74576861956565,6.088967300323676,0.20650582232691006,12.897698056117392,20.248884122673136,0.7378013349442173,3000.0,-4.5,0.45,none,0.0,
endurance,14,healthy,2249.0,78.46589441288367,78.11505536472572,617.834745649956,1521.9596093508273,66.39198310738881,30.045040326977038,6.088967300323676,0.282402493444857,12.847676404799936,19.803264068661502,0.7378013349442173,3000.0,-4.5,0.45,none,0.0,
endurance,14,healthy,2250.0,78.46589441288367,79.13612022504606,610.7046077091475,1517.1071524078338,66.21604202492685,30.52641216626681,6.088967300323676,0.20192457833011637,12.909421830927949,19.829402057991636,0.7378013349442173,3000.0,-4.5,0.45,none,0.0,
endurance,14,healthy,2251.0,78.46589441288367,78.94122499363661,616.8368362563153,1521.4107155038434,65.933113616024,30.88131909262888,6.088967300323676,0.20703302435695778,12.940173361718575,19.667855635491275,0.7378013349442173,3000.0,-4.5,0.45,none,0.0,
endurance,14,healthy,2252.0,78.46589441288367,78.4910448467043,609.6679168688795,1522.9395135853345,66.0408198299122,30.455656819141456,6.088967300323676,0.301031035818477,12.970461119364643,20.14786521358258,0.7378013349442173,3000.0,-4.5,0.45,none,0.0,
endurance,14,healthy,2253.0,78.46589441288367,78.95512786961045,610.9492508296738,1523.8852844722385,66.17264731980997,30.778903474110276,6.088967300323676,0.2450979514492381,12.925138030451038,19.973893209652875,0.7378013349442173,3000.0,-4.5,0.45,none,0.0,
endurance,14,healthy,2254.0,78.46589441288367,78.85856384321406,617.4121703630635,1519.2259282135556,66.218789259512,30.26956703641307,6.088967300323676,0.22828604221130774,12.877528511161945,19.822463601606053,0.7378013349442173,3000.0,-4.5,0.45,none,0.0,
endurance,14,healthy,2255.0,78.46589441288367,77.97092500030826,620.1187120791496,1521.5698271483295,66.80545893910927,31.457047289972948,6.088967300323676,0.2050605948443717,12.890634110370758,19.96544944665016,0.7378013349442173,3000.0,-4.5,0.45,none,0.0,
endurance,14,healthy,2256.0,78.46589441288367,79.47882487436466,618.5648949570026,1518.0660958508565,65.85497340765966,31.018563678447446,6.088967300323676,0.25965859909175004,12.969681759227813,20.154293653220986,0.7378013349442173,3000.0,-4.5,0.45,none,0.0,
endurance,14,healthy,2257.0,78.46589441288367,79.46441266795861,616.1854808733601,1515.7869502768626,66.33206204329451,30.663275559460647,6.088967300323676,0.25520822668759147,12.954869249085851,20.362601741179173,0.7378013349442173,3000.0,-4.5,0.45,none,0.0,
endurance,14,healthy,2258.0,78.46589441288367,79.0044391599836,610.2758247361157,1525.7915281354399,66.42557477560791,30.34057737915464,6.088967300323676,0.1603168272632589,12.936057123541806,20.154749900757142,0.7378013349442173,3000.0,-4.5,0.45,none,0.0,
endurance,14,healthy,2259.0,78.46589441288367,78.17439975616254,612.8688159449451,1522.238366102115,65.96418233922952,31.065274021625605,6.088967300323676,0.10019384845852378,12.830956885367884,19.760453902752324,0.7378013349442173,3000.0,-4.5,0.45,none,0.0,
endurance,14,healthy,2260.0,78.46589441288367,78.60723416639748,610.1564878142694,1511.2929611705422,65.77705798099879,29.563104892807086,6.088967300323676,0.16168249487260383,12.893534425988323,20.122135665801885,0.7378013349442173,3000.0,-4.5,0.45,none,0.0,
endurance,14,healthy,2261.0,78.46589441288367,79.14490218161866,616.9170871640916,1514.8695796097452,66.44551168907695,30.37410230359536,6.088967300323676,0.22642589005604344,12.887161430852615,19.98690202092438,0.7378013349442173,3000.0,-4.5,0.45,none,0.0,
endurance,14,healthy,2262.0,78.46589441288367,78.42100747798716,615.7879910704415,1523.837987219221,67.3550111253262,30.25450370535733,6.088967300323676,0.224137834486043,12.830742967940722,19.83421269641556,0.7378013349442173,3000.0,-4.5,0.45,none,0.0,
endurance,14,healthy,2263.0,78.46589441288367,78.42982787620642,610.0137337862075,1519.3990587336098,65.64176650229011,30.338652571811252,6.088967300323676,0.21631522458448216,12.822744803793626,19.851652965842117,0.7378013349442173,3000.0,-4.5,0.45,none,0.0,
endurance,14,healthy,2264.0,78.46589441288367,78.43587100535278,613.4319620792367,1513.221337835094,65.8825732572275,31.07846709657697,6.088967300323676,0.22073011841870346,12.950033085766346,20.16729888866463,0.7378013349442173,3000.0,-4.5,0.45,none,0.0,
endurance,14,healthy,2265.0,78.46589441288367,78.2366729139454,614.6643723959209,1521.499553265137,65.72972351672969,30.486338033259845,6.088967300323676,0.1909877154258649,12.956668805646036,20.16613493447849,0.7378013349442173,3000.0,-4.5,0.45,none,0.0,
endurance,14,healthy,2266.0,78.46589441288367,79.50692986575505,614.1617698201909,1516.8481391229536,66.06848481914983,30.31305468601659,6.088967300323676,0.24107036368870327,12.89962118415499,20.244804923448697,0.7378013349442173,3000.0,-4.5,0.45,none,0.0,
endurance,14,healthy,2267.0,78.46589441288367,79.59285388928122,614.6576859135394,1522.0208272517016,66.1190383154903,30.385891351854056,6.088967300323676,0.25951034161292624,12.957623664145576,19.829114016125526,0.7378013349442173,3000.0,-4.5,0.45,none,0.0,
endurance,14,healthy,2268.0,78.46589441288367,78.71080082941828,613.0259338457288,1516.7152755512711,65.80012435838157,31.4401725335664,6.088967300323676,0.17400747131971397,12.921765545046139,19.633996438665577,0.7378013349442173,3000.0,-4.5,0.45,none,0.0,
endurance,14,healthy,2269.0,78.46589441288367,79.59000854387844,613.6584243059089,1511.08386647653,66.75471488011081,30.251363989100682,6.088967300323676,0.2473290354017379,12.91438571078674,19.88839171021411,0.7378013349442173,3000.0,-4.5,0.45,none,0.0,
endurance,14,healthy,2270.0,78.46589441288367,78.46188125970505,611.8863386945219,1513.9761276912734,65.87427497359018,30.284974743981817,6.088967300323676,0.22292141835846324,13.071391382690978,19.68913436002041,0.7378013349442173,3000.0,-4.5,0.45,none,0.0,
endurance,14,healthy,2271.0,78.46589441288367,78.15556561900937,611.8712986400647,1521.2123547975934,66.20527004735676,30.062089753973275,6.088967300323676,0.22917049553003765,12.970653474817466,20.17952675099056,0.7378013349442173,3000.0,-4.5,0.45,none,0.0,
endurance,14,healthy,2272.0,78.46589441288367,78.56384259643133,613.1246168989818,1526.9938948680197,66.25936100602226,30.241983022606483,6.088967300323676,0.18514864464568995,12.927256422847348,19.95606154494201,0.7378013349442173,3000.0,-4.5,0.45,none,0.0,
endurance,14,healthy,2273.0,78.46589441288367,77.84139081914478,609.2133668385901,1522.0194794107351,65.82898170818184,30.44468910823297,6.088967300323676,0.19111742779367544,12.909161546648438,19.473895400489358,0.7378013349442173,3000.0,-4.5,0.45,none,0.0,
endurance,14,healthy,2274.0,78.46589441288367,78.7927804952997,616.6972849033867,1530.8479986554569,65.45237266751737,30.807637111084897,6.088967300323676,0.17704725562915785,12.96007810150548,19.757462681269704,0.7378013349442173,3000.0,-4.5,0.45,none,0.0,
endurance,14,healthy,2275.0,78.46589441288367,78.23925097325154,611.8018137177402,1521.4098418354863,67.32633020900163,30.223290181492285,6.088967300323676,0.16587060778121057,12.889619482001512,20.200804400471124,0.7378013349442173,3000.0,-4.5,0.45,none,0.0,
endurance,14,healthy,2276.0,78.46589441288367,79.09509313839288,610.1505327667487,1515.292319232528,66.45195438598866,30.57305681792259,6.088967300323676,0.15765866065723283,12.949018888907839,19.855744138212014,0.7378013349442173,3000.0,-4.5,0.45,none,0.0,
endurance,14,healthy,2277.0,78.46589441288367,78.43723741187563,609.6778776004423,1519.5662688461805,66.11978088242489,30.45633215560536,6.088967300323676,0.22007648317948106,12.88611935785044,20.043630924938373,0.7378013349442173,3000.0,-4.5,0.45,none,0.0,
endurance,14,healthy,2278.0,78.46589441288367,78.2772689315822,610.400048782603,1514.3335973832359,65.54809300507792,30.291443394864665,6.088967300323676,0.17202421135835938,12.957960506448561,20.23100642153639,0.7378013349442173,3000.0,-4.5,0.45,none,0.0,
endurance,14,healthy,2279.0,78.46589441288367,79.89059291713981,613.9528318057153,1514.6620925393138,65.53243921567224,30.135065868324173,6.088967300323676,0.11771550059237133,12.917772834274977,20.133787395258206,0.7378013349442173,3000.0,-4.5,0.45,none,0.0,
endurance,14,healthy,2280.0,78.46589441288367,78.8222048199579,614.3088230046243,1516.095836942244,65.92241317448529,30.84134461336684,6.088967300323676,0.2048713184625829,12.850182801582072,20.15883299831892,0.7378013349442173,3000.0,-4.5,0.45,none,0.0,
endurance,14,healthy,2281.0,78.46589441288367,78.10790530824262,613.1082620198422,1511.3742911726165,65.93189812350894,30.291532396285266,6.088967300323676,0.18758522569821034,13.019110172117358,19.967299484384064,0.7378013349442173,3000.0,-4.5,0.45,none,0.0,
endurance,14,healthy,2282.0,78.46589441288367,78.34436749001999,611.2803166024103,1522.766813809343,66.65066436536544,29.431466033157335,6.088967300323676,0.20392618936712353,12.952183669866775,20.14273436454385,0.7378013349442173,3000.0,-4.5,0.45,none,0.0,
endurance,14,healthy,2283.0,78.46589441288367,78.3511066861194,606.4797476439763,1520.1292282809352,66.62178661419892,30.75100799670961,6.088967300323676,0.24430809945352044,12.903388304522535,20.265661621658058,0.7378013349442173,3000.0,-4.5,0.45,none,0.0,
endurance,14,healthy,2284.0,78.46589441288367,78.90768002201806,608.975741208755,1508.0653636777672,65.86199386910526,29.986621952748852,6.088967300323676,0.23425095618546343,13.045760219372394,20.138967398555682,0.7378013349442173,3000.0,-4.5,0.45,none,0.0,
endurance,14,healthy,2285.0,78.46589441288367,78.13440879670941,613.2775803991984,1523.1221127754136,66.5940969068442,30.81168093824444,6.088967300323676,0.2219583752753474,12.877600747974233,19.941883994833542,0.7378013349442173,3000.0,-4.5,0.45,none,0.0,
endurance,14,healthy,2286.0,78.46589441288367,78.54751210180721,606.0484244043632,1511.5817745434597,65.73434764347647,30.50996287222217,6.088967300323676,0.24604250953400927,12.958408941327313,20.079942290914413,0.7378013349442173,3000.0,-4.5,0.45,none,0.0,
endurance,14,healthy,2287.0,78.46589441288367,77.5035026622255,617.4526759673038,1523.710537489611,66.00409201659046,30.798988263138444,6.088967300323676,0.13356501193542925,12.910773432269824,19.976463821695244,0.7378013349442173,3000.0,-4.5,0.45,none,0.0,
endurance,14,healthy,2288.0,78.46589441288367,78.20506295689296,611.5493509969763,1522.9267078568914,65.96515879579152,29.899476741866046,6.088967300323676,0.21741906478088863,12.913217610702711,20.0363278954174,0.7378013349442173,3000.0,-4.5,0.45,none,0.0,
endurance,14,healthy,2289.0,78.46589441288367,78.19704125450318,612.3057608118959,1520.3496949629202,66.83146574098726,30.268889850870128,6.088967300323676,0.15540857614218778,12.869928424816882,20.10927332113509,0.7378013349442173,3000.0,-4.5,0.45,none,0.0,
endurance,14,healthy,2290.0,78.46589441288367,79.16805655618842,616.9443140957125,1511.2407485715185,65.18728418414823,29.651701025792715,6.088967300323676,0.2231690448628715,12.870253376240973,19.644540307613884,0.7378013349442173,3000.0,-4.5,0.45,none,0.0,
endurance,14,healthy,2291.0,78.46589441288367,78.56295520754605,610.653854495907,1519.1085325251545,65.51747505120923,29.541981987981384,6.088967300323676,0.16404921947073428,12.863732674425517,20.14922509792295,0.7378013349442173,3000.0,-4.5,0.45,none,0.0,
endurance,14,healthy,2292.0,78.46589441288367,79.12603775489765,617.5518614616368,1525.2426883488038,66.56895637045635,30.03257579427876,6.088967300323676,0.14502304976516678,12.965821710158222,19.700018988628706,0.7378013349442173,3000.0,-4.5,0.45,none,0.0,
endurance,14,healthy,2293.0,78.46589441288367,78.65226728766146,610.9112734289132,1525.2356882378128,65.9677536645527,29.75091113885005,6.088967300323676,0.16268636053648936,12.945300244248047,19.77551570093999,0.7378013349442173,3000.0,-4.5,0.45,none,0.0,
endurance,14,healthy,2294.0,78.46589441288367,77.64707677250257,615.3545074152073,1511.938629138185,65.82416274966897,29.992979003667863,6.088967300323676,0.19370310106176614,12.828808652060495,19.92900173637761,0.7378013349442173,3000.0,-4.5,0.45,none,0.0,
endurance,14,healthy,2295.0,78.46589441288367,79.47533397130971,614.0825932010729,1516.638712085118,65.78486991256571,30.343829623088137,6.088967300323676,0.1317332702765991,12.893036149216076,19.71433829021287,0.7378013349442173,3000.0,-4.5,0.45,none,0.0,
endurance,14,healthy,2296.0,78.46589441288367,77.99647231168011,608.4920532628165,1510.2852692208237,66.44738648430396,30.80385447605773,6.088967300323676,0.1723561270209985,12.97206061534293,19.87432126210308,0.7378013349442173,3000.0,-4.5,0.45,none,0.0,
endurance,14,healthy,2297.0,78.46589441288367,78.84349077083996,612.4071232160046,1511.6557611854496,67.22223709483016,30.535128118994773,6.088967300323676,0.16098322324219144,12.92581034630615,20.046570603867625,0.7378013349442173,3000.0,-4.5,0.45,none,0.0,
endurance,14,healthy,2298.0,78.46589441288367,79.30412713576236,617.9780569252652,1517.9947821643489,65.43237339685693,30.34784006284176,6.088967300323676,0.23297762443637204,12.95695583702,19.798092235654224,0.7378013349442173,3000.0,-4.5,0.45,none,0.0,
endurance,14,healthy,2299.0,78.46589441288367,78.45777006711252,612.0794106202727,1516.797970584991,65.35772877729868,30.755420058081466,6.088967300323676,0.13825159390216252,12.88219608370685,20.229367066172433,0.7378013349442173,3000.0,-4.5,0.45,none,0.0,
endurance,14,healthy,2300.0,78.46589441288367,78.08641229482254,613.9403812001386,1516.529976860771,65.6311831559424,29.963735012870746,6.088967300323676,0.12369527284389203,12.823960797752083,19.894827947133862,0.7378013349442173,3000.0,-4.5,0.45,none,0.0,
endurance,14,healthy,2301.0,78.46589441288367,78.23518149023265,611.6688240497054,1515.3845717003076,65.53432907307024,30.230252157012377,6.088967300323676,0.1946378988557919,12.939525056113263,20.30716292463159,0.7378013349442173,3000.0,-4.5,0.45,none,0.0,
endurance,14,healthy,2302.0,78.46589441288367,78.05753252590681,615.6880812083017,1522.7858747301862,65.80902860681488,30.55915002392716,6.088967300323676,0.19232520193287794,12.934379997578427,20.075252686992684,0.7378013349442173,3000.0,-4.5,0.45,none,0.0,
endurance,14,healthy,2303.0,78.46589441288367,78.07212466800216,617.6130404661797,1515.554210954755,66.01161613830796,30.049172080702192,6.088967300323676,0.14915543630160685,12.914602539870312,19.82951185425623,0.7378013349442173,3000.0,-4.5,0.45,none,0.0,
endurance,14,healthy,2304.0,78.46589441288367,78.47930308037019,610.3589735905005,1520.0826380885167,66.47222864413658,30.714570805028806,6.088967300323676,0.2520746600522944,12.959075985186251,19.663991678482358,0.7378013349442173,3000.0,-4.5,0.45,none,0.0,
endurance,14,healthy,2305.0,78.46589441288367,77.767103460996,614.114068410821,1515.16908032185,66.41120400412538,31.04364516568194,6.088967300323676,0.13135242780455078,12.915634595163654,20.14405381786991,0.7378013349442173,3000.0,-4.5,0.45,none,0.0,
endurance,14,healthy,2306.0,78.46589441288367,78.89861837642191,616.3230402014815,1521.2952936544652,65.61968528403278,30.490767755046132,6.088967300323676,0.15555140769247852,12.946817719647887,19.923981947644464,0.7378013349442173,3000.0,-4.5,0.45,none,0.0,
endurance,14,healthy,2307.0,78.46589441288367,78.4692573088767,613.1802051466267,1513.3074400135788,67.36947796988943,30.962756142918487,6.088967300323676,0.17880710081327214,12.996289732407392,19.654650534361554,0.7378013349442173,3000.0,-4.5,0.45,none,0.0,
endurance,14,healthy,2308.0,78.46589441288367,79.25991590936732,610.8342063624901,1517.563299278468,65.98552823119056,30.161373575375826,6.088967300323676,0.21286001156216625,12.867040180118847,19.999465916176906,0.7378013349442173,3000.0,-4.5,0.45,none,0.0,
endurance,14,healthy,2309.0,78.46589441288367,77.7828566961377,613.3887241103057,1519.767843072939,65.59416689950363,30.644548147700924,6.088967300323676,0.10836233428732586,12.897506687694895,19.65613672597535,0.7378013349442173,3000.0,-4.5,0.45,none,0.0,
endurance,14,healthy,2310.0,78.46589441288367,78.75927039060696,612.774743068698,1524.2627283538216,65.83174370485236,30.7173782828775,6.088967300323676,0.19172354887938176,12.971010940599433,20.239262533248127,0.7378013349442173,3000.0,-4.5,0.45,none,0.0,
endurance,14,healthy,2311.0,78.46589441288367,78.1100771821129,612.0867846952361,1521.4856996042236,67.23539187040649,30.002448210001873,6.088967300323676,0.1464268836915554,12.953485371687691,20.101529942840067,0.7378013349442173,3000.0,-4.5,0.45,none,0.0,
endurance,14,healthy,2312.0,78.46589441288367,78.61805624096915,611.4477095991889,1518.1162406774547,66.4207971070626,30.324681170082926,6.088967300323676,0.1996008057382696,12.952613897645444,20.029130456330037,0.7378013349442173,3000.0,-4.5,0.45,none,0.0,
endurance,14,healthy,2313.0,78.46589441288367,78.55306833070436,615.7638458058825,1524.439891674145,66.4347997794036,31.463562621111144,6.088967300323676,0.2636751922932963,12.912286906877643,20.237593155838702,0.7378013349442173,3000.0,-4.5,0.45,none,0.0,
endurance,14,healthy,2314.0,78.46589441288367,79.47692211398082,610.9255645323586,1518.5368656915884,66.25114008577414,30.33616874462566,6.088967300323676,0.16267022286778693,12.908521809453047,20.05744788437455,0.7378013349442173,3000.0,-4.5,0.45,none,0.0,
endurance,14,healthy,2315.0,78.46589441288367,78.32005664465488,612.9006721498496,1517.281343059229,65.34232586986019,29.75585276315052,6.088967300323676,0.23959655714720607,12.953902582986336,19.87326458084728,0.7378013349442173,3000.0,-4.5,0.45,none,0.0,
endurance,14,healthy,2316.0,78.46589441288367,78.16276179091443,611.7658561441103,1518.0771451222447,65.56836360521007,30.48035219600741,6.088967300323676,0.293062023058015,12.920715328286573,20.183164251887018,0.7378013349442173,3000.0,-4.5,0.45,none,0.0,
endurance,14,healthy,2317.0,78.46589441288367,78.66834310403785,615.3224736306628,1522.2160800763752,66.09412605613115,31.06819042738433,6.088967300323676,0.20379889511569824,12.897374898813624,20.00901874543651,0.7378013349442173,3000.0,-4.5,0.45,none,0.0,
endurance,14,healthy,2318.0,78.46589441288367,77.88904366208035,619.905204952592,1516.103676793241,65.69451080931334,30.995438566192437,6.088967300323676,0.16207977226411302,12.923246624730863,19.708715276312375,0.7378013349442173,3000.0,-4.5,0.45,none,0.0,
endurance,14,healthy,2319.0,78.46589441288367,79.10250651811998,609.11821434778,1510.565248788383,65.59976149699852,30.543426515445656,6.088967300323676,0.16882960597381297,12.949100459439972,19.7266040974403,0.7378013349442173,3000.0,-4.5,0.45,none,0.0,
endurance,14,healthy,2320.0,78.46589441288367,78.44699015973401,612.7432171976461,1517.8047851889617,65.39225288353256,30.444343108999558,6.088967300323676,0.1914180764340585,12.903655213173923,19.858984962569966,0.7378013349442173,3000.0,-4.5,0.45,none,0.0,
endurance,14,healthy,2321.0,78.46589441288367,79.55024993625948,620.2504544283054,1517.7759992263443,65.4464036467313,30.355745050674116,6.088967300323676,0.17130703393063945,12.876645786515525,19.737092673444216,0.7378013349442173,3000.0,-4.5,0.45,none,0.0,
endurance,14,healthy,2322.0,78.46589441288367,78.90793905581225,613.3907166194886,1525.7437345327962,66.742730831906,29.68557062894457,6.088967300323676,0.20646019370353375,12.944609068282146,20.359086473445032,0.7378013349442173,3000.0,-4.5,0.45,none,0.0,
endurance,14,healthy,2323.0,78.46589441288367,78.24778029915264,604.8918618783547,1516.3551057142095,66.50656089502061,30.460138123368463,6.088967300323676,0.17904941669662588,12.86336485639848,19.808837679171752,0.7378013349442173,3000.0,-4.5,0.45,none,0.0,
endurance,14,healthy,2324.0,78.46589441288367,78.69051998408916,610.7884300856168,1525.257073227159,66.14600657859201,29.787410624657678,6.088967300323676,0.21488596539030413,12.943615509494595,19.961740449144752,0.7378013349442173,3000.0,-4.5,0.45,none,0.0,
endurance,14,healthy,2325.0,78.46589441288367,78.30759117826165,615.6544458484519,1513.1410493240953,65.79144844629813,30.38584351989711,6.088967300323676,0.10425606285074766,12.899683125468878,19.784633099723674,0.7378013349442173,3000.0,-4.5,0.45,none,0.0,
endurance,14,healthy,2326.0,78.46589441288367,77.99277553840261,611.3695021865026,1518.4555361327123,66.56177326489437,30.659406717386556,6.088967300323676,0.18136042626314353,12.907834875327634,20.14094998726485,0.7378013349442173,3000.0,-4.5,0.45,none,0.0,
endurance,14,healthy,2327.0,78.46589441288367,78.32930911021518,612.0792475917979,1520.850956027269,65.44873624089665,30.605960426374534,6.088967300323676,0.14483513802798303,12.964584309543246,19.724947547075825,0.7378013349442173,3000.0,-4.5,0.45,none,0.0,
endurance,14,healthy,2328.0,78.46589441288367,77.70635553586811,609.1662553971665,1520.0764827608377,66.78690677181808,30.499841259986916,6.088967300323676,0.24442306735894853,12.955123437304751,19.89334840156621,0.7378013349442173,3000.0,-4.5,0.45,none,0.0,
endurance,14,healthy,2329.0,78.46589441288367,78.58132642866323,613.1361105484106,1517.9922085963874,65.97475338966079,31.042726586780738,6.088967300323676,0.17685123148070822,12.919109579854368,20.022491380629162,0.7378013349442173,3000.0,-4.5,0.45,none,0.0,
endurance,14,healthy,2330.0,78.46589441288367,78.49164576844959,612.807039475003,1521.530351723047,65.5464212279813,30.327440828939338,6.088967300323676,0.1771081013847347,12.885150916798887,19.86464150719646,0.7378013349442173,3000.0,-4.5,0.45,none,0.0,
endurance,14,healthy,2331.0,78.46589441288367,78.8436789548307,611.7108213840045,1521.9717620210622,66.72193700582774,29.494651077683173,6.088967300323676,0.19235804381027266,12.866741486607728,19.94758497154432,0.7378013349442173,3000.0,-4.5,0.45,none,0.0,
endurance,14,healthy,2332.0,78.46589441288367,79.74779224605766,615.0143375635371,1533.3959607387915,65.88836758559052,30.637405207319127,6.088967300323676,0.24614027499402535,12.948978774164868,20.096371382251302,0.7378013349442173,3000.0,-4.5,0.45,none,0.0,
endurance,14,healthy,2333.0,78.46589441288367,78.98227079894482,611.3629058656429,1519.9033825382269,66.05027179276966,31.171909970724382,6.088967300323676,0.08280231570403192,13.07920724996227,19.91371851226977,0.7378013349442173,3000.0,-4.5,0.45,none,0.0,
endurance,14,healthy,2334.0,78.46589441288367,79.36724866856144,615.6003442600639,1515.8556715324012,66.29350551226595,30.362996228593232,6.088967300323676,0.14706951927064207,12.877714087086854,19.801942364252344,0.7378013349442173,3000.0,-4.5,0.45,none,0.0,
endurance,14,healthy,2335.0,78.46589441288367,78.82405494067267,611.442652847746,1509.4312049778275,66.06827284589804,30.552160197937933,6.088967300323676,0.08782938979172639,12.990458539077451,19.9877079872363,0.7378013349442173,3000.0,-4.5,0.45,none,0.0,
endurance,14,healthy,2336.0,78.46589441288367,78.56794295900671,613.6790241744931,1522.3862432067779,66.37524917887511,31.544898717075746,6.088967300323676,0.20646552280759267,12.894644494205227,19.813176587979875,0.7378013349442173,3000.0,-4.5,0.45,none,0.0,
endurance,14,healthy,2337.0,78.46589441288367,78.44828915628979,615.6375230364646,1522.3719206619817,65.72563023632947,29.36227499949823,6.088967300323676,0.2504242556379586,12.831816980710931,19.793559776927992,0.7378013349442173,3000.0,-4.5,0.45,none,0.0,
endurance,14,healthy,2338.0,78.46589441288367,78.12100358316155,617.6096964852974,1523.387071735181,65.72133542007464,29.904017953844484,6.088967300323676,0.19550382076265174,12.977092798860191,19.76840870758498,0.7378013349442173,3000.0,-4.5,0.45,none,0.0,
endurance,14,healthy,2339.0,78.46589441288367,78.44478906089071,612.2575974241358,1510.452616856507,67.49327810543703,29.68897942612495,6.088967300323676,0.06781945748285473,12.881656732343547,19.919950893402433,0.7378013349442173,3000.0,-4.5,0.45,none,0.0,
endurance,14,healthy,2340.0,78.81111275363543,78.57183049801284,612.5545265697062,1594.7143567925016,67.52116302960711,30.660934858503612,8.521633152749711,0.253634056903718,12.969690987234065,19.793537621410422,0.7359521371868093,2992.0,-4.447999999999979,0.6,none,0.0,
endurance,14,healthy,2341.0,79.18804913782488,79.58847239895401,617.0491237463268,1641.617129776265,67.45026854785719,30.43082194795093,8.802001089517022,0.16957950639000705,13.000511911768148,20.11283383050632,0.7339091501135077,2984.0,-4.396000000000015,0.6,none,0.0,
endurance,14,healthy,2342.0,79.58394721936176,79.40638431548217,612.1562351281511,1673.5887793681618,67.0939657047927,30.720236383369837,8.997985749506284,0.13491687749219172,13.049072336803238,19.659821828052248,0.7317503118098379,2976.0,-4.343999999999994,0.6,none,0.0,
endurance,14,healthy,2343.0,79.99010475565609,81.2069762544654,611.0163891067704,1710.1700445120152,67.74986603305022,30.98539871360217,9.135911811807203,0.150189074127073,12.993427725907681,19.941819035991408,0.7295287908024636,2968.0,-4.291999999999973,0.6,none,0.0,
endurance,14,healthy,2344.0,80.40060508729032,80.05440620762447,617.5669703352066,1726.6682041784964,67.45362686571148,30.849659156802588,9.233892425204044,0.2612387150467098,13.012734090779587,19.828980861076822,0.7272807364012612,2960.0,-4.240000000000009,0.6,none,0.0,
endurance,14,healthy,2345.0,80.8114450686984,81.02691952612187,616.1443767148753,1732.0437955627503,67.11967567048923,30.618553376653526,9.304390652289516,0.13018215405876438,13.032563417397288,20.290297589658437,0.7250306068248533,2952.0,-4.187999999999988,0.6,none,0.0,
endurance,14,healthy,2346.0,81.21993555799762,81.08773379497963,615.5080535957451,1744.3413941234835,67.63032107315954,30.587231254980594,9.355981916242278,0.18560222557322348,12.998214718180405,20.200991591384714,0.7227948320578572,2944.0,-4.136000000000024,0.6,none,0.0,
endurance,14,healthy,2347.0,81.6242892903453,81.83140042322937,617.4536157610885,1745.4341230177117,68.95192877327543,30.532032920101805,9.39456668320785,0.20505513312463697,13.150794031870504,19.59146023967055,0.720584331841646,2936.0,-4.084000000000003,0.6,none,0.0,
endurance,14,healthy,2348.0,82.02333757659764,82.12549695145837,617.9261698211141,1754.5968044490949,68.21772894645113,30.938304810256202,9.424204869521747,0.16897649872841222,13.052582580255311,20.207789880854378,0.7184062465747159,2928.0,-4.031999999999982,0.6,none,0.0,
endurance,14,healthy,2349.0,82.41633556851293,82.60527590224713,619.657696866481,1753.4231831196958,67.48512834320866,30.777778806510465,9.44768997003346,0.25286174399603145,12.991114506359702,20.14093926795149,0.7162651270936113,2920.0,-3.980000000000018,0.6,none,0.0,
endurance,14,healthy,2350.0,82.80282841262391,82.20974361451643,626.7886907552798,1749.2695391415764,68.84226470564093,31.753223075900607,9.466944096968188,0.17630505960667425,13.049173480633772,19.963535956178138,0.7141637524393043,2912.0,-3.9279999999999973,0.6,none,0.0,
endurance,14,healthy,2351.0,83.1825592642593,83.25508750297986,613.506448892852,1758.358102388889,68.6772485182392,32.021653155229814,9.483289793162326,0.24077204698844112,13.117786467929665,19.938974073973597,0.7121036918685252,2904.0,-3.8759999999999764,0.6,none,0.0,
endurance,14,healthy,2352.0,83.55540607962686,83.70250121126116,614.6202940836013,1760.8785881395927,68.56358549938909,31.68674121769358,9.497637057772556,0.2011600859603879,13.10230060433282,20.011942764891895,0.7100856910383331,2896.0,-3.8240000000000123,0.6,none,0.0,
endurance,14,healthy,2353.0,83.92133819204112,84.42640798610228,620.220318653458,1761.1642771343813,69.03267253602294,31.6620733166296,9.510612032468002,0.22914376347688734,12.943613453245469,19.77002095233288,0.7081099373145101,2888.0,-3.7719999999999914,0.6,none,0.0,
endurance,14,healthy,2354.0,84.28038648899647,84.58614455698563,621.9494944651599,1756.5142674551164,68.82532597751747,32.683604253326465,9.522645546120074,0.15006525619029978,13.09411195999609,20.18704866859274,0.706176241982187,2880.0,-3.7200000000000273,0.6,none,0.0,
endurance,14,healthy,2355.0,84.63262293908558,84.26096525471166,620.4081780600724,1767.1351407436189,68.31664190014858,31.7916214269659,9.534034039449747,0.1596561885085281,13.10605932776261,19.712005284387935,0.7042841653312552,2872.0,-3.6680000000000064,0.6,none,0.0,
endurance,14,healthy,2356.0,84.97814654621756,84.89792941441546,619.0797544137657,1762.5153086564837,68.85847152187623,32.09479409383535,9.544981485238063,0.2367746307781015,13.060363215442694,20.034391247923224,0.7024331024725806,2864.0,-3.6159999999999854,0.6,none,0.0,
endurance,14,healthy,2357.0,85.3170737219035,85.69139536633986,614.7777870950076,1762.9570944620018,68.28763345444027,31.800823832247616,9.555628232215394,0.23283115018491646,13.068948380224269,19.943350406361517,0.7006223421609333,2856.0,-3.5640000000000214,0.6,none,0.0,
endurance,14,healthy,2358.0,85.64953169427837,86.23276843292338,618.5547900628201,1772.1911052701307,68.15210048675496,33.27592348860198,9.566070851569865,0.14717892112859823,13.050610797914201,19.402957046869385,0.698851107064216,2848.0,-3.5120000000000005,0.6,none,0.0,
endurance,14,healthy,2359.0,85.97565400421085,86.38728020538086,622.6510433141897,1773.1653313596096,68.04434063889386,33.03951403274824,9.576375792658993,0.1130182748949597,13.056260572628132,20.106160209170774,0.697118581281106,2840.0,-3.4599999999999795,0.6,none,0.0,
endurance,14,healthy,2360.0,86.29557743563345,86.10348096210484,625.9315677277468,1767.081447569487,68.19234347398842,32.09801215216026,9.58658877904181,0.2456792228710064,13.063773786754398,19.903603128508024,0.6954239290959717,2832.0,-3.4080000000000155,0.6,none,0.0,
endurance,14,healthy,2361.0,86.60943993126207,85.99334384790671,622.616141497108,1767.177042385439,68.66638295087887,32.970738122402366,9.596741273568993,0.17184105492129664,13.049862375065464,19.895982409988598,0.6937663077133048,2824.0,-3.3559999999999945,0.6,none,0.0,
endurance,14,healthy,2362.0,86.91737918514906,86.51944581534678,622.9951357799303,1760.9824416921053,67.88347595130361,32.489536705420605,9.606854926790673,0.1494608043459794,13.140927784932645,19.945196985013567,0.6921448758568689,2816.0,-3.3039999999999736,0.6,none,0.0,
endurance,14,healthy,2363.0,87.21953169995209,87.3962749708296,625.3373842779462,1770.2640861392133,67.51644165589087,32.42301172000417,9.61694463775355,0.10960715725948925,13.030658591389495,20.120796574508113,0.690558799529551,2808.0,-3.2520000000000095,0.6,none,0.0,
endurance,14,healthy,2364.0,87.51603216310274,86.54290290216888,626.2058627788892,1759.7832785826427,69.09532158077133,33.1180705081622,9.627020660030361,0.2474432264327556,13.056073247998677,19.657208804853127,0.6890072558248164,2800.0,-3.1999999999999886,0.6,none,0.0,
endurance,14,healthy,2365.0,87.80701304164005,87.406564624531,621.682593847701,1767.4196662695297,68.58313663674443,32.01934399000225,9.637090050806028,0.21467621009280072,13.043000130583378,19.98646940380398,0.6874894354021729,2792.0,-3.1480000000000246,0.6,none,0.0,
endurance,14,healthy,2366.0,88.09260432681154,87.63444860842232,627.6461524996441,1765.5006938922743,67.9528359733794,32.836629393139894,9.647157667943898,0.12478770400799892,13.058652070463879,19.77526383362233,0.6860045440475964,2784.0,-3.0960000000000036,0.6,none,0.0,
endurance,14,healthy,2367.0,88.37293338108812,88.09105285584388,629.6473918704583,1764.454575467599,67.90936083739643,33.42602841394365,9.657226856032375,0.23208701230056647,13.07135114901534,20.345793244730352,0.6845518036082302,2776.0,-3.0439999999999827,0.6,none,0.0,
endurance,14,healthy,2368.0,88.6481248550504,88.79983908058425,622.5363362553446,1775.4846242040976,67.97266131388615,32.95176519305364,9.66729991842972,0.2325824806719538,13.091133727209657,20.01239268192691,0.6831304525001891,2768.0,-2.9920000000000186,0.6,none,0.0,
endurance,14,healthy,2369.0,88.91830065178634,88.4294354371528,622.9742840541068,1775.6087701555928,68.44629179343106,33.84372288775221,9.67737844206174,0.23286535575572953,12.919093205400554,20.20711503062705,0.6817397459260817,2760.0,-2.9399999999999977,0.6,none,0.0,
endurance,14,healthy,2370.0,89.18357992343995,89.21730603081612,631.223812678323,1767.814913581609,67.87479566181455,33.87493735332201,9.687463520903515,0.19330498091744405,13.111527777482657,19.989634734882692,0.6803789558960962,2752.0,-2.887999999999977,0.6,none,0.0,
endurance,14,healthy,2371.0,89.44407908936347,88.71044976491193,625.9661871068705,1763.0026929267938,68.0753425662297,33.71425347762981,9.69755590974949,0.18334613779517375,13.10462361236609,20.20446600181938,0.6790473711170948,2744.0,-2.8360000000000127,0.6,none,0.0,
endurance,14,healthy,2372.0,89.69991186863304,89.8955219366178,631.0200301551655,1769.446722325269,68.25909553364035,33.45120434213508,9.707656130017204,0.12922410058081787,13.09250187390385,20.116673978954246,0.6777442967939526,2736.0,-2.783999999999992,0.6,none,0.0,
endurance,14,healthy,2373.0,89.95118932196235,89.1994969141846,621.3839526768286,1773.1332565713751,68.42143237476654,33.568459919131435,9.717764542547052,0.19785806181686397,13.031559294797384,19.998567767238537,0.6764690543734739,2728.0,-2.731999999999971,0.6,none,0.0,
endurance,14,healthy,2374.0,90.1980198996117,90.09182626869399,631.6491437869806,1764.9963435822585,68.97010805259667,33.737676123982496,9.727881397693297,0.20417560142798452,13.146320067880508,19.664567190503945,0.6752209812516807,2720.0,-2.680000000000007,0.6,none,0.0,
endurance,14,healthy,2375.0,90.44050949296418,90.3858573764678,632.9385270341508,1772.8691355355993,69.31942810936624,33.60558059440232,9.738006869789888,0.2117877936020207,13.06401285606908,19.908359840997118,0.6739994304586955,2712.0,-2.627999999999986,0.6,none,0.0,
endurance,14,healthy,2376.0,90.67876148817943,91.08065838164951,625.8845606374636,1763.3143690383909,68.19131474516853,34.36463994241081,9.748141080865139,0.12516649452868103,13.047523884356286,19.958820061310767,0.6728037703309289,2704.0,-2.576000000000022,0.6,none,0.0,
endurance,14,healthy,2377.0,90.91287682084227,91.66828538164863,630.9109611584623,1772.4086528639853,68.45622351003915,35.462609296469005,9.758284116958984,0.22889265408929538,13.006627741005804,20.160943727281484,0.6716333841771922,2696.0,-2.524000000000001,0.6,none,0.0,
endurance,14,healthy,2378.0,91.14295403087263,91.14907333899698,630.8605791175044,1767.3982808732649,68.36861318950577,33.860754638466865,9.76843603935026,0.18163340628459346,13.148087769614065,20.31957956473209,0.6704876699432094,2688.0,-2.47199999999998,0.6,none,0.0,
endurance,14,healthy,2379.0,91.36908931720211,91.12065075420244,626.260198471574,1766.850549017257,68.52074074107448,34.55881935019379,9.77859689228183,0.11947012803061535,13.112853476365965,19.99936304996765,0.6693660398775576,2680.0,-2.420000000000016,0.6,none,0.0,
endurance,14,healthy,2380.0,91.59137659188725,92.09396548178547,627.3376801392232,1766.9214120955683,68.42648304846917,34.61063757212266,9.78876670827596,0.23194881533975842,13.138599864633075,19.662424408461213,0.6682679202010502,2672.0,-2.367999999999995,0.6,none,0.0,
endurance,14,healthy,2381.0,91.80990753344203,92.25680726367172,633.9530776803576,1763.9726894225157,68.3444809605929,34.57259264187631,9.79894551179162,0.18110398829247926,13.031736286771933,19.78925972862828,0.667192750780886,2664.0,-2.315999999999974,0.6,none,0.0,
endurance,14,healthy,2382.0,92.02477163924954,92.29107916170186,629.2125013097497,1781.8023332343855,68.46834598928422,34.44461281919545,9.809133321740912,0.2117290962070999,12.992973320970146,19.84440991972159,0.6661399848104284,2656.0,-2.26400000000001,0.6,none,0.0,
endurance,14,healthy,2383.0,92.23605627696581,92.16171254407166,629.8993927125002,1777.5579160527573,68.52164060202684,35.14284060356415,9.81933015322066,0.24712510999500503,13.040050134693054,19.879331044046925,0.6651090884951415,2648.0,-2.211999999999989,0.6,none,0.0,
endurance,14,healthy,2384.0,92.44384673486465,93.08302227412523,633.0559006370186,1769.5084560866383,68.48404608490414,34.184791381050445,9.829536018703648,0.12926034922767932,12.973049287515748,19.72807855365238,0.6640995407449939,2640.0,-2.160000000000025,0.6,none,0.0,
endurance,14,healthy,2385.0,92.64822627109719,92.10319160538687,634.0804683950176,1764.9486663604152,68.94255227625017,34.57755528491389,9.839750928858479,0.19058876871088062,12.996396248471958,20.214078302552913,0.6631108328734973,2632.0,-2.108000000000004,0.6,none,0.0,
endurance,14,healthy,2386.0,92.84927616185662,92.82424953517446,635.5731715982884,1787.0798663228245,68.76653402094034,34.00192931412614,9.849974893113545,0.2639576386505187,13.036277571825416,19.839988519970515,0.6621424683034298,2624.0,-2.055999999999983,0.6,none,0.0,
endurance,14,healthy,2387.0,93.04707574844973,93.24574840057058,631.5661680307842,1783.3984071857094,68.18317358117378,34.43915561370776,9.860207920045115,0.22581688480808032,13.013156205255545,19.82235159333381,0.6611939622792424,2616.0,-2.004000000000019,0.6,none,0.0,
endurance,14,healthy,2388.0,93.24170248328454,92.65708909359759,637.5469165503673,1771.1975147804196,69.36908375622676,34.72293806128256,9.870450017644439,0.15696457996551316,13.030927237755636,19.872099174358084,0.6602648415860856,2608.0,-1.9519999999999982,0.6,none,0.0,
endurance,14,healthy,2389.0,93.43323197478834,93.60277688972941,630.5728805941005,1774.7206345658515,68.417732061226,35.07839692989752,9.88070119350138,0.21981861840568218,13.091705736823602,20.030575114409412,0.6593546442753703,2600.0,-1.8999999999999773,0.6,none,0.0,
endurance,14,healthy,2390.0,93.62173803127368,93.49146752111847,633.8099445091975,1772.0926747403967,68.80702431279214,34.84716970287237,9.890961454930913,0.19700814671878028,13.085841585010774,19.957572934526187,0.6584629193967588,2592.0,-1.8480000000000132,0.6,none,0.0,
endurance,14,healthy,2391.0,93.80729270377186,93.12072043312376,636.1858769782925,1768.8094806400047,68.30566463052911,35.254670158146276,9.901230809060095,0.22016139779408408,12.969894084508281,19.904913280365943,0.6575892267364633,2584.0,-1.7959999999999923,0.6,none,0.0,
endurance,14,healthy,2392.0,93.98996632785489,93.7627770117797,628.487908187253,1779.018680965609,67.99220527416821,35.75778669468155,9.91150926288788,0.177420535079048,13.081619105150473,19.87635857324988,0.6567331365617217,2576.0,-1.7440000000000282,0.6,none,0.0,
endurance,14,healthy,2393.0,94.16982756446727,93.92101802000789,631.3603661979862,1772.5799939568792,68.46408359969375,35.16830432520488,9.921796823326376,0.2539653642260804,13.023073987258648,20.14710175107889,0.6558942293713294,2568.0,-1.6920000000000073,0.6,none,0.0,
endurance,14,healthy,2394.0,94.34694343978956,94.32962638222145,634.5951293239601,1771.3126535775777,68.72059797511814,34.87143892067115,9.932093497229097,0.1774520550926732,13.120181333665128,20.033430014743693,0.6550720956520791,2560.0,-1.6399999999999864,0.6,none,0.0,
endurance,14,healthy,2395.0,94.52137938415537,94.50203598745873,633.3907533829617,1773.7023361252002,67.91628161345646,34.7456432280486,9.942399291410515,0.15647543757027105,13.074449117617288,19.705681808995575,0.6542663356409899,2552.0,-1.5880000000000223,0.6,none,0.0,
endurance,14,healthy,2396.0,94.69319927004373,94.6429915722255,638.7559953625391,1771.6120305065765,68.0074190101464,36.21385085208687,9.95271421265949,0.22748634860919564,13.038840977247755,19.958482935348748,0.6534765590931835,2544.0,-1.5360000000000014,0.6,none,0.0,
endurance,14,healthy,2397.0,94.8624654491681,93.97515487888658,629.8164269973493,1784.4662260482764,69.39439280504153,36.04111872356608,9.963038267748438,0.20379601169988568,13.083867569444015,19.964279253280125,0.6527023850552787,2536.0,-1.4839999999999804,0.6,none,0.0,
endurance,14,healthy,2398.0,95.02923878868305,95.01505840729001,633.6322574545695,1776.1261815521584,69.19471021641546,36.28405768639807,9.973371463439737,0.2565017776947495,13.100858484966427,19.866592031068656,0.651943441644177,2528.0,-1.4320000000000164,0.6,none,0.0,
endurance,14,healthy,2399.0,95.19357870652972,95.7242428773396,628.6177769374027,1780.4206409748006,68.84625665097508,35.42056172712929,9.98371380649009,0.11163124480086664,13.130331287853334,19.883586332119158,0.6511993658311134,2520.0,-1.3799999999999955,0.6,none,0.0,
endurance,14,healthy,2400.0,95.35554320593992,93.77344654077979,635.1278785637808,1776.630687245436,69.06431092890726,35.21049883940135,9.994065303653528,0.2183602075395938,12.986777003128234,20.341129106531618,0.650469803230842,2512.0,-1.3279999999999745,0.6,none,0.0,
endurance,14,healthy,2401.0,95.51518890911909,94.8248198577029,634.6672885270327,1781.5874689103887,68.60054230004168,35.8320502365375,10.004425961683452,0.29795660662699536,13.125199616147404,19.908094058711704,0.6497544078958428,2504.0,-1.2760000000000105,0.6,none,0.0,
endurance,14,healthy,2402.0,95.67257109012742,95.06146165871172,639.6118843705838,1779.8671951658569,68.47107958682395,36.32256132665134,10.014795787334123,0.19791116554690075,13.021642437648175,20.123013305500724,0.6490528421154274,2496.0,-1.2239999999999895,0.6,none,0.0,
endurance,14,healthy,2403.0,95.8277437069783,95.42196232878813,639.4287585980197,1787.7802028920134,67.88471403131305,35.0221162879871,10.025174787361575,0.2525844134230363,13.080397233622708,20.27539907175108,0.6483647762196225,2488.0,-1.1720000000000255,0.6,none,0.0,
endurance,14,healthy,2404.0,95.98075943297252,95.53754932033043,635.8619844042322,1787.1185603358886,69.17600563551039,35.96384723226647,10.035562968524344,0.25633427392605196,13.052938093957998,20.23059357453871,0.6476898883877295,2480.0,-1.1200000000000045,0.6,none,0.0,
endurance,14,healthy,2405.0,96.13166968728657,96.47700265247367,634.7539573731397,1783.2913666632553,68.92871949657219,36.41898176812071,10.04596033758391,0.24514749422093282,13.173199751816576,19.861492728342792,0.6470278644614342,2472.0,-1.0679999999999836,0.6,none,0.0,
endurance,14,healthy,2406.0,96.28052466483264,96.70734571838153,637.8301104707574,1783.1169388872022,69.58124263169196,35.7756187390146,10.05636690130498,0.2985882870189479,13.211816833002546,20.464687776772138,0.646378397762372,2464.0,-1.0160000000000196,0.6,none,0.0,
endurance,14,healthy,2407.0,96.42737336540763,95.60218648413574,637.3800346405982,1789.1871078124195,67.62979122105155,36.54885427243195,10.0667826664558,0.2022685150092719,13.064546557699416,19.833544187598154,0.6457411889140341,2456.0,-0.9639999999999986,0.6,none,0.0,
endurance,14,healthy,2408.0,96.57226362214834,96.53984365870008,630.1790048663908,1780.7979420324898,68.31060440140794,36.01453044468978,10.07720763980823,0.25968897665888957,13.140164789090559,20.208224904847686,0.6451159456679126,2448.0,-0.9119999999999777,0.6,none,0.0,
endurance,14,healthy,2409.0,96.715242129309,96.26232733125869,639.8714217051272,1779.584578353795,68.44835485138364,36.04305426091755,10.087641828137857,0.15072434133113818,13.171733057387632,20.266702296347628,0.6445023827337876,2440.0,-0.8600000000000136,0.6,none,0.0,
endurance,14,healthy,2410.0,96.8563544693775,97.37023746598814,634.8340664018472,1786.9717434726847,69.10115353805395,36.788138101564186,10.098085238224133,0.27920500197225423,12.990824235058353,20.004719619819177,0.6439002216140541,2432.0,-0.8079999999999927,0.6,none,0.0,
endurance,14,healthy,2411.0,96.995645139546,96.36003991209034,633.4245974054187,1774.6087736352945,68.08388973220212,37.25669163529498,10.108537876850333,0.3113538569242145,13.101670028128392,20.179377738007005,0.6433091904419923,2424.0,-0.7559999999999718,0.6,none,0.0,
endurance,14,healthy,2412.0,97.13315757755134,96.85752326607064,636.4276507248287,1774.730969844961,69.00889822115822,36.93308059915338,10.118999750803656,0.15247032182323955,13.156001075319452,20.092900604060667,0.642729023823889,2416.0,-0.7040000000000077,0.6,none,0.0,
endurance,14,healthy,2413.0,97.2689341869001,97.37843418201123,634.9561341699189,1789.9966497279402,69.89311398556573,37.25326643570517,10.12947086687525,0.24487715371625093,13.062103435073118,19.93788867079165,0.6421594626849205,2408.0,-0.6519999999999868,0.6,none,0.0,
endurance,14,healthy,2414.0,97.40301636149314,97.74745311933263,635.1515677775212,1779.999400842465,69.49560020556936,36.4305929656187,10.139951231860156,0.24120415772196227,13.14870656030494,19.452831850774558,0.6416002541187005,2400.0,-0.6000000000000227,0.6,none,0.0,
endurance,14,healthy,2415.0,97.53544450966389,98.2103863635504,639.2870455261627,1782.8928786310823,69.13658128415732,36.571553609704985,10.150440852557447,0.1327108382177159,13.138960057808761,20.17225718246115,0.6410511512404145,2392.0,-0.5480000000000018,0.6,none,0.0,
endurance,14,healthy,2416.0,97.66625807764413,97.39972714088599,633.883549743,1779.269079420307,67.99662549221748,37.8603864560512,10.160939735770098,0.16923407930712825,13.043275993914927,19.860384317923007,0.6405119130434471,2384.0,-0.4959999999999809,0.6,none,0.0,
endurance,14,healthy,2417.0,97.79549557247125,97.52993715471486,639.8948254787806,1785.2690788928207,68.6204140296056,37.94429457050603,10.171447888305106,0.21939949578081747,13.182784804642285,19.971753451389297,0.639982304259427,2376.0,-0.4440000000000168,0.6,none,0.0,
endurance,14,healthy,2418.0,97.92319458435001,98.96930726811294,636.7556579760371,1794.3007406935017,68.60904525906399,36.906225674005135,10.18196531697343,0.18320793008350023,13.125774047401976,19.89224219446954,0.6394620952216008,2368.0,-0.3919999999999959,0.6,none,0.0,
endurance,14,healthy,2419.0,98.04939180848186,98.04928893559031,635.5381755558346,1780.3860402258347,69.09139306650079,36.61848880289586,10.192492028590028,0.19489007812758158,13.075023998858407,19.97803822308176,0.6389510617314613,2360.0,-0.339999999999975,0.6,none,0.0,
endurance,14,healthy,2420.0,98.17412306637453,98.77267195978793,637.2776041877947,1791.3388935658988,68.18450234350986,38.58027851935579,10.20302802997382,0.2716218510252137,13.13873085612226,20.19407418803579,0.6384489849285514,2352.0,-0.2880000000000109,0.6,none,0.0,
endurance,14,healthy,2421.0,98.29742332664435,98.28339658848022,639.1628191741527,1789.3424525426797,68.36977132388232,38.28283407920191,10.213573327947747,0.20443151975478333,13.05265399828009,19.94947053810261,0.637955651163368,2344.0,-0.23599999999999,0.6,none,0.0,
endurance,14,healthy,2422.0,98.41932672532306,99.07080032727126,638.1359622922126,1784.2896026232772,67.96076771895478,37.51026730409083,10.22412792933873,0.2661799427940966,13.072064509532051,20.017925939195745,0.6374708518732906,2336.0,-0.18400000000002592,0.6,none,0.0,
endurance,14,healthy,2423.0,98.53986658568137,98.17008105799611,634.2995719324208,1781.455693082489,69.07659385722707,38.13302709330957,10.234691840977696,0.13003331752126052,13.168042515910393,19.977984414578707,0.6369943834614665,2328.0,-0.132000000000005,0.6,none,0.0,
endurance,14,healthy,2424.0,98.65907543758031,98.23803557303894,638.5667812710992,1786.7399653347543,68.58794804364446,38.29525810216231,10.245265069699576,0.2495748876478447,13.191923105692835,19.848113194334978,0.636526047178577,2320.0,-0.07999999999998408,0.6,none,0.0,
endurance,14,healthy,2425.0,98.77698503636205,98.0844720391924,637.3853497095001,1784.0021090072835,69.04570224063418,37.80405532703049,10.255847622343264,0.2610420401253354,13.023790158301912,20.017314532833677,0.6360656490074201,2312.0,-0.02800000000002001,0.6,none,0.0,
endurance,14,healthy,2426.0,98.89362638129069,98.62032914223279,642.1423743814979,1794.4683597788792,69.24543699842242,37.93916802625381,10.266439505751705,0.10563071533793737,13.089629259450469,20.076444068602783,0.6356129995502425,2304.0,0.02400000000000091,0.6,none,0.0,
endurance,14,healthy,2427.0,99.00902973355423,100.5310941721416,642.8879307244631,1791.6498294141259,68.46246518958459,38.68290607299816,10.277040726771833,0.222055756267028,13.1615200517509,19.93507647082786,0.6351679139187505,2296.0,0.07600000000002183,0.6,none,0.0,
endurance,14,healthy,2428.0,99.12322463383776,98.84613049020501,636.32979070328,1791.5964248564665,69.32307593633922,38.53353380570822,10.287651292254557,0.21828189834754447,13.02141476832572,20.055045935222047,0.6347302116267429,2288.0,0.1279999999999859,0.6,none,0.0,
endurance,14,healthy,2429.0,99.23623991947832,100.02424410868294,641.1642427439758,1790.2815747153736,67.45100331498406,38.704450894661164,10.298271209054864,0.17773014570100776,13.031603454787513,19.956033728913084,0.6342997164853007,2280.0,0.18000000000000682,0.6,none,0.0,
endurance,14,healthy,2430.0,99.34810374121125,99.44642225495035,642.8414539777044,1793.3887427366624,68.39507495556069,38.796863282954185,10.308900484031673,0.1964352876875794,13.109127408076574,20.07179859036049,0.6338762565004681,2272.0,0.23200000000002774,0.6,none,0.0,
endurance,14,healthy,2431.0,99.45884357951783,97.67323052643536,639.3072233334996,1788.126677734267,69.33470160846655,38.27518666742546,10.319539124047965,0.15828811252105818,13.052961184980237,19.599930976270997,0.6334596637733743,2264.0,0.2839999999999918,0.6,none,0.0,
endurance,14,healthy,2432.0,99.56848626058378,100.00556965529957,642.8607450387875,1793.8542122598506,69.27120460102965,37.846997523966735,10.330187135970727,0.17942028166835203,12.982507434093998,20.16616192636072,0.6330497744027316,2256.0,0.33600000000001273,0.6,none,0.0,
endurance,14,healthy,2433.0,99.67705797187767,100.14067272809216,640.4973140436438,1789.934747925662,69.27522181868311,37.78150590379522,10.34084452667093,0.15283937519120164,13.085358435930132,20.032520993830076,0.6326464283896536,2248.0,0.3879999999999768,0.6,none,0.0,
endurance,14,healthy,2434.0,99.7845842773585,99.60869535547022,639.2316148063336,1794.823591727151,68.21581879421811,38.13197894679798,10.351511303023624,0.21237844415504628,13.112155149109789,20.16520250580317,0.6322494695447423,2240.0,0.4399999999999977,0.6,none,0.0,
endurance,14,healthy,2435.0,99.89109013232115,99.76392248173289,642.0945844141173,1807.4541740126476,68.6560774532827,38.36763578516603,10.362187471907815,0.2308661359778112,13.06162743792234,19.91360656595854,0.6318587453973842,2232.0,0.49200000000001864,0.6,none,0.0,
endurance,14,healthy,2436.0,99.99659989788837,100.07789592653614,634.6116599632797,1789.8045303384158,69.28544687019092,38.043774376318304,10.372873040206553,0.142895432898345,13.021065382155056,20.222369366456896,0.6314741071072096,2224.0,0.5439999999999827,0.6,none,0.0,
endurance,14,healthy,2437.0,100.10113735515777,100.26881160604245,640.0045568767362,1785.3718645829076,69.4059156663067,39.81943419351972,10.383568014806936,0.27270263216379953,13.080517054226771,20.09531018143089,0.6310954093776581,2216.0,0.5960000000000036,0.6,none,0.0,
endurance,14,healthy,2438.0,100.20472571901192,100.35318718101587,644.3706641971268,1787.180954220264,68.4618310172452,37.42109401499271,10.394272402600043,0.1929930407857033,13.068641576319184,20.077266002648074,0.6307225103716003,2208.0,0.6480000000000246,0.6,none,0.0,
endurance,14,healthy,2439.0,100.30738765159965,100.81645602934584,638.5995794396154,1789.5831943708022,68.73825713122712,38.80636182637573,10.404986210480999,0.12895110608583765,12.9857330261039,20.037272985791603,0.6303552716289722,2200.0,0.6999999999999886,0.6,none,0.0,
endurance,14,healthy,2440.0,100.40914527549641,100.8719586105389,639.1412954711957,1807.6740251583942,68.11762408611702,39.406548978099195,10.415709445348963,0.26662555591164305,13.16486836800405,19.98548733546251,0.6299935579863691,2192.0,0.7520000000000095,0.6,none,0.0,
endurance,14,healthy,2441.0,100.51002018655123,100.33673831559703,640.7065700894349,1789.0862019699418,67.69334432947521,38.421660599127335,10.426442114107106,0.2128252636505521,13.090717785123157,20.200268658589263,0.6296372374985517,2184.0,0.8039999999999736,0.6,none,0.0,
endurance,14,healthy,2442.0,100.61003346642782,100.79242561402688,641.4034858485726,1795.7022027167066,68.40662068546287,40.060629697533415,10.437184223662664,0.26790694777507007,13.018552474136397,19.821570062987327,0.6292861813618258,2176.0,0.8559999999999945,0.6,none,0.0,
endurance,14,healthy,2443.0,100.7092056948471,100.86847283984385,647.7940879213027,1799.0541123470396,68.89726685754987,39.379077775113444,10.447935780926855,0.2350581803902332,13.06174202397889,19.910096374682798,0.6289402638392413,2168.0,0.9080000000000155,0.6,none,0.0,
endurance,14,healthy,2444.0,100.8075569615382,100.57699823259179,640.8946901459926,1788.254184531538,68.19363116537899,39.52775232395168,10.458696792814967,0.22505665759198143,13.103895033067143,20.34805104156823,0.6285993621875752,2160.0,0.9599999999999795,0.6,none,0.0,
endurance,14,healthy,2445.0,100.90510687790494,101.46051481944536,640.7695180633087,1791.5679554184276,69.14316841273835,39.42298004730939,10.469467266246319,0.23508260601127595,13.177245130612741,19.95797590042522,0.6282633565860536,2152.0,1.0120000000000005,0.6,none,0.0,
endurance,14,healthy,2446.0,101.00187458841452,100.31151344858264,645.1695698422474,1798.326779994915,68.86296999928226,39.113243853444764,10.480247208144272,0.20131208495227848,13.091100100191126,20.028925316337634,0.6279321300667677,2144.0,1.0640000000000214,0.6,none,0.0,
endurance,14,healthy,2447.0,101.09787878171507,100.44131153174263,642.900366536318,1797.3550688828468,68.96038435389171,39.878957347502144,10.491036625436196,0.15873109179944608,13.096431845777698,20.017610508528467,0.6276055684467495,2136.0,1.1159999999999854,0.6,none,0.0,
endurance,14,healthy,2448.0,101.19313770148847,100.6832970666823,648.4423576615484,1799.71957781631,69.11478310535534,39.335084549062046,10.501835525053538,0.23049953908892018,13.05917668587611,20.013506953160114,0.6272835602616642,2128.0,1.1680000000000064,0.6,none,0.0,
endurance,14,healthy,2449.0,101.2876691570448,101.05700802078846,638.92343001084,1795.8651566825085,68.69033323774417,38.79298620081437,10.512643913931786,0.29692437749222156,13.136859324196918,20.345202248529,0.626965996701079,2120.0,1.2200000000000273,0.6,none,0.0,
endurance,14,healthy,2450.0,101.38149053366452,101.5760916611658,646.330058461243,1797.1941338471586,69.69948563414982,40.389535474795316,10.523461799010434,0.20356739123727102,13.08247632869454,20.219747420632068,0.6266527715452763,2112.0,1.2719999999999914,0.6,none,0.0,
endurance,14,healthy,2451.0,101.4746188026944,101.77502524107507,643.9428390753767,1801.859364738586,69.11283660593178,40.06152445060388,10.534289187233083,0.2590062134435387,13.150653847118635,20.087745407177014,0.6263437811035713,2104.0,1.3240000000000123,0.6,none,0.0,
endurance,14,healthy,2452.0,101.56707053140308,101.45043588454406,646.0358987065401,1796.2667821937719,68.61244029855928,40.72488700486554,10.545126085547322,0.1802175216349348,13.066075462876569,19.85357572083415,0.6260389241540932,2096.0,1.3759999999999764,0.6,none,0.0,
endurance,14,healthy,2453.0,101.65886189260203,101.58758340886915,646.5648214729176,1794.779434282812,68.24083766237885,39.99689149633569,10.555972500904835,0.2907785490246694,13.106917115508988,20.024391099016434,0.625738101885008,2088.0,1.4279999999999973,0.6,none,0.0,
endurance,14,healthy,2454.0,101.75000867403735,101.64608706195388,646.1843124286686,1801.0349888221665,68.6364610968368,39.29266780838293,10.56682844026134,0.18121692371770767,13.036705990190821,19.909175606292433,0.6254412178371337,2080.0,1.4800000000000182,0.6,none,0.0,
endurance,14,healthy,2455.0,101.84052628755794,101.43992054512907,642.3180192239563,1800.1336600166592,69.03979365987098,39.42437308369697,10.577693910576583,0.1338050993508474,13.018744159720548,19.788701992227097,0.6251481778479261,2072.0,1.5319999999999823,0.6,none,0.0,
endurance,14,healthy,2456.0,101.93042977806553,102.36807423604496,644.7890825955727,1802.9482268962322,68.12682737287027,39.87553103200865,10.588568918814433,0.2210913471084479,13.100893735371578,19.84519615063544,0.6248588899967974,2064.0,1.5840000000000032,0.6,none,0.0,
endurance,14,healthy,2457.0,102.01973383225148,100.62985616489217,644.8353237747302,1796.7663142281594,69.22612393343789,40.13503808846086,10.59945347194274,0.25633712445055007,13.060004118335021,19.89402626848298,0.624573264551735,2056.0,1.636000000000024,0.6,none,0.0,
endurance,14,healthy,2458.0,102.10845278712554,101.855571745158,647.718703936201,1807.7244660290064,69.06389937099584,39.34026580312207,10.610347576933462,0.1650990409504669,13.149394361468632,20.228581399703735,0.624291213917193,2048.0,1.6879999999999882,0.6,none,0.0,
endurance,14,healthy,2459.0,102.1966006383417,102.09487610784086,649.0048733461664,1798.7322835763744,68.71427903110511,39.65972474242417,10.621251240762595,0.2048955880858827,13.047021375022874,20.057810013997074,0.624012652583225,2040.0,1.740000000000009,0.6,none,0.0,
endurance,14,healthy,2460.0,102.28419104832565,102.67465163954512,646.2743031804532,1804.4351243145154,68.69583328059258,40.047992633336314,10.632164470410201,0.20433457795536908,13.156203100885891,20.0894354518629,0.6237374970758255,2032.0,1.7919999999999732,0.6,none,0.0,
endurance,14,healthy,2461.0,102.37123735420877,102.0784441225766,644.5391618066511,1802.8709928156334,68.96018153423552,40.80958125843378,10.643087272860429,0.3274050526281024,13.116387205307824,20.483531708787527,0.6234656659084562,2024.0,1.843999999999994,0.6,none,0.0,
endurance,14,healthy,2462.0,102.4577525755733,101.74395547453322,645.2607411654639,1807.979225826787,69.21304500636906,39.869562022030316,10.65401965510145,0.2424163226539122,13.078181780303252,19.677299308780583,0.6231970795347245,2016.0,1.896000000000015,0.6,none,0.0,
endurance,14,healthy,2463.0,102.54374942201297,101.74939262390804,637.1048061931373,1807.5807005601591,68.59193363287942,40.84191347173899,10.664961624125533,0.18578592723363022,13.11994426833331,20.040830101685483,0.6229316603021895,2008.0,1.947999999999979,0.6,none,0.0,
endurance,14,healthy,2464.0,102.6292403005137,101.69331033519411,641.0742929117777,1806.0558141568852,68.32442908409207,40.206590833677474,10.675913186929012,0.2473662837880129,13.04249083168081,20.00827472076961,0.6226693324072696,2000.0,2.0,0.6,none,0.0,
endurance,14,healthy,2465.0,102.71423732265856,102.78768493019544,641.9139888387033,1809.7305581550208,68.66011895917941,40.55329112371015,10.686874350512296,0.21401843487004146,13.105725204072119,19.989538262639392,0.6224100218512203,1992.0,2.052000000000021,0.6,none,0.0,
endurance,14,healthy,2466.0,102.79875231166116,102.96098924528725,649.9554641945434,1804.4085474435174,68.8659806563686,41.58272426183749,10.697845121879835,0.21758563055581592,13.195874367442812,20.17498242945498,0.6221536563971615,1984.0,2.103999999999985,0.6,none,0.0,
endurance,14,healthy,2467.0,102.88279680923158,103.05568484510214,650.5298381242455,1814.97159105423,69.25839866006032,41.10260852618724,10.7088255080402,0.2454116383636529,13.049316439326763,20.153853949377083,0.6219001655281307,1976.0,2.156000000000006,0.6,none,0.0,
endurance,14,healthy,2468.0,102.96638208227886,102.11724004488839,648.7115387686983,1805.187524224066,68.60692727530243,40.35396584926182,10.71981551600601,0.2494754758300359,13.162915059882378,20.11832948096607,0.6216494804061302,1968.0,2.208000000000027,0.6,none,0.0,
endurance,14,healthy,2469.0,103.04951912945384,103.51687041804271,647.8561068342414,1807.4652046700182,68.90777480382161,39.993042382135,10.730815152793951,0.2526884731741601,13.112535806384052,19.95173230658975,0.6214015338321526,1960.0,2.259999999999991,0.6,none,0.0,
endurance,14,healthy,2470.0,103.13221868753632,103.10703049494249,646.6908564640066,1810.96051774764,68.19720967631713,41.39465858281761,10.74182442542483,0.04019349557080712,13.136586306415383,20.14416768036338,0.6211562602071583,1952.0,2.312000000000012,0.6,none,0.0,
endurance,14,healthy,2471.0,103.21449123767003,102.54375868017067,645.9055246273141,1801.1718640581162,68.47328507123743,41.05610915449395,10.752843340923489,0.23142145001502962,13.132123132469971,20.096301700143762,0.6209135954939787,1944.0,2.363999999999976,0.6,none,0.0,
endurance,14,healthy,2472.0,103.29634701144921,103.51102717059374,649.6343875256105,1805.1091433432844,68.34283705796787,41.71414524426657,10.763871906318885,0.16728109436290411,13.107008084014462,19.666742528970357,0.6206734771801314,1936.0,2.415999999999997,0.6,none,0.0,
endurance,14,healthy,2473.0,103.37779599686031,102.38147751782527,646.0441493952849,1806.061195341719,69.40105497525443,40.798690252761105,10.774910128644056,0.16715139897082312,13.061909291124612,19.977339054257353,0.6204358442415161,1928.0,2.4680000000000177,0.6,none,0.0,
endurance,14,healthy,2474.0,103.45884794408212,102.63546213580604,643.3401560772006,1801.9716007341615,69.50770429899288,41.26845719355859,10.785958014936089,0.15941410364903066,13.165572376249017,19.968096416316747,0.6202006371069775,1920.0,2.519999999999982,0.6,none,0.0,
endurance,14,healthy,2475.0,103.5395123711479,103.66177466510977,644.6129583838921,1816.5724882206853,69.54521806446843,41.07124237767255,10.797015572236226,0.2538812798184753,13.225539561039932,19.658719733572024,0.6199677976237125,1912.0,2.5720000000000027,0.6,none,0.0,
endurance,14,healthy,2476.0,103.6197985694726,103.31053768761343,647.0868985723422,1817.031539242693,68.62612657909766,40.853242392344065,10.808082807589738,0.18499469802762453,13.213818761048074,19.605144206821628,0.6197372690234981,1904.0,2.6240000000000236,0.6,none,0.0,
endurance,14,healthy,2477.0,103.69971560924859,104.18610781304848,647.4986474986666,1810.5800364158943,68.70006964523533,41.359519468230054,10.819159728046012,0.25846531979284826,13.186216461550867,20.03582921228173,0.6195089958897267,1896.0,2.6759999999999877,0.6,none,0.0,
endurance,14,healthy,2478.0,103.77927234471284,103.50960443652377,648.5820903245059,1811.5094633436381,68.87339985715607,41.24807963532822,10.83024634065855,0.19427156484010732,13.003479556574456,19.932032950343384,0.619282924125224,1888.0,2.7280000000000086,0.6,none,0.0,
endurance,14,healthy,2479.0,103.8584774192887,104.32141832957355,646.2401504203079,1812.155558566737,68.84629277431176,42.14248961417308,10.841342652484892,0.17543174840470982,13.079422293990415,19.941690516685583,0.619059000920834,1880.0,2.7799999999999727,0.6,none,0.0,
endurance,14,healthy,2480.0,103.93733927060534,103.80948635470854,644.4186408412877,1810.790890155879,69.75436215062118,41.13438950869707,10.85244867058675,0.16195767974941913,13.121888366792932,20.05152745192802,0.6188371747247523,1872.0,2.8319999999999936,0.6,none,0.0,
endurance,14,healthy,2481.0,104.01586613539749,104.53959119689455,645.3782830542606,1813.9019612186225,68.18038377779115,41.50326494460859,10.863564402029866,0.20701438399445024,13.152500509319875,20.013395850890696,0.6186173952125885,1864.0,2.8840000000000146,0.6,none,0.0,
endurance,14,healthy,2482.0,104.09406605428876,104.71237268514602,644.0835947173966,1817.2984207214904,68.77101346595953,41.346527420995145,10.874689853884114,0.15409645517983286,13.173472693976114,20.101102959821425,0.6183996132581424,1856.0,2.9359999999999786,0.6,none,0.0,
endurance,14,healthy,2483.0,104.17194687646088,103.92134397573068,645.165543869962,1820.4280847524105,68.62096182052925,42.123410146513365,10.885825033223487,0.13312779116065498,13.091470326364881,19.926348891290573,0.6181837809048764,1848.0,2.9879999999999995,0.6,none,0.0,
endurance,14,healthy,2484.0,104.24951626421186,103.83738672315783,646.1091454687232,1817.5138289047472,68.88252283716218,41.60311821137567,10.896969947126045,0.22127632367365918,13.135549428182623,19.811859701508553,0.617969851338065,1840.0,3.0400000000000205,0.6,none,0.0,
endurance,14,healthy,2485.0,104.32678169740562,104.56836487093801,649.1167008223196,1811.82437948643,69.27332867575072,42.20622783577838,10.90812460267397,0.22086028849664122,13.095937695536735,20.19525620865741,0.6177577788576092,1832.0,3.0919999999999845,0.6,none,0.0,
endurance,14,healthy,2486.0,104.40375047781563,103.64505114500427,646.5299318562511,1823.427217016991,68.07854311135796,41.767112122504116,10.919289006953564,0.16379114113317214,13.142992542727272,20.08354476629898,0.6175475188514993,1824.0,3.1440000000000055,0.6,none,0.0,
endurance,14,healthy,2487.0,104.48042973336518,104.1953921966139,648.1538524945611,1814.1305166177015,68.98781078380753,41.67678943090137,10.930463167055224,0.21693285795589287,13.056424533572429,19.94592769527654,0.6173390277699055,1816.0,3.1960000000000264,0.6,none,0.0,
endurance,14,healthy,2488.0,104.55682642226665,104.41920462352506,644.3059161869799,1814.845254234513,68.79118649971842,41.897572262643784,10.941647090073449,0.2401034462321665,13.186122920053386,20.231161743261392,0.6171322630998896,1808.0,3.2479999999999905,0.6,none,0.0,
endurance,14,healthy,2489.0,104.63294733706226,104.6842103108516,647.6814606004484,1815.7690257328718,68.59376343086026,42.62045170587398,10.952840783106872,0.23446749963144894,13.09314999933145,20.10699313595362,0.6169271833407173,1800.0,3.3000000000000114,0.6,none,0.0,
endurance,14,healthy,2490.0,104.70879910856861,105.49181914490815,650.4035620679892,1819.990703435719,68.57607015193858,42.09015191717159,10.964044253258223,0.2523546740216244,13.114900425820773,20.057129239952783,0.616723747979756,1792.0,3.3519999999999754,0.6,none,0.0,
endurance,14,healthy,2491.0,104.78438820972725,104.5093814600468,642.2276608688228,1815.0403722871108,69.81237161590133,42.49528668048919,10.975257507634364,0.28733446932346424,13.164146241192817,19.94433940587526,0.6165219174689522,1784.0,3.4039999999999964,0.6,none,0.0,
endurance,14,healthy,2492.0,104.85972095936364,105.67564962107322,649.465283505274,1817.1552548487266,68.6517394272034,42.021188861613176,10.986480553346277,0.14303272343072193,13.07532974146549,19.89984631709592,0.6163216532018614,1776.0,3.4560000000000173,0.6,none,0.0,
endurance,14,healthy,2493.0,104.93480352585658,104.85539044543843,650.3120536687434,1820.8274632168138,69.30984697852622,42.327129374518506,10.99771339750903,0.13791297853596363,13.039114620274908,20.148352281795365,0.6161229174912309,1768.0,3.5079999999999814,0.6,none,0.0,
endurance,14,healthy,2494.0,105.00964193072026,104.72886523938645,646.9129034396343,1816.0343597606368,68.97586457544392,43.512744422296734,11.008956047241844,0.12633492716161648,13.1420398188027,20.001158229569786,0.6159256735471152,1760.0,3.5600000000000023,0.6,none,0.0,
endurance,14,healthy,2495.0,105.08424205210106,105.25795694216689,651.6519568424537,1821.0766145622301,69.28765952896762,41.3437995098951,11.020208509668066,0.2318757359580523,13.026000312275634,19.83461745917323,0.6157298854555089,1752.0,3.612000000000023,0.6,none,0.0,
endurance,14,healthy,2496.0,105.15860962819103,104.41414300445365,642.4944640542258,1825.1062464809033,68.73043545493071,41.77110414965201,11.031470791915126,0.2458909202593268,13.13934358956289,20.15578154403931,0.6155355181574931,1744.0,3.6639999999999873,0.6,none,0.0,
endurance,14,healthy,2497.0,105.23275026056018,104.68082211285646,650.6523674757201,1817.7008202484171,69.41458844065589,43.84037869152672,11.042742901114652,0.18188430347001813,13.122916917063865,20.03841181910255,0.6153425374288757,1736.0,3.716000000000008,0.6,none,0.0,
endurance,14,healthy,2498.0,105.30666941740934,105.62893124773268,651.8538681676839,1827.726564803463,68.50411935629427,43.32892570385298,11.054024844402335,0.24265900442240662,13.028018390324553,20.090521767260153,0.6151509098603167,1728.0,3.768000000000029,0.6,none,0.0,
endurance,14,healthy,2499.0,105.38037243674565,105.50575318810294,648.8213489183745,1816.5543054066886,68.48997544408478,43.40555054649272,11.06531662891802,0.17276935501869511,13.08527000940112,20.116799599729536,0.6149606028379265,1720.0,3.819999999999993,0.6,none,0.0,
endurance,14,healthy,2500.0,105.45386452948239,106.41226109530342,653.3474458330146,1821.4495612443984,68.67615643684867,43.101740204786346,11.076618261805699,0.19067385171761211,13.118291946517775,19.97930419713118,0.6147715845243283,1712.0,3.872000000000014,0.6,none,0.0,
endurance,14,healthy,2501.0,105.52715078246504,105.24322029562725,656.1329933240224,1816.9267167760358,68.0347192638844,42.8184901656057,11.087929750213453,0.20854390784741192,13.15869808331406,20.05422947636872,0.6145838238401674,1704.0,3.923999999999978,0.6,none,0.0,
endurance,14,healthy,2502.0,105.60023616142529,105.933331867373,649.2698749088299,1823.6391224512975,68.68830803284405,43.25325368396457,11.099251101293575,0.25999742730494474,13.118553922675686,20.00548166918301,0.6143972904460651,1696.0,3.975999999999999,0.6,none,0.0,
endurance,14,healthy,2503.0,105.67312551386465,105.89305268195741,649.6573417064805,1819.3675993645104,68.73490191428074,42.47968133636209,11.110582322202415,0.20060656504565272,13.029972837866474,19.804282245143504,0.6142119547249989,1688.0,4.02800000000002,0.6,none,0.0,
endurance,14,healthy,2504.0,105.74582357186948,106.38282459571136,649.7007203360637,1819.7136021769957,68.34210228286673,43.1412500631959,11.121923420100499,0.2082733589139768,13.140102996870324,19.5765395252269,0.6140277877651037,1680.0,4.079999999999984,0.6,none,0.0,
endurance,14,healthy,2505.0,105.818334954859,105.78614154569736,647.0944677842973,1823.4376891905677,68.94135494153537,43.385695052873324,11.133274402152509,0.23590005492077248,13.078386831808439,20.038759495841617,0.6138447613428836,1672.0,4.132000000000005,0.6,none,0.0,
endurance,14,healthy,2506.0,105.89066417226779,106.34812999108011,644.4286195607499,1815.0103967642328,69.2487344377209,41.61269852722387,11.144635275527238,0.2115919243803332,13.100074161035325,20.30753457438711,0.6136628479068204,1664.0,4.184000000000026,0.6,none,0.0,
endurance,14,healthy,2507.0,105.96281562616451,105.96462968822917,653.9012757353299,1829.8709517250268,68.55662857551634,43.08365148741841,11.156006047397629,0.14430378058030432,13.126891691945795,20.06948613460158,0.6134820205613747,1656.0,4.23599999999999,0.6,none,0.0,
endurance,14,healthy,2508.0,106.03479361380822,105.65792274352287,649.3310189735632,1829.7454349503157,68.92409302361597,43.60677562344709,11.16738672494079,0.23924981340466686,13.121876686554122,19.972060410562797,0.6133022530513685,1648.0,4.288000000000011,0.6,none,0.0,
endurance,14,healthy,2509.0,106.10660233014383,106.15626427667152,647.4437232302789,1822.908738559264,68.29806753397015,44.28810967445564,11.178777315337959,0.15737891064158985,13.191881409804019,20.11962919341398,0.6131235197467368,1640.0,4.339999999999975,0.6,none,0.0,
endurance,14,healthy,2510.0,106.17824587023816,106.58673331393913,647.7021943383351,1816.62667321226,68.80327364933254,43.05374119071811,11.190177825774532,0.22006971818021848,13.11178360217111,19.81701707049333,0.6129457956276457,1632.0,4.391999999999996,0.6,none,0.0,
endurance,14,healthy,2511.0,106.249728231658,106.4736218872781,647.9212074744281,1815.5797476870778,69.14807212876357,43.86484630686751,11.20158826344006,0.25293989772896436,13.147309678601845,20.01066523752254,0.6127690562699609,1624.0,4.444000000000017,0.6,none,0.0,
endurance,14,healthy,2512.0,106.32105331679155,105.51943626755465,648.545860271928,1822.9214041014725,68.36448003088609,43.22334141486231,11.213008635528226,0.14200479810531394,13.053145858561315,19.93415747730393,0.612593277831066,1616.0,4.495999999999981,0.6,none,0.0,
endurance,14,healthy,2513.0,106.39222493511453,107.67242766041605,649.1142623310147,1827.5100196175401,68.44269801798812,43.249910811750965,11.224438949236891,0.2369287666462685,13.110107928738437,19.889260393412727,0.6124184370360173,1608.0,4.548000000000002,0.6,none,0.0,
endurance,14,healthy,2514.0,106.46324680540242,106.91563834445809,648.0129093012184,1823.2577789817688,68.71945640097026,43.62052943013698,11.23587921176807,0.1452368433823617,13.136461296196316,19.87317300045313,0.6122445111640259,1600.0,4.600000000000023,0.6,none,0.0,
endurance,14,healthy,2515.0,106.53412255789,106.91941278272444,656.4228269873608,1827.0051083950143,68.86968198533258,43.18232935934344,11.247329430327909,0.1847164347609727,13.132572477987637,20.466666136915897,0.6120714780352648,1592.0,4.651999999999987,0.6,none,0.0,
endurance,14,healthy,2516.0,106.60485573637942,106.576511852009,654.9891871785851,1827.7831345040536,69.19047735694058,43.858257294543556,11.258789612126764,0.24687185174177811,13.160139729365584,19.71361281987718,0.6118993159979892,1584.0,4.704000000000008,0.6,none,0.0,
endurance,14,healthy,2517.0,106.67544980029814,106.67279594892207,653.0430480870477,1822.4280442784666,69.30307752197534,44.351132962920644,11.270259764379096,0.2195103441893726,13.02012891908933,20.392133558347368,0.6117280039159616,1576.0,4.755999999999972,0.6,none,0.0,
endurance,14,healthy,2518.0,106.74590812670786,106.97369623759846,649.4307535171822,1829.2751783419826,68.40766559339205,43.65611956903878,11.281739894303573,0.2164920921913036,13.174263644508098,19.898080958899957,0.6115575211561799,1568.0,4.807999999999993,0.6,none,0.0,
endurance,14,healthy,2519.0,106.81623401226561,107.11994536933292,654.0038513007189,1826.9473867972467,68.51056785542507,44.44112815513303,11.293230009123024,0.2079486737174779,13.093541100701556,20.032732029265432,0.6113878475768935,1560.0,4.860000000000014,0.6,none,0.0,
endurance,14,healthy,2520.0,106.13381342892566,107.01303905949888,648.3355533980466,1666.799512801715,67.73956466696889,44.832963564659586,5.159823165604105,0.1434941181051649,13.051170571637307,20.0192754175857,0.6158172667359546,1552.0,4.911999999999978,0.3,none,0.0,
endurance,14,healthy,2521.0,105.42753474106102,105.44177489763089,645.4694228753172,1559.7418752825936,66.77670983718943,43.49578519673222,4.826097762837648,0.217729515313452,12.896497670147587,20.07911193246545,0.6203924529491356,1544.0,4.963999999999999,0.3,none,0.0,
endurance,14,healthy,2522.0,104.71091010938174,104.89292228170855,651.2558226326219,1484.5677016472926,66.0874355213861,43.41211897810049,4.597690371067336,0.23684607430396767,12.838484872922752,19.65948609296675,0.6250308502925382,1536.0,5.0160000000000196,0.3,none,0.0,
endurance,14,healthy,2523.0,103.99308494698664,104.11569660093224,645.4943221175091,1427.7873449044046,65.55132189002121,43.750433034244615,4.441747776472138,0.23623026909916073,12.827775162077662,20.212457960228516,0.6296765825784816,1528.0,5.067999999999984,0.3,none,0.0,
endurance,14,healthy,2524.0,103.28020596126314,103.5557659956964,641.6696746426918,1398.1419501597234,64.45134343227922,43.560626655586226,4.335665390873614,0.2262470955034385,12.82672160746774,19.823695885661337,0.6342920949615058,1520.0,5.1200000000000045,0.3,none,0.0,
endurance,14,healthy,2525.0,102.5763616009488,102.65422384850065,645.5732514250379,1373.628386376596,64.0327271705757,43.5736452826409,4.2638901750269165,0.16445346215910497,12.793572451116468,19.777978675915474,0.63832145640909,1512.0,5.1720000000000255,0.3,none,0.0,
endurance,14,healthy,2526.0,101.8842285336879,101.80780284689628,646.9097666917338,1355.7236493694013,64.03648752963429,42.812549245593736,4.215720894863381,0.24929440933803224,12.872088227727454,20.040671073089218,0.6418877657530286,1504.0,5.2239999999999895,0.3,none,0.0,
endurance,14,healthy,2527.0,101.20551602145326,100.69937461140483,641.2866707702711,1348.4603105871092,65.69430745690768,44.5767439110261,4.183794591376665,0.23428442500995356,12.850460613118832,20.019694398494895,0.6456638729594466,1496.0,5.2760000000000105,0.3,none,0.0,
endurance,14,healthy,2528.0,100.54127135260521,101.0919734274515,643.4873402607454,1337.3132186665262,64.25698286553207,42.05511758556431,4.163045198845545,0.20911608017232933,12.764307127207546,20.18050595871962,0.6495521944458424,1488.0,5.3279999999999745,0.3,none,0.0,
endurance,14,healthy,2529.0,99.89208975219904,99.97234164754468,639.365827272765,1331.638594362263,65.0082157706772,43.466526811223865,4.149987024010167,0.1647481090530311,12.935180217829622,20.057535412440867,0.6534864039086494,1480.0,5.3799999999999955,0.3,none,0.0,
endurance,14,healthy,2530.0,99.25825862285593,98.84274780483703,640.6539253441991,1330.8998585185072,64.54446066967334,41.75705508265999,4.142221745305647,0.30729289337579113,12.822801176725067,19.873789141614612,0.6574216462709617,1472.0,5.432000000000016,0.3,none,0.0,
endurance,14,healthy,2531.0,98.63985663962139,97.56658142873852,638.4609521303114,1327.7721516239953,65.14821671512256,42.5897019056757,4.138099204689273,0.19659059320420516,12.881167124315644,19.834913959938444,0.6613278102038025,1464.0,5.4839999999999804,0.3,none,0.0,
endurance,14,healthy,2532.0,98.03682180862462,99.0158216138833,640.6878994899685,1326.8351570700167,65.37807876198818,42.496188174373856,4.136484016183161,0.21288891812031846,12.762233971680345,20.05429423982821,0.6651849034064125,1456.0,5.536000000000001,0.3,none,0.0,
endurance,14,healthy,2533.0,97.44899818999514,98.06387111575808,642.3813628924391,1318.5288811934856,64.23142327303052,42.95693881258686,4.136594981405445,0.1481281161226255,12.785584523314615,19.846230732405665,0.6689798735233112,1448.0,5.588000000000022,0.3,none,0.0,
endurance,14,healthy,2534.0,96.87616795406113,96.59403548147738,638.0452251662279,1316.364001131797,64.09744989624782,42.38448663069286,4.137894599803125,0.18504273817423983,12.828516367520182,19.86167323415479,0.6727044229268451,1440.0,5.639999999999986,0.3,none,0.0,
endurance,14,healthy,2535.0,96.3180733557462,96.31028634142616,635.5355868074464,1320.004325710464,64.45610076166994,42.322288201219635,4.140013046438245,0.2057018021469298,12.820128106730058,20.046614089342537,0.6763535067726758,1432.0,5.692000000000007,0.3,none,0.0,
endurance,14,healthy,2536.0,95.77443177925659,95.85175472984379,629.1904136810163,1325.6840046979,64.18855467375363,42.49547733473139,4.142695865097517,0.3085801542562152,12.819229039478534,20.020816081172036,0.6799243007960716,1424.0,5.744000000000028,0.3,none,0.0,
endurance,14,healthy,2537.0,95.24494602008656,94.70443041063524,634.8044880318515,1323.0844328134467,65.02496721616518,42.85641138313913,4.1457679786751385,0.1694205212461236,12.747720517463508,20.06947478444425,0.6834154920458821,1416.0,5.795999999999992,0.3,none,0.0,
endurance,14,healthy,2538.0,94.72931129413739,94.2835758918939,628.3889503057355,1321.4548026575596,64.55391552493667,42.38181758037658,4.149108926615896,0.2127774291260144,12.722394282595321,19.92419407729949,0.6868267916292626,1408.0,5.848000000000013,0.3,none,0.0,
endurance,14,healthy,2539.0,94.2272199981498,94.77555308892735,628.9197232690894,1327.8711871332903,64.79671871624097,41.6445712265138,4.152635827108562,0.18759529947950948,12.71963933834772,20.008821319151533,0.6901586000800922,1400.0,5.899999999999977,0.3,none,0.0,
endurance,14,healthy,2540.0,93.73836492555351,93.86439240778715,628.1556161095059,1317.8352707864847,64.62478622075042,40.84017994192787,4.156291654273558,0.19939799951888876,12.805012299865627,20.213115904606294,0.6934117776477025,1392.0,5.951999999999998,0.3,none,0.0,
endurance,14,healthy,2541.0,93.26244142177175,94.20334527951783,630.216184856097,1314.9036883407864,64.82965253167451,41.291082077499105,4.160037172317787,0.17945640170246163,12.708839426843882,19.995920617036212,0.6965874867100286,1384.0,6.004000000000019,0.3,none,0.0,
endurance,14,healthy,2542.0,92.79914881172486,92.84785376766911,630.5151714259165,1321.6244264496343,64.76946859796764,41.13154286244685,4.163845385855371,0.1555970118686871,12.836779552981044,19.935800980687652,0.6996870837642172,1376.0,6.055999999999983,0.3,none,0.0,
endurance,14,healthy,2543.0,92.34819132826273,92.40768498391252,630.306130927701,1319.8748837615988,64.1934162549855,41.60368873804854,4.167697721469025,0.23492170241604898,12.773513931416812,19.871511869618594,0.7027120454938425,1368.0,6.108000000000004,0.3,none,0.0,
endurance,14,healthy,2544.0,91.90927869874727,92.313387196973,633.9996508885479,1315.7893486857083,63.958766513571696,41.276115837330494,4.171581400446133,0.18165354666077757,12.856131030198041,19.792487408058765,0.7056639182560797,1360.0,6.160000000000025,0.3,none,0.0,
endurance,14,healthy,2545.0,91.48212649784423,90.92134353598605,626.7053589111455,1329.8528777100344,63.99371555610437,41.22843433934471,4.175487631098994,0.20938273443272903,12.88480430977667,20.340126449713825,0.7085442836625802,1352.0,6.211999999999989,0.3,none,0.0,
endurance,14,healthy,2546.0,91.06645634078603,91.27949065812234,630.9729134868626,1315.793902487327,63.29258305313944,40.61702691716594,4.179410364997201,0.151784332343249,12.818840401136265,20.0317205669707,0.711354735217423,1344.0,6.26400000000001,0.3,none,0.0,
endurance,14,healthy,2547.0,90.66199596813166,90.6375669057755,622.9149433250675,1323.5759512525003,64.74671731360084,41.386138030762964,4.183345441197889,0.16357336030390018,12.80046710913196,19.8794602388513,0.7140968625496311,1336.0,6.315999999999974,0.3,none,0.0,
endurance,14,healthy,2548.0,90.26847925707641,90.5435526598024,627.3767304806979,1320.7591853613521,64.35201921358205,41.256805901534904,4.187289997436616,0.153315205689614,12.860859421355048,19.93336438304907,0.7167722408599637,1328.0,6.367999999999995,0.3,none,0.0,
endurance,14,healthy,2549.0,89.88564618338263,89.85530078828684,627.3358947233701,1321.4481919295047,65.01695229258655,40.403658302280284,4.1912420649994875,0.21787211090208675,12.76447615126933,19.961058207173842,0.7193824239456785,1320.0,6.420000000000016,0.3,none,0.0,
endurance,14,healthy,2550.0,89.5132427504541,89.11097585549322,630.1082167703136,1321.8329689423008,65.14461650451554,40.91149460210196,4.195200289976592,0.18460200761126733,12.761954465290978,19.885100303070427,0.72192893967849,1312.0,6.47199999999998,0.3,none,0.0,
endurance,14,healthy,2551.0,89.151020896887,88.73209643670386,624.2838524929938,1328.0537269534436,64.76879008568349,42.22409814964094,4.199163741471529,0.17417999752254207,12.731000610789964,20.05958906110946,0.7244132871625861,1304.0,6.524000000000001,0.3,none,0.0,
endurance,14,healthy,2552.0,88.79873839026402,88.29281609054786,625.2630710315314,1323.5853503699632,63.86320575975916,40.352662047716414,4.203131779640778,0.23599125458960435,12.80699722413491,20.348620823080285,0.726836935041326,1296.0,6.576000000000022,0.3,none,0.0,
endurance,14,healthy,2553.0,88.4561587125057,88.61699558035474,628.5862927289003,1322.7955672434282,64.78028939091757,40.84609914194057,4.207103964898753,0.2612379042890295,12.823161722930122,19.800475510809047,0.729201320587458,1288.0,6.627999999999986,0.3,none,0.0,
endurance,14,healthy,2554.0,88.12305094040887,87.85447861331475,629.0449426477782,1319.7121140464194,64.30319144174331,40.77028236285062,4.2110799954467675,0.212368535329078,12.874403550967592,20.249983387278863,0.7315078493259499,1280.0,6.680000000000007,0.3,none,0.0,
endurance,14,healthy,2555.0,87.79918962384376,87.95460888502781,625.7210444289154,1330.6955859959844,64.48447853528035,41.13183799242126,4.21505966429008,0.14421140832724438,12.765437269664119,19.890503540528567,0.7337578950170742,1272.0,6.732000000000028,0.3,none,0.0,
endurance,14,healthy,2556.0,87.48435466328593,88.08229255662435,623.7461560115956,1315.6240412685338,64.41147655306568,41.30715869576033,4.219042829663678,0.20192104364350727,12.7511280961071,19.935090407585392,0.7359527998814028,1264.0,6.783999999999992,0.3,none,0.0,
endurance,14,healthy,2557.0,87.17833118781326,88.00507908394401,622.7295452781375,1333.9285249983795,64.65707064766261,40.22712123199069,4.223029394683918,0.2666473455890481,12.819465552403125,19.895434084335612,0.7380938749854788,1256.0,6.836000000000013,0.3,none,0.0,
endurance,14,healthy,2558.0,86.88090943432253,86.15131648681171,617.5987312198062,1321.3084732095595,63.23033622512371,40.2579763994089,4.227019293347859,0.24781351540642813,12.852168643378896,19.683002147751132,0.7401824007324509,1248.0,6.887999999999977,0.3,none,0.0,
endurance,14,healthy,2559.0,86.59188462846343,86.57434389773334,625.9409808007691,1330.2997688365751,63.92593094508876,41.15187282799762,4.231012480900255,0.24052989189551724,12.835799418185491,19.842538875541237,0.7422196274195065,1240.0,6.939999999999998,0.3,none,0.0,
endurance,14,healthy,2560.0,86.3110568676109,86.80523872263826,626.1710721627888,1332.0989667891863,64.55197621570615,39.544517751900955,4.235008927205551,0.1523208329200163,12.846840726664569,19.83824607373376,0.7442067758359832,1232.0,6.992000000000019,0.3,none,0.0,
endurance,14,healthy,2561.0,86.03823100607632,86.07040530680838,624.2712359028642,1325.6729597136991,64.17100126769127,40.25618988968765,4.239008612187534,0.20153394894518611,12.857449036363228,20.169183338494502,0.7461450378843326,1224.0,7.043999999999983,0.3,none,0.0,
endurance,14,healthy,2562.0,85.77321654267537,85.67026694103181,621.1880500221067,1332.926231476546,63.78657302305907,39.535180110945255,4.243011522691649,0.19899483762810624,12.729474557622364,19.87446845083458,0.7480355772118024,1216.0,7.096000000000004,0.3,none,0.0,
endurance,14,healthy,2563.0,85.51582751071393,86.07975987458023,621.1330563729165,1324.8767505778192,64.7954100311501,40.96417377918516,4.247017650326058,0.23339772936450828,12.887731379930207,19.8314189408837,0.7498795298446063,1208.0,7.148000000000025,0.3,none,0.0,
endurance,14,healthy,2564.0,85.26588237041553,85.96450091811094,627.2636817530274,1324.526176009148,63.569731654421645,40.56982528555316,4.251026989976262,0.21471626770995414,12.781092930206498,19.979087509739028,0.7516780048190522,1200.0,7.199999999999989,0.3,none,0.0,
endurance,14,healthy,2565.0,85.02320390378759,85.75295807161388,622.9401248902481,1322.599674912441,63.86384024449377,39.51058745309483,4.255039538783059,0.1672818334600074,12.777941680262412,19.747965952044236,0.7534320848059285,1192.0,7.2520000000000095,0.3,none,0.0,
endurance,14,healthy,2566.0,84.78761911190692,84.47565624611562,621.7846389018529,1322.6050275392142,64.10921860590696,40.33245764556434,4.259055295439326,0.22428571691964905,12.900890758995995,19.793753517796524,0.7551428267257192,1184.0,7.303999999999974,0.3,none,0.0,
endurance,14,healthy,2567.0,84.55895911459284,84.12961602314661,620.649260678237,1334.500806039504,64.16075992666919,40.687746424311136,4.26307425970622,0.21471524062272698,12.773418907542696,20.154021248230677,0.7568112623530925,1176.0,7.3559999999999945,0.3,none,0.0,
endurance,14,healthy,2568.0,84.33705905242934,83.92009052685304,624.2082687236491,1332.5032218042802,64.63421960693553,41.15173851406955,4.26709643208024,0.2580865400441259,12.852708172389288,19.798467801141726,0.7584383989096835,1168.0,7.4080000000000155,0.3,none,0.0,
endurance,14,healthy,2569.0,84.12175799109271,84.77595523267568,623.3388664087659,1315.9274818983863,64.62684850140047,40.677871256749306,4.271121813564204,0.17902960334965642,12.801478494467412,20.144698990405548,0.7600252196446191,1160.0,7.4599999999999795,0.3,none,0.0,
endurance,14,healthy,2570.0,83.9128988279383,83.56038041038936,617.8239417323873,1327.5994715227316,63.754981451380594,39.69585586281175,4.275150405509645,0.13289079132766315,12.828253510347109,20.116325325077458,0.7615726844024928,1152.0,7.5120000000000005,0.3,none,0.0,
endurance,14,healthy,2571.0,83.71032820079851,84.13468068790424,614.5072028929528,1326.508237219584,63.720172678267346,40.01318547934812,4.279182209508373,0.21841845561511877,12.770346971019947,20.12726624065122,0.7630817301786887,1144.0,7.564000000000021,0.3,none,0.0,
endurance,14,healthy,2572.0,83.51389639894329,84.460495945383,618.3663312607537,1321.6165052571812,64.54869678274612,39.45941327197706,4.283217227317877,0.16476549118570719,12.909936951768053,19.712375421561905,0.7645532716620872,1136.0,7.6159999999999854,0.3,none,0.0,
endurance,14,healthy,2573.0,83.32345727615463,83.10074104266565,621.1205017779407,1324.4728590448478,65.00923012933023,39.43008373814048,4.287255460809994,0.2941424612825345,12.752969153390374,19.58551016237703,0.7659882017652637,1128.0,7.668000000000006,0.3,none,0.0,
endurance,14,healthy,2574.0,83.13886816586644,83.37678431247369,618.5305988173205,1334.252447274401,64.6318731976355,40.77754262683281,4.291296911935579,0.144768232748004,12.779793664597417,20.063820654865488,0.7673873921423449,1120.0,7.720000000000027,0.3,none,0.0,
endurance,14,healthy,2575.0,82.95998979832206,83.79191797178468,621.2983087940781,1337.024036425434,64.9555465091712,39.61513016390358,4.295341582700209,0.14139757282710938,12.798939784727498,19.67729443292747,0.7687516936947327,1112.0,7.771999999999991,0.3,none,0.0,
endurance,14,healthy,2576.0,82.78668621970219,82.57404503587595,619.0558237382097,1335.501494419254,65.07232789709613,39.79991052587023,4.299389475147478,0.1329829008487636,12.760920488015351,19.827940263976767,0.7700819370649223,1104.0,7.824000000000012,0.3,none,0.0,
endurance,14,healthy,2577.0,82.61882471317703,83.3912221784923,620.7157890785932,1324.8001628656316,64.26878427836422,39.28000767686942,4.303440591347469,0.2218859673870879,12.845969116583072,20.240511377366094,0.7713789331186516,1096.0,7.875999999999976,0.3,none,0.0,
endurance,14,healthy,2578.0,82.45627572183713,83.14483014953385,612.8261217907659,1326.8844584020148,65.39690669164875,39.9135838949463,4.307494933388856,0.18268222659255717,12.901012962724472,20.307807181633002,0.7726434734156389,1088.0,7.927999999999997,0.3,none,0.0,
endurance,14,healthy,2579.0,82.29891277345861,82.78612108978389,617.2077649972315,1336.3037708866234,63.89214643027186,38.48368145974986,4.311552503373454,0.26851716525994485,12.80379180431281,19.619289746521222,0.7738763306691523,1080.0,7.980000000000018,0.3,none,0.0,
endurance,14,healthy,2580.0,82.14661240705928,82.29452080713614,615.2904819611172,1328.5034915553224,63.80740882660548,39.58718151015725,4.315613303412462,0.09968843087673351,12.807049867265253,19.852616184355835,0.7750782591946688,1072.0,8.031999999999982,0.3,none,0.0,
endurance,14,healthy,2581.0,81.99925410120304,81.58241429757196,616.6330227251942,1331.6740251721174,65.19091864205042,39.80191164051382,4.319677335623907,0.1866442299821336,12.815431180087769,20.069391286194282,0.7762499953478733,1064.0,8.084000000000003,0.3,none,0.0,
endurance,14,healthy,2582.0,81.85672020401115,81.03945702342013,614.9315703441144,1331.0652525097191,63.98747547508238,40.03636911074485,4.323744602130856,0.2261377552097502,12.711128882573872,19.98347275329184,0.777392257952239,1056.0,8.136000000000024,0.3,none,0.0,
endurance,14,healthy,2583.0,81.71889586483981,81.44205283529713,613.5655264491215,1336.379114481197,64.64500540498537,39.12899707969893,4.327815105060181,0.1767829073319724,12.763628530593097,20.261404780785984,0.7785057487164408,1048.0,8.187999999999988,0.3,none,0.0,
endurance,14,healthy,2584.0,81.58566896758423,81.80566056951295,620.9294121088668,1336.1626374077493,64.50524574021829,40.10103261136279,4.331888846541768,0.20664893007724502,12.82025304460974,19.97104737929319,0.7795911526418365,1040.0,8.240000000000009,0.3,none,0.0,
endurance,14,healthy,2585.0,81.45693006557073,81.17966712754261,616.0228586391839,1321.2879978313813,63.72548937762049,39.40010391922101,4.335965828707876,0.11623425825886943,12.820569123226218,19.737033046180617,0.7806491384202481,1032.0,8.291999999999973,0.3,none,0.0,
endurance,14,healthy,2586.0,81.332572317999,80.22868183787527,624.4393179603511,1330.823437364451,64.66447003791042,38.95183696594464,4.340046053692802,0.2626725855007362,12.734868936176397,20.158172418427036,0.7816803588222789,1024.0,8.343999999999994,0.3,none,0.0,
endurance,14,healthy,2587.0,81.2124914278975,81.53519299493401,615.7396629698751,1331.4473352898403,64.73491443027636,39.90497289155931,4.3441295236325494,0.23829306419189955,12.783237348544917,20.102798869470238,0.7826854510763839,1016.0,8.396000000000015,0.3,none,0.0,
endurance,14,healthy,2588.0,81.09658558155624,81.19401834615446,618.8528747743178,1333.6884433795228,65.04671248227837,39.643761196595925,4.3482162406646845,0.1630705594618394,12.814151603871833,19.554419220970352,0.783665037238918,1008.0,8.447999999999979,0.3,none,0.0,
endurance,14,healthy,2589.0,80.98475538940146,81.67604733012244,610.9949028136058,1328.9553694249194,64.69410492863531,38.91899069693659,4.3523062069282,0.16111182540059582,12.811850240885606,20.128362157880552,0.7846197245553758,1000.0,8.5,0.3,none,0.0,
endurance,14,healthy,2590.0,80.87690382827816,80.12811914544604,619.6612757164897,1322.2912418371848,63.74756043994223,38.66165141644217,4.356399424563398,0.2602508613653961,12.900324972258039,19.619337840189534,0.7855501058130268,992.0,8.552000000000021,0.3,none,0.0,
endurance,14,healthy,2591.0,80.77293618510681,81.05133851544635,615.7322548220426,1331.4537628049072,63.843387078168796,38.952284630831485,4.36049589571186,0.1809905286458555,12.787887983574288,20.197541958980846,0.7864567596851602,984.0,8.603999999999985,0.3,none,0.0,
endurance,14,healthy,2592.0,80.67276000188158,80.01325879732909,613.8021574363673,1333.3931205718143,64.17071675532351,39.794866855304996,4.3645956225164015,0.12897057286041103,12.792964865695676,20.11999851326162,0.7873402510671297,976.0,8.656000000000006,0.3,none,0.0,
endurance,14,healthy,2593.0,80.57628502197808,81.39812986603879,619.1288926354806,1330.4725573095263,64.34275608196164,39.003856577296354,4.368698607121027,0.15296101437300472,12.911861439366472,19.947090984661163,0.7882011314044002,968.0,8.708000000000027,0.3,none,0.0,
endurance,14,healthy,2594.0,80.48342313773954,80.44816696007972,615.9734624510836,1337.8027590449071,64.86504938461728,39.349665628661704,4.372804851670917,0.2518209374504723,12.792364865846395,19.926906356895767,0.7890399390127818,960.0,8.759999999999991,0.3,none,0.0,
endurance,14,healthy,2595.0,80.3940883393109,80.47362851215739,612.7711933329855,1342.1021348746963,63.876709573982815,39.58666972564594,4.3769143583124315,0.2354008927075057,12.805223298832283,20.04013755278661,0.7898571993910424,952.0,8.812000000000012,0.3,none,0.0,
endurance,14,healthy,2596.0,80.3081966646912,79.67372908213666,617.7725355720172,1335.2232528219245,65.0256671602648,38.89213675205363,4.381027129193071,0.16456995528634794,12.708910876216054,19.955629309572846,0.7906534255260718,944.0,8.863999999999976,0.3,none,0.0,
endurance,14,healthy,2597.0,80.22566615097512,80.92469237685441,617.1005837897908,1335.139788745962,65.18076210299591,39.11989411663171,4.385143166461499,0.11497994934755495,12.748089711292556,20.06261289687938,0.7914291181907875,936.0,8.915999999999997,0.3,none,0.0,
endurance,14,healthy,2598.0,80.14641678675544,80.66489066948941,617.5081832866649,1338.420280231881,64.370712753875,38.74812072781762,4.389262472267522,0.1592489179335545,12.943306041305512,19.87666973531151,0.7921847662349402,928.0,8.968000000000018,0.3,none,0.0,
endurance,14,healthy,2599.0,80.07037046565885,80.14434387143336,612.9699868223491,1336.5135569064432,65.1583759581938,38.99745264445526,4.393385048762087,0.18097463664709781,12.848107835141827,20.008985468977155,0.7929208468689999,920.0,9.019999999999982,0.3,none,0.0,
endurance,14,healthy,2600.0,79.99745094098797,79.46432625332277,613.7702648513631,1324.131278833142,64.41361331320476,38.20021317509813,4.3975108980972895,0.22456476964822863,12.870790267184193,19.739157969938844,0.7936378259412824,912.0,9.072000000000003,0.3,none,0.0,
endurance,14,healthy,2601.0,79.92758378144336,80.56748019892188,620.9449132729544,1339.8012733965636,64.68314753349537,38.74721602135032,4.401640022426364,0.1634302223965819,12.921393866753016,19.87718935863854,0.7943361582084755,904.0,9.124000000000024,0.3,none,0.0,
endurance,14,healthy,2602.0,79.86069632789975,80.16235394553334,618.5602108278244,1329.190347995238,63.64247657991982,38.74967584894716,4.405772423903675,0.19072225360425016,12.76525060542166,20.02644848609675,0.7950162875997255,896.0,9.175999999999988,0.3,none,0.0,
endurance,14,healthy,2603.0,79.79671765121142,79.09213954017034,612.8642843223571,1336.6988289505678,63.868233036798365,38.351829977299154,4.4099081046847495,0.220565297729397,12.73937467139589,20.280522264663702,0.7956786474744371,888.0,9.228000000000009,0.3,none,0.0,
endurance,14,healthy,2604.0,79.73557851102225,80.00678909209472,616.4756358048688,1327.4669206427966,64.46308647154889,38.25984618797271,4.414047066926238,0.21678255341806343,12.855122626019417,20.103548137717997,0.7963236608739319,880.0,9.279999999999973,0.3,none,0.0,
endurance,14,healthy,2605.0,79.67721131555639,79.13212230412326,613.9603783781322,1339.2796614128729,64.934965789297,40.030729984514544,4.418189312785937,0.26984392718333916,12.826944541786855,19.814621299059375,0.7969517407671188,872.0,9.331999999999994,0.3,none,0.0,
endurance,14,healthy,2606.0,79.62155008236635,79.64201808834002,619.3942120101625,1339.29047928583,65.00351549264029,37.840248560049055,4.422334844422786,0.27144906140272285,12.740689466476969,19.69162625220917,0.7975632902903125,864.0,9.384000000000015,0.3,none,0.0,
endurance,14,healthy,2607.0,79.5685304000157,79.46990962861908,610.3585916559676,1325.1865635497745,64.23830581829436,38.10198933012813,4.426483663996853,0.20890895128998516,12.767765659542206,20.389782509330345,0.7981587029813426,856.0,9.435999999999979,0.3,none,0.0,
endurance,14,healthy,2608.0,79.51808939067402,79.09795871341508,613.6169404709048,1331.5733920466978,64.68786824172616,38.77019683129283,4.4306357736693744,0.12633210974601922,12.797718609537723,20.066638836985597,0.79873836300809,848.0,9.488,0.3,none,0.0,
endurance,14,healthy,2609.0,79.47016567360247,78.73581147426101,617.2170038895682,1332.9790935905532,63.952951023355446,39.94081322981664,4.434791175602702,0.2107060108868892,12.777678854998554,19.834059052867968,0.7989534737595919,840.0,9.54000000000002,0.3,none,0.0,
endurance,14,healthy,2610.0,79.42469932950874,79.77722236189527,615.3321784884664,1330.4527004619429,64.02020789486085,38.3424385164834,4.4389498719603395,0.24129208543281197,12.759735642444323,19.810425523805264,0.7990154128713075,832.0,9.591999999999985,0.3,none,0.0,
