mission_type,mission_seed,fault_label,timestamp_s,true_cht,sensor_cht,egt,rpm,oil_pressure,oil_temp,fuel_flow,vibration,battery_voltage,injection_timing,health_index,altitude,ambient_temp,throttle,fault_type,fault_severity,rul_seconds
high_altitude,400,vibration,0.0,28.23048471983589,28.600994893381934,544.5101249144872,1972.249467076593,70.24829883117509,26.216254394411802,22.38743720995602,0.08248705007284501,13.22532635844653,19.913541380152477,0.8583795529154954,8.0,14.947999999999979,0.95,none,0.0,1567.5
high_altitude,400,vibration,1.0,31.601409301408722,31.801439556168532,553.4500982393643,2150.0256610689016,71.80641637025334,26.975311670291983,24.444115516144887,0.2536661823461356,13.285315858576702,19.941186779168444,0.854638669361095,16.0,14.896000000000015,0.95,none,0.0,1566.5
high_altitude,400,vibration,2.0,35.04086875427723,34.7511217673241,552.4675244128343,2270.5156101803373,73.99967158374413,26.249994300928307,25.847656787083043,0.20674257991247882,13.459782225457161,20.110363336843296,0.8508217292332743,24.0,14.843999999999994,0.95,none,0.0,1565.5
high_altitude,400,vibration,3.0,38.500095532655884,38.77605769140983,563.7556241244097,2360.85711673859,73.6236946059717,27.329969797792437,26.802519133074377,0.26511973366015096,13.460917764201584,19.88158532460303,0.8469828523159685,32.0,14.791999999999973,0.95,none,0.0,1564.5
high_altitude,400,vibration,4.0,41.946213199788744,42.24788530884251,562.4046767742132,2414.154689344109,74.44672523764783,28.79639501734267,27.449159680927476,0.16333922740175053,13.493050097505131,20.032699112482188,0.8431585232348677,40.0,14.740000000000009,0.95,none,0.0,1563.5
high_altitude,400,vibration,5.0,45.35725495040101,45.48370621267866,566.4025013986956,2463.082754056742,75.60629050772958,29.828648948207857,27.884068617938095,0.20940948364476603,13.52010646521413,20.015300629079277,0.8393731196521257,48.0,14.687999999999988,0.95,none,0.0,1562.5
high_altitude,400,vibration,6.0,48.71873921407438,48.27873349987522,574.018880748198,2481.407882838392,75.00156406199318,29.829950435449113,28.173532040820714,0.1722800426693739,13.501846395576901,20.332878262870093,0.8356427124905143,56.0,14.636000000000024,0.95,none,0.0,1561.5
high_altitude,400,vibration,7.0,52.02131574296734,51.28611109693336,579.5094785356022,2511.710424919303,76.03645514622234,31.344102047063913,28.36308666114438,0.11907994796759666,13.576640402623756,19.85777506728492,0.8319776781875753,64.0,14.584000000000003,0.95,none,0.0,1560.5
high_altitude,400,vibration,8.0,55.259147648941536,55.36308523117117,579.46423671145,2512.0109708605983,75.1825970421796,30.37289625512303,28.484014931666856,0.1973324819347156,13.514882512918511,19.83070749183948,0.8283844942299204,72.0,14.531999999999982,0.95,none,0.0,1559.5
high_altitude,400,vibration,9.0,58.428799397528316,58.87641845137436,577.002445915346,2520.3754717222487,75.54758183962016,31.96823238323794,28.557807021437515,0.20597463046354125,13.596696189083634,19.774732244556382,0.8248669732019263,80.0,14.480000000000018,0.95,none,0.0,1558.5
high_altitude,400,vibration,10.0,61.5284726390456,61.75447174786842,592.2379366047562,2539.970350690057,75.40158110340964,32.105372943681395,28.599226070889166,0.26198989811121104,13.502731479145067,19.873438716154386,0.8214271108221525,88.0,14.427999999999997,0.95,none,0.0,1557.5
high_altitude,400,vibration,11.0,64.55748116977317,63.46054100506284,592.2541935640975,2531.030911000117,74.66949350871076,32.45673759444571,28.61841393811876,0.15739490518441368,13.469757346382798,20.1969692849958,0.8180656686051775,96.0,14.375999999999976,0.95,none,0.0,1556.5
high_altitude,400,vibration,12.0,67.51589028725063,67.27359357907456,598.043384084854,2537.673148331628,75.77111293526097,34.483430616605105,28.62233778869877,0.12780915808625565,13.58625608525226,20.08258302980089,0.8147825740870569,104.0,14.324000000000012,0.95,none,0.0,1555.5
high_altitude,400,vibration,13.0,70.40426915892782,69.79612272061644,603.7253449547401,2532.788731234021,75.98507081492467,34.12453242231764,28.615783862975388,0.22722547303645715,13.495186958148082,20.01427338087647,0.8115771956342132,112.0,14.271999999999991,0.95,none,0.0,1554.5
high_altitude,400,vibration,14.0,73.22352088006932,72.51687073769884,604.417847441741,2538.9317907753716,75.92341290439748,35.21716529379388,28.60204016669665,0.1797750213439271,13.568001330486231,20.164596514328277,0.8084485310366764,120.0,14.220000000000027,0.95,none,0.0,1553.5
high_altitude,400,vibration,15.0,75.974765935772,75.91230451149394,609.1070771522334,2546.1364456557044,75.90437616786457,35.84621542080862,28.583365460512756,0.1441531557471941,13.519268986367749,19.722537660784226,0.8053953368361103,128.0,14.168000000000006,0.95,none,0.0,1552.5
high_altitude,400,vibration,16.0,78.65926237123408,77.83242611687274,613.0549542395772,2544.2165357819144,74.64407726044857,36.53270281684988,28.561311442692656,0.24708741696431463,13.512251892417517,20.12815827670945,0.8024162169168563,136.0,14.115999999999985,0.95,none,0.0,1551.5
high_altitude,400,vibration,17.0,81.27835119203905,81.98531163081104,616.8619641652143,2536.5982310201684,75.2659419748737,38.003252521521354,28.536944079640765,0.13249357095383263,13.692832779784942,20.491293557652757,0.799509683097968,144.0,14.064000000000021,0.95,none,0.0,1550.5
high_altitude,400,vibration,18.0,83.83341910333152,83.07791885752776,616.5830932264348,2542.0549707865266,75.83378970992717,37.609130819451416,28.51099565375135,0.31930234997297247,13.525435383414404,20.03835906624272,0.7966741964834112,152.0,14.012,0.95,none,0.0,1549.5
high_altitude,400,vibration,19.0,86.32587316289826,87.19486095297842,621.7055752170558,2534.0196831508492,75.85316351286468,37.70834740579909,28.4839692160038,0.12288218549503091,13.612165755849764,19.99524636457075,0.7820788297763155,160.0,13.95999999999998,0.95,none,0.0,1548.5
high_altitude,400,vibration,20.0,88.757123618633,88.05274586011771,624.2539240388786,2540.19783946083,74.90854347340573,39.26591547426103,28.45621034194467,0.21677826291013705,13.524616495871966,19.997181011359498,0.7669644973043904,168.0,13.908000000000015,0.95,none,0.0,1547.5
high_altitude,400,vibration,21.0,91.12857236649198,90.97164165456188,630.360840088604,2532.4508200981336,75.32230860856578,40.3570991779765,28.427956426013242,0.05998299244407343,13.516198637311177,19.790402362098455,0.7522155383171589,176.0,13.855999999999995,0.95,none,0.0,1546.5
high_altitude,400,vibration,22.0,93.44160526641296,93.24813680759169,635.051129090133,2530.8970154156286,76.25023386575394,39.91770874325464,28.3993705453416,0.2535651965986321,13.544992532633346,20.053134387999137,0.7378234855568666,184.0,13.803999999999974,0.95,none,0.0,1545.5
high_altitude,400,vibration,23.0,95.69758710460633,96.02257184467324,633.2582815542997,2538.4555030735078,75.214946726966,40.86901205809209,28.37056472321847,0.2260663490748238,13.547127429575957,20.185042783801304,0.7237800005209649,192.0,13.75200000000001,0.95,none,0.0,1544.5
high_altitude,400,vibration,24.0,97.89785836939124,97.38667063257618,635.1924760282293,2539.6752739694743,75.86250628717451,41.3834348871693,28.341615910423037,0.12421287364354211,13.506189095371187,20.023208712262125,0.7100768931609451,200.0,13.699999999999989,0.95,none,0.0,1543.5
high_altitude,400,vibration,25.0,100.0437332681474,100.42782335528348,635.3742884414131,2534.6022697275703,75.55385500262045,42.946766118367144,28.312576963942252,0.11072784841309256,13.376657922456582,19.77403448084703,0.6967061339982699,208.0,13.648000000000025,0.95,none,0.0,1542.5
high_altitude,400,vibration,26.0,102.13649859197267,102.08489238591952,644.421698346189,2545.968067776159,75.03935645584573,42.853531279241444,28.283484189032837,0.1294707745201464,13.5152653622219,20.161796879262333,0.6836598610610283,216.0,13.596000000000004,0.95,none,0.0,1541.5
high_altitude,400,vibration,27.0,104.17741315770981,104.96024608560741,645.4689976505591,2539.0551213633885,75.4305327673602,43.254415231191224,28.25436252040025,0.15884457668439644,13.48589807577947,19.83955930108976,0.6709303832930157,224.0,13.543999999999983,0.95,none,0.0,1540.5
high_altitude,400,vibration,28.0,106.16770764161527,106.01116857246654,649.5436070645127,2527.1014545799735,75.77974225840545,43.65418194205337,28.225229081517895,0.21321512561634387,13.622410066662693,20.134933769731465,0.6585101815699745,232.0,13.492000000000019,0.95,none,0.0,1539.5
high_altitude,400,vibration,29.0,108.10858467710838,108.7220668948045,658.4388600995769,2531.778267068613,75.36643391178694,43.23818589747487,28.196095629775975,0.1680415710479045,13.443391334768188,20.212681251013006,0.6463919081023703,240.0,13.439999999999998,0.95,none,0.0,1538.5
high_altitude,400,vibration,30.0,110.001219129026,109.55567362615395,657.1102793938694,2531.048411063546,75.77431281647019,44.29211649965773,28.16697023622744,0.21246141215415737,13.58349724578652,19.847656375076145,0.6345683847597666,248.0,13.387999999999977,0.95,none,0.0,1537.5
high_altitude,400,vibration,31.0,111.84675848429477,112.85573089728592,656.6914188033861,2538.755622591807,75.60475589661283,44.569921975863295,28.137858439524003,0.1579252759945926,13.480951972302238,20.184029937921018,0.6230326006839133,256.0,13.336000000000013,0.95,none,0.0,1536.5
high_altitude,400,vibration,32.0,113.64632331782799,114.61146470109256,659.4725641136438,2533.407530925451,75.61942677604497,46.2147564894186,28.108764038636416,0.21380190197655033,13.590287690487042,19.991064848168936,0.6117777094422338,264.0,13.283999999999992,0.95,none,0.0,1535.5
high_altitude,400,vibration,33.0,115.40100780544174,115.19523883249444,655.5129148004339,2525.797773784374,75.5523437523933,45.87383295213583,28.07968963742993,0.1974062198226956,13.405147381999875,20.0859486405223,0.6007970258940358,272.0,13.232000000000028,0.95,none,0.0,1534.5
high_altitude,400,vibration,34.0,117.11188026451046,117.83066613106647,662.8130768212757,2519.991446004834,75.42077234669678,47.63696581257527,28.050637018771393,0.16197163370460435,13.588708065453378,20.244851178468522,0.5900840228872405,280.0,13.180000000000007,0.95,none,0.0,1533.5
high_altitude,400,vibration,35.0,118.77998370921694,118.0245055565369,663.6649488728935,2526.3573632365737,75.06265340752451,47.03257847650092,28.021607401529906,0.19247736441308222,13.527948411384127,20.346588334526405,0.5796323278659451,288.0,13.127999999999986,0.95,none,0.0,1532.5
high_altitude,400,vibration,36.0,120.40633641146542,120.78902823843706,667.7048293404825,2528.5886013576023,74.98000241888211,47.54955725490798,27.99260161712841,0.13107118177552768,13.461541957180023,19.914156393962887,0.5694357194433826,296.0,13.076000000000022,0.95,none,0.0,1531.5
high_altitude,400,vibration,37.0,121.99193246142215,122.18478191501075,673.5106361791164,2527.9469074060535,74.58238484166102,48.28617379999402,27.963620230829502,0.20461982342032387,13.594874694307546,19.990254468652868,0.5594881239771592,304.0,13.024000000000001,0.95,none,0.0,1530.5
high_altitude,400,vibration,38.0,123.53774232363516,122.97263870119063,674.3475682906618,2524.040510726894,75.7577236072069,49.566844450751475,27.93466362505509,0.2730997359333408,13.526986481904027,20.16983280094349,0.5497836121715033,312.0,12.97199999999998,0.95,none,0.0,1529.5
high_altitude,400,vibration,39.0,125.04471338604922,124.40619183549387,674.0967892430596,2522.349083061047,74.35924917351124,49.187458993438575,27.90573205662457,0.20149195309819642,13.466960135384298,20.19805464512802,0.5403163957229191,320.0,12.920000000000016,0.95,none,0.0,1528.5
high_altitude,400,vibration,40.0,126.5137705001678,126.59069529353657,682.3967452990997,2525.8415844958677,75.59328505470602,49.49906600646572,27.876825696075542,0.19709094467766441,13.506178715962317,20.084375551614695,0.5310808240199331,328.0,12.867999999999995,0.95,none,0.0,1527.5
high_altitude,400,vibration,41.0,127.94581651125422,128.68407198338298,679.1624483063341,2522.0212907847545,76.0868142510348,50.67739655983872,27.847944654676144,0.17978641592030453,13.566042633639743,20.1750996156243,0.5220713809036978,336.0,12.815999999999974,0.95,none,0.0,1526.5
high_altitude,400,vibration,42.0,129.3417327779031,129.28435683047854,683.4211069465103,2517.2901902462468,74.5333713725485,51.22211062616625,27.819089002981684,0.20359907738278415,13.523340332410294,19.85330014527626,0.5132826814935398,344.0,12.76400000000001,0.95,none,0.0,1525.5
high_altitude,400,vibration,43.0,130.70237968061173,131.71860534374716,683.3714604459204,2529.4195400666326,75.28524045366483,51.00915093286234,27.79025878358222,0.19553592684912394,13.522754918729802,20.010140594198308,0.5047094690797158,352.0,12.711999999999989,0.95,none,0.0,1524.5
high_altitude,400,vibration,44.0,132.0285971191852,132.264254829313,686.926794177787,2531.5931976271854,75.19991913070476,51.783538772992976,27.76145401986026,0.2019011223887489,13.565058509087198,20.538596431409154,0.49634661208439157,360.0,12.660000000000025,0.95,none,0.0,1523.5
high_altitude,400,vibration,45.0,133.32120499894646,133.5133447717091,685.5890155398338,2516.392771576479,74.90885237530776,51.532261974744166,27.732674722006422,0.22367822464206086,13.46626267650623,19.960031679206427,0.4881891010910202,368.0,12.608000000000004,0.95,none,0.0,1522.5
high_altitude,400,vibration,46.0,134.58100370581536,134.82194407557952,691.3669549272746,2517.872274096972,75.5206696137003,52.70432800827981,27.703920891152567,0.2574392828071213,13.505708891071876,19.53322927508126,0.48023204594172775,376.0,12.555999999999983,0.95,none,0.0,1521.5
high_altitude,400,vibration,47.0,135.80877457038267,135.47750680173047,686.7326797060584,2517.742140674557,75.26483339489107,53.2114643453543,27.67519252221076,0.15221991101915952,13.431206235462916,20.03962245220195,0.4724706729019379,384.0,12.504000000000019,0.95,none,0.0,1520.5
high_altitude,400,vibration,48.0,137.00528032114508,136.68747470844664,691.3505809317066,2509.1895627622644,74.76478137989939,53.423381445074334,27.646489605823643,0.21282178076967273,13.514110875713417,19.99439758775908,0.4649003218912172,392.0,12.451999999999998,0.95,none,0.0,1519.5
high_altitude,400,vibration,49.0,138.1712655270938,137.74938707856518,694.6230317787378,2519.5478681280897,75.36822404209695,53.21108618172259,27.617812129704436,0.2537790083981892,13.461355460900458,19.985487994513285,0.4575164437791719,400.0,12.399999999999977,0.95,none,0.0,1518.5
high_altitude,400,vibration,50.0,139.30745702986476,139.0136799733225,691.8618132228413,2521.25594318347,75.89403487414629,54.9310843760112,27.589160079557224,0.18720235099804838,13.513167808633295,19.610757355570545,0.45031459774511706,408.0,12.348000000000013,0.95,none,0.0,1517.5
high_altitude,400,vibration,51.0,140.41456436566804,140.4415412652708,696.9013232398976,2518.6827243635657,75.46605819238293,53.61229633111642,27.560533439709296,0.19379809481203686,13.543852345553669,19.810727871630395,0.44329044870019296,416.0,12.295999999999992,0.95,none,0.0,1516.5
high_altitude,400,vibration,52.0,141.49328017721825,140.9382386582089,696.8588168734632,2508.9997181927024,75.40304019231498,55.34780255532396,27.53193219354561,0.16467190383742003,13.530302393873285,19.800044671621688,0.4364397647705742,424.0,12.244000000000028,0.95,none,0.0,1515.5
high_altitude,400,vibration,53.0,142.54428061588956,142.9979241861105,700.4237125869348,2516.425725748333,75.3427203147534,54.95294483968639,27.503356323807036,0.1464600610795566,13.546217528359314,20.055563869708145,0.4297584148404021,432.0,12.192000000000007,0.95,none,0.0,1514.5
high_altitude,400,vibration,54.0,143.56822573431768,142.50365137846657,700.4728656646206,2511.9705111166395,74.14737797838758,55.18903107909267,27.47480581279559,0.26603917493639856,13.51756533398229,20.11026287860065,0.42324236615308575,440.0,12.139999999999986,0.95,none,0.0,1513.5
high_altitude,400,vibration,55.0,144.56575986966953,144.59452929487887,704.5003946651714,2504.571243666664,75.06996862992992,55.73845311089319,27.44628064251499,0.20461970936203636,13.475565884462558,20.450717965679644,0.4168876819696199,448.0,12.088000000000022,0.95,none,0.0,1512.5
high_altitude,400,vibration,56.0,145.53751201779804,146.69749745162312,702.1360303814339,2513.872726816304,74.39985861863643,56.251320968779794,27.417780794767538,0.19230462216876423,13.572751736892002,20.617088077113912,0.4106905192825918,456.0,12.036000000000001,0.95,none,0.0,1511.5
high_altitude,400,vibration,57.0,146.48409619849548,146.37029679096796,699.8827063062477,2501.3300899250307,75.89218134279106,56.60131046900793,27.389306251220532,0.2145819991978698,13.387870318595686,20.000368816146917,0.40464712658457547,464.0,11.98399999999998,0.95,none,0.0,1510.5
high_altitude,400,vibration,58.0,147.40611181205557,147.1050623594394,701.408078032034,2513.9861389566336,74.78323035299573,57.30915548971082,27.360856993452,0.3540960638013211,13.50563969977866,19.945254090932075,0.3987538416896268,472.0,11.932000000000016,0.95,none,0.0,1509.5
high_altitude,400,vibration,59.0,148.30414398734916,147.83108733243355,702.1151495489415,2513.360219820747,75.04031369920979,58.31321475477011,27.332433002981915,0.19790226734439914,13.472804693740104,19.88165220364462,0.39300708960662667,480.0,11.879999999999995,0.95,none,0.0,1508.5
high_altitude,400,vibration,60.0,148.8016637460617,148.68018058612455,706.1087047724251,2455.926865198015,75.20423913236229,57.0306794484222,23.88575636015031,0.2120985303159243,13.546736842769478,19.77371528264978,0.3897073682608325,488.0,11.827999999999975,0.85,none,0.0,1507.5
high_altitude,400,vibration,61.0,149.24414210451087,148.6900673131431,711.8535569261234,2414.0479518141383,74.33883828623928,57.58541438499079,23.487177345830542,0.24660536431499605,13.546047090630543,19.699830211051253,0.3867439361102981,496.0,11.77600000000001,0.85,none,0.0,1506.5
high_altitude,400,vibration,62.0,149.64580324837033,149.74818972156876,708.7688813994652,2383.108541096431,74.21426801216614,57.64843790391134,23.206075678851438,0.1191583668616876,13.457687245522605,20.0821842804115,0.38402988693660256,504.0,11.72399999999999,0.85,none,0.0,1505.5
high_altitude,400,vibration,63.0,150.01649720920946,150.92346433539157,705.6678395177844,2376.848487308403,74.18562841957196,58.41072839560942,23.005683458588702,0.24619241383573157,13.315832115690839,19.986004613444095,0.3815050395093659,512.0,11.672000000000025,0.85,none,0.0,1504.5
high_altitude,400,vibration,64.0,150.3630650994615,150.51643169697937,705.443484916993,2360.720043395535,73.61188172622683,58.572117544863886,22.860742349640113,0.19274950007213443,13.454551515247442,20.032849277338947,0.3791275963418985,520.0,11.620000000000005,0.85,none,0.0,1503.5
high_altitude,400,vibration,65.0,150.690277751659,151.08346443422965,707.6906445727841,2345.764301546753,73.51989068400137,58.8472619382018,22.753900709398536,0.18012630677806166,13.408715164132282,19.998156990086837,0.3768684088401346,528.0,11.567999999999984,0.85,none,0.0,1502.5
high_altitude,400,vibration,66.0,151.00148107214636,151.24083755805742,703.4447651959977,2341.4043269806552,73.64001146261062,59.42417312879535,22.673238532414736,0.13234637064877097,13.320988086867644,20.00368016378021,0.37470703435278707,536.0,11.51600000000002,0.85,none,0.0,1501.5
high_altitude,400,vibration,67.0,151.29903976006068,152.250135703683,709.0377241608259,2333.296230317544,73.64417787481847,59.70821081973889,22.610567168284515,0.23524946733211066,13.51476030083965,19.93767987731066,0.3726290251593025,544.0,11.463999999999999,0.85,none,0.0,1500.5
high_altitude,400,vibration,68.0,151.58464240152307,151.43552936907327,714.3547284630159,2337.19601506129,73.3283138539932,59.49637501405066,22.560261283722358,0.22464193450459663,13.410192377985233,19.706558782110537,0.37062406442062756,552.0,11.411999999999978,0.85,none,0.0,1499.5
high_altitude,400,vibration,69.0,151.85951125839648,152.51521564981135,708.2761228563584,2332.520460817727,73.3348166413828,59.597797407513376,22.518456459010196,0.1859330714825807,13.44011294648362,19.97957478309228,0.3686846844223455,560.0,11.360000000000014,0.85,none,0.0,1498.5
high_altitude,400,vibration,70.0,152.12454653368908,151.8642089691827,704.6273822409004,2331.5906063916877,72.98949829145778,59.755074470997535,22.48249796328705,0.13814190451638017,13.459646726497366,20.240892023466344,0.3668053851491264,568.0,11.307999999999993,0.85,none,0.0,1497.5
high_altitude,400,vibration,71.0,152.38042558880318,152.35980517993596,710.3128751033432,2320.383561836133,73.86776427968648,59.499970444030474,22.450562081451302,0.16898580135230085,13.409847752608972,20.041981412979062,0.364982028092143,576.0,11.255999999999972,0.85,none,0.0,1496.5
high_altitude,400,vibration,72.0,152.6276711893495,152.63513948074805,715.0328878433309,2314.3789653280915,73.76087799464956,60.557902895039135,22.421395978335735,0.16862661404766366,13.442903558432308,20.01393263584681,0.3632114192842051,584.0,11.204000000000008,0.85,none,0.0,1495.5
high_altitude,400,vibration,73.0,152.866698457292,153.842980976892,713.9741331346528,2329.8700907290804,73.19604817346723,60.330636956433565,22.394138994072367,0.26991317458835046,13.406133994147591,20.091108428840077,0.3614910224338935,592.0,11.151999999999987,0.85,none,0.0,1494.5
high_altitude,400,vibration,74.0,153.09784718290524,153.1836067416656,712.3125040024153,2326.845968524063,73.89515407415688,60.90353057206603,22.368199879985955,0.18106150204534324,13.39593311237653,19.660187526844183,0.3598187615075781,600.0,11.100000000000023,0.85,none,0.0,1493.5
high_altitude,400,vibration,75.0,153.32140407083315,153.106288447064,713.1435474009492,2312.2649677336995,73.36554745998743,60.67651947315454,22.343172463771225,0.09537097408399871,13.365866881820269,20.020907037066397,0.35819288481156053,608.0,11.048000000000002,0.85,none,0.0,1492.5
high_altitude,400,vibration,76.0,153.5376180650896,154.69282890677513,711.7844072261577,2317.5163114402876,73.44723423410322,61.196639699352914,22.31877771430729,0.12425084766549226,13.34817887154513,20.099590873562203,0.35661187136015204,616.0,10.995999999999981,0.85,none,0.0,1491.5
high_altitude,400,vibration,77.0,153.74671091509796,153.10089153432415,717.9313190753737,2323.9930609999483,73.14203386932036,60.654368359084174,22.294823942139868,0.15754846767134073,13.40218834623194,20.20331415739684,0.3550743663198136,624.0,10.944000000000017,0.85,none,0.0,1490.5
high_altitude,400,vibration,78.0,153.94888446922798,154.37626848554493,714.9991976882983,2321.2480714483,73.49851224575426,60.65970819472388,22.271179458559494,0.1824566564419998,13.345290937488242,20.048748780161713,0.35357913644746763,632.0,10.891999999999996,0.85,none,0.0,1489.5
high_altitude,400,vibration,79.0,154.14432571778727,154.71483746162025,714.3056722812914,2315.6548780031285,73.03285625819797,62.25229048768407,22.24775379331614,0.2602941814043553,13.385586280376998,19.878610168343165,0.35212503927908245,640.0,10.839999999999975,0.85,none,0.0,1488.5
high_altitude,400,vibration,80.0,154.33321028808024,153.73769740728878,710.870342012649,2319.0748806466427,72.99313499949855,60.80592198865654,22.22448479182842,0.22624901825190946,13.375993709528217,20.27440162327604,0.3507110017757351,648.0,10.788000000000011,0.85,none,0.0,1487.5
high_altitude,400,vibration,81.0,154.51570487459642,154.76233913711647,710.9732691021869,2325.006225251746,73.24225226825182,61.521907171030065,22.201329751406604,0.20161640833331979,13.396330823598886,20.127751947942343,0.3493360054757677,656.0,10.73599999999999,0.85,none,0.0,1486.5
high_altitude,400,vibration,82.0,154.69196893644937,154.65360143957193,711.5817466515376,2317.457719475768,73.07716932534153,61.40430977018368,22.178259332141412,0.10659442064265702,13.432491019441713,19.955718980446385,0.34799907612386183,664.0,10.684000000000026,0.85,none,0.0,1485.5
high_altitude,400,vibration,83.0,154.86215589041527,154.9733027416019,706.8676166731332,2319.536373487158,73.58164438975663,62.510555859081336,22.155253373893483,0.16095928688202052,13.452520397752822,19.975814276463456,0.3466992763818686,672.0,10.632000000000005,0.85,none,0.0,1484.5
high_altitude,400,vibration,84.0,155.02641395657577,156.19196213301746,711.6999248782313,2311.3581273339855,73.12642995136223,62.911676553069306,22.132298022709254,0.18195781870312078,13.34197507075222,20.038383159300015,0.34543570066214446,680.0,10.579999999999984,0.85,none,0.0,1483.5
high_altitude,400,vibration,85.0,155.18488676452108,155.01486773782074,712.4426593585657,2312.2639115385487,72.38232961340778,61.66304179957977,22.109383756767873,0.1668892930266005,13.393298453612646,20.099689835165037,0.3442074714238008,688.0,10.52800000000002,0.85,none,0.0,1482.5
high_altitude,400,vibration,86.0,155.33771379434702,155.61726761358625,717.1800816876213,2319.23522779112,73.6573940831226,62.25565467133903,22.08650403027484,0.23675544097644102,13.429887527671436,20.016358624510097,0.34301373647832156,696.0,10.475999999999999,0.85,none,0.0,1481.5
high_altitude,400,vibration,87.0,155.48503070349594,155.48890612475245,719.5890809795927,2310.723269201669,73.73737751933022,62.726524387091075,22.06365434186443,0.14873146866401687,13.48419050591309,19.891200319230215,0.34185366699264885,704.0,10.423999999999978,0.85,none,0.0,1480.5
high_altitude,400,vibration,88.0,155.62696957455222,154.8047957553716,716.7648932876225,2307.227215971138,73.2551608213684,63.46534452264334,22.040831594624233,0.2404602740031185,13.30969845117144,19.83521965069419,0.340726455975213,712.0,10.372000000000014,0.85,none,0.0,1479.5
high_altitude,400,vibration,89.0,155.76365910814417,155.5442049277104,712.7339111115467,2320.59289463171,73.00166644501967,62.101307521786694,22.01803365645447,0.2999484788616404,13.462899004256105,20.00622932919611,0.3396313170973495,720.0,10.319999999999993,0.85,none,0.0,1478.5
high_altitude,400,vibration,90.0,155.89522477756975,155.9970665578162,713.638167537803,2306.548153620588,73.33607698812446,63.3037412392043,21.995259058050358,0.15964108976358124,13.502519786033325,20.203534612485747,0.33856748374857637,728.0,10.267999999999972,0.85,none,0.0,1477.5
high_altitude,400,vibration,91.0,156.02178895658358,156.1194249767494,713.9252942925943,2313.864509237938,72.76996149598632,63.18033272129688,21.972506785426386,0.12242483477004606,13.42138018416072,19.883589863449487,0.3375342082558469,736.0,10.216000000000008,0.85,none,0.0,1476.5
high_altitude,400,vibration,92.0,156.14347102822083,155.71754208487926,714.3739933345464,2319.3327460529963,73.18919965900615,63.040360941036965,21.94977613738795,0.23987525648907032,13.419782815407304,19.905929945638125,0.336530761218661,744.0,10.163999999999987,0.85,none,0.0,1475.5
high_altitude,400,vibration,93.0,156.26038748008477,155.43811087129072,721.4055014333901,2307.137523606888,73.2120135688053,63.37662355616992,21.927066627619336,0.20780629809385312,13.374985112605547,19.941558459943575,0.3355564309268855,752.0,10.112000000000023,0.85,none,0.0,1474.5
high_altitude,400,vibration,94.0,156.3726519898404,157.0364026359655,717.7030090156514,2320.8299370918776,73.39785715873074,63.87033075931096,21.904377917421623,0.2160771041433543,13.434749713390016,19.796927337617145,0.334610522838406,760.0,10.060000000000002,0.85,none,0.0,1473.5
high_altitude,400,vibration,95.0,156.4803755034993,156.21242678604426,715.5921759220921,2310.575706421608,73.72854548326302,63.11021261128033,21.881709769506074,0.26769668891309806,13.402721579202606,19.88588631240132,0.3336923591008284,768.0,10.007999999999981,0.85,none,0.0,1472.5
high_altitude,400,vibration,96.0,156.5836663082838,156.92501370292945,719.4192772645358,2315.961693573945,72.63739978670557,63.27581868710822,21.859062016251766,0.15930177870523984,13.451495731689802,19.839362246766072,0.33280127810629656,776.0,9.956000000000017,0.85,none,0.0,1471.5
high_altitude,400,vibration,97.0,156.68263010131096,157.02553381651313,715.8325702548256,2302.0713464725886,73.61379560423948,63.03807617554948,21.836434537899702,0.2640139277580395,13.379621686329383,19.90934841013315,0.3319366340718486,784.0,9.903999999999996,0.85,none,0.0,1470.5
high_altitude,400,vibration,98.0,156.77737005496027,156.23266374435042,715.8778219963305,2309.9557426050264,73.23002551793401,63.54125418966592,21.813827247573037,0.20463812283540805,13.439931328607674,19.72984919660749,0.3310977966400396,792.0,9.851999999999975,0.85,none,0.0,1469.5
high_altitude,400,vibration,99.0,156.86798687952896,156.85332995693452,717.2186830705643,2319.6157636189114,73.04881736184537,63.7750723902549,21.79124008098647,0.17218711712044502,13.404365959568713,20.22935636940254,0.33028415049613136,800.0,9.800000000000011,0.85,none,0.0,1468.5
high_altitude,400,vibration,100.0,156.95457888360124,157.69871619828473,721.2498053819771,2302.7075374806222,72.70930141053701,64.81776430466306,21.768672989376864,0.17974734617468247,13.381038680186728,19.851441020698385,0.32949509499925056,808.0,9.74799999999999,0.85,none,0.0,1467.5
high_altitude,400,vibration,101.0,157.0372420324337,157.48353024230084,716.9739564248438,2303.7086110413707,73.42219032373546,65.25328801595742,21.746125934647033,0.2370682596825301,13.38829324420551,19.682611362787117,0.3287300438256716,816.0,9.696000000000026,0.85,none,0.0,1466.5
high_altitude,400,vibration,102.0,157.11607000457505,157.23423385482462,718.4795157375323,2309.635925247928,72.79255019486156,65.61521959184745,21.72359888602949,0.1752511006483929,13.446782002964726,19.947519648965105,0.3279884246228808,824.0,9.644000000000005,0.85,none,0.0,1465.5
high_altitude,400,vibration,103.0,157.19115424687962,158.29502842070494,713.0735573709543,2310.545367800534,72.92978211291246,64.12719356366446,21.701091817794712,0.1991161612091487,13.39301234466106,20.234096582562433,0.3272696786734606,832.0,9.591999999999985,0.85,none,0.0,1464.5
high_altitude,400,vibration,104.0,157.26258402803342,156.6007335745281,721.9150607941699,2311.5695007753698,73.53836733756592,65.26041681673217,21.678604707676804,0.17553321352671886,13.423748322342643,19.776128108545198,0.32657326056805625,840.0,9.54000000000002,0.85,none,0.0,1463.5
high_altitude,400,vibration,105.0,157.33044649068384,157.92273266092695,717.9392174725789,2308.2659140934725,73.21369733219242,65.25571541200817,21.656137535791792,0.18137022287225496,13.376125498148609,19.7427265689431,0.32589863788687756,848.0,9.488,0.85,none,0.0,1462.5
high_altitude,400,vibration,106.0,157.3948267022442,157.01755904399513,721.22699225445,2295.8443106206028,73.38999859469978,65.41206246136063,21.63369028389478,0.22164873492768994,13.497737020204246,20.055802285224107,0.32524529088929666,856.0,9.435999999999979,0.85,none,0.0,1461.5
high_altitude,400,vibration,107.0,157.4558077044309,157.32991324100553,712.9849745920092,2300.2011246353445,72.99896328337557,64.38969275356853,21.611262934869547,0.24402804403089284,13.371744019906936,20.20343462293297,0.3246127122111866,864.0,9.384000000000015,0.85,none,0.0,1460.5
high_altitude,400,vibration,108.0,157.51347056158164,157.13406800491788,715.4346142018095,2311.0635331866706,73.46794471430987,64.54445727963451,21.588855472377748,0.22191875422622964,13.364923450620273,20.24959422722483,0.32400040656970985,872.0,9.331999999999994,0.85,none,0.0,1459.5
high_altitude,400,vibration,109.0,157.56789440779582,157.7359771532935,718.3998760388611,2301.3410556214612,73.41310821659067,65.64863722030455,21.566467880618283,0.24306586566079091,13.468600184113098,19.877549725588178,0.3234078904753026,880.0,9.279999999999973,0.85,none,0.0,1458.5
high_altitude,400,vibration,110.0,157.61915649293383,157.83327954323636,713.4577749524051,2307.7949151081325,72.64479760011348,65.62820633066696,21.54410014416165,0.2079513598874691,13.385972661405972,20.098666230813173,0.32283469195063097,888.0,9.228000000000009,0.85,none,0.0,1457.5
high_altitude,400,vibration,111.0,157.66733222750818,157.55187112112935,720.2923367071892,2308.5595280626535,72.85710676175401,65.13005709648992,21.52175224783634,0.17994846791997376,13.350854220890964,20.499520207434625,0.3222803502563152,896.0,9.175999999999988,0.85,none,0.0,1456.5
high_altitude,400,vibration,112.0,157.7124952264971,157.75437886673785,717.3531877526319,2310.4453670681755,73.26830479685925,65.97202633525596,21.499424176650766,0.21405004054585405,13.492277236819175,19.767068220073163,0.32174441562324274,904.0,9.124000000000024,0.85,none,0.0,1455.5
high_altitude,400,vibration,113.0,157.75471735210866,156.60757080705793,712.7980337454845,2295.6385594401827,72.85407875508149,65.27543894219662,21.477115915739486,0.28724843227155655,13.442265169504688,19.831864599312922,0.3212264489912874,912.0,9.072000000000003,0.85,none,0.0,1454.5
high_altitude,400,vibration,114.0,157.79406875552263,157.5274987640154,719.1176398382596,2304.979697317274,73.30002520696688,66.05299322482352,21.454827450326587,0.25811157289390874,13.426775548306194,20.169956277826273,0.3207260217542789,920.0,9.019999999999982,0.85,none,0.0,1453.5
high_altitude,400,vibration,115.0,157.8306179176356,157.56683773197776,719.33734512922,2303.214439039294,72.75543941620748,65.46904217960028,21.432558765700158,0.15922468856937197,13.364478266206813,19.793315312111403,0.3202427155110592,928.0,8.968000000000018,0.85,none,0.0,1452.5
high_altitude,400,vibration,116.0,157.86443168883397,157.88339143964203,722.9637791839436,2303.1113778313565,73.4196102715106,66.52419066755874,21.410309847194927,0.18986383511681598,13.360368429537239,19.880555688639607,0.31977612182247994,936.0,8.915999999999997,0.85,none,0.0,1451.5
high_altitude,400,vibration,117.0,157.89557532781862,158.09154751391557,721.9904056404225,2295.231426850824,72.74050910374315,65.17855813804773,21.388080680180448,0.2395862689042958,13.38235540669074,19.911212588786505,0.31932584197419334,944.0,8.863999999999976,0.85,none,0.0,1450.5
high_altitude,400,vibration,118.0,157.92411253950422,157.84236695096058,717.7314823243483,2293.8393011427374,73.28853433856484,66.67118638785017,21.365871250052717,0.15180290895290793,13.430577483401501,20.341642607223513,0.3188914867450974,952.0,8.812000000000012,0.85,none,0.0,1449.5
high_altitude,400,vibration,119.0,157.95010551201557,157.84895504150805,723.6293222514179,2292.365703461973,73.41686004760989,66.65304506346845,21.34368154222862,0.2017378655470119,13.377614635396048,19.9385321341182,0.31847267618129604,960.0,8.759999999999991,0.85,none,0.0,1448.5
high_altitude,400,vibration,120.0,157.97361495280262,158.8943069841057,711.8939891939976,2297.204072502873,72.86890841288557,65.60762454743568,21.321511542142087,0.20051850309117317,13.401429253281789,19.973627153818338,0.3180690393754477,968.0,8.708000000000027,0.85,none,0.0,1447.5
high_altitude,400,vibration,121.0,157.9947001238953,157.48391125681619,716.8271167330608,2289.7647241717364,72.394751715051,65.29365265501434,21.299361235241303,0.14617375192352783,13.302550765324282,19.84793748257409,0.31768021425136395,976.0,8.656000000000006,0.85,none,0.0,1446.5
high_altitude,400,vibration,122.0,158.0134188763188,158.08709998476712,713.1971944601138,2297.4330289997583,73.36133423395235,66.75410051032458,21.27723060698704,0.17068235360964806,13.484013040821434,19.73853478395763,0.31730584735374445,984.0,8.603999999999985,0.85,none,0.0,1445.5
high_altitude,400,vibration,123.0,158.02982768368906,157.40548501194058,718.253732324856,2295.931417453585,72.92542417116879,65.40824595989429,21.255119642851295,0.142670805049802,13.338543189195786,19.87022338075944,0.3169455936429142,992.0,8.552000000000021,0.85,none,0.0,1444.5
high_altitude,400,vibration,124.0,158.04398167500867,158.18006810492864,717.2216266461047,2299.193575581426,72.57988932368175,66.28406249814074,21.2330283283164,0.12335351768953132,13.404859957444113,20.375496629790913,0.31659911629444903,1000.0,8.5,0.85,none,0.0,1443.5
high_altitude,400,vibration,125.0,158.05593466668142,158.51214048321137,718.7330676884168,2298.485053926966,73.31245864530048,66.55570006028742,21.210956648874497,0.2932640406447066,13.371202965693326,20.207941848968616,0.31626608650357635,1008.0,8.447999999999979,0.85,none,0.0,1442.5
high_altitude,400,vibration,126.0,158.06573919376493,157.94326491462112,718.524965135683,2302.2289509236866,73.26858940115665,67.52459809918686,21.188904590027146,0.07066748431947448,13.459373779030111,20.015365288701595,0.3159461832942281,1016.0,8.396000000000015,0.85,none,0.0,1441.5
high_altitude,400,vibration,127.0,158.0734465404788,158.37768273190727,717.8931220157863,2294.01957801678,72.88268892952983,67.07124676890906,21.16687213728492,0.20546909925298287,13.392839255765141,19.893060387953817,0.31563909333264284,1024.0,8.343999999999994,0.85,none,0.0,1440.5
high_altitude,400,vibration,128.0,158.0791067699867,158.19614912391816,719.6198252159511,2284.6196398259513,72.97555180239628,65.97743122232907,21.144859276167313,0.13494436765952744,13.35289767714021,19.659387618460958,0.3153445107454069,1032.0,8.291999999999973,0.85,none,0.0,1439.5
high_altitude,400,vibration,129.0,158.082768753469,158.45138518613632,720.8594439418264,2286.596954567218,74.27756136036645,66.00664973579414,21.12286599220264,0.1460292545921808,13.360500247751638,19.775491902098057,0.31506213694182617,1040.0,8.240000000000009,0.85,none,0.0,1438.5
high_altitude,400,vibration,130.0,158.08448019850337,157.81224839973112,711.8643974147789,2295.756543473038,73.10780498495377,67.27206269564869,21.100892270927766,0.20491773288918738,13.342648583707703,20.365191822192006,0.3147916804405272,1048.0,8.187999999999988,0.85,none,0.0,1437.5
high_altitude,400,vibration,131.0,158.08428767676975,157.54202802129794,715.808353805436,2295.458527873259,72.60475080003275,66.10588393529075,21.078938097888273,0.20329844248834059,13.342083360649983,19.80777652270483,0.3145328567001894,1056.0,8.136000000000024,0.85,none,0.0,1436.5
high_altitude,400,vibration,132.0,158.08223665109537,157.74407800238248,716.8727092349693,2288.957947302847,73.18915038321636,66.86176117817176,21.057003458638164,0.1803254072696784,13.395952904095326,20.074287893939765,0.3142853879543034,1064.0,8.084000000000003,0.85,none,0.0,1435.5
high_altitude,400,vibration,133.0,158.07837150185614,158.1270767661216,722.0915555142622,2284.5587375315718,73.41993712493208,67.00906382873798,21.035088338740085,0.173823267100241,13.426018466604846,20.139612873844662,0.3140490030498676,1072.0,8.031999999999982,0.85,none,0.0,1434.5
high_altitude,400,vibration,134.0,158.07273555274924,157.20399105996555,720.793654797868,2282.7056053218507,73.79491934131067,66.33129558004171,21.01319272376512,0.23616909242357426,13.400022256160169,19.959497704017274,0.3138234372899238,1080.0,7.980000000000018,0.85,none,0.0,1433.5
high_altitude,400,vibration,135.0,158.06537109595217,158.13731746620945,720.2506732227885,2283.753695316486,72.63887157965058,67.7965959995417,20.991316599292805,0.2057922332419006,13.45663072383219,19.998622310467496,0.3136084322798395,1088.0,7.927999999999997,0.85,none,0.0,1432.5
high_altitude,400,vibration,136.0,158.05631941668275,158.50417444989006,718.5018081251401,2286.791947585546,72.78781505072709,66.57756339473116,20.969459950911197,0.2719208393978384,13.390189839933894,20.048914770550308,0.31340373577725567,1096.0,7.875999999999976,0.85,none,0.0,1431.5
high_altitude,400,vibration,137.0,158.04562081717432,157.78609414928033,720.8351432464381,2286.018369616442,73.18832226718237,66.08508283689818,20.94762276421679,0.1824061951297777,13.350378824230459,20.072426210941483,0.31320910154560255,1104.0,7.824000000000012,0.85,none,0.0,1430.5
high_altitude,400,vibration,138.0,158.03331464008014,158.4070251371027,720.1248735374302,2292.1070765111094,72.89527174350688,67.35464656060135,20.92580502481449,0.2743341121216271,13.31577624085317,19.926853261099655,0.3130242892111037,1112.0,7.771999999999991,0.85,none,0.0,1429.5
high_altitude,400,vibration,139.0,158.01943929132057,157.6901303086449,718.5751113991304,2283.679654192876,73.04417913568999,67.4114803768384,20.904006718317692,0.1433162079002614,13.392250684237764,20.052150847396682,0.3128490641231876,1120.0,7.720000000000027,0.85,none,0.0,1428.5
high_altitude,400,vibration,140.0,158.00403226238618,158.656423935391,715.0271928881215,2281.844730177084,73.36149539341264,67.58524348393149,20.88222783034817,0.19235504551355723,13.450801422452034,19.85777433287714,0.31268319721821936,1128.0,7.668000000000006,0.85,none,0.0,1427.5
high_altitude,400,vibration,141.0,157.98713015210993,157.6728779960751,717.998711997754,2276.0677460992893,72.7087085368103,68.3216711178706,20.860468346536184,0.1464788703599906,13.329303189451934,19.950028755650916,0.3125264648864796,1136.0,7.6159999999999854,0.85,none,0.0,1426.5
high_altitude,400,vibration,142.0,157.9687686879209,157.9224059084324,715.8180514784395,2293.1836215590833,73.24233749973222,66.94208018581116,20.838728252520394,0.21346119012328238,13.384440402909418,19.649997225436813,0.3123786488423086,1144.0,7.564000000000021,0.85,none,0.0,1425.5
high_altitude,400,vibration,143.0,157.94898274659207,157.46110510263796,714.7639007062986,2284.5667809290812,73.13697209416699,67.18237203128069,20.817007533947855,0.17120892885296157,13.341439643515185,20.202023658451214,0.31223953599734244,1152.0,7.5120000000000005,0.85,none,0.0,1424.5
high_altitude,400,vibration,144.0,157.92780637449385,157.22840307884394,717.5390548396098,2290.3303598743055,72.5858016820359,68.13081587277063,20.795306176474067,0.21490706720809857,13.375813104828165,20.006812128419337,0.31210891833676935,1160.0,7.4599999999999795,0.85,none,0.0,1423.5
high_altitude,400,vibration,145.0,157.90527280736583,158.02124145060318,714.4951976596819,2276.8361897434665,72.04225199682696,67.72460446178798,20.773624165762953,0.2504137171319761,13.399159747186713,19.99154993697433,0.3119865927985299,1168.0,7.4080000000000155,0.85,none,0.0,1422.5
high_altitude,400,vibration,146.0,157.88141448961733,157.3826012039859,714.1442285477581,2283.2734588705957,72.57954303044511,68.3540264858737,20.75196148748682,0.12361650590179131,13.409352436315462,20.148793559992328,0.31187236115539374,1176.0,7.3559999999999945,0.85,none,0.0,1421.5
high_altitude,400,vibration,147.0,157.8562630931686,157.07423238779714,722.6005167750021,2290.8686205252448,73.53370419455047,67.153070053856,20.730318127326367,0.13135396581696004,13.366822950744405,20.04103648090037,0.31176602989984636,1184.0,7.303999999999974,0.85,none,0.0,1420.5
high_altitude,400,vibration,148.0,157.82984953584352,157.20400245028358,712.7007079723544,2275.712918528359,72.56656573767367,68.15910146822736,20.70869407097076,0.24421991190270054,13.373563274524022,19.767273535473443,0.3116674101317134,1192.0,7.2520000000000095,0.85,none,0.0,1419.5
high_altitude,400,vibration,149.0,157.8022039993242,157.17974619695465,718.2809453342769,2282.1054499784523,73.32450203629563,67.84373078536754,20.687089304117453,0.2996140983597557,13.44299085629478,19.921869868689303,0.31157631744846204,1200.0,7.199999999999989,0.85,none,0.0,1418.5
high_altitude,400,vibration,150.0,157.77335594667818,157.0936928791822,715.2195332440125,2274.5584029143492,72.70754335827539,68.23889045250094,20.66550381247241,0.17728040296834086,13.44224793292625,19.953852649878794,0.3114925718381164,1208.0,7.148000000000025,0.85,none,0.0,1417.5
high_altitude,400,vibration,151.0,157.7433341394683,158.00460205485146,719.3607936503977,2268.7642362203133,72.63110061803357,67.79500292812307,20.643937581749903,0.2540017434663685,13.360576611089371,19.620994831623683,0.31141599757471705,1216.0,7.096000000000004,0.85,none,0.0,1416.5
high_altitude,400,vibration,152.0,157.71216665445516,157.66548461007707,717.0258033365161,2276.0518966871923,72.68298258720112,67.48499340065919,20.622390597672606,0.17758479364313862,13.405244558095033,20.367617485661597,0.3113464231162758,1224.0,7.043999999999983,0.85,none,0.0,1415.5
high_altitude,400,vibration,153.0,157.67988089990206,157.96259861864883,711.5589477316074,2274.293187220392,72.94924980920734,68.49029154993282,20.60086284597165,0.16310730656049513,13.379724752527933,19.639586465477432,0.3112836810051568,1232.0,6.992000000000019,0.85,none,0.0,1414.5
high_altitude,400,vibration,154.0,157.6465036314914,157.8607430507612,714.8005341233128,2282.3067686377276,72.9086620104469,67.99761618112572,20.579354312386407,0.18212715577645325,13.404384784717797,20.144523255279722,0.3112276077708286,1240.0,6.939999999999998,0.85,none,0.0,1413.5
high_altitude,400,vibration,155.0,157.61206096786253,157.38689668922697,720.2530882087918,2274.427523310433,71.98928287806615,67.28023430065117,20.55786498266474,0.22737933589887915,13.401478712446753,19.788176580310726,0.3111780438349351,1248.0,6.887999999999977,0.85,none,0.0,1412.5
high_altitude,400,vibration,156.0,157.5765784057793,157.20555123067035,723.5592412100334,2280.8329680096904,73.30490674693667,67.3833445572131,20.536394842562853,0.19182974867705,13.375470752984091,19.622110050180048,0.31113483341862336,1256.0,6.836000000000013,0.85,none,0.0,1411.5
high_altitude,400,vibration,157.0,157.5400808349366,157.21662361979335,716.7415534604702,2280.0931880876306,72.59248996100516,67.1413442075303,20.51494387784527,0.18571585978264654,13.41622359945277,20.130975855201704,0.31109782445207934,1264.0,6.783999999999992,0.85,none,0.0,1410.5
high_altitude,400,vibration,158.0,157.50259255241454,156.42210342074335,721.0884195072862,2265.6511929594185,73.05130843682655,67.93494991706771,20.49351207428498,0.1522575051182326,13.358766782008264,20.25801182689317,0.3110668684862188,1272.0,6.732000000000028,0.85,none,0.0,1409.5
high_altitude,400,vibration,159.0,157.4641372767882,157.819232456414,718.0712803403735,2271.895304072738,73.58562715291102,67.16290163785838,20.472099417663205,0.2433751363584683,13.333415304036794,19.767848826617897,0.31104182060647667,1280.0,6.680000000000007,0.85,none,0.0,1408.5
high_altitude,400,vibration,160.0,157.42473816190156,157.77800389228014,719.1916545860049,2280.9985315733506,72.98424361973512,68.60260071318322,20.450705893769637,0.2226604948779319,13.30817368350991,20.268650189602027,0.3110225393486552,1288.0,6.627999999999986,0.85,none,0.0,1407.5
high_altitude,400,vibration,161.0,157.38441781031355,157.74357622333358,717.5555520986679,2276.4628834810537,72.94036319012115,68.34791025946512,20.429331488402283,0.30145192856439795,13.368113101262985,19.941718131333072,0.3110088866167702,1296.0,6.576000000000022,0.85,none,0.0,1406.5
high_altitude,400,vibration,162.0,157.34319828642379,156.4533236673174,718.7040301015411,2254.763484341518,72.7961381924202,67.76123651907677,20.407976187367456,0.2217546874777992,13.4283330209569,19.84845755119302,0.3110007276028557,1304.0,6.524000000000001,0.85,none,0.0,1405.5
high_altitude,400,vibration,163.0,157.30110112928597,157.94620177674597,719.7766237133993,2275.8424219889425,72.67290121991734,67.381785437849,20.38663997647989,0.14200172522987764,13.36530663949957,19.98967533771732,0.3109979307086783,1312.0,6.47199999999998,0.85,none,0.0,1404.5
high_altitude,400,vibration,164.0,157.2581473651161,156.6747245177884,715.3518434507324,2277.6901479595977,73.59574372366059,68.60392838452563,20.365322841562634,0.12602391376199018,13.333575912545998,20.311688176311737,0.31100036746931536,1320.0,6.420000000000016,0.85,none,0.0,1403.5
high_altitude,400,vibration,165.0,157.21435751950287,155.72951318523917,716.4112398027451,2268.9238382795033,72.02429338734956,67.52190733975404,20.344024768447053,0.20762219580864028,13.412130645182986,20.099435097570176,0.31100791247855064,1328.0,6.367999999999995,0.85,none,0.0,1402.5
high_altitude,400,vibration,166.0,157.16975162932738,156.73700360902447,717.2924141177027,2268.0332372152257,73.27761544515549,68.32900706767074,20.32274574297284,0.2789893896892671,13.318856315687958,19.877639626235787,0.31102044331605017,1336.0,6.315999999999974,0.85,none,0.0,1401.5
high_altitude,400,vibration,167.0,157.12434925439908,156.95931055114883,716.7873424960189,2272.6837823676283,72.74986123949729,68.7046622113489,20.301485750988114,0.1779058968125874,13.296517890490453,20.082090657379794,0.3110378404762686,1344.0,6.26400000000001,0.85,none,0.0,1400.5
high_altitude,400,vibration,168.0,157.07816948881452,156.92128676292518,720.3926644784208,2268.8762328629614,73.83454102881772,68.45708422711412,20.280244778349207,0.21496001083238142,13.414839728735403,19.626295390057397,0.3110599872990487,1352.0,6.211999999999989,0.85,none,0.0,1399.5
high_altitude,400,vibration,169.0,157.03123097204582,157.71010651305374,718.2456916449885,2258.8560254013496,72.6896285708981,67.69131466223149,20.259022810920847,0.21609789168130314,13.330427064713692,20.085420325523522,0.31108676990187645,1360.0,6.160000000000025,0.85,none,0.0,1398.5
high_altitude,400,vibration,170.0,156.98355189976505,156.80285430294455,714.8838054367897,2263.371194567236,73.13948521262638,68.36772829755732,20.237819834576044,0.19855483353121622,13.368262013771089,20.12506237606812,0.31111807711374384,1368.0,6.108000000000004,0.85,none,0.0,1397.5
high_altitude,400,vibration,171.0,156.9351500344109,156.95072119662208,718.7926460183885,2270.8966843247454,72.19667178662922,68.6704685001125,20.216635835196143,0.21816253677343217,13.368194890396925,20.519096265853182,0.31115380041059115,1376.0,6.055999999999983,0.85,none,0.0,1396.5
high_altitude,400,vibration,172.0,156.88604271550372,156.91004940495898,713.9524046846291,2267.707496207452,73.13151324716408,67.77003094066974,20.195470798670865,0.21650112271858965,13.404009716478205,20.022493864664604,0.3111938338522846,1384.0,6.004000000000019,0.85,none,0.0,1395.5
high_altitude,400,vibration,173.0,156.8362468697151,156.63194851125485,718.607843965465,2270.3182564452704,72.14508509313494,68.32946781145448,20.174324710898095,0.2178562064412572,13.349955975632444,20.024547176821194,0.3112380740210914,1392.0,5.951999999999998,0.85,none,0.0,1394.5
high_altitude,400,vibration,174.0,156.78577902069748,156.79325549036662,715.8181340219803,2257.173533358584,72.89585406059372,68.70947063307904,20.153197557784168,0.22893726907622047,13.345036072462753,19.913933680727272,0.31128641996162676,1400.0,5.899999999999977,0.85,none,0.0,1393.5
high_altitude,400,vibration,175.0,156.7346552986799,156.82732178812918,717.8830009017331,2266.781840220167,73.14815706246641,68.7663623267982,20.13208932524368,0.1884686464856541,13.266922342133695,20.15313454608473,0.3113387731222238,1408.0,5.848000000000013,0.85,none,0.0,1392.5
high_altitude,400,vibration,176.0,156.68289144983527,155.9825690646877,717.5892533790615,2261.35176874587,72.42399999285998,67.12985880462575,20.110999999199475,0.14700406896651427,13.474191164057169,19.75630930221169,0.3113950372977021,1416.0,5.795999999999992,0.85,none,0.0,1391.5
high_altitude,400,vibration,177.0,156.63050284542447,156.2764636151895,715.0937695768861,2256.749103793755,73.75573626523477,66.84927052572112,20.0899295655828,0.27168402167836486,13.276032122022425,20.19770769431486,0.3114551185735013,1424.0,5.744000000000028,0.85,none,0.0,1390.5
high_altitude,400,vibration,178.0,156.57750449072293,155.67932182531987,718.2107008636236,2269.8763748703636,72.81407040580946,68.17378498236414,20.06887801033305,0.1185032681866118,13.416987294764581,19.746571473889137,0.3115189252711389,1432.0,5.692000000000007,0.85,none,0.0,1389.5
high_altitude,400,vibration,179.0,156.52391103373446,156.35771643825123,718.185795371601,2260.860283446564,72.78957399475901,68.89940377767613,20.04784531939806,0.21331747559131733,13.420897065718515,20.16784867409447,0.31158636789497407,1440.0,5.639999999999986,0.85,none,0.0,1388.5
high_altitude,400,vibration,180.0,156.4697367736978,157.22264306166616,712.880245573948,2253.672545749622,72.65414157573701,68.76988242705698,20.026831478733875,0.21734579533336557,13.386367204728836,19.850723466385368,0.3116573590802333,1448.0,5.588000000000022,0.85,none,0.0,1387.5
high_altitude,400,vibration,181.0,156.4149956693905,156.29138821813632,714.4752884172044,2266.9565100376117,72.58967790738299,68.02034695882875,20.005836474304797,0.22171847158067695,13.356019927171472,19.827167517596827,0.31173181354227475,1456.0,5.536000000000001,0.85,none,0.0,1386.5
high_altitude,400,vibration,182.0,156.35970134723516,155.94058929179715,710.487768689911,2265.558956399098,72.33885242119412,68.53735757951999,19.98486029208347,0.1634958679634348,13.346985801342907,19.952212921655015,0.3118096480270631,1464.0,5.4839999999999804,0.85,none,0.0,1385.5
high_altitude,400,vibration,183.0,156.30386710921266,156.20992522797889,718.0687604374366,2262.449683017779,72.22213570277705,67.61294353428674,19.963902918050803,0.27700676176388306,13.39872187593129,19.949809162159298,0.3118907812628213,1472.0,5.432000000000016,0.85,none,0.0,1384.5
high_altitude,400,vibration,184.0,156.24750594058693,155.8921470224566,716.1378895853965,2259.252640359126,72.89555704427622,67.44523470855732,19.942964338195925,0.1771521313250169,13.39429086127941,20.182606453316897,0.31197513391283227,1480.0,5.3799999999999955,0.85,none,0.0,1383.5
high_altitude,400,vibration,185.0,156.19063051744587,156.42987612945302,722.0670270477856,2251.209854917662,72.65514913513454,67.91343210046652,19.92204453851628,0.21875909880212968,13.366837457379676,20.03828083376667,0.3120626285293683,1488.0,5.3279999999999745,0.85,none,0.0,1382.5
high_altitude,400,vibration,186.0,156.1332532140626,155.6236876243506,718.0215033637489,2258.9979943717713,73.37390095644975,68.41404023734144,19.901143505017593,0.1578846488058705,13.363820299376922,20.043215030407573,0.3121531895087144,1496.0,5.2760000000000105,0.85,none,0.0,1381.5
high_altitude,400,vibration,187.0,156.0753861100816,156.73139970472207,716.774061246217,2264.290364370503,73.11204922745523,67.99391933280725,19.880261223713802,0.20005887804449604,13.380662684398747,20.07784573055133,0.3122467430472622,1504.0,5.2239999999999895,0.85,none,0.0,1380.5
high_altitude,400,vibration,188.0,156.0170409975337,155.44029750155673,715.7149243377328,2252.104602081724,72.80869250162418,68.37651438055347,19.859397680627136,0.12392151315355611,13.31471336082156,19.960005047316816,0.31234321709865176,1512.0,5.1720000000000255,0.85,none,0.0,1379.5
high_altitude,400,vibration,189.0,155.95822938768396,155.91104032420532,716.0430002333076,2258.0065031001054,72.17393274432487,68.62943700695274,19.838552861788063,0.2224018988929099,13.371297306849188,19.94419183557582,0.3124425413319313,1520.0,5.1200000000000045,0.85,none,0.0,1378.5
high_altitude,400,vibration,190.0,155.89896251771654,155.9828717414855,718.5059182907935,2257.765491859866,72.96190385524396,68.4692915838802,19.81772675323529,0.26022416604682225,13.392741021424234,19.934645487295647,0.3125446470907146,1528.0,5.067999999999984,0.85,none,0.0,1377.5
high_altitude,400,vibration,191.0,155.83925135726054,156.4055453998621,715.1337546814727,2252.5146816571782,72.47039589146765,68.43987707611234,19.796919341015833,0.09306488307397383,13.305407964627312,19.80855270713468,0.3126494673533109,1536.0,5.0160000000000196,0.85,none,0.0,1376.5
high_altitude,400,vibration,192.0,155.7791066147603,155.931273065325,721.1525349673005,2266.5750581396164,72.6055829094675,67.15394549087301,19.77613061118488,0.2603058153910069,13.413902483284273,20.389493066561474,0.31275693669380145,1544.0,4.963999999999999,0.85,none,0.0,1375.5
high_altitude,400,vibration,193.0,155.7185387436941,156.26502535787174,715.2673838711063,2251.870968111836,72.09347953760081,68.4764023002384,19.75536054980588,0.20576089887176796,13.334829604945362,19.810409188121508,0.31286699124404815,1552.0,4.911999999999978,0.85,none,0.0,1374.5
high_altitude,400,vibration,194.0,155.65755794864472,155.320685080618,712.1749431398094,2254.387815764417,72.89484117198417,67.52336137435871,19.734609142950575,0.19234861875060133,13.329583816171297,20.084144147278007,0.31297956865660126,1560.0,4.860000000000014,0.85,none,0.0,1373.5
high_altitude,400,vibration,195.0,155.5961741912256,155.87905234962014,718.1925727829988,2252.9080236735535,72.71163379298159,68.78074649083288,19.713876376698824,0.15832657280029397,13.380502479924289,19.949840922556174,0.31309460806849265,1568.0,4.807999999999993,0.85,none,0.0,1372.5
high_altitude,400,vibration,196.0,155.5343971958658,155.75820552155773,720.9108999076734,2247.0788852403057,71.68398876784198,67.95236840972346,19.693162237138843,0.25245189105819116,13.400042402488856,20.116156902735455,0.31321205006589214,1576.0,4.755999999999972,0.85,none,0.0,1371.5
high_altitude,400,vibration,197.0,155.47223645545728,155.29608837096518,711.0886796777584,2252.1073171818975,72.85163736347474,67.72262036393153,19.672466710366997,0.19658297854589035,13.307917374341775,19.99660275207858,0.3133318366496032,1584.0,4.704000000000008,0.85,none,0.0,1370.5
high_altitude,400,vibration,198.0,155.40970123686753,155.78272061094523,712.6136369126149,2254.521080294751,72.92205440099602,68.12226081410223,19.65178978248787,0.18162719160706753,13.39592671775114,20.35972264950191,0.3134539112013819,1592.0,4.651999999999987,0.85,none,0.0,1369.5
high_altitude,400,vibration,199.0,155.34680058632136,155.77699513996095,718.7755483181345,2253.2534457471493,71.92972503741676,67.48663184891231,19.63113143961434,0.11586996205035116,13.343414294201324,20.494060901893253,0.3135782184510565,1600.0,4.600000000000023,0.85,none,0.0,1368.5
high_altitude,400,vibration,200.0,155.28354333465407,154.71825862585277,719.4914184496075,2247.1264513079136,72.72837961390059,67.69753558716441,19.610491667867382,0.14294965223923745,13.317306846164742,20.13124863374162,0.31370470444443055,1608.0,4.548000000000002,0.85,none,0.0,1367.5
high_altitude,400,vibration,201.0,155.2199381024399,155.20679262183995,714.6872716220989,2241.815052245261,73.19856058204259,67.39039207323529,19.589870453376307,0.2657808513731601,13.411823625124768,19.91988095635418,0.313833316511951,1616.0,4.495999999999981,0.85,none,0.0,1366.5
high_altitude,400,vibration,202.0,155.1559933049982,155.51831926048246,712.0189885027137,2254.326557343547,73.30499418792398,68.24388343073949,19.569267782278555,0.14334374795184174,13.475565085028311,20.012628384009986,0.3139640032381208,1624.0,4.444000000000017,0.85,none,0.0,1365.5
high_altitude,400,vibration,203.0,155.09171715728044,155.81024499748276,712.8654576508644,2250.420527699565,72.4470654395028,67.3260979547839,19.54868364071978,0.3041439732185091,13.403097323985785,20.070818847853104,0.3140967144316391,1632.0,4.391999999999996,0.85,none,0.0,1364.5
high_altitude,400,vibration,204.0,155.02711767864093,154.29929092722756,716.113028130592,2246.56874742298,73.25380403939153,68.42577531142095,19.528118014853884,0.1697308199141851,13.30304857309754,20.069644470069456,0.3142314010962568,1640.0,4.339999999999975,0.85,none,0.0,1363.5
high_altitude,400,vibration,205.0,154.9622026974938,154.7770576967913,711.6158631905145,2249.0388926064416,73.08534383686225,67.91663524110899,19.50757089084293,0.1890088096015437,13.300264703540764,19.954597463253105,0.3143680154023206,1648.0,4.288000000000011,0.85,none,0.0,1362.5
high_altitude,400,vibration,206.0,154.8969798558593,153.94794490017338,713.4184910321401,2251.929952355859,72.94341807538466,69.46524343969324,19.487042254857148,0.2873605843593636,13.381130877564932,20.086404491046377,0.3145065106589968,1656.0,4.23599999999999,0.85,none,0.0,1361.5
high_altitude,400,vibration,207.0,154.8314566138017,155.3141608042818,712.2604907276341,2236.683422529066,72.04618130575396,68.20798242105208,19.466532093075035,0.14380132942388993,13.353741075106754,19.501551857055247,0.3146468412871586,1664.0,4.184000000000026,0.85,none,0.0,1360.5
high_altitude,400,vibration,208.0,154.7656402537615,153.87649777881913,711.2069311684552,2248.027807305733,72.36691437659668,68.18928311467843,19.446040391683187,0.25140593001238365,13.412221795734435,19.85700122931693,0.314788962792914,1672.0,4.132000000000005,0.85,none,0.0,1359.5
high_altitude,400,vibration,209.0,154.69953788478472,153.96476474852264,716.1241197254833,2236.7499160016014,72.25378772843015,68.91303838733782,19.42556713687646,0.3215610502423798,13.41642890604567,19.974107877722215,0.31493283174176967,1680.0,4.079999999999984,0.85,none,0.0,1358.5
high_altitude,400,vibration,210.0,154.63315644665124,154.2850847344018,717.2510167665617,2245.2220867536676,72.74912308255341,68.49764095169569,19.40511231485787,0.14521750938210573,13.372334739533432,20.167869876279852,0.31507840573340595,1688.0,4.02800000000002,0.85,none,0.0,1357.5
high_altitude,400,vibration,211.0,154.56650271390495,155.6768842620021,710.2418004337554,2243.432063321527,73.35080626576375,67.65706228660272,19.384675911838578,0.08863335136282745,13.31110269556561,19.96291315910893,0.3152256433770524,1696.0,3.975999999999999,0.85,none,0.0,1356.5
high_altitude,400,vibration,212.0,154.499583299788,154.94825782118227,718.1749939119842,2246.7237321445095,71.45910466512001,67.23360404592908,19.36425791403792,0.2626203365120547,13.433733293710192,19.73115147001094,0.3153745042674535,1704.0,3.923999999999978,0.85,none,0.0,1355.5
high_altitude,400,vibration,213.0,154.43240466008115,154.09268396609778,716.7966846242539,2242.7515153903446,72.83985402860343,66.95337403969795,19.3438583076835,0.23214465684677354,13.34028813464002,20.107546508681864,0.3155249489614025,1712.0,3.872000000000014,0.85,none,0.0,1354.5
high_altitude,400,vibration,214.0,154.36497309685313,154.5374775911497,708.9288753419428,2240.3759545561006,73.20350613149178,68.16266491711681,19.323477079010917,0.19362818539511897,13.432234936866355,20.019405282733707,0.31567693895483484,1720.0,3.819999999999993,0.85,none,0.0,1353.5
high_altitude,400,vibration,215.0,154.2972947621202,153.67429646587036,713.0501064151772,2241.705622981522,71.74218238515725,67.50068977415518,19.30311421426409,0.18394984408569873,13.370542582348714,20.30930072508952,0.3158304366604695,1728.0,3.768000000000029,0.85,none,0.0,1352.5
high_altitude,400,vibration,216.0,154.22937566141894,154.75544987413488,711.1969928197632,2233.3720958388553,72.76837891891013,68.92950769860394,19.282769699695006,0.27489806137272726,13.340352023094802,19.963041077458005,0.31598540538597897,1736.0,3.716000000000008,0.85,none,0.0,1351.5
high_altitude,400,vibration,217.0,154.16122165729382,153.27197093175482,717.1591947719306,2235.9432941813134,71.11542241768963,68.18607526890482,19.262443521563828,0.20809411330008998,13.35256682839437,20.077395546966436,0.3161418093126822,1744.0,3.6639999999999873,0.85,none,0.0,1350.5
high_altitude,400,vibration,218.0,154.09283847270183,153.97848124588518,715.5464539045772,2231.8314278672833,72.0533007600929,67.04300347674882,19.242135666138935,0.20893942227374118,13.231156376696985,20.39462140682729,0.31629961347474345,1752.0,3.612000000000023,0.85,none,0.0,1349.5
high_altitude,400,vibration,219.0,154.02423169433592,153.6374063809293,710.1525229526744,2237.909889498706,72.37886347440535,67.28760570654227,19.221846119696718,0.17199097112704018,13.346870810737663,19.793308331601576,0.3164587837388644,1760.0,3.5600000000000023,0.85,none,0.0,1348.5
high_altitude,400,vibration,220.0,153.95540677586948,154.11300767284416,711.6427510827192,2241.332866262185,72.90539125231942,67.85040487850311,19.20157486852186,0.24288414435461284,13.44360324352627,19.923252325668145,0.3166192867844646,1768.0,3.5079999999999814,0.85,none,0.0,1347.5
high_altitude,400,vibration,221.0,153.88636904112332,154.1700413286745,715.3610537779732,2234.5188711548626,72.38669130844612,67.76823654782177,19.181321898907093,0.12822448799493386,13.385654511050891,19.579779552350345,0.3167810900843302,1776.0,3.4560000000000173,0.85,none,0.0,1346.5
high_altitude,400,vibration,222.0,153.81712368715753,154.93919250388987,716.3091954577822,2243.815169383005,72.95517084256738,66.94503492379049,19.161087197153304,0.3051220561628241,13.379147195749624,19.87096059932163,0.3169441618857225,1784.0,3.4039999999999964,0.85,none,0.0,1345.5
high_altitude,400,vibration,223.0,153.74767578728955,154.39715369064436,715.4343524933776,2239.3842524899314,71.98467271028221,68.01567679796904,19.14087074956956,0.22013250993017394,13.362095670770247,19.812874275062356,0.31710847119194074,1792.0,3.3519999999999754,0.85,none,0.0,1344.5
high_altitude,400,vibration,224.0,153.67803029404044,154.113876876589,715.8411127447272,2240.66557586862,72.03341800828956,66.84306723969553,19.120672542473013,0.23132581679058056,13.353807659934148,19.81684861790121,0.3172739877443198,1800.0,3.3000000000000114,0.85,none,0.0,1343.5
high_altitude,400,vibration,225.0,153.60819204201093,153.45966042335527,708.8339950058111,2230.2735162541926,73.37958036643815,67.50474814585684,19.10049256218894,0.21783849261007548,13.368570249501253,19.764085264113035,0.3174406820046569,1808.0,3.2479999999999905,0.85,none,0.0,1342.5
high_altitude,400,vibration,226.0,153.53816575068907,153.70044043875671,711.2543151866716,2229.960771941729,71.39101956894461,66.70586870273291,19.08033079505077,0.24593490465788265,13.39653905472879,19.56396092250928,0.3176085251380607,1816.0,3.1960000000000264,0.85,none,0.0,1341.5
high_altitude,400,vibration,227.0,153.46795602719106,153.3299211235586,712.0409490845,2233.808830770096,72.6564826914338,67.55966327965083,19.060187227400018,0.22693576833594362,13.38090958223001,20.08553821534034,0.31777748899620273,1824.0,3.1440000000000055,0.85,none,0.0,1340.5
high_altitude,400,vibration,228.0,153.3975673689367,153.6501196179608,718.8648524733227,2231.4503882157414,72.79033796160095,68.22218503696969,19.040061845586365,0.22161278738882145,13.34267354276451,20.068406736723098,0.3179475461009722,1832.0,3.0919999999999845,0.85,none,0.0,1339.5
high_altitude,400,vibration,229.0,153.32700416626125,153.0661103754669,715.029590161575,2235.0981372256765,72.66439755601996,66.71615331216499,19.01995463596758,0.17106874867437888,13.360066235777868,19.872045301431953,0.31811866962851876,1840.0,3.0400000000000205,0.85,none,0.0,1338.5
high_altitude,400,vibration,230.0,153.25627070496503,153.43617106904017,714.8472069426944,2226.8790067242962,72.19061558675244,67.06439323701085,18.999865584909525,0.1815600015186591,13.322751993452957,20.01374900361348,0.31829083339367314,1848.0,2.9879999999999995,0.85,none,0.0,1337.5
high_altitude,400,vibration,231.0,153.1853711688024,152.46082411495163,712.4229381132288,2233.704192809921,71.756146727241,67.21720607130145,18.97979467878617,0.2598381153658187,13.410015815466076,19.854204302979152,0.3184640118347428,1856.0,2.9359999999999786,0.85,none,0.0,1336.5
high_altitude,400,vibration,232.0,153.11430964191135,153.15553870560854,708.4691994452935,2230.0620685060426,71.98831988924731,67.21197092197015,18.95974190397966,0.18357282911059097,13.296453964727021,19.61965390284803,0.3186381799986655,1864.0,2.8840000000000146,0.85,none,0.0,1335.5
high_altitude,400,vibration,233.0,153.0430901111854,153.61249888503417,711.3554802674295,2224.7533328823,72.88964574576482,66.89078996068554,18.939707246880133,0.20073738018410578,13.348493904485178,19.93786206119551,0.3188133135265183,1872.0,2.8319999999999936,0.85,none,0.0,1334.5
high_altitude,400,vibration,234.0,152.97171646858882,152.84120380978788,709.9044107259705,2232.8112862835733,72.76991323320523,66.96180157470135,18.919690693885876,0.16496048237625138,13.381754011273104,20.14275142060108,0.31898938863937265,1880.0,2.7799999999999727,0.85,none,0.0,1333.5
high_altitude,400,vibration,235.0,152.90019251341704,152.39741529110873,709.9097956262332,2232.315803886568,72.53922006888463,67.518829730972,18.89969223140331,0.20618880470511455,13.330199755923495,20.209126301187162,0.31916638212448367,1888.0,2.7280000000000086,0.85,none,0.0,1332.5
high_altitude,400,vibration,236.0,152.8285219545029,152.9207894542559,709.4315662751158,2221.408746972071,72.85406893320662,66.49563507394876,18.879711845846845,0.19401439375371007,13.413120298873185,20.18554359382646,0.3193442713218092,1896.0,2.6759999999999877,0.85,none,0.0,1331.5
high_altitude,400,vibration,237.0,152.7567084123705,152.32787107908985,708.2082779917439,2221.0034627186637,72.56134931397686,66.99052428280456,18.85974952363908,0.20313742535443347,13.324688620205418,20.270462449984905,0.3195230341108527,1904.0,2.6240000000000236,0.85,none,0.0,1330.5
high_altitude,400,vibration,238.0,152.68475542133794,153.2864300745001,710.9960095743259,2227.712634526334,72.35943891337033,66.91895756855409,18.839805251210624,0.152230731348791,13.289096031832312,20.01628591706699,0.31970264889781386,1912.0,2.5720000000000027,0.85,none,0.0,1329.5
high_altitude,400,vibration,239.0,152.6126664315697,153.18577098073072,706.8142505495474,2222.1188870196456,73.07067469274395,67.67061619508405,18.81987901500018,0.2606428111061463,13.325480342588628,19.666142385961095,0.3198830946030502,1920.0,2.519999999999982,0.85,none,0.0,1328.5
high_altitude,400,vibration,240.0,152.54044481108036,152.4641667743497,715.5922786613554,2233.7097778599054,73.23577672521385,67.19151642448212,18.799970801454588,0.20961339601274015,13.384824510249917,19.73575644984529,0.3200643506488351,1928.0,2.4680000000000177,0.85,none,0.0,1327.5
high_altitude,400,vibration,241.0,152.4680938476906,152.8318664078746,716.1039459093603,2225.2622039314665,71.8013887383424,66.86396803761384,18.780080597028633,0.28459336278483516,13.309119810600262,20.134227533898585,0.32024639694740564,1936.0,2.415999999999997,0.85,none,0.0,1326.5
high_altitude,400,vibration,242.0,152.39561675093643,152.1322896593576,713.7246113248034,2222.9699229613425,73.10873479308594,67.12231346786439,18.760208388185305,0.1897733051519797,13.385249323690383,19.703974248912342,0.32042921388929935,1944.0,2.363999999999976,0.85,none,0.0,1325.5
high_altitude,400,vibration,243.0,152.32301665393322,152.32995442870202,712.8712343920752,2217.4330618370614,72.48284722695959,66.63635477073647,18.740354161395587,0.28617648538185114,13.287415991909757,19.842772642599815,0.3206127823319649,1952.0,2.312000000000012,0.85,none,0.0,1324.5
high_altitude,400,vibration,244.0,152.25029661519528,151.36446372663883,708.5885032305722,2219.442372794247,72.99392868780492,66.62973304316925,18.720517903138504,0.19891383386689748,13.434933958588347,20.27673555689302,0.3207970835886438,1960.0,2.259999999999991,0.85,none,0.0,1323.5
high_altitude,400,vibration,245.0,152.17745962041195,151.43661331515742,715.8462593073469,2222.88463342596,72.10262181245425,67.21718252211028,18.700699599901217,0.12683322224534438,13.284218378493634,20.32282193639125,0.3209820994175214,1968.0,2.208000000000027,0.85,none,0.0,1322.5
high_altitude,400,vibration,246.0,152.10450858418162,151.83320204776945,713.5178203056679,2219.2580224517055,72.63206181710515,65.53375410945502,18.68089923817884,0.280884426458958,13.313801331348328,20.0193500132212,0.32116781201112965,1976.0,2.156000000000006,0.85,none,0.0,1321.5
high_altitude,400,vibration,247.0,152.0314463517043,152.36252639745098,711.1544023960189,2231.3299784105275,71.89803538794466,66.43599086666937,18.661116804474624,0.2178735169592912,13.325948490685727,19.99562077199848,0.321354203986008,1984.0,2.103999999999985,0.85,none,0.0,1320.5
high_altitude,400,vibration,248.0,151.95827570043406,151.53131223759388,707.0673946600556,2217.9068767047283,72.16442162697389,67.37446316887285,18.641352285299842,0.1677124199190456,13.253468461276352,20.08404376572085,0.3215412583726063,1992.0,2.052000000000021,0.85,none,0.0,1319.5
high_altitude,400,vibration,249.0,151.88499934169192,151.86233412850908,708.8020557140371,2219.601310603331,72.30207250994447,66.78889000106267,18.621605667173768,0.18272410005448297,13.36373811573204,20.18817099407741,0.32172895860543105,2000.0,2.0,0.85,none,0.0,1318.5
high_altitude,400,vibration,250.0,151.81161992224057,151.2857283818238,712.8810621297924,2223.28313283515,73.17381285381119,66.69040553722162,18.601876936623785,0.204606255609485,13.297997794160414,20.191137212164822,0.3219172885134238,2008.0,1.947999999999979,0.85,none,0.0,1317.5
high_altitude,400,vibration,251.0,151.7381400258213,151.67048218528464,709.2507737565397,2213.2425572597663,72.22109451733864,67.50526123726905,18.582166080185274,0.16990499333700146,13.34268835874337,19.571205513197857,0.32210623231057156,2016.0,1.896000000000015,0.85,none,0.0,1316.5
high_altitude,400,vibration,252.0,151.6645621746547,151.1798717950878,708.6873724109562,2217.284685905843,72.31786018108107,67.06084135287591,18.562473084401645,0.26221629831978205,13.369491827508492,19.697766052350197,0.32229577458673675,2024.0,1.843999999999994,0.85,none,0.0,1315.5
high_altitude,400,vibration,253.0,151.59088883090527,151.072268990231,709.3584819223355,2227.4410907240717,72.79563240526927,66.95141310839202,18.542797935824346,0.24276853432808854,13.434514837126923,20.372293022247547,0.3224859002987097,2032.0,1.7919999999999732,0.85,none,0.0,1314.5
high_altitude,400,vibration,254.0,151.51712239811147,152.3004662934323,710.075156050258,2216.66808943882,71.72651920866926,66.64505256429835,18.523140621012878,0.23930649225379957,13.442661223907361,19.946452442963583,0.3226765947614718,2040.0,1.740000000000009,0.85,none,0.0,1313.5
high_altitude,400,vibration,255.0,151.4432652225815,151.9853263168371,709.169755734042,2217.053419244788,72.5081338683456,66.7267400833241,18.50350112653472,0.3137444574021288,13.431134872842765,19.9278813879541,0.3228678436396659,2048.0,1.6879999999999882,0.85,none,0.0,1312.5
high_altitude,400,vibration,256.0,151.36931959475586,151.37096617117277,708.8161799222328,2218.90424339755,72.35123818032841,66.5105153565837,18.483879438965392,0.24780367258084046,13.326243255745858,20.022794727775878,0.32305963293927376,2056.0,1.636000000000024,0.85,none,0.0,1311.5
high_altitude,400,vibration,257.0,151.2952877505377,151.38449077036051,709.7201955122877,2222.682476495168,72.35686867085064,66.71685293093456,18.464275544888437,0.23099738505159803,13.325062178512368,20.16650863195765,0.3232519489994856,2064.0,1.5840000000000032,0.85,none,0.0,1310.5
high_altitude,400,vibration,258.0,151.2211718725912,151.64061603399955,709.2266413657928,2211.2103749995117,72.32467477089095,66.72508833811575,18.44468943089538,0.3022368747000102,13.288968206188358,19.752985016682498,0.32344477848476905,2072.0,1.5319999999999823,0.85,none,0.0,1309.5
high_altitude,400,vibration,259.0,151.14697409160922,151.857212877165,708.6942574823531,2214.0531644476773,72.46100212258445,66.10447660807405,18.425121083585832,0.14621766144934117,13.373076187549723,19.9688690537285,0.3236381083771239,2080.0,1.4800000000000182,0.85,none,0.0,1308.5
high_altitude,400,vibration,260.0,151.07269648755064,152.04366156896344,708.6694711679148,2212.047080726289,71.62392716347301,66.72213450532519,18.40557048956729,0.239085583390747,13.400369608510228,19.683880768381233,0.32383192596852073,2088.0,1.4279999999999973,0.85,none,0.0,1307.5
high_altitude,400,vibration,261.0,150.99834109084844,150.91845528247893,705.6819445771913,2208.096924890541,73.3240200813235,66.4713361757086,18.38603763545536,0.21590939864335545,13.393057661132138,20.112292945117314,0.3240262188535219,2096.0,1.3759999999999764,0.85,none,0.0,1306.5
high_altitude,400,vibration,262.0,150.92390988358872,150.77895292341222,703.2455684320665,2216.108556910697,72.29235621762392,65.71315901523351,18.366522507873597,0.19167561710636066,13.323727008711614,20.130611387976977,0.32422097492207724,2104.0,1.3240000000000123,0.85,none,0.0,1305.5
high_altitude,400,vibration,263.0,150.849404800662,150.8706863567383,715.7055848146529,2215.6333406114027,72.73782179630956,65.45927673866346,18.347025093453546,0.15246868502581856,13.358568360044417,20.162522874979476,0.3244161823524886,2112.0,1.2719999999999914,0.85,none,0.0,1304.5
high_altitude,400,vibration,264.0,150.77482773088676,150.05413362426393,704.6390594145884,2213.923505688741,72.22777859676127,66.90147323930296,18.327545378834795,0.1652579394966932,13.256262768347664,19.982061777834872,0.32461182960454815,2120.0,1.2200000000000273,0.85,none,0.0,1303.5
high_altitude,400,vibration,265.0,150.7001805181065,149.94041792228094,711.427747404084,2208.639334707771,72.035325372428,66.21634339046786,18.30808335066483,0.2300883528370723,13.278431232408067,20.377951162901915,0.3248079054128322,2128.0,1.1680000000000064,0.85,none,0.0,1302.5
high_altitude,400,vibration,266.0,150.6254649622605,150.21442662054938,708.7148783933249,2215.4030628674504,72.04006961762244,66.13637034888916,18.288638995599218,0.1772327092676339,13.228585535064239,20.09134320388259,0.3250043987801621,2136.0,1.1159999999999854,0.85,none,0.0,1301.5
high_altitude,400,vibration,267.0,150.55068282042924,149.98266970662456,705.1348393288299,2210.2085358727218,72.14507637147517,65.60935049658355,18.269212300301444,0.13050196409508635,13.328693876039111,20.37645799220955,0.32520129897121586,2144.0,1.0640000000000214,0.85,none,0.0,1300.5
high_altitude,400,vibration,268.0,150.4758358078548,150.26338582724972,709.4334126187201,2207.7406651159913,72.43385121224892,66.43768255457321,18.249803251442977,0.21804259400566298,13.423871444422025,19.967714248574197,0.3253985955062926,2152.0,1.0120000000000005,0.85,none,0.0,1299.5
high_altitude,400,vibration,269.0,150.40092559893694,149.83083301291356,710.336505188785,2215.312395262494,71.95986546639746,66.23984455967042,18.2304118357033,0.2377785367799377,13.352387953102541,19.9340278886324,0.3255962781552283,2160.0,0.9599999999999795,0.85,none,0.0,1298.5
high_altitude,400,vibration,270.0,150.3259538282057,150.91881591669895,706.1807060745246,2211.962446663221,72.00063654950239,65.25386914375255,18.211038039769836,0.19895904178776558,13.41881017577011,19.868932754410725,0.32579433693145354,2168.0,0.9080000000000155,0.85,none,0.0,1297.5
high_altitude,400,vibration,271.0,150.25092209127055,149.5409718102131,711.3418971143112,2205.6502639307078,72.46386239521803,66.33895527990069,18.191681850337975,0.2072985393291695,13.367255043440721,20.23424964568857,0.3259927620861929,2176.0,0.8559999999999945,0.85,none,0.0,1296.5
high_altitude,400,vibration,272.0,150.1758319457471,150.66556871181044,706.6110138437483,2205.4225900911547,72.62023916034153,66.33484638478086,18.172343254111055,0.20774613494074298,13.348724636672493,20.005069102860993,0.32619154410280493,2184.0,0.8039999999999736,0.85,none,0.0,1295.5
high_altitude,400,vibration,273.0,150.10068491216168,150.04642422478503,706.5464920540902,2212.0882685450433,73.74061592126935,65.57236112590255,18.153022237800446,0.13534540799903194,13.377271509310903,20.104116506010822,0.32639067369125363,2192.0,0.7520000000000095,0.85,none,0.0,1294.5
high_altitude,400,vibration,274.0,150.02548247483455,149.76947098004362,710.0873547749358,2200.2810763851735,72.2693627756717,65.70411192593248,18.133718788125385,0.09767431530130627,13.390778261369132,19.931739876170894,0.32659014178271284,2200.0,0.6999999999999886,0.85,none,0.0,1293.5
high_altitude,400,vibration,275.0,149.9502260827418,150.17794575671553,712.9448603326982,2216.1862573933386,72.09738281711945,65.46289039012777,18.114432891813117,0.13493932503315026,13.304254121131196,20.094885601431095,0.3267899395243016,2208.0,0.6480000000000246,0.85,none,0.0,1292.5
high_altitude,400,vibration,276.0,149.87491715035696,149.57612580991596,704.0013026410425,2211.519072227096,71.82756767104254,65.5095659823243,18.095164535598812,0.22282525039727347,13.29665290488436,20.033835048079474,0.3269900582739398,2216.0,0.5960000000000036,0.85,none,0.0,1291.5
high_altitude,400,vibration,277.0,149.79955705847243,150.06094085713164,707.0799992315389,2212.4050440078067,71.60042162963316,65.6148582096339,18.075913706225595,0.1965145769430402,13.38719585882042,20.077899020010772,0.32719048959533126,2224.0,0.5439999999999827,0.85,none,0.0,1290.5
high_altitude,400,vibration,278.0,149.7241471550015,149.9347148780703,704.8409995929735,2201.9779018883064,72.49278787101876,65.72859772175514,18.05668039044457,0.2444374242952867,13.348442022576691,20.313444037423345,0.32739122525306297,2232.0,0.49200000000001864,0.85,none,0.0,1289.5
high_altitude,400,vibration,279.0,149.64868875576107,149.61689748337957,707.9574985669001,2200.21191062792,72.20164181105969,66.39861563874797,18.037464575014702,0.2110032812665763,13.284277741431861,20.454190129051256,0.32759225720782204,2240.0,0.4399999999999977,0.85,none,0.0,1288.5
high_altitude,400,vibration,280.0,149.57318314523596,149.64180375292804,711.3813391070254,2212.2226516199894,72.05757358890418,65.12965775208953,18.018266246702954,0.15353052013893004,13.361381268404129,19.774677302756196,0.3277935776117278,2248.0,0.3879999999999768,0.85,none,0.0,1287.5
high_altitude,400,vibration,281.0,149.49763157732482,150.26065393976305,709.0959182590631,2211.056329974698,71.60119336089727,65.27438810014172,17.999085392284236,0.24582669623500478,13.359722440003765,20.0770372631772,0.32799517880377294,2256.0,0.33600000000001273,0.85,none,0.0,1286.5
high_altitude,400,vibration,282.0,149.42203527606844,149.77879504679294,708.5296293532597,2201.7869916809605,72.75761812123085,64.74469753144417,17.979921998541307,0.13168249727760686,13.366731631040874,20.142392865485775,0.32819705330537396,2264.0,0.2839999999999918,0.85,none,0.0,1285.5
high_altitude,400,vibration,283.0,149.34639543636064,149.02891182331012,705.1374526584292,2204.0877203631967,72.06877534488112,65.3565464099746,17.96077605226493,0.19871139471494836,13.352211957336271,19.725363681400143,0.328399193816029,2272.0,0.23200000000002774,0.85,none,0.0,1284.5
high_altitude,400,vibration,284.0,149.27071322464218,148.89871140299263,705.8746706082043,2199.9035072821966,72.05335348454376,64.65587236950131,17.941647540253758,0.21697878991630232,13.300821655310125,20.437054948169816,0.3286015932090758,2280.0,0.18000000000000682,0.85,none,0.0,1283.5
high_altitude,400,vibration,285.0,149.1949897795783,150.01451993559175,707.7276203131275,2200.7242805907676,72.59401166290019,64.91629402722764,17.922536449314347,0.169816539305684,13.32071359610775,20.50645962039383,0.32880424452755475,2288.0,0.1279999999999859,0.85,none,0.0,1282.5
high_altitude,400,vibration,286.0,149.11922621271998,149.23223677395225,701.536849202387,2200.091732613644,71.77214663487777,64.86729763015092,17.903442766261247,0.1780764345443935,13.343457581266007,19.983548499635152,0.3290071409801675,2296.0,0.07600000000002183,0.85,none,0.0,1281.5
high_altitude,400,vibration,287.0,149.04342360914956,148.91658914883666,705.3291640067017,2198.5624873480424,72.41289770411696,64.28698248249972,17.884366477916778,0.20568968744140112,13.262728278869247,19.92481129740797,0.32921027593733165,2304.0,0.02400000000000091,0.85,none,0.0,1280.5
high_altitude,400,vibration,288.0,148.96758302811094,148.2754777717345,705.7824575642909,2196.476591156577,72.57915307127872,64.51942559818016,17.865307571111313,0.1758386079603885,13.32046722590402,19.83403699676659,0.32941364292733244,2312.0,-0.02800000000002001,0.85,none,0.0,1279.5
high_altitude,400,vibration,289.0,148.8917055036247,148.1793177898845,708.4968472498368,2194.9125757978863,71.59260068740521,64.70653071151719,17.846266032683058,0.14645062257085256,13.379321340242234,19.698716080184987,0.3296172356325624,2320.0,-0.07999999999998408,0.85,none,0.0,1278.5
high_altitude,400,vibration,290.0,148.8157920450888,148.47866049577095,707.0392763665014,2195.8126473661705,72.5004096267387,65.05024453132243,17.8272418494781,0.1848723990436569,13.345867135734338,19.866451217062576,0.32982104788585187,2328.0,-0.132000000000005,0.85,none,0.0,1277.5
high_altitude,400,vibration,291.0,148.73984363786474,148.7029162934638,706.0527019745998,2204.906429512465,72.06558013204881,65.0624665095209,17.8082350083505,0.17722152371024144,13.334915230961915,19.876451491284307,0.33002507366688905,2336.0,-0.18400000000002592,0.85,none,0.0,1276.5
high_altitude,400,vibration,292.0,148.66386124384982,149.27856564131437,703.4697925915431,2200.671331435858,71.82373164576046,65.91767832217808,17.789245496162156,0.2199368847036297,13.263027487628099,20.086355050844535,0.3302293070987219,2344.0,-0.23599999999999,0.85,none,0.0,1275.5
high_altitude,400,vibration,293.0,148.5878458020359,147.9222613653308,702.5359438447862,2196.2573268789465,72.42388865519005,66.06362889683425,17.770273299782865,0.17826915003731916,13.389544437857829,19.731769173603727,0.3304337424443444,2352.0,-0.2880000000000109,0.85,none,0.0,1274.5
high_altitude,400,vibration,294.0,148.51179822905473,148.51954050398834,709.0509253920725,2201.8268755344507,72.50049898967545,64.72351911748919,17.751318406090316,0.24685439347783172,13.326275027707819,20.0286287510444,0.3306383741033663,2360.0,-0.339999999999975,0.85,none,0.0,1273.5
high_altitude,400,vibration,295.0,148.43571941971032,149.05710017862071,704.4950943192656,2195.6934182952787,72.68193667995587,64.80009933672635,17.732380801970084,0.27020828464437746,13.405969543493105,20.134166158778047,0.33084319660875816,2368.0,-0.3919999999999959,0.85,none,0.0,1272.5
high_altitude,400,vibration,296.0,148.35961024749864,148.10736613811923,699.4917778218196,2185.700397410738,72.15380323138429,65.20083881187955,17.713460474315646,0.27542362524948943,13.391446784815303,19.966105991611347,0.33104820462367834,2376.0,-0.4440000000000168,0.85,none,0.0,1271.5
high_altitude,400,vibration,297.0,148.283471565115,148.78080151655394,704.5640319614422,2190.0848871998815,71.72709125201173,65.33432584651739,17.69455741002832,0.2096249138988537,13.255805151587918,20.041915278126705,0.33125339293837186,2384.0,-0.4959999999999809,0.85,none,0.0,1270.5
high_altitude,400,vibration,298.0,148.20730420494928,148.90091234778768,708.1536986226499,2200.0368164914853,72.30859681557162,64.152391125453,17.67567159601732,0.1531731715337289,13.291234617664923,20.243686165986837,0.3314587564671445,2392.0,-0.5480000000000018,0.85,none,0.0,1269.5
high_altitude,400,vibration,299.0,148.13110897956935,147.76225344153124,709.4775537221333,2196.297185065297,71.37836308375846,63.905076730886506,17.656803019199717,0.24445608963989796,13.430816318659405,20.22148560018586,0.33166429024540944,2400.0,-0.6000000000000227,0.85,none,0.0,1268.5
high_altitude,400,vibration,300.0,148.0548866821931,147.7315507480779,705.2821011946833,2183.6863459803894,72.54237712469592,64.04006206123913,17.63795166650049,0.17674881237524143,13.326621109660687,19.868324646241195,0.3318699894268041,2408.0,-0.6519999999999868,0.85,none,0.0,1267.5
high_altitude,400,vibration,301.0,147.97863808714905,147.18208673660723,707.8916180574654,2203.098187934714,72.52891996707248,64.42573502247991,17.6191175248524,0.23201521300306674,13.312955688929195,19.98714317470566,0.33207584928037437,2416.0,-0.7040000000000077,0.85,none,0.0,1266.5
high_altitude,400,vibration,302.0,147.90236395032625,148.6063644488549,702.1392960550644,2192.403763740528,72.38269014765451,63.882270662435594,17.600300581196162,0.18755268626113142,13.371739635477946,19.696111219398123,0.33228186518782765,2424.0,-0.7559999999999718,0.85,none,0.0,1265.5
high_altitude,400,vibration,303.0,147.82606500961316,147.740759850032,705.5455237117303,2194.2324494782656,72.43766629350925,64.79825582083672,17.58150082248028,0.1645858626182501,13.29360800377772,19.698571062057713,0.33248803264084936,2432.0,-0.8079999999999927,0.85,none,0.0,1264.5
high_altitude,400,vibration,304.0,147.74974198532632,147.04125275792572,710.8098885348066,2198.480496132929,71.74049822899458,64.66568184408887,17.562718235661134,0.17117704204475426,13.390387289587565,20.082009394207407,0.3326943472384858,2440.0,-0.8600000000000136,0.85,none,0.0,1263.5
high_altitude,400,vibration,305.0,147.67339558062872,147.07541321252017,707.8796000358062,2189.0270971161794,72.18393130235694,64.08165463633519,17.54395280770299,0.17800766990995787,13.354962739256333,20.09771730168087,0.33290080468458716,2448.0,-0.9119999999999777,0.85,none,0.0,1262.5
high_altitude,400,vibration,306.0,147.59702648193814,147.85768594255612,705.5834059584565,2188.7101271461147,71.92238155570904,64.18397059037414,17.525204525577877,0.1777019276518667,13.282525184533458,19.97946977721421,0.33310740078531176,2456.0,-0.9639999999999986,0.85,none,0.0,1261.5
high_altitude,400,vibration,307.0,147.520635359326,147.94125319304413,708.8794708960794,2195.0408597144806,72.06244888664722,64.70940095600452,17.506473376265745,0.193075307606164,13.384791773954934,19.674733078990595,0.3333141314466911,2464.0,-1.0160000000000196,0.85,none,0.0,1260.5
high_altitude,400,vibration,308.0,147.44422286690641,147.60981642970256,704.7594456991657,2189.2538777018167,71.81127002385053,64.40305989224801,17.487759346754373,0.24943604446248052,13.355485461599265,20.062628698753525,0.333520992672252,2472.0,-1.0679999999999836,0.85,none,0.0,1259.5
high_altitude,400,vibration,309.0,147.36778964321618,146.5765005354437,706.5784186328129,2182.9208581086186,71.4261661517605,64.1647387725243,17.469062424039315,0.2697342525897245,13.346196273546155,19.859197381641636,0.3337279805606932,2480.0,-1.1200000000000045,0.85,none,0.0,1258.5
high_altitude,400,vibration,310.0,147.2913363115857,147.3114670250661,702.754399717988,2180.5225474001018,72.71707890860327,64.00548616720546,17.450382595124033,0.12853830478895545,13.282638989329719,20.175134231115397,0.3339350913036224,2488.0,-1.1720000000000255,0.85,none,0.0,1257.5
high_altitude,400,vibration,311.0,147.21486348050095,147.74397287761442,702.0816019400795,2185.7817767352335,71.69257773059256,64.43992553051618,17.431719847019792,0.17496083560108952,13.338775518619421,20.14044509612591,0.33414232118334275,2496.0,-1.2239999999999895,0.85,none,0.0,1256.5
high_altitude,400,vibration,312.0,147.13837174395704,147.43562260298071,709.1947716435404,2184.8913774041976,72.50598045423283,64.07023130242334,17.41307416674566,0.28300707179769213,13.32224113761404,20.059662170812416,0.33434966657069165,2504.0,-1.2760000000000105,0.85,none,0.0,1255.5
high_altitude,400,vibration,313.0,147.0618616818031,146.93569518452856,702.3843016725701,2179.3888215834368,72.03980400855528,63.893224428605166,17.394445541328565,0.11542785751746666,13.265986723171036,20.102605844657546,0.334557123922937,2512.0,-1.3279999999999745,0.85,none,0.0,1254.5
high_altitude,400,vibration,314.0,146.98533386007918,147.76380619660728,709.9509057917099,2186.56721951405,72.81422683413338,63.55598771853333,17.375833957803206,0.2808982448318731,13.23975386751242,19.822462120632043,0.3347646897817145,2520.0,-1.3799999999999955,0.85,none,0.0,1253.5
high_altitude,400,vibration,315.0,146.90878883134502,146.505592554267,701.2750917661059,2180.6070302209205,73.15418026646898,62.75735828748327,17.35723940321215,0.10036527055640176,13.246902113427728,19.899486003342968,0.334972360771023,2528.0,-1.4320000000000164,0.85,none,0.0,1252.5
high_altitude,400,vibration,316.0,146.832227135001,147.19488946918094,706.3640211867652,2183.1564904521865,71.11020190139543,62.327004282684115,17.338661864605776,0.1731979016090861,13.363485432167645,20.0921683062285,0.3351801335952611,2536.0,-1.4839999999999804,0.85,none,0.0,1251.5
high_altitude,400,vibration,317.0,146.75564929760148,147.02202638997872,700.9106252642667,2186.2064722006444,71.79547144880442,63.59133798075972,17.320101329042203,0.2194286302294799,13.351268919812064,19.958316238648287,0.3353880050373126,2544.0,-1.5360000000000014,0.85,none,0.0,1250.5
high_altitude,400,vibration,318.0,146.67905583316056,146.59653626872384,697.18805021528,2173.114263407219,71.72214357116464,63.374025170890526,17.30155778358742,0.1964334534403302,13.386485786797628,20.439364495197047,0.33559597195668045,2552.0,-1.5880000000000223,0.85,none,0.0,1249.5
high_altitude,400,vibration,319.0,146.60244724345083,146.49952621047527,704.0006984085759,2181.90528774629,72.15913617891565,62.97201024937209,17.28303121531523,0.30515918502055156,13.350054373214233,20.16966811309723,0.3358040312876597,2560.0,-1.6399999999999864,0.85,none,0.0,1248.5
high_altitude,400,vibration,320.0,146.52582401829466,147.39928429099055,702.5593234112742,2175.206012433176,71.3699407373321,63.56583602263001,17.264521611307167,0.2721508669778188,13.321526621285361,19.90120815511759,0.3360121800375575,2568.0,-1.6920000000000073,0.85,none,0.0,1247.5
high_altitude,400,vibration,321.0,146.44918663584883,146.33626820000086,703.711121788128,2181.572744998892,71.83105787834255,63.10467695944652,17.246028958652598,0.2588543332305586,13.383253744118754,20.04851439198823,0.3362204152849557,2576.0,-1.7440000000000282,0.85,none,0.0,1246.5
high_altitude,400,vibration,322.0,146.37253556288226,146.13521014189848,697.4450590547426,2182.356846303027,72.69491789387193,63.62508511874949,17.227553244448732,0.16531790326381493,13.335222730214522,20.16710034693919,0.33642873417801344,2584.0,-1.7959999999999923,0.85,none,0.0,1245.5
high_altitude,400,vibration,323.0,146.29587125504716,147.14524111654228,702.1530032431396,2187.551512851651,72.13151671876008,62.521547922113555,17.20909445580045,0.2292369001640646,13.33092329768937,20.202485427671622,0.3366371339328088,2592.0,-1.8480000000000132,0.85,none,0.0,1244.5
high_altitude,400,vibration,324.0,146.21919415714368,145.7769613045334,705.5196810096504,2180.4173925878763,71.83761824453212,63.16337499792048,17.19065257982054,0.18062126660861155,13.245677503590493,20.131229697074943,0.3368456118317249,2600.0,-1.8999999999999773,0.85,none,0.0,1243.5
high_altitude,400,vibration,325.0,146.1425047033783,145.41069838093557,704.9448340235093,2175.2797557029558,71.65189054999362,63.80978660238461,17.17222760362948,0.15038320368249208,13.267725478545843,19.931757440666367,0.3370541652218677,2608.0,-1.9519999999999982,0.85,none,0.0,1242.5
high_altitude,400,vibration,326.0,146.06580331761612,145.4498620473854,702.376744411502,2167.7542603902016,72.42778717028851,63.89853596273273,17.153819514355565,0.17576399869181533,13.243987212767566,19.883120971842345,0.3372627915135281,2616.0,-2.004000000000019,0.85,none,0.0,1241.5
high_altitude,400,vibration,327.0,145.98909041362697,145.53922888628395,698.4117927622616,2183.881708273509,72.27825982042108,62.47514508123876,17.135428299134908,0.20575824917792673,13.348727150333062,19.89873232146365,0.337471488178676,2624.0,-2.055999999999983,0.85,none,0.0,1240.5
high_altitude,400,vibration,328.0,145.91236639532585,145.76284289964772,700.3872515736824,2182.311303020664,72.54053460090115,62.6502666886189,17.11705394511128,0.17510743741040724,13.275422091167561,20.19851161463504,0.3376802527494913,2632.0,-2.108000000000004,0.85,none,0.0,1239.5
high_altitude,400,vibration,329.0,145.83563165700758,145.0300345072677,700.1740374624036,2180.077985416744,72.01190333487686,63.01586782737212,17.09869643943633,0.19685468346581342,13.24526297213554,20.09290204390728,0.3378890828169311,2640.0,-2.160000000000025,0.85,none,0.0,1238.5
high_altitude,400,vibration,330.0,145.75888658357584,145.23942472794892,701.5594788679006,2178.350123190659,72.30533240413114,63.16701768974508,17.080355769269428,0.13976363112175955,13.303210999372107,19.843059826220014,0.3380979760293308,2648.0,-2.211999999999989,0.85,none,0.0,1237.5
high_altitude,400,vibration,331.0,145.6821315507667,145.83313598140708,708.6175255871223,2182.409240943787,72.20357919316336,62.99424545682164,17.06203192177768,0.11893412668625097,13.348710277642716,19.971380103715692,0.3383069300910362,2656.0,-2.26400000000001,0.85,none,0.0,1236.5
high_altitude,400,vibration,332.0,145.605366925367,145.8073928527462,699.8955594790567,2179.120786345878,71.68015307710226,62.8842793415594,17.043724884136026,0.129787156769049,13.377792625615346,20.115496051573846,0.33851594276107233,2664.0,-2.315999999999974,0.85,none,0.0,1235.5
high_altitude,400,vibration,333.0,145.52859306542734,145.56692824537188,705.0568599543274,2171.158448081175,71.52158444746134,63.659460060500294,17.025434643527053,0.12099165567496127,13.27768556527814,20.178288382778934,0.33872501185183856,2672.0,-2.367999999999995,0.85,none,0.0,1234.5
high_altitude,400,vibration,334.0,145.45181032047014,144.61025991484757,701.8807981676889,2168.1221799135833,72.16946753886153,63.33826700491027,17.007161187141193,0.1824178205273714,13.399475854612824,20.108589535595918,0.33893413522784077,2680.0,-2.420000000000016,0.85,none,0.0,1233.5
high_altitude,400,vibration,335.0,145.37501903169266,144.93546998830774,704.712996538587,2170.6213031706884,71.55721493520986,62.62280417120544,16.988904502176585,0.16947770435843437,13.34521306048096,19.98921686482858,0.33914331080444915,2688.0,-2.47199999999998,0.85,none,0.0,1232.5
high_altitude,400,vibration,336.0,145.29821953216523,145.40450068266475,700.9803302513079,2170.421868329907,72.91436828739114,61.99931125609459,16.970664575839095,0.1545872122569997,13.393580482226827,19.67667020652629,0.33935253654668673,2696.0,-2.524000000000001,0.85,none,0.0,1231.5
high_altitude,400,vibration,337.0,145.22141214702478,144.95569456026612,700.2619085627688,2167.5992618151067,72.57216759678583,63.05977490491212,16.95244139534237,0.21343157361620507,13.384083210457606,20.12856206414881,0.33956181046804845,2704.0,-2.576000000000022,0.85,none,0.0,1230.5
high_altitude,400,vibration,338.0,145.14459719366366,144.40163058350828,702.423883216025,2169.616389865057,71.85719950627113,62.83708834441368,16.93423494790778,0.21783943641594605,13.338569047856161,20.029670646410686,0.33977113062934683,2712.0,-2.627999999999986,0.85,none,0.0,1229.5
high_altitude,400,vibration,339.0,145.06777498191408,145.5978633616628,702.1151449595989,2167.490967639988,71.00770553856076,62.29727584084727,16.916045220764406,0.3331923581859697,13.34059710297299,19.988018881439018,0.33998049513758366,2720.0,-2.680000000000007,0.85,none,0.0,1228.5
high_altitude,400,vibration,340.0,144.99094581422813,145.405348267641,705.7045851469999,2171.099921550065,72.1056375595601,62.56713938977618,16.89787220114909,0.2156957851339164,13.315533419400207,20.005881688150573,0.3401899021448531,2728.0,-2.731999999999971,0.85,none,0.0,1227.5
high_altitude,400,vibration,341.0,144.91410998585343,144.86685226730506,701.90307371932,2171.0426701252763,72.07348728614092,62.615381628973324,16.879715876306378,0.18728694567120316,13.41917403376453,19.75830069120823,0.3403993498472654,2736.0,-2.783999999999992,0.85,none,0.0,1226.5
high_altitude,400,vibration,342.0,144.83726778500474,144.31288959378375,700.9624523506182,2173.31502971726,72.09542365795518,62.161677471531334,16.861576233488538,0.15735178635326028,13.330835595602752,19.678160837165823,0.3406088364839005,2744.0,-2.8360000000000127,0.85,none,0.0,1225.5
high_altitude,400,vibration,343.0,144.76041949303138,145.08723521578324,701.3745795725358,2173.296138216208,71.42541803198398,61.844557969811994,16.843453259955613,0.13313491208699635,13.31380621990128,20.08449076551401,0.34081836033578494,2752.0,-2.887999999999977,0.85,none,0.0,1224.5
high_altitude,400,vibration,344.0,144.68356538458065,145.77500183956516,699.8400574066961,2168.1136517409504,72.32785039415886,62.57049317975758,16.82534694297528,0.24520937131397863,13.373667048126293,20.054795572964412,0.34102791972489177,2760.0,-2.9399999999999977,0.85,none,0.0,1223.5
high_altitude,400,vibration,345.0,144.60670572775746,144.35485603546834,702.453779239944,2170.640083170476,71.81543246228956,62.001249289137,16.80725726982297,0.12278105457793748,13.299454427060724,19.933191885661515,0.34123751301316707,2768.0,-2.9920000000000186,0.85,none,0.0,1222.5
high_altitude,400,vibration,346.0,144.52984078428008,144.90161279264728,700.1949147223629,2163.6952563474274,71.7764576913438,63.1845885273408,16.789184227781863,0.16840765115775275,13.363425368704872,19.67049278982929,0.34144713860157816,2776.0,-3.0439999999999827,0.85,none,0.0,1221.5
high_altitude,400,vibration,347.0,144.4529708096322,144.53748030295702,704.2828455292804,2170.2533197110047,71.89742060264646,62.67921963444022,16.771127804142754,0.18467230444357086,13.302127427107417,19.80779890672669,0.3416567949291829,2784.0,-3.0960000000000036,0.85,none,0.0,1220.5
high_altitude,400,vibration,348.0,144.37609605321137,144.1436460983649,703.3251674729113,2168.5283184107557,71.37928811063637,61.552488938858524,16.753087986204232,0.2420684076546243,13.294056854870735,20.029301700146544,0.3418664804722249,2792.0,-3.1480000000000246,0.85,none,0.0,1219.5
high_altitude,400,vibration,349.0,144.2992167584739,144.51937804448738,697.288697335223,2159.2029069085893,71.53329458660815,62.362918020792684,16.73506476127253,0.18570116529972822,13.38261865170674,19.99647227971301,0.3420761937432475,2800.0,-3.1999999999999886,0.85,none,0.0,1218.5
high_altitude,400,vibration,350.0,144.22233316307634,143.59695596243787,703.9519894699577,2165.2248798377623,72.26524624212885,62.58640561460142,16.717058116661583,0.19978745436734854,13.2713967776225,20.08473629618533,0.3422859332902276,2808.0,-3.2520000000000095,0.85,none,0.0,1217.5
high_altitude,400,vibration,351.0,144.14544549901356,145.04130261609575,698.8458760501901,2167.473814415816,71.51267078406087,61.49446801370549,16.699068039693078,0.2203330234495348,13.291845948115794,20.08574573575933,0.3424956976957353,2816.0,-3.3039999999999736,0.85,none,0.0,1216.5
high_altitude,400,vibration,352.0,144.06855399275355,143.7858993020618,697.8504262225931,2164.200891050771,72.641305729806,61.42591674880366,16.68109451769628,0.15520926394899195,13.321559517790927,20.13976499068002,0.34270548557610725,2824.0,-3.3559999999999945,0.85,none,0.0,1215.5
high_altitude,400,vibration,353.0,143.991658865369,143.88763771523747,695.4811848907245,2170.3200783934367,71.90173354473102,61.84788039428986,16.66313753800825,0.15462942616704425,13.349272002294349,20.345092679688708,0.34291529558064493,2832.0,-3.4080000000000155,0.85,none,0.0,1214.5
high_altitude,400,vibration,354.0,143.9147603326658,144.22515267434196,697.738008842039,2165.5755388548573,72.44735824053735,61.25105424855018,16.645197087973674,0.181765071584717,13.326031441424893,20.14194156786588,0.3431251263908286,2840.0,-3.4599999999999795,0.85,none,0.0,1213.5
high_altitude,400,vibration,355.0,143.83785860530833,143.60227136647023,704.9134778055474,2162.0669941500655,71.62081009077212,61.93827285026278,16.627273154944913,0.20320748422662363,13.256865120219775,19.98923916219471,0.3433349767195507,2848.0,-3.5120000000000005,0.85,none,0.0,1212.5
high_altitude,400,vibration,356.0,143.76095388894205,143.19763141150744,698.6761367519651,2161.852712112821,71.31406863596031,60.88273550986106,16.60936572628205,0.18911432906544312,13.31994376947719,19.781202890127393,0.34354484531036955,2856.0,-3.5640000000000214,0.85,none,0.0,1211.5
high_altitude,400,vibration,357.0,143.68404638431286,143.55710494888154,696.1639698753727,2162.333800586523,71.70832110327237,61.363493265406255,16.591474789352798,0.2579983195696067,13.316877700847956,19.81212264505227,0.3437547309367779,2864.0,-3.6159999999999854,0.85,none,0.0,1210.5
high_altitude,400,vibration,358.0,143.6071362873838,142.8123489159978,698.5267706397294,2160.5378380066045,71.77917556971353,62.514271536834826,16.57360033153255,0.21344348854853823,13.378241289661416,19.872285986489032,0.34396463240149,2872.0,-3.6680000000000064,0.85,none,0.0,1209.5
high_altitude,400,vibration,359.0,143.5302237894489,143.37652605323373,696.1489744457018,2160.393382641379,71.73585076058433,62.371346405662194,16.555742340204358,0.28061823575243144,13.334428524762158,19.73340231980621,0.3441745485357477,2880.0,-3.7200000000000273,0.85,none,0.0,1208.5
high_altitude,400,vibration,360.0,142.67745520280843,143.3063807636776,698.2715985411675,2034.3706670393008,70.86103901681471,60.5214649138603,11.003426418853758,0.30146815527054266,13.173864196686791,20.133553716086492,0.3491247514079745,2888.0,-3.7719999999999914,0.6,none,0.0,1207.5
high_altitude,400,vibration,361.0,141.7787607587189,141.50636229610222,696.9818751258748,1947.4756832649891,70.18636050741654,60.029606571705244,10.53115791816145,0.2345950711322986,13.199371292082198,19.919606900117763,0.3543555497877504,2896.0,-3.8240000000000123,0.6,none,0.0,1206.5
high_altitude,400,vibration,362.0,140.85545124025177,140.69306334872522,697.5043784791619,1882.2485341513232,70.07776407673678,61.35812577573455,10.203637444718183,0.2632863354429012,13.1548453528326,20.025091357609867,0.3597367401182051,2904.0,-3.8759999999999764,0.6,none,0.0,1205.5
high_altitude,400,vibration,363.0,139.92201214159314,139.89866392706696,698.3179934564266,1852.6009858474044,68.98789172280293,61.07605917314899,9.975552342587106,0.24161297611308757,13.064072048138003,19.98086186337587,0.3651798196512346,2912.0,-3.9279999999999973,0.6,none,0.0,1204.5
high_altitude,400,vibration,364.0,138.98824051532418,137.97127704651533,693.8855380836235,1820.2819319840585,69.05116476345357,59.6072541994183,9.815775711650083,0.14773408008111794,13.067049937341139,19.939699660223944,0.3706249308448313,2920.0,-3.980000000000018,0.6,none,0.0,1203.5
high_altitude,400,vibration,365.0,138.06071396100955,138.53293865912445,690.7999900912163,1800.2154645527862,68.55934551054834,60.33333549960004,9.702925362612934,0.15411089519153404,13.098458535793293,19.979499628710382,0.37603188621005523,2928.0,-4.031999999999982,0.6,none,0.0,1202.5
high_altitude,400,vibration,366.0,137.14380046317137,137.56756455206906,687.2189809854992,1780.2948699278172,68.4398212259026,60.711348456241126,9.622313100865018,0.1946274749829649,13.101023135202926,19.829602133558915,0.381373998453472,2936.0,-4.084000000000003,0.6,none,0.0,1201.5
high_altitude,400,vibration,367.0,136.24035256539852,136.59516740860536,692.0023703304707,1780.722119103678,67.96456882644691,59.275713983930736,9.563849078380755,0.13173203637877495,13.069924621614906,19.929334530231454,0.38663383924688954,2944.0,-4.136000000000024,0.6,none,0.0,1200.5
high_altitude,400,vibration,368.0,135.35218452767992,135.2128894072414,690.246042318463,1769.7294987676066,68.29547978564017,59.76309571304618,9.520602216893517,0.1799847232885948,13.050054685323913,20.354115494839355,0.39180032391534103,2952.0,-4.187999999999988,0.6,none,0.0,1199.5
high_altitude,400,vibration,369.0,134.48040028678446,134.56464745344192,687.5344496030069,1768.3918511831605,68.1966811494821,59.07058684356096,9.48781131042174,0.24420326789437016,13.126297875633988,19.493627639513917,0.39686670768115184,2960.0,-4.240000000000009,0.6,none,0.0,1198.5
high_altitude,400,vibration,370.0,133.62561884576613,133.8149977616111,686.9628462506582,1759.7349194909452,67.70239385701188,59.0308275506061,9.462205715876602,0.19981865920884384,13.082640175799934,19.79237953009523,0.4018292085904138,2968.0,-4.291999999999973,0.6,none,0.0,1197.5
high_altitude,400,vibration,371.0,132.788129147975,133.23789074431528,681.5398460919672,1760.8889175175457,68.36057177299143,58.50894490579495,9.441538710978403,0.16189012216116716,12.988987695955574,19.883367617017793,0.406686061271493,2976.0,-4.343999999999994,0.6,none,0.0,1196.5
high_altitude,400,vibration,372.0,131.96799647360118,130.80532749632727,681.757796801126,1762.8341635675652,68.52163172657549,58.28892962335822,9.42426694105641,0.20430227786325805,13.084356952055073,20.104935330544574,0.4114368668787485,2984.0,-4.396000000000015,0.6,none,0.0,1195.5
high_altitude,400,vibration,373.0,131.16513550984882,130.84417928197604,680.1521540652268,1766.7656388494424,68.84536597131863,58.65779332127396,9.409330219582284,0.21990904597537547,13.158905822134894,19.95454141567706,0.4160821466520346,2992.0,-4.447999999999979,0.6,none,0.0,1194.5
high_altitude,400,vibration,374.0,130.37936051107553,130.41978540099402,675.3060142512213,1763.2094529755311,69.1222472314371,57.66023855731056,9.39600026529885,0.23389041297449348,13.052934383032577,19.82436356973407,0.4206230354507896,3000.0,-4.5,0.6,none,0.0,1193.5
high_altitude,400,vibration,375.0,129.61041971008237,129.38708733132748,675.625706881663,1750.7475970750966,68.94760354701819,57.33974878631626,9.383776794372915,0.25871564740246855,13.038499899425704,20.05341993347975,0.42506107150965744,3008.0,-4.552000000000021,0.6,none,0.0,1192.5
high_altitude,400,vibration,376.0,128.85801890382768,128.9279271704873,681.8338929756411,1750.639545020891,68.2156763243398,57.699294488385895,9.372316142409682,0.19666882334272326,13.048600675382355,19.91411225551404,0.4293980523356722,3016.0,-4.603999999999985,0.6,none,0.0,1191.5
high_altitude,400,vibration,377.0,128.12183759827244,127.39240917265806,677.8140502562735,1754.2527304206797,68.52400389096452,56.59543264255529,9.361382232390799,0.29629382920025504,13.100658261583904,19.97687403911241,0.43363593606728834,3024.0,-4.656000000000006,0.6,none,0.0,1190.5
high_altitude,400,vibration,378.0,127.40154003930336,127.53983636393724,674.9516784274356,1754.1802700600629,68.75977388776266,57.98809594548011,9.350812892822793,0.2056555657922798,13.078987679959742,19.648074960762123,0.4377767740781998,3032.0,-4.70799999999997,0.6,none,0.0,1189.5
high_altitude,400,vibration,379.0,126.6967827294689,126.17067026184937,679.6749266393387,1754.897420233252,68.02122838279465,56.82068347671042,9.340496720489538,0.2614900459461387,13.001929476994908,19.934477224732575,0.4418226650519608,3040.0,-4.759999999999991,0.6,none,0.0,1188.5
high_altitude,400,vibration,380.0,126.00721953030768,125.6821134202035,677.1126018880988,1760.194111092011,68.96653995402616,56.593572328648875,9.330357186666616,0.23579036428525135,13.064220677710434,20.38685021888433,0.4457757238080359,3048.0,-4.812000000000012,0.6,none,0.0,1187.5
high_altitude,400,vibration,381.0,125.33250510632938,124.54584390715344,669.689658235139,1755.6240862345421,67.93524532874969,56.79780306489376,9.320341719124773,0.15441340156915329,13.060928386190378,19.728006485080446,0.44963806025993747,3056.0,-4.863999999999976,0.6,none,0.0,1186.5
high_altitude,400,vibration,382.0,124.67229723040235,124.74881898998554,671.8920832164606,1758.4367165144754,67.79924182258905,56.17264482400488,9.310414202178094,0.11484959344363328,13.086326113317787,19.87243535670646,0.4534117653298826,3064.0,-4.915999999999997,0.6,none,0.0,1185.5
high_altitude,400,vibration,383.0,124.02625830784302,124.756255882447,673.7170666123889,1750.863904475824,68.60932565054482,55.63331874049016,9.300549824706872,0.16779736188774047,13.056908665518673,19.911251302271356,0.4570989016369893,3072.0,-4.968000000000018,0.6,none,0.0,1184.5
high_altitude,400,vibration,384.0,123.3940563648118,124.24711261136139,675.5180980560353,1757.0712486958098,68.83875008906496,55.14233725187095,9.290731541086181,0.2698812846620884,13.075362658647867,20.3829291724292,0.4607014974584245,3080.0,-5.019999999999982,0.6,none,0.0,1183.5
high_altitude,400,vibration,385.0,122.77536566983444,123.00331501932753,667.9637477011236,1747.94098680337,67.65183930097851,55.06223111492257,9.280947640075768,0.22972901277084815,13.0639773619839,20.028732485154116,0.4642215429320623,3088.0,-5.072000000000003,0.6,none,0.0,1182.5
high_altitude,400,vibration,386.0,122.16986710447803,122.55777568080424,671.5893815103212,1742.2628556735372,68.54427833312675,54.989668507115226,9.271190074806894,0.21309683618356615,13.032559570481318,19.951944723570513,0.4676609877917486,3096.0,-5.124000000000024,0.6,none,0.0,1181.5
high_altitude,400,vibration,387.0,121.57724836291902,121.67902367223382,668.6170534016296,1749.5847824435193,67.56950602870494,55.551437628217904,9.261453315593144,0.15021646557720567,13.03768094108394,19.845307677790917,0.4710217401479888,3104.0,-5.175999999999988,0.6,none,0.0,1180.5
high_altitude,400,vibration,388.0,120.9972040351904,120.15993291513688,669.1365318576627,1756.1257598548452,67.58259319666652,54.63093507256661,9.251733561886855,0.21108163799161075,13.104326422382641,19.817114213737774,0.47430566597932855,3112.0,-5.228000000000009,0.6,none,0.0,1179.5
high_altitude,400,vibration,389.0,120.42943561174305,121.39270241704125,664.0563352937365,1759.4113392146373,68.5926543843488,54.69652511054582,9.242028200945324,0.17317213506514811,13.114633332282951,19.88230344270383,0.4775145891044863,3120.0,-5.279999999999973,0.6,none,0.0,1178.5
high_altitude,400,vibration,390.0,119.8736514351645,119.6641229078029,663.7259489520134,1745.6123350516057,67.53940730467644,54.56594156739609,9.232335435970107,0.20550283633823724,13.140363367712002,20.01923478212089,0.48065029147733707,3128.0,-5.331999999999994,0.6,none,0.0,1177.5
high_altitude,400,vibration,391.0,119.32956661679289,119.72152552437015,667.118819978347,1751.1158110864878,67.97579296455848,53.77557464573562,9.222654030663415,0.22351804855779653,13.036033225832538,19.97057366124273,0.48371451369638285,3136.0,-5.3840000000000146,0.6,none,0.0,1176.5
high_altitude,400,vibration,392.0,118.79690293039114,119.31321381552755,672.4819743335331,1747.096570652315,68.49779805220311,53.412947406962225,9.212983133755282,0.26664122368300647,13.06424654727411,20.19097710064495,0.4867089556543762,3144.0,-5.435999999999979,0.6,none,0.0,1175.5
high_altitude,400,vibration,393.0,118.27538869121689,117.80138792826513,667.0383874220879,1751.7515578462742,68.4990703669639,53.06429625614683,9.203322158465284,0.1551003572333294,13.018180483337769,20.185887989195027,0.48963527727717093,3152.0,-5.4879999999999995,0.6,none,0.0,1174.5
high_altitude,400,vibration,394.0,117.76475862619071,117.93435511071443,665.1052670845314,1755.8710220167309,68.38725076138361,53.50816773124293,9.193670699700926,0.1263710259803093,13.178261027133626,20.16120092940055,0.49249509931696456,3160.0,-5.5400000000000205,0.6,none,0.0,1173.5
high_altitude,400,vibration,395.0,117.26475373905615,117.8606605654648,663.8375073712887,1739.6328754152505,68.53154785962163,53.080349294257324,9.18402847717827,0.13531982335515697,12.985524697476558,19.73927461042404,0.4952900041761351,3168.0,-5.5919999999999845,0.6,none,0.0,1172.5
high_altitude,400,vibration,396.0,116.77512117318189,116.24725755437862,660.6378154851894,1745.3774379654933,68.19940947829328,52.79390590593762,9.174395296349719,0.16211980474118898,13.090638073167531,19.766202042841964,0.4980215367454853,3176.0,-5.6440000000000055,0.6,none,0.0,1171.5
high_altitude,400,vibration,397.0,116.29561407380237,115.54276833700419,667.5677731521433,1748.45726035192,69.67039156513408,52.45299637623124,9.164771021563995,0.2029705640495183,13.094764272067183,20.31086414075573,0.5006912052459191,3184.0,-5.696000000000026,0.6,none,0.0,1170.5
high_altitude,400,vibration,398.0,115.82599145090637,115.47310259236559,662.4505292236846,1742.2146691927237,67.59253910492703,52.60984908970555,9.155155557628786,0.2204189503959147,12.964581193305332,20.392488520603735,0.5033004820661581,3192.0,-5.7479999999999905,0.6,none,0.0,1169.5
high_altitude,400,vibration,399.0,115.36601804358082,115.33905401444206,663.3737796226478,1744.6117230492464,67.57546393647793,51.86440785855887,9.14554883714558,0.20394424024821944,13.069821420754685,19.65845668399555,0.5058508045915653,3200.0,-5.800000000000011,0.6,none,0.0,1168.5
high_altitude,400,vibration,400.0,114.91546418634042,114.35044533540207,660.6173928002644,1744.3767114377906,67.89520153873917,51.67942510466818,9.135950811809526,0.12398746913428232,13.041124000895573,19.7990775663279,0.5083435760208401,3208.0,-5.851999999999975,0.6,none,0.0,1167.5
high_altitude,400,vibration,401.0,114.47410567778472,114.16788587557559,658.0915987012655,1751.8963013620055,68.11326081021863,51.68951926676899,9.126361446432995,0.20853975013044926,13.194824811085867,20.06218453102157,0.5107801661684882,3216.0,-5.903999999999996,0.6,none,0.0,1166.5
high_altitude,400,vibration,402.0,114.04172365179447,114.37445867903189,663.0835556663471,1743.2604462489812,68.55183904394539,51.57513662863591,9.116780714840246,0.15562723032986728,13.03213622786743,19.819735018309885,0.5131619122517819,3224.0,-5.956000000000017,0.6,none,0.0,1165.5
high_altitude,400,vibration,403.0,113.61810445139037,113.40023448865932,658.9206993128247,1738.5997863760294,68.15503094045317,51.4103387382666,9.107208597047245,0.22398305524627765,13.002889098857768,20.15604622150537,0.5154901196614511,3232.0,-6.007999999999981,0.6,none,0.0,1164.5
high_altitude,400,vibration,404.0,113.20303950531735,113.46578153151182,663.3175565452711,1737.0335951331988,67.85929501749462,51.16520254950108,9.097645077324438,0.2115164761368051,13.084876882405808,20.150792526358313,0.5177660627157206,3240.0,-6.060000000000002,0.6,none,0.0,1163.5
high_altitude,400,vibration,405.0,112.79632520737626,112.88943120669768,655.3263884544381,1740.2642054586695,68.61690619539459,51.560725528669934,9.088090142866008,0.16262947040197737,12.942461896525423,20.106943567641814,0.5199909853975662,3248.0,-6.112000000000023,0.6,none,0.0,1162.5
high_altitude,400,vibration,406.0,112.3977627984972,112.80879469986975,656.9744728395361,1742.7612960848617,68.14598839965292,50.767971814042085,9.078543782875762,0.14194693484629706,13.00057853420569,20.15917332405897,0.5221661020752151,3256.0,-6.163999999999987,0.6,none,0.0,1161.5
high_altitude,400,vibration,407.0,112.00715825153038,111.78034929083562,656.0905901616304,1749.043036037732,67.8260997743601,50.81157731354961,9.069005987939118,0.2346160294262889,12.978878362187308,20.194448312528102,0.5242925982060455,3264.0,-6.216000000000008,0.6,none,0.0,1160.5
high_altitude,400,vibration,408.0,111.62432215871799,112.38529405787038,660.220849409905,1752.409770839182,67.98095151935125,51.2598469189974,9.059476749591804,0.24884331506293786,13.079924540447948,19.98523411138171,0.526371631024106,3272.0,-6.268000000000029,0.6,none,0.0,1159.5
high_altitude,400,vibration,409.0,111.24906962180249,111.10731987105592,655.7586040151616,1747.1553699824458,67.05026177157954,50.52820285463771,9.049956060023534,0.19867317477006222,13.061041039657843,20.068543676742728,0.5284043302115256,3280.0,-6.319999999999993,0.6,none,0.0,1158.5
high_altitude,400,vibration,410.0,110.88122014472219,109.94602536463125,658.5643325909821,1738.7527221243836,67.8140428468143,50.66424901694118,9.040443911874409,0.12251183799974354,13.02390142197338,19.96505609123847,0.5303917985541169,3288.0,-6.372000000000014,0.6,none,0.0,1157.5
high_altitude,400,vibration,411.0,110.52059752884142,110.7728460933301,656.4412504662474,1743.126314124405,68.44793619603803,50.591047434992895,9.03094029809517,0.19915237809383826,13.04022445647146,20.38881543208077,0.5323351125814946,3296.0,-6.423999999999978,0.6,none,0.0,1156.5
high_altitude,400,vibration,412.0,110.16702977066139,110.99620099548041,657.9508240297438,1745.4281076641457,66.8413376415649,50.32952091283318,9.02144521185108,0.17295659011793638,13.0386938310572,19.861310736594685,0.5342353231920348,3304.0,-6.475999999999999,0.6,none,0.0,1155.5
high_altitude,400,vibration,413.0,109.82034896195691,110.20385573400104,646.8305848548194,1746.2829956302949,69.61709805078154,49.776647710776736,9.01195864645598,0.20056116611681904,13.085254671368267,19.774217925140807,0.536093456263017,3312.0,-6.52800000000002,0.6,none,0.0,1154.5
high_altitude,400,vibration,414.0,109.48039119228437,109.25026100663679,659.2371595598668,1738.7515329492664,67.6997970648477,49.995193223132155,9.00248059532698,0.20534145158997488,13.069632024976636,20.062956002241556,0.5379105132462738,3320.0,-6.579999999999984,0.6,none,0.0,1153.5
high_altitude,400,vibration,415.0,109.14699645380635,109.44165277911448,652.9473310271916,1731.4850961123338,68.36299407963772,50.35269184172757,8.99301105195325,0.25543322806693514,13.055674100553595,19.954697480150227,0.53968747174969,3328.0,-6.632000000000005,0.6,none,0.0,1152.5
high_altitude,400,vibration,416.0,108.82000854837922,109.08032802102052,649.7378310556246,1737.712471767645,67.13370754773442,48.90067657618621,8.98355000987472,0.24501034841892388,12.989684457650586,19.957602906937325,0.5414252861048735,3336.0,-6.683999999999969,0.6,none,0.0,1151.5
high_altitude,400,vibration,417.0,108.49927499685086,109.04090834441637,648.6564581623558,1740.95563966482,68.15489947652682,48.87378997440433,8.974097462667332,0.16022130302522786,13.070119621232648,19.808251059965094,0.5431248879213239,3344.0,-6.73599999999999,0.6,none,0.0,1150.5
high_altitude,400,vibration,418.0,108.18464695051645,108.29010513498756,656.211325875338,1745.2695651887816,68.76963586882997,48.20891370469394,8.964653403932957,0.2609014685042087,13.098910487643689,19.82370023297472,0.5447871866274153,3352.0,-6.788000000000011,0.6,none,0.0,1149.5
high_altitude,400,vibration,419.0,107.87597910468148,107.80607237517262,652.1961071258185,1740.4271468806878,68.93291339030792,49.102847245054896,8.9552178272925,0.23813880681111527,13.053512721937793,19.903032079083204,0.5464130699985057,3360.0,-6.839999999999975,0.6,none,0.0,1148.5
high_altitude,400,vibration,420.0,107.57312961428202,108.02690690720925,656.0641291517943,1738.0325256021429,68.12035613318149,48.62058849060965,8.945790726381043,0.21995076327076832,13.108188589376683,20.059575468374014,0.5480034046724738,3368.0,-6.891999999999996,0.6,none,0.0,1147.5
high_altitude,400,vibration,421.0,107.27596001151373,107.1169272505047,650.0576987418023,1732.5952698322258,68.06549341463774,48.767455932322356,8.936372094844685,0.21269173665292607,13.061004651811704,19.95085629985969,0.5495590366529872,3376.0,-6.944000000000017,0.6,none,0.0,1146.5
high_altitude,400,vibration,422.0,106.9843351254215,106.82992205190004,650.8822582917304,1741.9224553936065,66.99585047485928,48.99654325387893,8.92696192633822,0.20052919758382737,13.03024953512134,19.729040989151034,0.5510807918007894,3384.0,-6.995999999999981,0.6,none,0.0,1145.5
high_altitude,400,vibration,423.0,106.6981230034036,106.46059700773411,645.6812603864861,1730.3533122119645,68.79498097694434,48.12015525200956,8.917560214523599,0.21279845563780292,13.034053365750685,19.997646024067404,0.5525694763132882,3392.0,-7.048000000000002,0.6,none,0.0,1144.5
high_altitude,400,vibration,424.0,106.41719483458456,106.79798682194178,648.5678793041484,1731.721956561305,68.46669408183583,48.373392870775795,8.908166953068907,0.16981822698659532,13.077539897824149,19.917445343270735,0.5540258771927301,3400.0,-7.100000000000023,0.6,none,0.0,1143.5
high_altitude,400,vibration,425.0,106.14142487501242,105.52390185756471,647.1553433976967,1736.0114804947887,68.55927361037253,47.60195154052421,8.898782135647588,0.15541469821271536,13.139387726981386,20.011629907720728,0.5554507627032262,3408.0,-7.151999999999987,0.6,none,0.0,1142.5
high_altitude,400,vibration,426.0,105.87069037463682,106.20650136419786,648.8875450590473,1744.5732720163624,68.2320848102519,47.197248349573215,8.889405755937963,0.20315612973925437,12.984586203092913,19.953221064254592,0.5568448828168959,3416.0,-7.204000000000008,0.6,none,0.0,1141.5
high_altitude,400,vibration,427.0,105.60487150602583,105.519093339238,651.5796434062817,1729.2379894568487,68.55432850271343,47.22143981055038,8.880037807622887,0.11262620790184821,13.153577842594618,20.286745835471287,0.5582089696493922,3424.0,-7.255999999999972,0.6,none,0.0,1140.5
high_altitude,400,vibration,428.0,105.34385129477982,106.15581894166631,649.6846849029072,1731.4660648092329,69.24308418985363,46.75411173565819,8.870678284389507,0.143517962712517,13.006249914399113,20.40709787466384,0.5595437378850523,3432.0,-7.307999999999993,0.6,none,0.0,1139.5
high_altitude,400,vibration,429.0,105.0875155516022,104.43917299268676,647.1646090118975,1731.9027140637045,68.0140170778737,46.70874678587796,8.861327179929082,0.16232026196610722,12.995767152504062,20.198220924434647,0.5608498851919317,3440.0,-7.360000000000014,0.6,none,0.0,1138.5
high_altitude,400,vibration,430.0,104.83575280598744,105.22422282033801,648.3335211287873,1729.4243515688952,67.78416610951523,47.22450103328776,8.851984487936932,0.2407028598749045,13.116095762820533,20.256749836920914,0.5621280926269516,3448.0,-7.411999999999978,0.6,none,0.0,1137.5
high_altitude,400,vibration,431.0,104.58845424148802,103.75118038103274,648.3804304224805,1744.6246208929224,68.73555407537252,47.33405144344782,8.842650202112258,0.07350031384890224,13.15166435096392,19.828665642444008,0.5633790250314019,3456.0,-7.463999999999999,0.6,none,0.0,1136.5
high_altitude,400,vibration,432.0,104.34551363252255,104.42737148842087,641.1131506699837,1740.6426505410175,67.78064530659616,48.368678752652585,8.833324316158174,0.1790307825634206,13.095719886619401,19.900172859167355,0.5646033314170286,3464.0,-7.5160000000000196,0.6,none,0.0,1135.5
high_altitude,400,vibration,433.0,104.10682728268853,103.06348714457847,648.1374922297264,1739.5660607224652,68.53315245763964,46.89156211103906,8.824006823781659,0.2480594820984657,12.991845987364368,20.152212658424055,0.5658016453429271,3472.0,-7.567999999999984,0.6,none,0.0,1134.5
high_altitude,400,vibration,434.0,103.87229396454377,103.55736295280063,646.0068697623154,1735.4448541526244,68.72608210999181,47.063026782515536,8.81469771869345,0.2234672195061985,13.104739300357545,20.246313710921754,0.566974585283462,3480.0,-7.6200000000000045,0.6,none,0.0,1133.5
high_altitude,400,vibration,435.0,103.64181486082167,103.5078014940451,647.3861439504556,1733.6703199994297,67.67242305755452,47.16786514231229,8.805396994608143,0.27119838933544127,13.0295954918029,20.01729647372586,0.568122754987428,3488.0,-7.6720000000000255,0.6,none,0.0,1132.5
high_altitude,400,vibration,436.0,103.41529350704604,103.57226542755981,644.220373195888,1724.8133246378702,67.54641621434958,46.5536252644787,8.7961046452441,0.25024974169825737,13.102604198141762,20.227946825788276,0.5692467438286588,3496.0,-7.7239999999999895,0.6,none,0.0,1131.5
high_altitude,400,vibration,437.0,103.19263573551235,102.4486065533981,648.303050336477,1736.853883154461,68.5282045229865,46.1463030219404,8.78682066432344,0.16602509870410112,13.032132970763453,19.64413309276991,0.5703471271482867,3504.0,-7.7760000000000105,0.6,none,0.0,1130.5
high_altitude,400,vibration,438.0,102.97374962060265,102.74323572029637,643.5436448763224,1728.955844530561,68.21288708376592,45.288531262185735,8.777545045572099,0.18453044486603867,13.061802424471097,20.040422895007563,0.5714244665888564,3512.0,-7.8279999999999745,0.6,none,0.0,1129.5
high_altitude,400,vibration,439.0,102.75854542540252,103.27414258021531,646.38358559214,1725.5376827547943,68.96236273279366,45.99693140184259,8.768277782719714,0.084679004236799,13.075056454221853,20.07029388103027,0.5724793104204803,3520.0,-7.8799999999999955,0.6,none,0.0,1128.5
high_altitude,400,vibration,440.0,102.54693554958915,102.23224034062129,643.6357045052038,1734.26937881389,68.55140892378458,46.40081742404301,8.75901886949974,0.17293765702138378,13.058849740895862,19.800650360338764,0.5735121938592309,3528.0,-7.932000000000016,0.6,none,0.0,1127.5
high_altitude,400,vibration,441.0,102.3388344785601,102.39656751360931,642.6839096474514,1722.2476357955836,68.5745514621328,45.776787176868815,8.749768299649363,0.17490122309868975,13.086349643136323,19.790475000662052,0.5745236393779508,3536.0,-7.9839999999999804,0.6,none,0.0,1126.5
high_altitude,400,vibration,442.0,102.13415873377326,102.53222150640083,646.1606514911151,1734.169645149944,68.59347966202931,46.19431644983373,8.74052606690951,0.13773273237444036,13.032756955041107,20.05461288247743,0.575514157009662,3544.0,-8.036000000000001,0.6,none,0.0,1125.5
high_altitude,400,vibration,443.0,101.93282682426924,101.41042282223587,643.6531000707947,1731.0939384510932,67.59263962727873,46.01298763294714,8.731292165024895,0.13282375050379544,13.122356495927827,20.277592126570557,0.5764842446437541,3552.0,-8.088000000000022,0.6,none,0.0,1124.5
high_altitude,400,vibration,444.0,101.73475919934798,101.29068591189174,643.1504281579503,1733.665553937687,67.80239403831459,44.510406859629285,8.722066587743951,0.1381324391048655,13.044250366171202,20.18027147627613,0.5774343883151171,3560.0,-8.139999999999986,0.6,none,0.0,1123.5
high_altitude,400,vibration,445.0,101.53987820237207,101.58229394482447,644.5989450713131,1733.9992626418982,68.02926120035612,45.674909864654865,8.712849328818862,0.15072435856142555,13.000127295758439,20.303488089411445,0.5783650624863905,3568.0,-8.192000000000007,0.6,none,0.0,1122.5
high_altitude,400,vibration,446.0,101.34810802567004,101.12600655897076,644.7472047315528,1728.8407288783292,67.96933811990228,43.689578947405074,8.70364038200556,0.18438080590582784,13.054450581141632,20.0936578176366,0.5792767303234957,3576.0,-8.244000000000028,0.6,none,0.0,1121.5
high_altitude,400,vibration,447.0,101.1593746665134,101.73584253142413,637.0703236027241,1730.935635315172,68.63300931322247,45.367158530682076,8.69443974106374,0.22145470631004086,13.052827183818298,19.8113863520049,0.580169843964603,3584.0,-8.295999999999992,0.6,none,0.0,1120.5
high_altitude,400,vibration,448.0,100.97360588414172,100.21081310282581,642.0360751738273,1726.4256857897979,67.89132442230081,44.897802799843255,8.685247399756804,0.20113501083412536,13.074952713450855,20.139373179909324,0.5810448447826984,3592.0,-8.348000000000013,0.6,none,0.0,1119.5
high_altitude,400,vibration,449.0,100.79073115781108,101.16767340748244,645.2719658668599,1725.502517033127,67.19229242816257,44.41840340631996,8.676063351851917,0.19715443557288267,13.029025561589306,20.191502936714045,0.5819021636418972,3600.0,-8.399999999999977,0.6,none,0.0,1118.5
high_altitude,400,vibration,450.0,100.61068164584128,101.09233408290991,641.7750236722536,1723.436566320994,68.73512458523147,45.039423184231715,8.666887591119973,0.2308701997837427,13.041310150248023,19.828985943476734,0.5827422211476545,3608.0,-8.451999999999998,0.6,none,0.0,1117.5
high_altitude,400,vibration,451.0,100.43339014563811,100.20122525905498,640.1430890268086,1723.9616901876145,68.31506439854947,44.307598287525536,8.657720111335598,0.2220669514839271,13.00469203800225,20.004454369739598,0.5835654278910207,3616.0,-8.504000000000019,0.6,none,0.0,1116.5
high_altitude,400,vibration,452.0,100.25879105466753,100.83779235268287,642.0081520674009,1732.5997316426012,69.21718776368041,44.50525012832698,8.648560906277174,0.2204422996636219,13.101381260704104,19.947434725035283,0.5843721846870784,3624.0,-8.555999999999983,0.6,none,0.0,1115.5
high_altitude,400,vibration,453.0,100.08682033235894,100.38631913603697,644.0061857471915,1735.2597961203592,67.9116748716898,42.684281455433464,8.639409969726788,0.2677778085988387,12.97531930407121,19.804446103203272,0.5851628828077032,3632.0,-8.608000000000004,0.6,none,0.0,1114.5
high_altitude,400,vibration,454.0,99.91741546291564,99.45150723780887,642.2786423967195,1726.6723721285025,68.59635021517232,44.12376760464507,8.630267295470276,0.3080524879379102,13.06165952977485,20.29101798379552,0.5859379042087843,3640.0,-8.660000000000025,0.6,none,0.0,1113.5
high_altitude,400,vibration,455.0,99.75051541901067,99.62090029504118,641.8445581717239,1723.3641531938647,68.42808800552413,43.610636872446534,8.62113287729721,0.19481560443089305,13.006439942386642,20.049631052415315,0.5866976217520329,3648.0,-8.711999999999989,0.6,none,0.0,1112.5
high_altitude,400,vibration,456.0,99.586060626347,99.61178755434025,639.4563654380239,1720.1171463283185,67.65805087059711,42.8785821481164,8.612006709000855,0.21590608084726182,13.058756601477413,20.038308494461816,0.5874423994215097,3656.0,-8.76400000000001,0.6,none,0.0,1111.5
high_altitude,400,vibration,457.0,99.42399292906168,99.61548204879827,641.7668142379188,1716.4338983867685,68.57658177567272,43.82927471122951,8.602888784378246,0.16487666343493285,13.056778159176444,19.93935088206541,0.5881725925349988,3664.0,-8.815999999999974,0.6,none,0.0,1110.5
high_altitude,400,vibration,458.0,99.26425555595351,99.5405901106832,643.5624770175324,1725.0872285526093,68.48810854453018,42.80968609317243,8.593779097230115,0.21630916955771423,13.054966061010658,19.725824853436727,0.5888885479503464,3672.0,-8.867999999999995,0.6,none,0.0,1109.5
high_altitude,400,vibration,459.0,99.10679308751493,98.62584023188136,637.020032949539,1717.8473089023682,67.16762945128048,43.94603230537731,8.584677641360917,0.2521818125134338,13.090455636755037,20.39412277369847,0.5895906042668888,3680.0,-8.920000000000016,0.6,none,0.0,1108.5
high_altitude,400,vibration,460.0,98.95155142374885,99.66134771654121,641.3410923950381,1730.8549679562323,67.4911680554871,43.78928911908301,8.575584410578859,0.11302536734268456,13.004887524598184,19.9485251356119,0.5902790920220838,3688.0,-8.97199999999998,0.6,none,0.0,1107.5
high_altitude,400,vibration,461.0,98.79847775275175,98.3821436233612,635.949648931173,1731.8057191117662,67.54366246935778,43.62056342747289,8.566499398695816,0.24274176489132698,13.018321301350587,20.4415676659066,0.5909543338834583,3696.0,-9.024000000000001,0.6,none,0.0,1106.5
high_altitude,400,vibration,462.0,98.64752052004474,98.79355166125323,644.5987829937485,1725.621137169181,67.94145174013721,42.42085342615709,8.557422599527431,0.2271351221423598,13.064741730364759,19.829334295999896,0.5916166448359899,3704.0,-9.076000000000022,0.6,none,0.0,1105.5
high_altitude,400,vibration,463.0,98.49862939863489,98.43390399979006,641.0121822403854,1725.295091570634,67.530300539965,43.00646258371542,8.548354006893039,0.22584912013804606,13.035189265851852,19.875226645984167,0.5922663323650238,3712.0,-9.127999999999986,0.6,none,0.0,1104.5
high_altitude,400,vibration,464.0,98.35175525978941,98.88063254552203,646.3044656688843,1725.5387114368907,68.07113290792378,43.5249936285072,8.539293614615678,0.2544717602487617,13.052359163353573,19.99197578573444,0.5929036966348349,3720.0,-9.180000000000007,0.6,none,0.0,1103.5
high_altitude,400,vibration,465.0,98.20685014450562,98.46200107152076,638.5272697113753,1719.8583305296847,67.52971768407849,42.36323984463536,8.53024141652214,0.22642086418984525,13.104343375698988,20.009252029970607,0.5935290306629403,3728.0,-9.231999999999971,0.6,none,0.0,1102.5
high_altitude,400,vibration,466.0,98.06386723566023,97.91067485463435,637.4357045715294,1726.7590306895663,68.2262448783733,42.066858462747874,8.521197406442873,0.10269564778297918,13.027457973668588,19.974446582514165,0.5941426204902582,3736.0,-9.283999999999992,0.6,none,0.0,1101.5
high_altitude,400,vibration,467.0,97.9227608308217,97.94570460940339,634.6298873868742,1725.205629818061,67.83234468581006,42.05252553903701,8.512161578212085,0.24301239316809914,12.964217213517552,20.32813153255077,0.5947447453472203,3744.0,-9.336000000000013,0.6,none,0.0,1100.5
high_altitude,400,vibration,468.0,97.78348631571006,98.62903471506023,640.4719542791789,1726.8863208733244,67.36332740292278,42.5855666743069,8.50313392566767,0.22065945169740528,13.064058621515482,19.98393974541807,0.5953356778159239,3752.0,-9.387999999999977,0.6,none,0.0,1099.5
high_altitude,400,vibration,469.0,97.64600013828844,96.98316973430374,638.14447322542,1718.5279193292388,69.18824004088644,41.60197227631797,8.49411444265122,0.1820449133413099,12.965271368528137,19.738095515960204,0.5959156839884255,3760.0,-9.439999999999998,0.6,none,0.0,1098.5
high_altitude,400,vibration,470.0,97.51025978347161,97.26062073155475,635.7724793106155,1720.3826523634461,67.97428201014452,41.663645834415064,8.485103123008047,0.11395448987434276,12.960213299195617,20.163076520627854,0.5964850236212675,3768.0,-9.492000000000019,0.6,none,0.0,1097.5
high_altitude,400,vibration,471.0,97.37622374843667,98.20092687931054,633.38631499313,1720.3484964804663,68.3364005384718,41.60290364385806,8.476099960587165,0.18603221694478758,12.992395061066757,19.922470618317327,0.5970439502863225,3776.0,-9.543999999999983,0.6,none,0.0,1096.5
high_altitude,400,vibration,472.0,97.24385151852152,96.9726229356247,633.0384319141892,1716.3733985914882,68.28791430349736,41.54344619263054,8.467104949241278,0.1938397516574897,13.125357870467656,19.86103687342539,0.5975927115180464,3784.0,-9.596000000000004,0.6,none,0.0,1095.5
high_altitude,400,vibration,473.0,97.11310354369725,96.77627209606698,635.1426540674524,1720.7835982290364,68.85909369945983,41.145116588349815,8.4581180828268,0.23568801928584698,13.109880331404941,20.226087295734843,0.598131548957229,3792.0,-9.648000000000025,0.6,none,0.0,1094.5
high_altitude,400,vibration,474.0,96.9839412156007,97.19271840147263,637.7764383844054,1717.006262189609,67.6547487882862,41.42377903238658,8.449139355203862,0.09670807095879551,12.944117525298445,20.12462624518126,0.598660698491317,3800.0,-9.699999999999989,0.6,none,0.0,1093.5
high_altitude,400,vibration,475.0,96.8563268451138,96.87636612936943,637.4548721367936,1724.5169559713406,67.97299846396857,42.64620426205378,8.440168760236231,0.08567702238818115,13.007960752922756,19.895189276089642,0.5991803903913993,3808.0,-9.75200000000001,0.6,none,0.0,1092.5
high_altitude,400,vibration,476.0,96.73022364047684,96.65315707601953,639.0057813638846,1711.4358575553224,67.05702167049708,41.25954814218208,8.431206291791446,0.17573527630953223,12.934646299053492,19.90235456693877,0.5996908494459301,3816.0,-9.803999999999974,0.6,none,0.0,1091.5
high_altitude,400,vibration,477.0,96.60559568592274,95.93155213600359,640.0749947846755,1723.501793279265,68.1124243703444,40.68903991311998,8.42225194374068,0.1895956913140138,13.028600453781836,20.08851850111714,0.6001922950912668,3824.0,-9.855999999999995,0.6,none,0.0,1090.5
high_altitude,400,vibration,478.0,96.48240792082011,96.24133756277232,634.0892856526135,1719.0591185555063,68.38867150585601,41.52877771783048,8.413305709958818,0.14811278590196048,12.938746067040332,20.14708606958939,0.6006849415391025,3832.0,-9.908000000000015,0.6,none,0.0,1089.5
high_altitude,400,vibration,479.0,96.36062611931288,96.93258757451703,635.995017920806,1722.8514131609281,68.59001042047369,41.00324711397191,8.404367584324465,0.0981625786982091,13.004280287107044,20.193981322259827,0.6011689979008615,3840.0,-9.95999999999998,0.6,none,0.0,1088.5
high_altitude,400,vibration,480.0,96.24021687044468,97.04832644514502,637.9771438824653,1723.0615440707545,67.85255444548196,41.286276289454285,8.39543756071985,0.2992820502929535,13.035981378415126,20.2878452906729,0.6016446683091339,3848.0,-10.012,0.6,none,0.0,1087.5
high_altitude,400,vibration,481.0,96.12114755875646,95.35879949579429,637.0740797760265,1717.9998655280394,67.91866038973455,41.37229711680115,8.386515633030953,0.22750529870140124,12.984189338768665,19.789581681652322,0.6021121520362209,3856.0,-10.064000000000021,0.6,none,0.0,1086.5
high_altitude,400,vibration,482.0,96.00338634534613,95.85323102485938,637.6501261275743,1714.713947439366,67.1416731577208,41.30774432009352,8.3776017951474,0.1871236752286844,13.151326658436073,20.10666469948829,0.6025716436098549,3864.0,-10.115999999999985,0.6,none,0.0,1085.5
high_altitude,400,vibration,483.0,95.88690214937903,96.38664772688512,635.6736152594261,1720.638240580573,68.34273999062283,40.45610336756943,8.368696040962513,0.21425792770436267,12.99831206705717,20.283121423779317,0.6030233329261647,3872.0,-10.168000000000006,0.6,none,0.0,1084.5
high_altitude,400,vibration,484.0,95.77166463003877,95.53071200130661,637.9114140760182,1720.5882684663495,67.36688186911422,40.80828545794126,8.3597983643733,0.12503692513832526,13.04572317967126,20.095394993091002,0.6034674053599538,3880.0,-10.220000000000027,0.6,none,0.0,1083.5
high_altitude,400,vibration,485.0,95.65764416890772,95.02190029015357,633.0886279315174,1716.8608147935347,69.30797503608906,41.60106753268796,8.350908759280443,0.10828282093283415,12.99368849508787,19.751726465849757,0.6039040418723494,3888.0,-10.271999999999991,0.6,none,0.0,1082.5
high_altitude,400,vibration,486.0,95.54481185276703,95.48521164531202,633.1807757738743,1710.7598047018623,68.39019933504883,40.14761163073906,8.342027219588305,0.16849747801938897,12.912804785334824,19.758070414293652,0.6043334191158899,3896.0,-10.324000000000012,0.6,none,0.0,1081.5
high_altitude,400,vibration,487.0,95.4331394568062,94.93644069946312,635.6829836831495,1709.3878096192175,67.73487776243162,40.10572216717813,8.333153739204924,0.1712553586477857,13.06011558508193,20.052205784863187,0.6047557095371118,3904.0,-10.375999999999976,0.6,none,0.0,1080.5
high_altitude,400,vibration,488.0,95.32259942823241,94.36984259908137,641.2778091840288,1716.668286442042,68.78821030411375,39.113013377573225,8.324288312042006,0.21712084974348242,13.11842970851555,20.34412331926514,0.6051710814766903,3912.0,-10.427999999999997,0.6,none,0.0,1079.5
high_altitude,400,vibration,489.0,95.21316487027006,94.84974852568338,637.2707984441811,1713.3546023738788,67.21524573807346,39.82200422945521,8.315430932014957,0.1485323054191985,13.015761047919682,20.040110790910898,0.6055796992672007,3920.0,-10.480000000000018,0.6,none,0.0,1078.5
high_altitude,400,vibration,490.0,95.10480952654137,95.97570913437616,637.0168352814885,1707.834874476023,67.74509256305753,39.57899305007973,8.30658159304283,0.2095900425992472,13.053862959865057,20.208142771972412,0.6059817233285473,3928.0,-10.531999999999982,0.6,none,0.0,1077.5
high_altitude,400,vibration,491.0,94.99750776581877,95.27700204287791,634.1106738432918,1712.2894261101085,68.63330030349061,39.73383601939651,8.297740289048354,0.18494755962321058,13.026894903470884,19.915576499119542,0.6063773102611221,3936.0,-10.584000000000003,0.6,none,0.0,1076.5
high_altitude,400,vibration,492.0,94.89123456714037,94.5562874314004,634.3916808437322,1709.1465733113869,68.5148925483614,39.71059577425369,8.288907013957926,0.29863304684330005,13.00020985993069,19.812132839199027,0.6067666129367473,3944.0,-10.636000000000024,0.6,none,0.0,1075.5
high_altitude,400,vibration,493.0,94.78596550527986,94.48696430918895,639.0820961125149,1714.504585435781,67.77133590084716,39.440315239133774,8.28008176170163,0.19770170803626808,13.035556613434208,19.89611982550756,0.6071497805874497,3952.0,-10.687999999999988,0.6,none,0.0,1074.5
high_altitude,400,vibration,494.0,94.6816767365623,94.94086045420235,635.0348200359339,1710.506262432017,67.59641882119988,39.65256814043329,8.271264526213184,0.1700497074499235,13.073346706894563,19.857315895033615,0.6075269588921217,3960.0,-10.740000000000009,0.6,none,0.0,1073.5
high_altitude,400,vibration,495.0,94.57834498501765,94.7334599816033,634.5279907857337,1713.9474058711123,66.99839620143555,40.12247283519641,8.262455301429986,0.257424230882897,13.078416870338794,19.968987796048527,0.6078982900611218,3968.0,-10.791999999999973,0.6,none,0.0,1072.5
high_altitude,400,vibration,496.0,94.47594752886403,94.49325546030175,639.4885543581269,1716.953951978967,67.77095290139471,38.594695891467794,8.253654081293101,0.21830107526277137,13.058987621557534,19.871987232445488,0.6082639129188563,3976.0,-10.843999999999994,0.6,none,0.0,1071.5
high_altitude,400,vibration,497.0,94.37446218731269,94.77523451943172,634.7738547124411,1710.3654223885521,68.69718717516167,39.81627697252478,8.244860859747241,0.15563710754916285,13.011858945119037,20.0518416319574,0.6086239629843995,3984.0,-10.896000000000015,0.6,none,0.0,1070.5
high_altitude,400,vibration,498.0,94.27386730768733,94.88130687017879,634.1786439801418,1712.6097521009415,67.52946324172315,39.918193606118614,8.2360756307408,0.2998008490280638,12.974857373593299,19.881964874925742,0.6089785725501908,3992.0,-10.947999999999979,0.6,none,0.0,1069.5
high_altitude,400,vibration,499.0,94.17414175284988,94.2402958540051,635.4785384779481,1720.690240324607,67.47266314312685,39.94503609347886,8.227298388225806,0.17490872282822922,13.087755783304717,19.905345816915407,0.6093278707588587,4000.0,-11.0,0.6,none,0.0,1068.5
high_altitude,400,vibration,500.0,94.07526488892584,93.34422588216873,636.0480753188613,1707.1747284053995,67.93982453194408,38.50023151483021,8.218529126157945,0.21479445017734372,13.043446207962383,19.842922653285573,0.6096719836782185,4008.0,-11.052000000000021,0.6,none,0.0,1067.5
high_altitude,400,vibration,501.0,93.97721657332183,93.89211454498296,631.8048019033056,1705.3361206768982,68.11640764736626,38.57472304733223,8.209767838496585,0.2663077317482061,12.961989507127525,19.950798936664782,0.6100110343744803,4016.0,-11.103999999999985,0.6,none,0.0,1066.5
high_altitude,400,vibration,502.0,93.87997714302834,93.84002252531376,634.741466495159,1701.7392203008917,68.02627331701972,38.25318720621625,8.201014519204698,0.23256555910818127,13.074763831643413,19.984451459431774,0.6103451429837158,4024.0,-11.156000000000006,0.6,none,0.0,1065.5
high_altitude,400,vibration,503.0,93.78352740320118,93.36083317245378,631.422822617044,1721.8551432361828,67.72456487638041,39.581372098111494,8.192269162248957,0.08211008336159263,13.056857583769018,20.003602501974463,0.6106744267816251,4032.0,-11.20799999999997,0.6,none,0.0,1064.5
high_altitude,400,vibration,504.0,93.68784861601459,93.83688098907099,631.9488369109343,1704.7029756979703,67.72998517994607,38.95966451643155,8.183531761599651,0.18121551605093192,13.047702659510584,19.86203872058741,0.6109990002516382,4040.0,-11.259999999999991,0.6,none,0.0,1063.5
high_altitude,400,vibration,505.0,93.5929224897799,93.74567393710728,630.9368037571024,1706.9099691734777,67.37274341720153,37.9873795918983,8.174802311230724,0.18654638661975867,13.011446549221224,19.90977235833132,0.6113189751514005,4048.0,-11.312000000000012,0.6,none,0.0,1062.5
high_altitude,400,vibration,506.0,93.49873116832319,93.42467272069034,633.0943437122448,1707.9066879677728,67.9222595530886,38.78613143500921,8.16608080511979,0.19604227644727865,13.0495439154336,19.92103136319297,0.6116344605776709,4056.0,-11.363999999999976,0.6,none,0.0,1061.5
high_altitude,400,vibration,507.0,93.40525722061592,93.10644531993724,632.8755407141497,1696.629076175646,67.84866741752026,38.70289421585022,8.157367237248058,0.18483320620012333,13.118394910184257,20.56727388670307,0.6119455630296752,4064.0,-11.415999999999997,0.6,none,0.0,1060.5
high_altitude,400,vibration,508.0,93.3124836306524,93.78709310524324,638.9380881882839,1698.5440497966847,67.45757478080841,39.413471379140894,8.14866160160043,0.2346762424945161,13.016678691325698,20.008215600710567,0.6122523864709547,4072.0,-11.468000000000018,0.6,none,0.0,1059.5
high_altitude,400,vibration,509.0,93.22039378756827,92.88973228025765,634.4634585010538,1707.6492586681293,68.4204715327365,37.66543350962164,8.139963892165426,0.2701297209374026,13.01625857027817,19.87483256046296,0.6125550323897382,4080.0,-11.519999999999982,0.6,none,0.0,1058.5
high_altitude,400,vibration,510.0,93.12897147599436,93.88584578788937,631.372353351403,1707.7077422870975,67.45023967180305,37.64746327855558,8.131274102935196,0.19753379843022995,13.051036218167917,20.18462234381293,0.6128535998578767,4088.0,-11.572000000000003,0.6,none,0.0,1057.5
high_altitude,400,vibration,511.0,93.03820086664004,92.46375313384523,638.4630261183762,1710.3495993381773,67.78528377997898,37.30176375319084,8.122592227905551,0.2570042422020953,13.07221056273558,19.957269070573332,0.6131481855883791,4096.0,-11.624000000000024,0.6,none,0.0,1056.5
high_altitude,400,vibration,512.0,92.94806650710092,93.63170627789178,637.0636962797389,1707.6258963878138,68.22356719070616,38.30480094383001,8.11391826107593,0.2075733294855337,12.970507820929996,19.64979489481723,0.6134388839915735,4104.0,-11.675999999999988,0.6,none,0.0,1055.5
high_altitude,400,vibration,513.0,92.85855331288539,93.03938219503718,634.9700240045895,1703.6066251943853,67.71705581135431,38.32327181113666,8.105252196449392,0.21243734305327905,13.053116289611355,20.131467304892304,0.6137257872299318,4112.0,-11.728000000000009,0.6,none,0.0,1054.5
high_altitude,400,vibration,514.0,92.76964655865474,93.86414988425636,636.5669314397547,1705.370993072195,67.61715063047319,37.21028475668323,8.09659402803265,0.2545042281423504,13.012998136126456,20.14247885199455,0.6140089852715926,4120.0,-11.779999999999973,0.6,none,0.0,1053.5
high_altitude,400,vibration,515.0,92.68133186967194,92.20417107687098,630.4946691936012,1700.8116719338773,68.00637744097035,37.94905203772274,8.087943749836034,0.2781664755633847,13.070218827881305,20.18432477570826,0.6142885659426052,4128.0,-11.831999999999994,0.6,none,0.0,1052.5
high_altitude,400,vibration,516.0,92.59359521345395,91.85650282322955,633.8033926274651,1703.2030259731582,67.83488192277517,37.60638969392151,8.079301355873508,0.15107837579514374,13.004751180920689,19.74786152803506,0.6145646149779329,4136.0,-11.884000000000015,0.6,none,0.0,1051.5
high_altitude,400,vibration,517.0,92.50642289162286,92.32731300352118,632.8489224351398,1699.2476879509188,68.06484379549012,37.80176653091371,8.070666840162675,0.233901818661739,13.007784837630522,19.968492393167363,0.6148372160712406,4144.0,-11.935999999999979,0.6,none,0.0,1050.5
high_altitude,400,vibration,518.0,92.41980153195097,93.1882266924977,630.8460866958172,1705.5229210899456,68.32223240988755,37.33101696262698,8.062040196724746,0.2251797266583624,13.101449162829486,19.737927137683613,0.6151064509234959,4152.0,-11.988,0.6,none,0.0,1049.5
high_altitude,400,vibration,519.0,92.33371808059529,92.77763704676666,626.5234200168619,1704.3836279055781,68.3765208204535,37.49025675711941,8.053421419584565,0.11231800505060391,13.04166239112498,19.862534095721298,0.6153723992904161,4160.0,-12.04000000000002,0.6,none,0.0,1048.5
high_altitude,400,vibration,520.0,92.24815979451701,92.66954252109339,633.139517098624,1696.2376698023277,68.56193172302294,37.19369629890835,8.04481050277062,0.22033057064991857,13.038300088963295,20.0219509570456,0.6156351390287831,4168.0,-12.091999999999985,0.6,none,0.0,1047.5
high_altitude,400,vibration,521.0,92.16311423408133,93.25307161269828,629.9417640279362,1705.8074427215624,67.3218458121802,36.667873940175724,8.036207440314973,0.2738494636746279,12.90065069786404,19.555170141987194,0.6158947461416548,4176.0,-12.144000000000005,0.6,none,0.0,1046.5
high_altitude,400,vibration,522.0,92.07856925583366,91.0199957915273,627.3540790347071,1709.0846947909754,67.08380773200048,36.55799176600613,8.02761222625335,0.14528844866443433,12.98570227007091,20.15279212563297,0.6161512948225035,4184.0,-12.196000000000026,0.6,none,0.0,1045.5
high_altitude,400,vibration,523.0,91.99451300544756,91.30020214327631,631.9389487733206,1693.8825862185404,69.07351675048331,36.82507745848073,8.019024854625084,0.23499160717380255,13.043951153467555,19.734694023643563,0.6164048574983001,4192.0,-12.24799999999999,0.6,none,0.0,1044.5
high_altitude,400,vibration,524.0,91.91093391084087,91.38336339393871,633.6244730648312,1705.543096518584,67.26638503499264,36.790010645901546,8.010445319473101,0.1938326230622726,13.063267057426982,19.97375805023534,0.6166555048715733,4200.0,-12.300000000000011,0.6,none,0.0,1043.5
high_altitude,400,vibration,525.0,91.82782067545554,91.53798171557062,627.3611147358698,1704.9669634862646,67.38947083686483,37.1729037587874,8.001873614843994,0.14164197562302966,12.98502088973889,20.02030796819146,0.6169033059614688,4208.0,-12.351999999999975,0.6,none,0.0,1042.5
high_altitude,400,vibration,526.0,91.74516227169757,91.55098057845981,636.222065206289,1708.1729288211077,67.7555586303605,36.24824907733405,7.993309734787907,0.19429976967114912,13.052598947919236,19.933417872687016,0.6171483281438291,4216.0,-12.403999999999996,0.6,none,0.0,1041.5
high_altitude,400,vibration,527.0,91.66294793453305,91.37466633804557,631.9487841245817,1695.9788357071009,67.72497092427412,36.84109481461859,7.984753673358642,0.26726549908480485,13.04331086658257,19.992331481456297,0.61739063719032,4224.0,-12.456000000000017,0.6,none,0.0,1040.5
high_altitude,400,vibration,528.0,91.58116715523678,92.0294785936877,631.5163776787296,1695.9014502650407,67.88281665686914,35.38642976123676,7.976205424613598,0.13553290062759685,12.977167786507605,19.855053178920006,0.6176302973066254,4232.0,-12.507999999999981,0.6,none,0.0,1039.5
high_altitude,400,vibration,529.0,91.49980967528967,91.91220155895023,635.4904988152134,1697.38825583724,67.48143850063042,36.085708091376596,7.967664982613771,0.14241856530246993,12.962633476899459,20.149227170205013,0.6178673711697322,4240.0,-12.560000000000002,0.6,none,0.0,1038.5
high_altitude,400,vibration,530.0,91.4188654804214,91.27367566268886,631.3748557329126,1697.1733184331222,67.02384495900662,36.14010835883715,7.959132341423781,0.1689366050603158,13.084365644776275,19.537599114956386,0.6181019199643285,4248.0,-12.612000000000023,0.6,none,0.0,1037.5
high_altitude,400,vibration,531.0,91.33832479479508,90.9595049653946,628.792824158238,1701.1514080463533,68.03808851585661,36.2792064655221,7.950607495111851,0.19225289539235832,13.069076309198548,19.69546728010659,0.618334003418334,4256.0,-12.663999999999987,0.6,none,0.0,1036.5
high_altitude,400,vibration,532.0,91.25817807533016,91.00799002172928,629.0703238042979,1694.8368638515847,67.44412499486329,36.933634599788675,7.942090437749796,0.2769434197143834,13.126520318682271,20.10914066887323,0.6185636798375848,4264.0,-12.716000000000008,0.6,none,0.0,1035.5
high_altitude,400,vibration,533.0,91.17841600616066,90.97322556716864,636.522678009201,1690.9409305649085,67.37434970613334,36.269966535831195,7.933581163413045,0.22542636168733798,13.043423255288173,19.947661693484925,0.6187910061396933,4272.0,-12.767999999999972,0.6,none,0.0,1034.5
high_altitude,400,vibration,534.0,91.09902949322529,91.24191945142863,632.2969933312721,1698.5136700447617,68.68414513421808,36.11076395616314,7.925079666180617,0.22662996631958326,13.07249317474286,20.09194014779669,0.6190160378871001,4280.0,-12.819999999999993,0.6,none,0.0,1033.5
high_altitude,400,vibration,535.0,91.02000965898638,89.85903757821971,631.4714938344878,1693.0566128359958,67.54344679670393,35.67508952295241,7.91658594013515,0.23056946894283453,12.989753457609822,19.765817668664667,0.6192388293193413,4288.0,-12.872000000000014,0.6,none,0.0,1032.5
high_altitude,400,vibration,536.0,90.94134783727459,90.3291367053632,627.3649690919044,1692.4715339391773,67.81528381793487,35.393780057447934,7.908099979362861,0.2176431214772426,12.986134786884424,19.71062669885356,0.619459433384545,4296.0,-12.923999999999978,0.6,none,0.0,1031.5
high_altitude,400,vibration,537.0,90.86303556825627,91.35208403385175,628.7940770610758,1692.9121211865452,67.74964890348143,35.900180789201634,7.899621777953567,0.12514946896293214,13.03092181944532,20.025723823051504,0.6196779017701796,4304.0,-12.975999999999999,0.6,none,0.0,1030.5
high_altitude,400,vibration,538.0,90.78506459352074,91.10894498334007,626.0603604280881,1688.5861026233804,67.27211263514145,36.27592561023168,7.891151330000675,0.1680990762973597,12.972456980733106,20.142511990564415,0.6198942849330698,4312.0,-13.02800000000002,0.6,none,0.0,1029.5
high_altitude,400,vibration,539.0,90.70742685128454,90.7055168143658,631.6511500408518,1699.6050315945884,68.31288634662563,36.115764401455976,7.882688629601205,0.2431669011951859,13.04371006767975,20.321034804768242,0.6201086321286977,4320.0,-13.079999999999984,0.6,none,0.0,1028.5
high_altitude,400,vibration,540.0,90.63011447170975,90.54865977045853,626.6947061942125,1695.6120196017957,67.09993730226942,35.72347378346905,7.8742336708557445,0.19919358463755396,12.964991597459091,20.015687852552457,0.6203209914398047,4328.0,-13.132000000000005,0.6,none,0.0,1027.5
high_altitude,400,vibration,541.0,90.55311977233391,90.20546731446758,627.5392926676022,1689.5293069064494,67.49832049807048,35.323657742917305,7.8657864478684845,0.18956112709406217,13.027278973872873,20.063095900455885,0.6205314098043164,4336.0,-13.183999999999969,0.6,none,0.0,1026.5
high_altitude,400,vibration,542.0,90.47643525360871,90.62582488011233,631.6643031130016,1685.0781253363828,68.52625658781695,35.07032258972427,7.85734695474719,0.18710506966272022,13.005199193945804,20.001973821335817,0.6207399330425976,4344.0,-13.23599999999999,0.6,none,0.0,1025.5
high_altitude,400,vibration,543.0,90.40005359454484,90.753037905344,626.4604907312258,1691.7557336586244,67.8487374958174,35.4190525672355,7.848915185603222,0.22455269136669537,13.078916057003376,20.1739506884562,0.6209466058840629,4352.0,-13.288000000000011,0.6,none,0.0,1024.5
high_altitude,400,vibration,544.0,90.32396764846062,90.63877291026544,631.3324494090385,1683.4134813804033,67.89226293189739,35.54463186407058,7.840491134551541,0.19880576202572064,13.048339407977625,20.155730313535443,0.6211514719931511,4360.0,-13.339999999999975,0.6,none,0.0,1023.5
high_altitude,400,vibration,545.0,90.24817043883183,90.32102667768714,632.1919666905073,1694.1310915191284,68.08397904943058,35.273915799788526,7.832074795710658,0.17843036128548018,12.97471388652435,20.335366557114703,0.6213545739946805,4368.0,-13.391999999999996,0.6,none,0.0,1022.5
high_altitude,400,vibration,546.0,90.17265515524032,90.95042645955576,624.8864936271834,1693.2160920127894,68.17108506697359,35.26974345119481,7.823666163202682,0.23656127952672226,13.027277663150503,20.114236193212815,0.6215559534986036,4376.0,-13.444000000000017,0.6,none,0.0,1021.5
high_altitude,400,vibration,547.0,90.09741514941909,90.40920324986767,627.5161078315142,1684.4287236342582,67.57724872792106,35.61868776194214,7.815265231153325,0.2749033702282998,12.99647272868311,20.002000084190044,0.6217556511241701,4384.0,-13.495999999999981,0.6,none,0.0,1020.5
high_altitude,400,vibration,548.0,90.02244393139159,90.3421884437909,632.1321434894842,1696.4545982316731,68.50366483677738,35.42838304343846,7.806871993691825,0.14762763706421034,13.03239474863466,19.77824538654781,0.6219537065235134,4392.0,-13.548000000000002,0.6,none,0.0,1019.5
high_altitude,400,vibration,549.0,89.94773516570285,90.15589467918348,629.2486662496651,1683.696255262092,67.54008971386446,34.90424876625979,7.798486444951043,0.20761057437515618,12.914659099676452,20.046465835649517,0.6221501584046801,4400.0,-13.600000000000023,0.6,none,0.0,1018.5
high_altitude,400,vibration,550.0,89.87328266774044,89.21953093520322,624.7888108414008,1683.5484068021838,68.19417621731709,34.43440979026415,7.790108579067396,0.14169816680977346,13.033215275851006,20.278027373520832,0.6223450445541062,4408.0,-13.651999999999987,0.6,none,0.0,1017.5
high_altitude,400,vibration,551.0,89.79908040014296,90.8211700709826,628.352168908171,1682.9898012582667,67.84130498580116,34.431488134243295,7.781738390180864,0.22527904566356796,13.007429338864823,20.018705690305094,0.6225384018585598,4416.0,-13.704000000000008,0.6,none,0.0,1016.5
high_altitude,400,vibration,552.0,89.72512246929404,89.92179152698647,622.5424344508301,1695.5508558733743,67.52544152721941,34.63191889188664,7.773375872435037,0.22659693041931783,13.024342495014233,20.136759360664865,0.6227302663265641,4424.0,-13.755999999999972,0.6,none,0.0,1015.5
high_altitude,400,vibration,553.0,89.65140312189988,89.84779770541267,624.3830095702391,1686.929047456401,67.63921712953413,34.627899664371824,7.765021019977016,0.22488871772181956,12.986838640603505,19.751307922059198,0.6229206731093055,4432.0,-13.807999999999993,0.6,none,0.0,1014.5
high_altitude,400,vibration,554.0,89.57791674164821,88.82043009182516,627.236121572486,1686.3218545701452,67.49945387884324,33.53088503419782,7.756673826957529,0.20190368448896157,13.079304304305948,19.991805792915056,0.6231096565210481,4440.0,-13.860000000000014,0.6,none,0.0,1013.5
high_altitude,400,vibration,555.0,89.50465784594685,89.12772783543771,629.5522476736143,1695.6303505170972,68.93056402186285,34.55328547501677,7.748334287530841,0.208973770740275,13.049349087890022,19.884368032956196,0.6232972500590597,4448.0,-13.911999999999978,0.6,none,0.0,1012.5
high_altitude,400,vibration,556.0,89.43162108273988,89.70010191024264,621.3702914541998,1693.0812613087564,67.14463300689657,33.711940626978624,7.7400023958547814,0.08360580355669676,12.937976281890055,19.48542989546684,0.6234834864230634,4456.0,-13.963999999999999,0.6,none,0.0,1011.5
high_altitude,400,vibration,557.0,89.3588012273996,88.6592567106741,625.7498222876394,1690.5223107489587,68.07778191038975,34.39533846588208,7.7316781460907436,0.15806704409932576,12.912611037723934,19.950397805222956,0.6236683975342285,4464.0,-14.01600000000002,0.6,none,0.0,1010.5
high_altitude,400,vibration,558.0,89.28619317969259,89.26597446140788,624.6150157431675,1685.3603816663576,67.69374326473705,33.188863663139685,7.72336153240371,0.2016598156633652,13.039311254697816,20.02002354402278,0.6238520145537066,4472.0,-14.067999999999984,0.6,none,0.0,1009.5
high_altitude,400,vibration,559.0,89.21379196081791,89.32320911805317,624.9772713782767,1683.7236804083736,67.39643793246817,34.420108882853576,7.715052548962183,0.23415449533658314,13.03753312991075,19.867210732549548,0.6240343679007261,4480.0,-14.120000000000005,0.6,none,0.0,1008.5
high_altitude,400,vibration,560.0,89.14159271051584,89.73543745153069,629.5707865108283,1684.854236814978,68.22470948445424,34.25272092861005,7.7067511899382435,0.26583809394914976,12.87745276073851,19.833235557964308,0.624215487270259,4488.0,-14.172000000000025,0.6,none,0.0,1007.5
high_altitude,400,vibration,561.0,89.06959068424547,88.94625421711301,623.3870778049244,1689.9993678783846,67.46363182886687,34.291202769700725,7.698457449507554,0.2287994860127486,12.965778352890268,20.222008213745916,0.6243954016502645,4496.0,-14.22399999999999,0.6,none,0.0,1006.5
high_altitude,400,vibration,562.0,88.99778125042953,88.54367515012812,624.7735181189554,1682.0668604522807,67.16259037228525,33.697479824881405,7.690171321849271,0.1489280347779648,13.063563777445276,20.30468693166347,0.6245741393385215,4504.0,-14.27600000000001,0.6,none,0.0,1005.5
high_altitude,400,vibration,563.0,88.92615988776473,88.61280687008578,620.7376800519772,1692.3644688947547,68.1252971723202,33.80925884374967,7.681892801146171,0.23316355476373726,13.006605576027708,20.018944649888855,0.6247517279590629,4512.0,-14.327999999999975,0.6,none,0.0,1004.5
high_altitude,400,vibration,564.0,88.85472218259619,89.42538914579332,630.4813547591875,1687.226168116318,67.95280338732773,33.870027487099115,7.673621881584542,0.17851748273152515,12.959917799889661,19.972386366798244,0.6249281944782162,4520.0,-14.379999999999995,0.6,none,0.0,1003.5
high_altitude,400,vibration,565.0,88.78346382635443,88.98424034927416,627.2730796759389,1679.3357053966195,67.81523346455313,34.246302141233926,7.665358557354232,0.2003869791280168,12.924992630019016,20.415298668571154,0.6251035652202642,4528.0,-14.432000000000016,0.6,none,0.0,1002.5
high_altitude,400,vibration,566.0,88.71238061305331,88.84404918548896,629.0322250258815,1689.138641919664,67.90239614110878,34.047484059615996,7.6571028226486595,0.23267854268206933,13.036671101324192,19.952191408230902,0.6252778658827309,4536.0,-14.48399999999998,0.6,none,0.0,1001.5
high_altitude,400,vibration,567.0,88.64146843684755,89.0129033087001,627.8594958017878,1685.322790642044,67.63694308839467,33.25869243707618,7.648854671664747,0.17685678508485633,12.939448841557391,20.00671298567724,0.625451121551304,4544.0,-14.536000000000001,0.6,none,0.0,1000.5
high_altitude,400,vibration,568.0,88.57072328964843,88.83687043598862,619.0420174681224,1682.0531271530829,67.40984782985701,33.80960629813386,7.6406140986030096,0.13482191175143116,13.014279815983453,20.195119243136684,0.6256233567144037,4552.0,-14.588000000000022,0.6,none,0.0,999.5
high_altitude,400,vibration,569.0,88.50014125879628,88.89996616737302,627.1518096049701,1687.6483519663243,67.44212176462436,33.274332149107565,7.632381097667483,0.1221662372669885,13.051136909380595,19.841929133680313,0.6257945952774028,4560.0,-14.639999999999986,0.6,none,0.0,998.5
high_altitude,400,vibration,570.0,88.42971852478833,89.42210825833493,623.5644553143185,1683.9127138829706,67.64199042046594,32.23127407117253,7.624155663065736,0.25406860473242204,13.009821760987158,20.034871304739962,0.6259648605765078,4568.0,-14.692000000000007,0.6,none,0.0,997.5
high_altitude,400,vibration,571.0,88.3594513590607,87.35151986083311,629.1347131177016,1681.8486896822417,68.36286714520992,32.961128468361274,7.61593778900891,0.19911063189250497,13.070393067743865,20.077537565024546,0.626134175392312,4576.0,-14.744000000000028,0.6,none,0.0,996.5
high_altitude,400,vibration,572.0,88.2893361218232,88.4048533931297,629.9066178733892,1687.07380151572,68.05625559729731,33.88129001910725,7.607727469711662,0.09192300988557711,13.073128929445211,20.08458270667766,0.626302561963024,4584.0,-14.795999999999992,0.6,none,0.0,995.5
high_altitude,400,vibration,573.0,88.21936925994565,87.69057299489937,621.425129280577,1679.0193411908833,67.79279298035185,32.66093245252046,7.599524699392193,0.19188624435840013,13.044555387035757,19.967376384048325,0.6264700419973803,4592.0,-14.848000000000013,0.6,none,0.0,994.5
high_altitude,400,vibration,574.0,88.14954730489455,88.23034975439604,624.2231945495206,1685.2039346068243,67.79828165390695,32.89348107410077,7.59132947227224,0.26676554693522453,13.083160694260991,20.08416821522813,0.626636636687254,4600.0,-14.899999999999977,0.6,none,0.0,993.5
high_altitude,400,vibration,575.0,88.07986687071889,88.01422981878383,627.9689706071166,1675.8453393746493,67.79342404326329,33.60188386299317,7.583141782577067,0.19519487858975726,13.00964934983354,20.201316436015784,0.6268023667199586,4608.0,-14.951999999999998,0.6,none,0.0,992.5
high_altitude,400,vibration,576.0,88.01032465208387,87.5818682053312,623.1744567222835,1688.0265060296758,67.84184092346315,33.19083239619969,7.5749616245354945,0.26728374162998025,13.07974767949007,20.140196428081197,0.6269672522902638,4616.0,-15.004000000000019,0.6,none,0.0,991.5
high_altitude,400,vibration,577.0,87.9409174223515,87.82921645826426,629.4825811859487,1684.731089115066,68.01999927752668,32.60365566590507,7.566788992379859,0.18495641711014774,13.059406663122695,19.64796673643724,0.6271313131121213,4624.0,-15.055999999999983,0.6,none,0.0,990.5
high_altitude,400,vibration,578.0,87.87164203170684,86.94411754443288,624.6006412884858,1679.2102591179607,67.60221904711969,32.857220734104416,7.558623880346021,0.19717361143692222,13.008956526277046,19.965503496943406,0.6272945684301124,4632.0,-15.108000000000004,0.6,none,0.0,989.5
high_altitude,400,vibration,579.0,87.8024954053289,87.64389029281863,620.7266700294467,1680.4694154109993,67.57441160683011,31.83130235246481,7.550466282673379,0.24570777045135272,12.979566161969638,19.882052456795808,0.6274570370306249,4640.0,-15.160000000000025,0.6,none,0.0,988.5
high_altitude,400,vibration,580.0,87.73347454160503,87.33640619775697,624.5599588345907,1682.7098469037599,68.44228528559006,32.78346030086455,7.542316193604865,0.22417985252150333,13.011532634816344,19.574368394906006,0.6276187372527621,4648.0,-15.211999999999989,0.6,none,0.0,987.5
high_altitude,400,vibration,581.0,87.66457651038793,87.46997989060385,630.3296399230585,1671.0963413619706,67.82121561363037,32.24813668667348,7.534173607386921,0.13341620095138818,12.999499812193788,19.879456721701338,0.6277796869989907,4656.0,-15.26400000000001,0.6,none,0.0,986.5
high_altitude,400,vibration,582.0,87.59579845129403,86.34957499374069,623.4225140932667,1673.051046598723,68.25071617629727,31.735084198651457,7.526038518269527,0.1897953784738709,12.964415421763805,19.82817782597651,0.6279399037455398,4664.0,-15.315999999999974,0.6,none,0.0,985.5
high_altitude,400,vibration,583.0,87.52713757204248,88.12288130075862,630.8263830353122,1670.8794544460573,67.9547497978233,31.85622589259899,7.517910920506169,0.12127496416528705,12.93209765435763,20.180706797153338,0.6280994045525468,4672.0,-15.367999999999995,0.6,none,0.0,984.5
high_altitude,400,vibration,584.0,87.45859114683365,87.16270811755062,624.6607494343458,1678.1043944788264,67.09127446353081,32.97640273780759,7.509790808353863,0.16062469447953348,13.007119888729825,20.11997754640358,0.6282582060739663,4680.0,-15.420000000000016,0.6,none,0.0,983.5
high_altitude,400,vibration,585.0,87.39015651476628,87.57996301337903,622.8656008944524,1676.038839122152,67.92454711810717,31.796977240369838,7.501678176073154,0.16590524048476174,13.050260544686457,19.833691280215458,0.6284163245672401,4688.0,-15.47199999999998,0.6,none,0.0,982.5
high_altitude,400,vibration,586.0,87.32183107829218,87.46825388707585,621.8972624738153,1676.3753195554154,67.35174564027409,32.50101311640587,7.49357301792809,0.20505140425872606,13.004139907578631,20.178654835849606,0.6285737759027377,4696.0,-15.524000000000001,0.6,none,0.0,981.5
high_altitude,400,vibration,587.0,87.25361230170793,86.71642701025665,624.3417125456717,1660.8193217190872,67.89307041769841,31.1586576541592,7.48547532818623,0.2309601542337669,12.98766186395571,20.18946538776198,0.6287305755729732,4704.0,-15.576000000000022,0.6,none,0.0,980.5
high_altitude,400,vibration,588.0,87.18549770968234,86.31441567150172,629.0926361148031,1678.0481645671262,67.9712676600669,31.74793115755758,7.477385101118678,0.1927017160493944,13.106412286581946,19.7602529217701,0.6288867387016017,4712.0,-15.627999999999986,0.6,none,0.0,979.5
high_altitude,400,vibration,589.0,87.11748488581901,87.68973649475171,620.0498996099705,1673.0525290194098,67.47824450994156,31.98485906255538,7.469302331000005,0.1875272447822161,13.001467172622455,20.05840094244074,0.6290422800522005,4720.0,-15.680000000000007,0.6,none,0.0,978.5
high_altitude,400,vibration,590.0,87.04957147125315,86.69473197746838,622.8068343851593,1673.9796824005057,67.85845914139807,31.98111850794793,7.4612270121083375,0.2645889109504669,13.085863498962206,20.204935455806762,0.6291972140368445,4728.0,-15.731999999999971,0.6,none,0.0,977.5
high_altitude,400,vibration,591.0,86.98175516328172,86.4999278052039,617.9262275311039,1665.750047052884,67.29852256439511,32.172733848651404,7.45315913872528,0.28330853574367654,13.02099056392071,20.299528691069156,0.6293515547244728,4736.0,-15.783999999999992,0.6,none,0.0,976.5
high_altitude,400,vibration,592.0,86.91403371402632,86.79543451804595,627.377040038033,1672.478136713652,67.78241137397896,31.220294460369534,7.445098705135955,0.17198462450258833,13.002211406600876,19.93846321257577,0.6295053158490609,4744.0,-15.836000000000013,0.6,none,0.0,975.5
high_altitude,400,vibration,593.0,86.8464049291278,86.76292813634483,625.8464009385744,1670.3661169690613,68.51328873124623,31.320369470791867,7.437045705629009,0.27859380176634146,12.955316830942039,20.17452093416245,0.6296585108175948,4752.0,-15.887999999999977,0.6,none,0.0,974.5
high_altitude,400,vibration,594.0,86.77886666647198,86.1328284697799,621.9064470646541,1681.4272075687916,67.41075908110926,31.80482794184063,7.429000134496553,0.17772913282610187,12.944090994011457,19.821670558196693,0.629811152717856,4760.0,-15.939999999999998,0.6,none,0.0,973.5
high_altitude,400,vibration,595.0,86.71141683494575,86.93283549629456,625.5624520052588,1672.6658632117678,67.54044319586866,31.80884615900619,7.420961986034241,0.18737018886931944,13.032570134684255,19.993527616596744,0.6299632543260234,4768.0,-15.992000000000019,0.6,none,0.0,972.5
high_altitude,400,vibration,596.0,86.64405339322276,86.47679258655296,622.3311935875531,1671.1858673233085,67.45652972644044,31.572109328009546,7.412931254541212,0.1945434895948628,13.040687091170977,20.08124394960216,0.6301148281140907,4776.0,-16.043999999999983,0.6,none,0.0,971.5
high_altitude,400,vibration,597.0,86.57677434857798,86.7229051803386,620.4574904969996,1675.1347990183244,67.78295960729551,31.35430846418931,7.404907934320094,0.23961121498314658,13.024127073505252,20.327265826627396,0.630265886257109,4784.0,-16.096000000000004,0.6,none,0.0,970.5
high_altitude,400,vibration,598.0,86.50957775573058,86.25508270346349,622.9524186756312,1682.1844893085824,67.58265551759199,30.865254634267387,7.39689201967704,0.16770113264330275,13.036320641300135,19.92956040005738,0.6304164406402584,4792.0,-16.148000000000025,0.6,none,0.0,969.5
high_altitude,400,vibration,599.0,86.44246171571426,86.24543832855774,623.0049662057048,1670.7202819713264,66.91973328193923,31.362441119244025,7.38888350492168,0.19890543219183954,12.972805521023712,19.875786395533765,0.6305665028657481,4800.0,-16.19999999999999,0.6,none,0.0,968.5
high_altitude,400,vibration,600.0,86.37542437477455,86.47448776982996,621.2244801223186,1677.5990311890473,68.01987144353433,30.966538666350964,7.380882384367141,0.2634685685845456,12.96371383587046,19.98667561572479,0.6307160842595544,4808.0,-16.25200000000001,0.6,none,0.0,967.5
high_altitude,400,vibration,601.0,86.30846392329235,86.32320480985601,627.4230941714126,1674.1102515584926,67.81027902267908,30.630828711480778,7.372888652330054,0.2182779466170573,12.974275676100024,19.759634484166433,0.6308651958779979,4816.0,-16.303999999999974,0.6,none,0.0,966.5
high_altitude,400,vibration,602.0,86.24157859473303,86.36526111137832,625.0270591738764,1673.769446916028,67.79924877052684,30.36269490261818,7.364902303130521,0.14052494927627412,12.982615570853815,20.053877497249516,0.6310138485141632,4824.0,-16.355999999999995,0.6,none,0.0,965.5
high_altitude,400,vibration,603.0,86.17476666462068,86.53882160304696,621.2529446508341,1660.4732606058924,67.35732451469234,31.638655404831663,7.356923331092154,0.21935685216865303,13.030345205041566,19.805878655018205,0.631162052704167,4832.0,-16.408000000000015,0.6,none,0.0,964.5
high_altitude,400,vibration,604.0,86.10802644953665,86.75743846063926,621.2312161884591,1666.8120348760476,67.741980550736,29.836131722035805,7.348951730542062,0.2513407297693585,13.002683053653413,19.76423950194497,0.6313098187332769,4840.0,-16.45999999999998,0.6,none,0.0,963.5
high_altitude,400,vibration,605.0,86.04135630614205,86.27374060319421,623.9455746816883,1668.6056859276848,68.11901950070816,30.867536293436007,7.340987495810808,0.20871730215911877,13.004790618578596,20.147314797431143,0.6314571566418818,4848.0,-16.512,0.6,none,0.0,962.5
high_altitude,400,vibration,606.0,85.97475463022342,85.99564700158355,624.3834743849518,1668.0738487083922,68.6128679362743,30.213943291604714,7.333030621232466,0.19808996966945144,12.9479071160012,20.115706447184678,0.6316040762313256,4856.0,-16.56400000000002,0.6,none,0.0,961.5
high_altitude,400,vibration,607.0,85.9082198557612,85.72678724400355,622.7339465052202,1658.4994876498895,67.12408581416288,30.995972503216112,7.325081101144602,0.24706783578304833,12.960754339580092,20.09192684167971,0.6317505870695963,4864.0,-16.615999999999985,0.6,none,0.0,960.5
high_altitude,400,vibration,608.0,85.84175045402037,86.16215020547362,621.1278455145862,1673.4703021195405,67.327518551307,31.477666322206137,7.31713892988823,0.17684361925719833,12.983437986029744,20.274405472748388,0.6318966984968823,4872.0,-16.668000000000006,0.6,none,0.0,959.5
high_altitude,400,vibration,609.0,85.77534493266268,86.75360932505563,621.3468285299364,1668.2741998926158,67.06743327192649,31.001498733478044,7.309204101807882,0.24895697906894168,13.039997854440216,20.004326355159858,0.6320424196309974,4880.0,-16.720000000000027,0.6,none,0.0,958.5
high_altitude,400,vibration,610.0,85.70900183488007,85.50211554849068,623.8099315418265,1656.6968399185992,67.48515645393387,30.825824029001673,7.30127661125155,0.20736340235639306,13.019577409524372,20.277415746344474,0.6321877593726748,4888.0,-16.77199999999999,0.6,none,0.0,957.5
high_altitude,400,vibration,611.0,85.64271973854875,85.78922627688382,620.7693128638285,1667.1362117568797,67.39569456964149,30.45135408499596,7.2933564525706975,0.3025880658276307,12.923519492765223,20.120378018074916,0.632332726410735,4896.0,-16.824000000000012,0.6,none,0.0,956.5
high_altitude,400,vibration,612.0,85.57649725540334,86.07908483247522,620.8331986809902,1668.1942051842766,67.44767359180325,30.71333271265677,7.285443620120294,0.26741151714377176,13.030046851217195,19.885296914160257,0.6324773292271328,4904.0,-16.875999999999976,0.6,none,0.0,955.5
high_altitude,400,vibration,613.0,85.51033303023073,86.5016042549886,622.5136271275327,1657.7412701536905,68.29938678636685,30.6283663462899,7.277538108258738,0.2373902176803072,13.017542134902367,19.702773156494327,0.6326215761018811,4912.0,-16.927999999999997,0.6,none,0.0,954.5
high_altitude,400,vibration,614.0,85.44422574008311,85.55597453869225,624.2336614754446,1652.6035326636468,67.7670608670765,30.365182850011266,7.269639911347945,0.1395139254315681,12.975799544722046,19.889363182156828,0.6327654751178604,4920.0,-16.980000000000018,0.6,none,0.0,953.5
high_altitude,400,vibration,615.0,85.3781740935098,85.6675342800706,623.6436112656746,1663.2036777586839,66.46960973018054,30.128359335263255,7.261749023753279,0.1307131252328398,12.987547779658417,19.785264145006483,0.6329090341655119,4928.0,-17.031999999999982,0.6,none,0.0,952.5
high_altitude,400,vibration,616.0,85.31217682980724,86.52745882799279,617.2921163768186,1663.7422837144325,68.17473744701653,30.74484945290821,7.253865439843574,0.20420022345161115,13.042129554145747,19.824999891196867,0.6330522609474185,4936.0,-17.084000000000003,0.6,none,0.0,951.5
high_altitude,400,vibration,617.0,85.24623271828699,85.4597658372448,622.4617553849439,1655.5109478589984,67.5959535327221,29.823867965366794,7.245989153991152,0.21717543768196218,12.991957798100294,19.898208607313567,0.6331951629827794,4944.0,-17.135999999999967,0.6,none,0.0,950.5
high_altitude,400,vibration,618.0,85.18034055756102,84.5984460293063,619.3866254712394,1658.517944919062,66.79395095932536,29.24180257394332,7.238120160571765,0.2608432632773493,13.005332777622312,19.99168657299518,0.6333377476117749,4952.0,-17.187999999999988,0.6,none,0.0,949.5
high_altitude,400,vibration,619.0,85.11449917484414,85.29866751455482,618.9078632437113,1668.1618202888305,66.59037707589276,29.109856685815117,7.23025845396467,0.24042167793454175,13.012732098733366,20.03283467404257,0.6334800219998292,4960.0,-17.24000000000001,0.6,none,0.0,948.5
high_altitude,400,vibration,620.0,85.04870742527292,85.60115408270227,628.1093865811818,1661.9636466177378,67.25334985030914,29.552550150312566,7.222404028552558,0.24073943886651064,12.911881199943277,19.856339928195474,0.6336219931417721,4968.0,-17.292,0.6,none,0.0,947.5
high_altitude,400,vibration,621.0,84.98296419124094,85.26731516956774,623.9814460038838,1663.2856604874873,67.39200844162288,29.605197286799832,7.214556878721605,0.21520290728386635,13.053627640773893,19.87948660991674,0.633763667865899,4976.0,-17.343999999999994,0.6,none,0.0,946.5
high_altitude,400,vibration,622.0,84.91726838174978,84.22817607943487,626.5248127190646,1669.0946246187166,67.53784027167127,30.80524422225,7.206716998861426,0.1806449244571914,12.964155997851726,20.228667861647004,0.6339050528379375,4984.0,-17.396000000000015,0.6,none,0.0,945.5
high_altitude,400,vibration,623.0,84.85161893177549,84.6543706600489,623.1579096756108,1673.3162877111074,67.24124498082784,29.401047891067847,7.198884383365111,0.15545543672519965,12.993481745898604,20.01395247323166,0.6340461545649179,4992.0,-17.448000000000008,0.6,none,0.0,944.5
high_altitude,400,vibration,624.0,84.7860148016502,84.5875228665862,618.1610296560194,1667.984471952629,67.7163807474804,30.2012027149369,7.191059026629206,0.2700118929817036,13.03463304685816,19.697163262645883,0.634186979398951,5000.0,-17.5,0.6,none,0.0,943.5
high_altitude,400,vibration,625.0,84.72045497645833,85.79904945984808,622.1770572805275,1658.0837959147625,66.90952049706847,29.27871449669221,7.183240923053693,0.11858558413328031,12.988626405807372,20.05011043145642,0.6343275335409171,5008.0,-17.551999999999992,0.6,none,0.0,942.5
high_altitude,400,vibration,626.0,84.65493846544732,83.84372147886005,619.3686235065131,1660.8916374641306,68.11875306098352,28.946093182354193,7.175430067042034,0.2090536056516198,13.059421166180943,20.491596745227213,0.6344678230440666,5016.0,-17.603999999999985,0.6,none,0.0,941.5
high_altitude,400,vibration,627.0,84.58946430145227,84.6083976236181,619.5428600980445,1662.1039940114028,67.03556343819764,28.501924092955544,7.167626453001137,0.28675944482899907,12.936044635340679,20.087032769057107,0.6346078538175353,5024.0,-17.656000000000006,0.6,none,0.0,940.5
high_altitude,400,vibration,628.0,84.52403154033435,84.13957388652166,619.3366850674273,1665.5291148841443,67.27554170945491,30.082003781494905,7.159830075341349,0.23920722042524492,13.132296620258707,20.135192671809957,0.6347476316297755,5032.0,-17.708,0.6,none,0.0,939.5
high_altitude,400,vibration,629.0,84.45863926043255,83.83269290534513,617.0033989323055,1672.026257539028,67.69291680244348,29.2714021825271,7.152040928476482,0.2744160927595184,12.97617381554739,19.929585475582094,0.6348871621119057,5040.0,-17.75999999999999,0.6,none,0.0,938.5
high_altitude,400,vibration,630.0,84.39328656202852,84.54898229436982,624.606707122304,1664.388101663533,68.33426326542171,30.1942273554687,7.144259006823777,0.223318955252772,13.058938178314998,20.105908781482068,0.6350264507609795,5048.0,-17.812000000000012,0.6,none,0.0,937.5
high_altitude,400,vibration,631.0,84.32797256682409,84.20036748056691,624.8980488760975,1667.8277498517884,67.54349588475152,29.883100558106488,7.136484304803947,0.19696738561770355,13.029767302066494,19.252265571107937,0.6351655029431797,5056.0,-17.864000000000004,0.6,none,0.0,936.5
high_altitude,400,vibration,632.0,84.26269641743127,84.89989303257265,627.6472780196702,1659.803900435142,68.04043759146366,28.315347934607612,7.128716816841125,0.17106784645465098,13.009956132676965,20.13580796331589,0.6353043238969327,5064.0,-17.915999999999997,0.6,none,0.0,935.5
high_altitude,400,vibration,633.0,84.19745727687443,84.3489001576303,619.2520348760941,1656.9794583373537,67.5625180415778,28.393070016155615,7.120956537362905,0.17831583784816232,13.089452290643592,20.232269133841378,0.6354429187359498,5072.0,-17.96799999999999,0.6,none,0.0,934.5
high_altitude,400,vibration,634.0,84.13225432810424,83.81863593636912,627.8842954858852,1657.8907431669616,69.05703653399424,28.311081730831862,7.113203460800313,0.19513412886938186,13.05027211056956,20.10001553940923,0.6355812924521985,5080.0,-18.019999999999982,0.6,none,0.0,933.5
high_altitude,400,vibration,635.0,84.06708677352324,84.57096925212734,616.205065035717,1665.3859236933456,66.65447188970502,29.149059727655693,7.105457581587808,0.32189586013374294,13.002084443697717,19.697986019902064,0.6357194499187997,5088.0,-18.072000000000003,0.6,none,0.0,932.5
high_altitude,400,vibration,636.0,84.00195383452275,83.76097325503454,617.4487094418486,1657.033225709336,67.28592142660314,28.782777121676084,7.0977188941633145,0.2581633492581677,12.99959732124724,19.44541608927931,0.635857395892858,5096.0,-18.123999999999995,0.6,none,0.0,931.5
high_altitude,400,vibration,637.0,83.9368547510307,83.78159327942309,620.3813943337926,1659.4347023637583,66.80794714543737,28.725343095873303,7.089987392968165,0.18827161383068608,12.971889092415246,20.062189998367266,0.6359951350182236,5104.0,-18.175999999999988,0.6,none,0.0,930.5
high_altitude,400,vibration,638.0,83.87178878107028,83.74801167414273,619.8835733027132,1653.4934884974843,67.74996783611277,29.118307213893146,7.082263072447134,0.15781221974552542,13.058609143228995,19.885358702468967,0.6361326718281891,5112.0,-18.22800000000001,0.6,none,0.0,929.5
high_altitude,400,vibration,639.0,83.80675520032918,84.60752011361377,625.0295776506829,1648.8392011231595,67.70734372056477,28.79454789504135,7.074545927048452,0.184736652862236,13.06849671378274,20.069017820469085,0.6362700107481221,5120.0,-18.28,0.6,none,0.0,928.5
high_altitude,400,vibration,640.0,83.74175330173888,84.22104712783513,621.6583280152395,1658.1676370676144,67.12284913754613,28.063435704511814,7.06683595122375,0.24941476340695762,13.030647919692314,19.961778909359015,0.6364071560980342,5128.0,-18.331999999999994,0.6,none,0.0,927.5
high_altitude,400,vibration,641.0,83.67678239506421,83.86476595039451,618.3093629594241,1658.8147215866184,67.5674391165087,29.236218945927796,7.059133139428107,0.2454767376741931,13.030838615742056,20.37381837799513,0.6365441120950898,5136.0,-18.384000000000015,0.6,none,0.0,926.5
high_altitude,400,vibration,642.0,83.61184180650247,83.81473056750569,617.7882511953133,1661.019874544718,67.26176421625432,28.102643464718604,7.051437486120029,0.17627659963573705,13.07848258662518,19.844711561923983,0.6366808828560548,5144.0,-18.436000000000007,0.6,none,0.0,925.5
high_altitude,400,vibration,643.0,83.5469308782922,83.2969281045086,621.5240769325507,1655.5639087907746,67.59476547333968,29.45883635095539,7.043748985761451,0.2463416261061055,13.018964203766737,20.048905196342957,0.6368174723996876,5152.0,-18.488,0.6,none,0.0,924.5
high_altitude,400,vibration,644.0,83.48204896833127,83.6140990431452,619.3308681779058,1650.1597805651554,67.88902013033334,27.901084880883356,7.036067632817726,0.26266023001429356,12.990094581694846,20.124558517814002,0.6369538846490713,5160.0,-18.539999999999992,0.6,none,0.0,923.5
high_altitude,400,vibration,645.0,83.41719544980401,84.03943622536231,614.5519247978964,1657.116642603663,67.72025046006766,28.952962281501765,7.028393421757641,0.25413437351171925,12.927103755577283,20.30680991017497,0.6370901234338933,5168.0,-18.591999999999985,0.6,none,0.0,922.5
high_altitude,400,vibration,646.0,83.35236971081727,83.31496849172618,621.8425608016801,1656.573531835981,67.35545519220507,28.344868999456423,7.020726347053398,0.2332228693677078,12.967534463810084,19.83064514211056,0.6372261924926674,5176.0,-18.644000000000005,0.6,none,0.0,921.5
high_altitude,400,vibration,647.0,83.28757115404511,83.74770946302648,621.8186179386437,1648.8345122360554,67.73777351828905,28.825191947498816,7.013066403180629,0.13599209983196248,12.995985595577773,20.172387851845308,0.6373620954749062,5184.0,-18.695999999999998,0.6,none,0.0,920.5
high_altitude,400,vibration,648.0,83.22279919638194,83.61580111340898,619.4706048055428,1648.4977216582338,66.8004919328071,27.52508654572719,7.00541358461838,0.20105146904139964,13.021788413711752,20.354455777431994,0.6374978359432388,5192.0,-18.74799999999999,0.6,none,0.0,919.5
high_altitude,400,vibration,649.0,83.15805326860398,83.44609664865798,621.1884539439587,1647.7535183129787,67.03548699699073,28.740628011384356,6.997767885849106,0.20742712973127983,13.052004741659296,20.00396946669574,0.6376334173754801,5200.0,-18.80000000000001,0.6,none,0.0,918.5
high_altitude,400,vibration,650.0,83.09333281503872,83.73769907145096,620.6307498374952,1656.9561185533878,67.3746145199928,28.41440486038515,6.990129301358698,0.1839481880968778,13.030456512048922,20.476967353594365,0.6377688431666504,5208.0,-18.852000000000004,0.6,none,0.0,917.5
high_altitude,400,vibration,651.0,83.02863729324227,82.61726472104597,618.0688006266114,1653.5294035334896,67.39588115438058,27.27644162368928,6.982497825636456,0.26733819157521743,12.906251989500452,20.298960540560863,0.6379041166309464,5216.0,-18.903999999999996,0.6,none,0.0,916.5
high_altitude,400,vibration,652.0,82.96396617368438,82.6396425654146,617.4471906119547,1651.08995770938,67.0219518764509,28.268717002901305,6.974873453175077,0.22773230744790704,12.889107855699827,19.851777850656834,0.6380392410036652,5224.0,-18.95599999999999,0.6,none,0.0,915.5
high_altitude,400,vibration,653.0,82.89931893944102,82.60472242720338,614.2580252794858,1652.7584479172776,67.32941278305518,27.554778768783656,6.967256178470696,0.16404372236137751,12.964773043056146,20.148954780512366,0.6381742194430836,5232.0,-19.00799999999998,0.6,none,0.0,914.5
high_altitude,400,vibration,654.0,82.83469508589415,82.28685203116405,623.4883592430034,1659.3848809928272,66.96020886387089,27.76590304662043,6.9596459960228305,0.20642749349928646,13.102735593078032,19.821995756008267,0.6383090550322915,5240.0,-19.060000000000002,0.6,none,0.0,913.5
high_altitude,400,vibration,655.0,82.77009412043883,82.89601000776585,617.0993282147111,1654.0437079372125,67.10450620811373,27.256224822791552,6.95204290033443,0.17536538626717707,12.95086044247634,20.34966447711508,0.6384437507809821,5248.0,-19.111999999999995,0.6,none,0.0,912.5
high_altitude,400,vibration,656.0,82.70551556219708,82.79286076032635,621.5551237585751,1648.8402461324224,67.26925874863466,28.084982767354877,6.94444688591185,0.16494403816432918,13.021542448246393,20.294144550490703,0.6385783096271997,5256.0,-19.163999999999987,0.6,none,0.0,911.5
high_altitude,400,vibration,657.0,82.64095894173873,82.3835600160669,617.6102637185361,1650.3578409507797,67.29439933772993,27.935115131033182,6.936857947264824,0.263970552361107,13.003441446231284,20.1642990431745,0.6387127344390451,5264.0,-19.216000000000008,0.6,none,0.0,910.5
high_altitude,400,vibration,658.0,82.57642380080885,82.74101562233868,617.6518876438572,1650.760801225037,66.3944415482078,26.563568245359257,6.929276078906528,0.20593936380015399,12.910995704237244,19.84322910660981,0.6388470280163414,5272.0,-19.268,0.6,none,0.0,909.5
high_altitude,400,vibration,659.0,82.51190969206166,82.62167018569251,623.352950142691,1646.4992611525963,67.6171425107104,26.780826229152584,6.921701275353517,0.17986134249866303,13.020015638353616,20.104433380170036,0.6389811930922595,5280.0,-19.319999999999993,0.6,none,0.0,908.5
high_altitude,400,vibration,660.0,82.4474161788008,82.92286720163864,616.9454222628312,1644.9867016166263,67.45854083720948,26.5223346084353,6.914133531125746,0.2192437944450123,12.923861576023459,20.07829887409876,0.6391152323349051,5288.0,-19.372000000000014,0.6,none,0.0,907.5
high_altitude,400,vibration,661.0,82.38294283472572,82.59884638746742,617.2944358618217,1650.6133821403319,66.71458953502854,26.024175661137246,6.9065728407465805,0.23206661487262678,12.983876843620418,20.25433500188777,0.6392491483488678,5296.0,-19.424000000000007,0.6,none,0.0,906.5
high_altitude,400,vibration,662.0,82.31848924368428,81.79510479398802,618.0803952561803,1640.904831960035,67.211291818517,27.696925193710186,6.899019198742778,0.2386047456218516,12.977892407881969,20.005768041491432,0.6393829436767333,5304.0,-19.476,0.6,none,0.0,905.5
high_altitude,400,vibration,663.0,82.25405499943099,82.4848959396027,614.8328330446438,1641.235369647709,66.68763983878048,27.86531715606041,6.8914725996445005,0.18717585610881132,13.032379890415351,19.646111082620664,0.6395166208005598,5312.0,-19.52799999999999,0.6,none,0.0,904.5
high_altitude,400,vibration,664.0,82.18963970539119,81.52166097548792,620.8172161640147,1641.0179505477702,67.55055715359674,26.26024136200288,6.883933037985283,0.19548840313020158,12.902792812663561,19.78228528623107,0.6396501821433196,5320.0,-19.579999999999984,0.6,none,0.0,903.5
high_altitude,400,vibration,665.0,82.1252429744308,81.95048816936823,618.1705081930745,1644.546690567265,67.91140232234395,26.6288932676279,6.87640050830208,0.19601948911285316,13.053193542480333,19.83918761228337,0.6397836300703047,5328.0,-19.632000000000005,0.6,none,0.0,902.5
high_altitude,400,vibration,666.0,82.06086442863158,82.03097349730432,611.9345079831953,1645.0168344970834,67.18556219414722,26.51532002465179,6.868875005135218,0.23489062305364394,13.009820319758518,19.554668941447265,0.6399169668905016,5336.0,-19.683999999999997,0.6,none,0.0,901.5
high_altitude,400,vibration,667.0,81.9965036990716,81.86938830783795,611.6818200567913,1638.570323710708,67.39514105542861,26.89887916019879,6.861356523028424,0.24412961741487266,13.063303608908852,20.00715510732464,0.6400501948579307,5344.0,-19.73599999999999,0.6,none,0.0,900.5
high_altitude,400,vibration,668.0,81.93216042561114,82.28304037432999,617.2900178948281,1651.346982662156,67.22735896442636,26.890924331678086,6.853845056528813,0.2199835247862128,13.026397723813318,19.889045351597467,0.6401833161729555,5352.0,-19.78800000000001,0.6,none,0.0,899.5
high_altitude,400,vibration,669.0,81.86783425668355,81.4429507150376,613.480015271942,1645.032781829185,67.38942533844684,26.95892785757065,6.846340600186883,0.16445212106835055,12.979888047083113,19.912814967201893,0.6403163329835609,5360.0,-19.840000000000003,0.6,none,0.0,898.5
high_altitude,400,vibration,670.0,81.80352484909112,80.82828336964955,621.2379175453801,1641.4060133921137,66.53779323320181,25.902394041277063,6.838843148556524,0.22601662469457456,13.034118250049408,20.04352755620442,0.6404492473865989,5368.0,-19.891999999999996,0.6,none,0.0,897.5
high_altitude,400,vibration,671.0,81.73923186780584,81.30022093086951,620.1255359245947,1649.1631492335835,67.80359803613688,26.453526669599945,6.831352696194997,0.14015607715329037,12.924861243586133,19.608134816767404,0.6405820614290066,5376.0,-19.94399999999999,0.6,none,0.0,896.5
high_altitude,400,vibration,672.0,81.67495498577489,80.94167579601462,618.3671062324357,1637.2751671156905,67.66591471474392,26.026896054858803,6.823869237662953,0.19737201584861372,13.05202106414661,19.843251729954314,0.6407147771089953,5384.0,-19.99599999999998,0.6,none,0.0,895.5
high_altitude,400,vibration,673.0,81.61069388373072,81.61531146895771,615.9514947531641,1651.0611654416932,67.39958899237773,26.545439318988777,6.816392767524433,0.19095359428383987,12.956985534373397,20.070763950153424,0.6408473963772096,5392.0,-20.048000000000002,0.6,none,0.0,894.5
high_altitude,400,vibration,674.0,81.5464482500057,81.642549560883,617.0415507573294,1642.9611443019141,66.79265372570062,26.516925119073413,6.808923280346841,0.09706213050630863,13.006749507461825,19.803804695719112,0.6409799211378611,5400.0,-20.099999999999994,0.6,none,0.0,893.5
high_altitude,400,vibration,675.0,81.48221778035119,81.722879846436,616.1795838248347,1649.2170374277669,68.0545096300592,26.308642677250674,6.801460770700972,0.1504562762432486,12.981851405736323,20.0130501939181,0.6411123532498326,5408.0,-20.151999999999987,0.6,none,0.0,892.5
high_altitude,400,vibration,676.0,81.41800217776088,81.91900970286656,615.8976832220142,1642.6477061412875,67.04681521711312,25.752666387869738,6.794005233160979,0.1886775788376876,13.02350930679884,19.750346038035957,0.6412446945277587,5416.0,-20.204000000000008,0.6,none,0.0,891.5
high_altitude,400,vibration,677.0,81.35380115229836,81.2180491241625,619.0731153105226,1641.1960472598864,67.56841464796491,26.45132876154467,6.7865566623044185,0.1947206269803057,12.960232853662324,20.222288228043844,0.6413769467430784,5424.0,-20.256,0.6,none,0.0,890.5
high_altitude,400,vibration,678.0,81.28961442092876,81.58961945316372,615.7199804677302,1642.6341249581028,67.20912696526855,26.516657519229888,6.77911505271219,0.24700940385139514,12.978228524115154,19.566078578557597,0.6415091116250639,5432.0,-20.307999999999993,0.6,none,0.0,889.5
high_altitude,400,vibration,679.0,81.22544170735446,81.44480089329895,619.6853626733207,1635.7321147774514,67.71009596328027,26.81573383608763,6.771680398968578,0.16953879203769007,13.039697006887154,20.308100210099038,0.6416411908618243,5440.0,-20.360000000000014,0.6,none,0.0,888.5
high_altitude,400,vibration,680.0,81.1612827418547,81.72723471446206,616.2030244753901,1644.650703492419,66.97663228315892,25.669399947775258,6.764252695661247,0.12142646128314082,12.976263171696562,20.225194027592877,0.6417731861012865,5448.0,-20.412000000000006,0.6,none,0.0,887.5
high_altitude,400,vibration,681.0,81.09713726112894,81.18697588829907,618.1812097656579,1644.6572517539955,67.7526145531591,25.711111862346545,6.756831937381208,0.13112798101208573,12.956386494686413,20.23975839833619,0.6419050989521509,5456.0,-20.464,0.6,none,0.0,886.5
high_altitude,400,vibration,682.0,81.03300500814397,81.66106030546827,617.3923538454609,1645.6171435411238,67.54736202571368,25.730933796702036,6.74941811872286,0.17339659858796838,12.962712956149867,20.17490858909373,0.6420369309848257,5464.0,-20.51599999999999,0.6,none,0.0,885.5
high_altitude,400,vibration,683.0,80.96888573198481,81.32761034818789,610.9345716313783,1638.174992829854,66.85306032782472,26.33773139876878,6.742011234283951,0.1619709628480384,13.059638100611973,20.2177909412885,0.6421686837323393,5472.0,-20.567999999999984,0.6,none,0.0,884.5
high_altitude,400,vibration,684.0,80.90477918770891,80.62329125241254,618.460875969172,1630.730023629176,66.51307285064865,25.656642504972993,6.734611278665596,0.08682187403789961,13.064706723861978,20.374647031425653,0.6423003586912288,5480.0,-20.620000000000005,0.6,none,0.0,883.5
high_altitude,400,vibration,685.0,80.840685136204,80.6082704489603,613.5951993871065,1646.8792758067088,66.7773003197851,25.38694811408159,6.727218246472282,0.16944895232117602,13.040537857096082,20.26436906659687,0.6424319573224109,5488.0,-20.671999999999997,0.6,none,0.0,882.5
high_altitude,400,vibration,686.0,80.7766033440493,80.91294260028329,613.6322587817066,1637.3174547627068,67.50074746606816,26.69845784694811,6.719832132311844,0.19668853713162796,12.960966500464007,20.06357369360925,0.6425634810520281,5496.0,-20.72399999999999,0.6,none,0.0,881.5
high_altitude,400,vibration,687.0,80.71253358337997,80.90542744362676,614.1999647414251,1642.9899011275181,67.14638979673971,25.543752295761546,6.712452930795486,0.18793619054741106,12.9687105274528,19.86728515983174,0.6426949312722775,5504.0,-20.77600000000001,0.6,none,0.0,880.5
high_altitude,400,vibration,688.0,80.6484756317548,81.04682322888111,618.4396883625445,1637.3662826343495,67.29793701017707,25.44661816488053,6.705080636537763,0.19326064000509469,13.021728896056388,19.927616591597012,0.6428263093422193,5512.0,-20.828000000000003,0.6,none,0.0,879.5
high_altitude,400,vibration,689.0,80.58442927202718,80.04447733777923,617.3571111581131,1643.787602149355,67.71449352775556,25.039444528417782,6.697715244156595,0.2536937403844721,12.993446302995629,20.023922175165637,0.6429576165885652,5520.0,-20.879999999999995,0.6,none,0.0,878.5
high_altitude,400,vibration,690.0,80.52039429221891,80.70660337005471,617.0600896715406,1629.8314639827172,67.28146346427326,25.461364947358234,6.690356748273238,0.29859463340502235,12.95492358353032,19.853908313207203,0.6430888543064489,5528.0,-20.931999999999988,0.6,none,0.0,877.5
high_altitude,400,vibration,691.0,80.45637048539723,79.96164757366446,616.5824613436765,1647.7369491258796,67.77682816619296,24.69976953307458,6.683005143512315,0.13797906764600484,12.961420227082986,20.356628436616873,0.6432200237601775,5536.0,-20.98400000000001,0.6,none,0.0,876.5
high_altitude,400,vibration,692.0,80.39235764955467,80.01493129216257,616.5809925531647,1640.9518487327086,67.37260081115292,25.929175194106293,6.675660424501809,0.2491679624831186,12.958684758796261,20.164306056559813,0.6433511261839667,5544.0,-21.036,0.6,none,0.0,875.5
high_altitude,400,vibration,693.0,80.32835558749174,80.2449046619591,617.8181657714168,1636.8076623186648,67.6445095596491,25.22810467068784,6.668322585873029,0.2443952906313852,13.043111308625306,19.833116944831435,0.6434821627826557,5552.0,-21.087999999999994,0.6,none,0.0,874.5
high_altitude,400,vibration,694.0,80.26436410670253,80.71602271479632,618.4391320297668,1634.637219476685,66.58784883835756,25.270203268323023,6.660991622260658,0.2507453366336107,13.014784110016592,19.818673873526173,0.6436131347324077,5560.0,-21.139999999999986,0.6,none,0.0,873.5
high_altitude,400,vibration,695.0,80.20038301926287,80.77403295140144,614.6815621481729,1641.374000332356,66.92336816445521,25.079673100235823,6.653667528302696,0.16109806719369624,13.002621235358646,20.03979467251861,0.6437440431813919,5568.0,-21.192000000000007,0.6,none,0.0,872.5
high_altitude,400,vibration,696.0,80.13641214172132,79.8636543240082,614.5186155219703,1641.8141768820915,67.68972649968434,26.324499890736693,6.646350298640516,0.09609137264983514,13.013721825644184,19.839612034571307,0.6438748892504514,5576.0,-21.244,0.6,none,0.0,871.5
high_altitude,400,vibration,697.0,80.07245129499263,80.04998401426839,622.11671334037,1638.351308260981,67.61615477201244,25.307810033454878,6.639039927918827,0.08725259746296513,12.900786152483363,20.074461341123477,0.6440056740337521,5584.0,-21.295999999999992,0.6,none,0.0,870.5
high_altitude,400,vibration,698.0,80.00850030425379,79.58616810945463,612.9607810372855,1637.6759366366784,67.01986573918057,25.37226769267655,6.63173641078566,0.09934916133150368,12.967341299024513,20.057247795095183,0.6441363985994186,5592.0,-21.348000000000013,0.6,none,0.0,869.5
high_altitude,400,vibration,699.0,79.94455899884254,79.14454469168766,618.4552566399001,1630.518404276259,67.36144163718836,25.258332856053485,6.624439741892424,0.09796242151591789,12.970749266345212,20.00432034863306,0.6442670639901551,5600.0,-21.400000000000006,0.6,none,0.0,868.5
high_altitude,400,vibration,700.0,79.88062721215834,79.63968537815747,612.1524265235063,1630.3043493022376,67.29174659610817,24.381336696747837,6.617149915893829,0.24233859070803332,12.999081609357205,20.095056192735736,0.6443976712238488,5608.0,-21.451999999999998,0.6,none,0.0,867.5
high_altitude,400,vibration,701.0,79.81670478156565,80.10091568072224,618.0995072934379,1635.2544210737262,67.48333599189736,24.46212983956994,6.609866927447951,0.26531530542556414,12.946848354827397,19.608928901174636,0.6445282212941627,5616.0,-21.50399999999999,0.6,none,0.0,866.5
high_altitude,400,vibration,702.0,79.75279154829947,80.09394482750714,614.6737182452249,1634.859133032756,66.71314956974801,24.078846412352334,6.602590771216184,0.23406715125316976,12.943720307222256,19.879229787804935,0.6446587151711107,5624.0,-21.555999999999983,0.6,none,0.0,865.5
high_altitude,400,vibration,703.0,79.68888735737326,79.99194693049357,615.3007639917322,1638.0295322052289,67.85278361099408,24.463348785417413,6.59532144186326,0.23100585395067608,12.911998900041375,20.024605390592402,0.6447891538016219,5632.0,-21.608000000000004,0.6,none,0.0,864.5
high_altitude,400,vibration,704.0,79.62499205748894,78.85977742986516,617.8263072460364,1619.9660526942343,66.13246968155484,24.627379002627638,6.588058934057261,0.22708016841508036,13.02914807023218,20.044493620300475,0.6449195381100902,5640.0,-21.659999999999997,0.6,none,0.0,863.5
high_altitude,400,vibration,705.0,79.56110550094905,78.48114565285256,610.6911654513117,1628.6405511598348,68.0698733195926,24.304255462070284,6.580803242469569,0.15787920940379607,12.951913826243594,19.890101550875126,0.6450498689989099,5648.0,-21.71199999999999,0.6,none,0.0,862.5
high_altitude,400,vibration,706.0,79.49722754357109,78.67723989476916,612.8414003073071,1626.5783462657218,67.26778754119124,24.063688569046555,6.57355436177492,0.14147800636995364,13.016010282375984,20.05019549288684,0.6451801473489998,5656.0,-21.76400000000001,0.6,none,0.0,861.5
high_altitude,400,vibration,707.0,79.43335804460372,79.80360292926981,616.7409335524761,1636.8779704606275,67.97963593741663,24.841601803186446,6.566312286651373,0.19633801693067593,13.07659809283551,19.74984693187272,0.6453103740203157,5664.0,-21.816000000000003,0.6,none,0.0,860.5
high_altitude,400,vibration,708.0,79.36949686664519,80.05595647437694,611.5624184284754,1629.8476974573123,67.53935618363526,24.442870691546972,6.559077011780305,0.19454721839180988,13.001468590608237,20.147056567316422,0.6454405498523479,5672.0,-21.867999999999995,0.6,none,0.0,859.5
high_altitude,400,vibration,709.0,79.30564387556349,79.77621153973031,613.7418031477648,1636.9551151597705,67.36167904766322,24.568947425956804,6.551848531846432,0.26393057190176616,12.937463121037805,20.208158437204197,0.6455706756646091,5680.0,-21.920000000000016,0.6,none,0.0,858.5
high_altitude,400,vibration,710.0,79.24179894041855,79.21432974605112,615.2494886713148,1617.8688108210144,68.14626779028168,24.70878336204924,6.544626841537783,0.19047289883484672,13.0708108452567,20.300169163762412,0.645700752257111,5688.0,-21.97200000000001,0.6,none,0.0,857.5
high_altitude,400,vibration,711.0,79.17796193338621,78.65482816726981,615.9078197588365,1622.2635480998592,66.83907972174082,23.90550468693715,6.537411935545717,0.19887131688339701,13.027941005589643,19.968972500239417,0.6458307804108269,5696.0,-22.024,0.6,none,0.0,856.5
high_altitude,400,vibration,712.0,79.11413272968409,79.48242743238745,609.2354619480592,1629.2634114800398,66.34207161289525,23.782247904650053,6.530203808564902,0.1761721271305092,12.965033050355611,19.853966260715804,0.6459607608881459,5704.0,-22.075999999999993,0.6,none,0.0,855.5
high_altitude,400,vibration,713.0,79.05031120749906,79.59566426850836,613.449530332167,1627.3375848925375,68.04319925606592,23.52512534107706,6.523002455293333,0.16000904302405058,13.072129111395945,19.916467099495637,0.6460906944333159,5712.0,-22.127999999999986,0.6,none,0.0,854.5
high_altitude,400,vibration,714.0,78.98649724791667,79.74347982649164,612.6202419303723,1639.7368800019256,67.01959361127352,25.16693945838219,6.515807870432325,0.17944484869328106,13.004479369391175,20.163105737973872,0.6462205817728743,5720.0,-22.180000000000007,0.6,none,0.0,853.5
high_altitude,400,vibration,715.0,78.92269073485203,79.0507117555568,613.1677730149752,1629.634177465294,67.0324975066991,23.361344344869284,6.5086200486865025,0.20390206870681093,13.009411857331216,19.842082929586454,0.6463504236160712,5728.0,-22.232,0.6,none,0.0,852.5
high_altitude,400,vibration,716.0,78.85889155498249,79.67896977303751,607.6973568665886,1629.7577692602335,67.13331295626999,23.72559270382736,6.501438984763812,0.15531081825590867,12.945776737126133,19.915300813622785,0.646480220655279,5736.0,-22.283999999999992,0.6,none,0.0,851.5
high_altitude,400,vibration,717.0,78.79509959768187,78.70255737307622,611.2641171366126,1624.7058589786272,67.53474451084107,23.387696284262137,6.494264673375497,0.21910586050696537,13.032027784287886,19.512455297384157,0.6466099735663964,5744.0,-22.336000000000013,0.6,none,0.0,850.5
high_altitude,400,vibration,718.0,78.73131475495624,78.91603620539883,616.3608288731732,1617.214334783921,67.76643844304174,24.05287818916618,6.48709710923614,0.14826780051782731,12.986168282590162,20.100655385109995,0.6467396830092393,5752.0,-22.388000000000005,0.6,none,0.0,849.5
high_altitude,400,vibration,719.0,78.66753692138128,78.49108841038591,621.85007040119,1624.893390914742,67.59657771130824,24.13413576517258,6.479936287063601,0.20158834780101384,13.062014354216135,19.936028477342873,0.646869349627924,5760.0,-22.439999999999998,0.6,none,0.0,848.5
high_altitude,400,vibration,720.0,78.60376599404105,78.10299840700623,608.8890931757903,1620.5254040719788,66.85620503652046,24.99330322290702,6.472782201579076,0.16833366574703668,13.032337122236195,19.997760446313823,0.6469989740512411,5768.0,-22.49199999999999,0.6,none,0.0,847.5
high_altitude,400,vibration,721.0,78.54000187246831,79.32026842604905,615.0435843524443,1617.7711482924876,66.89899969781085,23.846837960259457,6.465634847507051,0.23855658106395256,13.042021166654155,19.869242249840646,0.6471285568930201,5776.0,-22.543999999999983,0.6,none,0.0,846.5
high_altitude,400,vibration,722.0,78.47624445858618,78.55532000612668,618.3299885884148,1631.6856306826758,67.83135753150836,23.54110723196252,6.458494219575315,0.1672450448629108,13.030527063505788,19.91382070913295,0.6472580987524863,5784.0,-22.596000000000004,0.6,none,0.0,845.5
high_altitude,400,vibration,723.0,78.41249365665126,77.48993258873841,612.5318605169213,1618.5296769475979,67.57788604252411,23.00734380431459,6.451360312514984,0.0782438688750017,12.968221287530357,19.78266926711185,0.6473876002146083,5792.0,-22.647999999999996,0.6,none,0.0,844.5
high_altitude,400,vibration,724.0,78.34874937319806,77.44867237430586,613.5539152346614,1628.1827161124268,66.62916753872037,22.046130176650493,6.444233121060441,0.1559360824785115,12.935831460167176,20.220022738652133,0.6475170618504364,5800.0,-22.69999999999999,0.6,none,0.0,843.5
high_altitude,400,vibration,725.0,78.28501151698475,78.69017654974628,610.044657592688,1628.5224771651506,67.16456102449835,24.290457210097607,6.437112639949399,0.2823744465779345,12.930830037352212,19.526439131507676,0.6476464842174356,5808.0,-22.75200000000001,0.6,none,0.0,842.5
high_altitude,400,vibration,726.0,78.22127999894023,78.14106859752073,610.3620048851883,1625.8727364917042,67.39682723199705,23.49079245791889,6.4299988639228625,0.1520693620049529,12.969661517143672,19.769927755279795,0.6477758678598082,5816.0,-22.804000000000002,0.6,none,0.0,841.5
high_altitude,400,vibration,727.0,78.15755473211246,78.12125241765058,610.4091949297398,1623.4896504141802,67.10978827896021,23.210763707895268,6.422891787725126,0.20521122491900975,12.915658637491033,20.02565248961442,0.6479052133088092,5824.0,-22.855999999999995,0.6,none,0.0,840.5
high_altitude,400,vibration,728.0,78.09383563161794,78.0675109342614,616.2677865495824,1620.0049016004473,66.43541437706236,23.27422879156581,6.415791406103782,0.18285624233456793,13.056817855185576,19.874762454940573,0.6480345210830556,5832.0,-22.908000000000015,0.6,none,0.0,839.5
high_altitude,400,vibration,729.0,78.03012261459254,77.81655325425334,617.4138242667798,1614.4992371660105,67.35012926384047,22.98263806001286,6.4086977138097225,0.19101282881397114,12.97465064725861,20.1915829600651,0.6481637916888265,5840.0,-22.960000000000008,0.6,none,0.0,838.5
high_altitude,400,vibration,730.0,77.9664156001434,77.5879405954868,606.5274768493347,1616.0030523765947,67.2109452420407,23.98310706670316,6.401610705597139,0.18614365365716076,13.046508926973456,19.86849656377351,0.6482930256203572,5848.0,-23.012,0.6,none,0.0,837.5
high_altitude,400,vibration,731.0,77.90271450930196,77.88876120267813,618.3503477002715,1629.0179221819776,66.69360914758475,22.946670949623215,6.394530376223491,0.2476263252981527,13.084336123155117,20.240327652943904,0.6484222233601258,5856.0,-23.063999999999993,0.6,none,0.0,836.5
high_altitude,400,vibration,732.0,77.83901926497815,77.7891671066809,606.6563928440878,1619.8840151107077,67.04777374350125,22.680145316382596,6.387456720449549,0.21369595088711799,12.929141533572562,19.940053741428258,0.6485513853791331,5864.0,-23.115999999999985,0.6,none,0.0,835.5
high_altitude,400,vibration,733.0,77.7753297919157,77.36995889570117,612.2435443762182,1623.7166440958592,67.64299160115083,22.208411427138675,6.380389733039364,0.2428674183496655,12.993054169248548,19.976405340760788,0.6486805121371764,5872.0,-23.168000000000006,0.6,none,0.0,834.5
high_altitude,400,vibration,734.0,77.71164601664843,77.25634514286195,607.6304312776388,1623.7937635239084,67.06716635943826,24.14517617257481,6.373329408760276,0.1901649504457086,13.079078863426222,20.199442476286396,0.6488096040831155,5880.0,-23.22,0.6,none,0.0,833.5
high_altitude,400,vibration,735.0,77.6479678674577,77.9398637665368,614.8800864778806,1631.5894342077686,66.9757444971967,23.21092466617665,6.366275742382916,0.2512652512537921,12.95319687492837,20.164069309810838,0.6489386616551337,5888.0,-23.27199999999999,0.6,none,0.0,832.5
high_altitude,400,vibration,736.0,77.58429527433069,77.5734872611041,613.3828673221248,1626.1015553809902,67.8680693051743,23.609794890456236,6.3592287286811775,0.21780299605243728,12.996990895039017,19.54391363727341,0.6490676852809913,5896.0,-23.324000000000012,0.6,none,0.0,831.5
high_altitude,400,vibration,737.0,77.5206281689199,76.51696876787881,610.9967193069944,1624.075543464644,66.97003436733155,23.19951313154112,6.352188362432262,0.10350240429759058,12.984323594164849,20.225586515007876,0.6491966753782749,5904.0,-23.376000000000005,0.6,none,0.0,830.5
high_altitude,400,vibration,738.0,77.45696648450344,77.41413328607156,612.3074451828958,1622.4037551165018,67.38661914965532,23.350774971596433,6.345154638416643,0.21474048624449332,12.968657776606108,19.611402768388853,0.6493256323546384,5912.0,-23.427999999999997,0.6,none,0.0,829.5
high_altitude,400,vibration,739.0,77.39331015594632,76.83279576657539,612.53505388643,1629.357165316414,67.24143754289076,22.70550458101263,6.338127551418067,0.1614493706865143,12.958371057591728,20.094778866586438,0.6494545566080403,5920.0,-23.47999999999999,0.6,none,0.0,828.5
high_altitude,400,vibration,740.0,77.3296591196627,77.02236611525827,612.1828028724259,1619.9701746354078,66.67062822562103,22.700589089258028,6.331107096223562,0.18781030597890136,12.961379656819432,19.855960987861476,0.6495834485269742,5928.0,-23.531999999999982,0.6,none,0.0,827.5
high_altitude,400,vibration,741.0,77.26601331357894,77.16489185284708,613.1015856008516,1618.1073790814432,66.32706353468156,22.052099728645082,6.324093267623427,0.18795065232185337,12.918913049580409,19.756178014484668,0.6497123084906944,5936.0,-23.584000000000003,0.6,none,0.0,826.5
high_altitude,400,vibration,742.0,77.20237267709769,77.5426295419838,616.7113051576703,1617.4546052866713,66.78177659390911,22.730366279179588,6.317086060411251,0.21124771904504794,13.004120968484873,20.082505697503766,0.6498411368694358,5944.0,-23.635999999999996,0.6,none,0.0,825.5
high_altitude,400,vibration,743.0,77.13873715106267,76.32106454611596,612.0516049643651,1622.1067302319907,66.59234410857889,22.495206346695337,6.310085469383886,0.22679413714065777,12.976237566416176,20.048969445978816,0.6499699340246282,5952.0,-23.687999999999988,0.6,none,0.0,824.5
high_altitude,400,vibration,744.0,77.07510667772438,76.95246234352183,610.9176750531996,1616.873645201704,67.30164131744846,22.682328347040585,6.303091489341448,0.1863975917027362,12.976725427938842,19.79182467553213,0.6500987003091068,5960.0,-23.74000000000001,0.6,none,0.0,823.5
high_altitude,400,vibration,745.0,77.01148120070661,76.37684768702731,609.7743294074412,1618.1214889749892,66.99114409162054,22.20459191429527,6.296104115087338,0.20746303901602267,12.966612491354825,19.860107348470567,0.650227436067316,5968.0,-23.792,0.6,none,0.0,822.5
high_altitude,400,vibration,746.0,76.94786066497373,75.5302963759199,613.3919737765018,1618.1053712876362,67.44271186754779,22.479065304837693,6.289123341428216,0.20952763506295236,13.029736173971704,19.713091670067495,0.6503561416355101,5976.0,-23.843999999999994,0.6,none,0.0,821.5
high_altitude,400,vibration,747.0,76.88424501679877,76.8298958423756,612.2933471073349,1619.3156755408684,67.58453008184733,21.19004403857537,6.2821491631740125,0.14214944241885458,13.005939027680345,19.813308597125964,0.6504848173419469,5984.0,-23.896000000000015,0.6,none,0.0,820.5
high_altitude,400,vibration,748.0,76.82063420373228,77.37078586806517,606.5902934657947,1612.3594305488102,67.79441298069766,22.239631482872557,6.275181575137919,0.12360288668772991,13.044876261121733,20.111763897790496,0.6506134635070799,5992.0,-23.948000000000008,0.6,none,0.0,819.5
high_altitude,400,vibration,749.0,76.75702817457189,76.23872648124805,614.1519463231538,1612.4235094991222,67.55614986503176,21.97434349390715,6.268220572136405,0.1347405119225057,12.939644006184455,19.775145709995968,0.6507420804437427,6000.0,-24.0,0.6,none,0.0,818.5
high_altitude,400,vibration,750.0,76.69342687933262,76.50597742703212,607.6626677553788,1616.4540278330571,67.46689343964734,22.126328203762913,6.261266148989186,0.13069542217566923,12.908551341042395,19.89519695974616,0.6508706684573309,6008.0,-24.051999999999992,0.6,none,0.0,817.5
high_altitude,400,vibration,751.0,76.62983026921795,76.90310295347646,610.7419720234312,1612.9179330604206,67.22668653752125,22.314174188055013,6.254318300519242,0.2240307717296223,13.068535728009254,20.104961626772493,0.6509992278459791,6016.0,-24.103999999999985,0.6,none,0.0,816.5
high_altitude,400,vibration,752.0,76.56623829659141,75.65945552710211,616.5397537704133,1618.6042182545236,66.01840574452893,21.73611114288735,6.247377021552818,0.27851060775043357,12.932433879885112,19.68438219575369,0.6511277589007339,6024.0,-24.156000000000006,0.6,none,0.0,815.5
high_altitude,400,vibration,753.0,76.50265091494907,77.02124489334692,613.059377728044,1616.787265631713,66.81535231789434,21.748465784348376,6.240442306919415,0.19228896476532556,12.928155980045807,19.617291684504192,0.6512562619057233,6032.0,-24.208,0.6,none,0.0,814.5
high_altitude,400,vibration,754.0,76.4390680788925,75.38385605774015,611.4170422651284,1616.1867419323198,67.00484404420747,23.078804610920052,6.2335141514517876,0.15895263595177536,12.985429708345503,20.19216063731811,0.6513847371383199,6040.0,-24.25999999999999,0.6,none,0.0,813.5
high_altitude,400,vibration,755.0,76.37548974410251,75.91939567778171,609.1695961347239,1611.6840175142222,66.52263836059048,21.334557571330688,6.226592549985951,0.10977811165599682,12.925854226704061,19.808232605845475,0.651513184869303,6048.0,-24.312000000000012,0.6,none,0.0,812.5
high_altitude,400,vibration,756.0,76.31191586731339,76.67767868122702,607.0872322271932,1608.8818306443177,67.35475690911248,22.27264956212549,6.219677497361168,0.141269003764772,12.97109534443613,20.115814356723966,0.6516416053630153,6056.0,-24.364000000000004,0.6,none,0.0,811.5
high_altitude,400,vibration,757.0,76.24834640628788,76.95020864368654,605.8198645806469,1610.223682397746,67.31493942393756,20.963432345524232,6.21276898841996,0.2368523314188598,12.974279067536443,20.099855779466672,0.6517699988775159,6064.0,-24.415999999999997,0.6,none,0.0,810.5
high_altitude,400,vibration,758.0,76.18478131979263,76.73979091630186,610.0155284683055,1613.4325044057002,67.35254455130048,21.077284555833053,6.205867018008088,0.19959729716552632,12.995456426957787,19.796067633673186,0.6518983656647303,6072.0,-24.46799999999999,0.6,none,0.0,809.5
high_altitude,400,vibration,759.0,76.12122056757437,76.02249688506609,614.7550653549349,1615.718764762711,66.26464061710229,21.155943294218698,6.198971580974568,0.11025174084405022,12.988111792495296,20.462140021434926,0.6520267059705959,6080.0,-24.519999999999982,0.6,none,0.0,808.5
high_altitude,400,vibration,760.0,75.8275957050773,75.89873982533153,611.095234333956,1562.6881874256426,67.64279784093524,21.581427556499182,5.026283353960774,0.2039546308350864,12.98626192590619,20.34311767258537,0.6535606804742372,6088.0,-24.572000000000003,0.5,none,0.0,807.5
high_altitude,400,vibration,761.0,75.52135821323331,75.457170567188,608.6011443032852,1544.8845379624318,67.09899322805263,21.426579062147354,4.928830896568595,0.1920490564860404,12.838835170564973,19.625739494303915,0.6551717149900311,6096.0,-24.623999999999995,0.5,none,0.0,806.5
high_altitude,400,vibration,762.0,75.20848889938263,75.6661859421046,608.3712559093858,1506.6102052386161,65.72071201197836,20.299519813000252,4.860279985609962,0.18820736236119115,12.956324294306805,19.956580963655888,0.6568232682803303,6104.0,-24.675999999999988,0.5,none,0.0,805.5
high_altitude,400,vibration,763.0,74.89305102623062,74.10767279957618,611.7358414223513,1503.2817143370662,65.56516725212018,21.359722877379422,4.8115827154602115,0.0666270912243713,12.985015063946136,19.95132601518572,0.6584905148258207,6112.0,-24.72800000000001,0.5,none,0.0,804.5
high_altitude,400,vibration,764.0,74.57779070031583,73.9661119190904,607.8948358844713,1498.4978268054833,65.62485468791131,21.004562019866125,4.776524178389944,0.19587168538696095,12.959801433208433,20.182807809692168,0.6601566766020787,6120.0,-24.78,0.5,none,0.0,803.5
high_altitude,400,vibration,765.0,74.26454961156342,73.77843474726058,608.7223518128706,1496.1951460469804,66.39824682730065,20.488092278657227,4.75083542247013,0.1802143794168587,12.907120133814242,19.941190859966927,0.6618105013440837,6128.0,-24.831999999999994,0.5,none,0.0,802.5
high_altitude,400,vibration,766.0,73.95454876486511,74.03349249996762,601.2692059545884,1485.4287776847327,65.85126685595323,21.598356010062474,4.731584151644727,0.2195314828961822,12.882873613726442,19.604023187532096,0.6634445290171986,6136.0,-24.884000000000015,0.5,none,0.0,801.5
high_altitude,400,vibration,767.0,73.64858351931672,73.62930921312591,608.8461863961267,1479.7398631600058,64.98973734883076,20.77010249975572,4.716756204067634,0.134975013199849,12.948080676982514,20.05796402551824,0.6650539001761879,6144.0,-24.936000000000007,0.5,none,0.0,800.5
high_altitude,400,vibration,768.0,73.34715765209498,74.26270603903419,604.6444282395909,1484.8225527716304,65.39573542917105,20.866307524642526,4.704968074061006,0.19307301850039152,12.845127703169336,20.30303478987615,0.666635536868446,6152.0,-24.988,0.5,none,0.0,799.5
high_altitude,400,vibration,769.0,73.05057550238305,73.28172505452667,601.0698383243546,1478.9050796972356,66.16893057229571,20.046229629517992,4.6952694465683225,0.16277237125109933,12.867282742505585,20.122467472050936,0.6681875796576485,6160.0,-25.039999999999992,0.5,none,0.0,798.5
high_altitude,400,vibration,770.0,72.75900529592474,72.04768346381033,610.4761368420972,1476.8724008068966,65.37515726327456,20.187941525394436,4.6870075602383565,0.12265614579699002,12.905132042056477,20.060612690477768,0.6697090007265573,6168.0,-25.091999999999985,0.5,none,0.0,797.5
high_altitude,400,vibration,771.0,72.47252265684163,72.16588385520248,608.5109658830834,1487.8393212771089,66.50039059785952,19.739434228184763,4.679734039934201,0.176456439554805,12.87373044126942,20.117994092560647,0.6711993380306951,6176.0,-25.144000000000005,0.5,none,0.0,796.5
high_altitude,400,vibration,772.0,72.19114049876059,72.14015560899736,606.310038610941,1480.554634529731,66.2190315575486,20.218894782545696,4.673140901030471,0.21392323012124104,12.94624786289204,20.05059787279762,0.6726585126710308,6184.0,-25.195999999999998,0.5,none,0.0,795.5
high_altitude,400,vibration,773.0,71.91482955227048,72.18551387340482,600.8923243086216,1483.3591235339175,66.39756492681941,19.561902758359057,4.6670165914922475,0.19230640950471414,12.86121449955811,20.024648951416737,0.6740867034763488,6192.0,-25.24799999999999,0.5,none,0.0,794.5
high_altitude,400,vibration,774.0,71.64353245539571,71.36268049387012,600.4069515602669,1470.0652612218128,64.91276867716645,20.315013208137756,4.661215797684215,0.17207819418211504,12.877627875422045,20.037362264263372,0.6754842609139793,6200.0,-25.30000000000001,0.5,none,0.0,793.5
high_altitude,400,vibration,775.0,71.3771734191712,70.48307716705118,605.5326464275347,1474.5719694574098,65.88471057241122,19.691000894772415,4.655638704331782,0.3132148308444478,12.91442496301848,20.113234417730656,0.6768516480355521,6208.0,-25.352000000000004,0.5,none,0.0,792.5
high_altitude,400,vibration,776.0,71.11566485161444,70.43630145291334,598.4116693641251,1473.626402003095,65.88827811231367,19.782298237796276,4.650216748431984,0.12520993047104634,12.870501453344026,20.07796927623332,0.678189400006182,6216.0,-25.403999999999996,0.5,none,0.0,791.5
high_altitude,400,vibration,777.0,70.85891189109833,70.64572638336534,603.689082955453,1475.849563886038,65.47278163955023,20.24654271039604,4.644902833784058,0.14506318934741527,12.845432296783558,19.91346006205683,0.6794980964066953,6224.0,-25.45599999999999,0.5,none,0.0,790.5
high_altitude,400,vibration,778.0,70.60681550292756,71.04532608328263,600.456447365612,1474.2843134893244,65.82552973089359,17.854888600158645,4.639664609467955,0.1308046812392743,12.964648096401266,20.161603700253803,0.6807783423143217,6232.0,-25.50799999999998,0.5,none,0.0,789.5
high_altitude,400,vibration,779.0,70.35927458859648,70.31895052275723,604.2419845708941,1477.3944318852482,65.6920079032649,19.114539471400594,4.634479852912738,0.18494748039842845,12.84021469602022,19.785546355062362,0.6820307554156559,6240.0,-25.560000000000002,0.5,none,0.0,788.5
high_altitude,400,vibration,780.0,70.11618741673311,69.82254414791535,601.2815175211351,1467.9788168646392,65.737578963814,19.013500267963142,4.6293332985828775,0.1719174775446859,12.89508744415363,20.248545057527547,0.6832559572639482,6248.0,-25.611999999999995,0.5,none,0.0,787.5
high_altitude,400,vibration,781.0,69.87745258815879,70.24370453198472,599.7954395236734,1479.8119370511706,65.8462150902487,19.765784134015707,4.62421445964216,0.2057558825394653,12.85023491567703,19.823032136251626,0.6844545673828302,6256.0,-25.663999999999987,0.5,none,0.0,786.5
high_altitude,400,vibration,782.0,69.64296968109782,69.79987872519312,602.3663455948281,1475.7502911726135,64.73105995254517,18.352293637484976,4.61911613168185,0.20428912919689524,12.88895047111561,19.646012002390798,0.6856271993242458,6264.0,-25.716000000000008,0.5,none,0.0,785.5
high_altitude,400,vibration,783.0,69.41263967692541,68.80422132311692,603.2990595363998,1466.803813695845,65.63111315957293,18.93595259247849,4.6140333649505445,0.19095707454748045,12.88740151792177,20.356208016772264,0.6867744580672384,6272.0,-25.768,0.5,none,0.0,784.5
high_altitude,400,vibration,784.0,69.18636523546004,69.06535036460322,603.212000411861,1469.2319815975923,65.4933938651819,18.659631097892465,4.608962758391924,0.1851365900882778,12.991903550573863,20.08112226534185,0.6878969383359813,6280.0,-25.819999999999993,0.5,none,0.0,783.5
high_altitude,400,vibration,785.0,68.96405086723244,68.12758058654292,595.8080362589081,1465.312017670041,65.96835309490972,18.238622918514434,4.6039019747284105,0.2403304369684311,12.833510187593784,19.58303682685097,0.6889952235472598,6288.0,-25.872000000000014,0.5,none,0.0,782.5
high_altitude,400,vibration,786.0,68.7456030353303,69.12110584604436,598.3045069696702,1472.9772835607612,65.44894470771932,18.491787081267354,4.598849407378485,0.25237310191224216,12.878498785315863,19.778364237805913,0.6900698851882239,6296.0,-25.924000000000007,0.5,none,0.0,781.5
high_altitude,400,vibration,787.0,68.53093020922155,68.78647265236678,600.1564918612764,1465.0768467390808,65.01739182965255,18.154321699567987,4.593803951666507,0.2597984876522676,12.895412678648645,19.67514437841546,0.6911214824875419,6304.0,-25.976,0.5,none,0.0,780.5
high_altitude,400,vibration,788.0,68.31994288594835,68.66365208841101,602.5831646193986,1475.9085645015014,66.29286111008328,18.135819301062085,4.588764847669842,0.09374777480873278,12.842124522725097,19.70130683451749,0.6921505622859103,6312.0,-26.02799999999999,0.5,none,0.0,779.5
high_altitude,400,vibration,789.0,68.11255358926496,68.29789330804623,598.0476202537676,1467.4458443726878,65.69550884408581,17.92300468613742,4.583731572272634,0.1381085589849522,12.864592561917195,19.960256641032636,0.6931576590413218,6320.0,-26.079999999999984,0.5,none,0.0,778.5
high_altitude,400,vibration,790.0,67.9086768539794,67.50486815003188,596.0203298872307,1469.8716216416879,65.78085347489225,17.94523349602071,4.578703765018978,0.14957907017841302,12.932174409198335,19.74840069093232,0.6941432949247326,6328.0,-26.132000000000005,0.5,none,0.0,777.5
high_altitude,400,vibration,791.0,67.70822920048148,67.69354594385038,593.9025486091705,1474.333352310046,66.07796238623135,16.912127102981415,4.573681177182548,0.18221895794570273,12.905220325329882,20.169888038527958,0.6951079799756916,6336.0,-26.183999999999997,0.5,none,0.0,776.5
high_altitude,400,vibration,792.0,67.51112910287408,67.37872894563368,602.8776414262766,1464.235868814155,65.58292146223654,17.268338578843384,4.568663636783138,0.24364752154062674,12.899020181028005,19.94400777533352,0.6960522122970485,6344.0,-26.23599999999999,0.5,none,0.0,775.5
high_altitude,400,vibration,793.0,67.3172969530485,66.53946098788028,597.6744829803413,1470.063367784633,65.40825778753432,17.409162037967263,4.563651024557089,0.17657885079948815,12.976887399479622,20.01452189118695,0.6969764782744452,6352.0,-26.28800000000001,0.5,none,0.0,774.5
high_altitude,400,vibration,794.0,67.12665502230509,66.74918139948933,600.1940434475633,1475.5711742041221,66.47698770614429,17.334722865192266,4.558643257451664,0.08081811808853168,12.908635035985748,20.285196449219168,0.6978812528108047,6360.0,-26.340000000000003,0.5,none,0.0,773.5
high_altitude,400,vibration,795.0,66.93912742161194,66.14383490379142,595.6530089169154,1470.9457555399824,65.7572316671074,17.663925650877417,4.553640277287584,0.28536501434383377,12.822399136699191,20.027170869011407,0.6987669995691397,6368.0,-26.391999999999996,0.5,none,0.0,772.5
high_altitude,400,vibration,796.0,66.75464006124531,66.17471240818409,598.8771510132199,1471.6012849514811,65.61520569733148,16.889998886785076,4.548642042971497,0.18614410135402415,12.879084430977297,20.119369013233964,0.6996341712191398,6376.0,-26.44399999999999,0.5,none,0.0,771.5
high_altitude,400,vibration,797.0,66.57312061031523,66.3286371206938,599.2105531677746,1456.4045132496308,65.48304087178563,17.180604658041144,4.543648525146801,0.25148356624670537,12.958773913381902,19.838118722644065,0.70048320968446,6384.0,-26.49599999999998,0.5,none,0.0,770.5
high_altitude,400,vibration,798.0,66.39449845651549,66.6347849532775,595.0718873105441,1466.9307791613546,65.62561394612345,18.21968106156091,4.538659702519425,0.26011930910240233,12.885228565266653,19.928284485815382,0.7013145463886378,6392.0,-26.548000000000002,0.5,none,0.0,769.5
high_altitude,400,vibration,799.0,66.21870466632339,65.89204759246626,596.4129451835453,1461.7654533253938,65.46674439179988,17.460058811473733,4.533675559334007,0.24375847331346967,12.83299988680887,20.16003589517043,0.702128602498264,6400.0,-26.599999999999994,0.5,none,0.0,768.5
high_altitude,400,vibration,800.0,66.0456719457977,66.17758491589107,601.107771941784,1463.1904633133354,65.72122976214415,17.101738838012807,4.5286960836403525,0.20359776123802187,12.944213197764961,19.94981016049627,0.7029257891624959,6408.0,-26.651999999999987,0.5,none,0.0,767.5
high_altitude,400,vibration,801.0,65.87533460206961,66.07871554532203,591.1784799986694,1477.5383325263479,65.93427122078766,16.396293312265165,4.5237212661026796,0.2163219266378305,12.904458293050832,19.8813762752604,0.7037065077483384,6416.0,-26.704000000000008,0.5,none,0.0,766.5
high_altitude,400,vibration,802.0,65.70762850558552,64.90947123860778,593.3703326549743,1465.8451741733775,65.15482564492544,17.881725613613195,4.518751099181706,0.2092472276435737,12.899726424553899,19.708945437610033,0.7044711500713322,6424.0,-26.756,0.5,none,0.0,765.5
high_altitude,400,vibration,803.0,65.54249105313495,65.33904763600056,595.0543018331338,1460.6749187552136,65.90153107690978,17.480018875585763,4.513785576572844,0.23789661271829426,12.908812602633331,20.238651906834384,0.7052200986214421,6432.0,-26.807999999999993,0.5,none,0.0,764.5
high_altitude,400,vibration,804.0,65.379861131681,65.50184827919422,595.0837990750117,1469.9019878025708,66.36286495376287,16.464017095150947,4.508824692820282,0.25111717318705035,12.867269267808293,19.95107469662236,0.7059537267840452,6440.0,-26.860000000000014,0.5,none,0.0,763.5
high_altitude,400,vibration,805.0,65.219679082998,65.02329026279415,596.4908620952386,1464.8584244175047,65.45522015614172,17.463143493538368,4.503868443051949,0.2418172036743522,12.857482025680719,20.097611642727397,0.7066723990559862,6448.0,-26.912000000000006,0.5,none,0.0,762.5
high_altitude,400,vibration,806.0,65.06188666911441,66.01333295076195,596.1767586598504,1467.2623543735172,65.69103948577813,16.125034791720534,4.498916822797403,0.2694710965402007,12.89882785522851,19.866900268379318,0.7073764712567115,6456.0,-26.964,0.5,none,0.0,761.5
high_altitude,400,vibration,807.0,64.90642703855309,65.1325633650766,596.3652250246728,1476.8055262159207,65.571236128567,16.459409254988124,4.493969827862803,0.0737362618868399,12.862469301563275,19.761392681585384,0.7080662907345336,6464.0,-27.01599999999999,0.5,none,0.0,760.5
high_altitude,400,vibration,808.0,64.75324469335781,64.36750741164717,594.8769962056189,1460.2005367953918,65.83432552223178,15.531515853986088,4.4890274542449875,0.19395955638814324,12.825236184968317,20.020720951945897,0.7087421965680905,6472.0,-27.067999999999984,0.5,none,0.0,759.5
high_altitude,400,vibration,809.0,64.60228545689304,65.02381406848733,592.3113526605689,1464.427749198455,65.55046755359997,16.445677890809943,4.484089698072464,0.211252148003984,12.844128112975577,20.032608976227582,0.7094045197630809,6480.0,-27.120000000000005,0.5,none,0.0,758.5
high_altitude,400,vibration,810.0,64.45349644240204,63.814502755495354,594.2157835752631,1463.4112948041231,66.94179253869696,15.44648847396501,4.4791565555648996,0.1978236853968669,12.857848696719293,20.106355351760858,0.7100535834443675,6488.0,-27.171999999999997,0.5,none,0.0,757.5
high_altitude,400,vibration,811.0,64.30682602230792,64.81550092672217,595.3340780117053,1467.4134613454942,65.60562106654862,15.832635231435523,4.4742280230052485,0.18500950975431085,12.8629916241977,20.175621888107322,0.7106897030435375,6496.0,-27.22399999999999,0.5,none,0.0,756.5
high_altitude,400,vibration,812.0,64.16222379824174,63.72357558841073,591.6775262854993,1452.9224399574014,65.96898820642441,15.57348945232833,4.469304096720662,0.21391008305189776,12.907077483842459,19.919020171051784,0.7113131864820257,6504.0,-27.27600000000001,0.5,none,0.0,755.5
high_altitude,400,vibration,813.0,64.01964057178158,64.54398939535125,598.2106719674634,1457.1515564509377,66.11616692331705,16.21228889696721,4.464384773069329,0.241335456796405,12.806516236373511,20.100695566139805,0.7119243343498909,6512.0,-27.328000000000003,0.5,none,0.0,754.5
high_altitude,400,vibration,814.0,63.879028315886394,64.25828897576658,594.6155481495455,1469.242760650684,66.34905301145413,15.4364530887718,4.459470048431464,0.2231139587710187,12.882048102983234,19.767179852383755,0.7125234400803464,6520.0,-27.379999999999995,0.5,none,0.0,753.5
high_altitude,400,vibration,815.0,63.74034014700878,63.46608479345848,590.3895641602314,1461.7045453241903,64.2117027695701,15.158242443631284,4.454559919203109,0.2103065854264037,12.930343932101227,19.975370950447818,0.7131107901201466,6528.0,-27.431999999999988,0.5,none,0.0,752.5
high_altitude,400,vibration,816.0,63.603530297870876,63.689000179582706,592.790662837494,1462.9724368318082,65.57060894142418,15.498064179862531,4.449654381791863,0.1523754954299734,12.845587263524196,19.621403435442495,0.7136866640959167,6536.0,-27.48399999999998,0.5,none,0.0,751.5
high_altitude,400,vibration,817.0,63.4685540908878,63.89547709170613,590.6849205962674,1466.705094821617,65.84986737686145,15.910150384093841,4.444753432613975,0.18845782356152213,12.868434641588806,19.9636641208657,0.7142513349765316,6544.0,-27.536,0.5,none,0.0,750.5
high_altitude,400,vibration,818.0,63.335367912223504,63.91221309694265,596.8114798797632,1468.3266305087009,66.02454013729098,14.93352946123999,4.439857068092328,0.10805848992216324,12.907300216447961,19.87048936186995,0.7148050692316257,6552.0,-27.587999999999994,0.5,none,0.0,749.5
high_altitude,400,vibration,819.0,63.203929186464045,63.487077813024186,588.9136781694191,1460.1371434532575,65.98946923982577,15.031438542134655,4.434965284655054,0.2563230731951051,12.973965510584641,20.1754751830695,0.7153481269863347,6560.0,-27.639999999999986,0.5,none,0.0,748.5
high_altitude,400,vibration,820.0,63.07419635189366,62.384573306096456,588.1307809941877,1459.9532554790883,65.5747812966048,15.925477410842682,4.430078078734588,0.25098172968538435,12.806153008222003,19.709070712114862,0.715880762172351,6568.0,-27.692000000000007,0.5,none,0.0,747.5
high_altitude,400,vibration,821.0,62.946128836359414,64.37758932087506,590.974164951887,1452.2022679689442,65.37821571407815,15.713272868686724,4.425195446767014,0.2568378783339491,12.845043052473928,19.806048449945415,0.7164032226753865,6576.0,-27.744,0.5,none,0.0,746.5
high_altitude,400,vibration,822.0,62.81968703371035,62.321575566473896,589.1274781954771,1458.2346301712348,64.4805409337058,14.31741633402844,4.420317385191633,0.1482144556018502,12.897089030779874,19.975782430435412,0.7169157504791215,6584.0,-27.795999999999992,0.5,none,0.0,745.5
high_altitude,400,vibration,823.0,62.69483228079761,61.56791622403171,593.5238123197704,1449.2930396204695,66.49883949883197,13.821351588279946,4.415443890450615,0.29163737481694574,12.825964718453626,19.993681518357626,0.71741858180573,6592.0,-27.848000000000013,0.5,none,0.0,744.5
high_altitude,400,vibration,824.0,62.57152683502209,62.093578863800566,592.8734252864838,1460.725304703573,65.5523633008707,15.103223764409366,4.410574958988844,0.22381746927904847,13.037325595190046,20.08481112261723,0.7179119472530571,6600.0,-27.900000000000006,0.5,none,0.0,743.5
high_altitude,400,vibration,825.0,62.44973385241664,62.65530039680767,595.3989149241927,1465.5243507732634,65.82150155108937,14.992484340009316,4.405710587253723,0.2183551058271368,12.902434614728719,20.144636460110164,0.7183960719285307,6608.0,-27.951999999999998,0.5,none,0.0,742.5
high_altitude,400,vibration,826.0,62.32941736625014,62.76294673752363,594.3514154986398,1453.4949741531977,65.4467178060515,14.996925061055569,4.400850771695092,0.10656355688582875,12.874881851915044,19.881266021815975,0.7188711755798866,6616.0,-28.00399999999999,0.5,none,0.0,741.5
high_altitude,400,vibration,827.0,62.210542266140926,62.306907932399085,587.7153223685457,1450.765552230928,65.4712471888314,14.946416053629665,4.395995508765172,0.18196815555372448,12.865977334086327,20.069870111970765,0.7193374727227788,6624.0,-28.055999999999983,0.5,none,0.0,740.5
high_altitude,400,vibration,828.0,62.093074277667554,62.92919582929898,591.9137809454338,1456.0677282202762,65.80302512227036,14.032957865063034,4.391144794918479,0.16047024032314558,12.906065921121604,20.481414740089388,0.719795172765354,6632.0,-28.108000000000004,0.5,none,0.0,739.5
high_altitude,400,vibration,829.0,61.97697994246501,61.91694597263494,585.3648366301542,1465.5031553270942,64.83704341189852,15.094455855879836,4.386298626611844,0.15858859730684294,12.819159661776741,19.889439356045642,0.7202444801298578,6640.0,-28.159999999999997,0.5,none,0.0,738.5
high_altitude,400,vibration,830.0,61.86222659879478,62.421109221181254,592.2418206440063,1461.0634894059608,65.33450861506381,13.62926322918669,4.381457000304347,0.15831012493832602,12.887775765168124,19.672523903373524,0.720685594371347,6648.0,-28.21199999999999,0.5,none,0.0,737.5
high_altitude,400,vibration,831.0,61.74878236257757,61.680040102713754,589.6843654977124,1457.8589920385364,65.70827955979316,15.066861611122821,4.376619912457306,0.24984106489119043,12.845870179372401,19.78361865676274,0.7211187102935749,6656.0,-28.26400000000001,0.5,none,0.0,736.5
high_altitude,400,vibration,832.0,61.63661610887765,61.752069202269986,592.0375216839735,1466.3605043302991,65.77756799786246,13.130543684549455,4.371787359534297,0.27314680261351687,12.85711836139415,20.481637069187048,0.7215440180621181,6664.0,-28.316000000000003,0.5,none,0.0,735.5
high_altitude,400,vibration,833.0,61.52569745382794,60.516000062845215,590.2764131434257,1452.3270348735712,65.53577145608621,14.114120949813925,4.3669593380011,0.17907938132890516,12.934427715811383,20.129130316344956,0.721961703314808,6672.0,-28.367999999999995,0.5,none,0.0,734.5
high_altitude,400,vibration,834.0,61.41599673698558,62.1930208590524,592.7470344154143,1451.8887056159779,65.63992462603353,13.739950539381608,4.362135844325731,0.12060170967708798,12.850427324194065,20.087091388222476,0.7223719472695358,6680.0,-28.419999999999987,0.5,none,0.0,733.5
high_altitude,400,vibration,835.0,61.30748500410752,61.16365756287421,599.5519761662134,1456.9414391266716,64.54611077304152,13.98869694577708,4.357316874978416,0.16812397770442797,12.899665793789023,20.01698558225955,0.7227749268294874,6688.0,-28.47200000000001,0.5,none,0.0,732.5
high_altitude,400,vibration,836.0,61.20013399033624,61.2932476454249,591.9338598878057,1450.8794911679438,66.64919248132996,14.414947627820393,4.352502426431597,0.14674194081331007,12.876951774610479,20.221950607344887,0.7231708146858764,6696.0,-28.524,0.5,none,0.0,731.5
high_altitude,400,vibration,837.0,61.09391610378581,61.57069618146856,588.2073600931303,1453.0263859117765,65.87870392738552,13.207599483736667,4.34769249515993,0.2485684158217326,12.85113983079602,19.986074315780854,0.723559779418228,6704.0,-28.575999999999993,0.5,none,0.0,730.5
high_altitude,400,vibration,838.0,60.988804409518764,61.146533749043456,590.1888319991234,1458.8781851073943,65.41057612431922,14.12336924174182,4.342887077640273,0.14299850643765513,12.871347878830909,20.21998911194267,0.7239419855922761,6712.0,-28.627999999999986,0.5,none,0.0,729.5
high_altitude,400,vibration,839.0,60.88477261390447,60.33847038775178,583.2300797131256,1449.0688718843412,65.02203676138879,13.262682878805666,4.338086170351694,0.15384331723159742,12.888138383083,20.271365390759335,0.7243175938555304,6720.0,-28.680000000000007,0.5,none,0.0,728.5
high_altitude,400,vibration,840.0,60.7817950493499,60.006735498520065,587.5464807222432,1458.2773622383127,65.33434297549238,13.692609313119922,4.333289769775467,0.15717045283248543,12.838609828919179,20.131779628071637,0.7246867610305677,6728.0,-28.732,0.5,none,0.0,727.5
high_altitude,400,vibration,841.0,60.679846659394016,60.44859152237775,588.8671751907867,1464.4826125380143,65.47992075460162,13.645934221404092,4.3284978723950704,0.22895982638428694,12.850356423055327,19.6894310216332,0.7250496402061007,6736.0,-28.783999999999992,0.5,none,0.0,726.5
high_altitude,400,vibration,842.0,60.57890298415695,60.64199857415863,590.4643167499347,1458.1977108723913,65.7733212306742,13.663851157766539,4.323710474696183,0.24579488573828864,12.82131894085851,19.898405198829064,0.7254063808258804,6744.0,-28.836000000000013,0.5,none,0.0,725.5
high_altitude,400,vibration,843.0,60.478940146135734,60.222893427043246,589.8001311015698,1447.4772546179133,64.88727153723009,13.176107062279597,4.318927573166684,0.22743734502594623,12.833361344102332,19.904670927632978,0.7257571287754805,6752.0,-28.888000000000005,0.5,none,0.0,724.5
high_altitude,400,vibration,844.0,60.37993483633817,60.1301985269439,582.6038062750422,1450.3743190327277,65.6329247796112,13.002021069280524,4.314149164296666,0.14781641410657312,12.86957831786563,20.146204766133035,0.7261020264670162,6760.0,-28.939999999999998,0.5,none,0.0,723.5
high_altitude,400,vibration,845.0,60.28186430074687,60.13334209958988,587.4497914580536,1453.8347354996872,65.39841315325123,12.749331032622207,4.309375244578397,0.24135134104033895,12.876868778874021,20.25545582553782,0.7264412129218452,6768.0,-28.99199999999999,0.5,none,0.0,722.5
high_altitude,400,vibration,846.0,60.18470632710553,60.32849627371808,585.3917349523198,1453.126256982666,64.82847696650306,13.60892910149338,4.304605810506361,0.21374860142659374,12.87966721732735,20.223846705299945,0.7267748238513003,6776.0,-29.043999999999983,0.5,none,0.0,721.5
high_altitude,400,vibration,847.0,60.088439232019915,59.93068724248234,585.5105334796834,1455.8239274105129,65.97467899254575,13.057701606627102,4.299840858577237,0.21487473213812094,12.881370072237974,19.93576556638047,0.7271029917354996,6784.0,-29.096000000000004,0.5,none,0.0,720.5
high_altitude,400,vibration,848.0,59.99304184836586,60.062700026287885,588.8389451682201,1453.3752941132232,66.025156133363,12.602832696706155,4.295080385289896,0.19967204928860774,12.889473357323403,20.021000749619837,0.7274258459002799,6792.0,-29.147999999999996,0.5,none,0.0,719.5
high_altitude,400,vibration,849.0,59.89849351299715,60.17591584538004,587.6489574536172,1450.3730701684467,65.85836476264419,11.737949105694032,4.290324387145409,0.23013613793675375,13.015016206807612,19.975762514665867,0.7277435125922991,6800.0,-29.19999999999999,0.5,none,0.0,718.5
high_altitude,400,vibration,850.0,59.80477405474601,59.94807000803149,583.2234621963152,1450.9538740839257,64.99971476739361,12.770340632714195,4.285572860647027,0.18813939058739337,12.841250564606627,19.89843354598488,0.7280561150523488,6808.0,-29.25200000000001,0.5,none,0.0,717.5
high_altitude,400,vibration,851.0,59.711863782709386,59.12789277627038,587.4610322184799,1460.1715182086716,66.09472415402621,12.42061878081522,4.2808258023002175,0.13387428646382965,12.935335374866387,20.058406472632765,0.7283637735869246,6816.0,-29.304000000000002,0.5,none,0.0,716.5
high_altitude,400,vibration,852.0,59.61974347481403,59.088440166484546,587.7592819618404,1453.994142607184,66.22723823513161,12.786455915973486,4.276083208612618,0.12490294298978982,12.939503761122568,20.130569579040706,0.7286666056380883,6824.0,-29.355999999999995,0.5,none,0.0,715.5
high_altitude,400,vibration,853.0,59.5283943666539,59.32492559126943,587.4148489196201,1446.1763554221761,64.76392012621669,12.421917451581388,4.271345076094065,0.1999644353220175,12.879529787740418,20.08396553257498,0.7289647258516695,6832.0,-29.408000000000015,0.5,none,0.0,714.5
high_altitude,400,vibration,854.0,59.43779814059331,59.632676855069576,585.710166141476,1456.0498904528874,65.33659675027302,11.183643292102964,4.266611401256597,0.13929065612814326,12.827440943759584,20.20488950449753,0.7292582461438433,6840.0,-29.460000000000008,0.5,none,0.0,713.5
high_altitude,400,vibration,855.0,59.34793691512956,59.95783901553095,592.6427608355409,1452.483320880475,65.61390374211776,11.953853416847833,4.261882180614415,0.20903311866292537,12.815655332241885,19.663150443323225,0.7295472757661206,6848.0,-29.512,0.5,none,0.0,712.5
high_altitude,400,vibration,856.0,59.25879323450881,59.03946126487212,590.4623451513604,1458.8830180983557,65.35448949528822,12.930145443171707,4.257157410683934,0.18069439730221645,12.92031660876402,19.895628891315827,0.7298319213687932,6856.0,-29.563999999999993,0.5,none,0.0,711.5
high_altitude,400,vibration,857.0,59.17035005858918,59.35184315298808,587.0212868469393,1448.5980098649163,64.91820062271147,13.118245845564763,4.252437087983739,0.19631469458036258,12.895229274629493,19.986522503916838,0.730112287062868,6864.0,-29.615999999999985,0.5,none,0.0,710.5
high_altitude,400,vibration,858.0,59.08259075294526,58.7333577460269,587.6862672750649,1452.738645738652,65.1335026844022,12.317630404052455,4.247721209034606,0.25991103628226325,12.868728170947024,19.753767285829376,0.730388474480526,6872.0,-29.668000000000006,0.5,none,0.0,709.5
high_altitude,400,vibration,859.0,58.995499079208166,59.33074880883466,585.3567749091133,1448.7599552961087,65.05375856589515,11.368540559246306,4.243009770359496,0.21819378501078307,12.866551625374598,20.065697503596304,0.7306605828341413,6880.0,-29.72,0.5,none,0.0,708.5
high_altitude,400,vibration,860.0,58.909059185635655,58.64066447885554,586.3502476591788,1446.3065573816127,65.30743872882775,10.779735835899027,4.238302768483555,0.13962759600627025,12.888899656359566,20.198474156810075,0.730928708973896,6888.0,-29.77199999999999,0.5,none,0.0,707.5
high_altitude,400,vibration,861.0,58.823255597906694,58.31890216510868,590.2546706703181,1450.3316374997066,65.70602495672044,11.860776107890402,4.233600199934111,0.3228509317843063,12.990000817192985,19.9402412302681,0.7311929474440229,6896.0,-29.824000000000012,0.5,none,0.0,706.5
high_altitude,400,vibration,862.0,58.738073210135255,58.93401759842824,590.729574154471,1447.9569454484035,65.2577017222194,11.833860424002278,4.22890206124067,0.17144752181196987,12.919183131529133,19.782138993716643,0.7314533905377094,6904.0,-29.876000000000005,0.5,none,0.0,705.5
high_altitude,400,vibration,863.0,58.653497276098065,58.613745380839326,586.6858189205379,1450.2090685176518,65.36331371268778,11.89657177641004,4.224208348934927,0.12712137663642226,12.87361692092259,19.9917178813994,0.7317101283506933,6912.0,-29.927999999999997,0.5,none,0.0,704.5
high_altitude,400,vibration,864.0,58.569513400671184,58.25192336949922,587.1487397477861,1447.0102554527766,64.88431098918025,10.872594368855724,4.219519059550742,0.1637240480058602,12.83839720340843,20.172389842659275,0.7319632488335825,6920.0,-29.97999999999999,0.5,none,0.0,703.5
high_altitude,400,vibration,865.0,58.486107531470516,59.23208798698393,585.7863065162591,1448.4331697541004,65.919345629518,12.619446816271592,4.214834189624169,0.213573252354777,12.844674934750483,19.77344725986887,0.7322128378429313,6928.0,-30.031999999999982,0.5,none,0.0,702.5
high_altitude,400,vibration,866.0,58.40326595069132,58.76097045121,584.0516108502212,1444.374072986155,66.01233235144556,12.223081933209306,4.210153735693433,0.21621457958279156,12.879078863854273,20.387273741509215,0.732458979191097,6936.0,-30.084000000000003,0.5,none,0.0,701.5
high_altitude,400,vibration,867.0,58.320975267142046,58.52993939993798,591.5529749069691,1447.1360283626034,65.50853352600144,12.06561520268527,4.205477694298934,0.18358633840379315,12.902095253610524,20.132204148839925,0.7327017546949122,6944.0,-30.135999999999996,0.5,none,0.0,700.5
high_altitude,400,vibration,868.0,58.23922240846783,57.80595537272572,585.917368696145,1453.9091123649494,66.61249041580655,10.905927345214103,4.200806061983252,0.2011942522102641,12.90820325683229,20.402862921062074,0.7329412442231971,6952.0,-30.187999999999988,0.5,none,0.0,699.5
high_altitude,400,vibration,869.0,58.15799461355915,58.1618668019664,584.1836829795085,1443.3773088311086,65.77775431592035,10.957754575802305,4.196138835291131,0.20521430481741051,12.806284794417763,20.015524842541325,0.7331775257431403,6960.0,-30.24000000000001,0.5,none,0.0,698.5
high_altitude,400,vibration,870.0,58.077279425141185,57.85206380372235,585.1423687815103,1449.713014730452,65.37874353049398,10.873457002034753,4.191476010769506,0.23357677372355604,12.854336018618682,20.041131913562598,0.7334106753655769,6968.0,-30.292,0.5,none,0.0,697.5
high_altitude,400,vibration,871.0,57.997064682539715,58.40448067319231,584.9895314052524,1451.1833259534583,65.91788546624952,10.602563821023452,4.18681758496747,0.2950996381408954,12.914620760898814,20.07090744482301,0.7336407673891863,6976.0,-30.343999999999994,0.5,none,0.0,696.5
high_altitude,400,vibration,872.0,57.91733851461915,58.27047319380046,588.6173969242549,1442.7341334444964,65.070723913683,10.494071649720073,4.182163554436289,0.26604303080039216,12.840296541926511,20.03791396030328,0.7338678743436389,6984.0,-30.396000000000015,0.5,none,0.0,695.5
high_altitude,400,vibration,873.0,57.8380893328888,57.12890716260536,582.3033643431028,1451.5434270294477,65.89132485369312,11.605023568725642,4.177513915729412,0.1902951212481683,12.8890125786587,20.022179195535465,0.7340920670317159,6992.0,-30.448000000000008,0.5,none,0.0,694.5
high_altitude,400,vibration,874.0,57.759305824773165,57.52172171382031,579.8250099490864,1447.4631038894777,65.31738757366652,10.739074815480098,4.172868665402436,0.282324298852843,12.88637308816996,20.25868912488204,0.7343134145704254,7000.0,-30.5,0.5,none,0.0,693.5
high_altitude,400,vibration,875.0,57.68227222192661,58.62899041355318,586.7472304622404,1443.5314063232795,65.78050629240305,10.79656849491335,4.172293020765638,0.2322297482380471,12.90712489946241,19.913921565429977,0.7347840706254172,7000.0,-30.5,0.5,none,0.0,692.5
high_altitude,400,vibration,876.0,57.606986201357714,57.75358527349593,584.1897835687201,1445.6506590794354,65.24401535123732,9.744055701742488,4.171897265077839,0.1842914712277974,12.776947133659327,20.097488182512926,0.735244049389588,7000.0,-30.5,0.5,none,0.0,691.5
high_altitude,400,vibration,877.0,57.533433201190704,58.27820253327429,588.1410349294313,1444.4428941618228,65.6771472165176,11.185387997206373,4.171625183042479,0.19340530775250345,12.875719493360391,20.225711399278545,0.7356934398323584,7000.0,-30.5,0.5,none,0.0,690.5
high_altitude,400,vibration,878.0,57.46159055400299,57.765359988125525,584.4391918423296,1441.6187821787223,65.68735930519476,11.098046607927374,4.171438126643167,0.1906014988141262,12.855762352000966,20.269219462721175,0.7361323804460135,7000.0,-30.5,0.5,none,0.0,689.5
high_altitude,400,vibration,879.0,57.39143032114504,57.846311383322835,582.4325591412393,1434.2312080413856,65.56563544209166,10.248027711742942,4.171309525368641,0.1573084372948339,12.84052764351013,19.952840017485386,0.7365610419287174,7000.0,-30.5,0.5,none,0.0,688.5
high_altitude,400,vibration,880.0,57.32292123416062,57.2342257669744,581.4660970168725,1447.689224046375,66.11569192198729,10.471956802671182,4.171221111992405,0.250493918423409,12.855997825589524,19.88847078086718,0.7369796153229204,7000.0,-30.5,0.5,none,0.0,687.5
high_altitude,400,vibration,881.0,57.25603002250936,56.4585550006569,576.8526870156884,1445.5423704795123,65.8152351727282,9.57137908146465,4.171160327796241,0.17560756305993566,12.89063095097986,19.666134775422364,0.7373883039033067,7000.0,-30.5,0.5,none,0.0,686.5
high_altitude,400,vibration,882.0,57.19072231953892,56.246679619919554,581.8638888843744,1445.6436307638169,65.1674149282408,10.06700817018518,4.171118538661379,0.28640810188125654,12.904366964032157,20.202679208073416,0.7377873176415304,7000.0,-30.5,0.5,none,0.0,685.5
high_altitude,400,vibration,883.0,57.12696327866655,57.15604532484341,580.4635328978151,1435.5696003163898,65.29555969210186,10.158003200118088,4.171089808631161,0.20900041902284663,12.911363248395995,20.029624256826907,0.7381768694415004,7000.0,-30.5,0.5,none,0.0,684.5
high_altitude,400,vibration,884.0,57.06471799048852,56.68109136062115,588.0842763563357,1446.6081413182335,65.68496225340391,10.613249391531323,4.1710700567353864,0.2302040698577961,12.864066742099316,19.775136465520852,0.7385571725909461,7000.0,-30.5,0.5,none,0.0,683.5
high_altitude,400,vibration,885.0,57.003951763182556,56.64978214859633,583.8518568680595,1440.7610920146813,65.04131702665106,10.298499147011112,4.171056477307042,0.22747184580173108,12.77589902608471,19.727403848279305,0.7389284390482287,7000.0,-30.5,0.5,none,0.0,682.5
high_altitude,400,vibration,886.0,56.944630309075755,57.176971839553566,582.2011637738902,1441.104142217253,65.80943885125997,9.840454966781628,4.171047141450054,0.16651728451065895,12.881222816929553,20.091305208615232,0.7392908783024577,7000.0,-30.5,0.5,none,0.0,681.5
high_altitude,400,vibration,887.0,56.88671986684895,58.72699427866971,585.4744408163499,1449.7230339736163,66.37980411414026,10.663683767892508,4.171040723048376,0.18779327341914945,12.898804487349494,20.16971267492351,0.7396446966268528,7000.0,-30.5,0.5,none,0.0,680.5
high_altitude,400,vibration,888.0,56.83018727963555,57.37200387812547,587.4220871633398,1445.4934555240823,66.35624712914019,9.260483163278844,4.171036310397222,0.25283174989286766,12.920998869309116,19.789911399484083,0.73999009660158,7000.0,-30.5,0.5,none,0.0,679.5
high_altitude,400,vibration,889.0,56.77500004293869,56.582195685999864,587.1450142540002,1444.2668612956782,65.95790148781055,10.622733744191827,4.1710332766995535,0.22751645984888455,12.853211458200539,20.081445795308774,0.7403272768209886,7000.0,-30.5,0.5,none,0.0,678.5
high_altitude,400,vibration,890.0,56.72112633193595,56.4067029445873,587.393685497465,1441.4042297560138,64.58377306015011,9.47410613527769,4.171031191032407,0.20358674001102517,12.949018593833998,19.9360981829841,0.7406564317267876,7000.0,-30.5,0.5,none,0.0,677.5
high_altitude,400,vibration,891.0,56.66853501474728,56.79074883108252,580.0077990621403,1441.9874948931783,65.65627868258477,9.687150751016075,4.1710297571362425,0.13173051054197887,12.871835666962276,20.06979875989057,0.7409777515269811,7000.0,-30.5,0.5,none,0.0,676.5
high_altitude,400,vibration,892.0,56.61719565618374,56.40505653819173,581.2905040521296,1445.180712554806,65.77964583103163,10.179122563815566,4.17102877133263,0.23712504541857812,12.89116212200231,20.15332534990708,0.7412914221729647,7000.0,-30.5,0.5,none,0.0,675.5
high_altitude,400,vibration,893.0,56.56707851507966,56.96147299823336,589.0852534045998,1436.3229222235152,64.82425723405788,9.323652961056371,4.171028093592647,0.1976901156905674,12.78705954803709,20.294805358087878,0.7415976253758254,7000.0,-30.5,0.5,none,0.0,674.5
high_altitude,400,vibration,894.0,56.518154537338276,56.01888765840259,588.3688911626634,1440.9041727796553,65.84833798497678,10.86818381837745,4.171027627646408,0.14727714945849316,12.832929578090202,20.060955404364076,0.7418965386488308,7000.0,-30.5,0.5,none,0.0,673.5
high_altitude,400,vibration,895.0,56.47039534615238,56.61347458218315,582.3575729167583,1441.9041525437358,64.73574063080032,10.177515673029909,4.171027307308369,0.17766687696131067,12.818959260133006,20.032518790788203,0.7421883353671788,7000.0,-30.5,0.5,none,0.0,672.5
high_altitude,400,vibration,896.0,56.42377323040168,56.32536292882502,584.5040578605675,1448.0066964256089,65.45132485235794,9.137541881857155,4.171027087075967,0.1036892498179661,12.82711568100409,20.14295688239167,0.7424731848388866,7000.0,-30.5,0.5,none,0.0,671.5
high_altitude,400,vibration,897.0,56.37826113191292,55.71915659086994,587.8989390968786,1448.0560695108568,65.60766238502607,9.763153696050589,4.17102693566619,0.2580214850483971,12.769675172561291,20.16886579258615,0.7427512523826283,7000.0,-30.5,0.5,none,0.0,670.5
high_altitude,400,vibration,898.0,56.33383263205152,57.34937100910218,581.2880251688576,1451.6998219382783,65.41557279330895,9.108972734571733,4.17102683157197,0.1919703902886432,12.896952303936878,20.293731734542643,0.7430226994096565,7000.0,-30.5,0.5,none,0.0,669.5
high_altitude,400,vibration,899.0,56.29046193796429,56.420651234595724,586.6300753684102,1445.5730929926658,65.25172085764471,9.570985907631393,4.171026760007193,0.20429065726784576,12.881307759696597,19.940040007489433,0.743287683507856,7000.0,-30.5,0.5,none,0.0,668.5
high_altitude,400,vibration,900.0,56.24812386869043,56.44003920614641,576.9209353152971,1452.6605996205599,65.49376807166809,8.814799094752939,4.171026710806408,0.17845311908684147,12.809949240085684,19.794334152620188,0.7435463585266019,7000.0,-30.5,0.5,none,0.0,667.5
high_altitude,400,vibration,901.0,56.20679384128741,55.854334441902246,579.3830834355376,1450.8919635337872,65.1606290002524,9.62191867368398,4.171026676980869,0.21326265280790271,12.802588051642937,20.059527537718555,0.7437988746615276,7000.0,-30.5,0.5,none,0.0,666.5
high_altitude,400,vibration,902.0,56.16644785707004,56.86607255403657,580.6415517919793,1441.6478966555162,65.31664514924837,9.606144979472157,4.171026653725811,0.17994587126770148,12.870368829594076,19.956361641768968,0.7440453785385996,7000.0,-30.5,0.5,none,0.0,665.5
high_altitude,400,vibration,903.0,56.127062488028,57.05141728504022,581.9951587501072,1444.8731893325205,65.68629381638944,9.42504215777364,4.171026637737958,0.20463828781586674,12.88751957967669,20.164126175586546,0.7442860132971042,7000.0,-30.5,0.5,none,0.0,664.5
high_altitude,400,vibration,904.0,56.08861486346406,56.5155902052143,578.3446617045593,1448.4131792399676,65.75485679803708,9.07824663908945,4.171026626746309,0.2771786534943257,12.865333891365855,19.762648589810553,0.7445209186712838,7000.0,-30.5,0.5,none,0.0,663.5
high_altitude,400,vibration,905.0,56.05108265687994,55.399174571153004,588.4263571402528,1434.4355758933611,65.86156322162843,9.32625749689494,4.1710266191895515,0.2251922067483497,12.897120289178183,19.97957301456139,0.744750231070461,7000.0,-30.5,0.5,none,0.0,662.5
high_altitude,400,vibration,906.0,56.014444073125915,56.14302985500716,582.8009283374755,1449.0717925669771,66.21795430408717,9.57858819130232,4.17102661399428,0.1325849796270463,12.83952548166653,19.877645666267057,0.7449740836575522,7000.0,-30.5,0.5,none,0.0,661.5
high_altitude,400,vibration,907.0,55.97867783582299,54.631978897615326,588.4320951170303,1443.7441028964392,65.95731739802427,8.891039126365069,4.171026610422531,0.18076105857829372,12.944033337593291,19.49717336920401,0.7451926064259138,7000.0,-30.5,0.5,none,0.0,660.5
high_altitude,400,vibration,908.0,55.943763175061676,56.51992979820754,581.5727108575387,1440.055088300613,66.23486914699599,9.0321538168753,4.171026607966953,0.22078871616890106,12.921371558421894,20.100572228763976,0.7454059262745002,7000.0,-30.5,0.5,none,0.0,659.5
high_altitude,400,vibration,909.0,55.90967981537785,57.132727445844914,580.9557909503718,1441.2546822665256,66.2638050246789,9.525489479761541,4.171026606278744,0.1286781497551956,12.828118816508402,20.051955206551558,0.7456141670813285,7000.0,-30.5,0.5,none,0.0,658.5
high_altitude,400,vibration,910.0,55.876407964004095,55.89275077005878,579.8186069184095,1444.5217435932602,65.42736942114843,8.468693765227592,4.1710266051181,0.25408864489812766,12.886991864699988,20.06068317645493,0.7458174497752592,7000.0,-30.5,0.5,none,0.0,657.5
high_altitude,400,vibration,911.0,55.843928299393305,54.15976289218194,584.646357510408,1444.4248991534046,66.02365817076037,9.156350680335478,4.171026604320157,0.1589439323118241,12.844719324428592,19.99180293358611,0.7460158924061151,7000.0,-30.5,0.5,none,0.0,656.5
high_altitude,400,vibration,912.0,55.81222196001041,56.72033197404555,581.5312236557608,1445.362317429762,65.58202613163814,8.9760571229404,4.171026603771572,0.13445575160313578,12.90863574000664,19.745486029784328,0.7462096102131597,7000.0,-30.5,0.5,none,0.0,655.5
high_altitude,400,vibration,913.0,55.781270533387485,55.06056169765429,584.1199545744629,1446.5888189494256,65.4418924819612,8.73439850170886,4.171026603394419,0.172177140513042,12.893886631936521,19.99580921070544,0.7463987156919691,7000.0,-30.5,0.5,none,0.0,654.5
high_altitude,400,vibration,914.0,55.75105604543697,56.15256151397807,584.0861068207805,1440.0384947079267,65.95607172604456,8.524243257278947,4.171026603135126,0.18622530730857367,12.844514095500692,19.873286386898712,0.7465833186597248,7000.0,-30.5,0.5,none,0.0,653.5
high_altitude,400,vibration,915.0,55.72156095001772,55.91554518773633,587.9104486384654,1434.054576769253,64.30983725442356,8.204116404497334,4.171026602956863,0.22430505132622483,12.86420068832189,20.199259488183543,0.7467635263189625,7000.0,-30.5,0.5,none,0.0,652.5
high_altitude,400,vibration,916.0,55.69276811874831,55.90649175328061,585.1161062116411,1438.1768159190117,65.3681154618396,9.300668173537115,4.171026602834306,0.17441617203551993,12.937004595695267,20.0290609579977,0.7469394433198108,7000.0,-30.5,0.5,none,0.0,651.5
high_altitude,400,vibration,917.0,55.664660831062136,56.02363385699096,578.6562420134277,1440.5447633088352,64.89344563129659,8.603825765387871,4.171026602750049,0.1650645958684528,12.850138040353473,20.258967090408213,0.7471111718207514,7000.0,-30.5,0.5,none,0.0,650.5
high_altitude,400,vibration,918.0,55.637222764498674,55.436182940020124,584.3182268705816,1446.9180440976957,66.14080401216248,8.485849066888175,4.171026602692122,0.15516669282850717,12.797168211694686,19.93256929783169,0.7472788115479376,7000.0,-30.5,0.5,none,0.0,649.5
high_altitude,400,vibration,919.0,55.61043798522563,55.46098336896725,585.5257826836789,1443.7815044308018,65.7217519693001,8.605373294776344,4.171026602652297,0.24846742555537532,12.84371015269774,19.946760193760454,0.747442459853101,7000.0,-30.5,0.5,none,0.0,648.5
high_altitude,400,vibration,920.0,55.58429093878644,55.85926194702613,580.4265409058606,1446.2254238022451,65.91173834004397,9.081513995992733,4.171026602624918,0.1317757996371995,12.96767251132098,20.032154000275806,0.7476022117700829,7000.0,-30.5,0.5,none,0.0,647.5
high_altitude,400,vibration,921.0,55.55876644106787,55.560733574803216,581.0381588751088,1445.7455358490788,65.273635200252,8.92731797043634,4.171026602606095,0.24767343594589866,12.918731548940846,20.21163782151618,0.7477581600700189,7000.0,-30.5,0.5,none,0.0,646.5
high_altitude,400,vibration,922.0,55.53384966948263,55.99060222877257,579.5234341676094,1444.9578655376904,65.8674798659092,7.99993810265154,4.1710266025931535,0.12947360265691754,12.867802934061636,20.015930054259,0.7479103953152118,7000.0,-30.5,0.5,none,0.0,645.5
high_altitude,400,vibration,923.0,55.50952615436175,56.06969944266536,582.4508397930075,1436.2488420131294,65.5479568115027,8.667577363864773,4.171026602584257,0.2669313448844096,12.946692148179764,19.962353332869768,0.7480590059117216,7000.0,-30.5,0.5,none,0.0,644.5
high_altitude,400,vibration,924.0,55.485781770551945,55.88524596920757,579.0596703777483,1445.5680932152054,65.00181696343016,7.978684331836418,4.17102660257814,0.21004799287771445,12.76905240429887,20.075442825115868,0.7482040781607036,7000.0,-30.5,0.5,none,0.0,643.5
high_altitude,400,vibration,925.0,55.462602729212875,56.41261952863817,585.5213182054072,1445.4332868846052,65.62064217436422,8.260552094662309,4.171026602573935,0.1966713407443642,12.793049885600883,20.54914501246104,0.7483456963085249,7000.0,-30.5,0.5,none,0.0,642.5
high_altitude,400,vibration,926.0,55.43997556980982,55.52248133450998,584.007089195174,1453.0621714528716,65.62645394124424,8.232913232734717,4.171026602571043,0.17098913818702371,12.84741438758403,20.259757360107013,0.7484839425956877,7000.0,-30.5,0.5,none,0.0,641.5
high_altitude,400,vibration,927.0,55.41788715229688,55.072696730763894,584.8620733043647,1441.3378176599194,65.5958445423222,8.029855196795998,4.171026602569056,0.22650147717086197,12.960892147168853,19.864698809867026,0.7486188973045874,7000.0,-30.5,0.5,none,0.0,640.5
high_altitude,400,vibration,928.0,55.39632464948633,55.635025839186056,582.5340211202168,1436.721880590934,64.67613066783522,7.938918163263736,4.171026602567689,0.23232004146474003,12.908206573761296,20.042294934301285,0.7487506388061342,7000.0,-30.5,0.5,none,0.0,639.5
high_altitude,400,vibration,929.0,55.375275539599635,55.136248802887884,583.8865021713403,1444.631790879777,65.80819808904698,7.938093530622512,4.17102660256675,0.14948753490489164,12.919286870425127,19.887879429556452,0.7488792436052645,7000.0,-30.5,0.5,none,0.0,638.5
high_altitude,400,vibration,930.0,55.354727598995815,55.97086625808064,581.1894120067168,1441.194385702779,65.24385133045604,7.722659637885894,4.171026602566104,0.18779518559872227,12.791601229264892,19.861002671510473,0.7490047863853686,7000.0,-30.5,0.5,none,0.0,637.5
high_altitude,400,vibration,931.0,55.334668895072944,56.114063607642414,582.5843177662356,1448.3882148161765,65.31025225318878,7.324179017170574,4.17102660256566,0.18718111869325685,12.878126237606184,19.826419531475953,0.7491273400516614,7000.0,-30.5,0.5,none,0.0,636.5
high_altitude,400,vibration,932.0,55.31508777933865,55.179776314281916,582.2393793415304,1444.0888942713761,65.41882865339952,7.441653830835348,4.171026602565355,0.1986601044374041,12.924149767733406,20.044744046067,0.749246975773519,7000.0,-30.5,0.5,none,0.0,635.5
high_altitude,400,vibration,933.0,55.29597288064559,56.36020974064419,577.3674505721709,1454.19689939382,66.67722152067552,7.340316258585328,4.171026602565145,0.20296920205670196,12.829003805493585,19.84757479487328,0.7493637630258089,7000.0,-30.5,0.5,none,0.0,634.5
high_altitude,400,vibration,934.0,55.27731309858806,55.78466570910851,584.0483041528666,1441.8657696640762,66.570547902953,8.059598825913229,4.171026602565,0.17225886893861764,12.86447368663749,20.375231639262978,0.749477769629235,7000.0,-30.5,0.5,none,0.0,633.5
high_altitude,400,vibration,935.0,55.25909759705568,54.924324266414196,583.4006193291715,1444.5017948601628,65.07726306227532,8.27261217910212,4.1710266025649005,0.15103913597959617,12.96802147925201,20.25425219438852,0.7495890617897224,7000.0,-30.5,0.5,none,0.0,632.5
high_altitude,400,vibration,936.0,55.24131579794072,54.963708015016785,584.2839138513592,1447.5279975675744,65.7917377301945,8.196572008059313,4.171026602564832,0.2059350588345661,12.975759869741177,20.063277886737733,0.7496977041368649,7000.0,-30.5,0.5,none,0.0,631.5
high_altitude,400,vibration,937.0,55.22395737499516,54.770459091255596,579.2702731342549,1442.6609005547293,66.0091300954199,7.597327748869227,4.171026602564786,0.21405117999142645,12.915941688394174,20.10536242794138,0.7498037597614566,7000.0,-30.5,0.5,none,0.0,630.5
high_altitude,400,vibration,938.0,55.20701224783401,55.38836405096644,579.827954182319,1446.2232676502686,65.12163450330546,7.0693341490845,4.171026602564754,0.15831519610513176,12.845669466672803,19.65652570772628,0.7499072902521294,7000.0,-30.5,0.5,none,0.0,629.5
high_altitude,400,vibration,939.0,55.19047057608145,55.45458641341169,587.942769251191,1443.5875061402437,65.5907503119926,7.917390709733298,4.171026602564732,0.12900843058881595,12.943704424918408,20.08741372926058,0.7500083557311196,7000.0,-30.5,0.5,none,0.0,628.5
high_altitude,400,vibration,940.0,55.174322753656334,55.30495278864688,578.228801493841,1439.039647179051,65.5394554578972,7.545620446103893,4.171026602564717,0.20169895688013134,12.915124864522237,20.047300252268933,0.7501070148891815,7000.0,-30.5,0.5,none,0.0,627.5
high_altitude,400,vibration,941.0,55.15855940319371,55.62091298165865,582.4774096535125,1456.281858497043,65.42782834120693,7.796721880005297,4.171026602564706,0.22278502821913082,12.874699803632605,20.031568170883716,0.7502033250196705,7000.0,-30.5,0.5,none,0.0,626.5
high_altitude,400,vibration,942.0,55.143171370599255,55.03330083605353,584.1148799491262,1444.258654213976,65.51138276678417,7.6032437545393075,4.171026602564698,0.17696745111852158,12.908101385954781,20.008546604171272,0.7502973420518145,7000.0,-30.5,0.5,none,0.0,625.5
high_altitude,400,vibration,943.0,55.12814971973323,55.30658540733044,585.4659743582953,1445.034596442037,66.0466095243457,7.3201277273434275,4.1710266025646945,0.14488223133381378,12.913706664486387,20.37029775861996,0.7503891205831932,7000.0,-30.5,0.5,none,0.0,624.5
high_altitude,400,vibration,944.0,55.11348572722116,55.66072785324979,582.3340105583927,1449.0685189253259,65.72130103576661,6.946634841532367,4.171026602564691,0.12871229342279256,12.880741222018948,19.970039889068097,0.7504787139114437,7000.0,-30.5,0.5,none,0.0,623.5
high_altitude,400,vibration,945.0,55.09917087738795,55.17745856319368,582.5264858375843,1438.7071906088934,65.7007886958716,7.428880774891217,4.171026602564688,0.1902239904102736,12.936512225407812,20.118650810550488,0.7505661740652123,7000.0,-30.5,0.5,none,0.0,622.5
high_altitude,400,vibration,946.0,55.08519685731267,55.32146674329743,583.2228700845468,1447.6333278964519,65.73842750591179,6.564343643160951,4.1710266025646865,0.28713560212997874,12.849464930626949,19.7873441613276,0.7506515518343673,7000.0,-30.5,0.5,none,0.0,621.5
high_altitude,400,vibration,947.0,55.07155555200109,54.760150237483,578.7429507578356,1447.498079932241,65.34074416215381,7.631605007706425,4.171026602564685,0.2380181805265017,12.833590965882436,19.993390604413275,0.7507348967994947,7000.0,-30.5,0.5,none,0.0,620.5
high_altitude,400,vibration,948.0,55.05823903967311,53.698730784262125,579.248231070252,1444.1565061301537,65.16252249999259,7.025938094348226,4.171026602564684,0.19862307289117748,12.827152444586284,19.73947776318645,0.7508162573606905,7000.0,-30.5,0.5,none,0.0,619.5
high_altitude,400,vibration,949.0,55.04523958716247,55.11892558144875,579.3821305618561,1453.9572552462073,66.08465924993628,7.221344708874316,4.171026602564684,0.2038787267836694,12.851463533960786,19.816277113986555,0.7508956807656675,7000.0,-30.5,0.5,none,0.0,618.5
high_altitude,400,vibration,950.0,55.032549645425895,54.46389174489042,584.4126826242348,1441.8825961948571,65.27222860144742,6.6300423193275515,4.171026602564684,0.18870900044424707,12.880772141458717,20.008545848235087,0.7509732131371925,7000.0,-30.5,0.5,none,0.0,617.5
high_altitude,400,vibration,951.0,55.02016184515924,54.7694360219467,585.1218919254817,1450.2056297385518,66.00133948425547,7.455383446986338,4.171026602564684,0.2232376502018548,12.876997472685941,19.98031258014127,0.7510488994998716,7000.0,-30.5,0.5,none,0.0,616.5
high_altitude,400,vibration,952.0,55.00806899251798,54.80661134773777,584.6969143326025,1444.132050848743,64.95794955350797,7.248551156636556,4.171026602564684,0.25513853523696356,12.837494505527461,19.674461513458763,0.7511227838062966,7000.0,-30.5,0.5,none,0.0,615.5
high_altitude,400,vibration,953.0,54.9962640649396,54.42988244807695,579.5200125557589,1440.61676949389,65.3922372796823,7.5350304045640994,4.171026602564684,0.30560043727118735,12.830152189134212,20.023808015958156,0.7511949089625686,7000.0,-30.5,0.5,none,0.0,614.5
high_altitude,400,vibration,954.0,54.98474020706547,54.167034995590875,583.3028047130047,1444.572646246582,65.43124321921006,8.003312119019569,4.171026602564684,0.10861379479489908,12.877576754221039,19.857403390425656,0.7512653168532151,7000.0,-30.5,0.5,none,0.0,613.5
high_altitude,400,vibration,955.0,54.97349072675977,54.78200764562706,580.6772145742,1440.9821524233762,66.5940360746702,6.789308838816257,4.171026602564684,0.21414464020787619,12.852613152592111,19.727987515662615,0.7513340483655128,7000.0,-30.5,0.5,none,0.0,612.5
high_altitude,400,vibration,956.0,54.962509091223254,54.886663458241024,582.7333830665908,1444.1237578596972,65.81754028885823,6.440252440141902,4.171026602564684,0.20344592860666827,12.866932774570158,19.916225347222802,0.7514011434132319,7000.0,-30.5,0.5,none,0.0,611.5
high_altitude,400,vibration,957.0,54.951788923199516,55.48609860530454,585.0141381970487,1439.954416029532,65.2538964986932,6.948603976425068,4.171026602564684,0.18710318656674538,12.878365192244926,20.053446707994848,0.751466640959815,7000.0,-30.5,0.5,none,0.0,610.5
high_altitude,400,vibration,958.0,54.94132399727158,55.415059477813145,579.9990453819214,1438.2661152023804,65.7252345118487,7.114959769015035,4.171026602564684,0.2244819487457029,12.88414734989411,20.019754440277392,0.7515305790410032,7000.0,-30.5,0.5,none,0.0,609.5
high_altitude,400,vibration,959.0,54.93110823624669,54.730820394211584,582.9498212503324,1443.6483794213254,65.93105908830981,7.409354377841531,4.171026602564684,0.17733802023064194,12.845401365187142,20.074890863934904,0.7515929947869251,7000.0,-30.5,0.5,none,0.0,608.5
high_altitude,400,vibration,960.0,54.92113570762716,55.633455946946995,580.9411121455249,1453.5849100326463,66.66194159310946,6.703273175924621,4.171026602564684,0.14058491618354346,12.94415121060387,20.32446601009667,0.7516539244436583,7000.0,-30.5,0.5,none,0.0,607.5
high_altitude,400,vibration,961.0,54.91140062016523,55.01394077131835,585.7995923045348,1447.6307400052924,66.47656654597687,6.7769657350529595,4.171026602564684,0.1642345130258977,12.903217677151954,19.909748527146874,0.7517134033942787,7000.0,-30.5,0.5,none,0.0,606.5
high_altitude,400,vibration,962.0,54.90189732050002,53.820506513958954,580.6648608623574,1446.3537273330094,66.49616175107583,7.628120685784456,4.171026602564684,0.1612278873527357,12.895241508367906,19.695264160269883,0.7517714661794084,7000.0,-30.5,0.5,none,0.0,605.5
high_altitude,400,vibration,963.0,54.89262028987445,55.676544002719915,584.6849913315126,1447.1169832225362,66.22799534855729,7.803468193276298,4.171026602564684,0.14241147453723285,12.847298129282626,20.168748295884555,0.7518281465172729,7000.0,-30.5,0.5,none,0.0,604.5
high_altitude,400,vibration,964.0,54.883564140930446,55.76612587566388,583.5143109159466,1440.3602532155646,65.35109393789295,7.702776329577346,4.171026602564684,0.21662413313597523,12.82161088083899,20.31395288001292,0.7518834773232834,7000.0,-30.5,0.5,none,0.0,603.5
high_altitude,400,vibration,965.0,54.87472361458035,54.39506447761968,580.3181908428141,1446.785379665921,65.70522375426428,7.7955740152858874,4.171026602564684,0.14559004665257846,12.92143114642041,19.97114806682109,0.751937490729151,7000.0,-30.5,0.5,none,0.0,602.5
high_altitude,400,vibration,966.0,54.86609357695286,55.893962166721835,586.7069095209912,1438.7447683445548,65.7760692287445,8.290794729090548,4.171026602564684,0.15789554739838738,12.928476281035348,19.780300804853244,0.7519902181015455,7000.0,-30.5,0.5,none,0.0,601.5
high_altitude,400,vibration,967.0,54.857669016411755,55.2300187020524,580.0060250243255,1443.6092803678096,65.88956513010123,7.223241409271792,4.171026602564684,0.24783030079950163,12.825621372541928,19.998665099348162,0.7520416900603115,7000.0,-30.5,0.5,none,0.0,600.5
high_altitude,400,vibration,968.0,54.849445040645435,55.30140540664247,575.924490362219,1443.9288106497527,65.97351161071343,7.255569296746984,4.171026602564684,0.2463413083994253,12.787352153009376,19.88735453332207,0.75209193649625,7000.0,-30.5,0.5,none,0.0,599.5
high_altitude,400,vibration,969.0,54.84141687382593,54.58432288416121,583.2768260728118,1440.388497914794,65.15814758895573,7.38189024443526,4.171026602564684,0.19312566732454003,12.828768128129395,19.928361251300466,0.7521409865884754,7000.0,-30.5,0.5,none,0.0,598.5
high_altitude,400,vibration,970.0,54.83357985383546,54.790757510671476,579.7623317546387,1444.8863052836505,65.72543690238396,7.701644943243269,4.171026602564684,0.15064329481196959,12.97238949085736,19.986284365639214,0.752188868821362,7000.0,-30.5,0.5,none,0.0,597.5
high_altitude,400,vibration,971.0,54.82592942955905,54.693598603390946,581.6441752401265,1440.9610265494362,64.63717583225365,6.417754909991814,4.171026602564684,0.17951104715398036,12.756830380969594,20.15538225654839,0.7522356110010849,7000.0,-30.5,0.5,none,0.0,596.5
high_altitude,400,vibration,972.0,54.8184611582416,54.69316673154894,582.5305581641708,1446.374569562574,64.74162146404271,7.7275179098936775,4.171026602564684,0.18170834027728297,12.766629002666571,19.66293633908218,0.7522812402717667,7000.0,-30.5,0.5,none,0.0,595.5
high_altitude,400,vibration,973.0,54.811170702907894,55.18918607482314,582.3906245613757,1450.3923304489324,65.43535267304813,7.302506306217534,4.171026602564684,0.21539615819366786,12.855798210412095,19.534327049771157,0.7523257831312418,7000.0,-30.5,0.5,none,0.0,594.5
high_altitude,400,vibration,974.0,54.804053829844044,54.46062525931289,579.643714165099,1453.6569690911524,65.91930831385756,7.018849964438475,4.171026602564684,0.1849243274681343,12.90017787534927,19.687081215276216,0.7523692654464437,7000.0,-30.5,0.5,none,0.0,593.5
high_altitude,400,vibration,975.0,54.79710640613886,54.85637484589051,579.3432146536418,1452.6949534064856,66.22639247857641,7.075924181935753,4.171026602564684,0.21402760161719217,12.838627798295084,20.015443244245514,0.7524117124684264,7000.0,-30.5,0.5,none,0.0,592.5
high_altitude,400,vibration,976.0,54.7903243972838,54.047318352649654,581.9046177918565,1438.645226076476,65.49475885768189,6.275200158618618,4.171026602564684,0.16266154332802052,12.855083652847963,19.921483275711847,0.7524531488470286,7000.0,-30.5,0.5,none,0.0,591.5
high_altitude,400,vibration,977.0,54.783703864830045,54.321211042296504,587.0590651890607,1455.769323420779,65.83169695937966,6.750687308615992,4.171026602564684,0.2415148096679659,12.912275236743302,20.187737269586684,0.7524935986451879,7000.0,-30.5,0.5,none,0.0,590.5
high_altitude,400,vibration,978.0,54.77724096410138,55.4433604579935,581.8926156490984,1457.9778066628753,65.8253368649366,6.451412961995022,4.171026602564684,0.1509208506809332,12.836045450134762,19.98430434979226,0.7525330853529149,7000.0,-30.5,0.5,none,0.0,589.5
high_altitude,400,vibration,979.0,54.77093194196149,54.49024016769863,581.1850760920581,1443.1128179187901,64.90942727320348,7.134685781443051,4.171026602564684,0.13419050596251914,12.881177743183619,20.092408409122076,0.7525716319009341,7000.0,-30.5,0.5,none,0.0,588.5
high_altitude,400,vibration,980.0,54.76477313463446,54.89219721297112,579.3094187022837,1444.9497426925313,64.93833465066776,6.6516892821856475,4.171026602564684,0.18903102813546044,12.76255570593634,19.440654689089907,0.7526092606740005,7000.0,-30.5,0.5,none,0.0,587.5
high_altitude,400,vibration,981.0,54.75876096557712,54.77821006926652,582.2754575832246,1448.9825226309188,65.54608569341893,6.486301741797267,4.171026602564684,0.2093461424008353,12.843585243043858,19.958736429733836,0.7526459935238985,7000.0,-30.5,0.5,none,0.0,586.5
high_altitude,400,vibration,982.0,54.7528919434021,54.76907409799103,578.7752997242775,1454.122416551331,65.28644540650058,6.894842872534341,4.171026602564684,0.2125812730862188,12.833379950918452,20.129751204289132,0.7526818517821323,7000.0,-30.5,0.5,none,0.0,585.5
high_altitude,400,vibration,983.0,54.74716265985029,54.78386167781411,580.0240949526299,1436.9085240581294,65.85561775526568,5.718320215150942,4.171026602564684,0.1482282957752723,12.935188022244265,19.977313773805104,0.752716856272313,7000.0,-30.5,0.5,none,0.0,584.5
high_altitude,400,vibration,984.0,54.74156978781162,55.33863191467151,579.8034775121638,1441.5378931012929,65.13519813356035,6.189936213084768,4.171026602564684,0.19735220847975002,12.878110348347343,19.986518779659722,0.7527510273222513,7000.0,-30.5,0.5,none,0.0,583.5
high_altitude,400,vibration,985.0,54.73611007939292,54.98053387777592,582.7988906654281,1441.6879806666607,64.33929126199214,7.709489970210463,4.171026602564684,0.24256386901391425,12.881971064080695,20.078360085923038,0.7527843847757624,7000.0,-30.5,0.5,none,0.0,582.5
high_altitude,400,vibration,986.0,54.73078036403181,54.21006588367533,581.0447448409916,1453.7975518916767,66.07777328420885,8.14619481397324,4.171026602564684,0.2393767102302616,12.859954100272702,20.290818281074404,0.75281694800419,7000.0,-30.5,0.5,none,0.0,581.5
high_altitude,400,vibration,987.0,54.72557754665549,54.50122669364711,580.8681423648244,1441.2815986152514,66.20517676339257,5.955449583444501,4.171026602564684,0.16949064252358984,12.88374173438717,20.123626644675742,0.7528487359176549,7000.0,-30.5,0.5,none,0.0,580.5
high_altitude,400,vibration,988.0,54.72049860588336,55.3520757821878,581.0095851513543,1455.1591241648018,64.37612362578483,7.115534072713922,4.171026602564684,0.23868807385561805,12.793645185378486,20.06996296324345,0.7528797669760374,7000.0,-30.5,0.5,none,0.0,579.5
high_altitude,400,vibration,989.0,54.715540592272475,54.62936195013075,579.9412153456615,1450.3126586338028,65.15902457026644,7.0633122507459545,4.171026602564684,0.1848021089087802,12.857790192122694,19.984511089049942,0.7529100591996966,7000.0,-30.5,0.5,none,0.0,578.5
high_altitude,400,vibration,990.0,54.710700626604705,55.14652605863511,578.6493630805128,1438.4161718741484,65.77957571094824,7.766967129378829,4.171026602564684,0.2547112213559104,12.852061705230355,19.946573690713883,0.7529396301799351,7000.0,-30.5,0.5,none,0.0,577.5
high_altitude,400,vibration,991.0,54.70597589821474,55.27362332140738,580.1049447399778,1445.4594165476708,65.6254669058411,6.617248073553853,4.171026602564684,0.16508234238071323,12.84814199847807,19.812553825053957,0.7527087568294755,7000.0,-30.5,0.5,vibration,0.002,576.5
high_altitude,400,vibration,992.0,54.70136366335787,54.6349626214066,581.9280674357095,1439.1435634693794,66.18957863481538,6.868786513275948,4.171026602564684,0.20266176888688095,12.893051812270656,20.052720732374826,0.7524771961716521,7000.0,-30.5,0.5,vibration,0.003,575.5
high_altitude,400,vibration,993.0,54.69686124361664,54.46207010642656,581.5267732671649,1451.5963947247674,65.0215957342728,6.118941440509585,4.171026602564684,0.16491569760798303,12.921100792269955,19.983906508468,0.7522449645709257,7000.0,-30.5,0.5,vibration,0.005,574.5
high_altitude,400,vibration,994.0,54.692466024345435,54.35910130481257,585.2248612332525,1443.4986846353706,65.59141310442598,6.629926986352837,4.171026602564684,0.25558211812385356,12.837360450266596,20.06986013982265,0.7520120780021278,7000.0,-30.5,0.5,vibration,0.007,573.5
high_altitude,400,vibration,995.0,54.68817545315212,55.85143674021677,579.4510862492838,1446.759216973539,64.90748645571676,6.011894206460049,4.171026602564684,0.21729941267754477,12.919409100233167,19.71411971758196,0.7517785520597358,7000.0,-30.5,0.5,vibration,0.009,572.5
high_altitude,400,vibration,996.0,54.683987038415786,54.751936215351385,580.8810750184892,1447.5503709687362,65.88720963129673,6.475143111116278,4.171026602564684,0.23314620675936096,12.939780292624542,19.831577052825928,0.7515444019669308,7000.0,-30.5,0.5,vibration,0.01,571.5
high_altitude,400,vibration,997.0,54.679898347839845,55.16561796467406,580.1821053831895,1443.0017853337315,65.15933589413929,6.296994924757965,4.171026602564684,0.14157704075167482,12.798497702075423,20.026791262644807,0.751309642584437,7000.0,-30.5,0.5,vibration,0.012,570.5
high_altitude,400,vibration,998.0,54.67590700703952,54.30566569291724,583.2003656737601,1447.1018764308874,65.0470691601684,6.772887067115177,4.171026602564684,0.27690177088128004,12.844568691979422,20.32900906931348,0.7510742884191516,7000.0,-30.5,0.5,vibration,0.014,569.5
high_altitude,400,vibration,999.0,54.672010698163014,54.93557695531919,584.0631762450396,1452.2026552380078,65.80269715523455,6.352613527153071,4.171026602564684,0.22699249806576097,12.957078727004196,19.71074475219298,0.7508383536325696,7000.0,-30.5,0.5,vibration,0.016,568.5
high_altitude,400,vibration,1000.0,54.66820715854547,54.364566106766674,580.3900813093248,1452.4828834977739,65.09855126502143,5.516151774883679,4.171026602564684,0.2299873416182142,12.921849301957133,20.24136557840798,0.7506018520490075,7000.0,-30.5,0.5,vibration,0.017,567.5
high_altitude,400,vibration,1001.0,54.664494179395014,53.72177924652882,578.634477131785,1447.1479747144606,65.45642417230448,6.757571531257631,4.171026602564684,0.3290637013619119,12.90754406443635,20.43346559448968,0.7503647971636318,7000.0,-30.5,0.5,vibration,0.019,566.5
high_altitude,400,vibration,1002.0,54.66086960451004,54.31204537945482,579.0468603766867,1449.1685767144616,64.97804731459001,6.297428276694888,4.171026602564684,0.22868066740685464,12.947002551867392,19.828198707981453,0.7501272021502949,7000.0,-30.5,0.5,vibration,0.021,565.5
high_altitude,400,vibration,1003.0,54.657331329027095,54.67735018762002,577.5179569808275,1443.0194645610052,66.62328962592801,6.675317900578329,4.171026602564684,0.23440490632017702,12.912270851208715,19.882898866240122,0.7498890798691866,7000.0,-30.5,0.5,vibration,0.023,564.5
high_altitude,400,vibration,1004.0,54.6538772981985,54.74845714288872,583.4394199821336,1450.6775887520005,66.11154519987387,5.787488218114432,4.171026602564684,0.2032238514912341,12.860879894437016,20.058463805454572,0.7496504428743014,7000.0,-30.5,0.5,vibration,0.024,563.5
high_altitude,400,vibration,1005.0,54.65050550619916,55.075523081213674,584.1916963860745,1437.6281329211145,65.20881989032675,6.394982169484966,4.171026602564684,0.24096693118183043,12.84885695029327,20.02291073220228,0.749411303420729,7000.0,-30.5,0.5,vibration,0.026,562.5
high_altitude,400,vibration,1006.0,54.64721399496171,54.1744854245641,581.1313141746485,1448.416566452392,64.82941362418781,6.34758892815969,4.171026602564684,0.21266135791134078,12.855105057003058,20.11235676559298,0.7491716734717718,7000.0,-30.5,0.5,vibration,0.028,561.5
high_altitude,400,vibration,1007.0,54.64400085303944,55.017483505799376,582.2400980579287,1449.4303907421217,66.26091074629971,5.855463820509034,4.171026602564684,0.2838343532472176,12.846464574742901,20.161371561144286,0.7489315647058912,7000.0,-30.5,0.5,vibration,0.029,560.5
high_altitude,400,vibration,1008.0,54.64086421449626,54.820787665604094,576.9355835984812,1433.8029958820366,64.81319385153348,6.678909399589255,4.171026602564684,0.17125807393677503,12.947524208833942,20.106165119708315,0.74869098852349,7000.0,-30.5,0.5,vibration,0.031,559.5
high_altitude,400,vibration,1009.0,54.63780225782316,53.915311154156356,575.5431531162499,1446.6227164218608,65.96906837133658,5.75059887372522,4.171026602564684,0.24580005196429333,12.890790180744919,20.052034337397885,0.7484499560535334,7000.0,-30.5,0.5,vibration,0.033,558.5
high_altitude,400,vibration,1010.0,54.63481320488037,54.63051943112542,586.3553988296776,1445.9804809590019,65.14018404784912,5.8506335866974535,4.171026602564684,0.23554248703921357,12.929197306304996,20.20672484035354,0.7482084781600102,7000.0,-30.5,0.5,vibration,0.035,557.5
high_altitude,400,vibration,1011.0,54.631895319864796,54.58197714016514,582.4644457258482,1441.026955912439,66.37563738270633,6.236650433476233,4.171026602564684,0.24088281957172328,12.954213147327238,19.993432309602817,0.7479665654482439,7000.0,-30.5,0.5,vibration,0.036,556.5
high_altitude,400,vibration,1012.0,54.62904690830197,54.626463198389516,584.2583670898774,1450.7330852136138,65.1026409684918,6.9335699550566225,4.171026602564684,0.34468134827641794,12.918912962582867,19.75783927468298,0.7477242282710496,7000.0,-30.5,0.5,vibration,0.038,555.5
high_altitude,400,vibration,1013.0,54.62626631606207,54.00354869176851,578.4572784936466,1444.9230190574335,65.65534078972853,6.2668465560604965,4.171026602564684,0.41110991255934687,12.873390609025043,19.79379356681326,0.7474814767347471,7000.0,-30.5,0.5,vibration,0.04,554.5
high_altitude,400,vibration,1014.0,54.623551928399316,54.76458472959667,574.6227969836893,1447.2744604905179,65.10559659214377,5.57287265002939,4.171026602564684,0.2963810074181779,12.817995074733469,20.076133407554973,0.7472383207050294,7000.0,-30.5,0.5,vibration,0.042,553.5
high_altitude,400,vibration,1015.0,54.620902169014244,54.23831508442519,581.4981239485528,1461.5948889054614,65.61757286120192,5.188570364473237,4.171026602564684,0.267659228160228,12.853821992128301,19.59256658630682,0.7469947698126921,7000.0,-30.5,0.5,vibration,0.043,552.5
high_altitude,400,vibration,1016.0,54.61831549913834,54.775987780741076,580.5669681579412,1446.2178507349572,65.6388399511475,5.930476499910887,4.171026602564684,0.2783160716169077,12.934059628194937,19.981039464992495,0.7467508334592261,7000.0,-30.5,0.5,vibration,0.045,551.5
high_altitude,400,vibration,1017.0,54.61579041664043,55.267043913019,580.4226768217391,1441.0650515441478,65.98806185039881,6.518657512725048,4.171026602564684,0.26507180841344646,12.832119095659687,20.044377697213548,0.7465065208222774,7000.0,-30.5,0.5,vibration,0.047,550.5
high_altitude,400,vibration,1018.0,54.613325455154374,54.74031147064308,578.9097189502027,1443.7993413672343,66.18798208906128,5.909899476966758,4.171026602564684,0.3369748883507216,12.903991424894318,19.625060874689165,0.7462618408609766,7000.0,-30.5,0.5,vibration,0.048,549.5
high_altitude,400,vibration,1019.0,54.610919183227516,54.1768976771448,579.4203415271329,1434.3723934960158,65.20984560308534,5.337619315253002,4.171026602564684,0.33104669227564304,12.84703646434191,19.835234854080415,0.7460168023211414,7000.0,-30.5,0.5,vibration,0.05,548.5
high_altitude,400,vibration,1020.0,54.608570203489386,53.25313093492449,578.1602199033578,1445.501128673745,65.15373180378641,6.784105471736353,4.171026602564684,0.22173479669139093,12.86952986253816,19.80339359717345,0.7457714137403562,7000.0,-30.5,0.5,vibration,0.052,547.5
high_altitude,400,vibration,1021.0,54.60627715184026,54.20690960190017,580.7130410692719,1440.6980936171265,65.4219122241095,5.93397191089342,4.171026602564684,0.37192725596608384,12.891994873919211,20.177348539362317,0.7455256834529292,7000.0,-30.5,0.5,vibration,0.054,546.5
high_altitude,400,vibration,1022.0,54.604038696658975,54.66901165527815,583.2809550714194,1453.2587350375964,66.33548236220862,6.739043606991695,4.171026602564684,0.2925476942293648,12.915101914929938,19.934997760004876,0.7452796195947329,7000.0,-30.5,0.5,vibration,0.055,545.5
high_altitude,400,vibration,1023.0,54.60185353802962,55.24772379178653,581.99901092633,1439.0928335688786,64.78584957091869,5.231081540806275,4.171026602564684,0.28900013271471775,12.924736172516,19.954382787404374,0.7450332301079283,7000.0,-30.5,0.5,vibration,0.057,544.5
high_altitude,400,vibration,1024.0,54.599720406986684,54.455232960516796,582.5188759781923,1437.405847061372,66.57800218246447,6.347392046257296,4.171026602564684,0.3380173069055965,12.899034818867579,20.00627833864249,0.7447865227455777,7000.0,-30.5,0.5,vibration,0.059,543.5
high_altitude,400,vibration,1025.0,54.5976380647781,54.91602839982998,577.9003387370344,1442.450084102685,65.62986339021371,5.313670892384414,4.171026602564684,0.2520114524122745,12.805448142550555,20.190075867746295,0.7445395050761463,7000.0,-30.5,0.5,vibration,0.061,542.5
high_altitude,400,vibration,1026.0,54.59560530214591,54.98813582146667,577.1451042036639,1446.8853358586193,66.40088310019233,6.131493486397727,4.171026602564684,0.35365808338995314,12.874005015249923,20.623046234809713,0.744292184487898,7000.0,-30.5,0.5,vibration,0.062,541.5
high_altitude,400,vibration,1027.0,54.593620938624014,54.318515012770575,585.164099509092,1450.3080693943848,65.1516304471779,6.108887570475573,4.171026602564684,0.315913120643253,12.8596906879401,20.160317669099648,0.7440445681931857,7000.0,-30.5,0.5,vibration,0.064,540.5
high_altitude,400,vibration,1028.0,54.591683821852634,55.07581549142455,577.7798927764184,1439.70510945177,65.71636547998459,5.823345154346719,4.171026602564684,0.25416929563940455,12.845065246485362,20.3648574937725,0.7437966632326394,7000.0,-30.5,0.5,vibration,0.066,539.5
high_altitude,400,vibration,1029.0,54.58979282690915,54.4292474547691,582.0036243951821,1440.1082285668224,65.93962059368394,6.024841921332056,4.171026602564684,0.32869162963707493,12.887318526626418,20.051747856592765,0.743548476479255,7000.0,-30.5,0.5,vibration,0.068,538.5
high_altitude,400,vibration,1030.0,54.58794685565479,53.72520053484489,578.4437074864929,1444.5584765989022,66.18446495952487,5.526163041287184,4.171026602564684,0.2555605555353828,12.954355666077197,20.202136309591413,0.743300014642386,7000.0,-30.5,0.5,vibration,0.069,537.5
high_altitude,400,vibration,1031.0,54.58614483609697,54.41805274435183,583.6072545361166,1441.32389935982,64.98039078724601,6.132861813312515,4.171026602564684,0.28579430487413204,12.851570039201247,19.805270681525627,0.7430512842716391,7000.0,-30.5,0.5,vibration,0.071,536.5
high_altitude,400,vibration,1032.0,54.584385721766715,54.886407885709794,582.511295541179,1445.6941349503732,64.72974868035732,6.73842738973538,4.171026602564684,0.4225700399420884,12.810166289625883,19.98244544630916,0.7428022917606782,7000.0,-30.5,0.5,vibration,0.073,535.5
high_altitude,400,vibration,1033.0,54.58266849111099,53.99620327885543,581.9612805048599,1443.1854824245295,65.3362317380201,6.165842883720854,4.171026602564684,0.2010659233741624,12.81050860902859,19.78330377446631,0.7425530433509367,7000.0,-30.5,0.5,vibration,0.074,534.5
high_altitude,400,vibration,1034.0,54.58099214689944,55.67838872137442,579.8343029590914,1444.5577411910497,65.98369879970808,6.244622201008878,4.171026602564684,0.22835801084438428,12.965339914493677,20.006490522927198,0.742303545135243,7000.0,-30.5,0.5,vibration,0.076,533.5
high_altitude,400,vibration,1035.0,54.57935571564531,54.75835570859559,576.4391019099514,1447.3187674012036,64.99060021445472,6.139864513324263,4.171026602564684,0.3623924071315872,12.934039774693268,20.300974458404486,0.7420538030613576,7000.0,-30.5,0.5,vibration,0.078,532.5
high_altitude,400,vibration,1036.0,54.577758247040094,55.033311804554394,579.606545102373,1440.5626623179262,64.69516670652446,5.473710001665571,4.171026602564684,0.33415442356653724,12.873199162660711,19.390005790230862,0.7418038229354281,7000.0,-30.5,0.5,vibration,0.08,531.5
high_altitude,400,vibration,1037.0,54.57619881340167,53.90575103320113,577.9080658608825,1436.1344671055676,64.52787574588403,6.6485610179590635,4.171026602564684,0.32084264921363803,12.857353490157204,20.093581475026113,0.7415536104253603,7000.0,-30.5,0.5,vibration,0.081,530.5
high_altitude,400,vibration,1038.0,54.574676509135585,55.10013504256923,579.8440804931433,1447.4728531073256,65.90111797427522,5.805258354966319,4.171026602564684,0.34116713311052377,12.873012954585205,20.216161809708815,0.7413031710641098,7000.0,-30.5,0.5,vibration,0.083,529.5
high_altitude,400,vibration,1039.0,54.57319045020917,53.95464455809569,585.651327272495,1446.5888855175572,65.6016734755271,5.079219219807347,4.171026602564684,0.2613754788266536,12.862446332049245,20.014173910700162,0.7410525102528951,7000.0,-30.5,0.5,vibration,0.085,528.5
high_altitude,400,vibration,1040.0,54.57173977363814,54.201017293325314,585.8663605901869,1439.3077641789628,64.60078139847988,5.83917976935255,4.171026602564684,0.29028731643521494,12.84603396453185,19.785806924467835,0.7408016332643347,7000.0,-30.5,0.5,vibration,0.087,527.5
high_altitude,400,vibration,1041.0,54.57032363698548,53.845111872810755,586.5463431630332,1443.1439536903558,65.35966057517281,6.582122008507307,4.171026602564684,0.3701289405257455,12.952450790613875,20.152588654222996,0.7405505452455081,7000.0,-30.5,0.5,vibration,0.088,526.5
high_altitude,400,vibration,1042.0,54.56894121787216,54.44974686607936,580.6647846018652,1445.1160342248977,65.3603114260347,6.488584728180118,4.171026602564684,0.31790109998934946,12.922830482689733,19.744802769781234,0.7402992512209454,7000.0,-30.5,0.5,vibration,0.09,525.5
high_altitude,400,vibration,1043.0,54.56759171349964,54.21388634941125,584.5694316371328,1441.44018276591,64.65327202371435,6.516628888440722,4.171026602564684,0.3117177544058125,12.814279696194435,20.056623701982453,0.7400477560955452,7000.0,-30.5,0.5,vibration,0.092,524.5
high_altitude,400,vibration,1044.0,54.566274340183604,54.21472980478349,579.07432343208,1440.347092556936,66.03249162676745,5.174189385008359,4.171026602564684,0.3259154744288977,12.8720861723079,19.939932613440558,0.7397960646574226,7000.0,-30.5,0.5,vibration,0.094,523.5
high_altitude,400,vibration,1045.0,54.564988332898906,54.499640305695294,580.3071957949007,1441.7502964654425,65.70858518435134,4.970897013831416,4.171026602564684,0.3356492256988558,12.799296236434525,19.952679214772452,0.73954418158069,7000.0,-30.5,0.5,vibration,0.095,522.5
high_altitude,400,vibration,1046.0,54.56373294483527,54.87823642387125,585.5441107598483,1440.9279072108864,65.23695858711903,5.799384935269947,4.171026602564684,0.3401405187445601,12.848339143886323,19.600099794277845,0.7392921114281714,7000.0,-30.5,0.5,vibration,0.097,521.5
high_altitude,400,vibration,1047.0,54.56250744696363,54.59815998974363,578.9659814933885,1433.3697381141922,65.93568442205793,5.839338119617525,4.171026602564684,0.35487134697244493,12.914183528519445,19.7242494719992,0.7390398586540525,7000.0,-30.5,0.5,vibration,0.099,520.5
high_altitude,400,vibration,1048.0,54.56131112761274,55.135832456767076,576.068774513355,1447.669754396397,65.47814950909729,6.150099541978782,4.171026602564684,0.42956250051580785,12.966871209152172,19.84733323371505,0.7387874276064663,7000.0,-30.5,0.5,vibration,0.1,519.5
high_altitude,400,vibration,1049.0,54.56014329205592,55.442016011636504,579.2842444185155,1449.9005160863355,65.5511209384445,5.840961685132461,4.171026602564684,0.31976872476496054,12.835708162849638,20.329321016355973,0.7385348225300193,7000.0,-30.5,0.5,vibration,0.102,518.5
high_altitude,400,vibration,1050.0,54.559003262107595,54.639273209342825,580.4197982534798,1440.2795245563634,65.71541077484112,5.938307963696883,4.171026602564684,0.3114334207630381,12.879241068263212,20.15136814972685,0.7382820475682559,7000.0,-30.5,0.5,vibration,0.104,517.5
high_altitude,400,vibration,1051.0,54.557890375729464,55.084245285942856,577.7729826627804,1450.0920275259193,65.92235526343616,6.190970496252452,4.171026602564684,0.34915101213634203,12.943639175152287,19.92901834217367,0.7380291067660644,7000.0,-30.5,0.5,vibration,0.106,516.5
high_altitude,400,vibration,1052.0,54.55680398664605,54.688203433048656,580.7199903270583,1442.0739920431906,66.01899701711518,5.738095963822692,4.171026602564684,0.3470632093331664,12.852281477832054,19.654300928237916,0.7377760040720265,7000.0,-30.5,0.5,vibration,0.107,515.5
high_altitude,400,vibration,1053.0,54.55574346396939,54.93873136086419,581.8867885328552,1448.092946574382,65.91417316920165,6.290181316137657,4.171026602564684,0.3506293193034445,12.868041528198491,20.107004051902894,0.7375227433407099,7000.0,-30.5,0.5,vibration,0.109,514.5
high_altitude,400,vibration,1054.0,54.55470819183265,54.24181577280193,583.7184472219369,1443.742318036983,65.73459177419905,6.9308814357360315,4.171026602564684,0.3755425585994022,12.87310741003177,19.637934486750467,0.7372693283349072,7000.0,-30.5,0.5,vibration,0.111,513.5
high_altitude,400,vibration,1055.0,54.5536975690325,54.54325107702816,577.366450437626,1444.8227682486117,65.17833121948415,5.586200235433099,4.171026602564684,0.34046407453781335,12.918823753292758,19.80800859611783,0.73701576272782,7000.0,-30.5,0.5,vibration,0.113,512.5
high_altitude,400,vibration,1056.0,54.55271100867997,54.23063451211589,581.0018301314915,1446.4536760936908,65.35705712515248,5.527754089998947,4.171026602564684,0.4158964424778535,12.841400645795932,20.260492082205907,0.7367620501051937,7000.0,-30.5,0.5,vibration,0.114,511.5
high_altitude,400,vibration,1057.0,54.551747937859645,54.43393017222314,581.9444626701207,1430.5489865002614,65.4863020557927,5.692030283291966,4.171026602564684,0.23149211551901627,12.807732497134785,19.979002518449207,0.736508193967398,7000.0,-30.5,0.5,vibration,0.116,510.5
high_altitude,400,vibration,1058.0,54.55080779729694,55.536144264553634,582.678388763346,1442.132430157757,66.00072637242029,5.539220927152584,4.171026602564684,0.2693209237872715,12.809676261365436,19.952284538036,0.7362541977314606,7000.0,-30.5,0.5,vibration,0.118,509.5
high_altitude,400,vibration,1059.0,54.54989004103335,55.376024802609074,582.506165301785,1442.028012700667,65.68256116257001,6.03927014069616,4.171026602564684,0.34987710373261705,12.969189517502732,20.00636817833826,0.7360000647330519,7000.0,-30.5,0.5,vibration,0.119,508.5
high_altitude,400,vibration,1060.0,54.54899413610937,54.5124454629128,580.6245564091937,1452.0054820210573,65.52810709172466,5.929162037851685,4.171026602564684,0.3593275339866646,12.898490188959798,19.683027626035766,0.7357457982284209,7000.0,-30.5,0.5,vibration,0.121,507.5
high_altitude,400,vibration,1061.0,54.54811956225501,55.07861585868147,578.5769197356618,1438.9409890289526,65.49314301327333,5.2066121647409895,4.171026602564684,0.38443174467192265,12.837474551765322,19.956491212309675,0.7354914013962872,7000.0,-30.5,0.5,vibration,0.123,506.5
high_altitude,400,vibration,1062.0,54.54726581158766,54.4837909965213,579.8873767466554,1447.8075295493268,65.29854819239875,6.170966298073297,4.171026602564684,0.37147985882343737,12.895480847731625,20.136271274457357,0.735236877339687,7000.0,-30.5,0.5,vibration,0.125,505.5
high_altitude,400,vibration,1063.0,54.54643238831714,55.31335929232163,583.598209590504,1447.351709701352,65.15821883844661,6.318187080276067,4.171026602564684,0.3765420881618767,12.86484116065325,19.920676755491503,0.7349822290877737,7000.0,-30.5,0.5,vibration,0.126,504.5
high_altitude,400,vibration,1064.0,54.54561880845783,55.27476020230218,577.8994652123973,1434.1626397306563,66.30402911804701,5.707257191337853,4.171026602564684,0.33205445206971196,12.877311849308967,19.669822424689375,0.7347274595975788,7000.0,-30.5,0.5,vibration,0.128,503.5
high_altitude,400,vibration,1065.0,54.54482459954755,54.22691948664062,586.3303583803942,1439.8526769241068,65.52100703335074,5.411538687627631,4.171026602564684,0.40574784705342154,12.868069075102289,19.93340406020185,0.7344725717557281,7000.0,-30.5,0.5,vibration,0.13,502.5
high_altitude,400,vibration,1066.0,54.54404930037323,54.30909155779244,575.7914021762621,1445.1053847822275,65.923022600994,6.39848789183636,4.171026602564684,0.46257769527876036,12.896135926983053,19.926732362488686,0.7342175683801182,7000.0,-30.5,0.5,vibration,0.132,501.5
high_altitude,400,vibration,1067.0,54.543292460703064,54.57146104761329,584.9694640328883,1445.2620955192076,65.09640693853432,5.968461714050924,4.171026602564684,0.3249239713500204,12.847466315433413,19.743499134253998,0.7339624522215528,7000.0,-30.5,0.5,vibration,0.133,500.5
high_altitude,400,vibration,1068.0,54.542553641025044,54.62909124788685,579.6051318414565,1455.970564281196,66.69169206770663,5.54465279404841,4.171026602564684,0.4558302672707694,12.814269050569637,20.269472091640406,0.7337072259653403,7000.0,-30.5,0.5,vibration,0.135,499.5
high_altitude,400,vibration,1069.0,54.54183241229174,54.45661959800411,580.8849254185436,1434.6171726491934,65.66181444439373,6.045768420370395,4.171026602564684,0.3242880330881831,12.812694723553228,20.276762301725203,0.7334518922328533,7000.0,-30.5,0.5,vibration,0.137,498.5
high_altitude,400,vibration,1070.0,54.541128355671134,54.07323508140964,583.3100761807764,1441.1738834654593,65.95266737577926,6.53963536467702,4.171026602564684,0.3437242894739108,12.921593437603939,19.596655449935255,0.7331964535830509,7000.0,-30.5,0.5,vibration,0.139,497.5
high_altitude,400,vibration,1071.0,54.540441062303394,54.0279431259543,581.194148665555,1445.0523188633506,65.3063087887506,5.512017520062018,4.171026602564684,0.4177115244468627,12.819870655227485,20.214079341927658,0.7329409125139641,7000.0,-30.5,0.5,vibration,0.14,496.5
high_altitude,400,vibration,1072.0,54.53977013306346,54.634603353281285,580.5038406825948,1443.9700330463947,65.26686579573152,5.39877953803315,4.171026602564684,0.39237456641672336,12.88117365742717,19.800626837134953,0.7326852714641474,7000.0,-30.5,0.5,vibration,0.142,495.5
high_altitude,400,vibration,1073.0,54.53911517832924,53.84470415872809,582.2477570779178,1447.0509321207373,65.67157216886822,6.17145483638902,4.171026602564684,0.5156487616269249,12.736567873148502,19.99559927136441,0.7324295328140946,7000.0,-30.5,0.5,vibration,0.144,494.5
high_altitude,400,vibration,1074.0,54.538475817755355,54.47835924044386,585.2258833490249,1431.6384262894571,64.67296283279792,5.553795149331381,4.171026602564684,0.5049938117758969,12.883462539318867,19.943575490533362,0.7321736988876206,7000.0,-30.5,0.5,vibration,0.145,493.5
high_altitude,400,vibration,1075.0,54.53785168005228,54.56297701590935,581.7897177628904,1433.935503118485,65.89848622713131,5.777827841915784,4.171026602564684,0.47270877395641486,12.838996160443813,20.32437815778038,0.7319177719532117,7000.0,-30.5,0.5,vibration,0.147,492.5
high_altitude,400,vibration,1076.0,54.5372424027707,55.1648877517415,582.0051663841876,1447.6035553306267,65.78262849547234,6.845059123993741,4.171026602564684,0.4440231036667326,12.871829892540806,20.126296919714463,0.7316617542253427,7000.0,-30.5,0.5,vibration,0.149,491.5
high_altitude,400,vibration,1077.0,54.53664763209107,55.11640506880173,586.0262790596455,1441.1790477558607,66.00748574055619,5.787921191697509,4.171026602564684,0.46742143387819046,12.868193414382365,20.12470733164694,0.7314056478657623,7000.0,-30.5,0.5,vibration,0.151,490.5
high_altitude,400,vibration,1078.0,54.53606702261809,54.11299865617107,581.2638581990798,1445.2693475478907,65.23997414254946,5.937231365181929,4.171026602564684,0.3187701011826631,12.941266972883438,19.826118325389295,0.7311494549847495,7000.0,-30.5,0.5,vibration,0.152,489.5
high_altitude,400,vibration,1079.0,54.53550023718019,55.06135752751818,579.1450364767787,1448.0396799443176,65.50146358897408,5.4445464128050585,4.171026602564684,0.38029550775198784,12.91192997517394,19.90988083757251,0.7308931776423385,7000.0,-30.5,0.5,vibration,0.154,488.5
high_altitude,400,vibration,1080.0,54.53494694663366,54.13396701320877,587.196513798492,1446.533713091273,64.76402997871118,5.704301555264571,4.171026602564684,0.5052252268019237,12.923703580638112,19.821358965792314,0.7306368178495148,7000.0,-30.5,0.5,vibration,0.156,487.5
high_altitude,400,vibration,1081.0,54.534406829671575,53.89411724674901,586.560798525406,1441.629171734885,67.01376793804792,6.052357025019415,4.171026602564684,0.4080081915729795,12.897808314956816,19.9218430504019,0.7303803775693838,7000.0,-30.5,0.5,vibration,0.158,486.5
high_altitude,400,vibration,1082.0,54.53387957263716,54.05977546853785,581.0213553259447,1438.894822985676,65.24249195432368,5.310889738252352,4.171026602564684,0.39474205399999784,12.80147765595639,19.71988282853858,0.7301238587183094,7000.0,-30.5,0.5,vibration,0.159,485.5
high_altitude,400,vibration,1083.0,54.53336486934166,53.99857537557813,581.2873821366646,1452.2120166973461,65.80441869663987,6.022591007841373,4.171026602564684,0.3486749247524188,12.912213222268143,19.887725357015018,0.7298672631670289,7000.0,-30.5,0.5,vibration,0.161,484.5
high_altitude,400,vibration,1084.0,54.53286242088653,54.80172172651448,579.2713090129017,1447.1621080445161,65.16276546047091,5.55395412591859,4.171026602564684,0.45208708698603445,12.82743074863678,20.0516188148458,0.7296105927417373,7000.0,-30.5,0.5,vibration,0.163,483.5
high_altitude,400,vibration,1085.0,54.532371935489856,54.06895337054398,585.1615814604802,1450.361504713642,66.72986098563386,5.563225366461656,4.171026602564684,0.4493661979577338,12.978856022199391,20.14847463656505,0.7293538492251495,7000.0,-30.5,0.5,vibration,0.165,482.5
high_altitude,400,vibration,1086.0,54.53189312831691,53.437951178591724,581.1972850926184,1437.4038024350282,65.09818119096252,5.4408523921295115,4.171026602564684,0.47613111857228296,12.891409531845394,19.838675148956437,0.7290970343575341,7000.0,-30.5,0.5,vibration,0.166,481.5
high_altitude,400,vibration,1087.0,54.53142572131475,54.28491039868891,579.691594764255,1447.5468260282034,64.55865489762236,5.735142147059257,4.171026602564684,0.4604442749436311,12.993074893121282,19.938526692709743,0.7288401498377254,7000.0,-30.5,0.5,vibration,0.168,480.5
high_altitude,400,vibration,1088.0,54.530969443050736,55.23398890015436,578.5403501800702,1455.9808766296403,65.10907416315703,4.993706302085198,4.171026602564684,0.39157837743358814,12.887646537264645,20.035933238256515,0.7285831973241086,7000.0,-30.5,0.5,vibration,0.17,479.5
high_altitude,400,vibration,1089.0,54.530524028554915,54.38692549234636,577.1808476586781,1445.657001054935,65.2964911920578,5.6823938107290015,4.171026602564684,0.44222080600775643,12.79922242637793,19.823711168399612,0.7283261784355841,7000.0,-30.5,0.5,vibration,0.171,478.5
high_altitude,400,vibration,1090.0,54.530089219166136,54.68767099011845,582.9892741894038,1440.146608767313,66.47384862137109,5.5951600990660015,4.171026602564684,0.35153365401725817,12.883404265906798,19.792313581459318,0.7280690947525071,7000.0,-30.5,0.5,vibration,0.173,477.5
high_altitude,400,vibration,1091.0,54.52966476238185,55.016657321584994,583.5993071851719,1436.5071161820765,65.52375078913353,6.325180433967639,4.171026602564684,0.46579867499672456,12.941607299660832,19.654326706759008,0.7278119478176046,7000.0,-30.5,0.5,vibration,0.175,476.5
high_altitude,400,vibration,1092.0,54.52925041171147,55.057217133657694,582.1202413298388,1435.7363394814113,65.57902084713629,5.758195688448053,4.171026602564684,0.5464045745686643,12.918514874501094,19.84764385377253,0.7275547391368726,7000.0,-30.5,0.5,vibration,0.177,475.5
high_altitude,400,vibration,1093.0,54.52884592653325,54.611120126748304,582.1152089705665,1442.183323225856,65.54678873307725,5.78102639271498,4.171026602564684,0.4915255559053612,12.794330595657353,19.94101087604801,0.72729747018045,7000.0,-30.5,0.5,vibration,0.178,474.5
high_altitude,400,vibration,1094.0,54.528451071954514,55.05822301769264,584.5814855906713,1447.7845124632952,64.63045136215347,6.053744851837085,4.171026602564684,0.40068538384605856,13.011892597321019,19.89142576426194,0.7270401423834723,7000.0,-30.5,0.5,vibration,0.18,473.5
high_altitude,400,vibration,1095.0,54.52806561867527,54.301348890373504,577.4173257527206,1452.9172804253503,65.00003077308808,4.313454583253718,4.171026602564684,0.5534667102697818,12.826072078723907,20.10478392441927,0.7267827571469049,7000.0,-30.5,0.5,vibration,0.182,472.5
high_altitude,400,vibration,1096.0,54.527689342855055,54.74010985620916,574.6898221694368,1443.9380610270669,66.24309033463469,4.873525313643353,4.171026602564684,0.4729067894374346,12.863692349094903,19.87756123527656,0.7265253158383571,7000.0,-30.5,0.5,vibration,0.184,471.5
high_altitude,400,vibration,1097.0,54.52732202598294,54.43451635399126,575.3967086954244,1436.9923407465035,65.15639259109216,5.355393317600496,4.171026602564684,0.48551708913239233,12.798010007653708,20.11141913686876,0.7262678197928762,7000.0,-30.5,0.5,vibration,0.185,470.5
high_altitude,400,vibration,1098.0,54.526963454750636,55.398767122900885,578.7548113179283,1446.631041651112,66.47540816044729,5.402510023691122,4.171026602564684,0.4548189165363219,12.953956388222208,20.15462925644637,0.7260102703137226,7000.0,-30.5,0.5,vibration,0.187,469.5
high_altitude,400,vibration,1099.0,54.526613420928626,54.19508464620422,581.1930496576256,1445.03343439768,66.55763321567447,5.245000454623993,4.171026602564684,0.5853403946610697,12.80857974883634,20.192372484529077,0.7257526686731264,7000.0,-30.5,0.5,vibration,0.189,468.5
high_altitude,400,vibration,1100.0,54.52627172124524,54.61243304300374,575.4740028604787,1448.5007555316458,66.85250785847317,5.107962133746527,4.171026602564684,0.4794555726655295,12.747965876972765,19.762885435543186,0.7254950161130266,7000.0,-30.5,0.5,vibration,0.19,467.5
high_altitude,400,vibration,1101.0,54.52593815726859,54.009402029708646,579.2499287749373,1442.1683897225655,65.6098214094058,5.925339283012174,4.171026602564684,0.45986982362080037,12.909058120536661,19.6987286888445,0.7252373138457927,7000.0,-30.5,0.5,vibration,0.192,466.5
high_altitude,400,vibration,1102.0,54.525612535291394,53.904762784904634,581.0956781539725,1437.2503454672012,66.10063788227858,4.89621484078799,4.171026602564684,0.41741269065899755,12.759236780682379,19.830358609517877,0.7249795630549276,7000.0,-30.5,0.5,vibration,0.194,465.5
high_altitude,400,vibration,1103.0,54.525294666218414,54.562297520367714,578.6126164772462,1441.5540435518465,64.72833547253471,5.394864689226581,4.171026602564684,0.4680819237842025,12.890950435740514,20.492161520312067,0.724721764895756,7000.0,-30.5,0.5,vibration,0.196,464.5
high_altitude,400,vibration,1104.0,54.524984365456696,54.674639232064166,574.1840284138759,1447.0143240636608,65.09135060389427,5.989392115170139,4.171026602564684,0.4535014566004336,12.888094463494838,19.88278992516906,0.7244639204960946,7000.0,-30.5,0.5,vibration,0.197,463.5
high_altitude,400,vibration,1105.0,54.52468145280835,53.96913997553178,582.1917211490617,1447.9256887429742,66.1973774458637,5.721904431934028,4.171026602564684,0.4543371819349061,12.90727060585191,19.680386708908937,0.7242060309569076,7000.0,-30.5,0.5,vibration,0.199,462.5
high_altitude,400,vibration,1106.0,54.524385752365916,54.98410505867341,582.7122324035981,1457.8556826793301,65.36928475896815,4.981537858135913,4.171026602564684,0.547952834456355,12.875808306444894,20.044459275944874,0.7239480973529455,7000.0,-30.5,0.5,vibration,0.201,461.5
high_altitude,400,vibration,1107.0,54.52409709241021,54.74094373322384,579.2608227012921,1438.1765523275544,66.06572237563309,5.629485754702222,4.171026602564684,0.5479992031589886,12.81712522738239,19.83613039092941,0.7236901207333697,7000.0,-30.5,0.5,vibration,0.203,460.5
high_altitude,400,vibration,1108.0,54.52381530531059,55.057925651565384,579.182517068501,1435.428294618901,65.24655519244347,6.15552554798389,4.171026602564684,0.5550723470763514,12.891678713179086,20.39101188066352,0.7234321021223613,7000.0,-30.5,0.5,vibration,0.204,459.5
high_altitude,400,vibration,1109.0,54.52354022742763,54.76556106397264,582.8519042809464,1444.9714665948684,65.78566482496595,4.984060699277204,4.171026602564684,0.5573820002429947,12.836702049619348,20.51960177353673,0.7231740425197164,7000.0,-30.5,0.5,vibration,0.206,458.5
high_altitude,400,vibration,1110.0,54.523271699018075,54.02451408366876,577.4126293301651,1449.1434917434892,66.1725858319878,6.581746047378609,4.171026602564684,0.4546847657528028,12.940056535524146,20.138032114201906,0.7229159429014265,7000.0,-30.5,0.5,vibration,0.208,457.5
high_altitude,400,vibration,1111.0,54.52300956414208,54.215308666196464,583.0784165467722,1447.5399377208068,65.7992261373556,6.368484802686071,4.171026602564684,0.4850552413565429,12.994279519156459,20.206987329645994,0.7226578042202447,7000.0,-30.5,0.5,vibration,0.21,456.5
high_altitude,400,vibration,1112.0,54.522753670572655,55.29504582077056,576.0967275550069,1444.46989950081,65.28650752835954,4.793978770996067,4.171026602564684,0.5260698715998418,12.89035953025233,20.20360370837649,0.7223996274062403,7000.0,-30.5,0.5,vibration,0.211,455.5
high_altitude,400,vibration,1113.0,54.522503869707265,54.17454373542036,578.626568522101,1448.0730286760115,65.90863452554338,4.9475030521204335,4.171026602564684,0.5175536968272187,12.856501966817838,19.88307540170118,0.7221414133673374,7000.0,-30.5,0.5,vibration,0.213,454.5
high_altitude,400,vibration,1114.0,54.522260016481525,54.28687470278973,582.9903522844658,1436.5556102179746,65.32632437266662,5.2974104774868795,4.171026602564684,0.5587039250605591,12.815577934392888,19.900046967882666,0.7218831629898431,7000.0,-30.5,0.5,vibration,0.215,453.5
high_altitude,400,vibration,1115.0,54.52202196928497,54.82320875110141,581.367574294903,1448.282845872402,65.01254904440233,5.324316185199009,4.171026602564684,0.6513074735894859,12.927114545833712,20.197887436921004,0.721624877138962,7000.0,-30.5,0.5,vibration,0.216,452.5
high_altitude,400,vibration,1116.0,54.52178958987881,54.226949559345094,586.607129886791,1444.1399380321088,65.19436471504144,5.6625026070256155,4.171026602564684,0.5766852684570697,12.909717077029704,19.990946931748507,0.7213665566592986,7000.0,-30.5,0.5,vibration,0.218,451.5
high_altitude,400,vibration,1117.0,54.52156274331565,54.143508139740796,584.038227017047,1450.979665551144,65.0437119524194,5.3716388503199175,4.171026602564684,0.5439393262841273,12.917897882557144,20.285992883883942,0.7211082023753476,7000.0,-30.5,0.5,vibration,0.22,450.5
high_altitude,400,vibration,1118.0,54.521341297861134,54.75661336812668,579.3586438669142,1443.379702345375,66.1709216681061,6.2226071943996315,4.171026602564684,0.5080468219259067,12.879821426306636,19.996761935033966,0.720849815091973,7000.0,-30.5,0.5,vibration,0.222,449.5
high_altitude,400,vibration,1119.0,54.52112512491745,54.68042686596454,576.0776466065197,1443.8363978574462,65.74011230658441,5.532642666476408,4.171026602564684,0.5410990831349729,12.745586210783712,20.259639952817313,0.7205913955948755,7000.0,-30.5,0.5,vibration,0.223,448.5
high_altitude,400,vibration,1120.0,54.52091409894861,55.160379143367486,579.4218899219223,1436.9267090909066,65.87799222727293,5.514949635291882,4.171026602564684,0.5218524008480876,12.847630906230583,19.710726878491077,0.7203329446510482,7000.0,-30.5,0.5,vibration,0.225,447.5
high_altitude,400,vibration,1121.0,54.5207080974076,54.87566266395844,579.6458338540168,1441.8280255717054,65.48815808968016,5.40107430050623,4.171026602564684,0.528107896541035,12.795716003326419,19.900903062557376,0.7200744630092232,7000.0,-30.5,0.5,vibration,0.227,446.5
high_altitude,400,vibration,1122.0,54.520507000665184,53.65738294144195,581.9798552192688,1441.1721992338921,64.98412835539091,5.190071557780506,4.171026602564684,0.5041675319161192,12.934371922383562,19.880381993376194,0.7198159514003049,7000.0,-30.5,0.5,vibration,0.229,445.5
high_altitude,400,vibration,1123.0,54.520310691940445,54.92281936865389,579.85973920004,1447.8502338449944,66.11873734187505,5.5742074115312645,4.171026602564684,0.5114516369079231,12.838127495191534,19.971892192086816,0.7195574105377956,7000.0,-30.5,0.5,vibration,0.23,444.5
high_altitude,400,vibration,1124.0,54.52011905723296,55.29394756337459,577.3232360337834,1440.94873675396,65.45521269173808,5.615107315316962,4.171026602564684,0.6832826647493829,12.905150024792128,20.020271399303276,0.7192988411182095,7000.0,-30.5,0.5,vibration,0.232,443.5
high_altitude,400,vibration,1125.0,54.51993198525661,54.56102362536613,580.7068525869197,1445.8853869006487,65.9572782735793,4.468314292685168,4.171026602564684,0.5589889218518567,12.964799930205947,19.956628258325303,0.7190402438214767,7000.0,-30.5,0.5,vibration,0.234,442.5
high_altitude,400,vibration,1126.0,54.519749367374935,53.888188752647736,581.6918957480924,1443.2922531403697,65.30745240996092,4.996063251006242,4.171026602564684,0.6193878629668578,12.848210360459872,20.01748123552218,0.718781619311339,7000.0,-30.5,0.5,vibration,0.235,441.5
high_altitude,400,vibration,1127.0,54.51957109753806,55.07198026989944,576.635567666989,1448.6983327691712,65.4390988990225,5.860633983897451,4.171026602564684,0.5269281878194785,12.892866552825614,19.944420406754826,0.7185229682357346,7000.0,-30.5,0.5,vibration,0.237,440.5
high_altitude,400,vibration,1128.0,54.51939707222111,54.5700558991559,581.2349668013578,1446.0624205087458,65.51011270390981,5.267175215580503,4.171026602564684,0.41436759381259525,12.921542789629061,20.215091542654836,0.7182642912271745,7000.0,-30.5,0.5,vibration,0.239,439.5
high_altitude,400,vibration,1129.0,54.51922719036409,54.46103442558471,579.7070603092776,1448.318978966102,65.71076200487158,5.9643890279653355,4.171026602564684,0.5510382315456238,12.841275531011565,19.983302611331816,0.7180055889031102,7000.0,-30.5,0.5,vibration,0.241,438.5
high_altitude,400,vibration,1130.0,54.51906135331319,54.67448833846556,582.0640578735436,1450.9649787271082,65.51958570731189,6.4047333468682535,4.171026602564684,0.6168715445750526,12.834692511191589,20.145796762434397,0.7177468618662917,7000.0,-30.5,0.5,vibration,0.242,437.5
high_altitude,400,vibration,1131.0,54.5188994647635,54.65670877111102,579.6380248672779,1447.0362696878738,65.542596078936,5.724206404605186,4.171026602564684,0.5645132476999898,12.880630891221303,20.347417073372924,0.7174881107051179,7000.0,-30.5,0.5,vibration,0.244,436.5
high_altitude,400,vibration,1132.0,54.51874143070309,55.22139779530611,575.1830940228144,1444.5853964543592,65.38560006177278,5.678260516780792,4.171026602564684,0.4826445858025803,12.96878483849218,20.02974078741813,0.7172293359939782,7000.0,-30.5,0.5,vibration,0.246,435.5
high_altitude,400,vibration,1133.0,54.5185871593584,54.35774825722002,580.9946001218523,1454.2761675940549,65.85004957555401,5.669329323851015,4.171026602564684,0.6364729001630838,12.944293800302853,20.212502420184773,0.7169705382935861,7000.0,-30.5,0.5,vibration,0.248,434.5
high_altitude,400,vibration,1134.0,54.518436561140966,54.48940497194118,580.3538631972069,1439.2999657851994,65.96980288893823,5.76644658065066,4.171026602564684,0.6425915277380623,12.930200052219746,19.946193733391052,0.716711718151305,7000.0,-30.5,0.5,vibration,0.249,433.5
high_altitude,400,vibration,1135.0,54.51828954859538,53.8529680412496,580.2050673191369,1448.7546858246137,66.34769666604771,5.846280826897826,4.171026602564684,0.5762814451273242,12.955726567137125,20.34903482853556,0.716452876101465,7000.0,-30.5,0.5,vibration,0.251,432.5
high_altitude,400,vibration,1136.0,54.51814603634849,53.353778224781394,582.5274369878312,1448.9465710640845,65.92332299474114,5.7696755599186185,4.171026602564684,0.6350941837253946,12.87902420134081,19.812623543450957,0.7161940126656752,7000.0,-30.5,0.5,vibration,0.253,431.5
high_altitude,400,vibration,1137.0,54.51800594105986,54.87895715389276,576.8343319763148,1449.2000657040276,65.79981086466864,5.003346539399931,4.171026602564684,0.5965151267927975,12.909146992473158,20.31275899807168,0.7159351283531246,7000.0,-30.5,0.5,vibration,0.255,430.5
high_altitude,400,vibration,1138.0,54.51786918137334,53.93009729897179,581.8586522148194,1446.4126541482353,65.78041642805374,5.419660450392197,4.171026602564684,0.5047443796937836,12.872417053236875,20.104860217709117,0.7156762236608791,7000.0,-30.5,0.5,vibration,0.256,429.5
high_altitude,400,vibration,1139.0,54.51773567786984,55.62555785655556,581.3579133903615,1435.963096783944,65.62411020086942,5.4854551536109515,4.171026602564684,0.5987962521243536,12.875960212834592,19.88692837692989,0.7154172990741694,7000.0,-30.5,0.5,vibration,0.258,428.5
high_altitude,400,vibration,1140.0,54.51760535302118,54.30912139684239,578.9326868790562,1442.4149315684224,65.55506133797434,5.016571462999993,4.171026602564684,0.5570350018902984,12.944505143708561,20.376829474346504,0.7151583550666732,7000.0,-30.5,0.5,vibration,0.26,427.5
high_altitude,400,vibration,1141.0,54.51747813114511,54.9188645419428,580.0987597503753,1442.070750131844,65.48747496817217,5.110375881322874,4.171026602564684,0.6618362415230915,12.842779660943828,19.853766718357264,0.7148993921007902,7000.0,-30.5,0.5,vibration,0.261,426.5
high_altitude,400,vibration,1142.0,54.517353938361325,54.3616952365402,583.012363951113,1438.817063061632,65.06811427381824,6.000204591990044,4.171026602564684,0.5130417705069932,12.866846878566063,20.17414782921587,0.7146404106279107,7000.0,-30.5,0.5,vibration,0.263,425.5
high_altitude,400,vibration,1143.0,54.51723270254858,54.12271454647518,577.4765179197292,1444.6976161118077,66.37113652673139,4.597767153676224,4.171026602564684,0.6017843724400351,12.806937961571325,19.93488811677482,0.7143814110886775,7000.0,-30.5,0.5,vibration,0.265,424.5
high_altitude,400,vibration,1144.0,54.51711435330281,54.51709350979823,578.1059825919741,1446.8578783915307,65.83770692268742,4.544377240509103,4.171026602564684,0.5677868164241854,12.902195398769923,19.952798439505916,0.7141223939132415,7000.0,-30.5,0.5,vibration,0.267,423.5
high_altitude,400,vibration,1145.0,54.51699882189622,54.64495741719342,580.7572380680095,1440.5797891718635,64.74267744474957,5.8995523564056445,4.171026602564684,0.5152274321485832,12.923770717090006,19.913513424741463,0.7138633595215126,7000.0,-30.5,0.5,vibration,0.268,422.5
high_altitude,400,vibration,1146.0,54.51688604123741,55.1167479954007,579.1793666740222,1444.4532154764897,65.00257149605098,5.264423736208435,4.171026602564684,0.6127916380712602,12.875315480038592,20.302861671459144,0.7136043083234025,7000.0,-30.5,0.5,vibration,0.27,421.5
high_altitude,400,vibration,1147.0,54.516775945832386,54.03087237442551,581.6534691674918,1437.3675870483148,65.99433225194377,5.6681791904624985,4.171026602564684,0.6392007661478434,12.894010646784809,20.434733929968395,0.7133452407190631,7000.0,-30.5,0.5,vibration,0.272,420.5
high_altitude,400,vibration,1148.0,54.51666847174653,55.75834482640648,584.1341887089577,1440.1460938625075,65.17060228995581,5.120689932807548,4.171026602564684,0.6528969462873137,12.973828590884192,19.929666926040113,0.7130861570991189,7000.0,-30.5,0.5,vibration,0.274,419.5
high_altitude,400,vibration,1149.0,54.51656355656747,54.46175014623137,582.1158370564567,1452.5932538416323,65.10017946984205,5.600967596984334,4.171026602564684,0.6816993806840104,12.973256494663225,20.381789721130176,0.7128270578448939,7000.0,-30.5,0.5,vibration,0.275,418.5
high_altitude,400,vibration,1150.0,54.516461139368865,54.698917528210295,577.8613858070803,1443.4158943387995,65.54302931123809,5.83140847810818,4.171026602564684,0.5191954459953738,12.897945912957834,20.409361686856357,0.7125679433286328,7000.0,-30.5,0.5,vibration,0.277,417.5
high_altitude,400,vibration,1151.0,54.51636116067499,54.408804691802565,585.1128199090043,1435.7340323622586,65.43812990991759,5.902486715267576,4.171026602564684,0.5894838436112904,12.760776371429028,20.035625691758476,0.7123088139137175,7000.0,-30.5,0.5,vibration,0.279,416.5
high_altitude,400,vibration,1152.0,54.51626356242621,54.669258965767796,579.3366715596039,1448.9466101407727,65.50686715672373,5.7405075597800375,4.171026602564684,0.5989814574679022,12.908097118379189,20.180575528359558,0.7120496699548777,7000.0,-30.5,0.5,vibration,0.281,415.5
high_altitude,400,vibration,1153.0,54.516168287945256,54.047819128182184,581.3008990180481,1453.2917629485892,65.75597024381702,5.90559252320285,4.171026602564684,0.6196333198029089,12.807774431077384,20.008999184391843,0.7117905117983975,7000.0,-30.5,0.5,vibration,0.282,414.5
high_altitude,400,vibration,1154.0,54.51607528190433,54.577841338842134,581.8627589950542,1446.32458804743,66.07252276676641,5.083340177778576,4.171026602564684,0.6033605499608492,12.973259804770228,20.00860951103229,0.7115313397823158,7000.0,-30.5,0.5,vibration,0.284,413.5
high_altitude,400,vibration,1155.0,54.515984490292944,54.243253497444954,583.1562385621801,1446.8520190888285,66.04441131056878,6.549263156613756,4.171026602564684,0.534502120316477,12.891251906491101,19.687952038653354,0.711272154236623,7000.0,-30.5,0.5,vibration,0.286,412.5
high_altitude,400,vibration,1156.0,54.51589586038659,54.46034014509027,584.3926090830513,1452.0814958868016,65.45681521032027,5.291668033387087,4.171026602564684,0.5945884535639829,12.907295196530255,19.85411544078427,0.7110129554834532,7000.0,-30.5,0.5,vibration,0.287,411.5
high_altitude,400,vibration,1157.0,54.5158093407161,55.06245100215289,580.5913789433081,1457.6145427590595,66.4701343940587,5.574310785530599,4.171026602564684,0.6269756912254183,12.863154714758043,19.976426549426034,0.7107537438372697,7000.0,-30.5,0.5,vibration,0.289,410.5
high_altitude,400,vibration,1158.0,54.51572488103777,54.50171057496046,579.7033540009211,1449.3697459128396,65.2452639664984,5.6492598448906275,4.171026602564684,0.6731475295187762,12.807881480751657,20.40448758905324,0.7104945196050492,7000.0,-30.5,0.5,vibration,0.291,409.5
high_altitude,400,vibration,1159.0,54.51564243230416,54.8403195096838,579.1077431276046,1443.7178528520692,65.04059501145089,6.0576264251591665,4.171026602564684,0.5835146632426336,12.882104021881785,19.802739344064367,0.7102352830864591,7000.0,-30.5,0.5,vibration,0.293,408.5
high_altitude,400,vibration,1160.0,54.515561946635636,54.41339512456892,584.8588734406716,1435.98278473727,66.19535098503655,6.134768038449161,4.171026602564684,0.6401490762969387,12.881228951047577,20.14948121254258,0.709976034574032,7000.0,-30.5,0.5,vibration,0.294,407.5
high_altitude,400,vibration,1161.0,54.515483377292554,54.293726859877594,580.9584970915736,1436.6013007482507,65.65613343560396,6.219477517046364,4.171026602564684,0.718089506964384,12.947827696081404,19.95901099218945,0.7097167743533357,7000.0,-30.5,0.5,vibration,0.296,406.5
high_altitude,400,vibration,1162.0,54.51540667864812,54.70204269691853,584.7085323456047,1440.003803112468,65.5209694987416,6.218847875571785,4.171026602564684,0.696754807218242,12.887469936622079,19.94092218360535,0.7094575027031383,7000.0,-30.5,0.5,vibration,0.298,405.5
high_altitude,400,vibration,1163.0,54.51533180616188,55.099847993697196,583.9116877701924,1447.506430608168,66.19432813079429,5.974632999645947,4.171026602564684,0.7173242957864748,12.90432627473636,19.998108841959535,0.7091982198955709,7000.0,-30.5,0.5,vibration,0.3,404.5
high_altitude,400,vibration,1164.0,54.51525871635389,55.07436854656368,581.7415947343135,1442.3152763637631,64.46488277370975,5.6652877092979415,4.171026602564684,0.6893288413283006,12.953253610985628,19.944445632716658,0.708938926196285,7000.0,-30.5,0.5,vibration,0.301,403.5
high_altitude,400,vibration,1165.0,54.51518736677942,54.44047794925856,582.451284788661,1435.3657539084718,66.0892361462196,5.531398092832022,4.171026602564684,0.6899492392245183,12.838422240225322,19.979107222942705,0.7086796218646073,7000.0,-30.5,0.5,vibration,0.303,402.5
high_altitude,400,vibration,1166.0,54.51511771600435,54.33699782434221,581.0729970628538,1447.4803718821752,65.53750204994269,5.56890452618066,4.171026602564684,0.6507507545667437,12.889520466329435,19.78974808510855,0.70842030715369,7000.0,-30.5,0.5,vibration,0.305,401.5
high_altitude,400,vibration,1167.0,54.51504972358106,54.77552502961236,576.1320632891448,1449.9854556411933,64.78658823842552,5.197505237269785,4.171026602564684,0.6999848083535032,12.949137396014981,19.800751114822006,0.708160982310658,7000.0,-30.5,0.5,vibration,0.306,400.5
high_altitude,400,vibration,1168.0,54.51498335002499,55.274658672748885,584.0462170328489,1445.827780413002,64.55824991434369,5.391577054193656,4.171026602564684,0.6797089777956898,12.802357510610062,20.198086294693017,0.7079016475767519,7000.0,-30.5,0.5,vibration,0.308,399.5
high_altitude,400,vibration,1169.0,54.514918556791685,54.679131428719636,577.5401353035518,1442.6322528410587,65.46454434251008,5.938478930053481,4.171026602564684,0.6412840095042597,12.877796375826215,19.75214004035631,0.7076423031874688,7000.0,-30.5,0.5,vibration,0.31,398.5
high_altitude,400,vibration,1170.0,54.51485530625441,54.84785947464872,586.0485895133339,1437.8290486144335,65.63029677304746,5.217078586773131,4.171026602564684,0.6449932277272459,12.917176716320865,20.074443653904083,0.7073829493726986,7000.0,-30.5,0.5,vibration,0.312,397.5
high_altitude,400,vibration,1171.0,54.51479356168231,54.34125290866376,579.7016784315621,1446.6743612408368,65.7029305610786,5.557163137500679,4.171026602564684,0.7042414087870422,12.808491241793416,20.10001229944027,0.7071235863568578,7000.0,-30.5,0.5,vibration,0.313,396.5
high_altitude,400,vibration,1172.0,54.514733287219066,53.793186096992294,578.5338937211409,1436.112482530655,65.24194869717579,5.895727560041879,4.171026602564684,0.6948489077558277,12.787068853767243,19.909503422738553,0.7068642143590194,7000.0,-30.5,0.5,vibration,0.315,395.5
high_altitude,400,vibration,1173.0,54.51467444786209,54.293691887212226,578.7037183895744,1435.4893496843285,65.76585092508898,5.290302694543508,4.171026602564684,0.6703115825649489,12.795077904798681,19.977700619050356,0.7066048335930404,7000.0,-30.5,0.5,vibration,0.317,394.5
high_altitude,400,vibration,1174.0,54.51461700944219,54.679853844624716,577.1722737280879,1445.1097266455931,65.42152926134753,6.239490448857288,4.171026602564684,0.6779629164279822,12.904339389476114,19.940590729662077,0.7063454442676862,7000.0,-30.5,0.5,vibration,0.319,393.5
high_altitude,400,vibration,1175.0,54.514560938603715,53.97558882328175,575.3760548538104,1449.963415460091,65.59959101503416,6.165564815137592,4.171026602564684,0.6068870986203543,13.02701693312754,19.875736826207863,0.7060860465867512,7000.0,-30.5,0.5,vibration,0.32,392.5
high_altitude,400,vibration,1176.0,54.5145062027852,54.82494409365637,580.9712266632175,1440.3857659261332,65.3460239905774,4.8939706416350734,4.171026602564684,0.6729278130534733,12.908755717436843,19.955262326885755,0.7058266407491781,7000.0,-30.5,0.5,vibration,0.322,391.5
high_altitude,400,vibration,1177.0,54.514452770200464,53.80310667973371,578.1749702335642,1438.247675479351,65.68433020038391,4.0249240694446655,4.171026602564684,0.6758200025300641,12.853901679238545,20.124811720716608,0.7055672269491725,7000.0,-30.5,0.5,vibration,0.324,390.5
high_altitude,400,vibration,1178.0,54.51440060982012,54.49404115223213,581.7404243267489,1440.8669638001186,65.8108934111487,5.879088600405117,4.171026602564684,0.6679629870307152,12.975722006243643,19.982992008778655,0.705307805376316,7000.0,-30.5,0.5,vibration,0.326,389.5
high_altitude,400,vibration,1179.0,54.5143496913536,53.99935187825635,581.9237014829979,1446.4507301525796,64.55455548591264,4.909031310714861,4.171026602564684,0.6394556957402527,12.779763285020227,20.221900106131486,0.7050483762156765,7000.0,-30.5,0.5,vibration,0.327,388.5
high_altitude,400,vibration,1180.0,54.51429998523152,54.5349463822127,578.2238176647483,1451.795645382308,65.11385831346661,6.175629226170392,4.171026602564684,0.6897617065815655,12.918353694269364,20.203379830180268,0.7047889396479157,7000.0,-30.5,0.5,vibration,0.329,387.5
high_altitude,400,vibration,1181.0,54.51425146258853,54.25017016107354,580.4997669036167,1445.8979465504658,64.89463547807422,5.143360096251085,4.171026602564684,0.7426230695437621,12.867841378233026,20.06500629408719,0.7045294958493934,7000.0,-30.5,0.5,vibration,0.331,386.5
high_altitude,400,vibration,1182.0,54.51420409524657,53.98364148731766,583.1048843378932,1441.2583208205967,65.51799552472481,6.089261800749677,4.171026602564684,0.7488133048092193,12.931212090757803,19.86893371639633,0.7042700449922707,7000.0,-30.5,0.5,vibration,0.332,385.5
high_altitude,400,vibration,1183.0,54.514157855698464,54.50767121886332,581.1935603473414,1446.889902753516,65.3447926497858,5.217230156187211,4.171026602564684,0.6809036864732174,12.837403031545355,20.021960801380015,0.7040105872446094,7000.0,-30.5,0.5,vibration,0.334,384.5
high_altitude,400,vibration,1184.0,54.51411271709198,54.918443189715596,578.5652273076307,1449.8073141636273,66.13407148022694,5.0456903372454756,4.171026602564684,0.6586379812905114,12.84566098435509,19.995791713264953,0.7037511227704702,7000.0,-30.5,0.5,vibration,0.336,383.5
high_altitude,400,vibration,1185.0,54.514068653214224,54.98717228290271,576.7155224697258,1450.3309523304067,65.78682667376277,5.811774646301143,4.171026602564684,0.7043551084402708,12.887626469003418,19.887508990207493,0.703491651730007,7000.0,-30.5,0.5,vibration,0.338,382.5
high_altitude,400,vibration,1186.0,54.51402563847641,54.69397727539037,579.8761261671685,1439.3127683301284,65.59919512088557,5.219603038383405,4.171026602564684,0.760615255780263,12.972470772862938,19.8754624217222,0.7032321742795611,7000.0,-30.5,0.5,vibration,0.339,381.5
high_altitude,400,vibration,1187.0,54.513983647899025,54.86147033867753,581.6481900427874,1438.4523373736977,65.17554307353261,5.118136262895442,4.171026602564684,0.735075575950426,12.922898771429903,20.02200390067856,0.702972690571751,7000.0,-30.5,0.5,vibration,0.341,380.5
high_altitude,400,vibration,1188.0,54.51394265709729,54.891295056536066,579.66650706529,1443.7456677260407,64.72498153729177,5.6348262485992615,4.171026602564684,0.7018166636327521,12.843064820400732,20.214054645262806,0.7027132007555618,7000.0,-30.5,0.5,vibration,0.343,379.5
high_altitude,400,vibration,1189.0,54.51390264226703,54.558698864762675,582.865606619228,1443.7178388986467,65.19512920863917,4.687891231755633,4.171026602564684,0.7205969898536054,12.769987695834544,19.956356428315676,0.7024537049764307,7000.0,-30.5,0.5,vibration,0.345,378.5
high_altitude,400,vibration,1190.0,54.51386358017081,54.65093209666386,579.4265790742896,1444.1241968426623,64.97576783390285,4.656963750609494,4.171026602564684,0.6563425079067394,12.855292672367563,19.989724298121242,0.7021942033763328,7000.0,-30.5,0.5,vibration,0.346,377.5
high_altitude,400,vibration,1191.0,54.513825448124514,54.083278662463606,578.6443774291436,1450.499096888535,65.48601137640688,6.222635625836102,4.171026602564684,0.6433376715647549,12.86830551973506,19.79438280078822,0.7019346960938624,7000.0,-30.5,0.5,vibration,0.348,376.5
high_altitude,400,vibration,1192.0,54.51378822398408,54.78912601395313,578.2572608809216,1450.8799924324205,66.72170154744843,6.10679049075599,4.171026602564684,0.7810991308399464,12.9175428814524,19.88426051332692,0.7016751832643141,7000.0,-30.5,0.5,vibration,0.35,375.5
high_altitude,400,vibration,1193.0,54.5137518861327,54.303151335799356,576.2642850837633,1444.0195802135509,65.93871724048554,5.391991368725055,4.171026602564684,0.6750154642973762,13.008432246347795,19.890162299533035,0.7014156650197613,7000.0,-30.5,0.5,vibration,0.352,374.5
high_altitude,400,vibration,1194.0,54.51371641346826,54.5733805975211,575.9176799745914,1444.158046535266,65.16726218798996,5.445413113483921,4.171026602564684,0.7754947848275487,12.832420692524085,19.970033105004042,0.7011561414891325,7000.0,-30.5,0.5,vibration,0.353,373.5
high_altitude,400,vibration,1195.0,54.513681785391064,54.79143413163374,577.5936713035221,1447.5371410322032,65.66496503430982,5.521345515692937,4.171026602564684,0.6705115484470922,12.881581770190742,19.891354034099184,0.700896612798287,7000.0,-30.5,0.5,vibration,0.355,372.5
high_altitude,400,vibration,1196.0,54.5136479817919,54.14316277816559,579.5192719902651,1441.7621160397366,65.83756644186896,5.716063478253795,4.171026602564684,0.7402167980855182,12.839327093846773,20.15321197303484,0.7006370790700868,7000.0,-30.5,0.5,vibration,0.357,371.5
high_altitude,400,vibration,1197.0,54.513614983040334,54.23606076249477,578.7436667778769,1441.2447484410511,65.37553953920515,5.537313445043511,4.171026602564684,0.7165891542010957,12.886124648915215,20.080085687880796,0.7003775404244689,7000.0,-30.5,0.5,vibration,0.358,370.5
high_altitude,400,vibration,1198.0,54.51358276997333,53.73851558628512,578.2778282070103,1440.6107025029603,66.02965988892907,4.241409116955964,4.171026602564684,0.678081976395885,12.930444095610214,19.91974780061091,0.7001179969785147,7000.0,-30.5,0.5,vibration,0.36,369.5
high_altitude,400,vibration,1199.0,54.513551323884116,54.23771565722865,579.3901843689338,1444.171148777431,65.74355193217102,5.249282483783019,4.171026602564684,0.7639761570630941,12.785635860054825,19.902797046189093,0.699858448846518,7000.0,-30.5,0.5,vibration,0.362,368.5
high_altitude,400,vibration,1200.0,54.51352062651131,54.770226071958454,582.8356768155161,1446.077126865053,65.73066652977153,5.185039299147052,4.171026602564684,0.8025736533564942,12.85557190187533,20.333353607122604,0.6995988961400513,7000.0,-30.5,0.5,vibration,0.364,367.5
high_altitude,400,vibration,1201.0,54.51349066002833,54.27005721526178,581.9141313666149,1437.0869368191386,65.51677983105292,5.915107228700058,4.171026602564684,0.6538938718838558,12.874011912232547,20.092814129552128,0.6993393389680305,7000.0,-30.5,0.5,vibration,0.365,366.5
high_altitude,400,vibration,1202.0,54.51346140703304,54.716843047346465,586.3969141902353,1446.9880505967458,64.96245661745185,5.857792738424582,4.171026602564684,0.7599507184141309,12.934693564386613,19.9556091819099,0.6990797774367781,7000.0,-30.5,0.5,vibration,0.367,365.5
high_altitude,400,vibration,1203.0,54.51343285053764,54.54898972641205,583.4628512911847,1440.4692534914568,65.61568847544063,5.685204982121258,4.171026602564684,0.6972568969450574,12.924255364329614,19.739531659142777,0.6988202116500857,7000.0,-30.5,0.5,vibration,0.369,364.5
high_altitude,400,vibration,1204.0,54.5134049739588,54.01118443743998,586.0213144887342,1453.450815794566,64.80138816393787,5.464623866706822,4.171026602564684,0.8738357006738624,12.930626022100437,20.107923737504755,0.698560641709273,7000.0,-30.5,0.5,vibration,0.371,363.5
high_altitude,400,vibration,1205.0,54.513377761108025,55.01758088757472,584.494656216111,1448.427915640469,65.63036108537045,5.905707661806627,4.171026602564684,0.7739562378773284,12.848237161390701,19.891468939840454,0.6983010677132477,7000.0,-30.5,0.5,vibration,0.372,362.5
high_altitude,400,vibration,1206.0,54.51335119618226,54.94137187446383,578.9388401262086,1449.5500822036645,64.98622373959631,6.074609481549682,4.171026602564684,0.7700162331947022,12.74823256583131,20.204385120239873,0.6980414897585626,7000.0,-30.5,0.5,vibration,0.374,361.5
high_altitude,400,vibration,1207.0,54.51332526375474,54.61941271863443,583.5159945863201,1438.5912723700055,65.436740815006,5.821360324840239,4.171026602564684,0.7676519782613835,12.826146773722876,19.868879859025647,0.6977819079394715,7000.0,-30.5,0.5,vibration,0.376,360.5
high_altitude,400,vibration,1208.0,54.51329994876596,54.93564497067814,580.8489787585753,1429.7679789192596,66.03237628231811,5.0725928547758325,4.171026602564684,0.7133574771637857,12.91625691614978,19.960973470228378,0.6975223223479838,7000.0,-30.5,0.5,vibration,0.377,359.5
high_altitude,400,vibration,1209.0,54.513275236515014,55.166267776233525,581.9602804354558,1441.5007460648146,65.8080244742513,4.939212165715161,4.171026602564684,0.7695809811706584,12.891900685907268,19.737427538449452,0.6972627330739188,7000.0,-30.5,0.5,vibration,0.379,358.5
high_altitude,400,vibration,1210.0,54.51325111265099,55.23183223733475,579.531882706602,1449.2189742128405,65.59467342375534,5.489079893789802,4.171026602564684,0.7153771804694419,12.882904909165541,20.30685738658178,0.6970031402049568,7000.0,-30.5,0.5,vibration,0.381,357.5
high_altitude,400,vibration,1211.0,54.51322756316468,54.732697092371076,582.4880092952851,1442.8746015872512,64.96990508878272,5.291346427443677,4.171026602564684,0.8575855238856624,12.858891311453313,20.289746584811372,0.6967435438266905,7000.0,-30.5,0.5,vibration,0.383,356.5
high_altitude,400,vibration,1212.0,54.51320457438043,53.86283976503204,583.4722371604933,1441.5370777628862,66.37591452037375,4.8739319964904295,4.171026602564684,0.7842443646989898,12.901642269348203,20.146419419387858,0.6964839440226749,7000.0,-30.5,0.5,vibration,0.384,355.5
high_altitude,400,vibration,1213.0,54.51318213294819,54.23050492448979,581.5586688645959,1447.1869923074876,65.0134481893023,4.88654010414989,4.171026602564684,0.7856719261544194,12.883230903194185,19.861262471975873,0.6962243408744753,7000.0,-30.5,0.5,vibration,0.386,354.5
high_altitude,400,vibration,1214.0,54.51316022583576,53.544340886159475,585.3457517408326,1446.4206314913645,65.29649777172172,5.582374915062468,4.171026602564684,0.6442633282927912,12.867782764001872,19.814641093574252,0.695964734461715,7000.0,-30.5,0.5,vibration,0.388,353.5
high_altitude,400,vibration,1215.0,54.51313884032125,54.12182435952851,581.1365116240725,1441.2755314141978,65.60795150931328,4.504923503334397,4.171026602564684,0.7233807056960221,12.948806099888147,19.899624281364424,0.6957051248621221,7000.0,-30.5,0.5,vibration,0.39,352.5
high_altitude,400,vibration,1216.0,54.51311796398565,53.98326316206814,580.7468253069,1449.8372576877314,64.76892287222441,4.6346471582565165,4.171026602564684,0.833992104072989,12.828708625772489,19.898459775051826,0.6954455121515732,7000.0,-30.5,0.5,vibration,0.391,351.5
high_altitude,400,vibration,1217.0,54.51309758470566,54.183485760864556,581.3460911414742,1450.179692427948,66.40976552289489,5.299326732118384,4.171026602564684,0.7788271175247883,12.956908723808276,20.10689552711317,0.6951858964041389,7000.0,-30.5,0.5,vibration,0.393,350.5
high_altitude,400,vibration,1218.0,54.513077690646625,53.372180033792105,580.7918785373959,1444.9291166505025,66.15750297542799,5.755197555395762,4.171026602564684,0.7644940768548463,12.908370694538466,20.21727298005475,0.6949262776921259,7000.0,-30.5,0.5,vibration,0.395,349.5
high_altitude,400,vibration,1219.0,54.51305827025566,54.920452643011664,581.1860517755368,1449.772233740742,65.14574039961725,5.537600434927112,4.171026602564684,0.7461199920649243,12.829879819513984,20.082293861558743,0.6946666560861192,7000.0,-30.5,0.5,vibration,0.397,348.5
high_altitude,400,vibration,1220.0,54.51303931225496,54.110049708415026,582.5646931295893,1441.5618959656565,65.46479710869596,5.525901498129597,4.171026602564684,0.8304177210799405,12.849489810175434,20.30127279194169,0.6944070316550239,7000.0,-30.5,0.5,vibration,0.398,347.5
high_altitude,400,vibration,1221.0,54.51302080563523,54.42706837159082,578.83567653344,1443.9297159629623,65.09376345621848,4.804275188239272,4.171026602564684,0.7374852272961354,12.809135999139807,20.01665075602751,0.6941474044661035,7000.0,-30.5,0.5,vibration,0.4,346.5
high_altitude,400,vibration,1222.0,54.5130027396493,54.233734792263164,577.6967224539633,1447.7994491066,65.31506436607074,5.562748569616625,4.171026602564684,0.8413361787160503,12.962902199242592,19.91751458444011,0.6938877745850207,7000.0,-30.5,0.5,vibration,0.402,345.5
high_altitude,400,vibration,1223.0,54.512985103805896,53.965156112448966,579.6053050192953,1439.3827708428753,65.45861564753216,5.457953022871341,4.171026602564684,0.7179521828309569,12.930400569482895,19.818963534844045,0.6936281420758748,7000.0,-30.5,0.5,vibration,0.403,344.5
high_altitude,400,vibration,1224.0,54.512967887863525,54.22520942310647,582.2287507108501,1452.9476803684943,66.04572813455849,3.9686360482302776,4.171026602564684,0.8292943244580481,12.891409572116174,20.121263301834137,0.6933685070012384,7000.0,-30.5,0.5,vibration,0.405,343.5
high_altitude,400,vibration,1225.0,54.51295108182454,54.93252039736599,587.1695545993935,1444.2685176408327,65.02412279857819,5.807543266235349,4.171026602564684,0.7958616340619462,12.893754163991046,19.98343793971462,0.6931088694221949,7000.0,-30.5,0.5,vibration,0.407,342.5
high_altitude,400,vibration,1226.0,54.51293467592934,53.9392427285078,583.1008984101278,1450.3518220627188,65.49368912960172,5.467107548387469,4.171026602564684,0.7852300009040352,12.888968211747516,20.020269597812717,0.6928492293983728,7000.0,-30.5,0.5,vibration,0.409,341.5
high_altitude,400,vibration,1227.0,54.51291866065069,54.51609270850207,582.0203002657933,1447.9857308901217,65.57071034005577,5.113361796962443,4.171026602564684,0.815310572793814,12.955753715664256,19.86966268184184,0.6925895869879812,7000.0,-30.5,0.5,vibration,0.41,340.5
high_altitude,400,vibration,1228.0,54.5129030266882,55.55321475213867,580.3736470934718,1445.4947216198434,65.93063699278531,5.666897482590517,4.171026602564684,0.8162623768388615,12.837639422468117,19.913802614142412,0.6923299422478433,7000.0,-30.5,0.5,vibration,0.412,339.5
high_altitude,400,vibration,1229.0,54.51288776496291,54.237468727179,587.1866949197733,1442.5218614828525,65.91336798936076,5.089901246616264,4.171026602564684,0.84810314631621,12.942517518928193,19.89897291906126,0.6920702952334291,7000.0,-30.5,0.5,vibration,0.414,338.5
high_altitude,400,vibration,1230.0,54.512872866612035,54.14000022968559,579.2215018129506,1446.909263446158,66.74882037933965,5.669534759241333,4.171026602564684,0.8355162582887115,12.932445234741458,20.20169163161356,0.6918106459988882,7000.0,-30.5,0.5,vibration,0.416,337.5
high_altitude,400,vibration,1231.0,54.5128583229838,55.064912302840376,580.8992179268973,1435.0139289815804,64.87249063918051,5.83672634528254,4.171026602564684,0.8108723776957165,12.89322732749776,20.167352007035348,0.6915509945970804,7000.0,-30.5,0.5,vibration,0.417,336.5
high_altitude,400,vibration,1232.0,54.512844125632434,54.44934728634557,578.7918980544218,1442.466101282998,65.36383182182637,4.8935728961234,4.171026602564684,0.7209291256116522,12.972134850369418,20.508600321433512,0.6912913410796077,7000.0,-30.5,0.5,vibration,0.419,335.5
high_altitude,400,vibration,1233.0,54.51283026631324,55.24416044081663,581.4097014576248,1440.7728751934073,65.16847260648377,4.776787113441882,4.171026602564684,0.8397549316964648,12.888976953012413,20.022595487718156,0.6910316854968428,7000.0,-30.5,0.5,vibration,0.421,334.5
high_altitude,400,vibration,1234.0,54.51281673697783,53.64236680944549,581.1242094686912,1441.0736862541855,65.28496291974567,5.26960854480954,4.171026602564684,0.8385848676123334,12.870180474416184,20.058916262554124,0.6907720278979597,7000.0,-30.5,0.5,vibration,0.423,333.5
high_altitude,400,vibration,1235.0,54.51280352976946,54.568940584037676,580.1473979797714,1443.9336397639713,64.94114157424256,5.411529934858291,4.171026602564684,0.7850967151481353,12.917570218808605,19.92186242946491,0.6905123683309607,7000.0,-30.5,0.5,vibration,0.424,332.5
high_altitude,400,vibration,1236.0,54.512790637018426,53.620529259180444,580.061154609858,1442.6146399480074,65.70342730886453,5.102603132359601,4.171026602564684,0.7818100742055097,12.843951493867028,20.063551734844268,0.690252706842706,7000.0,-30.5,0.5,vibration,0.426,331.5
high_altitude,400,vibration,1237.0,54.51277805123766,54.90462731774801,581.8995243393784,1433.721245358378,65.52904328311705,5.241058378827988,4.171026602564684,0.9046029807516958,12.888452970566386,19.77467300458375,0.6899930434789399,7000.0,-30.5,0.5,vibration,0.428,330.5
high_altitude,400,vibration,1238.0,54.51276576511834,54.701114181272324,582.5801272133042,1452.8977642481543,65.18011247007833,5.288710948570781,4.171026602564684,0.8601257955735071,12.895409177533628,20.16114082663664,0.6897333782843171,7000.0,-30.5,0.5,vibration,0.429,329.5
high_altitude,400,vibration,1239.0,54.51275377152567,54.677910571986295,584.4798778160007,1448.7186724922879,65.59866797133655,5.781231521387394,4.171026602564684,0.762649975947921,12.854410070276508,20.19224712627514,0.6894737113024297,7000.0,-30.5,0.5,vibration,0.431,328.5
high_altitude,400,vibration,1240.0,54.51274206349473,54.65376905922981,583.2226654341862,1443.185848683127,66.44066636693212,6.370753946897194,4.171026602564684,0.8542119495307028,12.815966740549385,20.180142206235853,0.6892140425758315,7000.0,-30.5,0.5,vibration,0.433,327.5
high_altitude,400,vibration,1241.0,54.51273063422643,54.797643153792514,582.0427667665494,1440.4271192656772,65.47521042670085,5.542630200246568,4.171026602564684,0.8429318349624099,12.839906316391792,19.828122633390716,0.6889543721460631,7000.0,-30.5,0.5,vibration,0.435,326.5
high_altitude,400,vibration,1242.0,54.512719477083564,54.3556943287308,575.6091049880913,1445.7133161747079,65.49398836960029,3.9679500889714876,4.171026602564684,0.8450295381516018,12.860796951325216,19.999040098756712,0.6886947000536765,7000.0,-30.5,0.5,vibration,0.436,325.5
high_altitude,400,vibration,1243.0,54.51270858558696,54.12515253786342,577.5456829772752,1441.9526615883606,65.35617318073231,6.103756702975112,4.171026602564684,0.8549703613958454,12.891371297943758,19.92679187127623,0.6884350263382577,7000.0,-30.5,0.5,vibration,0.438,324.5
high_altitude,400,vibration,1244.0,54.5126979534117,54.49558938449887,583.2823959703417,1449.835500976543,65.56851658947828,4.888375924576796,4.171026602564684,0.8715504246514857,12.90003114627671,19.653698464706444,0.6881753510384502,7000.0,-30.5,0.5,vibration,0.44,323.5
high_altitude,400,vibration,1245.0,54.51268757438348,55.070849506784334,580.0928117796351,1432.7715397009517,64.95529698249747,5.476370157360588,4.171026602564684,0.7997348941128898,12.891278796113111,19.864118616008717,0.6879156741919776,7000.0,-30.5,0.5,vibration,0.442,322.5
high_altitude,400,vibration,1246.0,54.51267744247497,54.26921472141311,580.4624045399896,1443.554285401505,66.22965773362333,6.154430512740472,4.171026602564684,0.8746488744346569,12.954368403041052,20.451389026589656,0.6876559958356654,7000.0,-30.5,0.5,vibration,0.443,321.5
high_altitude,400,vibration,1247.0,54.51266755180238,54.105030410575736,580.8894471082818,1447.4786021054808,65.68278281096617,5.873684516661642,4.171026602564684,0.874035931316954,12.83071941929082,20.028900104331377,0.6873963160054619,7000.0,-30.5,0.5,vibration,0.445,320.5
high_altitude,400,vibration,1248.0,54.512657896621995,54.77987142631117,576.9522709615478,1445.234285506542,66.24057295217497,4.15043545630602,4.171026602564684,0.8567208076318519,12.888292502667925,20.22652639588916,0.68713663473646,7000.0,-30.5,0.5,vibration,0.447,319.5
high_altitude,400,vibration,1249.0,54.512648471326855,54.717530851952645,580.1059463791966,1445.9175066298687,65.33644910736254,5.012978296457218,4.171026602564684,0.9286638111063302,12.91079163352019,20.096220447838988,0.6868769520629168,7000.0,-30.5,0.5,vibration,0.448,318.5
high_altitude,400,vibration,1250.0,54.51263927044351,54.59993394211472,579.1057755495602,1438.7006022299577,66.22463131366781,5.078203515116905,4.171026602564684,0.8884520090045522,12.896360750439968,19.709066239906875,0.6866172680182736,7000.0,-30.5,0.5,vibration,0.45,317.5
high_altitude,400,vibration,1251.0,54.51263028862881,53.98412226247553,582.6175135780024,1448.4468007484602,65.81275273727044,5.064576024125006,4.171026602564684,0.9434979775548432,12.849648310508861,20.06231079362076,0.6863575826351757,7000.0,-30.5,0.5,vibration,0.452,316.5
high_altitude,400,vibration,1252.0,54.51262152066685,55.09103434748179,575.9774935794388,1434.2467575941391,66.33344168292828,5.119869693114208,4.171026602564684,0.9155474993746919,12.886799644281213,20.10940186704804,0.686097895945491,7000.0,-30.5,0.5,vibration,0.454,315.5
high_altitude,400,vibration,1253.0,54.51261296146588,55.70779476595156,584.420439836133,1446.4340561621216,66.19163489063305,5.583424133192234,4.171026602564684,0.8374767117276916,12.86526426912334,20.006612961347503,0.6858382079803289,7000.0,-30.5,0.5,vibration,0.455,314.5
high_altitude,400,vibration,1254.0,54.512604606055405,54.73420219186272,581.6629687566381,1442.8583515698135,65.64401897682053,5.572049067954426,4.171026602564684,0.9163074857836193,12.790178459916902,19.723964170367765,0.6855785187700578,7000.0,-30.5,0.5,vibration,0.457,313.5
high_altitude,400,vibration,1255.0,54.51259644958328,55.6676551998546,585.6947163612645,1446.635864408741,65.496999072651,4.848847442975356,4.171026602564684,0.9209935333336706,12.813535050426488,19.914876663932223,0.685318828344323,7000.0,-30.5,0.5,vibration,0.459,312.5
high_altitude,400,vibration,1256.0,54.51258848731287,54.15596779110393,576.535602557336,1450.1457428997905,65.5137922078489,5.048641273973535,4.171026602564684,0.9240477407340224,12.858730128751167,20.198431727951764,0.6850591367320644,7000.0,-30.5,0.5,vibration,0.461,311.5
high_altitude,400,vibration,1257.0,54.51258071462033,54.57993225194001,577.5670725456557,1446.315736033903,66.06376026511134,5.73499822847014,4.171026602564684,0.8204952450853754,12.823956116873159,19.676266768515504,0.6847994439615324,7000.0,-30.5,0.5,vibration,0.462,310.5
high_altitude,400,vibration,1258.0,54.512573126991896,54.11394443783831,583.3668755786176,1440.1527443487112,65.31623279321867,5.371361149468283,4.171026602564684,0.8203575843137876,12.888466883831095,20.04355020128223,0.684539750060305,7000.0,-30.5,0.5,vibration,0.464,309.5
high_altitude,400,vibration,1259.0,54.512565720021286,54.624209708881736,581.3322175378713,1445.2218029505957,65.68776657061294,4.937584158513091,4.171026602564684,0.8749538315098303,12.833326784578313,20.10181751594331,0.6842800550553034,7000.0,-30.5,0.5,vibration,0.466,308.5
high_altitude,400,vibration,1260.0,54.51255848940712,54.32760868586784,586.5984180072734,1447.3049731857254,65.3246092340475,6.134661864876242,4.171026602564684,0.9542769853996976,12.910796136808123,19.82850973929796,0.684020358972808,7000.0,-30.5,0.5,vibration,0.468,307.5
high_altitude,400,vibration,1261.0,54.51255143095043,53.80448916211321,574.4182809567409,1450.228244321813,64.6623742040901,4.831357379743013,4.171026602564684,0.8572407389224765,12.890932126566547,20.127778187098674,0.6837606618384735,7000.0,-30.5,0.5,vibration,0.469,306.5
high_altitude,400,vibration,1262.0,54.512544540552234,55.05804859254123,579.9316726662132,1450.082906892603,65.62075171785297,5.053383613886679,4.171026602564684,0.9119628736664098,12.887313503732816,19.703321526467096,0.6835009636773437,7000.0,-30.5,0.5,vibration,0.471,305.5
high_altitude,400,vibration,1263.0,54.512537814211136,53.744281652569576,584.374213360539,1445.7521667331612,65.34415063806706,5.824145489649369,4.171026602564684,0.8853091697242037,12.76477163982496,20.115021995416985,0.6832412645138659,7000.0,-30.5,0.5,vibration,0.473,304.5
high_altitude,400,vibration,1264.0,54.51253124802102,54.65299814243065,576.2976562654603,1448.318527148378,64.57888804324149,5.5214757783803945,4.171026602564684,0.8947747327380597,12.749601339585267,20.1255452660696,0.6829815643719057,7000.0,-30.5,0.5,vibration,0.474,303.5
high_altitude,400,vibration,1265.0,54.51252483816876,54.294521659321724,581.1210001189327,1437.132781259946,64.922962498609,5.53406455880561,4.171026602564684,0.8678488690430115,12.917936730699004,19.949620640109114,0.6827218632747603,7000.0,-30.5,0.5,vibration,0.476,302.5
high_altitude,400,vibration,1266.0,54.51251858093203,54.04088772446494,581.0901540364226,1449.340598358355,65.84809407317042,6.010255581889822,4.171026602564684,0.8791600017206445,12.867250286786147,20.01395778662836,0.6824621612451722,7000.0,-30.5,0.5,vibration,0.478,301.5
high_altitude,400,vibration,1267.0,54.51251247267713,55.04338384662031,578.0350603011876,1443.053892166711,64.879023846597,5.523037982325808,4.171026602564684,0.9932637063503515,12.830980262830684,19.62850379720622,0.6822024583053423,7000.0,-30.5,0.5,vibration,0.48,300.5
high_altitude,400,vibration,1268.0,54.51250650985687,54.17290825148369,577.1501306442323,1444.3294927842164,65.76341541176403,5.572078045063741,4.171026602564684,0.9697477843529524,12.808408536171893,19.98386572484727,0.6819427544769431,7000.0,-30.5,0.5,vibration,0.481,299.5
high_altitude,400,vibration,1269.0,54.51250068900852,54.181388972998334,579.4681589030142,1439.514375053887,65.55338184085043,5.739144298366829,4.171026602564684,0.9549139683219626,12.96425294791353,19.61937930123909,0.681683049781131,7000.0,-30.5,0.5,vibration,0.483,298.5
high_altitude,400,vibration,1270.0,54.5124950067518,54.698349783003884,579.6810451572775,1448.4405783736215,65.9498252113446,5.323769972476586,4.171026602564684,1.0143718045021544,12.9504293327629,19.725327343151104,0.6814233442385588,7000.0,-30.5,0.5,vibration,0.485,297.5
high_altitude,400,vibration,1271.0,54.512489459786906,54.03492922457643,582.1470368686863,1452.748076625307,65.32315436252783,5.067961903572473,4.171026602564684,0.9473335284867986,12.84865114470379,19.814598811085737,0.6811636378693873,7000.0,-30.5,0.5,vibration,0.487,296.5
high_altitude,400,vibration,1272.0,54.5124840448926,54.44845273144832,578.5089028431672,1444.4096048873112,65.5191172083783,5.187487285344682,4.171026602564684,0.9109302462167227,12.888758795954422,20.194781217448714,0.6809039306932976,7000.0,-30.5,0.5,vibration,0.488,295.5
high_altitude,400,vibration,1273.0,54.51247875892435,54.68278531404436,577.9054831943887,1443.134633644206,66.32653582205587,4.158111551642395,4.171026602564684,1.0263141657898114,12.854461322953886,19.553506746242032,0.6806442227295018,7000.0,-30.5,0.5,vibration,0.49,294.5
high_altitude,400,vibration,1274.0,54.51247359881249,54.29841922810322,577.1883732131844,1441.8145021185678,64.90328930306423,5.323865861550173,4.171026602564684,0.9175656970848374,12.909611846412016,20.239433882055778,0.6803845139967549,7000.0,-30.5,0.5,vibration,0.492,293.5
high_altitude,400,vibration,1275.0,54.51246856156044,54.611970323724044,586.7493457259222,1443.9553536648223,65.96841263377947,5.966599277520697,4.171026602564684,0.9636239425150444,12.835509410228344,19.688965418442425,0.6801248045133654,7000.0,-30.5,0.5,vibration,0.494,292.5
high_altitude,400,vibration,1276.0,54.512463644242956,55.25546132256612,585.0017575699868,1432.0257757871866,66.51912514024335,5.2595407427112955,4.171026602564684,0.8384726410702923,12.834784679906766,19.795702865709227,0.6798650942972055,7000.0,-30.5,0.5,vibration,0.495,291.5
high_altitude,400,vibration,1277.0,54.51245884400446,54.5649983217891,580.7270525756535,1436.2036892614465,66.38979606741242,5.344520346925824,4.171026602564684,0.916169070367054,12.864064639287534,20.19426415301831,0.6796053833657225,7000.0,-30.5,0.5,vibration,0.497,290.5
high_altitude,400,vibration,1278.0,54.51245415805736,54.74435191641671,583.3660204119948,1448.3048521277203,65.86944805386335,5.798452486589936,4.171026602564684,0.9562217851271596,12.83497557376235,20.34531089887368,0.6793456717359476,7000.0,-30.5,0.5,vibration,0.499,289.5
high_altitude,400,vibration,1279.0,54.51244958368043,54.37176554956266,578.0914164437746,1440.7131175206189,65.04613146888342,4.934885890685724,4.171026602564684,0.9358469021910146,12.93901203418218,20.34957995155406,0.6790859594245068,7000.0,-30.5,0.5,vibration,0.5,288.5
high_altitude,400,vibration,1280.0,54.51244511821723,54.9016385061258,580.4168358295034,1444.9581877964897,65.0670618499538,5.125429554047537,4.171026602564684,0.9409550072868451,12.891339033065845,19.997114163499234,0.6788262464476302,7000.0,-30.5,0.5,vibration,0.502,287.5
high_altitude,400,vibration,1281.0,54.512440759074586,54.628664908113386,583.2142912846722,1454.19494763812,65.49484204402756,5.405171019380174,4.171026602564684,0.9453587946155337,12.906397373624895,20.206371404808095,0.6785665328211617,7000.0,-30.5,0.5,vibration,0.504,286.5
high_altitude,400,vibration,1282.0,54.512436503721055,54.9251936027304,583.5583410938395,1448.080408657457,66.17682005158443,5.202445140007302,4.171026602564684,0.9480790319645815,12.85356920103662,20.126080770842847,0.6783068185605677,7000.0,-30.5,0.5,vibration,0.506,285.5
high_altitude,400,vibration,1283.0,54.51243234968546,53.93312839706302,584.2012176726405,1447.9224558554645,66.370883879365,6.350202765780043,4.171026602564684,0.9721370664061839,12.875695922782835,20.220556320855472,0.6780471036809465,7000.0,-30.5,0.5,vibration,0.507,284.5
high_altitude,400,vibration,1284.0,54.51242829455548,53.21869780307952,582.0331665515017,1446.9508666352303,65.825968992973,5.412322214814744,4.171026602564684,1.0020885302497606,12.896889657269133,19.894884666339298,0.6777873881970367,7000.0,-30.5,0.5,vibration,0.509,283.5
high_altitude,400,vibration,1285.0,54.512424335976206,54.777848308358685,576.0752181998848,1448.874434097564,65.92672471710479,5.299595024780709,4.171026602564684,0.9854943554023607,12.950411469803148,20.017168726060028,0.6775276721232261,7000.0,-30.5,0.5,vibration,0.511,282.5
high_altitude,400,vibration,1286.0,54.512420471648824,54.525684487754276,581.0869098920194,1445.2002075948426,65.2110363915042,5.717687502592495,4.171026602564684,0.9992205754473233,12.888390056485331,20.521250478193423,0.67726795547356,7000.0,-30.5,0.5,vibration,0.513,281.5
high_altitude,400,vibration,1287.0,54.512416699329236,55.24961108270195,580.5227779927097,1447.8526463565076,65.45257970338385,4.723658755666537,4.171026602564684,0.9952295304664869,12.840963270598802,19.79855757314481,0.6770082382617493,7000.0,-30.5,0.5,vibration,0.514,280.5
high_altitude,400,vibration,1288.0,54.512413016826784,54.73313115922097,581.7085206193599,1445.5896763913672,65.13836842610968,5.981484334382934,4.171026602564684,0.9209514482598412,12.855018932535375,19.9245646039784,0.6767485205011784,7000.0,-30.5,0.5,vibration,0.516,279.5
high_altitude,400,vibration,1289.0,54.51240942200296,54.7992593625686,584.4738081238806,1459.499146182836,65.37255668215111,5.559082088724054,4.171026602564684,1.008603860001121,12.866584475623698,20.069087369800645,0.6764888022049131,7000.0,-30.5,0.5,vibration,0.518,278.5
high_altitude,400,vibration,1290.0,54.51240591277018,54.47386405586139,574.404218985456,1445.8029484791737,65.78698744225395,5.023277232445955,4.171026602564684,1.0333252629046585,12.763425304918876,19.624922718622866,0.6762290833857079,7000.0,-30.5,0.5,vibration,0.519,277.5
high_altitude,400,vibration,1291.0,54.51240248709056,54.32373785327458,578.7791717583018,1446.0861593355228,65.80884981506524,5.85014432880345,4.171026602564684,1.0463962764828643,12.86112214455509,20.02167231554464,0.6759693640560136,7000.0,-30.5,0.5,vibration,0.521,276.5
high_altitude,400,vibration,1292.0,54.51239914297474,54.804092752071625,578.8182480472684,1451.7399391702095,65.62086966125247,5.408181953876973,4.171026602564684,1.0430355126506485,12.849113751490123,20.077406400025815,0.6757096442279849,7000.0,-30.5,0.5,vibration,0.523,275.5
high_altitude,400,vibration,1293.0,54.51239587848073,54.77989173870392,585.7880407966713,1443.9068217137904,65.8490289648752,5.712137125408931,4.171026602564684,0.8945441574444459,12.839988515386105,19.85812445428842,0.675449923913487,7000.0,-30.5,0.5,vibration,0.525,274.5
high_altitude,400,vibration,1294.0,54.51239269171277,54.315311718913115,587.3520959656921,1445.7901598886679,65.38278806386161,4.9234915394495,4.171026602564684,0.9399554527645506,12.827386375189764,19.597755913409618,0.6751902031241023,7000.0,-30.5,0.5,vibration,0.526,273.5
high_altitude,400,vibration,1295.0,54.51238958082023,55.05142322408015,582.386567268046,1440.457908820615,66.0817246894501,5.115779252002749,4.171026602564684,0.9123539366702604,12.914566384001807,20.01672126783919,0.6749304818711377,7000.0,-30.5,0.5,vibration,0.528,272.5
high_altitude,400,vibration,1296.0,54.51238654399656,54.64418145475419,580.6762735409669,1434.2481331770107,64.73620389342061,5.776191615003093,4.171026602564684,0.9114915651339646,12.894187707842468,20.01187147026793,0.6746707601656308,7000.0,-30.5,0.5,vibration,0.53,271.5
high_altitude,400,vibration,1297.0,54.51238357947822,54.38372762427913,581.9202241477968,1444.490394595332,65.20889986523845,4.275238512575533,4.171026602564684,0.9534789866171778,12.854048239444515,20.145926287353035,0.6744110380183566,7000.0,-30.5,0.5,vibration,0.532,270.5
high_altitude,400,vibration,1298.0,54.51238068554365,54.37537114129669,580.4767409549204,1441.4229625953951,65.83887895037861,5.445896764133688,4.171026602564684,0.9381024663836699,12.971828534220794,19.745960991664504,0.674151315439833,7000.0,-30.5,0.5,vibration,0.533,269.5
high_altitude,400,vibration,1299.0,54.51237786051228,54.8369621187861,582.2311316185152,1444.8486844707954,65.32188440634697,5.260266071292231,4.171026602564684,1.0745739144382565,12.859915679676,19.98045178985275,0.6738915924403281,7000.0,-30.5,0.5,vibration,0.535,268.5
high_altitude,400,vibration,1300.0,54.51237510274356,53.28694809661275,580.5599986809306,1441.4524558328621,65.20822066224999,5.56093978860248,4.171026602564684,0.9304909171719857,12.84418628284074,19.953465975817835,0.6736318690298653,7000.0,-30.5,0.5,vibration,0.537,267.5
high_altitude,400,vibration,1301.0,54.512372410636004,53.85209995935716,585.3943455570333,1442.091098526182,65.50857752453369,5.404188715376136,4.171026602564684,0.9294235456549331,12.863200071530065,19.84812264522659,0.6733721452182292,7000.0,-30.5,0.5,vibration,0.539,266.5
high_altitude,400,vibration,1302.0,54.512369782626244,54.76536820823045,581.2461360207951,1430.1752550193212,65.28458496215204,5.23639096347141,4.171026602564684,0.9621470381074113,12.908660997148514,20.09838072892156,0.6731124210149716,7000.0,-30.5,0.5,vibration,0.54,265.5
high_altitude,400,vibration,1303.0,54.51236721718815,55.07383342662489,576.8474454251296,1445.855471122038,66.60078262132701,5.321198070683046,4.171026602564684,1.0928607485473547,12.904842731708808,20.044485961178005,0.6728526964294168,7000.0,-30.5,0.5,vibration,0.542,264.5
high_altitude,400,vibration,1304.0,54.51236471283191,53.95149862675017,585.7983786133385,1445.7946873672558,65.31019163082541,4.653680464643284,4.171026602564684,1.0036178999248726,12.844625596218664,20.200884374053455,0.6725929714706669,7000.0,-30.5,0.5,vibration,0.544,263.5
high_altitude,400,vibration,1305.0,54.5123622681032,53.88761445012843,582.9366721938616,1436.2358252889064,65.09236586910583,5.453402191154303,4.171026602564684,1.0030262644297976,12.845857962063324,19.95295071248566,0.6723332461476079,7000.0,-30.5,0.5,vibration,0.545,262.5
high_altitude,400,vibration,1306.0,54.51235988158232,54.05833363274852,583.5461237395372,1441.9958399818659,65.52083379642612,5.4271680824888335,4.171026602564684,0.9658416085923385,12.838642892704302,20.103001984925164,0.6720735204689137,7000.0,-30.5,0.5,vibration,0.547,261.5
high_altitude,400,vibration,1307.0,54.51235755188336,54.61830231099838,580.4369397287214,1438.1756220761242,65.43294025713188,5.484116604842777,4.171026602564684,0.9882418017062261,12.876545463151585,19.86639167700543,0.6718137944430516,7000.0,-30.5,0.5,vibration,0.549,260.5
high_altitude,400,vibration,1308.0,54.51235527765343,53.89778479000512,582.8614841889564,1454.66429717338,65.25296639543353,5.320133300804861,4.171026602564684,1.0227823631211768,12.819922283780352,20.02002582554618,0.6715540680782877,7000.0,-30.5,0.5,vibration,0.551,259.5
high_altitude,400,vibration,1309.0,54.51235305757183,54.74233508602209,583.5462371815476,1445.693842324597,66.57008986816247,5.551696874045163,4.171026602564684,0.9956971211514722,12.92860406973839,20.05436148698983,0.6712943413826911,7000.0,-30.5,0.5,vibration,0.552,258.5
high_altitude,400,vibration,1310.0,54.51235089034931,53.78659998868993,586.2202352560175,1447.2870687454815,65.31139805340503,5.916308653290499,4.171026602564684,1.022694993706349,12.908574394042999,20.35576182562043,0.6710346143641386,7000.0,-30.5,0.5,vibration,0.554,257.5
high_altitude,400,vibration,1311.0,54.51234877472733,54.22993891883501,581.4043468826383,1440.9763749581464,65.31184583033871,4.994575253481005,4.171026602564684,1.0448372143731712,12.861497158810733,20.06575337899536,0.6707748870303197,7000.0,-30.5,0.5,vibration,0.556,256.5
high_altitude,400,vibration,1312.0,54.5123467094773,55.10327138563731,578.3115007850049,1438.913764479541,66.11529558605666,5.906714467342894,4.171026602564684,1.0500661119860326,12.896634504219586,19.857086224483005,0.6705151593887407,7000.0,-30.5,0.5,vibration,0.558,255.5
high_altitude,400,vibration,1313.0,54.51234469339989,54.23453759148079,583.5807990199643,1442.9982256735998,65.4756381999266,6.800154283352834,4.171026602564684,1.0860292424059201,12.87480842560656,20.262133360496087,0.6702554314467295,7000.0,-30.5,0.5,vibration,0.559,254.5
high_altitude,400,vibration,1314.0,54.512342725324324,54.15984293070191,583.0158672993476,1431.9807300012985,65.9931513758057,4.828987582177672,4.171026602564684,1.063300683930204,12.887834307468681,20.1767690529219,0.6699957032114389,7000.0,-30.5,0.5,vibration,0.561,253.5
high_altitude,400,vibration,1315.0,54.5123408041077,54.80425214382343,577.6712120741737,1443.1082859552905,65.64004747223619,6.010368328984095,4.171026602564684,0.9721270167159248,13.001045022315102,20.316271817674576,0.6697359746898519,7000.0,-30.5,0.5,vibration,0.563,252.5
high_altitude,400,vibration,1316.0,54.512338928634335,54.548032335233295,581.1020329923422,1443.6126658797016,65.48786193664264,4.959878500580876,4.171026602564684,1.0726714725053705,12.86653945957631,20.317988336285417,0.669476245888785,7000.0,-30.5,0.5,vibration,0.565,251.5
high_altitude,400,vibration,1317.0,54.51233709781509,55.056703036771594,581.730552344862,1443.0503221831248,65.64447651538137,6.104526489701955,4.171026602564684,1.0568456910892878,12.899934193518906,19.804350250487293,0.6692165168148927,7000.0,-30.5,0.5,vibration,0.566,250.5
high_altitude,400,vibration,1318.0,54.512335310586785,55.38501191797244,580.5163302831188,1445.5077683878117,65.08200567579229,6.747811463241839,4.171026602564684,1.0521332425273782,12.767301307351461,19.971785013567715,0.6689567874746705,7000.0,-30.5,0.5,vibration,0.568,249.5
high_altitude,400,vibration,1319.0,54.51233356591153,54.45390656391135,579.2821154129167,1448.9339282084177,65.94063854541139,5.206938083871408,4.171026602564684,1.0884076727885192,12.845753197965188,19.917695600243526,0.6686970578744598,7000.0,-30.5,0.5,vibration,0.57,248.5
high_altitude,400,vibration,1320.0,54.512331862776165,54.68333066755202,583.7251061757938,1443.1658122666859,65.49000106525091,5.567149349144086,4.171026602564684,1.052806122880735,12.93903308677665,20.2100531320569,0.668437328020451,7000.0,-30.5,0.5,vibration,0.571,247.5
high_altitude,400,vibration,1321.0,54.51233020019164,54.44840910591374,581.5369069124617,1454.1248102969873,65.43871169789328,4.902504783588981,4.171026602564684,1.067652685822958,12.8654288789236,19.975234373556827,0.6681775979186864,7000.0,-30.5,0.5,vibration,0.573,246.5
high_altitude,400,vibration,1322.0,54.51232857719246,54.86879643249164,582.4336592556388,1448.5176848086453,66.2004884295458,6.239830219922022,4.171026602564684,1.1249332339509115,12.888099295556994,19.82873921968758,0.6679178675750654,7000.0,-30.5,0.5,vibration,0.575,245.5
high_altitude,400,vibration,1323.0,54.51232699283612,53.3461092467852,583.6935252000845,1436.1031534353629,65.0531687492848,5.785107975804437,4.171026602564684,0.9953767601935379,12.882343894945386,20.308618952994447,0.6676581369953463,7000.0,-30.5,0.5,vibration,0.577,244.5
high_altitude,400,vibration,1324.0,54.51232544620255,54.89627491476161,578.7887672744749,1442.9122104551473,64.98982192449884,4.056987364427169,4.171026602564684,1.1305827979273633,12.874624189630346,20.033261379420427,0.6673984061851506,7000.0,-30.5,0.5,vibration,0.578,243.5
high_altitude,400,vibration,1325.0,54.51232393639359,54.02646293771836,583.07575984106,1446.0758723104889,64.7027921060678,4.818802429824228,4.171026602564684,1.0973615088479296,12.889664491639842,20.105905147136582,0.6671386751499655,7000.0,-30.5,0.5,vibration,0.58,242.5
high_altitude,400,vibration,1326.0,54.51232246253247,54.63929172857012,578.4445051612787,1437.5504738643474,65.42302667460804,5.241671089926586,4.171026602564684,1.0619664689059087,12.793125788982325,20.14415457907386,0.6668789438951482,7000.0,-30.5,0.5,vibration,0.582,241.5
high_altitude,400,vibration,1327.0,54.51232102376327,53.94199373021487,575.8619605837739,1449.4558811920842,65.96839619964493,5.041164526414278,4.171026602564684,1.0805323293722031,12.874462934011898,19.79142314601082,0.666619212425928,7000.0,-30.5,0.5,vibration,0.584,240.5
high_altitude,400,vibration,1328.0,54.51231961925048,54.36915957988155,581.908735317514,1440.2821212136575,65.34049954544116,5.750771485609443,4.171026602564684,1.0704135444243836,12.9843988065404,19.765634757325383,0.6663594807474099,7000.0,-30.5,0.5,vibration,0.585,239.5
high_altitude,400,vibration,1329.0,54.512318248178474,54.79944041315394,578.1422732216695,1450.754456020468,66.89466480567542,5.906320380999827,4.171026602564684,1.1034541346095545,12.895596091680035,19.945310325024245,0.6660997488645768,7000.0,-30.5,0.5,vibration,0.587,238.5
high_altitude,400,vibration,1330.0,54.512316909751036,54.1095548375863,583.296083642284,1446.2663171592903,65.05911726285444,5.185382117037053,4.171026602564684,1.0690612617321724,12.8629175159235,19.62598303504827,0.6658400167822935,7000.0,-30.5,0.5,vibration,0.589,237.5
high_altitude,400,vibration,1331.0,54.51231560319092,55.109628585471754,581.1243628322675,1444.5776290611539,65.70858620315231,5.731837468771481,4.171026602564684,1.1021601343420377,12.908409161028056,19.995490901635524,0.665580284505309,7000.0,-30.5,0.5,vibration,0.59,236.5
high_altitude,400,vibration,1332.0,54.51231432773938,53.942013146088094,586.1796449635392,1437.0711126138385,65.8321927032356,5.966256371180407,4.171026602564684,1.1427695204802757,12.85906486878731,20.115688810042144,0.6653205520382588,7000.0,-30.5,0.5,vibration,0.592,235.5
high_altitude,400,vibration,1333.0,54.51231308265574,54.23073489919696,578.1459970420872,1445.9162274801204,65.26134522006211,4.656910160426813,4.171026602564684,1.0256348435001441,12.897755039459101,20.0014294069448,0.6650608193856683,7000.0,-30.5,0.5,vibration,0.594,234.5
high_altitude,400,vibration,1334.0,54.51231186721694,54.301634715633526,581.3413169598088,1437.1610527501773,64.93723043527783,5.198658304897345,4.171026602564684,1.1213338220007238,12.893502575812397,19.953582497352553,0.6648010865519554,7000.0,-30.5,0.5,vibration,0.596,233.5
high_altitude,400,vibration,1335.0,54.51231068071716,54.4610227949413,586.5624728399904,1445.9771934406913,66.20906671317277,5.036644902597474,4.171026602564684,1.1559969255637232,12.870996139137077,19.939279920207564,0.6645413535414321,7000.0,-30.5,0.5,vibration,0.597,232.5
high_altitude,400,vibration,1336.0,54.51230952246737,54.5648845680309,581.1960713389259,1447.7712382180828,65.11454899651996,5.403989660206347,4.171026602564684,1.0390519253212025,12.845344178734694,19.80426408528985,0.6642816203583084,7000.0,-30.5,0.5,vibration,0.599,231.5
high_altitude,400,vibration,1337.0,54.51230839179496,53.71229057210153,585.6761237816596,1438.7697750299692,65.14572700517603,4.687663465672972,4.171026602564684,1.092603424826938,12.92105055715915,19.74006909783324,0.664021887006694,7000.0,-30.5,0.5,vibration,0.601,230.5
high_altitude,400,vibration,1338.0,54.512307288043324,54.709914230771126,581.0290801386006,1435.75130117209,65.42953313093645,5.696620312563605,4.171026602564684,0.9422094672070351,12.890379113198943,19.835768847897455,0.6637621534906002,7000.0,-30.5,0.5,vibration,0.603,229.5
high_altitude,400,vibration,1339.0,54.51230621057149,54.39965532404974,584.5055422395948,1448.9335241594968,65.74188684862975,5.228453112646454,4.171026602564684,1.1778190892268248,12.856651604795584,20.213773127790603,0.6635024198139434,7000.0,-30.5,0.5,vibration,0.604,228.5
high_altitude,400,vibration,1340.0,54.51230515875374,54.126155129363646,577.8132656575472,1443.6441625785944,66.21605172405663,4.332547488565392,4.171026602564684,1.0988055718944891,12.884179707726194,19.953475797357196,0.6632426859805467,7000.0,-30.5,0.5,vibration,0.606,227.5
high_altitude,400,vibration,1341.0,54.51230413197928,53.53187453783478,581.6114860344303,1450.5196515498742,66.36860841900149,5.822726615566286,4.171026602564684,1.1752784368207432,12.896966736994363,19.913083873718286,0.6629829519941418,7000.0,-30.5,0.5,vibration,0.608,226.5
high_altitude,400,vibration,1342.0,54.512303129651826,54.942468830485694,582.23566832355,1451.1413680995474,66.19938445298682,4.993362630677206,4.171026602564684,1.0481338797519968,12.954393757492038,19.994697765135424,0.6627232178583716,7000.0,-30.5,0.5,vibration,0.61,225.5
high_altitude,400,vibration,1343.0,54.51230215118931,53.38283730563497,583.4525846467001,1442.0118799299407,64.9239716328858,4.734954825376545,4.171026602564684,1.1965598129246717,12.906018529598086,20.214565470328044,0.6624634835767927,7000.0,-30.5,0.5,vibration,0.611,224.5
high_altitude,400,vibration,1344.0,54.51230119602352,53.855942879298574,580.8652743995068,1438.0075643100856,66.20798213153,5.738850006692104,4.171026602564684,1.2316677481858913,12.88188625107282,19.81169339740027,0.6622037491528766,7000.0,-30.5,0.5,vibration,0.613,223.5
high_altitude,400,vibration,1345.0,54.512300263599776,55.48585532050643,584.5546586488053,1446.3224857891219,66.36750282190097,5.521834776279571,4.171026602564684,1.052086168742678,12.873709811245753,19.791356424027324,0.6619440145900124,7000.0,-30.5,0.5,vibration,0.615,222.5
high_altitude,400,vibration,1346.0,54.5122993533766,55.54630117027788,574.9783536506574,1455.6695541744598,65.87132410047825,5.525071153690335,4.171026602564684,1.0977629077623023,12.887315810804308,20.253687726334306,0.6616842798915081,7000.0,-30.5,0.5,vibration,0.616,221.5
high_altitude,400,vibration,1347.0,54.5122984648254,54.8722899701104,577.6318900189798,1451.4709957485363,65.89201086909857,4.535541104734343,4.171026602564684,1.1142141084849333,12.99262037736292,19.96077848451816,0.6614245450605937,7000.0,-30.5,0.5,vibration,0.618,220.5
high_altitude,400,vibration,1348.0,54.51229759743018,53.58240305835654,584.7364745376598,1443.5060651410006,65.98591659039515,5.9095146769909634,4.171026602564684,1.05991923652498,12.868648131131755,19.818489411368066,0.6611648101004213,7000.0,-30.5,0.5,vibration,0.62,219.5
high_altitude,400,vibration,1349.0,54.51229675068723,54.7905788547176,579.972166571862,1437.9057165972972,66.67809973892705,4.920633561304853,4.171026602564684,1.1550066049799026,12.83169000953243,19.95071836250877,0.6609050750140688,7000.0,-30.5,0.5,vibration,0.622,218.5
high_altitude,400,vibration,1350.0,54.51229592410482,54.93867688847748,586.1952568798358,1440.4675486643364,65.69676618710021,5.522647998900763,4.171026602564684,1.1679582725499345,12.935641892997696,19.847164056249753,0.6606453398045404,7000.0,-30.5,0.5,vibration,0.623,217.5
high_altitude,400,vibration,1351.0,54.512295117202946,54.66717726502012,584.8690583859996,1438.5181618335396,65.78048917629751,4.8881261477147415,4.171026602564684,1.10241846486104,12.924681627548281,20.186947985776527,0.6603856044747689,7000.0,-30.5,0.5,vibration,0.625,216.5
high_altitude,400,vibration,1352.0,54.512294329513026,54.78684251643524,581.0492142640032,1445.8784781829181,66.53999672142983,5.723822584937106,4.171026602564684,1.2290463954999447,12.92853614394808,20.45550008659557,0.660125869027617,7000.0,-30.5,0.5,vibration,0.627,215.5
high_altitude,400,vibration,1353.0,54.512293560577625,54.58202873008343,583.4666133523759,1442.8446779058704,65.7411024413375,5.613766636439872,4.171026602564684,1.2402354008485696,12.915495034375242,20.080822959951153,0.6598661334658799,7000.0,-30.5,0.5,vibration,0.629,214.5
high_altitude,400,vibration,1354.0,54.51229280995021,54.556205217789824,581.5799828736662,1440.6640304851555,65.60758818912241,5.4393550363612615,4.171026602564684,1.1934843199290335,12.942461898272885,19.94107934343645,0.6596063977922855,7000.0,-30.5,0.5,vibration,0.63,213.5
high_altitude,400,vibration,1355.0,54.51229207719488,54.187812736764876,579.0487991160279,1442.741716458379,65.69406845943436,5.851724483052636,4.171026602564684,1.1367452920790857,12.905203457364895,20.357689153707053,0.6593466620094971,7000.0,-30.5,0.5,vibration,0.632,212.5
high_altitude,400,vibration,1356.0,54.5122913618861,54.20742753199972,580.5782271375567,1437.1315660675123,65.19771907637879,5.679137619862078,4.171026602564684,1.1668922057032038,12.92527317481762,19.97495233062686,0.6590869261201147,7000.0,-30.5,0.5,vibration,0.634,211.5
high_altitude,400,vibration,1357.0,54.51229066360848,54.79834268324194,578.6467227966109,1443.2738084181995,64.15437923572088,5.52352781930807,4.171026602564684,1.1705188787064416,12.85891147655541,20.234175989787662,0.658827190126676,7000.0,-30.5,0.5,vibration,0.635,210.5
high_altitude,400,vibration,1358.0,54.51228998195652,53.45843902908403,575.7485542157315,1433.2294336113341,65.43707121085964,5.53877610347034,4.171026602564684,1.09776009440567,12.87056795469595,20.288804756138124,0.6585674540316588,7000.0,-30.5,0.5,vibration,0.637,209.5
high_altitude,400,vibration,1359.0,54.51228931653437,55.138079262011,577.3216792421323,1440.9911357586968,65.58443153980716,5.7471591472678405,4.171026602564684,1.0980378310062147,12.872580178612399,19.98534335470631,0.6583077178374815,7000.0,-30.5,0.5,vibration,0.639,208.5
high_altitude,400,vibration,1360.0,54.21356124808683,54.54330106549008,581.9851813238906,1387.1144801030769,64.4667735654882,4.5697391395067966,2.8019860546838973,1.2190434346707861,12.839195775377638,20.25279724407834,0.6601331313939387,6992.0,-30.448000000000008,0.35,vibration,0.641,207.5
high_altitude,400,vibration,1361.0,53.90512616105026,54.46582185012944,587.2292852246127,1344.320811954739,64.33983155978129,5.055489245890113,2.721822311600891,1.200451147329487,12.824535543467153,19.566203566323257,0.6598916617302727,6984.0,-30.396000000000015,0.35,vibration,0.642,206.5
high_altitude,400,vibration,1362.0,53.59288624041392,53.450807330610296,577.9905146121174,1316.0656541890735,64.03284251183992,4.923834307168734,2.6675114917132583,1.146676445414306,12.853163443965745,20.04206094893522,0.6602413552218971,6976.0,-30.343999999999994,0.35,vibration,0.644,205.5
high_altitude,400,vibration,1363.0,53.280830941758595,53.35210216196475,575.8043904440422,1304.5505668459173,64.30258923748,4.760439921543646,2.6309915545157065,1.2047021097899313,12.81778053969328,19.916829230482687,0.661080409537135,6968.0,-30.292,0.35,vibration,0.646,204.5
high_altitude,400,vibration,1364.0,52.97163634530642,52.30220346289291,578.3307706550712,1279.3477645329494,64.57098187609864,5.254819391223553,2.606714784710952,1.1553551446090526,12.834348829994616,20.189530114155225,0.6622391975915112,6960.0,-30.24000000000001,0.35,vibration,0.648,203.5
high_altitude,400,vibration,1365.0,52.66707717311326,52.32859673775249,578.9713403940303,1277.6546701909583,63.95726135106588,4.713602324914718,2.59086364534604,1.2153755781090074,12.760890172433554,20.06905188232928,0.6636014984059231,6952.0,-30.187999999999988,0.35,vibration,0.649,202.5
high_altitude,400,vibration,1366.0,52.368310013093414,51.73064957732963,577.9786989249708,1265.6163623633781,63.46747847982626,5.505559306610609,2.5808111839266594,1.200528271471723,12.75653305857495,19.726653294997213,0.6650877982310567,6944.0,-30.135999999999996,0.35,vibration,0.651,201.5
high_altitude,400,vibration,1367.0,52.07606799864136,51.937909011796265,576.0402852938779,1262.8194462083886,63.519526993641655,4.909090715315694,2.5747497225033964,1.1945365066885547,12.795648657372455,20.01395803382982,0.6666438102958445,6936.0,-30.084000000000003,0.35,vibration,0.653,200.5
high_altitude,400,vibration,1368.0,51.790794614855066,52.26756031933719,574.8767150295283,1267.4209549626814,63.809996953388634,5.611163601121409,2.5714353487998087,1.0970500674621202,12.726638704252569,19.860507993905067,0.6682325823545815,6928.0,-30.031999999999982,0.35,vibration,0.655,199.5
high_altitude,400,vibration,1369.0,51.51273565515524,51.47406516940905,574.5289747974041,1264.029555146856,64.334822435535,4.105806090755884,2.570012093352858,1.1891851212567313,12.815031065118996,19.887182481588745,0.669829070840382,6920.0,-29.97999999999999,0.35,vibration,0.656,198.5
high_altitude,400,vibration,1370.0,51.24200240713907,51.29076735824517,574.8505886021711,1255.327115580321,63.99564918796173,4.922335103064676,2.5698909408691084,1.0741046914831327,12.759112319286947,20.09700269941971,0.6714164108053808,6912.0,-29.927999999999997,0.35,vibration,0.658,197.5
high_altitude,400,vibration,1371.0,50.97861505934976,50.946289069394325,574.0688962987871,1257.888681407088,64.82989654586764,4.576990397899104,2.5706665745599198,1.1786641054613638,12.755223448555725,20.346029389709745,0.6729833517093275,6904.0,-29.876000000000005,0.35,vibration,0.66,196.5
high_altitude,400,vibration,1372.0,50.72253251072346,50.99846450140395,571.1334159624716,1260.538150397847,63.49565465102525,4.575425286540535,2.572060085604544,1.20624954483756,12.720796076710966,20.10742150236654,0.6745224947240773,6896.0,-29.824000000000012,0.35,vibration,0.661,195.5
high_altitude,400,vibration,1373.0,50.473672832655666,50.62779545698168,569.4356976020134,1255.0747976389607,63.42431689826163,4.800201398697552,2.5738795499470597,1.1918269608718843,12.860676417243043,20.046777086347305,0.6760290810755039,6888.0,-29.77199999999999,0.35,vibration,0.663,194.5
high_altitude,400,vibration,1374.0,50.23192730550361,51.44592189001027,574.9772180713709,1263.1259998722942,63.891474871242345,3.8619330823179907,2.5759929001052777,1.163423718876097,12.718170263983826,20.09381098601309,0.677500159218992,6880.0,-29.72,0.35,vibration,0.665,193.5
high_altitude,400,vibration,1375.0,49.997170038255625,49.986592574713846,574.0054389070519,1259.3201891167905,63.966289215111615,4.968238832035025,2.5783092575193995,1.1900620636106831,12.703406623274269,19.89678497219946,0.6789340124584887,6872.0,-29.668000000000006,0.35,vibration,0.667,192.5
high_altitude,400,vibration,1376.0,49.76926455235212,49.34870063674389,578.5411804634177,1255.1306420121384,64.04687027162463,3.3504787530720224,2.5807660868323437,1.150899459621452,12.728345186436412,20.259890678166084,0.6803297656160663,6864.0,-29.615999999999985,0.35,vibration,0.668,191.5
high_altitude,400,vibration,1377.0,49.54806827906806,50.02658986346232,574.7300501474739,1250.6401711446363,63.99573478767066,4.638176043252733,2.583320356401653,1.2345630246176467,12.728448093201198,19.999111770357512,0.6816871147943981,6856.0,-29.563999999999993,0.35,vibration,0.67,190.5
high_altitude,400,vibration,1378.0,49.33343562315926,49.27740007634833,574.7791565630876,1255.4792387781872,63.61513290150207,4.450176007282797,2.585942455609192,1.2362765741994468,12.70080815480978,19.883360556753097,0.6830061417613928,6848.0,-29.512,0.35,vibration,0.672,189.5
high_altitude,400,vibration,1379.0,49.12522004148898,49.301364507899606,575.4350689024826,1258.2300873698473,63.59944390197951,4.196481401679247,2.588612009198622,1.2262206408392795,12.82825776666226,20.062913494805418,0.6842871865084414,6840.0,-29.460000000000008,0.35,vibration,0.674,188.5
high_altitude,400,vibration,1380.0,48.92327544511135,48.57093042424668,576.2518241967447,1260.5337216212445,64.4430257094349,4.12537168224768,2.5913149970091687,1.1746847743323152,12.775358564797656,19.97203235216796,0.6855307597990091,6832.0,-29.408000000000015,0.35,vibration,0.675,187.5
high_altitude,400,vibration,1381.0,48.72745713687358,48.774095883762094,571.2033637285413,1248.0929726426987,63.64129641950793,4.404211521667626,2.5940417719878925,1.2368941291589,12.787450337049194,20.195577996337192,0.6867374832066618,6824.0,-29.355999999999995,0.35,vibration,0.677,186.5
high_altitude,400,vibration,1382.0,48.53762243031418,47.98922367429397,578.6778733807951,1253.6155799264209,63.570420655187355,4.121608091524046,2.596785696331468,1.2483872253630446,12.775382406202194,20.177080666259666,0.6879080480482495,6816.0,-29.304000000000002,0.35,vibration,0.679,185.5
high_altitude,400,vibration,1383.0,48.35363105006423,48.754598217388114,568.0627707327455,1254.4731788248232,64.0754232722545,4.4206010152029185,2.5995422029794875,1.2136592091667613,12.713448208610648,19.776175101968533,0.6890431873037719,6808.0,-29.25200000000001,0.35,vibration,0.681,184.5
high_altitude,400,vibration,1384.0,48.17534538262941,48.217960703679566,571.3535822603593,1259.0631223984592,64.29290697973666,4.045084867184989,2.602308149803423,1.1366387729507166,12.705442423340632,19.77260869317857,0.6901436564609379,6800.0,-29.19999999999999,0.35,vibration,0.682,183.5
high_altitude,400,vibration,1385.0,48.002630624891935,48.618621257348735,574.3631781350283,1259.7461970587026,64.44787518922463,3.520412310027374,2.6050813752072046,1.2564418190963071,12.782316258852402,19.722566293448956,0.6912102204918864,6792.0,-29.147999999999996,0.35,vibration,0.684,182.5
high_altitude,400,vibration,1386.0,47.83535486286427,48.524474615912,573.8543332888798,1259.646130248051,64.40123215618024,3.0225115557931135,2.607860392324508,1.2578873796942562,12.819041576223624,19.9580576601512,0.6922436450422949,6784.0,-29.096000000000004,0.35,vibration,0.686,181.5
high_altitude,400,vibration,1387.0,47.6733891030467,48.68381175527147,571.1638451127504,1253.278741238021,64.29773754560289,2.976845433113753,2.610644178587982,1.1879965572589815,12.825085266915288,20.061809091924175,0.6932446905131031,6776.0,-29.043999999999983,0.35,vibration,0.687,180.5
high_altitude,400,vibration,1388.0,47.516607271742515,48.64232701135274,579.3477809687903,1262.476472667982,64.45879442384988,3.858295880462699,2.6134320309264645,1.343453882320969,12.773358538415692,19.60342382753646,0.6942141081276,6768.0,-28.99199999999999,0.35,vibration,0.689,179.5
high_altitude,400,vibration,1389.0,47.3648861928737,46.75354875738986,572.7658490769019,1267.5542811057308,64.38175883874483,3.488511700178577,2.6162234661224772,1.2632765958857666,12.78593043101135,19.892106272640234,0.6951526373602095,6760.0,-28.939999999999998,0.35,vibration,0.691,178.5
high_altitude,400,vibration,1390.0,47.218105551532695,47.68913646094126,573.419127219045,1246.4286470115403,63.252043045220475,3.697028823092003,2.6190181522456992,1.2615174263797662,12.70261848443413,20.223071154438195,0.6960610042982855,6752.0,-28.888000000000005,0.35,vibration,0.693,177.5
high_altitude,400,vibration,1391.0,47.07614784823241,47.07665795509058,568.6424557311152,1262.9219465397202,63.52502532833078,3.07748152925394,2.621815861470612,1.2741950950324212,12.665430667415492,20.3922872896182,0.6969399206422694,6744.0,-28.836000000000013,0.35,vibration,0.694,176.5
high_altitude,400,vibration,1392.0,46.938898347253854,46.58984017404554,572.8641618651587,1261.9062424117303,64.59584079348188,3.5145971178650273,2.624616437609117,1.2174298048878918,12.818134831612316,20.204464492369482,0.697790083141709,6736.0,-28.783999999999992,0.35,vibration,0.696,175.5
high_altitude,400,vibration,1393.0,46.80624502141695,46.6333517233356,574.3266927342489,1251.7536608618134,63.53722440193482,3.5900548868269584,2.6274197737689415,1.2565710690219447,12.76515150210663,19.84417815754101,0.6986121733279953,6728.0,-28.732,0.35,vibration,0.698,174.5
high_altitude,400,vibration,1394.0,46.67807849486166,46.485411850611285,567.5886929787991,1264.2951859777536,65.50386230895414,3.458184134538715,2.6302257969798193,1.2528509457434849,12.749657262962149,20.085258869129557,0.6994068574482257,6720.0,-28.680000000000007,0.35,vibration,0.7,173.5
high_altitude,400,vibration,1395.0,46.554291984919566,47.08810841598234,570.4387746090564,1260.7733603248146,63.950381983455266,3.420287378521465,2.6330344576143934,1.2464008515915947,12.644098800154222,19.873498550262678,0.7001747865345382,6712.0,-28.627999999999986,0.35,vibration,0.701,172.5
high_altitude,400,vibration,1396.0,46.43478124380749,45.762027834070786,567.8019879419641,1262.1542418529914,64.1855351088206,3.361314664867816,2.635845722108472,1.2497722088031848,12.802069777773795,20.07456801139121,0.7009165965638502,6704.0,-28.575999999999993,0.35,vibration,0.703,171.5
high_altitude,400,vibration,1397.0,46.31944450063555,47.009405930563254,569.9762606545471,1263.5661233214983,63.53755142343049,4.119383295362587,2.638659567951663,1.2266483119626366,12.713256828441605,20.14488048388595,0.701632908677084,6696.0,-28.524,0.35,vibration,0.705,170.5
high_altitude,400,vibration,1398.0,46.208182404057645,46.74747830400054,568.8128587902996,1269.1865337158697,63.95722740214917,4.397695401650016,2.6414759802403163,1.162019883142217,12.762169045567665,19.72036272301796,0.7023243294366812,6688.0,-28.47200000000001,0.35,vibration,0.706,169.5
high_altitude,400,vibration,1399.0,46.10089796577996,45.24342366494706,569.9769847165854,1264.435546065846,64.51329781977712,3.454452112945236,2.6442949493054964,1.2192072287370477,12.615303622847058,19.9584021181705,0.7029914511078996,6680.0,-28.419999999999987,0.35,vibration,0.708,168.5
high_altitude,400,vibration,1400.0,45.99749650506544,45.06771558601229,571.0575118269512,1262.3437402812012,64.03432627273499,2.773471638738506,2.647116469080758,1.2629326382238755,12.765302391917968,19.742070980493175,0.7036348519539782,6672.0,-28.367999999999995,0.35,vibration,0.71,167.5
high_altitude,400,vibration,1401.0,45.897885594319796,45.87751250346259,569.839369267769,1264.6225208906214,64.30773285908379,3.258902405864565,2.649940535978968,1.3113497307737414,12.847375155696737,19.777808534921768,0.7042550965384138,6664.0,-28.316000000000003,0.35,vibration,0.712,166.5
high_altitude,400,vibration,1402.0,45.801975005808046,45.63105661107955,571.3483382166024,1261.1676766433163,63.59744738178353,3.1527902052370154,2.6527671481194055,1.2303204216453423,12.741143992586158,19.933335382215994,0.7048527360297598,6656.0,-28.26400000000001,0.35,vibration,0.713,165.5
high_altitude,400,vibration,1403.0,45.709676659526394,45.602024312601586,572.6828306748398,1261.3627456778445,63.95600348903778,3.1515267878901243,2.6555963047959352,1.2297128334534748,12.695955994437714,20.07148746036661,0.7054283085058521,6648.0,-28.21199999999999,0.35,vibration,0.715,164.5
high_altitude,400,vibration,1404.0,45.620904572237286,45.560083085097475,572.3226332629712,1260.0136047887258,63.96788460231936,3.4412369325385903,2.658428006111016,1.2586110240135173,12.780651099372502,19.91020323652184,0.7059823392553839,6640.0,-28.159999999999997,0.35,vibration,0.717,163.5
high_altitude,400,vibration,1405.0,45.5355748076643,44.5352975477115,564.4132746526267,1259.4437252846074,64.25933123109212,2.625695998219367,2.6612622527238865,1.2548407026532151,12.782145640058555,20.111567441574064,0.7065153410754615,6632.0,-28.108000000000004,0.35,vibration,0.719,162.5
high_altitude,400,vibration,1406.0,45.453605427836024,45.323081155635286,573.235681437932,1268.6959662455126,64.96698248252024,3.1514065020628435,2.6640990456772595,1.2412920108654988,12.804977024056596,20.155488578955268,0.7070278145642447,6624.0,-28.055999999999983,0.35,vibration,0.72,161.5
high_altitude,400,vibration,1407.0,45.37491644556313,45.609592289986736,565.1939476023215,1263.082370209192,64.38733261919037,3.593099636909829,2.666938386278071,1.3174149362045453,12.80241280528723,20.018887231811863,0.7075202484081132,6616.0,-28.00399999999999,0.35,vibration,0.722,160.5
high_altitude,400,vibration,1408.0,45.29942977802947,44.6275286019535,568.6970264417363,1251.4693138458833,64.25710826144217,3.4463861080174087,2.669780276015445,1.3098691726387712,12.699345631234921,19.916052688547598,0.7079931196630231,6608.0,-27.951999999999998,0.35,vibration,0.724,159.5
high_altitude,400,vibration,1409.0,45.227069201476205,45.12969457066728,569.6829786980056,1268.1844026730753,64.06585041061484,3.41171225459322,2.672624716504205,1.2591807303080915,12.809701652654509,20.02058419128535,0.7084468940298689,6600.0,-27.900000000000006,0.35,vibration,0.726,158.5
high_altitude,400,vibration,1410.0,45.15776030695664,44.86590512944442,571.433735543491,1264.107321995399,64.24446545742802,2.41859179487913,2.6754717094460365,1.3459354831415948,12.816177772777646,19.723787662243723,0.7088820261237746,6592.0,-27.848000000000013,0.35,vibration,0.727,157.5
high_altitude,400,vibration,1411.0,45.09143045713887,45.073610228250544,559.3550932174458,1256.4051626785263,63.971302234330516,2.502448819520722,2.6783212566027426,1.3008985979445986,12.836741661721689,20.105077763932343,0.7092989597373072,6584.0,-27.795999999999992,0.35,vibration,0.729,156.5
high_altitude,400,vibration,1412.0,45.02800874413303,44.98494190035035,568.4802872953536,1260.0556352714768,63.96200975485163,3.1938912201854777,2.6811733597778398,1.297855043493554,12.707979533892804,20.248583118701923,0.7096981280976514,6576.0,-27.744,0.35,vibration,0.731,155.5
high_altitude,400,vibration,1413.0,44.96742594832,45.47272413835767,569.617290551585,1267.5598053271074,63.807110327741356,4.262393281342479,2.6840280208039204,1.3131287516405976,12.713551261543369,19.8544166860465,0.710079954117821,6568.0,-27.692000000000007,0.35,vibration,0.732,154.5
high_altitude,400,vibration,1414.0,44.909614498158504,44.60949092885142,568.4035551784857,1271.0308974728991,64.30937979603404,2.776222108917658,2.686885241533916,1.2705535728952504,12.766288175840597,20.249729128776618,0.7104448506419947,6560.0,-27.639999999999986,0.35,vibration,0.734,153.5
high_altitude,400,vibration,1415.0,44.85450843094796,45.57237856939677,569.5583141931643,1269.1170337068281,63.12583644738662,3.2532217445689637,2.6897450238351186,1.2944724900941962,12.78429254154626,19.901244914420378,0.7107932206850862,6552.0,-27.587999999999994,0.35,vibration,0.736,152.5
high_altitude,400,vibration,1416.0,44.802043354524656,45.37058300701561,570.3415853662924,1266.5294933919329,64.49642209306185,3.4205683673655525,2.69260736958505,1.3628634372645685,12.724286098073241,19.871531449238788,0.7111254576666628,6544.0,-27.536,0.35,vibration,0.738,151.5
high_altitude,400,vibration,1417.0,44.75215640986934,43.946928202791234,563.2504432206971,1257.1907339661225,63.8862182154747,2.2446278177929466,2.695472280668626,1.3024219167477873,12.806325940058924,20.07105341944475,0.7114419456393275,6536.0,-27.48399999999998,0.35,vibration,0.739,150.5
high_altitude,400,vibration,1418.0,44.704786234604676,45.160070774680044,570.2940664073237,1262.2842126268065,64.4435815605372,3.571861021928892,2.698339758976203,1.3062485055321764,12.72732166975415,20.265366719685147,0.7117430595116893,6528.0,-27.431999999999988,0.35,vibration,0.741,149.5
high_altitude,400,vibration,1419.0,44.65987292736151,44.979991441698495,568.531863290777,1272.880253314048,64.19281651445611,3.4691839365403103,2.7012098064022307,1.3558393482270075,12.750260925404707,20.4164487861572,0.71202916526604,6520.0,-27.379999999999995,0.35,vibration,0.743,148.5
high_altitude,400,vibration,1420.0,44.61735801299344,44.355562418518254,567.9693058234606,1274.104584865437,64.62675499908265,2.34101595379246,2.7040824248443385,1.3920123754632374,12.776658899261603,19.823547564785812,0.7123006201708613,6512.0,-27.328000000000003,0.35,vibration,0.745,147.5
high_altitude,400,vibration,1421.0,44.57718440861938,44.163103462210636,566.6562214502479,1274.86272780375,63.888353406182055,3.033677379887131,2.7069576162026876,1.2349101049372917,12.74456983593745,19.768314625770564,0.7125577729882786,6504.0,-27.27600000000001,0.35,vibration,0.746,146.5
high_altitude,400,vibration,1422.0,44.53929639047461,44.10710188119383,566.9659931590525,1261.7295343334622,64.49164284611416,2.688490747634589,2.7098353823795365,1.3560362875120908,12.843557880936872,20.079031684051177,0.7128009641765815,6496.0,-27.22399999999999,0.35,vibration,0.748,145.5
high_altitude,400,vibration,1423.0,44.503639561551,44.49263666016134,569.13972602351,1263.2910841418845,63.2822172917808,3.397082487021268,2.7127157252789473,1.3499817632376097,12.723930145457707,19.532096893485278,0.7130305260879258,6488.0,-27.171999999999997,0.35,vibration,0.75,144.5
high_altitude,400,vibration,1424.0,44.47016082000764,44.234855424948684,560.7656111862403,1271.0763740697578,64.49054666853195,2.6042283926915992,2.715598646806565,1.3887181903120343,12.771674901094261,19.568411921316237,0.7132467831613317,6480.0,-27.120000000000005,0.35,vibration,0.752,143.5
high_altitude,400,vibration,1425.0,44.43880832833363,45.31854666174967,570.7542188593792,1265.4329615883648,63.243029144365245,3.714649872519473,2.7184841488694964,1.3356388333666054,12.776508780458277,20.17028122073026,0.7134500521110871,6472.0,-27.067999999999984,0.35,vibration,0.753,142.5
high_altitude,400,vibration,1426.0,44.40953148324499,43.6628132900329,566.1083137697382,1263.2291323398479,64.38004567649259,1.6797659833529388,2.721372233376187,1.3691370286548143,12.752597146173159,19.91226816227383,0.7136406421106678,6464.0,-27.01599999999999,0.35,vibration,0.755,141.5
high_altitude,400,vibration,1427.0,44.382280886298375,44.314498775806285,567.9455707428853,1267.5483881866662,64.11270741152266,3.624970598695361,2.7242629022363736,1.2937398447753639,12.777544886392125,20.309162103793128,0.713818854972278,6456.0,-26.964,0.35,vibration,0.757,140.5
high_altitude,400,vibration,1428.0,44.35700831520437,44.48586983804438,568.2904420462294,1269.7258451596776,63.978231408325136,4.246982310370327,2.7271561573610303,1.3887961313617978,12.811452956014307,19.862316381053308,0.713984985322119,6448.0,-26.912000000000006,0.35,vibration,0.758,139.5
high_altitude,400,vibration,1429.0,44.33366669582388,44.0051515701958,562.4622455761646,1269.8598461467022,62.97313506515323,3.355925025482232,2.7300520006623343,1.3825263744730565,12.730586253583368,20.174741911759394,0.7141393207714812,6440.0,-26.860000000000014,0.35,vibration,0.76,138.5
high_altitude,400,vibration,1430.0,44.3122100748312,44.441937871513105,567.0663993442437,1259.9140500491533,63.949464701010804,3.0976950078323244,2.732950434053658,1.375482406991773,12.728143212314164,20.03714928206368,0.7142821420837683,6432.0,-26.807999999999993,0.35,vibration,0.762,137.5
high_altitude,400,vibration,1431.0,44.292593593028,43.879780969251954,564.3161569287784,1262.9676369476042,63.39727367490265,2.7948166638546237,2.7358514594495316,1.322004967686959,12.76349367459476,19.616463655735078,0.7144137233375385,6424.0,-26.756,0.35,vibration,0.764,136.5
high_altitude,400,vibration,1432.0,44.274773459292696,44.198905931771954,567.4486055315487,1265.9140744135952,63.07203802960647,2.0979740610350337,2.7387550787656574,1.323441792594549,12.766660716282095,20.095807042999915,0.7145343320856695,6416.0,-26.704000000000008,0.35,vibration,0.765,135.5
high_altitude,400,vibration,1433.0,44.25870692515001,45.429809073218784,564.4436721672533,1268.770704767918,63.477585647726265,1.928994691952131,2.741661293918884,1.3168799565719331,12.792651812843463,19.872236093762826,0.7146442295107314,6408.0,-26.651999999999987,0.35,vibration,0.767,134.5
high_altitude,400,vibration,1434.0,44.24435225994609,43.56301633757845,566.003894615106,1275.5489821585847,65.03251126656451,2.780883020892122,2.7445701068272155,1.4271255824139186,12.83391552796534,20.096078632245035,0.7147436705766592,6400.0,-26.599999999999994,0.35,vibration,0.769,133.5
high_altitude,400,vibration,1435.0,44.23166872661467,43.412606075257536,564.9773917348391,1272.0640604431248,63.413834492209006,2.7382408975828545,2.747481519409798,1.3807510884318723,12.772439147540002,19.488433188264278,0.7148329041768173,6392.0,-26.548000000000002,0.35,vibration,0.771,132.5
high_altitude,400,vibration,1436.0,44.220616558020225,44.64561548157696,568.4019183720774,1265.168151949112,63.78332116591871,2.2193279441269236,2.7503955335869263,1.3962550326901675,12.800578163473771,20.255205288272695,0.7149121732785355,6384.0,-26.49599999999998,0.35,vibration,0.772,131.5
high_altitude,400,vibration,1437.0,44.21115693386436,44.50248743376075,569.5229089825184,1266.5253745101425,64.24600526259118,2.9733754281907157,2.753312151280038,1.327628200345628,12.720157711071062,19.964303385664575,0.714981715064205,6376.0,-26.44399999999999,0.35,vibration,0.774,130.5
high_altitude,400,vibration,1438.0,44.20325195814209,44.35809148003649,569.7377370805559,1273.867713564251,64.62591414858595,3.0811269960270766,2.756231374411711,1.3430685004845668,12.714458602448703,19.83757887760461,0.7150417610690163,6368.0,-26.391999999999996,0.35,vibration,0.776,129.5
high_altitude,400,vibration,1439.0,44.19686463713485,44.507240433601666,565.4610929740761,1263.8192415232413,63.37695424862215,1.6704610708141312,2.759153204905675,1.3237816339777826,12.74635175620393,20.36975000172259,0.7150925373154149,6360.0,-26.340000000000003,0.35,vibration,0.777,128.5
high_altitude,400,vibration,1440.0,44.19195885792748,44.04651369146162,569.0733268111226,1266.5265986569798,62.86454494492084,3.532645129098695,2.7620776446867925,1.3511729975471232,12.703854718487078,19.726564110954172,0.7151342644443575,6352.0,-26.28800000000001,0.35,vibration,0.779,127.5
high_altitude,400,vibration,1441.0,44.18849936743673,44.1077825025065,564.1813964984646,1260.1815901459272,64.81246708145227,2.841923400324041,2.7650046956810757,1.3174037491058832,12.793370289714003,20.160041444902443,0.715167157843444,6344.0,-26.23599999999999,0.35,vibration,0.781,126.5
high_altitude,400,vibration,1442.0,44.18645175193904,44.26914890115585,569.1398944669561,1267.1711793329964,63.70098177634647,2.997769342679123,2.7679343598156776,1.3352358035555227,12.768410748449371,19.988688748596285,0.7151914277719946,6336.0,-26.183999999999997,0.35,vibration,0.783,125.5
high_altitude,400,vibration,1443.0,44.18578241708582,43.78813999255237,568.3215840388682,1271.4417791574335,63.94678384005922,2.751699277448728,2.7708666390188945,1.328866678382157,12.781009742618396,19.969569756590932,0.7152072794831549,6328.0,-26.132000000000005,0.35,vibration,0.784,124.5
high_altitude,400,vibration,1444.0,44.1864585683945,44.62462743770581,565.3829571165064,1269.0347456009492,64.56137504270075,2.8218819988112696,2.773801535220173,1.3691559381099265,12.732939227781815,20.22778123764236,0.7152149133430883,6320.0,-26.079999999999984,0.35,vibration,0.786,123.5
high_altitude,400,vibration,1445.0,44.18844819220412,43.90967259198906,564.3250316883149,1265.6950393555387,64.40059664026646,2.7598135681547413,2.776739050350093,1.359845870628747,12.807768925620083,19.84091598537044,0.7152145249473333,6312.0,-26.02799999999999,0.35,vibration,0.788,122.5
high_altitude,400,vibration,1446.0,44.19172003708432,44.392550629052224,566.7240248200824,1267.5910510458002,63.14194203864659,2.4639442647200918,2.7796791863403922,1.3974753427754916,12.795228395119173,20.292448592591843,0.7152063052343901,6304.0,-25.976,0.35,vibration,0.79,121.5
high_altitude,400,vibration,1447.0,44.19624359568701,43.82225639788078,573.0621729284328,1279.0388256526376,63.49880333577689,3.223346883342111,2.7826219451239464,1.2872671292941422,12.8548419298188,20.059761323046835,0.7151904405966026,6296.0,-25.924000000000007,0.35,vibration,0.791,120.5
high_altitude,400,vibration,1448.0,44.20198908703009,43.795823417939275,571.4565027043599,1274.6745734129706,65.02049570982454,3.3988444664123736,2.7855673286347757,1.3743985752673211,12.778827332769493,20.14495173947478,0.7151671129883996,6288.0,-25.872000000000014,0.35,vibration,0.793,119.5
high_altitude,400,vibration,1449.0,44.20892743920309,44.3831740184748,566.4542262183124,1277.510696400559,64.02910158515698,2.921869512276587,2.788515338808057,1.3185427487904264,12.764995521527778,19.6654315092689,0.7151365000319599,6280.0,-25.819999999999993,0.35,vibration,0.795,118.5
high_altitude,400,vibration,1450.0,44.21703027248442,44.20087007207665,566.184488407048,1270.4083659407718,64.13779970275804,2.8520127456088753,2.7914659775801005,1.408411488124464,12.654908457073073,20.1274936587443,0.715023926482783,6272.0,-25.768,0.35,vibration,0.797,117.5
high_altitude,400,vibration,1451.0,44.22626988286078,44.29207913901573,569.0858556128157,1267.2275838552066,63.91019543522703,2.69075320343518,2.7944192468883773,1.416919202530489,12.858556796135627,19.905236866918603,0.7147654569325753,6264.0,-25.716000000000008,0.35,vibration,0.798,116.5
high_altitude,400,vibration,1452.0,44.236619225938774,44.205531287711466,571.6904482879108,1274.1964990881013,64.32019693814857,3.1680937700392207,2.797375148671499,1.4507303342421063,12.802248986125377,19.827121191670056,0.7145057585899414,6256.0,-25.663999999999987,0.35,vibration,0.8,115.5
high_altitude,400,vibration,1453.0,44.248051901239755,44.388211540776155,564.6098286651635,1276.7810012231482,64.01502324998502,2.6313985827166047,2.800333684869221,1.4572781087743456,12.831278593977201,19.979994422827694,0.714244860752886,6248.0,-25.611999999999995,0.35,vibration,0.802,114.5
high_altitude,400,vibration,1454.0,44.260542136868466,43.34382902852328,566.7001040466419,1269.5613550209307,62.69208073762503,2.4588718314203497,2.803294857422461,1.3636253873764477,12.76037980631342,20.193177382793706,0.7139827920218433,6240.0,-25.560000000000002,0.35,vibration,0.803,113.5
high_altitude,400,vibration,1455.0,44.274064774546794,44.34639446835871,566.3874647178079,1282.7559196925483,63.23961838031721,3.706035545276293,2.806258668273278,1.3374028338918245,12.64501215278592,19.587512281188165,0.7137195803162861,6232.0,-25.50799999999998,0.35,vibration,0.805,112.5
high_altitude,400,vibration,1456.0,44.28859525500383,44.10334330974116,569.6567782548838,1276.860943711149,63.98175272494896,3.236344637184984,2.809225119364882,1.354825580364315,12.744148481070745,19.617720645444138,0.7134552528909388,6224.0,-25.45599999999999,0.35,vibration,0.807,111.5
high_altitude,400,vibration,1457.0,44.30410960371379,43.767205959765974,571.414546398427,1273.6909326548582,63.920863045748035,2.0753470887155863,2.812194212641636,1.5117684089342425,12.823787446925817,20.06746746230958,0.7131898363516048,6216.0,-25.403999999999996,0.35,vibration,0.809,110.5
high_altitude,400,vibration,1458.0,44.320584416973524,43.58655193043193,569.1665180051793,1274.0173835055352,64.80811510167744,3.2965447977335818,2.815165950049048,1.4688976220917516,12.74447256154526,19.944595832554086,0.7129233566706172,6208.0,-25.352000000000004,0.35,vibration,0.81,109.5
high_altitude,400,vibration,1459.0,44.3379968483115,43.99725929230071,566.8064054463949,1272.631259637733,64.05829138841418,3.300357125254542,2.8181403335337865,1.4233725868634022,12.839368083438822,20.140497320948437,0.7126558392019212,6200.0,-25.30000000000001,0.35,vibration,0.812,108.5
high_altitude,400,vibration,1460.0,44.35632459522036,43.997381630065284,570.9959451243119,1272.1684068863472,64.42623714237874,3.26287555231493,2.821117365043667,1.467839691254025,12.760844276944994,19.939268899966944,0.7123873086957978,6192.0,-25.24799999999999,0.35,vibration,0.814,107.5
high_altitude,400,vibration,1461.0,44.375545886205416,45.20337582705809,567.6061734251741,1268.5871330164564,63.93145915634103,2.9805958185613566,2.8240970465276587,1.437823702067781,12.801300116227148,20.080298308496836,0.7121177893132364,6184.0,-25.195999999999998,0.35,vibration,0.816,106.5
high_altitude,400,vibration,1462.0,44.395639468141496,45.013994275634786,571.4907324002896,1278.5701156218383,63.83841110470162,3.0391189719495335,2.827079379935885,1.4007901841858739,12.82409927719829,20.212543101695722,0.7118473046399665,6176.0,-25.144000000000005,0.35,vibration,0.817,105.5
high_altitude,400,vibration,1463.0,44.41658459393079,44.71017927967233,566.6512468792631,1275.708937905054,63.57889502806385,3.7525123363697865,2.830064367219621,1.4744866880191358,12.660337263541953,20.150092776500884,0.7115758777001531,6168.0,-25.091999999999985,0.35,vibration,0.819,104.5
high_altitude,400,vibration,1464.0,44.43836101045459,44.55493312791301,565.3180054679686,1278.4472264534604,64.4399089648995,3.9660219695586534,2.833052010331297,1.4524621732269587,12.766592655131252,20.105409116693245,0.7113035309697681,6160.0,-25.039999999999992,0.35,vibration,0.821,103.5
high_altitude,400,vibration,1465.0,44.46094894681189,44.45199395563782,567.0793634239241,1288.1172773442747,64.44016236641721,2.8810614385258795,2.8360423112244986,1.359677995881117,12.681943971796047,19.91560159275348,0.711030286389642,6152.0,-24.988,0.35,vibration,0.823,102.5
high_altitude,400,vibration,1466.0,44.484329102838,44.02701303795315,566.580954303926,1280.439169239695,63.91795667236271,3.6739773945265553,2.839035271853968,1.3801874371634635,12.743336340547037,19.84140122758588,0.7107561653782065,6144.0,-24.936000000000007,0.35,vibration,0.824,101.5
high_altitude,400,vibration,1467.0,44.50848263789654,44.11791504228054,566.7183980905222,1280.2222887366818,63.70740573249436,3.2515101477593364,2.8420308941755996,1.467812642002908,12.864206588967335,20.156337814089966,0.7104811888439306,6136.0,-24.884000000000015,0.35,vibration,0.826,100.5
high_altitude,400,vibration,1468.0,44.53339115993831,44.90688490699648,567.7398001890773,1269.993366621899,64.47018755120712,2.093812269793842,2.8450291801464513,1.4968997614379076,12.698120636966161,20.208506968839203,0.7102053771974648,6128.0,-24.831999999999994,0.35,vibration,0.828,99.5
high_altitude,400,vibration,1469.0,44.559036714820614,43.93193885997218,570.6618174561646,1276.3537873526636,62.99856391643977,3.4351811712714193,2.8480301317247276,1.4177295357955768,12.813301294977279,20.05117107558549,0.7099287503634918,6120.0,-24.78,0.35,vibration,0.829,98.5
high_altitude,400,vibration,1470.0,44.585401775880925,45.354524486659514,571.8117292537116,1268.7494658068827,63.528567279577274,2.6421608812745547,2.8510337508697963,1.4846956100066837,12.850281578727932,19.741441884104795,0.7096513277922989,6112.0,-24.72800000000001,0.35,vibration,0.831,97.5
high_altitude,400,vibration,1471.0,44.61246923375879,44.88120400479307,566.8490736183626,1275.2896801254726,63.53042728197684,3.0097429812298415,2.854040039542188,1.5489879473359347,12.748152610151653,19.7887454825633,0.7093731284710719,6104.0,-24.675999999999988,0.35,vibration,0.833,96.5
high_altitude,400,vibration,1472.0,44.64022238646006,45.61099897881628,566.5239525828322,1266.825921240235,64.08489595468382,3.5561377827932605,2.8570489997035784,1.393749877698819,12.682896358020344,20.239886800349176,0.7090941709349226,6096.0,-24.623999999999995,0.35,vibration,0.835,95.5
high_altitude,400,vibration,1473.0,44.6686449296577,44.96488014161986,566.4521443491325,1284.250952298154,63.96210898904411,2.584575859365297,2.8600606333168157,1.538196676194608,12.688165241971607,20.126156064454456,0.7088144732776505,6088.0,-24.572000000000003,0.35,vibration,0.836,94.5
high_altitude,400,vibration,1474.0,44.69772094722353,44.561725153922296,562.8126202533246,1274.0030139861387,63.84758566055916,2.7273122540721686,2.8630749423458997,1.5110404246257743,12.873402299227308,19.81169923112472,0.7085340531622525,6080.0,-24.519999999999982,0.35,vibration,0.838,93.5
high_altitude,400,vibration,1475.0,44.72743490198537,45.06707497020595,559.7062870198663,1275.742960854523,64.5193952216358,3.2292410988939046,2.8660919287559943,1.4227368074206639,12.769785861111762,19.879299773146485,0.7082529278311787,6072.0,-24.46799999999999,0.35,vibration,0.84,92.5
high_altitude,400,vibration,1476.0,44.75777162670429,44.72740961483971,566.7267622619513,1284.3283305873524,63.885204378175715,3.5981961229143757,2.86911159451342,1.5353555027219028,12.78853848136928,19.520112820759188,0.7079711141163456,6064.0,-24.415999999999997,0.35,vibration,0.842,91.5
high_altitude,400,vibration,1477.0,44.7887163152667,44.3975610199493,565.8026088996625,1272.682310094928,63.60295529422131,4.187373820200136,2.872133941585661,1.4556487625315955,12.613000522816845,20.102575684444805,0.7076886284489112,6056.0,-24.364000000000004,0.35,vibration,0.843,90.5
high_altitude,400,vibration,1478.0,44.82025451408607,43.89440842692177,571.3705450377046,1279.8381785419137,64.21186627070922,3.3154856183781165,2.875158971941363,1.413392855047885,12.723144629146297,20.233614656886026,0.7074054868688162,6048.0,-24.312000000000012,0.35,vibration,0.845,89.5
high_altitude,400,vibration,1479.0,44.852372113709514,44.518960975853034,567.6278304488545,1276.6639971982224,64.1682429807153,2.8251542874153364,2.8781866875503335,1.4368019549934055,12.782234608719392,19.76246025208814,0.707121705034099,6040.0,-24.25999999999999,0.35,vibration,0.847,88.5
high_altitude,400,vibration,1480.0,44.885055340624035,44.64764988239057,572.9512840747816,1266.1792447411917,64.02792273744708,2.9733722884221745,2.881217090383542,1.4405877581554642,12.776658193611395,20.017403936151478,0.7068372982299889,6032.0,-24.208,0.35,vibration,0.848,87.5
high_altitude,400,vibration,1481.0,44.918290749258034,44.49472200659395,571.7915962899676,1278.7401348865787,64.38744555698322,3.935220439325832,2.8842501824131213,1.459947276513402,12.841183761433337,19.917078531134134,0.7065522813777823,6024.0,-24.156000000000006,0.35,vibration,0.85,86.5
high_altitude,400,vibration,1482.0,44.95206521417313,45.02990849963414,569.3457151814597,1282.3388580274072,64.08075400932148,4.265045527341035,2.887285965612368,1.5231033027247016,12.796741467920967,19.840357265173242,0.7062666690435075,6016.0,-24.103999999999985,0.35,vibration,0.852,85.5
high_altitude,400,vibration,1483.0,44.98636592244198,45.028929169424195,568.4612246883795,1280.9565068743195,64.37869228705237,4.6330181346522945,2.890324441955742,1.509215325203039,12.787174517110548,19.805680972127977,0.7059804754463835,6008.0,-24.051999999999992,0.35,vibration,0.854,84.5
high_altitude,400,vibration,1484.0,45.02118036620751,44.99043345026456,564.6715223125835,1282.2134970014479,65.07284591619369,4.343807218737197,2.893365613418867,1.460109744278248,12.827815792998774,20.12961508051676,0.7056937144670783,6000.0,-24.0,0.35,vibration,0.855,83.5
high_altitude,400,vibration,1485.0,45.05649633541935,45.18838130569277,564.8237253824719,1278.0871215311658,63.81324751446284,3.0997429910744434,2.8964094819785364,1.4619377889118945,12.792159992991103,20.11474931461278,0.7054063996557681,5992.0,-23.948000000000008,0.35,vibration,0.857,82.5
high_altitude,400,vibration,1486.0,45.09230191074318,44.53943613727941,567.7560024270292,1281.637131553024,64.3624159747399,4.194394282836283,2.899456049612707,1.4997757638597766,12.795318735504205,19.695240276577813,0.7051185442400072,5984.0,-23.896000000000015,0.35,vibration,0.859,81.5
high_altitude,400,vibration,1487.0,45.128585456638966,44.675742324461396,565.3340434719845,1279.7235413078297,64.10527261805895,4.412239936340988,2.9025053183004994,1.3849174157427595,12.749065384370633,19.934563012395856,0.7048301611324095,5976.0,-23.843999999999994,0.35,vibration,0.861,80.5
high_altitude,400,vibration,1488.0,45.165335614603904,45.071740105371575,570.7895158697455,1280.1535916799933,64.5762696446179,4.233592222491907,2.9055572900222026,1.4850471480965868,12.763495755019596,20.067773154673446,0.7045412629381463,5968.0,-23.792,0.35,vibration,0.862,79.5
high_altitude,400,vibration,1489.0,45.202541296576314,45.19607837376007,564.7824386682229,1281.142485794607,63.283585853469674,4.819994084644468,2.9086119667592722,1.5018665466519163,12.76555012114641,20.18137098602696,0.7042518619622673,5960.0,-23.74000000000001,0.35,vibration,0.864,78.5
high_altitude,400,vibration,1490.0,45.24019167849657,45.049230899590356,571.2474542430214,1287.4161806509128,65.5590514973272,4.100230171956221,2.911669350494336,1.5134642299995076,12.714344718131525,20.187653259206165,0.7039619702168456,5952.0,-23.687999999999988,0.35,vibration,0.866,77.5
high_altitude,400,vibration,1491.0,45.27827619402133,45.56776635075359,570.4783621146494,1280.8562738232142,63.187288290502806,3.661629576464261,2.914729443211181,1.402541313704971,12.889719000873837,20.207344714207494,0.7036715994279537,5944.0,-23.635999999999996,0.35,vibration,0.868,76.5
high_altitude,400,vibration,1492.0,45.31678452838744,45.55682963783197,571.4170063913059,1285.3814478122765,64.00676895354857,3.2515955188276426,2.917792246894773,1.4608803797017489,12.871605769667523,20.017020485941863,0.7033807610424729,5936.0,-23.584000000000003,0.35,vibration,0.869,75.5
high_altitude,400,vibration,1493.0,45.355706612421905,45.41185905396798,570.3043739239821,1280.9418380924728,64.00236955505623,3.8758172906438304,2.9208577635312425,1.4537987812602295,12.743510483610793,19.75920872448757,0.7030894662347416,5928.0,-23.531999999999982,0.35,vibration,0.871,74.5
high_altitude,400,vibration,1494.0,45.39503261669456,45.05998705639273,569.520776728614,1285.3004360534815,64.73927546882743,4.048424803730927,2.923925995107886,1.4888584752023029,12.744807641814418,19.893929439574016,0.702797725913042,5920.0,-23.47999999999999,0.35,vibration,0.873,73.5
high_altitude,400,vibration,1495.0,45.434752945809834,45.308527773772504,571.8425875856614,1272.5726676255217,64.29058293814217,3.794608954633511,2.926996943613177,1.523358330673157,12.72560919227154,20.14013752975831,0.702505550725938,5912.0,-23.427999999999997,0.35,vibration,0.874,72.5
high_altitude,400,vibration,1496.0,45.47485823283456,45.373098298848404,564.1390527056352,1274.0056384280037,64.22636225325566,3.8306509264234996,2.930070611036755,1.3939869726983507,12.76765124940287,20.25602846544294,0.7022129510684563,5904.0,-23.376000000000005,0.35,vibration,0.876,71.5
high_altitude,400,vibration,1497.0,45.515339333858364,45.48101033591178,574.0667868321589,1275.037957160949,64.95238667568528,4.768789384583207,2.9331469993694377,1.5194483126755556,12.748665319290101,20.09877825565665,0.7019199370881246,5896.0,-23.324000000000012,0.35,vibration,0.878,70.5
high_altitude,400,vibration,1498.0,45.5561873226836,45.76139536436069,570.5913730846212,1277.2176151563276,64.46003675559746,4.750406553852117,2.9362261106032093,1.5120209900936181,12.809278344430245,20.052427208330162,0.7016265186908636,5888.0,-23.27199999999999,0.35,vibration,0.88,69.5
high_altitude,400,vibration,1499.0,45.59739348564172,45.42380468819931,568.5853113884368,1278.6812500152334,63.8566061760898,4.580188226267787,2.9393079467312218,1.4340644537407847,12.703248000520585,19.510642014238524,0.7013327055467395,5880.0,-23.22,0.35,vibration,0.881,68.5
high_altitude,400,vibration,1500.0,45.63894931653304,46.25404778274882,568.2031169726122,1284.1104295545842,64.55991317491993,3.9056267841707113,2.9423925097478114,1.4719865404552146,12.740743904618757,19.731523064025534,0.701038507095581,5872.0,-23.168000000000006,0.35,vibration,0.883,67.5
high_altitude,400,vibration,1501.0,45.68084651168706,45.182351840960564,566.5603921217372,1282.815855724969,63.487745135810215,4.412647528685449,2.9454798016484802,1.5652805789008284,12.81074396746355,19.86150543304476,0.7007439325524589,5864.0,-23.115999999999985,0.35,vibration,0.885,66.5
high_altitude,400,vibration,1502.0,45.723076965140244,45.56737711936553,568.4624815575302,1282.3624378547904,64.28951254733738,4.5773011519448605,2.948569824429906,1.5710686508733298,12.76798202331076,19.88734448211691,0.7004489909130392,5856.0,-23.063999999999993,0.35,vibration,0.887,65.5
high_altitude,400,vibration,1503.0,45.765632763928814,45.0829565319003,573.2972568067534,1278.4266260723848,64.12616403119812,4.459243782965317,2.951662580089942,1.514488062117561,12.807795340760709,19.86001156792654,0.7001536909588065,5848.0,-23.012,0.35,vibration,0.888,64.5
high_altitude,400,vibration,1504.0,45.80850618349344,45.787548299930904,563.7183694208576,1289.3589861599598,63.22597223297795,3.9205787792043463,2.9547580706276126,1.5157122963153065,12.815577388570839,20.399777644608747,0.699858041262163,5840.0,-22.960000000000008,0.35,vibration,0.89,63.5
high_altitude,400,vibration,1505.0,45.85168968319347,45.92987211114956,569.0193482663942,1284.1545601078853,64.49921278312873,4.655648114626049,2.957856298043127,1.5195943214068313,12.794481698215387,19.934456687838633,0.6995620501914079,5832.0,-22.908000000000015,0.35,vibration,0.892,62.5
high_altitude,400,vibration,1506.0,45.89517590192788,45.45518034923235,567.5008238927624,1281.7851200873408,64.17754093101671,4.0447104659488256,2.960957264337862,1.5630216699572035,12.783175153167535,19.791427032129178,0.6992657259155955,5824.0,-22.855999999999995,0.35,vibration,0.894,61.5
high_altitude,400,vibration,1507.0,45.93895765386054,45.42933309547447,571.7969146420753,1292.7703763997283,63.53515254774016,4.408323833021954,2.9640609715143706,1.4303451232234292,12.76100817409116,19.86532967006991,0.6989690764092806,5816.0,-22.804000000000002,0.35,vibration,0.895,60.5
high_altitude,400,vibration,1508.0,45.983027924247246,45.19555424412658,571.5037424628604,1290.2383946842306,64.8326138639591,4.9498646139572395,2.9671674215763892,1.5177475392064699,12.769818939294863,20.15223867955304,0.6986721094571483,5808.0,-22.75200000000001,0.35,vibration,0.897,59.5
high_altitude,400,vibration,1509.0,46.02737986536207,45.74335134254249,568.8298602713533,1290.031348094399,64.15537129180147,3.485736202255911,2.970276616528831,1.470001379822175,12.689172451475754,19.90709298771827,0.6983748326585352,5800.0,-22.69999999999999,0.35,vibration,0.899,58.5
high_altitude,400,vibration,1510.0,46.072006792520774,45.345011478243755,572.0602475479473,1276.866326604954,63.910239823463705,4.886963130644068,2.97338855837778,1.5463770790449034,12.823599100513281,20.422062841049595,0.6980772534318423,5792.0,-22.647999999999996,0.35,vibration,0.9,57.5
high_altitude,400,vibration,1511.0,46.11690218019884,46.09026387334656,567.4506990619655,1281.832611996415,64.96415996589607,3.9709775216757186,2.976503249130504,1.5523249903234937,12.815357348691945,19.873362126441663,0.6977793790188433,5784.0,-22.596000000000004,0.35,vibration,0.902,56.5
high_altitude,400,vibration,1512.0,46.162059658241965,46.178456436770695,569.4073522483038,1281.1282516046551,64.36568147954448,4.389497163320687,2.9796206907954543,1.55013608932013,12.705368872724137,20.256613960008714,0.6974812164888899,5776.0,-22.543999999999983,0.35,vibration,0.904,55.5
high_altitude,400,vibration,1513.0,46.20747300816675,46.714423207456015,570.4110425043064,1285.741105976127,62.80118618332987,4.2816479701251176,2.9827408853822535,1.5216425647993317,12.72379908009786,20.26872188515163,0.6971827727430164,5768.0,-22.49199999999999,0.35,vibration,0.906,54.5
high_altitude,400,vibration,1514.0,46.25313615954952,46.08643961323036,571.2571255741813,1290.04290969967,64.09748896085974,4.361108747989926,2.985863834901712,1.5676099968290051,12.810231668291372,19.857413088289515,0.6968840545179485,5760.0,-22.439999999999998,0.35,vibration,0.907,53.5
high_altitude,400,vibration,1515.0,46.299043186501066,46.27293464010291,568.2958680922735,1289.716431784019,63.92782694935794,4.184495434439571,2.9889895413658163,1.540152478011054,12.792825183784112,20.1981059000763,0.6965850683900143,5752.0,-22.388000000000005,0.35,vibration,0.909,52.5
high_altitude,400,vibration,1516.0,46.34518830422536,45.7612069913362,568.443479700355,1286.7592993947303,63.428950695338195,5.157749861030567,2.992118006787734,1.5225029783068253,12.737789912408626,20.181810352779888,0.696285820778964,5744.0,-22.336000000000013,0.35,vibration,0.911,51.5
high_altitude,400,vibration,1517.0,46.39156586566019,46.832342786432804,570.5935119380547,1289.9284656649118,64.42135162834737,4.142074295492685,2.9952492331818212,1.5300398400994937,12.8271228103458,19.825324396541625,0.6959863179516974,5736.0,-22.283999999999992,0.35,vibration,0.913,50.5
high_altitude,400,vibration,1518.0,46.43817035819778,46.23059608469124,569.0009089800142,1287.3527014394203,63.89000458955948,4.4080091280711144,2.998383222563606,1.6226436936750857,12.812859621401275,19.729187848560336,0.6956865660259037,5728.0,-22.232,0.35,vibration,0.914,49.5
high_altitude,400,vibration,1519.0,46.4849964004835,46.349814182043666,575.4076935868719,1295.055554860246,64.68317937270766,5.062279364808459,3.0015199769498073,1.57813661209944,12.737451095947586,20.204422077716522,0.695386570973614,5720.0,-22.180000000000007,0.35,vibration,0.916,48.5
high_altitude,400,vibration,1520.0,46.5320387392908,46.156442541519986,569.6237656534084,1285.7240861047967,63.39530964210368,4.763575444124614,3.0046594983583255,1.5813485733149466,12.85465637531074,19.978560398660246,0.6950863386246692,5712.0,-22.127999999999986,0.35,vibration,0.918,47.5
high_altitude,400,vibration,1521.0,46.57929224647051,47.43630179704482,571.5038300177499,1282.6353916033231,64.36825257926198,4.582777473053701,3.0078017888082424,1.6190196729621424,12.674996430122,19.919246066887688,0.6947858746701051,5704.0,-22.075999999999993,0.35,vibration,0.919,46.5
high_altitude,400,vibration,1522.0,46.62675191597284,46.33533765993858,573.9614525550605,1272.6150701658328,63.57615126117151,4.8257200598309815,3.0109468503198284,1.5140059852681584,12.77360744321628,19.817542490872793,0.6944851846654584,5696.0,-22.024,0.35,vibration,0.921,45.5
high_altitude,400,vibration,1523.0,46.67441286094024,46.43416369222266,566.359674400819,1286.8530288399209,63.352568558417474,4.793082099554661,3.0140946849145345,1.6306951613403609,12.783359301814885,19.90542232185907,0.6941842740339916,5688.0,-21.97200000000001,0.35,vibration,0.923,44.5
high_altitude,400,vibration,1524.0,46.72227031086947,46.5303460649115,578.8364318701848,1281.6446080689154,64.13000368005329,5.2355218351047075,3.0172452946150043,1.6147698227396654,12.846852817763608,20.361216848975438,0.6938831480698437,5680.0,-21.920000000000016,0.35,vibration,0.925,43.5
high_altitude,400,vibration,1525.0,46.770319608841305,47.26017161433977,571.598771110021,1279.1310877539256,63.62841905348372,4.788635282843835,3.0203986814450583,1.5331006202807413,12.769404376811947,19.86563438345501,0.6935818119411028,5672.0,-21.867999999999995,0.35,vibration,0.926,42.5
high_altitude,400,vibration,1526.0,46.818556208816105,45.82233280486617,573.0469279032568,1285.1601000018723,64.68693982475715,5.559092539993513,3.0235548474297107,1.574284800025162,12.789258993529852,19.748240255937784,0.6932802706928095,5664.0,-21.816000000000003,0.35,vibration,0.928,41.5
high_altitude,400,vibration,1527.0,46.86697567299385,46.78883812804579,567.5551076297678,1293.1460094060913,64.26750068441567,5.579822403826547,3.0267137945951585,1.547183100170753,12.817037286921355,20.057991471682506,0.6929785292498847,5656.0,-21.76400000000001,0.35,vibration,0.93,40.5
high_altitude,400,vibration,1528.0,46.91557366923702,46.846642929154626,572.33948496566,1290.7848261547651,63.60336829635871,4.179052267202163,3.0298755249687885,1.5585180255580162,12.794730211485227,19.64457909606026,0.6926765924199904,5648.0,-21.71199999999999,0.35,vibration,0.932,39.5
high_altitude,400,vibration,1529.0,46.964345968554774,47.02747493743009,567.9290327018205,1294.9448000956268,64.60383445974887,4.228391743208022,3.033040040579176,1.603541775492456,12.734826696698594,20.011472674787917,0.6923744648963219,5640.0,-21.659999999999997,0.35,vibration,0.933,38.5
high_altitude,400,vibration,1530.0,47.013288442647124,47.00032857717414,572.103594804247,1284.5389987016297,63.63151551640659,4.937113116414795,3.036207343456081,1.536251521675884,12.654682580319369,19.909854161265862,0.6920721512603325,5632.0,-21.608000000000004,0.35,vibration,0.935,37.5
high_altitude,400,vibration,1531.0,47.062397061507504,46.434325103360806,569.867423492765,1289.6533535203419,64.78713576975534,4.953613228264354,3.0393774356304624,1.6114326546659095,12.852359970851994,20.299256527795148,0.6917696559843948,5624.0,-21.555999999999983,0.35,vibration,0.937,36.5
high_altitude,400,vibration,1532.0,47.111667891082476,47.455285004570044,571.8885554531719,1284.0546435150522,64.77434166506933,4.626067608099855,3.0425503191344556,1.6268919015439796,12.747375352830081,19.871707296284086,0.6914669834343967,5616.0,-21.50399999999999,0.35,vibration,0.939,35.5
high_altitude,400,vibration,1533.0,47.161097090987106,47.418769202461284,573.6500487268028,1288.2942361805533,64.49175722042459,4.239600852226887,3.0457259960013965,1.6309822038790067,12.785053572474558,19.87954078057801,0.6911641378722782,5608.0,-21.451999999999998,0.35,vibration,0.94,34.5
high_altitude,400,vibration,1534.0,47.210680912274775,47.68000001665051,574.4450282996147,1286.7859023408926,64.61607047440482,5.525074242890154,3.048904468265809,1.5216506758855424,12.79048491031331,20.33783870738511,0.6908611234585049,5600.0,-21.400000000000006,0.35,vibration,0.942,33.5
high_altitude,400,vibration,1535.0,47.26041569526007,47.21389849166657,571.3398875406913,1292.1439970060642,64.61176744187864,5.844841222230989,3.0520857379634037,1.6463497635649709,12.7588084070275,20.012480014497747,0.6905579442544855,5592.0,-21.348000000000013,0.35,vibration,0.944,32.5
high_altitude,400,vibration,1536.0,47.31029786739354,46.81418192291658,571.3951482494593,1289.076713524133,64.32831816532214,5.618290729095237,3.055269807131094,1.7129957381688563,12.787195759836216,20.140710630071005,0.6902546042249289,5584.0,-21.295999999999992,0.35,vibration,0.945,31.5
high_altitude,400,vibration,1537.0,47.36032394118698,46.57295662317587,570.0532463663236,1286.1314082751494,64.98974556150368,5.135856336787181,3.0584566778069706,1.6058977978152074,12.604594255782672,20.178431765464065,0.6899511072401477,5576.0,-21.244,0.35,vibration,0.947,30.5
high_altitude,400,vibration,1538.0,47.41049051218821,47.52880887510676,571.1337269380748,1293.2459391383752,63.74712840352472,5.217659061826001,3.0616463520303316,1.6752896592933209,12.768798576885448,20.439856636709663,0.6896474570783053,5568.0,-21.192000000000007,0.35,vibration,0.949,29.5
high_altitude,400,vibration,1539.0,47.460794257004025,47.0414062915634,576.9234748377858,1293.704901106667,63.80067098627422,5.279857109167188,3.0648388318416604,1.5792372712644467,12.815208810587743,20.337785852869622,0.6893436574276093,5560.0,-21.139999999999986,0.35,vibration,0.951,28.5
high_altitude,400,vibration,1540.0,47.51123193137018,47.51245639894504,571.3831666449962,1298.9843970605941,63.712539548576366,5.352979365190086,3.0680341192826317,1.5832611900548668,12.651384185498273,19.848314379724574,0.6890397118884546,5552.0,-21.087999999999994,0.35,vibration,0.952,27.5
high_altitude,400,vibration,1541.0,47.561800368267406,47.46736321003321,570.716215501781,1289.9280236247387,63.91434312640886,6.171297480637416,3.071232216396126,1.5807214390757671,12.799955955057136,19.915928699309386,0.6887356239755131,5544.0,-21.036,0.35,vibration,0.954,26.5
high_altitude,400,vibration,1542.0,47.61249647608223,47.86112198985437,572.9584899570909,1301.0838294858029,63.88968235065724,5.540077850259178,3.0744331252262063,1.579726635338367,12.820625044614413,19.993315206832538,0.6884313971197754,5536.0,-20.98400000000001,0.35,vibration,0.956,25.5
high_altitude,400,vibration,1543.0,47.66331723681159,48.27027969723943,566.4201751697825,1284.0432070395975,63.47632980531366,5.099682930785932,3.0776368478181433,1.694601627251327,12.764486112944757,19.550401928587195,0.6881270346705424,5528.0,-20.931999999999988,0.35,vibration,0.958,24.5
high_altitude,400,vibration,1544.0,47.714259704310216,47.464984694282776,579.5182097345602,1292.290776076726,64.15299968002653,5.212317958372706,3.0808433862183917,1.584263996091121,12.787672928119948,19.98677772700056,0.6878225398973714,5520.0,-20.879999999999995,0.35,vibration,0.959,23.5
high_altitude,400,vibration,1545.0,47.76532100257974,47.29055265205892,576.2766115564898,1290.3061248087874,63.12006662441971,5.70953135907195,3.084052742474608,1.6628141680024042,12.79619618232378,19.96070661424678,0.687517915991974,5512.0,-20.828000000000003,0.35,vibration,0.961,22.5
high_altitude,400,vibration,1546.0,47.81649832409851,47.03820221120875,570.64264746557,1289.189225194615,64.63420002261043,5.60022155238953,3.087264918635649,1.7014950952325079,12.837345652394559,19.945153366012246,0.6872131660700694,5504.0,-20.77600000000001,0.35,vibration,0.963,21.5
high_altitude,400,vibration,1547.0,47.86778892819121,48.42932438640367,576.2343867504284,1299.4122676916495,65.22387876013671,6.664818791277524,3.090479916751566,1.6472406695314614,12.703521551089109,20.011509189543915,0.6869082931731944,5496.0,-20.72399999999999,0.35,vibration,0.965,20.5
high_altitude,400,vibration,1548.0,47.91919013943726,46.83929401816202,571.334246078577,1299.9492568801159,64.28814993131228,5.71501820975624,3.0936977388736087,1.6842584181281637,12.833557376788322,19.93693155817025,0.6866033002704695,5488.0,-20.671999999999997,0.35,vibration,0.966,19.5
high_altitude,400,vibration,1549.0,47.97069934611716,48.5663825828876,567.2789999917517,1295.299800457971,64.81877923381747,6.050396633898567,3.0969183870542243,1.7244865281634245,12.7806860604628,20.15263273170866,0.6862981902603222,5480.0,-20.620000000000005,0.35,vibration,0.968,18.5
high_altitude,400,vibration,1550.0,48.02231399869577,48.525525870454445,573.369050727679,1290.3328101433508,63.97206618643007,6.160383325973619,3.100141863347063,1.6531123977434639,12.766033782218432,19.607347640926346,0.6859929659721719,5472.0,-20.567999999999984,0.35,vibration,0.97,17.5
high_altitude,400,vibration,1551.0,48.074031608341755,47.931601318899205,570.1788219854543,1288.607773401263,64.06611532948685,5.688352625514621,3.1033681698069695,1.6575678678197183,12.782317103951588,19.892888607506347,0.685687630168071,5464.0,-20.51599999999999,0.35,vibration,0.971,16.5
high_altitude,400,vibration,1552.0,48.12584974548222,48.84379460041984,575.2828311267972,1301.6426784960472,64.5577435291836,5.566332960853112,3.106597308489991,1.6638497062291688,12.739029163121979,20.00064074652879,0.6853821855443105,5456.0,-20.464,0.35,vibration,0.973,15.5
high_altitude,400,vibration,1553.0,48.177766038391844,48.756524549246265,574.6706077672047,1291.9774910081599,62.96231774416861,6.095120207903391,3.109829281453382,1.6392212170679517,12.768646038527232,20.132352528514918,0.6850766347329849,5448.0,-20.412000000000006,0.35,vibration,0.975,14.5
high_altitude,400,vibration,1554.0,48.22977817181552,48.25045282736456,576.7836963173792,1289.1744522439194,64.87211825088343,6.525276429881624,3.1130640907555867,1.6929890408502717,12.693412592743249,19.922689788583355,0.6847709803035203,5440.0,-20.360000000000014,0.35,vibration,0.977,13.5
high_altitude,400,vibration,1555.0,48.28188388562382,49.03500663319557,575.3007936870492,1293.372630022491,64.03798866685706,6.990532320116163,3.116301738456261,1.5961748125971138,12.778559098633142,19.85862751408558,0.684465224764168,5432.0,-20.307999999999993,0.35,vibration,0.978,12.5
high_altitude,400,vibration,1556.0,48.33408097350053,48.6296797663308,572.9536188134001,1288.8488114963368,64.80949076352182,6.22840663847294,3.119542226616258,1.5719954788303727,12.729491387157626,19.846802114810636,0.6841593705634593,5424.0,-20.256,0.35,vibration,0.98,11.5
high_altitude,400,vibration,1557.0,48.386367281661315,49.15548871380446,570.2588955286441,1289.586378160944,64.61095219815812,6.505755698530627,3.1227855572976315,1.7137360979554324,12.794024947884655,20.079403144827634,0.6838534200916286,5416.0,-20.204000000000008,0.35,vibration,0.982,10.5
high_altitude,400,vibration,1558.0,48.43874070760301,48.52895924276667,572.5500113132325,1294.186790421135,64.86573505728146,5.852768326555363,3.1260317325636486,1.624261449609423,12.780067255747385,20.1304893575874,0.6835473756820011,5408.0,-20.151999999999987,0.35,vibration,0.984,9.5
high_altitude,400,vibration,1559.0,48.49119919888262,48.279412675003975,572.7512827039383,1291.1870597821892,63.690479974498864,6.065756833448635,3.129280754478767,1.7332183142394058,12.801177988172984,19.90792372670683,0.6832412396123474,5400.0,-20.099999999999994,0.35,vibration,0.985,8.5
high_altitude,400,vibration,1560.0,48.45372122079314,48.206845251156636,573.0804719906887,1268.850556751738,63.9139737937258,6.011059747556093,2.639994559107405,1.6800952523086714,12.728045201582638,19.980995494175477,0.6818269061056086,5392.0,-20.048000000000002,0.3,vibration,0.987,7.5
high_altitude,400,vibration,1561.0,48.41279210281836,47.80618098104,573.4345151319409,1255.7799882740167,64.0605258105691,6.310646781219241,2.611737676335273,1.6642251673875996,12.781080370132145,19.58023906474956,0.6807933792923955,5384.0,-19.99599999999998,0.3,vibration,0.989,6.5
high_altitude,400,vibration,1562.0,48.37025985258109,48.10060821538103,574.4057511157451,1239.8892249411956,64.75439501286968,6.918273952075575,2.593107492063804,1.5968205838800478,12.811609482311326,20.186414001897678,0.6800208038334085,5376.0,-19.94399999999999,0.3,vibration,0.99,5.5
high_altitude,400,vibration,1563.0,48.327376658268285,48.715684820928416,572.5622820803998,1237.3541767490137,63.84711405492806,6.5482507710995375,2.581102156232626,1.668396303204074,12.7046208601616,19.695248602114255,0.6794267995102485,5368.0,-19.891999999999996,0.3,vibration,0.992,4.5
high_altitude,400,vibration,1564.0,48.284985518325165,49.00794720605905,570.5559968242869,1237.6938078651829,62.877383241284946,6.913571216797336,2.5736560898294845,1.6837723604929862,12.78972989227898,20.292939485956392,0.6789547497661519,5360.0,-19.840000000000003,0.3,vibration,0.994,3.5
high_altitude,400,vibration,1565.0,48.243648538986164,48.48025492411879,572.5336598324906,1233.3027908030344,63.04966251892308,6.175920376326991,2.5693479642279744,1.7062520492895559,12.752885620486277,20.33617656856552,0.6785657500892668,5352.0,-19.78800000000001,0.3,vibration,0.996,2.5
high_altitude,400,vibration,1566.0,48.20373512869085,47.996373954148304,571.4626631922479,1234.6925736474604,63.63950408503548,7.076281935985363,2.5671997609796238,1.6166263554553124,12.669677970008854,19.950605967889132,0.6782330725374068,5344.0,-19.73599999999999,0.3,vibration,0.997,1.5
high_altitude,400,vibration,1567.0,48.165482621849634,47.440174074262515,576.1359944652228,1227.4425344733381,64.24882101251197,6.673938762841722,2.566538504338051,1.7019085842983122,12.74921695615028,20.090217091069935,0.6779383601097996,5336.0,-19.683999999999997,0.3,vibration,0.999,0.5
high_altitude,400,vibration,1568.0,48.129037948023054,48.42706639309001,564.9529593684946,1239.6945054561393,63.115541490151244,6.847174524449378,2.5669011190689908,1.7700182479441433,12.743303398717925,19.808774836309134,0.6777988805182538,5328.0,-19.632000000000005,0.3,vibration,1.0,0.0
high_altitude,400,vibration,1569.0,48.0944862700529,47.585066635626355,567.7799727165312,1232.8745522131542,64.51283632156269,7.2613168067647855,2.5679689628873574,1.700249060244084,12.731657613887041,19.344403305362412,0.6778059871912753,5320.0,-19.579999999999984,0.3,vibration,1.0,0.0
high_altitude,400,vibration,1570.0,48.061870663572186,47.45976495605474,571.3768816182453,1230.6486904330088,63.869324282153215,6.5138477070541905,2.569522778082499,1.6960690253321504,12.689333512225065,19.954752202605146,0.6778238826531833,5312.0,-19.52799999999999,0.3,vibration,1.0,0.0
high_altitude,400,vibration,1571.0,48.03120563768236,47.960788524747834,572.2957390861952,1230.0078412985977,63.56564968965417,5.9900929758456325,2.571411693637584,1.743421849169227,12.869517707454632,19.699875325897505,0.677848508616966,5304.0,-19.476,0.3,vibration,1.0,0.0
high_altitude,400,vibration,1572.0,48.002486421646836,48.123323407338866,568.5129262606654,1227.9198885943752,62.87701145022261,6.192765553937503,2.573531895527139,1.6747984627549595,12.71535696598592,19.80198227087688,0.677877091374411,5296.0,-19.424000000000007,0.3,vibration,1.0,0.0
high_altitude,400,vibration,1573.0,47.975695340929626,48.34249391516372,580.1492992048538,1228.904275366608,63.33844812017268,6.20578353239142,2.575811949709558,1.7992397390290518,12.724314753162204,20.320283155210994,0.6779077399756097,5288.0,-19.372000000000014,0.3,vibration,1.0,0.0
high_altitude,400,vibration,1574.0,47.95080619236268,47.46482214631943,571.8970918450433,1230.4710745902282,63.722070418254646,5.901043455079792,2.578202702853099,1.6528531674795641,12.765128609007558,19.75942199486192,0.6779391699866425,5280.0,-19.319999999999993,0.3,vibration,1.0,0.0
high_altitude,400,vibration,1575.0,47.92778724391315,47.90481966460681,566.5730287685293,1226.8813276133271,64.2143281036893,6.279662470085578,2.5806703330093823,1.6520100786704988,12.650847595664983,20.084945461820666,0.6779705135820431,5272.0,-19.268,0.3,vibration,1.0,0.0
high_altitude,400,vibration,1576.0,47.906603289057486,47.544168860187135,573.4418309564044,1223.4741027559153,63.472859136135455,6.83007077817088,2.58319156777162,1.7821781784792046,12.741128113620853,19.91808126709374,0.6780011889922087,5264.0,-19.216000000000008,0.3,vibration,1.0,0.0
high_altitude,400,vibration,1577.0,47.88721705138728,47.78109212578148,573.1885491660445,1229.9088710056426,63.14130322461244,5.233592795672241,2.585750393882878,1.6832932176012667,12.773500639333431,20.232550226698553,0.6780308107571241,5256.0,-19.163999999999987,0.3,vibration,1.0,0.0
high_altitude,400,vibration,1578.0,47.869590142684714,48.25708367613773,575.1848261706677,1227.1863664343364,64.20416621748078,6.398776397295581,2.588335793113488,1.6358164425925656,12.650819319719515,20.188900519905562,0.6780591280342202,5248.0,-19.111999999999995,0.3,vibration,1.0,0.0
high_altitude,400,vibration,1579.0,47.853683714189,49.04576700190472,573.1862654931706,1228.654498561121,63.39708568128348,6.594703470466776,2.5909401843158526,1.6329863006775793,12.73807034132386,20.327083304650333,0.6780859821932513,5240.0,-19.060000000000002,0.3,vibration,1.0,0.0
high_altitude,400,vibration,1580.0,47.83945889710813,48.09670913980528,571.0065026030807,1231.860208098674,63.33944085457405,6.792834593531747,2.5935583514007967,1.7544963124931243,12.772959555343961,19.70593374974061,0.6781112776708016,5232.0,-19.00799999999998,0.3,vibration,1.0,0.0
high_altitude,400,vibration,1581.0,47.826877098408964,48.48091498203407,566.0955851628056,1221.0816753897193,63.257453179317515,6.855653961232848,2.596186705677206,1.6934887927779694,12.806873142398995,19.980284435706935,0.6781349619405941,5224.0,-18.95599999999999,0.3,vibration,1.0,0.0
high_altitude,400,vibration,1582.0,47.815900197279355,48.291882829574895,573.8220374554991,1230.9033958402752,63.53892060047863,6.865886817271955,2.5988227782674094,1.6797676162565895,12.726563840673496,19.85246585684295,0.6781570117507285,5216.0,-18.903999999999996,0.3,vibration,1.0,0.0
high_altitude,400,vibration,1583.0,47.806490673466406,47.77855928891119,575.1836754663757,1232.5703911501441,63.19853069848751,7.226835557025473,2.601464870837862,1.7103190961151784,12.73678232266331,20.281129726080227,0.6781774236692504,5208.0,-18.852000000000004,0.3,vibration,1.0,0.0
high_altitude,400,vibration,1584.0,47.79861168893981,47.53240966722813,571.722094046553,1232.180936206988,63.31372842359984,6.045739926556307,2.604111815266804,1.712648833769038,12.759053531995024,20.321267332919597,0.6781962075915207,5200.0,-18.80000000000001,0.3,vibration,1.0,0.0
high_altitude,400,vibration,1585.0,47.792227137622554,47.54800405849333,573.2695793015823,1238.7747747540564,63.85225052464672,7.849018725710976,2.606762808271452,1.63703883877828,12.752936830455049,20.547971163177678,0.6782133822836476,5192.0,-18.74799999999999,0.3,vibration,1.0,0.0
high_altitude,400,vibration,1586.0,47.78730167332069,46.95847273830097,572.5011766721747,1229.757507368947,63.00900860738534,7.576282174498211,2.609417297614952,1.7056654274547791,12.69903539738376,19.766968507166794,0.678228972325544,5184.0,-18.695999999999998,0.3,vibration,1.0,0.0
high_altitude,400,vibration,1587.0,47.78380072281397,47.692715832403856,574.0760831916651,1221.2306441779488,63.97216165453045,6.861278389945493,2.6120749038053757,1.7481430653338303,12.866704815000759,19.937281852609303,0.6782430060160616,5176.0,-18.644000000000005,0.3,vibration,1.0,0.0
high_altitude,400,vibration,1588.0,47.78169048889005,47.89954669343633,573.6660469278843,1231.7475358883064,64.46818668437223,7.446284224303449,2.614735366216787,1.761281337759672,12.789587647075182,19.811801012256257,0.67825551393939,5168.0,-18.591999999999985,0.3,vibration,1.0,0.0
high_altitude,400,vibration,1589.0,47.780937946607,48.28742634587983,567.983078019514,1222.931611086898,64.1291657010698,6.769595973306522,2.6173985060151566,1.7772246170211887,12.748704305593565,20.078596611987702,0.6782665279859192,5160.0,-18.539999999999992,0.3,vibration,1.0,0.0
high_altitude,400,vibration,1590.0,47.78151083503891,47.21337857730638,569.5528929545818,1235.701043895291,63.731147277357564,7.499225592394889,2.6200642006477057,1.7064002653769772,12.689846272976673,19.757441006039908,0.6782760806853917,5152.0,-18.488,0.3,vibration,1.0,0.0
high_altitude,400,vibration,1591.0,47.783377646051434,48.10582264859074,570.4868192891236,1233.1758162493618,62.9316844382073,6.98832183372747,2.6227323662890214,1.7099018950860319,12.714687400608575,19.616674028877572,0.6782842047546022,5144.0,-18.436000000000007,0.3,vibration,1.0,0.0
high_altitude,400,vibration,1592.0,47.78650761116761,47.28889686165912,567.762973541709,1238.3904874358084,64.17080244400492,7.2050494546155655,2.625402945762245,1.7659463768089743,12.72673949951279,20.03641559348397,0.678290932792454,5136.0,-18.384000000000015,0.3,vibration,1.0,0.0
high_altitude,400,vibration,1593.0,47.79087068724968,47.44848605692117,568.6983997294893,1238.9447131242569,64.11078786227993,7.2411635225322755,2.628075900227643,1.7172065180719942,12.79731831455971,20.150076985336582,0.678296297076179,5128.0,-18.331999999999994,0.3,vibration,1.0,0.0
high_altitude,400,vibration,1594.0,47.79643754149288,48.128911759845124,569.7727462669985,1233.2414130610184,63.75539329774469,6.886727154564387,2.630751203463524,1.6722990657013095,12.71533312901199,20.4239859816418,0.6783003294269677,5120.0,-18.28,0.3,vibration,1.0,0.0
high_altitude,400,vibration,1595.0,47.80317953606904,47.570889304355234,569.0506675925584,1237.8301996623936,63.91934543617033,6.638836690375079,2.633428837930941,1.7344521878404235,12.77278112740129,19.81152246539722,0.678303061123182,5112.0,-18.22800000000001,0.3,vibration,1.0,0.0
high_altitude,400,vibration,1596.0,47.81106871264953,47.591794130855746,572.2279621956078,1239.025494122448,63.93202297199492,6.966950755378813,2.6361087920658206,1.7091502945192305,12.799956184598333,19.669215505310266,0.6783045228461502,5104.0,-18.175999999999988,0.3,vibration,1.0,0.0
high_altitude,400,vibration,1597.0,47.82007777696229,47.75945968255388,574.4154869943235,1232.0894176198135,63.82673015293555,7.190736561035092,2.638791058415667,1.7180413423684393,12.782310355255644,20.536278209886106,0.6783047446482283,5096.0,-18.123999999999995,0.3,vibration,1.0,0.0
high_altitude,400,vibration,1598.0,47.830180083486695,46.878605361720226,572.6548057249443,1235.3877667915156,62.709617843764775,7.408035939168796,2.6414756323574515,1.696943432759626,12.754348537150706,19.912415684465895,0.6783037559360471,5088.0,-18.072000000000003,0.3,vibration,1.0,0.0
high_altitude,400,vibration,1599.0,47.84134962035478,48.82652183784906,570.2060433383411,1231.9682887742706,63.610470792545264,7.710169370776483,2.6441625112153817,1.7305800506968243,12.77896527283719,19.95568571610587,0.6783015854640715,5080.0,-18.019999999999982,0.3,vibration,1.0,0.0
high_altitude,400,vibration,1600.0,47.8535609945033,47.46712566377548,569.5787932714549,1228.2751793188352,63.56526726780146,6.913845909847239,2.646851693653831,1.8140447823008001,12.788079819336154,20.29195731410829,0.6782982613351313,5072.0,-17.96799999999999,0.3,vibration,1.0,0.0
high_altitude,400,vibration,1601.0,47.866789417104634,46.93843001116057,568.5545880537939,1238.533500299042,64.1054455628488,8.324905507541967,2.649543179259638,1.7282194029645288,12.852991697104917,19.96834667811489,0.6782938110056255,5064.0,-17.915999999999997,0.3,vibration,1.0,0.0
high_altitude,400,vibration,1602.0,47.8810106892932,48.18903258933287,578.9965395085281,1228.6441070098376,64.6672476463649,6.882048146182627,2.6522369682546656,1.6734209380132872,12.697469827030165,20.126253331252382,0.6782882612938252,5056.0,-17.864000000000004,0.3,vibration,1.0,0.0
high_altitude,400,vibration,1603.0,47.896201188196414,47.87503245451056,573.1439219096743,1234.349038202439,63.60903085909391,7.74954234836681,2.6549330612980246,1.6959152393961987,12.637202453041443,19.785629256843823,0.6782816383901941,5048.0,-17.812000000000012,0.3,vibration,1.0,0.0
high_altitude,400,vibration,1604.0,47.91233785327398,48.356666778473425,576.9907670168798,1234.9012931083705,64.12953939093966,7.650856684828482,2.657631459349987,1.7505679225039825,12.795089451419416,20.32741557785373,0.6782739678689848,5040.0,-17.75999999999999,0.3,vibration,1.0,0.0
high_altitude,400,vibration,1605.0,47.929398172965726,47.420318548058155,568.5456848731369,1230.9554536601277,63.05012051593369,8.572091455255128,2.6603321635783277,1.730077480914334,12.753950467584188,20.017896904164466,0.6782652747006078,5032.0,-17.708,0.3,vibration,1.0,0.0
high_altitude,400,vibration,1606.0,47.9473601716459,47.61037303615789,568.0821444528887,1229.5788557745834,63.64106335407931,8.091275734022933,2.6630351752939063,1.634235390817369,12.693124591792838,20.12169856455974,0.6782555832644251,5024.0,-17.656000000000006,0.3,vibration,1.0,0.0
high_altitude,400,vibration,1607.0,47.96620239688016,48.60464676159942,574.5421914486404,1239.827125551757,62.74511945365465,8.246867014367847,2.6657404959063142,1.7539453469900816,12.747207163586348,19.930112319794347,0.6782449173617341,5016.0,-17.603999999999985,0.3,vibration,1.0,0.0
high_altitude,400,vibration,1608.0,47.98590390698062,48.67703200904581,569.9375277572385,1232.700848091531,63.55666968954028,7.263063246001299,2.6684481268933733,1.719881580546383,12.750325901943887,19.817318408964876,0.6782333002287816,5008.0,-17.551999999999992,0.3,vibration,1.0,0.0
high_altitude,400,vibration,1609.0,48.006444258853335,48.45389621619263,570.9047756599755,1232.627010763882,64.34032965128026,7.4976035504949445,2.671158069780139,1.7252424409261908,12.686140736190602,19.878130640098366,0.6782207545497043,5000.0,-17.5,0.3,vibration,1.0,0.0
high_altitude,400,vibration,1610.0,48.027803496132734,47.2974580565944,566.8656858306218,1235.1807098319289,63.923002171939316,8.463633680508025,2.673870326124454,1.7218696934656883,12.679685527201071,20.154852406800707,0.6782073024693194,4992.0,-17.448000000000008,0.3,vibration,1.0,0.0
high_altitude,400,vibration,1611.0,48.049962137596694,48.30341084695869,569.3301179927635,1231.2321210132138,63.97817110067415,8.000706522242615,2.6765848975070203,1.7882946138001976,12.792345610988562,20.244675825242986,0.6781929656057225,4984.0,-17.396000000000015,0.3,vibration,1.0,0.0
high_altitude,400,vibration,1612.0,48.07290116585626,48.62407103321586,571.7882508577136,1238.8261477265094,63.82459809653097,8.068974729467476,2.6793017855245442,1.7037700938576479,12.81974052338367,19.97443751834683,0.6781777650626619,4976.0,-17.343999999999994,0.3,vibration,1.0,0.0
high_altitude,400,vibration,1613.0,48.096602016313845,48.11058767655559,573.2774828254926,1250.595468557424,63.803286347907466,7.507736024819775,2.6820209917850377,1.7382395941231938,12.742387013556554,20.1863157376179,0.6781617214416691,4968.0,-17.292,0.3,vibration,1.0,0.0
high_altitude,400,vibration,1614.0,48.12104656638373,48.45082411743905,572.2599424998141,1237.7601703749965,62.99361965886322,8.26573712863395,2.684742517904583,1.6772960233331795,12.807528401436329,20.069101345109075,0.6781448548539382,4960.0,-17.24000000000001,0.3,vibration,1.0,0.0
high_altitude,400,vibration,1615.0,48.14621712496885,48.77269751289576,579.2049878731232,1236.861327727814,62.476292809555936,8.538661142605552,2.6874663655050988,1.647378640932276,12.778632320837987,19.928793303744925,0.6781271849319457,4952.0,-17.187999999999988,0.3,vibration,1.0,0.0
high_altitude,400,vibration,1616.0,48.172096422187835,48.5639108045659,573.2657863790646,1229.0624372631687,63.92065141428376,8.585289226747431,2.6901925362128134,1.6548757327114532,12.801049370665028,20.12012233066354,0.6781087308408114,4944.0,-17.135999999999967,0.3,vibration,1.0,0.0
high_altitude,400,vibration,1617.0,48.198667599346486,47.31044535578943,572.209423055715,1231.8862776709336,64.33473940451834,8.436706648908359,2.6929210316571983,1.666049832746336,12.845912005829604,20.13997298295954,0.6780895112894002,4936.0,-17.084000000000003,0.3,vibration,1.0,0.0
high_altitude,400,vibration,1618.0,48.225914199147894,48.21164971634091,571.2931800999955,1240.1395764149006,63.482058420658134,8.215438021410677,2.695651853470268,1.8238881854400388,12.73650026526719,19.81325502523978,0.6780695445411676,4928.0,-17.031999999999982,0.3,vibration,1.0,0.0
high_altitude,400,vibration,1619.0,48.253820156135525,48.47944923602641,573.5081194343377,1241.68748792416,62.5780385031806,8.4689460647773,2.6983850032860452,1.7798986132697097,12.726858051620008,19.792646169822603,0.6780488484247529,4920.0,-16.980000000000018,0.3,vibration,1.0,0.0
high_altitude,400,vibration,1620.0,48.282369787363855,47.442576174989085,574.4476115228408,1236.2540115908148,63.77372100366608,7.409406000918593,2.7011204827402495,1.6722942150481455,12.728386162955784,19.871278634072763,0.6780274403443228,4912.0,-16.927999999999997,0.3,vibration,1.0,0.0
high_altitude,400,vibration,1621.0,48.31154778329103,48.14910850301354,571.408953090891,1236.448550495206,64.03794433921462,7.731341980194867,2.7038582934700433,1.770595221091254,12.805035128380005,19.569134776725992,0.6780053372896733,4904.0,-16.875999999999976,0.3,vibration,1.0,0.0
high_altitude,400,vibration,1622.0,48.34133919888839,48.77503398732776,573.989556157734,1235.1084842743614,64.2559347379061,8.81049843269933,2.7065984371138683,1.6788206890213664,12.736237691269709,19.785936591042923,0.6779825558460907,4896.0,-16.824000000000012,0.3,vibration,1.0,0.0
high_altitude,400,vibration,1623.0,48.37172944496159,48.08276309843839,574.5357806904103,1242.5671329910028,64.01653139769876,8.271737071294845,2.7093409153113566,1.7897252428305266,12.67625739093929,19.45026012022442,0.6779591122039803,4888.0,-16.77199999999999,0.3,vibration,1.0,0.0
high_altitude,400,vibration,1624.0,48.40270427967842,48.84365684426028,571.6837840537468,1232.2331190732298,63.98816746242538,8.699945019281753,2.7120857297032166,1.5859463473349504,12.702760506197313,19.727335121329958,0.6779350221682674,4880.0,-16.720000000000027,0.3,vibration,1.0,0.0
high_altitude,400,vibration,1625.0,48.43424980029828,48.25629749624476,575.8982244067096,1221.1531090308006,62.73666776422261,8.188220616499216,2.714832881931216,1.6767499334532012,12.714516795545801,19.95537513447019,0.6779103011675726,4872.0,-16.668000000000006,0.3,vibration,1.0,0.0
high_altitude,400,vibration,1626.0,48.4663524350986,48.17622368137245,573.5679693103348,1235.8487933463782,63.79503365599621,9.155095822657549,2.717582373638127,1.6764293674194675,12.686386970894501,19.976993348004882,0.6778849642631717,4864.0,-16.615999999999985,0.3,vibration,1.0,0.0
high_altitude,400,vibration,1627.0,48.49899893549344,48.97012526265807,571.2047290165998,1238.4466592414215,64.29567301901665,7.523017342597859,2.7203342064676974,1.831405830965532,12.76725781756963,19.962326875103436,0.6778590261577409,4856.0,-16.56400000000002,0.3,vibration,1.0,0.0
high_altitude,400,vibration,1628.0,48.5321763683398,48.50332437679305,572.9323596247889,1238.347868978952,62.91097488161962,8.121063265582631,2.7230883820646556,1.745337082671094,12.711933929727698,19.99597543449849,0.6778325012038944,4848.0,-16.512,0.3,vibration,1.0,0.0
high_altitude,400,vibration,1629.0,48.565872108427044,48.41998754825287,569.897686945824,1232.420625977864,63.741921296201774,8.160962572359947,2.7258449020746736,1.7259721084748716,12.780282567273453,19.719649586355022,0.6778054034125194,4840.0,-16.45999999999998,0.3,vibration,1.0,0.0
high_altitude,400,vibration,1630.0,48.60007383114521,49.402398634073435,580.3093192673339,1248.2214302770549,63.53566778741797,8.528567831265597,2.7286037681443736,1.6677894764203214,12.784148167441076,19.90788302007617,0.677777746460912,4832.0,-16.408000000000015,0.3,vibration,1.0,0.0
high_altitude,400,vibration,1631.0,48.634769505327846,48.6279559874898,572.0125015891252,1231.3330332281453,63.18880626950189,8.33951087884398,2.7313649819213275,1.8126254327147402,12.752594358030795,19.905732741787364,0.6777495437007195,4824.0,-16.355999999999995,0.3,vibration,1.0,0.0
high_altitude,400,vibration,1632.0,48.66994738626524,49.265933752145656,573.9940275722619,1241.294886630763,63.75455318013782,8.76579081962976,2.7341285450540336,1.6897735727414605,12.657568377475963,19.88890921532496,0.6777208081656938,4816.0,-16.303999999999974,0.3,vibration,1.0,0.0
high_altitude,400,vibration,1633.0,48.705596008884065,47.917028698273356,567.6637900642285,1236.550367940332,63.4144649828307,8.236197274362471,2.7368944591919333,1.6711292197295369,12.645242896609991,20.021935223628542,0.6776915525792612,4808.0,-16.25200000000001,0.3,vibration,1.0,0.0
high_altitude,400,vibration,1634.0,48.74170418108932,48.485193842617306,570.184791769992,1243.4210275157682,63.82794647108519,8.010350012336843,2.7396627259854056,1.6682474729020542,12.719966271793107,19.546317635279774,0.6776617893619092,4800.0,-16.19999999999999,0.3,vibration,1.0,0.0
high_altitude,400,vibration,1635.0,48.77826097726487,48.716708598263736,576.6543940218195,1230.9926664855775,63.6447062067301,8.8502473455846,2.7424333470857576,1.6217819359382972,12.711480188672931,19.759363556817437,0.6776315306384018,4792.0,-16.148000000000025,0.3,vibration,1.0,0.0
high_altitude,400,vibration,1636.0,48.81525573192874,48.99109417959385,575.0762297093079,1239.4200383022708,63.12387928470767,8.753421228678206,2.7452063241452342,1.64921612881224,12.83111106976577,19.913754023546048,0.6776007882448181,4784.0,-16.096000000000004,0.3,vibration,1.0,0.0
high_altitude,400,vibration,1637.0,48.852678033539384,48.65084014443767,572.5348932151682,1237.6370971072356,63.6424757990388,9.015189135117769,2.7479816588170145,1.712597308525655,12.699883440915258,20.461746832217937,0.6775695737354276,4776.0,-16.043999999999983,0.3,vibration,1.0,0.0
high_altitude,400,vibration,1638.0,48.890517718449544,48.87866563978961,577.079588366192,1244.1197373225236,63.97956221506244,7.841137997657386,2.7507593527552032,1.715263880294927,12.741373869059844,20.19001807717677,0.6775378983893984,4768.0,-15.992000000000019,0.3,vibration,1.0,0.0
high_altitude,400,vibration,1639.0,48.92876486500396,49.10343209165797,572.5420536303232,1243.3167579633787,62.870361135530565,9.233266867434049,2.7535394076148494,1.7139319209102726,12.773225099931835,19.582208672554113,0.6775057732173486,4760.0,-15.939999999999998,0.3,vibration,1.0,0.0
high_altitude,400,vibration,1640.0,48.96740978777769,47.71337423301247,574.4677893341113,1237.959858286598,63.36770086897973,8.350846361514176,2.7563218250519292,1.7572631113173975,12.73765957577194,19.780011234162345,0.6774732089677392,4752.0,-15.887999999999977,0.3,vibration,1.0,0.0
high_altitude,400,vibration,1641.0,49.00644303195154,49.08299186463786,575.7502335123563,1245.740038666005,64.25724057958611,8.69151211178637,2.75910660672335,1.7620681975535424,12.744882481140808,20.258061831707913,0.6774402161331171,4744.0,-15.836000000000013,0.3,vibration,1.0,0.0
high_altitude,400,vibration,1642.0,49.0458553678215,48.97633137649294,579.0146374629094,1242.9173404706917,63.83704820660736,9.036239575709244,2.7618937542869664,1.650833319738145,12.737005817989758,19.99636354256195,0.6774068049562069,4736.0,-15.783999999999992,0.3,vibration,1.0,0.0
high_altitude,400,vibration,1643.0,49.08563778543882,49.15029748699795,571.188209177454,1235.0703107906652,62.74462056156011,9.717677597207373,2.7646832694015524,1.733977533521183,12.830745941126043,19.77772912752935,0.6773729854358601,4728.0,-15.731999999999971,0.3,vibration,1.0,0.0
high_altitude,400,vibration,1644.0,49.125781489377744,49.32934017303676,577.4488871367762,1233.3527750997284,63.49197506592076,9.791554531318107,2.7674751537268247,1.6176003135661725,12.759356821409186,20.00571281429974,0.6773387673328618,4720.0,-15.680000000000007,0.3,vibration,1.0,0.0
high_altitude,400,vibration,1645.0,49.16627789362785,48.61555490952021,571.0076632872594,1243.6517374046578,63.97653706362844,8.455056933859042,2.770269408923439,1.7491158999741625,12.724147334817664,19.90740896177148,0.6773041601755976,4712.0,-15.627999999999986,0.3,vibration,1.0,0.0
high_altitude,400,vibration,1646.0,49.207118616607936,49.10604576190782,572.377526703603,1240.2712581384944,63.72816453832269,9.570212075212666,2.7730660366529736,1.762515381842558,12.63679810964316,20.07025989252753,0.6772691732655879,4704.0,-15.576000000000022,0.3,vibration,1.0,0.0
high_altitude,400,vibration,1647.0,49.24829547629868,50.02157957246756,571.3353637857464,1251.616173828387,63.25646942250204,9.163303745392962,2.7758650385779604,1.667618048431046,12.7138734265601,20.259422204520792,0.6772338156828901,4696.0,-15.524000000000001,0.3,vibration,1.0,0.0
high_altitude,400,vibration,1648.0,49.28980048549115,50.07229011290502,580.1473685107609,1247.3179664851932,63.01870164565981,8.721325261366044,2.7786664163618537,1.7596657063503727,12.750132944819413,19.686463288147575,0.6771980962913696,4688.0,-15.47199999999998,0.3,vibration,1.0,0.0
high_altitude,400,vibration,1649.0,49.33162584714848,48.88583342801781,574.1952387132261,1233.788382660608,64.09285958431448,8.400236795124254,2.7814701716690506,1.7373444827507643,12.694108917440587,19.845569810749602,0.6771620237438492,4680.0,-15.420000000000016,0.3,vibration,1.0,0.0
high_altitude,400,vibration,1650.0,49.37376394987795,49.62043102894283,573.7665654491854,1237.7608781566896,64.02865232126429,9.282283274326403,2.7842763061648874,1.7756647119822127,12.706826673542963,20.134640397382526,0.6771256064871329,4672.0,-15.367999999999995,0.3,vibration,1.0,0.0
