mission_type,mission_seed,fault_label,timestamp_s,true_cht,sensor_cht,egt,rpm,oil_pressure,oil_temp,fuel_flow,vibration,battery_voltage,injection_timing,health_index,altitude,ambient_temp,throttle,fault_type,fault_severity,rul_seconds
hot_weather,100,cooling,0.0,28.41634237623879,28.290124357978097,549.1360055032909,1926.3772054854242,69.92695057176424,25.256416831130448,19.734631975902747,0.19052520845884124,13.182503261844914,20.23060716051273,0.8581732973813023,8.0,29.94799999999998,0.9,none,0.0,1224.0
hot_weather,100,cooling,1.0,31.92478409536287,31.63298657020154,553.3147761948521,2080.8530881486327,71.13149672521227,26.34533031362786,21.295578215893386,0.25148663425666734,13.23556348796113,20.08703269762458,0.8542798041835044,16.0,29.896000000000015,0.9,none,0.0,1223.0
hot_weather,100,cooling,2.0,35.46833681845664,36.239139405713345,554.8275467234992,2178.7513310747863,72.21437818051538,27.914665964856386,22.360416803347857,0.23655001719174046,13.26644111476695,20.323796332135053,0.850347346549051,24.0,29.843999999999994,0.9,none,0.0,1222.0
hot_weather,100,cooling,3.0,39.00849270508585,39.1196925093635,555.9679587496868,2251.5118831658647,73.17387674249719,28.663596204559436,23.08443642389281,0.1772026536265999,13.34985999402627,20.011135202970955,0.8464186585538643,32.0,29.791999999999973,0.9,none,0.0,1221.0
hot_weather,100,cooling,4.0,42.51943326603149,41.90321600907403,563.3398117953568,2301.4965315469085,73.21010436086631,28.825430759302435,23.57432020225456,0.26498740373776547,13.311652789608605,19.728720190227737,0.8425223922663548,40.0,29.74000000000001,0.9,none,0.0,1220.0
hot_weather,100,cooling,5.0,45.984048330294186,45.1772590788831,573.9990987612891,2332.775440552752,73.23299231824551,29.502726342824218,23.9033592956254,0.15860338178170647,13.3675402254274,20.071501550633474,0.8386775356987893,48.0,29.687999999999988,0.9,none,0.0,1219.0
hot_weather,100,cooling,6.0,49.391199456593974,50.01593432795746,573.885426578594,2357.374939948122,73.27256180470177,30.817567020940846,24.121904618645427,0.2118922310961811,13.456094207146284,19.827554530697903,0.8348964497363782,56.0,29.636000000000024,0.9,none,0.0,1218.0
hot_weather,100,cooling,7.0,52.7338388916111,53.04035833245487,580.7842688919301,2382.6618860656813,73.13708345243595,30.716005747823882,24.264547168183043,0.2183046613083652,13.3584399561052,19.791158024458138,0.8311869556233679,64.0,29.584000000000003,0.9,none,0.0,1217.0
hot_weather,100,cooling,8.0,56.00771670797232,55.73235950201502,585.1868363309873,2381.6055178931283,74.23789249469853,31.90435449144418,24.355050898780064,0.2345060735112354,13.412184604196883,20.406921512300986,0.8275537697166611,72.0,29.531999999999982,0.9,none,0.0,1216.0
hot_weather,100,cooling,9.0,59.210492307379035,59.599903507040565,588.4853112175269,2395.798370185916,74.02503767950824,32.97810742779819,24.40974160238306,0.14002744004030346,13.372620235408517,20.180994824293336,0.8239994894952194,80.0,29.480000000000018,0.9,none,0.0,1215.0
hot_weather,100,cooling,10.0,62.34112391653791,62.15267224145342,596.8654829651301,2399.976640353411,74.01476776958212,34.07080062714709,24.439835064512682,0.19074929445514432,13.472264461851568,20.375314685392432,0.8205252710669554,88.0,29.427999999999997,0.9,none,0.0,1214.0
hot_weather,100,cooling,11.0,65.39944919510691,63.912791458081465,595.5423983275406,2401.770571722934,73.85485834436457,34.92643860212362,24.453036504462347,0.20111069640196957,13.370423375839298,19.772747798634526,0.8171312945890634,96.0,29.375999999999976,0.9,none,0.0,1213.0
hot_weather,100,cooling,12.0,68.38589722530668,68.4334669470894,598.1483540351107,2399.0014138434904,73.91426529117209,35.00605528474125,24.45463938845471,0.2793085469211618,13.419196059625094,19.74072163856997,0.8138170838875491,104.0,29.324000000000012,0.9,none,0.0,1212.0
hot_weather,100,cooling,13.0,71.30129081876872,70.53098280649242,609.4420708888007,2399.080899654617,73.55850466944342,36.2934209310169,24.44828031263306,0.12854665507758545,13.359599983345834,19.973039737602,0.8105817258472048,112.0,29.27199999999999,0.9,none,0.0,1211.0
hot_weather,100,cooling,14.0,74.14671090900775,74.52655746893285,602.5980137742762,2400.693612246623,74.76053484072108,37.649985731566176,24.436457606480218,0.13913729346794929,13.456895894150152,20.178919541152002,0.807424020902062,120.0,29.220000000000027,0.9,none,0.0,1210.0
hot_weather,100,cooling,15.0,76.92340362046286,77.29693144801244,612.0779259089583,2399.8155332119886,73.79404951401129,38.31462548723356,24.42088761250046,0.17809395418255786,13.38262445095812,20.021576826161322,0.8043425861655247,128.0,29.168000000000006,0.9,none,0.0,1209.0
hot_weather,100,cooling,16.0,79.63271667055544,80.01430849358543,614.9756403656487,2405.1222042723275,75.26352290597617,38.58312832169199,24.40274944973534,0.22331496841785947,13.440822924273471,19.87667412566336,0.8013359260081844,136.0,29.115999999999985,0.9,none,0.0,1208.0
hot_weather,100,cooling,17.0,82.2760559312415,83.12786792530186,615.7505713734671,2412.1321249799357,73.99765045048925,39.39224253587484,24.382853165847823,0.17284009957964142,13.441874614596212,19.77045168002468,0.798402480263638,144.0,29.06400000000002,0.9,none,0.0,1207.0
hot_weather,100,cooling,18.0,84.85485584342766,84.13113778726786,621.7419568927507,2411.0897154946515,73.10196094092257,40.07801271368687,24.361755257279622,0.2150524731894033,13.377199905368974,20.3886524526868,0.7955406570610895,152.0,29.012,0.9,none,0.0,1206.0
hot_weather,100,cooling,19.0,87.3705593486032,87.3074587567464,630.6721948337971,2408.55467341067,74.09779503538708,40.621200967120956,24.33983803136673,0.13207485316201,13.468547131060584,19.863015652950555,0.792748855096221,160.0,28.95999999999998,0.9,none,0.0,1205.0
hot_weather,100,cooling,20.0,89.82460435708886,89.27758289157273,631.6801492779059,2404.3283878999464,73.7496670843463,41.23509051222339,24.317364127945822,0.2368497584509106,13.446346010797372,20.084476044084397,0.790025478648054,168.0,28.908000000000015,0.9,none,0.0,1204.0
hot_weather,100,cooling,21.0,92.21841470389407,92.80367819536814,637.3903995579265,2402.701419224861,74.42202491781349,42.135509976163895,24.294513975578585,0.2508632171625585,13.545646552751842,20.10261487576793,0.7873689476156869,176.0,28.855999999999995,0.9,none,0.0,1203.0
hot_weather,100,cooling,22.0,94.5533941836398,94.09987897489944,636.0428248424344,2402.270210883881,74.14365092915693,43.559763202365815,24.271411523892834,0.26938009057042767,13.535336883802158,20.120884707717842,0.784777704138039,184.0,28.803999999999974,0.9,none,0.0,1202.0
hot_weather,100,cooling,23.0,96.83092269632067,97.09460726273288,636.1768311034471,2406.2971674121864,73.37304320953983,43.782811754387616,24.24814192164002,0.15858598036272165,13.470617988673185,19.93218291334473,0.7822502168710914,192.0,28.75200000000001,0.9,none,0.0,1201.0
hot_weather,100,cooling,24.0,99.05235383839404,99.88412199376269,638.2722064618117,2420.6814477516305,74.27869353907488,44.406742883251276,24.224763661477372,0.18443264697156628,13.447886206945673,20.24821641743932,0.7780232144692052,200.0,28.69999999999999,0.9,none,0.0,1200.0
hot_weather,100,cooling,25.0,101.21901348179614,101.6954931957921,640.1932723227791,2397.3175278777912,73.95727299012309,44.60063093826604,24.201316923402768,0.1508594052608847,13.424276211321812,19.97800092081583,0.7645254657129295,208.0,28.648000000000025,0.9,none,0.0,1199.0
hot_weather,100,cooling,26.0,103.33219902655945,103.79572567595957,639.1500184596105,2400.4785824808428,73.99085548411362,46.152563937879144,24.177829306672322,0.16865730476358498,13.425036035624672,20.22511109059652,0.7513544303308117,216.0,28.596000000000004,0.9,none,0.0,1198.0
hot_weather,100,cooling,27.0,105.39317911106568,105.74427136374557,644.8503821903633,2409.256089331228,73.97777169617419,45.99341514346188,24.154319767612545,0.2230174605330842,13.51219863226604,20.231993794815015,0.7385023572594996,224.0,28.543999999999983,0.9,none,0.0,1197.0
hot_weather,100,cooling,28.0,107.40319363158785,107.81896014654042,658.2769413654524,2396.3689337310734,74.11852561923726,48.079659626965366,24.13080132488604,0.2201799207712678,13.466551213668064,19.992466665880553,0.7259616710427395,232.0,28.49200000000002,0.9,none,0.0,1196.0
hot_weather,100,cooling,29.0,109.36345396926068,108.72829494979793,655.8958151554508,2398.995328938631,73.85631402584102,47.161426822627476,24.107282918001474,0.24115622008332419,13.517997468768707,19.910882347238683,0.7137249704446429,240.0,28.439999999999998,0.9,none,0.0,1195.0
hot_weather,100,cooling,30.0,111.27514335457349,111.03482727348904,659.6621066343496,2405.4012230840067,72.9858375530047,48.42060910371954,24.08377068410423,0.18574095649386493,13.529649929138296,20.073922230134748,0.7017850262227279,248.0,28.387999999999977,0.9,none,0.0,1194.0
hot_weather,100,cooling,31.0,113.13941732144707,114.148960379812,661.2599723016909,2396.3768290066932,73.64040690039859,48.5553814753382,24.0602688351279,0.22535237509881437,13.47682092378457,20.541800389473185,0.6901347783536222,256.0,28.336000000000013,0.9,none,0.0,1193.0
hot_weather,100,cooling,32.0,114.95740421805422,114.41105978574006,663.7129026916801,2392.7461814794415,74.13012650329566,48.80045585478657,24.03678026039434,0.20588042281332822,13.410265240293683,20.31186297137782,0.6787673329120765,264.0,28.283999999999992,0.9,none,0.0,1192.0
hot_weather,100,cooling,33.0,116.73020575192221,116.4559596117846,663.6417100905174,2414.0280216988735,75.70386211292661,50.62627110457742,24.013306940598266,0.25064481154775087,13.358659866131848,20.03646854549741,0.6676759587405268,272.0,28.232000000000028,0.9,none,0.0,1191.0
hot_weather,100,cooling,34.0,118.458897553987,117.91998451545341,667.8325160524736,2398.011195405613,74.22347221630865,51.07008957636293,23.989850232212977,0.28358955943073344,13.435555561869272,20.099750097760847,0.6568540840028613,280.0,28.180000000000007,0.9,none,0.0,1190.0
hot_weather,100,cooling,35.0,120.14452975116971,120.09058516277109,671.3566629412969,2401.434339956805,74.07071930513716,50.31055103697395,23.96641106287643,0.21191923226275033,13.458187463619293,20.309545820565116,0.6462952926861241,288.0,28.127999999999986,0.9,none,0.0,1189.0
hot_weather,100,cooling,36.0,121.78812754041248,121.91237485285282,671.5873278887615,2395.7529794393204,73.75838818167941,51.242588385531036,23.942990065620613,0.15353764010492876,13.428414775594465,19.77266545774152,0.6359933210932982,296.0,28.076000000000022,0.9,none,0.0,1188.0
hot_weather,100,cooling,37.0,123.39069175942254,123.46999105760324,679.0668444025099,2409.4374292729376,73.02959526886761,52.35930859803914,23.9195876710866,0.22715865900495705,13.38350859312017,19.657683389376487,0.6259420543562014,304.0,28.024,0.9,none,0.0,1187.0
hot_weather,100,cooling,38.0,124.9531994509606,124.82706443073711,674.7802871270694,2397.6496479694897,73.03236044542258,52.35380282635944,23.896204170876146,0.1418382088909669,13.513637402648092,19.9559738872464,0.6161355229878267,312.0,27.97199999999998,0.9,none,0.0,1186.0
hot_weather,100,cooling,39.0,126.47660441859797,126.90684212205043,676.0391022056448,2402.118383883416,73.80596606227343,53.33766184167231,23.872839761073863,0.16728595730960338,13.46715183099224,19.926700750110587,0.6065678994868043,320.0,27.920000000000016,0.9,none,0.0,1185.0
hot_weather,100,cooling,40.0,127.961837772613,127.87642256876927,681.1280636332056,2399.5423921315064,73.7979383763661,53.97476011602124,23.84949457214669,0.09343426700073992,13.499892529842283,19.974080688197265,0.597233495002111,328.0,27.867999999999995,0.9,none,0.0,1184.0
hot_weather,100,cooling,41.0,129.4098084652079,128.44410203674337,680.7576879549296,2387.432540824514,74.0893675605138,53.94444576128904,23.826168689485005,0.3372558982387537,13.386339804179642,20.18582002265934,0.5881267560630292,336.0,27.815999999999974,0.9,none,0.0,1183.0
hot_weather,100,cooling,42.0,130.82140381457617,130.29066999611535,678.0155719727103,2394.5651954845384,72.99830856070881,54.830838800658285,23.802862167514007,0.1910553000240629,13.396277711466498,20.120610739580666,0.5792422613772266,344.0,27.76400000000001,0.9,none,0.0,1182.0
hot_weather,100,cooling,43.0,132.1974900175875,132.12006579017026,684.1392305263037,2390.657886376196,73.916625210547,55.303096315566926,23.779575039388288,0.20948593959897932,13.427016998156788,20.14779078015199,0.570574718698378,352.0,27.71199999999999,0.9,none,0.0,1181.0
hot_weather,100,cooling,44.0,133.53891265101947,132.9467069373142,685.5903781065791,2387.481300612049,73.99156046266532,55.67375327380844,23.756307323652003,0.1465166866679919,13.488024144061038,19.9534030876841,0.5621189617637672,360.0,27.660000000000025,0.9,none,0.0,1180.0
hot_weather,100,cooling,45.0,134.84649716137272,133.69386808538087,688.4115470690862,2388.2785615248645,73.77494217806948,56.998127420577674,23.73305902881423,0.18210915738240324,13.40509937370068,20.08368304776755,0.5538699473016363,368.0,27.608000000000004,0.9,none,0.0,1179.0
hot_weather,100,cooling,46.0,136.12104934338012,135.61280878728982,693.0076456661774,2385.954736798957,73.37302256396613,57.42982236287961,23.70983015649246,0.16483815244669275,13.499694033617509,20.304508618562092,0.5458227521076164,376.0,27.555999999999983,0.9,none,0.0,1178.0
hot_weather,100,cooling,47.0,137.36335580736747,137.3359406887378,690.5327468838553,2388.025678847482,73.94745949073182,57.74016523579361,23.68662070357191,0.10050888800308544,13.499394861796048,20.323387980437943,0.5379725701892699,384.0,27.50400000000002,0.9,none,0.0,1177.0
hot_weather,100,cooling,48.0,138.57418443565487,137.7125877736722,695.9804186919008,2389.7263131001237,73.49195082967765,57.16698657649946,23.663430663689113,0.1685277069685331,13.485710047796042,20.148829913600533,0.5303147099775909,392.0,27.451999999999998,0.9,none,0.0,1176.0
hot_weather,100,cooling,49.0,139.75428482820715,139.11547028788704,691.6278210279066,2387.2522501207027,72.91175005022815,58.8011364088553,23.640260028251067,0.20154388764903192,13.499054999519144,19.813806069445477,0.5228445916041945,400.0,27.399999999999977,0.9,none,0.0,1175.0
hot_weather,100,cooling,50.0,140.904388737753,140.73571953218465,691.9808793294104,2386.2074931377024,73.89482514105975,58.88856949044086,23.6171087871355,0.24780749893241327,13.474638246427654,20.02727950731869,0.5155577442428468,408.0,27.348000000000013,0.9,none,0.0,1174.0
hot_weather,100,cooling,51.0,142.02521049459895,142.20161378602052,697.6320852003015,2394.113808804533,73.80992933790293,59.7437997429357,23.593976929171713,0.1866204039113012,13.397557240154908,19.984969485916217,0.5084498035139573,416.0,27.295999999999992,0.9,none,0.0,1173.0
hot_weather,100,cooling,52.0,143.11744742136614,143.79483199129467,701.4161822754345,2385.8091601492506,74.31712150733246,59.17754458556721,23.570864442471215,0.2605659253692481,13.374728985595487,20.16109842122939,0.5015165089506417,424.0,27.244000000000028,0.9,none,0.0,1172.0
hot_weather,100,cooling,53.0,144.18178023787843,143.9559441025529,696.9442495468155,2385.8422241434237,74.250392055418,59.96468797171149,23.547771314654575,0.2187948413663978,13.427252573437773,19.690401487317985,0.49475370152495557,432.0,27.192000000000007,0.9,none,0.0,1171.0
hot_weather,100,cooling,54.0,145.21887345642793,144.52706237831086,704.7683754305223,2390.3040365829415,74.44684044704557,60.5581180571504,23.524697533007537,0.13509412593528533,13.494270039021618,20.218749639595043,0.48815732123292266,440.0,27.139999999999986,0.9,none,0.0,1170.0
hot_weather,100,cooling,55.0,146.22937576764184,145.093423018333,705.3564746727262,2389.740203219095,75.00097705507811,61.480334535789616,23.50164308458806,0.19287324019870766,13.431517341454843,20.060396598401198,0.4817234047369837,448.0,27.088000000000022,0.9,none,0.0,1169.0
hot_weather,100,cooling,56.0,147.21392041717016,148.75170736388637,706.8872365106301,2380.387946121104,73.98763194849899,61.61523156113593,23.478607956299918,0.21798118717086398,13.375603704454498,20.771587934697926,0.475448083064528,456.0,27.036,0.9,none,0.0,1168.0
hot_weather,100,cooling,57.0,148.17312557341063,148.23960671362877,705.4234557510969,2385.269835211531,74.25888366987648,60.721765345905965,23.455592134943345,0.20582666580292466,13.497697029828952,19.90096520903137,0.46932757936118774,464.0,26.98399999999998,0.9,none,0.0,1167.0
hot_weather,100,cooling,58.0,149.10759468648217,148.77081240908257,709.0601799879634,2374.668286757194,74.0195228720858,60.481768574564335,23.432595607249738,0.27617924157897644,13.424127859234643,19.813483308647633,0.463358206697599,472.0,26.932000000000016,0.9,none,0.0,1166.0
hot_weather,100,cooling,59.0,150.01791683865406,150.15561357662466,715.3316147879996,2377.982810498277,74.37346169817864,61.38094738081831,23.409618359905416,0.07071162055002811,13.51183411480001,19.88826093285665,0.45753636592836666,480.0,26.879999999999995,0.9,none,0.0,1165.0
hot_weather,100,cooling,60.0,150.37578961344983,150.3708659697141,707.052458057073,2302.089427726277,73.55527604891996,63.26792575567931,18.819098476344625,0.2008800103461549,13.395667510847861,19.90045466310863,0.4550898527425582,488.0,26.827999999999975,0.75,none,0.0,1164.0
hot_weather,100,cooling,61.0,150.67006404997528,150.41463245323132,700.7412113073183,2242.7763304125806,72.54579139111688,62.23914789522482,18.340586039238385,0.23955130748426107,13.393559105570432,20.07863163844982,0.45303190950399697,496.0,26.77600000000001,0.75,none,0.0,1163.0
hot_weather,100,cooling,62.0,150.9189362293017,151.31458371950177,712.8596049176333,2198.679761531411,72.58291649314512,62.87226396736353,18.006624349304452,0.056251556006723574,13.267981619014334,20.173211834564363,0.45125136270635724,504.0,26.72399999999999,0.75,none,0.0,1162.0
hot_weather,100,cooling,63.0,151.13495594702863,151.29930717506505,713.9604250972862,2175.1990849921767,72.5282279661918,62.97461448117984,17.77197237441177,0.2557366946315779,13.302923642285881,20.4364551821669,0.4496715362359752,512.0,26.672000000000025,0.75,none,0.0,1161.0
hot_weather,100,cooling,64.0,151.3267902253537,150.97931566348504,706.8284704210114,2162.944726989068,71.44551280074639,63.91853638860842,17.605549815734573,0.17336038136086954,13.375355281835308,19.982228466583223,0.44823947675397857,520.0,26.620000000000005,0.75,none,0.0,1160.0
hot_weather,100,cooling,65.0,151.5004357502905,150.9984278469511,706.1668346940819,2147.7490441331697,71.8631996442922,64.92321947832696,17.486004709177685,0.2069833789244317,13.300505697056316,19.873713549688116,0.44691854600799585,528.0,26.567999999999984,0.75,none,0.0,1159.0
hot_weather,100,cooling,66.0,151.6600524443861,152.03325352123747,708.9086084289462,2140.310774659638,71.61661192095731,63.72827564810167,17.398668394576926,0.153153894446391,13.366516191640088,19.771644261118347,0.4456833279112453,536.0,26.51600000000002,0.75,none,0.0,1158.0
hot_weather,100,cooling,67.0,151.80853656956765,151.87656721632078,711.1188697411834,2136.295724127176,71.14864164292038,64.08388853015131,17.333463598370013,0.16760039434773943,13.253862501561182,20.413097227457346,0.4445161270274174,544.0,26.464,0.75,none,0.0,1157.0
hot_weather,100,cooling,68.0,151.9479147564385,151.32795459229555,709.8236787419581,2122.0671404332643,71.06378358320083,64.94821788829064,17.283467299510875,0.10277298588522597,13.37420429809882,19.91076922811352,0.443404561150183,552.0,26.411999999999978,0.75,none,0.0,1156.0
hot_weather,100,cooling,69.0,152.0796149200061,152.85771910549772,710.2663747207989,2121.5278380611758,72.14796303423398,65.38238114058173,17.243923427491627,0.1543289652580852,13.362409151945357,20.479414613446792,0.4423399060758262,560.0,26.360000000000014,0.75,none,0.0,1155.0
hot_weather,100,cooling,70.0,152.20465253434145,152.16670265081717,706.8573376340184,2115.756008671629,71.90817882525553,65.32183361677797,17.211564592248482,0.18637740956145185,13.260871207899577,20.32564152715746,0.44131595751164054,568.0,26.307999999999993,0.75,none,0.0,1154.0
hot_weather,100,cooling,71.0,152.32375871602594,151.59923575209692,707.2313999810473,2114.289528445195,71.23965013747058,64.75351999648258,17.184146117039376,0.22727270148614442,13.26596093012049,19.9715375384929,0.4403282485180937,576.0,26.255999999999972,0.75,none,0.0,1153.0
hot_weather,100,cooling,72.0,152.4374683006719,152.09077437511667,708.510048378234,2105.1045422111943,71.63711329806853,64.85788068157133,17.160125922116368,0.24818484324493656,13.342005418042666,19.98463193205896,0.4393735113833033,584.0,26.204000000000008,0.75,none,0.0,1152.0
hot_weather,100,cooling,73.0,152.54618041422577,152.49164343294197,711.3212501061668,2111.1243912945415,71.14396365889087,65.44650297378023,17.138444606956636,0.22622739231172664,13.310892724939562,20.226236238184043,0.4384493075475173,592.0,26.151999999999987,0.75,none,0.0,1151.0
hot_weather,100,cooling,74.0,152.65020013398896,152.46410063893825,719.5765284862824,2115.0892190629515,71.91735160455903,64.84862614232313,17.11837436825013,0.18357959603041352,13.298487887827335,20.04476482381813,0.43755377306469434,600.0,26.100000000000023,0.75,none,0.0,1150.0
hot_weather,100,cooling,75.0,152.74976714838505,153.08121375593507,707.1226326783801,2110.8642931506756,71.40067150074354,66.99261677873582,17.09941520759717,0.19939821160388937,13.326002090609682,19.822920960553702,0.4366854434984877,608.0,26.048000000000002,0.75,none,0.0,1149.0
hot_weather,100,cooling,76.0,152.84507547794124,152.95160843748934,708.9966400266326,2118.004922901809,70.99316014512542,66.71285693681382,17.081223626920682,0.1543505338692042,13.1706923187221,19.818949271844158,0.43584313343198167,616.0,25.99599999999998,0.75,none,0.0,1148.0
hot_weather,100,cooling,77.0,152.93628705044014,153.1484961745792,712.2145863720643,2111.8952118416155,72.47094424538444,66.72882540504902,17.063563642717757,0.19491810128090784,13.33160892674253,19.84889498214307,0.4350258535269067,624.0,25.944000000000017,0.75,none,0.0,1147.0
hot_weather,100,cooling,78.0,153.02354105040976,153.30720776069197,714.8362263919929,2121.142582983749,71.70389044585013,66.03090709593154,17.046273133200643,0.21131060655705033,13.221142630036054,20.065405231305444,0.4342327534005923,632.0,25.891999999999996,0.75,none,0.0,1146.0
hot_weather,100,cooling,79.0,153.1069603630761,153.13539644368922,709.7720425006086,2112.7419830636372,70.56677073441493,65.35859163991293,17.029240719026298,0.19207043399446433,13.242277694866091,19.857651682896662,0.43346308225502894,640.0,25.839999999999975,0.75,none,0.0,1145.0
hot_weather,100,cooling,80.0,153.18665602037396,152.18218471199285,713.065357771421,2108.13930465411,71.45488587220645,66.96262032191817,17.012389880526815,0.1636346547142532,13.249674038078796,19.618818892630703,0.43271616171285354,648.0,25.78800000000001,0.75,none,0.0,1144.0
hot_weather,100,cooling,81.0,153.26273027299635,154.05639089423278,714.513010753014,2110.0776228381496,71.17966248797333,66.78752248559397,16.995668046364443,0.20671914057218085,13.296311936140357,20.51539553580623,0.43199136704789376,656.0,25.73599999999999,0.75,none,0.0,1143.0
hot_weather,100,cooling,82.0,153.33527871747873,152.7091399604247,712.8663835349645,2112.376982020112,71.96558778485432,67.46577262268627,16.97903909751956,0.168201509067937,13.22503700127347,19.99427889474324,0.43128811418921775,664.0,25.684000000000026,0.75,none,0.0,1142.0
hot_weather,100,cooling,83.0,153.404391773261,153.5651139089082,713.3391866321012,2114.244300101486,70.78289236593479,67.62711870806744,16.962478217587126,0.15223920580886022,13.278471563798057,19.95808240950877,0.4306058506966519,672.0,25.632000000000005,0.75,none,0.0,1141.0
hot_weather,100,cooling,84.0,153.4701557125098,152.74383537555423,710.2434011498495,2120.139077062788,71.77513550907987,68.12905631021333,16.945968354970056,0.15851861306949802,13.210983181577088,20.00746153117093,0.4299440494688265,680.0,25.579999999999984,0.75,none,0.0,1140.0
hot_weather,100,cooling,85.0,153.53265338212157,153.80286975980502,713.2315196783733,2114.381270312326,70.81406159847067,67.42353670594926,16.9294977924334,0.1766913936807378,13.26148577220982,19.89212179543599,0.4293022043319161,688.0,25.52800000000002,0.75,none,0.0,1139.0
hot_weather,100,cooling,86.0,153.59196471376697,153.4328220569592,715.647050346597,2104.898204932831,71.24746970383157,68.00610184038581,16.913058477407176,0.19505404398195256,13.253856187894584,19.98412673678885,0.42867982692339557,696.0,25.476,0.75,none,0.0,1138.0
hot_weather,100,cooling,87.0,153.6481670878881,153.56349057907286,710.3061704283531,2098.9917849749095,71.53311588096633,68.05866480858944,16.89664487491777,0.19642529411273515,13.213099557493722,20.01831424885783,0.4280764444681089,704.0,25.423999999999978,0.75,none,0.0,1137.0
hot_weather,100,cooling,88.0,153.70133559697067,153.66979619861814,711.5233871564621,2096.482158473904,71.4875475726254,67.61573086011971,16.880253179560906,0.23781884439637102,13.343429204303543,19.783748285756964,0.4274915981697418,712.0,25.372000000000014,0.75,none,0.0,1136.0
hot_weather,100,cooling,89.0,153.75154323925744,153.5251865916989,715.1637084919732,2110.838090468367,71.99948526440917,69.06242380579417,16.863880774133502,0.12719472012353342,13.294873173513285,20.104844730390745,0.4269248420272801,720.0,25.319999999999993,0.75,none,0.0,1135.0
hot_weather,100,cooling,90.0,153.79886106433776,153.47762050096281,714.0424409700939,2103.4527014082632,71.62870785723527,68.9144689285383,16.84752585771824,0.14545120234925463,13.15374635266393,20.194674742186013,0.42637574194549566,728.0,25.267999999999972,0.75,none,0.0,1134.0
hot_weather,100,cooling,91.0,153.84335828535583,153.7254828004217,712.6898514530869,2116.7344669062245,70.16658493746064,69.007071350219,16.831187190180714,0.20367762754471908,13.260085981475648,20.15416368667528,0.4258438750493805,736.0,25.216000000000008,0.75,none,0.0,1133.0
hot_weather,100,cooling,92.0,153.8851023679814,153.44273806736206,716.8056192656799,2107.2087798530756,71.13179552881313,69.2966899559678,16.81486391664108,0.12636714368771162,13.320747589319561,20.25044631252546,0.4253288291405588,744.0,25.163999999999987,0.75,none,0.0,1132.0
hot_weather,100,cooling,93.0,153.92415910312258,153.59441707189112,712.1036052983146,2102.63665813759,71.22419271043032,68.27636464463464,16.79855544688768,0.19945467039160253,13.267139045778494,20.26864737662425,0.42483020225303014,752.0,25.112000000000023,0.75,none,0.0,1131.0
hot_weather,100,cooling,94.0,153.9605926681869,153.30177880551759,713.4187803658982,2104.615176130122,71.02502915756943,69.82691907424822,16.78226137253504,0.20020043977667837,13.316541078832746,20.158375840283565,0.42434760227887836,760.0,25.060000000000002,0.75,none,0.0,1130.0
hot_weather,100,cooling,95.0,153.99446568020056,155.4364503060885,711.6598636209034,2105.1947880210137,71.57550755164493,69.568981594963,16.765981410112364,0.199577125689999,13.253822532802193,20.136823897865362,0.4238806466437278,768.0,25.00799999999998,0.75,none,0.0,1129.0
hot_weather,100,cooling,96.0,154.02583924306845,153.20082664565626,715.4730520471867,2104.2900535678377,71.61103898507659,69.70785119828984,16.749715361965666,0.19775525389273876,13.222573706027223,20.106985518749756,0.42342896201799607,776.0,24.956000000000017,0.75,none,0.0,1128.0
hot_weather,100,cooling,97.0,154.0547729905501,154.1076284656548,710.5007008393849,2101.477444821268,72.40438457141364,69.82660326542577,16.733463089397866,0.13156418994646443,13.217186791443519,20.044902884146556,0.4229921840543197,784.0,24.903999999999996,0.75,none,0.0,1127.0
hot_weather,100,cooling,98.0,154.0813251260409,154.81989281718472,710.741517843946,2102.5804874533333,71.38562410476999,69.6241760452513,16.717224494216403,0.23088797353881396,13.326560312582766,19.669000640152706,0.42256995714450474,792.0,24.851999999999975,0.75,none,0.0,1126.0
hot_weather,100,cooling,99.0,154.10555245991284,152.99882215621724,713.5004219251701,2107.63479145174,71.16877305085605,70.85573694590622,16.700999506056547,0.21203711422941,13.360969375625809,20.218266181505815,0.4221619341913808,800.0,24.80000000000001,0.75,none,0.0,1125.0
hot_weather,100,cooling,100.0,154.1275104449401,154.58340872609676,713.2792133152984,2097.331416687523,72.19048210759809,70.41026675213273,16.68478807367251,0.17559444915417693,13.228987708306141,19.975442859947115,0.4217677763923604,808.0,24.74799999999999,0.75,none,0.0,1124.0
hot_weather,100,cooling,101.0,154.14725321017514,153.7211287348459,713.4642482120448,2105.943093312428,70.46516233327108,69.83091696947028,16.668590158954775,0.17922669852441775,13.249727165073203,20.121819918285986,0.421387153032466,816.0,24.696000000000026,0.75,none,0.0,1123.0
hot_weather,100,cooling,102.0,154.16483359353336,153.83405512178825,721.2991659928296,2091.821191231928,71.38722534352986,70.42647112253357,16.65240573281978,0.19339499808048405,13.215301707451465,19.64047248436636,0.4210197412852428,824.0,24.644000000000005,0.75,none,0.0,1122.0
hot_weather,100,cooling,103.0,154.18030317326816,154.03750628360396,711.8751418584649,2097.618414794503,70.88681035220718,69.58962596944336,16.6362347723864,0.15882332879990985,13.368847362054305,19.791625125781767,0.42066522602045797,832.0,24.591999999999985,0.75,none,0.0,1121.0
hot_weather,100,cooling,104.0,154.19371229846746,154.9561435987416,717.282018711257,2092.938234511225,70.36365410121381,70.41276604331104,16.62007725903603,0.17318548187884308,13.225714849252485,20.108725586453968,0.4203232996177717,840.0,24.54000000000002,0.75,none,0.0,1120.0
hot_weather,100,cooling,105.0,154.2051101186663,155.0314029393657,711.1764860822282,2098.254474878571,71.61579863106867,70.85004781734185,16.603933177080034,0.14641322162060452,13.301993138129118,20.18101308808021,0.41999366178581177,848.0,24.488,0.75,none,0.0,1119.0
hot_weather,100,cooling,106.0,154.21454461264614,154.26625912155424,707.2919542174502,2094.6740868817737,70.7766096309513,71.19800235802407,16.58780251284417,0.14669723709189436,13.253694005727692,20.248037963642425,0.41967601938621857,856.0,24.43599999999998,0.75,none,0.0,1118.0
hot_weather,100,cooling,107.0,154.2220626164738,154.48575646028814,712.8222666016975,2099.3914908744864,72.02681236325851,70.83413769843804,16.5716852540397,0.20859294125851532,13.226358805213671,19.90083633297144,0.4193700862623325,864.0,24.384000000000015,0.75,none,0.0,1117.0
hot_weather,100,cooling,108.0,154.22770985082178,153.66272432791322,716.0112055406066,2091.64127406262,71.20703278939975,71.57040980623869,16.555581389331234,0.20730712710665378,13.269680480718467,20.256581951322893,0.41907558307227477,872.0,24.331999999999994,0.75,none,0.0,1116.0
hot_weather,100,cooling,109.0,154.23153094760264,153.0372239107606,711.1547322232051,2093.983447163436,70.72292202111637,70.41243993435504,16.539490908039983,0.2269233005620802,13.254764516969471,19.90858693218727,0.41879223712621794,880.0,24.279999999999973,0.75,none,0.0,1115.0
hot_weather,100,cooling,110.0,154.23356947594513,154.39691532549497,715.7887391231561,2092.486688567045,72.01313677650725,71.48893270460056,16.523413799939817,0.21065461241251968,13.27874100247533,19.908806329991005,0.4185197822276776,888.0,24.22800000000001,0.75,none,0.0,1114.0
hot_weather,100,cooling,111.0,154.23386796753525,154.30142685565897,713.2504828699551,2101.1965450799057,71.05283706255707,71.64113172596441,16.50735005511706,0.16065877388724847,13.258951467384575,19.864616966834237,0.41825795851868475,896.0,24.175999999999988,0.75,none,0.0,1113.0
hot_weather,100,cooling,112.0,154.2324679413424,153.88553034030505,719.6673620712584,2089.1174123360775,70.77569807271499,72.48572177428109,16.491299663874432,0.16315925791737396,13.357548007763484,20.005342855560322,0.41800651232871666,904.0,24.124000000000024,0.75,none,0.0,1112.0
hot_weather,100,cooling,113.0,154.22940992774906,154.5794325639064,713.960984632915,2094.281806363697,70.93190992257821,72.31752918389209,16.475262616664747,0.1604763644555169,13.248554983906557,19.894333329668218,0.4177651960272686,912.0,24.072000000000003,0.75,none,0.0,1111.0
hot_weather,100,cooling,114.0,154.22473349210034,154.256433455662,713.8242214475702,2085.5669440264,71.37618056447477,71.16554832712939,16.45923890404564,0.06628225257261555,13.274795597510318,19.97105604691105,0.4175337678799733,920.0,24.019999999999982,0.75,none,0.0,1110.0
hot_weather,100,cooling,115.0,154.2184772576894,154.0960710980755,711.6336939383339,2096.029622753665,70.91713400146305,71.30137596553004,16.44322851664828,0.26928918832272536,13.261082840723086,20.162338210375733,0.4173119919081656,928.0,23.968000000000018,0.75,none,0.0,1109.0
hot_weather,100,cooling,116.0,154.21067892819272,154.7822156409135,715.8598730279058,2100.059918006199,71.23769512085518,71.6082434558158,16.427231445155897,0.15698147618574398,13.255638341908968,20.065695567562855,0.4170996377518078,936.0,23.915999999999997,0.75,none,0.0,1108.0
hot_weather,100,cooling,117.0,154.20137530956978,153.83838765335688,717.3830879794763,2087.1953608604163,71.01931799428958,71.81350100085425,16.411247680289165,0.14859646587533146,13.25693812421818,19.79690212857667,0.4168964805356892,944.0,23.863999999999976,0.75,none,0.0,1107.0
hot_weather,100,cooling,118.0,154.1906023314398,154.1164558527424,713.2341609433754,2087.909953883718,71.45929163218513,71.90899454392626,16.395277212795996,0.21537151259323273,13.271417918020537,19.886085270564077,0.4167023007388191,952.0,23.812000000000012,0.75,none,0.0,1106.0
hot_weather,100,cooling,119.0,154.17839506794886,154.21825007249302,715.1370700064883,2080.532440715194,70.59346789922711,72.14629289346848,16.379320033444582,0.1937408780525627,13.260917875668692,19.819166958151328,0.41651688406693266,960.0,23.75999999999999,0.75,none,0.0,1105.0
hot_weather,100,cooling,120.0,154.1647877581395,153.8390659660399,715.9444931486394,2086.096486804098,71.192394605075,72.87478977268648,16.3633761330187,0.17250941100087883,13.22338982741665,20.041971896916536,0.4163400213280406,968.0,23.708000000000027,0.75,none,0.0,1104.0
hot_weather,100,cooling,121.0,154.14981382583514,153.34857156075321,713.4498580268172,2087.4285870153376,71.37835099522289,71.97406786044544,16.34744550231432,0.20626063429209776,13.279745673350995,20.080985814515042,0.4161715083109371,976.0,23.656000000000006,0.75,none,0.0,1103.0
hot_weather,100,cooling,122.0,154.1335058990505,154.37147907918404,713.0521729993983,2095.7088012248564,70.9059741376035,72.75125910539758,16.33152813213744,0.19138555676140698,13.253510156177684,20.295823396223508,0.41601114566660935,984.0,23.603999999999985,0.75,none,0.0,1102.0
hot_weather,100,cooling,123.0,154.11589582893998,154.40811717688786,710.3477916203411,2093.5345112322707,71.40645208762636,71.71574874416771,16.31562401330252,0.21072670185355674,13.229781762651104,19.99723884594306,0.4158587387924674,992.0,23.55200000000002,0.75,none,0.0,1101.0
hot_weather,100,cooling,124.0,154.0970147082945,154.44087345396605,717.9686193955924,2087.2483980458155,71.77502195331884,72.6674657160445,16.299733136631353,0.23054090469868108,13.152209742165816,20.333607025593285,0.415714097719331,1000.0,23.5,0.75,none,0.0,1100.0
hot_weather,100,cooling,125.0,154.07689288959799,153.33222117107925,713.3876626999535,2091.755854656925,71.93858699085305,72.57891590557257,16.283855492952377,0.24219050231390257,13.238487798631239,19.886009640749084,0.4155770370011119,1008.0,23.44799999999998,0.75,none,0.0,1099.0
hot_weather,100,cooling,126.0,154.0555600026539,153.7031903925326,710.3659071160812,2098.7778218544436,71.4768932067767,72.27574858325985,16.267991073100237,0.2632649688045508,13.343341746735593,19.87239185299782,0.41544737560711875,1016.0,23.396000000000015,0.75,none,0.0,1098.0
hot_weather,100,cooling,127.0,154.03304497179198,154.33618407363326,719.1682930436356,2086.2255787682475,71.10261617590538,72.90849335541989,16.252139867915282,0.1351928864819007,13.24332535181057,20.498881123596014,0.41532493681692717,1024.0,23.343999999999994,0.75,none,0.0,1097.0
hot_weather,100,cooling,128.0,154.00937603266536,153.9817004990373,714.7190246455593,2090.6887712859434,71.17113660178767,72.07697557668526,16.236301868243487,0.1646105995898406,13.15276141955311,20.009265511462168,0.415209548117756,1032.0,23.291999999999973,0.75,none,0.0,1096.0
hot_weather,100,cooling,129.0,153.98458074864752,153.9396023285108,717.3545510667408,2086.070063566735,70.78862838183018,72.15727690150398,16.22047706493619,0.1825309730494498,13.283048874565846,20.008419063729544,0.41510104110428414,1040.0,23.24000000000001,0.75,none,0.0,1095.0
hot_weather,100,cooling,130.0,153.95868602683913,153.78202716279327,714.6647400417677,2093.3647161720846,71.12849895354267,72.75327731705353,16.204665448849997,0.22794328939744835,13.297947245464044,19.918125202170145,0.4149992513808529,1048.0,23.187999999999988,0.75,none,0.0,1094.0
hot_weather,100,cooling,131.0,153.93171813369358,153.6664589765142,712.4964943816283,2082.923335541378,70.69568934818896,72.14434972681704,16.188867010846753,0.2084666546409315,13.247175208030347,20.09044665447001,0.4149040184659991,1056.0,23.136000000000024,0.75,none,0.0,1093.0
hot_weather,100,cooling,132.0,153.9037027102704,153.72445049159947,713.090049848896,2086.1565863397623,72.14179526030668,73.14566337824479,16.17308174179337,0.18739826536438223,13.31871045245,19.867621744825428,0.41481518569925857,1064.0,23.084000000000003,0.75,none,0.0,1092.0
hot_weather,100,cooling,133.0,153.87466478712574,153.9587854799904,712.973831815751,2079.6487958995754,71.83378350527943,71.74633984998194,16.157309632561933,0.1938318561398223,13.221455833514257,20.23303635624931,0.41473260015019164,1072.0,23.031999999999982,0.75,none,0.0,1091.0
hot_weather,100,cooling,134.0,153.84462879884808,153.54058825787862,716.8228906036876,2098.339239245399,71.47336247843015,72.48804943742844,16.14155067402961,0.19799022623621207,13.294340639439056,19.826089858695514,0.41465611252957135,1080.0,22.980000000000018,0.75,none,0.0,1090.0
hot_weather,100,cooling,135.0,153.81361859824798,154.57876911367774,718.6817961776746,2089.0822334420614,71.3291276385334,73.31962897948274,16.125804857078567,0.2650805112267689,13.341855915638753,20.405155846787608,0.4145855771026876,1088.0,22.927999999999997,0.75,none,0.0,1089.0
hot_weather,100,cooling,136.0,153.78165747020992,154.79831912874167,714.8848219830447,2091.5649975528854,71.27635998727298,73.0108240880518,16.110072172596052,0.2342791046863064,13.22286905920056,20.18564247100846,0.4145208516047181,1096.0,22.875999999999976,0.75,none,0.0,1088.0
hot_weather,100,cooling,137.0,153.74876814521434,152.57830538701344,711.8376963003426,2088.3717403914034,71.0407132940074,72.70828761093492,16.094352611474378,0.19967008982561918,13.158531105140673,20.126722622545742,0.41446179715810993,1104.0,22.824000000000012,0.75,none,0.0,1087.0
hot_weather,100,cooling,138.0,153.71497281253775,154.29173275606556,716.9439809043146,2081.6944703738272,71.40313750059615,72.13125768998356,16.07864616461081,0.22757700907030348,13.232423814471934,20.456254421480498,0.4144082781919307,1112.0,22.77199999999999,0.75,none,0.0,1086.0
hot_weather,100,cooling,139.0,153.68029313313858,153.53602296805616,710.2175533130069,2084.5768997073783,70.94876123340246,73.83743670406675,16.062952822907725,0.16568020672407602,13.220867539219013,20.020765472421065,0.41436016236314,1120.0,22.720000000000027,0.75,none,0.0,1085.0
hot_weather,100,cooling,140.0,153.64475025223612,153.37992550096092,711.696264081674,2068.891755933094,71.36640123536993,73.63821768570497,16.047272577272427,0.20509688236268558,13.252893928887872,20.21209823668218,0.4143173204797337,1128.0,22.668000000000006,0.75,none,0.0,1084.0
hot_weather,100,cooling,141.0,153.60836481159006,152.8621047247795,713.6363969256981,2074.3159406614645,70.74565961291223,74.04347665678499,16.031605418617303,0.30003360120423694,13.231933622457952,19.951357777002645,0.4142796264257209,1136.0,22.615999999999985,0.75,none,0.0,1083.0
hot_weather,100,cooling,142.0,153.5711569614876,154.29270075321497,710.102362171323,2086.3561445143714,71.76037566168144,73.16823783652315,16.015951337859732,0.24118563040612376,13.236888398559069,20.349251263655034,0.4142469570878846,1144.0,22.56400000000002,0.75,none,0.0,1082.0
hot_weather,100,cooling,143.0,153.53314637244517,153.74326599767608,707.6869463530295,2080.400089761903,70.83961337848011,74.0529454607406,16.000310325922072,0.16775057289500078,13.22768938949569,20.19377736964434,0.4142191922842864,1152.0,22.512,0.75,none,0.0,1081.0
hot_weather,100,cooling,144.0,153.4943522466316,152.3955062832983,715.4352025410889,2080.6734394938185,71.84342928334624,73.18761596359306,15.984682373731706,0.2237062413885943,13.25652531692205,19.913535999488822,0.41419621469447576,1160.0,22.45999999999998,0.75,none,0.0,1080.0
hot_weather,100,cooling,145.0,153.45479332901917,153.9043555936577,715.5173228773738,2084.2465864801134,70.09884846863906,72.32537408410143,15.969067472221045,0.16941844620405877,13.19943400691931,19.829773582366144,0.4141779097913585,1168.0,22.408000000000015,0.75,none,0.0,1079.0
hot_weather,100,cooling,146.0,153.41448791826934,154.34226068845442,713.132945810413,2071.8890185090095,71.0133406925285,72.56550167319041,15.95346561232744,0.23774110465889395,13.268174114980951,19.873848881869495,0.41416416577468707,1176.0,22.355999999999995,0.75,none,0.0,1078.0
hot_weather,100,cooling,147.0,153.3734538773591,153.67055459062968,709.1986255344943,2081.015112942471,71.070824617345,74.07032318138833,15.937876784993291,0.18664644832151578,13.291725388012914,20.047500758808102,0.41415487350613833,1184.0,22.303999999999974,0.75,none,0.0,1077.0
hot_weather,100,cooling,148.0,153.33170864395447,152.77330832387904,715.350597118794,2075.2218633048474,70.93604051258782,73.15684408283008,15.922300981165995,0.26985155572153885,13.225225666607823,20.525122889156933,0.4141499264459325,1192.0,22.25200000000001,0.75,none,0.0,1076.0
hot_weather,100,cooling,149.0,153.28926924053692,153.02946106053983,711.7366060745344,2088.7959684305374,70.94298860952648,72.44438252669002,15.906738191797889,0.15392095886833299,13.252760440472036,20.002107339489438,0.4141492205909627,1200.0,22.19999999999999,0.75,none,0.0,1075.0
hot_weather,100,cooling,150.0,153.24615228428874,152.71614815470957,716.8293676482193,2076.263095572386,71.56015863706659,73.56214687259094,15.891188407846375,0.19758891822026622,13.28585543557556,19.861463677260183,0.4141526544144003,1208.0,22.148000000000025,0.75,none,0.0,1074.0
hot_weather,100,cooling,151.0,153.20237399674303,153.45628758476468,713.6180393788285,2077.342530762003,71.14522151421897,73.54542017993303,15.875651620273768,0.23305287167335687,13.322094367493845,20.136952631098193,0.4141601288067326,1216.0,22.096000000000004,0.75,none,0.0,1073.0
hot_weather,100,cooling,152.0,153.15795021320386,153.00892076311536,712.0701935791529,2078.6263313605377,71.85847395612286,73.27360243754757,15.860127820047428,0.1471859695997817,13.240287486824748,20.27167223868986,0.4141715470182109,1224.0,22.043999999999983,0.75,none,0.0,1072.0
hot_weather,100,cooling,153.0,153.1128963919423,152.16271154621006,709.178634867378,2076.7535382651204,70.9042379405535,73.50974061434175,15.844616998139701,0.22735263987874715,13.223455082988039,19.99559750659039,0.41418681460266393,1232.0,21.99200000000002,0.75,none,0.0,1071.0
hot_weather,100,cooling,154.0,153.06722762317324,152.4249753433633,716.2605633887847,2077.6269968826577,71.03530646543146,74.48206994806074,15.829119145527859,0.30379752901934653,13.14181399270761,20.143998227737193,0.41420583936265065,1240.0,21.939999999999998,0.75,none,0.0,1070.0
hot_weather,100,cooling,155.0,153.0209586378188,153.1263952228379,707.4708444986709,2069.1758538907334,71.38436495116147,74.97655172064442,15.813634253194207,0.2846295313992471,13.206106671373552,20.039319013816872,0.41422853129591974,1248.0,21.887999999999977,0.75,none,0.0,1069.0
hot_weather,100,cooling,156.0,152.97410381606284,152.75791063297018,716.8075935400864,2065.831051226626,72.22284074072866,73.86086786659313,15.798162312126037,0.185445670490488,13.229581258998484,19.9246651315573,0.4142548025431434,1256.0,21.836000000000013,0.75,none,0.0,1068.0
hot_weather,100,cooling,157.0,152.92667719570184,153.00011942083586,713.5311041393744,2081.4830113000894,71.99382073597866,73.30779188285847,15.782703313315556,0.19052361088534508,13.292796090822703,20.041618736690435,0.4142845673368939,1264.0,21.783999999999992,0.75,none,0.0,1067.0
hot_weather,100,cooling,158.0,152.87869248029705,153.36509110456498,712.8645805603577,2075.589762279832,70.96662929216816,73.5006743105098,15.767257247760034,0.2605819333174406,13.239235130521088,19.923574926883372,0.41431774195183846,1272.0,21.732000000000028,0.75,none,0.0,1066.0
hot_weather,100,cooling,159.0,152.83016304713243,152.77092839707151,711.4941262364883,2071.060215834543,71.95357964923359,74.19555415532409,15.75182410646162,0.14390053811327855,13.289798282300918,20.071236746972193,0.4143542446561159,1280.0,21.680000000000007,0.75,none,0.0,1065.0
hot_weather,100,cooling,160.0,152.78110195498317,153.096473444868,711.4210736054407,2076.5120134047907,70.66117571364096,74.20780670140199,15.736403880427506,0.28304177015291715,13.243196110590784,19.886671744456855,0.4143939956638748,1288.0,21.627999999999986,0.75,none,0.0,1064.0
hot_weather,100,cooling,161.0,152.7315219516992,152.4812847459922,713.805445636238,2079.556542850782,70.61520681292814,73.43220104075603,15.720996560669844,0.22930329806335642,13.261454702182688,19.834163487328045,0.41443691708893926,1296.0,21.576000000000022,0.75,none,0.0,1063.0
hot_weather,100,cooling,162.0,152.6814354816082,153.13717909550093,710.7689681120072,2060.95028842351,70.94044048205066,73.53768876224514,15.7056021382057,0.1748778034918549,13.270466926432615,20.11416333435945,0.4144829328995777,1304.0,21.524,0.75,none,0.0,1062.0
hot_weather,100,cooling,163.0,152.63085469274233,153.4488116304162,720.3974918746222,2076.060933422144,71.53858002374074,73.4471146531345,15.69022060405718,0.2551965549238532,13.220983842306916,19.929111964245248,0.41453196887435073,1312.0,21.47199999999998,0.75,none,0.0,1061.0
hot_weather,100,cooling,164.0,152.57979144389293,152.1909472465988,709.4360648240521,2073.046357773189,70.9139818728358,73.79051995688063,15.674851949251298,0.21718585163110177,13.19604331644387,19.85777478627038,0.4145839525590085,1320.0,21.420000000000016,0.75,none,0.0,1060.0
hot_weather,100,cooling,165.0,152.52825731149704,152.7597657610455,712.1840091597237,2067.029514480596,71.44455324186674,74.13938261466518,15.659496164820043,0.2591706286601746,13.28091621786432,19.900960525122205,0.4146388132244142,1328.0,21.367999999999995,0.75,none,0.0,1059.0
hot_weather,100,cooling,166.0,152.47626359636033,152.65749993376045,712.6937139119038,2069.8233679164687,69.70342867343332,74.5255202793491,15.644153241800371,0.24310595067148108,13.214795946810488,20.01126778884824,0.4146964818254706,1336.0,21.315999999999974,0.75,none,0.0,1058.0
hot_weather,100,cooling,167.0,152.42382133021957,151.99528005502253,713.3355671421617,2073.750698956844,70.7850621546195,75.27968242971136,15.628823171234213,0.26381239729946704,13.281137946447343,19.940056829732296,0.4147568909610243,1344.0,21.26400000000001,0.75,none,0.0,1057.0
hot_weather,100,cooling,168.0,152.37094128214918,152.09680060983075,709.1773528584065,2066.028210714979,71.52688563410956,73.96647034158205,15.613505944168402,0.20520759289031956,13.217100601539759,19.968386304334388,0.4148199748347222,1352.0,21.21199999999999,0.75,none,0.0,1056.0
hot_weather,100,cooling,169.0,152.31763396481497,152.1387385426251,712.5091463720266,2072.976275667038,71.37440012822324,74.30535233997931,15.598201551654796,0.2230271951194533,13.302533469230541,20.30076093306744,0.41488566921680514,1360.0,21.160000000000025,0.75,none,0.0,1055.0
hot_weather,100,cooling,170.0,152.26390964057921,151.6955966842259,712.13046088692,2057.971151280989,71.56613975948943,74.1420866008407,15.58290998475012,0.16557295511710954,13.289435199220792,20.066818268411623,0.4149539114068045,1368.0,21.108000000000004,0.75,none,0.0,1054.0
hot_weather,100,cooling,171.0,152.20977832746019,151.40380315777534,712.1957374835215,2071.3788051853244,71.2534600234386,74.28504742776376,15.567631234516119,0.2011362891310602,13.29291733639495,20.242811903424304,0.41502464019713337,1376.0,21.055999999999983,0.75,none,0.0,1053.0
hot_weather,100,cooling,172.0,152.15524980494988,151.7966512407393,712.8567330599085,2062.4532589453283,71.15023941955847,74.22011611482513,15.552365292019479,0.21656425939523868,13.289230233336363,20.16986405380814,0.4150977958375408,1384.0,21.00400000000002,0.75,none,0.0,1052.0
hot_weather,100,cooling,173.0,152.10033361969326,151.89488420344316,708.3109288772131,2069.248989554822,71.71426766356137,74.84610703455817,15.537112148331769,0.16977412285696708,13.233338160119569,20.45502159685618,0.4151733200004124,1392.0,20.951999999999998,0.75,none,0.0,1051.0
hot_weather,100,cooling,174.0,152.0450390910322,152.4793642219027,711.165838992029,2068.3975452943296,71.2119530050744,74.49086386114752,15.52187179452957,0.16872332997335282,13.25478519847379,20.1841245727273,0.4152511557468991,1400.0,20.899999999999977,0.75,none,0.0,1050.0
hot_weather,100,cooling,175.0,151.98937531641744,151.55182562371115,706.608146930805,2052.1616581741823,71.36796035185026,73.86554192984725,15.506644221694389,0.2319885283709469,13.284563329696374,19.892619045734023,0.41533124749385186,1408.0,20.848000000000013,0.75,none,0.0,1049.0
hot_weather,100,cooling,176.0,151.93335117669173,151.89115916587693,710.3592927251713,2060.428989429045,71.42493643679147,74.1686457043131,15.491429420912635,0.11461275786355492,13.305043944611596,19.684080235220204,0.41541354098154093,1416.0,20.795999999999992,0.75,none,0.0,1048.0
hot_weather,100,cooling,177.0,151.87697534124717,152.37567170768975,710.9757544400405,2060.819494325268,71.21163030607607,73.83131038952317,15.47622738327571,0.27228091970495694,13.137138795187484,20.191856632833176,0.4154979832421486,1424.0,20.744000000000028,0.75,none,0.0,1047.0
hot_weather,100,cooling,178.0,151.82025627305975,153.41899775004643,710.5258587518225,2061.949181088419,71.56777236238749,73.95858920334243,15.46103809987989,0.17071969177153878,13.207938575736186,19.947437393240307,0.41558452256900646,1432.0,20.692000000000007,0.75,none,0.0,1046.0
hot_weather,100,cooling,179.0,151.763202233604,152.13198756737046,712.7118117030625,2051.837477857899,70.6534285365879,74.16461456907578,15.445861561826446,0.21619536253356114,13.211485506416347,19.740594456959492,0.41567310848657124,1440.0,20.639999999999986,0.75,none,0.0,1045.0
hot_weather,100,cooling,180.0,151.70582128765065,151.17470662042604,707.8725302545039,2067.3881213799955,70.50362001769224,74.60694822164616,15.430697760221546,0.15423647576680036,13.253947294354418,20.024739947580784,0.41576369172110983,1448.0,20.588000000000022,0.75,none,0.0,1044.0
hot_weather,100,cooling,181.0,151.64812130795008,150.56832528271596,711.1206256554943,2063.5135859880947,71.58763422586543,74.33079353584323,15.415546686176272,0.22333259981910164,13.227728222001046,20.211891103362387,0.41585622417208534,1456.0,20.536,0.75,none,0.0,1043.0
hot_weather,100,cooling,182.0,151.5901099798042,150.45307495293847,713.7229435455973,2058.327465255231,71.41603464021381,73.80037238605395,15.400408330806695,0.16341674790708632,13.202770974435715,19.8673734037477,0.41595065888422456,1464.0,20.48399999999998,0.75,none,0.0,1042.0
hot_weather,100,cooling,183.0,151.5317948055295,151.60133818080675,709.9513518559827,2061.003867299499,71.2102426190797,75.09622799137367,15.38528268523374,0.16523301832384613,13.275584257713701,19.724154876773017,0.4160469500202495,1472.0,20.432000000000016,0.75,none,0.0,1041.0
hot_weather,100,cooling,184.0,151.47318310881388,151.12687201006287,708.3785703057918,2058.660993722379,70.56557872704033,74.13015968076421,15.370169740583282,0.22906795865002944,13.268503139810676,19.871637082488252,0.4161450528342576,1480.0,20.379999999999995,0.75,none,0.0,1040.0
hot_weather,100,cooling,185.0,151.41428203896973,151.87866640541642,704.3182066682541,2065.4926391406343,71.30667616383266,75.00606313128405,15.355069487986134,0.24348282323501988,13.328136125214339,20.060861135919026,0.41624492364573784,1488.0,20.327999999999975,0.75,none,0.0,1039.0
hot_weather,100,cooling,186.0,151.35509857508563,151.55131225283367,707.7716946557466,2053.8096881093506,71.92337332605321,74.12170174200898,15.339981918578028,0.183031140000103,13.276442565652074,19.94645146385256,0.4163465198142039,1496.0,20.27600000000001,0.75,none,0.0,1038.0
hot_weather,100,cooling,187.0,151.29563953007943,151.41429535393985,712.0587616605258,2060.840128728138,70.0587153668907,74.7121890180522,15.324907023499568,0.12311575886753001,13.204904268445407,20.035680519850633,0.4164497997144305,1504.0,20.22399999999999,0.75,none,0.0,1037.0
hot_weather,100,cooling,188.0,151.23591155465456,152.30368435545213,709.2507002882948,2055.5373132167124,70.79835876438,74.63251812163489,15.30984479389635,0.1814755622411141,13.306521395439614,19.752425920995886,0.41655472271228267,1512.0,20.172000000000025,0.75,none,0.0,1036.0
hot_weather,100,cooling,189.0,151.17592114116238,151.16828433275558,702.8536560501378,2071.50464020521,70.98829269375172,73.96145292601805,15.294795220918793,0.1627555413335071,13.197577525699582,19.78123178351029,0.41666124914111646,1520.0,20.120000000000005,0.75,none,0.0,1035.0
hot_weather,100,cooling,190.0,151.1156746273724,151.0736450859962,711.4999814658753,2057.5779962683373,70.86353459896826,74.44222530037946,15.27975829572231,0.2817353805464838,13.261488728522174,19.798016927283985,0.41676934027874457,1528.0,20.067999999999984,0.75,none,0.0,1034.0
hot_weather,100,cooling,191.0,151.0551782001529,150.8165312505115,708.6951714041319,2056.4708406292466,70.44158700229762,73.90783784768767,15.264734009467187,0.19476319710053347,13.297578481976997,20.03859900117966,0.41687895832494914,1536.0,20.01600000000002,0.75,none,0.0,1033.0
hot_weather,100,cooling,192.0,150.9944378990637,152.6208883002143,708.4623667010221,2049.257975737313,70.5299470029216,74.07783848267198,15.249722353318587,0.14018450142982436,13.213523261232165,19.83690842615655,0.41699006637952873,1544.0,19.964,0.75,none,0.0,1032.0
hot_weather,100,cooling,193.0,150.93345961986356,150.5276386219911,709.068567594946,2057.3289473029886,71.04536599642742,73.61440808987585,15.234723318446637,0.24141454492285108,13.234503849761612,19.70524689647727,0.41710262842087187,1552.0,19.911999999999978,0.75,none,0.0,1031.0
hot_weather,100,cooling,194.0,150.87224911793396,150.85791018470402,710.9910369441436,2055.1913061894165,71.73672660450823,74.57314097195635,15.219736896026351,0.10313176860942351,13.264834577154689,20.15662440616429,0.41721660928503645,1560.0,19.860000000000014,0.75,none,0.0,1030.0
hot_weather,100,cooling,195.0,150.81081201162155,150.14657002736246,711.9789606011825,2057.901288952106,72.27390733905717,74.95489014441722,15.2047630772376,0.18978522450297075,13.294659593536798,20.22750755641669,0.41733197464532845,1568.0,19.807999999999993,0.75,none,0.0,1029.0
hot_weather,100,cooling,196.0,150.74915378550074,150.95683271807758,708.5616781226876,2049.165334924553,71.19148504267014,74.77960006856212,15.189801853265207,0.20279466800517537,13.242243747547134,19.962546647099487,0.41744869099237003,1576.0,19.755999999999972,0.75,none,0.0,1028.0
hot_weather,100,cooling,197.0,150.68727979355882,150.1149556487447,706.251701721503,2047.096671600992,70.40563130218925,74.53711164829771,15.17485321529889,0.08308633066388216,13.205095595301419,20.249702612622286,0.41756672561463737,1584.0,19.704000000000008,0.75,none,0.0,1027.0
hot_weather,100,cooling,198.0,150.62519526230517,150.9368060993208,704.9525979115234,2063.591483486082,71.27662280788151,74.84002283757565,15.159917154533215,0.24764340454887718,13.278521828428746,19.855794430955722,0.4176860465794643,1592.0,19.651999999999987,0.75,none,0.0,1026.0
hot_weather,100,cooling,199.0,150.56290529380644,150.84134939518881,700.8909966807211,2052.6962267108274,69.70734564036236,74.37729340324938,15.14499366216771,0.2270808058333424,13.27145498507083,19.814493599342402,0.4178066227144994,1600.0,19.600000000000023,0.75,none,0.0,1025.0
hot_weather,100,cooling,200.0,150.50041486864944,151.0393166623062,710.8088166715849,2055.9351789395196,70.91799297116452,74.303990778323,15.130082729406721,0.18076720085876655,13.272113640176942,19.98836202901553,0.41792842358960236,1608.0,19.548000000000002,0.75,none,0.0,1024.0
hot_weather,100,cooling,201.0,150.43772884883364,150.52193610581318,707.510217180353,2051.4906681320367,70.69667963844202,74.05503252173719,15.11518434745955,0.31542087056323587,13.263160555014908,20.278505215598123,0.4180514194991718,1616.0,19.49599999999998,0.75,none,0.0,1023.0
hot_weather,100,cooling,202.0,150.3748519805945,150.2143141229684,709.0467978091854,2054.1336631624263,72.18868770797171,74.98936121495372,15.100298507540327,0.26956281744944993,13.261608058380384,19.922470696055377,0.41817558144489597,1624.0,19.444000000000017,0.75,none,0.0,1022.0
hot_weather,100,cooling,203.0,150.31178889715991,149.83994010297064,706.1565987014415,2046.8548813335158,70.46650067417707,74.66413584763781,15.085425200868134,0.19811775841973478,13.176709425753671,19.93857913726841,0.4183008811189104,1632.0,19.391999999999996,0.75,none,0.0,1021.0
hot_weather,100,cooling,204.0,150.24854412144074,149.4840985519157,712.8952051636307,2043.4510321742418,71.37904845881542,75.01592235617109,15.07056441866687,0.11240613120421986,13.256291697123043,20.046342851772064,0.4184272908873605,1640.0,19.339999999999975,0.75,none,0.0,1020.0
hot_weather,100,cooling,205.0,150.1851220686575,151.31367489482002,709.4463046993534,2044.7380858330748,70.20938370574036,74.13281942323037,15.055716152165372,0.14732961065481143,13.273633391174993,19.724653645977323,0.4185547837743532,1648.0,19.28800000000001,0.75,none,0.0,1019.0
hot_weather,100,cooling,206.0,150.12152704890437,150.05686982346086,710.1635818011989,2053.9026687989503,70.42426625327356,73.25566928387153,15.0408803925973,0.08743324154282417,13.338195169633497,20.19458656986652,0.41868333344628983,1656.0,19.23599999999999,0.75,none,0.0,1018.0
hot_weather,100,cooling,207.0,150.05776326965218,150.16878699410515,710.8888339437726,2052.706576020985,71.57960556155182,73.23374033890885,15.026057131201261,0.2619767347523164,13.2180551099631,20.176534648355243,0.41881291419657596,1664.0,19.184000000000026,0.75,none,0.0,1017.0
hot_weather,100,cooling,208.0,149.9938348381919,149.43516140860447,705.3387738034554,2041.4880826562608,71.18639710887041,74.10620016793168,15.01124635922066,0.2400506601282078,13.194930933840064,19.864927721435308,0.4189435009306903,1672.0,19.132000000000005,0.75,none,0.0,1016.0
hot_weather,100,cooling,209.0,149.9297457640198,150.03268678712044,705.8846111998131,2047.856388363374,71.19505826758794,74.11535878286146,14.99644806790384,0.12640987988897887,13.204837585524533,20.210522442759633,0.4190750691516133,1680.0,19.079999999999984,0.75,none,0.0,1015.0
hot_weather,100,cooling,210.0,149.86549996116594,149.9222681514799,702.5191848615694,2049.16430367752,70.105440371827,73.61096900864298,14.981662248503994,0.2136959854537607,13.239327793952052,19.77481208073381,0.4192075949455998,1688.0,19.02800000000002,0.75,none,0.0,1014.0
hot_weather,100,cooling,211.0,149.80110125046716,149.68531824429635,707.0840062367455,2048.1053892026666,70.96827193702524,74.50456112575414,14.966888892279162,0.11023888342816113,13.20722123950122,19.915022558350355,0.41934105496829166,1696.0,18.976,0.75,none,0.0,1013.0
hot_weather,100,cooling,212.0,149.73655336178592,149.774393209243,708.7043209016597,2047.1317388314515,70.52189805678583,74.02486246574476,14.952127990492283,0.21582067996439702,13.222537741263983,20.372301595825878,0.41947542643116176,1704.0,18.923999999999978,0.75,none,0.0,1012.0
hot_weather,100,cooling,213.0,149.67185993617645,149.6526090180282,705.0184725968581,2046.7040026468694,71.53866285870211,74.09237498602869,14.93737953441117,0.1377622235109374,13.274970113303857,20.51487548341145,0.4196106870882794,1712.0,18.872000000000014,0.75,none,0.0,1011.0
hot_weather,100,cooling,214.0,149.60702452799916,149.88432613488843,708.7030880660401,2042.1743353487188,71.24047980315564,74.93602705223554,14.922643515308444,0.20989790366943625,13.294596985710594,19.576408262357155,0.4197468152233903,1720.0,18.819999999999993,0.75,none,0.0,1010.0
hot_weather,100,cooling,215.0,149.5420506069848,148.4907643222021,702.8915930293784,2049.1402178589915,70.9179235942744,73.87812867322884,14.907919924461657,0.25877110243163853,13.248052455018067,20.028674696235097,0.4198837896373081,1728.0,18.76800000000003,0.75,none,0.0,1009.0
hot_weather,100,cooling,216.0,149.47694156024943,149.87481849109108,701.2120630045333,2054.200183620563,71.29901244368364,74.06942316753431,14.893208753153159,0.20599020194749462,13.222881920511094,19.866020017289898,0.42002158963559943,1736.0,18.716000000000008,0.75,none,0.0,1008.0
hot_weather,100,cooling,217.0,149.41170069426153,149.39005820248266,709.8296266740435,2039.9821867723801,71.81863376715225,73.61882829998997,14.878509992670201,0.15483693602385923,13.212439738645076,20.110304565665608,0.420160195016569,1744.0,18.663999999999987,0.75,none,0.0,1007.0
hot_weather,100,cooling,218.0,149.346331236762,148.78489553233507,707.217300419502,2048.416112197424,71.262601815217,73.46184718182651,14.863823634304898,0.178925104203923,13.25671886170686,20.322265563058693,0.4202995860595268,1752.0,18.612000000000023,0.75,none,0.0,1006.0
hot_weather,100,cooling,219.0,149.28083633863886,149.8994400024897,707.0579872800403,2047.763000187816,71.37136819667494,74.01175250167559,14.849149669354157,0.1868854830506105,13.264181716888823,20.111920999229312,0.42043974351333446,1760.0,18.560000000000002,0.75,none,0.0,1005.0
hot_weather,100,cooling,220.0,149.21521907575683,149.6561761319607,706.3226849181419,2040.70721019365,71.52315691625915,73.16043463143387,14.834488089119805,0.20567128847962887,13.185876119320385,20.145131458409338,0.4205806485852279,1768.0,18.50799999999998,0.75,none,0.0,1004.0
hot_weather,100,cooling,221.0,149.1494824507438,148.63826294366717,708.8695062860647,2043.323887281794,70.40127779766328,74.4048660580276,14.819838884908489,0.263251886927182,13.18891758738783,20.23421670072373,0.42072228292990155,1776.0,18.456000000000017,0.75,none,0.0,1003.0
hot_weather,100,cooling,222.0,149.08362939473443,148.82137086417703,708.0539538452687,2033.6920426728855,70.16684961481633,73.33064972470224,14.805202048031697,0.25266733237736266,13.127937624871418,19.988513305325302,0.42086462863885454,1784.0,18.403999999999996,0.75,none,0.0,1002.0
hot_weather,100,cooling,223.0,149.01766276907247,149.31376721335485,707.6873090835826,2041.8581283630542,71.0144797743252,74.69804534991593,14.790577569805775,0.23729342924880956,13.212731702970334,19.823873818230567,0.4210076682299926,1792.0,18.351999999999975,0.75,none,0.0,1001.0
hot_weather,100,cooling,224.0,148.9515853669724,149.1567091282634,711.0825008676172,2035.9517483394882,71.52375359487047,74.19647837217431,14.775965441551925,0.10763462170053843,13.225988834219248,20.08610436150429,0.4211513846374736,1800.0,18.30000000000001,0.75,none,0.0,1000.0
hot_weather,100,cooling,225.0,148.88539991514153,148.70870118341463,704.9863797259889,2038.291168789355,72.71333359287993,74.00372618340305,14.761365654596153,0.16751437715378797,13.21587624829047,19.849973526396568,0.42129576120179735,1808.0,18.24799999999999,0.75,none,0.0,999.0
hot_weather,100,cooling,226.0,148.81910907536357,149.18307859330136,710.6332567845294,2032.943296288899,71.03042178785428,73.95823163844574,14.746778200269363,0.12505724729487544,13.223230526044137,19.984234160413525,0.4214407816601309,1816.0,18.196000000000026,0.75,none,0.0,998.0
hot_weather,100,cooling,227.0,148.75271544604436,148.33653438169245,708.5001574372932,2051.0826076536987,71.55290275782545,73.6909265546294,14.73220306990722,0.17597120187342125,13.291705742634417,19.834525481449447,0.4215864301368639,1824.0,18.144000000000005,0.75,none,0.0,997.0
hot_weather,100,cooling,228.0,148.68622156372092,147.4505287925796,706.8950606678708,2037.4447472904767,70.41643891438312,73.8910267061811,14.717640254850297,0.2064320395174268,13.243654018649803,20.384187834805715,0.4217326911343894,1832.0,18.091999999999985,0.75,none,0.0,996.0
hot_weather,100,cooling,229.0,148.61962990453446,149.35648766577086,701.2179762534571,2043.477301199948,70.97814140707504,74.14901360592113,14.703089746443977,0.17548183907420745,13.228451981324156,19.808942287080967,0.4218795495241039,1840.0,18.04000000000002,0.75,none,0.0,995.0
hot_weather,100,cooling,230.0,148.55294288566847,149.57049936331595,708.1751044491003,2033.6028552647686,70.7312559772409,73.18720214453116,14.688551536038458,0.19530882918968295,13.242633542883631,19.88879767342261,0.4220269905376204,1848.0,17.988,0.75,none,0.0,994.0
hot_weather,100,cooling,231.0,148.48616286675235,148.5569469668141,706.4473565849211,2035.966301555523,70.38517646248796,73.628251291138,14.67402561498878,0.25160087910754564,13.195526820804227,20.160351954197832,0.42217499975819306,1856.0,17.93599999999998,0.75,none,0.0,993.0
hot_weather,100,cooling,232.0,148.41929215123184,148.0457494989287,711.3663413017593,2034.9730934057752,71.3497270621629,74.3011694417197,14.659511974654835,0.16800793653875193,13.200337705520736,20.020378270963636,0.42232356311234454,1864.0,17.884000000000015,0.75,none,0.0,992.0
hot_weather,100,cooling,233.0,148.35233298770672,148.3533529823631,705.7535326175265,2030.5471521574127,71.00758171623642,72.96934438654287,14.64501060640129,0.22818199700188993,13.197776939554842,20.286489034576203,0.42247266686169216,1872.0,17.831999999999994,0.75,none,0.0,991.0
hot_weather,100,cooling,234.0,148.2852875712366,148.2662602437824,710.7837255352309,2042.5769059160662,69.93874863116261,73.65126134592506,14.630521501597686,0.23381248996862972,13.266267178141456,19.99509173987617,0.4226222975949703,1880.0,17.779999999999973,0.75,none,0.0,990.0
hot_weather,100,cooling,235.0,148.21815804461576,148.2779442281127,706.0090303293576,2042.1759163849347,70.5679158843462,73.61164704211136,14.616044651618376,0.18300111122104878,13.140890904805325,20.05546921498258,0.42277244222024213,1888.0,17.72800000000001,0.75,none,0.0,989.0
hot_weather,100,cooling,236.0,148.1509464996175,147.8545744683687,704.1471064889996,2029.3587248968709,71.34390489805665,73.25045481790148,14.6015800478425,0.2555093276334188,13.36683954705291,19.726339608721485,0.42292308795729516,1896.0,17.675999999999988,0.75,none,0.0,988.0
hot_weather,100,cooling,237.0,148.083654978209,149.0297751732112,712.229533218182,2031.7195063364752,71.33009282464029,73.87168751301269,14.587127681654058,0.17740678026241555,13.315551749121305,20.08520821405774,0.42307422233022085,1904.0,17.624000000000024,0.75,none,0.0,987.0
hot_weather,100,cooling,238.0,148.0162854737371,147.87833188132066,707.6406126912223,2042.4337984424583,69.95386612665894,73.8951112707462,14.572687544441834,0.16413949438688577,13.228346384392992,20.07353469526095,0.42322583316016815,1912.0,17.572000000000003,0.75,none,0.0,986.0
hot_weather,100,cooling,239.0,147.94883993208595,147.95921699105094,703.5716122942924,2029.2874126091876,71.29809519501933,74.05045407085774,14.558259627599464,0.13244512949620946,13.230418977572477,19.943295618709676,0.42337790855827107,1920.0,17.519999999999982,0.75,none,0.0,985.0
hot_weather,100,cooling,240.0,147.29649923309816,146.8130557152897,709.2139481754888,1938.1594274142549,70.37659157359244,73.81787382101078,10.13056506097167,0.2880136359140939,13.216044124541133,19.977932497483746,0.42710354714391185,1928.0,17.468000000000018,0.55,none,0.0,984.0
hot_weather,100,cooling,241.0,146.6094223175237,146.83536001600677,705.8449482722718,1864.3972519063595,69.87610641059563,73.40663815662988,9.75313535767921,0.14829642404990018,13.210082160465841,20.19575631935187,0.4310414153288429,1936.0,17.415999999999997,0.55,none,0.0,983.0
hot_weather,100,cooling,242.0,145.90368392757858,146.34897369255617,700.8899993217187,1813.6160037396503,69.59167858997664,73.48851296138325,9.491162812717274,0.22957826560686734,13.038809337580364,19.95113077499908,0.43509330045681005,1944.0,17.363999999999976,0.55,none,0.0,982.0
hot_weather,100,cooling,243.0,145.19021118555034,144.39907279254916,703.2283480217333,1778.1350427546217,67.42739738528155,72.55098018103162,9.308508887899237,0.1371746791851497,13.002135477308276,20.204368533539633,0.43919244054241724,1952.0,17.312000000000012,0.55,none,0.0,981.0
hot_weather,100,cooling,244.0,144.4763951836679,144.0057584950202,698.5335548671502,1757.7393428952128,69.00791925853159,72.93697573499789,9.180347228842638,0.2017758236297258,13.069135827002892,20.318955397731006,0.44329367785991824,1960.0,17.25999999999999,0.55,none,0.0,980.0
hot_weather,100,cooling,245.0,143.76719888169322,143.15172075581413,700.6308594695591,1736.871889766808,67.69773907218593,73.05662372542983,9.089622696185334,0.23504369590328905,13.163364797907596,19.968239923387422,0.44736668996590834,1968.0,17.208000000000027,0.55,none,0.0,979.0
hot_weather,100,cooling,246.0,143.06591871774881,142.43274248233783,699.5281450110633,1729.5265567523425,67.62568245623775,71.68175365674789,9.024618799205722,0.2746511317857132,13.110711718402726,20.02645693960515,0.45139133644756746,1976.0,17.156000000000006,0.55,none,0.0,978.0
hot_weather,100,cooling,247.0,142.3747081486326,142.62699803136783,697.8412923398022,1726.1072382151706,67.9936492645536,71.96361089510984,8.977286577338203,0.22274145857484362,12.997881758306173,19.813336559751114,0.45535446022222525,1984.0,17.103999999999985,0.55,none,0.0,977.0
hot_weather,100,cooling,248.0,141.69493751825306,142.18939396539875,695.7067041946473,1714.2459761777086,67.64537128689228,71.48030284636141,8.942096579451688,0.21905864644717157,13.006005025000631,20.11202463220606,0.4592476888311867,1992.0,17.05200000000002,0.55,none,0.0,976.0
hot_weather,100,cooling,249.0,141.02744140320783,140.1361746360119,700.4910783130258,1714.3667010802012,68.3590124866841,71.4762875623626,8.91525019960461,0.2491747451069991,12.957748974615157,19.57730116509444,0.4630659232200842,2000.0,17.0,0.55,none,0.0,975.0
hot_weather,100,cooling,250.0,140.37268860042136,140.81219796261308,693.4170318716156,1711.1608095175402,68.0086520877459,72.01116627494947,8.894137882637372,0.23071425740600665,13.014663689312927,19.56494782875007,0.46680629915690885,2008.0,16.94799999999998,0.55,none,0.0,974.0
hot_weather,100,cooling,251.0,139.73089893268494,139.91914029366563,695.193400110429,1706.4425925824949,67.95808768578664,71.76289083194298,8.876966923781474,0.18486306313135098,13.058935088953074,19.904486348118212,0.4704674735793616,2016.0,16.896000000000015,0.55,none,0.0,973.0
hot_weather,100,cooling,252.0,139.10212349295617,139.30458954689627,691.7199772260867,1704.1683197481782,67.58277942664648,71.85785976260173,8.86250577552174,0.19036096057432464,13.110229883597883,20.13828697673418,0.47404913432224427,2024.0,16.843999999999994,0.55,none,0.0,972.0
hot_weather,100,cooling,253.0,138.48629975422242,139.2044448161006,695.6911534682326,1712.0538697244017,67.24237179971708,71.29410973979789,8.849908392295072,0.1447382378542551,12.982670586174027,20.04123612214216,0.4775516634099727,2032.0,16.791999999999973,0.55,none,0.0,971.0
hot_weather,100,cooling,254.0,137.88328940082258,138.11325797641481,693.9372080217568,1704.3302047785978,67.49467815979872,71.4608364503399,8.838593559357255,0.14558165039874857,13.085279151283691,19.899843336908983,0.4809759059166576,2040.0,16.74000000000001,0.55,none,0.0,970.0
hot_weather,100,cooling,255.0,137.29290428212175,137.19209776664903,692.6855734989929,1703.1691428180432,67.8899930075892,70.73648439990568,8.828161994514055,0.28899121883266726,13.050710845488426,19.79560093429474,0.4843230113956398,2048.0,16.687999999999988,0.55,none,0.0,969.0
hot_weather,100,cooling,256.0,136.7149242016217,136.88720086602254,697.1377506952774,1692.5731347786543,67.99817672067834,70.39918832328627,8.818339398941577,0.2618726270429478,13.045337212640561,20.122294986494722,0.48759432519247525,2056.0,16.636000000000024,0.55,none,0.0,968.0
hot_weather,100,cooling,257.0,136.14910909421968,135.9570656295592,690.8731235858662,1696.2465459966206,67.204024175082,70.47958108573324,8.808937334431654,0.13189765212325166,13.115273886607712,20.522334413006348,0.4907913140449246,2064.0,16.584000000000003,0.55,none,0.0,967.0
hot_weather,100,cooling,258.0,135.59520734657602,136.26063389091294,686.6390045541561,1708.370313018752,66.92205480320429,70.47746093455103,8.799826346978165,0.23138603208108835,13.049312433352783,19.797963631458362,0.49391551524759036,2072.0,16.531999999999982,0.55,none,0.0,966.0
hot_weather,100,cooling,259.0,135.05296146709435,134.78794158807307,690.1920129119729,1705.0474689485175,67.75669923771174,69.35323064967133,8.790917503314374,0.28754010889124193,12.977834469408167,19.559551705625815,0.4969685020097536,2080.0,16.480000000000018,0.55,none,0.0,965.0
hot_weather,100,cooling,260.0,134.5221119349581,135.0565166141075,685.9012117685475,1693.3093184835755,67.22561131172397,70.95427005878327,8.782149706951119,0.1813331511653773,13.031620872707101,20.01010449388017,0.49995185993872293,2088.0,16.427999999999997,0.55,none,0.0,964.0
hot_weather,100,cooling,261.0,134.0023997984364,133.60967707342292,684.821996410622,1695.858234043006,67.15837903789317,69.4792468658604,8.773480984596432,0.322367321076335,13.064143149017102,19.9873411522469,0.5028671711648365,2096.0,16.375999999999976,0.55,none,0.0,963.0
hot_weather,100,cooling,262.0,133.49356841445308,133.06876699781688,689.0797753230217,1702.2115511688764,68.78039613711036,69.3886410420702,8.764882500133712,0.1756574499663606,12.991395433887487,19.674894060564426,0.5057160037131286,2104.0,16.324000000000012,0.55,none,0.0,962.0
hot_weather,100,cooling,263.0,132.99536459888816,133.26556573679815,684.7891323550662,1701.4003571704868,67.38653214787013,69.53213394438461,8.756334442368045,0.21379709495389534,13.04814565641135,19.966794276373182,0.5084999044752763,2112.0,16.27199999999999,0.55,none,0.0,961.0
hot_weather,100,cooling,264.0,132.50753937284412,131.87809236615104,677.2936036755052,1698.042828697759,68.0645491557803,69.09632574565049,8.747823200006874,0.23971249777390352,13.042202446405152,19.95221450877652,0.511220394650099,2120.0,16.220000000000027,0.55,none,0.0,960.0
hot_weather,100,cooling,265.0,132.02984843219969,131.4927374171631,680.4244302135802,1703.9038903525322,67.61553893552846,68.9389785987839,8.739339420939809,0.14569527640557797,13.057151273136489,19.847619485235004,0.5138789668747012,2128.0,16.168000000000006,0.55,none,0.0,959.0
hot_weather,100,cooling,266.0,131.56205242795926,131.8016245786778,684.8245157657747,1704.0266368075743,67.58733398472526,68.99283463989988,8.730876679010995,0.16241056148471483,12.98751988430458,19.818661324517677,0.5164770835116093,2136.0,16.115999999999985,0.55,none,0.0,958.0
hot_weather,100,cooling,267.0,131.10391711753562,131.13864454783055,688.715274991536,1705.968455122617,68.8566702004635,68.62678388842896,8.722430558124087,0.15263786484945752,13.059534763065033,20.081254206867456,0.5190161757244702,2144.0,16.06400000000002,0.55,none,0.0,957.0
hot_weather,100,cooling,268.0,130.65521342828632,130.48688531891233,679.0612105168965,1695.680778962575,67.83620092055014,68.41327565749738,8.713998023044699,0.04902608554362181,13.000551444958726,19.94389291369433,0.521497643089861,2152.0,16.012,0.55,none,0.0,956.0
hot_weather,100,cooling,269.0,130.21571746168803,130.51721021383534,681.6948903587455,1703.3118283475953,68.10424886226386,68.92270388364264,8.705576987157244,0.2150750780077736,13.079369288570085,19.831524023745448,0.5239228535717848,2160.0,15.95999999999998,0.55,none,0.0,955.0
hot_weather,100,cooling,270.0,129.78521045764026,129.93124756836332,684.7564745900007,1691.8498558442143,66.84849900008315,68.62947060028003,8.697166015524385,0.21564724038065328,13.0344925908787,20.09335250526931,0.5262931437397658,2168.0,15.908000000000015,0.55,none,0.0,954.0
hot_weather,100,cooling,271.0,129.36347873227606,129.82560732648386,680.30743896271,1696.5957478762173,68.18337212710534,67.30419847085778,8.688764120896241,0.22719900366608145,13.01213210555932,19.993562514102422,0.5286098191488096,2176.0,15.855999999999995,0.55,none,0.0,953.0
hot_weather,100,cooling,272.0,128.95031359845535,129.59289613959922,681.1681644226751,1706.7766182414252,67.03604490795253,67.7822276650593,8.680370623573854,0.15986252983833876,12.981672302409814,19.995224680540943,0.5308741548251705,2184.0,15.803999999999974,0.55,none,0.0,952.0
hot_weather,100,cooling,273.0,128.5455112752274,128.84274472535972,676.0870684066462,1692.5547048902997,67.88702963245314,68.86307341250802,8.671985055138787,0.2031698595807548,12.99965289419801,19.870857190783923,0.5330873958195127,2192.0,15.75200000000001,0.55,none,0.0,951.0
hot_weather,100,cooling,274.0,128.14887279056404,127.66278653042174,678.4877102092381,1697.9695809955513,68.1511191433529,68.21249546401984,8.663607092317744,0.23543842036366408,12.996903622914065,19.686946272976687,0.5352507578011846,2200.0,15.699999999999989,0.55,none,0.0,950.0
hot_weather,100,cooling,275.0,127.76020388030017,128.5647212658611,679.9035963518043,1706.2050865553367,68.40076752376854,67.9205071859878,8.655236511549356,0.15048631366855242,12.944301197813424,20.00630577710048,0.5373654276756694,2208.0,15.648000000000025,0.55,none,0.0,949.0
hot_weather,100,cooling,276.0,127.37931488528082,127.85327164996002,678.0686283595568,1694.8643523621326,67.38212802456185,67.81955565270829,8.646873157772546,0.2019185011905668,13.064386798903303,20.120970071954225,0.5394325642129889,2216.0,15.596000000000004,0.55,none,0.0,948.0
hot_weather,100,cooling,277.0,127.00602064806996,126.95286665199089,677.5372295817032,1697.0733653711586,67.71086131800138,66.69328508827772,8.63851692298505,0.208549586601402,12.955934443144871,20.039547225356447,0.5414532986787877,2224.0,15.543999999999983,0.55,none,0.0,947.0
hot_weather,100,cooling,278.0,126.64014041013367,126.86752309149655,677.7119521203687,1694.3685539807275,67.5399428838425,67.10732272000155,8.63016773151357,0.2373057178679596,12.96573387959939,19.93169385133503,0.5434287354625192,2232.0,15.492000000000019,0.55,none,0.0,946.0
hot_weather,100,cooling,279.0,126.28149771010654,126.89545630755092,673.4743343653888,1697.5252892567291,67.49691652318744,67.7970471905373,8.621825529894814,0.22398672696078611,13.06928369743289,19.983564088846283,0.5453599526990098,2240.0,15.439999999999998,0.55,none,0.0,945.0
hot_weather,100,cooling,280.0,125.92992028354223,126.81207372893219,673.7638393099749,1695.064471363104,68.24362327491076,67.21277841088516,8.613490279923987,0.18380837425068097,13.035602723635435,19.8704820594615,0.547248002880961,2248.0,15.387999999999977,0.55,none,0.0,944.0
hot_weather,100,cooling,281.0,125.5852399644059,125.03009696640707,679.0282483615625,1685.7983163113333,67.26303451177677,67.58773885091854,8.605161953879314,0.2224004628026062,13.03621455847969,19.764177018943467,0.5490939134608044,2256.0,15.336000000000013,0.55,none,0.0,943.0
hot_weather,100,cooling,282.0,125.2472925884685,125.11074117173085,677.9212751264339,1688.199233371392,67.4777014806185,65.25804928875756,8.596840531241348,0.2551000048661934,13.009446154173574,20.35218965819002,0.5508986874409378,2264.0,15.283999999999992,0.55,none,0.0,942.0
hot_weather,100,cooling,283.0,124.91591789869642,125.47448227736331,679.5913528934891,1702.041757174035,67.86119896728256,66.81767641870368,8.58852599643933,0.09685279176979583,13.082909481658053,20.119834598323163,0.552663303951773,2272.0,15.232000000000028,0.55,none,0.0,941.0
hot_weather,100,cooling,284.0,124.59095945268416,124.81079390870447,673.7138420134214,1699.4329851935177,68.26907173899,66.94880517706984,8.580218337302853,0.24525132094766916,12.977193970656803,20.03737317841254,0.5543887188172962,2280.0,15.180000000000007,0.55,none,0.0,940.0
hot_weather,100,cooling,285.0,124.27226453214683,125.13903519489291,674.8568179650507,1691.3729802164976,67.06725991692343,66.35478425367518,8.571917543998337,0.20838769722064152,12.981447623124092,20.30767597036054,0.5560758651080492,2288.0,15.127999999999986,0.55,none,0.0,939.0
hot_weather,100,cooling,286.0,123.95968405446862,123.61984667271524,676.1144085195111,1696.9290641699924,68.15259782585998,66.06213666701646,8.56362360829832,0.19714706540866697,13.10869259086748,19.77268962148224,0.5577256536815437,2296.0,15.076000000000022,0.55,none,0.0,938.0
hot_weather,100,cooling,287.0,123.65307248628903,123.44287525726341,673.9488226632383,1702.8015228244903,68.08789110508792,66.60048387970829,8.555336523079486,0.23889865427604015,12.958847809949516,19.956200303793747,0.5593389737102289,2304.0,15.024000000000001,0.55,none,0.0,937.0
hot_weather,100,cooling,288.0,123.35228775909985,122.64692624552752,667.4771509029184,1690.5205815474212,67.52841586377414,65.92476699473349,8.547056281977898,0.2668585176950458,13.015640485677665,20.12508323462749,0.5609166931971729,2312.0,14.97199999999998,0.55,none,0.0,936.0
hot_weather,100,cooling,289.0,123.05719118681947,123.17040110445046,670.6530532431841,1704.8950943558323,67.57498390911057,65.97570087374991,8.538782879152066,0.20959005996681368,13.05724874315929,20.103589235484637,0.5624596594796631,2320.0,14.920000000000016,0.55,none,0.0,935.0
hot_weather,100,cooling,290.0,122.76764738530761,122.88939799488705,668.1969846758856,1701.5864075822606,68.42242034149623,65.81686072795522,8.530516309120197,0.21624442111073666,13.031402985470308,19.83409481033073,0.5639686997209501,2328.0,14.867999999999995,0.55,none,0.0,934.0
hot_weather,100,cooling,291.0,122.4835241937812,121.5663112830389,664.8922074956108,1694.6945544407663,68.79848438371795,65.2467510806773,8.522256566648455,0.297041051958215,12.99693624532185,19.818442934972786,0.5654446213903785,2336.0,14.815999999999974,0.55,none,0.0,933.0
hot_weather,100,cooling,292.0,122.20469259809066,122.14384671429418,670.6253611645171,1702.5682326963756,67.9219465500812,65.10246986069016,8.514003646674128,0.13572991018211455,13.108326881151148,19.929517624568962,0.566888212732149,2344.0,14.76400000000001,0.55,none,0.0,932.0
hot_weather,100,cooling,293.0,121.93102665581604,121.78842693722508,673.7707524336968,1686.8654786664893,67.62259437701292,64.39536659340314,8.505757544252837,0.2259198191146882,13.02032106468866,20.065799938891285,0.5683002432229611,2352.0,14.711999999999989,0.55,none,0.0,931.0
hot_weather,100,cooling,294.0,121.66240342314137,121.93430894545375,671.0910594062013,1682.3211944972104,67.85707306060728,65.31154170793877,8.49751825452236,0.169825937998568,13.000682791892798,20.059088151877173,0.5696814640187954,2360.0,14.660000000000025,0.55,none,0.0,930.0
hot_weather,100,cooling,295.0,121.39870288346683,120.80765542231823,671.6624545603869,1690.2272178273063,67.52495110475678,64.4329660898489,8.489285772677665,0.19733730701961816,13.006555770780619,19.9755712822815,0.5710326083910718,2368.0,14.608000000000004,0.55,none,0.0,929.0
hot_weather,100,cooling,296.0,121.13980787771825,121.28733777344432,663.5443828886661,1689.7409517859373,67.23536415233531,65.09082429364868,8.481060093953856,0.25237932411616004,13.027792149498417,20.367994296581177,0.5723543921524441,2376.0,14.555999999999983,0.55,none,0.0,928.0
hot_weather,100,cooling,297.0,120.8856040363144,121.74680265269873,664.499071363187,1692.4199592105176,66.75115103400077,65.57653432048636,8.47284121361438,0.18562787233450698,13.110755943097468,20.264786099840812,0.5736475140724615,2384.0,14.504000000000019,0.55,none,0.0,927.0
hot_weather,100,cooling,298.0,120.63597971275283,121.05050765425091,671.2249269371025,1680.4864326170352,67.53892402376711,64.00359937195122,8.464629126942986,0.17828361749967528,12.942006322541763,20.10364049361651,0.5749126562833418,2392.0,14.451999999999998,0.55,none,0.0,926.0
hot_weather,100,cooling,299.0,120.39082591877636,120.56522859331953,666.094179827747,1686.107532234465,67.78789300614136,64.48266922955825,8.456423829238153,0.20676877586028125,12.930262044240862,19.945450350396392,0.5761504846760892,2400.0,14.399999999999977,0.55,none,0.0,925.0
hot_weather,100,cooling,300.0,120.15003626108268,120.21731009114107,673.2729350873656,1684.4274346478637,67.03439708080863,64.01902413060323,8.448225315809308,0.10282221520975274,13.041261470803098,20.047745106287792,0.5773616492871835,2408.0,14.348000000000013,0.55,none,0.0,924.0
hot_weather,100,cooling,301.0,119.91350687954052,119.97063224785643,670.5718574497877,1686.307834390991,67.55616541679531,64.41974060829247,8.440033581974165,0.2153037577455837,12.973256195768807,20.036875190643126,0.5785467846760606,2416.0,14.295999999999992,0.55,none,0.0,923.0
hot_weather,100,cooling,302.0,119.68113638687656,120.01402913619322,668.6944796530341,1689.296010016272,67.41050316916284,63.51396274843984,8.431848623056982,0.14511940451476518,13.06463796528634,19.958181256175667,0.5797065102936143,2424.0,14.244000000000028,0.55,none,0.0,922.0
hot_weather,100,cooling,303.0,119.45282580979826,119.72269984824307,668.5979863405162,1682.0813020304902,67.44835218863787,63.33224952977933,8.423670434387269,0.13026194204882052,12.948611308121476,19.98465876420455,0.5808414308419184,2432.0,14.192000000000007,0.55,none,0.0,921.0
hot_weather,100,cooling,304.0,119.22847853151836,119.9122375462547,662.380402083127,1685.2348222182684,69.17653288444039,64.31914293086251,8.415499011298984,0.207871765075061,13.021371682576367,19.983261167132486,0.5819521366253889,2440.0,14.139999999999986,0.55,none,0.0,920.0
hot_weather,100,cooling,305.0,119.00800023564781,119.48617370200432,662.2929886135119,1689.7519062637882,68.2230106176531,64.5075648544706,8.407334349129925,0.25085126994773904,12.962139081146134,20.070714307666478,0.5830392038935842,2448.0,14.088000000000022,0.55,none,0.0,919.0
hot_weather,100,cooling,306.0,118.7912988514245,118.71978815154554,666.4097861061398,1690.8591007016585,67.00420776932316,63.60533384134097,8.399176443221316,0.22881568191198942,13.03950853273381,20.200205655278022,0.5841031951758424,2456.0,14.036000000000001,0.55,none,0.0,918.0
hot_weather,100,cooling,307.0,118.57828450024601,118.70364709265598,664.026259496765,1692.5365860748745,67.43225533487025,64.45644716218625,8.391025288917577,0.20617459266986915,13.060942957937932,19.978594471351997,0.585144659607955,2464.0,13.98399999999998,0.55,none,0.0,917.0
hot_weather,100,cooling,308.0,118.36886944347543,117.98908927873612,668.7595602753826,1679.851118251119,67.57175925947693,63.20666650223806,8.38288088156609,0.2611978871696755,12.987681749530353,20.260614307661665,0.5861641332510593,2472.0,13.932000000000016,0.55,none,0.0,916.0
hot_weather,100,cooling,309.0,118.16296803148981,118.79886516563069,668.804773790816,1694.8641838594826,67.37927300144908,62.033249015580445,8.37474321651707,0.16458337239812104,12.958958585854138,20.183269835821314,0.5871621394029384,2480.0,13.879999999999995,0.55,none,0.0,915.0
hot_weather,100,cooling,310.0,117.96049665394177,117.2037721050483,661.8330579611312,1689.885285097763,68.66206026839889,63.27212057577836,8.366612289123506,0.13562256865712735,13.020776149576683,19.979972437843365,0.5881391889019124,2488.0,13.827999999999975,0.55,none,0.0,914.0
hot_weather,100,cooling,311.0,117.76137369120535,118.407630838484,669.5968199679306,1682.3603365658626,67.08347157555137,62.08374159184418,8.358488094741091,0.28335565380321537,12.971157665812463,20.17143827789231,0.5890957804234914,2496.0,13.77600000000001,0.55,none,0.0,913.0
hot_weather,100,cooling,312.0,117.56617508833443,117.73462418585697,665.3561749903837,1681.8371080621628,68.5647006318077,62.99787572111417,8.353853325490617,0.256127943532298,13.017912136214639,19.721414422439665,0.590158395087382,2500.0,13.75,0.55,none,0.0,912.0
hot_weather,100,cooling,313.0,117.37548821063271,117.02167518268412,666.4645894709424,1692.3820963952264,67.17658882309422,62.935181598305945,8.35288274187013,0.18215550511542108,12.927540394441019,19.598149087488,0.5913234442384201,2500.0,13.75,0.55,none,0.0,911.0
hot_weather,100,cooling,314.0,117.18924809251405,117.98052433955779,664.4405223052203,1687.939108738689,67.39778340859874,62.96535613098231,8.352215465631044,0.1479646515448751,13.060905736814247,20.067769395827806,0.5924613248000956,2500.0,13.75,0.55,none,0.0,910.0
hot_weather,100,cooling,315.0,117.00737804755396,117.04401886003086,660.0463924008134,1680.084165178693,68.01095560126471,62.87672735058217,8.351756713216675,0.20023817908552502,13.069721534222786,19.75023845326952,0.5935725053072904,2500.0,13.75,0.55,none,0.0,909.0
hot_weather,100,cooling,316.0,116.82979409369403,117.17261508026556,661.8500208304882,1680.642358259002,68.30313794956218,62.69146976033472,8.351441320931793,0.21810194569351452,13.09056008182514,20.14886654200586,0.5946574988693861,2500.0,13.75,0.55,none,0.0,908.0
hot_weather,100,cooling,317.0,116.65640797741665,115.9335809302408,662.1280544256942,1676.2489527193422,66.43348632933461,62.304190554686045,8.351224488735939,0.1742606631452644,12.974360974523131,19.917353326700503,0.5957168446933119,2500.0,13.75,0.55,none,0.0,907.0
hot_weather,100,cooling,318.0,116.48712923514391,116.34317289034702,671.7674769303144,1683.4630912283874,68.1197886500038,62.654642441019575,8.351075416601288,0.2293819437616899,12.961531964121601,20.544531597098675,0.5967510954889128,2500.0,13.75,0.55,none,0.0,906.0
hot_weather,100,cooling,319.0,116.32186659315012,116.48811422423948,663.7637610262097,1678.9527022900882,68.00454521806623,61.999681872231264,8.350972929508716,0.201035561981357,12.99883553115546,19.537268337567802,0.5977608089158344,2500.0,13.75,0.55,none,0.0,905.0
hot_weather,100,cooling,320.0,116.16052891311433,115.44985999339889,664.8345494935978,1676.3628722234555,67.84541298140401,61.69900600147907,8.350902469632572,0.19296613638571888,13.063453700135106,20.128392651520773,0.598746541806433,2500.0,13.75,0.55,none,0.0,904.0
hot_weather,100,cooling,321.0,116.00302582570241,116.29095799470372,669.7421662661716,1676.1367193413478,67.8740191318623,62.429135808399074,8.350854028467724,0.17947119390386904,13.049821934987188,20.112287867931787,0.599708846294748,2500.0,13.75,0.55,none,0.0,903.0
hot_weather,100,cooling,322.0,115.84926815006195,117.05088207493539,665.4001040147862,1688.55420552121,67.37635294210796,62.63814484346949,8.35082072516689,0.22205911626898223,13.091934467100035,19.830743691970984,0.6006482672534923,2500.0,13.75,0.55,none,0.0,902.0
hot_weather,100,cooling,323.0,115.69916816651543,115.26976961206611,662.1653518076835,1687.9953721543773,68.56784063956962,61.56322562144787,8.350797829147568,0.1958429586383067,13.012892739828674,20.014110355503202,0.6015653406279656,2500.0,13.75,0.55,none,0.0,901.0
hot_weather,100,cooling,324.0,115.55263978870121,115.52606313312077,659.3678657969277,1676.4019842959792,67.81745182448621,61.88520405989815,8.350782088134284,0.24787204247465608,12.99257238486808,20.058597116880325,0.602460592384316,2500.0,13.75,0.55,none,0.0,900.0
hot_weather,100,cooling,325.0,115.40959866695,115.73990383729868,660.9834401928391,1680.3181564862268,68.56456615046179,61.57733204488149,8.35077126618765,0.24982016469119914,12.983313000006282,19.89604201987267,0.6033345378779356,2500.0,13.75,0.55,none,0.0,899.0
hot_weather,100,cooling,326.0,115.26996224474219,114.81620519182582,665.5797556827703,1684.2293540498815,68.03809042780956,61.66430997030109,8.350763826099339,0.2193518468497719,13.103204185993324,19.791831193278995,0.6041876815085198,2500.0,13.75,0.55,none,0.0,898.0
hot_weather,100,cooling,327.0,115.13364978325627,113.85624275805772,659.0469925533874,1676.5806740730993,67.95728983723967,61.58893818604146,8.350758711038628,0.18775341710326207,13.03240148606041,20.167169199940666,0.6050205165700833,2500.0,13.75,0.55,none,0.0,897.0
hot_weather,100,cooling,328.0,115.00058236431948,115.56102567195644,659.0594395264872,1676.0502279436007,67.57225853131686,61.21916197288199,8.350755194434386,0.23807304529252576,13.030796949147755,19.728225159565838,0.6058335252329323,2500.0,13.75,0.55,none,0.0,896.0
hot_weather,100,cooling,329.0,114.87068287884152,114.65548457541881,660.0049133098735,1687.0999279968714,67.49947463855844,60.29860888450835,8.35075277676897,0.2668832794855974,13.041254670681843,19.907235727417408,0.6066271786143312,2500.0,13.75,0.55,none,0.0,895.0
hot_weather,100,cooling,330.0,114.74387600559172,115.38276505677871,660.197372621436,1681.803264015178,68.45620453190114,61.96091198577727,8.350751114623998,0.22049194172113323,13.034121718807114,20.31647394672041,0.6074019369081693,2500.0,13.75,0.55,none,0.0,894.0
hot_weather,100,cooling,331.0,114.62008818365314,114.05772680759911,659.7413810385506,1685.370495396694,67.70884172402755,60.08862395025992,8.350749971899328,0.2684103912087673,13.039598199776675,19.895877437905188,0.6081582495532585,2500.0,13.75,0.55,none,0.0,893.0
hot_weather,100,cooling,332.0,114.49924758083817,114.61055056105361,661.8242770848632,1689.424997532615,67.69584400956929,60.52581391979969,8.350749186276119,0.19721275366744015,13.076014452881763,20.131541585421328,0.6088965554263073,2500.0,13.75,0.55,none,0.0,892.0
hot_weather,100,cooling,333.0,114.38128405962858,114.35382780067724,667.9038279768827,1684.426709185474,67.91989249893093,60.17539281417552,8.350748646160161,0.18015842334636645,13.019851635861219,19.880100227315836,0.6096172830500175,2500.0,13.75,0.55,none,0.0,891.0
hot_weather,100,cooling,334.0,114.2661291417078,115.2748279308782,656.975274285906,1685.9933162100813,67.14211521522216,61.21164698047897,8.35074827483044,0.06625927807435669,13.064254848739559,20.064551106925165,0.6103208508097842,2500.0,13.75,0.55,none,0.0,890.0
hot_weather,100,cooling,335.0,114.15371597181209,114.66204322012433,659.2086696881806,1684.440527313538,68.44593332454303,60.842014743911854,8.350748019541259,0.11130488101016156,13.05019270507454,20.023404870066216,0.6110076671745543,2500.0,13.75,0.55,none,0.0,889.0
hot_weather,100,cooling,336.0,114.04397928139376,114.09757571764216,657.462986322428,1690.7271209694352,67.72283467156414,60.97851215673696,8.350747844029945,0.22168571771476295,12.994646183695952,19.853104828837147,0.6116781309188378,2500.0,13.75,0.55,none,0.0,888.0
hot_weather,100,cooling,337.0,113.93685535242838,114.12922512402503,660.7323652325717,1692.1195144356905,68.2953636709476,60.102656128501785,8.350747723365918,0.16257102456869263,13.02966262775883,19.661532231110936,0.612332631343834,2500.0,13.75,0.55,none,0.0,887.0
hot_weather,100,cooling,338.0,113.83228198158815,113.93546234116016,665.0556755746285,1677.5467580902623,67.25724727459642,60.38081853881875,8.350747640409399,0.18874196417025846,12.966895522101174,19.971900490437548,0.6129715484963251,2500.0,13.75,0.55,none,0.0,886.0
hot_weather,100,cooling,339.0,113.73019844492747,113.72707469537943,658.5187032005985,1683.3402752879813,67.59622529478457,60.925732261012385,8.35074758337679,0.16851689298501038,13.02853969061083,20.095143594590315,0.6135952533844377,2500.0,13.75,0.55,none,0.0,885.0
hot_weather,100,cooling,340.0,113.63054546317493,113.44712904374789,655.0734950393778,1679.7134316785853,67.24248842089858,60.652787271300255,8.350747544166875,0.13002432266055758,13.096833272392495,20.186383272681855,0.6142041081897003,2500.0,13.75,0.55,none,0.0,884.0
hot_weather,100,cooling,341.0,113.53326516769074,113.84324096914779,659.4869513841113,1680.7828406866502,67.41955628944277,60.288064196141384,8.350747517210056,0.21400967543812652,13.053769852960123,20.00492218487088,0.6147984664750348,2500.0,13.75,0.55,none,0.0,883.0
hot_weather,100,cooling,342.0,113.4383010671239,113.23648257840944,657.5029056087126,1687.7840393419249,67.06806354978369,61.379147523243574,8.350747498677245,0.27926602092272446,13.062085096044333,19.95845554769432,0.6153786733884731,2500.0,13.75,0.55,none,0.0,882.0
hot_weather,100,cooling,343.0,113.34559801478704,113.25470612368154,660.6611066366765,1671.3849489989043,67.29417497131142,59.820761896244726,8.350747485935935,0.12354411936145188,13.059497941800839,19.820140174284454,0.6159450658624881,2500.0,13.75,0.55,none,0.0,881.0
hot_weather,100,cooling,344.0,113.25510217675586,114.04577389256288,664.2090323105984,1692.0911462675435,67.55225026528292,59.76634805243938,8.350747477176284,0.19776396417196984,13.004833205803909,19.421697703946705,0.6164979728088992,2500.0,13.75,0.55,none,0.0,880.0
hot_weather,100,cooling,345.0,113.16676100069195,113.2246113630382,663.7596613400303,1692.85219548241,66.64908131729133,60.449794475078974,8.350747471154026,0.1975529200249751,13.029961783398655,19.85527984238196,0.6170377153093556,2500.0,13.75,0.55,none,0.0,879.0
hot_weather,100,cooling,346.0,113.08052318538334,112.00756993988733,656.4866840868513,1684.5662606116084,67.66776114612645,59.47340028500108,8.350747467013724,0.20556959574006542,13.022555393529696,20.23452621596802,0.6175646068014375,2500.0,13.75,0.55,none,0.0,878.0
hot_weather,100,cooling,347.0,112.99633865099317,113.19546293228947,660.2419956440757,1684.2124642204765,67.62929453933752,59.66596963418329,8.350747464167267,0.1903813061992011,12.980658499565608,20.02741966647358,0.6180789532604278,2500.0,13.75,0.55,none,0.0,877.0
hot_weather,100,cooling,348.0,112.91415851000502,112.7730068555055,658.5153752185124,1683.5146256166993,67.73956461977451,59.204622075640415,8.350747462210325,0.23516850647662016,13.08636058496995,20.34678288087577,0.6185810533768301,2500.0,13.75,0.55,none,0.0,876.0
hot_weather,100,cooling,349.0,112.83393503885208,112.23067427238833,661.9031417581923,1685.158661259224,68.51338738015198,60.04045418820967,8.35074746086493,0.196004842724055,12.913500782118456,20.18681501730226,0.6190711987297068,2500.0,13.75,0.55,none,0.0,875.0
hot_weather,100,cooling,350.0,112.75562165021616,112.99896958983172,656.5124557345619,1676.8559310255848,67.75904842101296,59.976907599294165,8.350747459939969,0.2639610531872073,13.026322340740965,20.156008630831025,0.6195496739559251,2500.0,13.75,0.55,none,0.0,874.0
hot_weather,100,cooling,351.0,112.67917286598255,112.5903029668763,660.6096513842331,1683.9642966508309,67.000026689585,59.3893733602049,8.35074745930406,0.26350992425236636,12.992598399199121,20.204777742224763,0.6200167569153964,2500.0,13.75,0.55,none,0.0,873.0
hot_weather,100,cooling,352.0,112.60454429083617,112.8042668101761,660.4718542345142,1687.1310216856634,67.59028660597859,58.024079785364684,8.35074745886687,0.15737183542067945,12.952905209069907,19.945519710098708,0.620472718852397,2500.0,13.75,0.55,none,0.0,872.0
hot_weather,100,cooling,353.0,112.53169258648454,112.24027121894657,654.8584422735248,1677.1410158498272,68.17893981818901,59.06983157413785,8.350747458566303,0.20845132828750054,12.978277727842876,19.96147453792498,0.6209178245530593,2500.0,13.75,0.55,none,0.0,871.0
hot_weather,100,cooling,354.0,112.46057544649331,112.29831585663342,656.5164834759596,1678.5230523959785,66.89354093693123,58.443156725317415,8.350747458359663,0.2309645890618369,13.034801393407044,20.249432047602532,0.6213523324991208,2500.0,13.75,0.55,none,0.0,870.0
hot_weather,100,cooling,355.0,112.39115157172007,111.90062818657077,660.3446583011831,1675.2692168317585,67.96454163856602,59.45693654162599,8.3507474582176,0.17083782354658184,12.910788560150632,19.997187656028284,0.6217764950180166,2500.0,13.75,0.55,none,0.0,869.0
hot_weather,100,cooling,356.0,112.32338064633254,112.35032965391038,665.2173094821178,1680.1868355511594,67.89449155240348,58.75607142059314,8.35074745811993,0.2303558600398159,13.033705914078455,20.09421068703049,0.6221905584294031,2500.0,13.75,0.55,none,0.0,868.0
hot_weather,100,cooling,357.0,112.25722331439721,112.36532596704443,659.8512135284528,1678.2451560612203,67.74134411824224,59.524412933019555,8.350747458052782,0.21976169737872586,13.065002137320365,20.099141321174596,0.622594763188195,2500.0,13.75,0.55,none,0.0,867.0
hot_weather,100,cooling,358.0,112.1926411570253,112.60241949883562,658.7353906643335,1690.2995133004422,67.99615121700056,58.868667636957454,8.350747458006618,0.16413385208022985,13.023824291979379,19.952191345291077,0.6229893440241979,2500.0,13.75,0.55,none,0.0,866.0
hot_weather,100,cooling,359.0,112.12959667006257,112.61984729244067,655.3837949453779,1686.4625347207086,67.80034989054077,58.6087406023975,8.35074745797488,0.10181739340528868,13.052852524387768,20.535204047537302,0.6233745300784185,2500.0,13.75,0.55,none,0.0,865.0
hot_weather,100,cooling,360.0,112.06805324231019,113.07916783250165,652.5966263402763,1684.0368038173908,68.63494818488505,59.33196194711533,8.35074745795306,0.20189219611182574,13.052750246453206,20.020688312694286,0.6237505450361286,2500.0,13.75,0.55,none,0.0,864.0
hot_weather,100,cooling,361.0,112.00797513426409,111.84475332495575,662.0803050507845,1672.67614111764,67.48945616078113,58.387637613192226,8.35074745793806,0.16385620733923967,13.00788447099094,20.019064760021827,0.6241176072567634,2500.0,13.75,0.55,none,0.0,863.0
hot_weather,100,cooling,362.0,111.9493274573605,111.64471004731867,657.038985795714,1687.0178521931543,67.7851182257008,59.428462255813926,8.350747457927746,0.08883254462062105,12.999649732786324,19.92723112592952,0.624475929900725,2500.0,13.75,0.55,none,0.0,862.0
hot_weather,100,cooling,363.0,111.89207615371552,111.44044928086524,654.5654307017619,1692.0053065308525,68.59353691751518,58.16872404058751,8.350747457920654,0.22721304558934463,13.022131031100345,19.966543663261316,0.6248257210531699,2500.0,13.75,0.55,none,0.0,861.0
hot_weather,100,cooling,364.0,111.83618797634713,112.02332369139917,656.4786697619242,1683.8519637909426,67.20077899858845,58.176177315885546,8.350747457915782,0.2355249255068223,12.883974844322378,19.818956106050987,0.6251671838448465,2500.0,13.75,0.55,none,0.0,860.0
hot_weather,100,cooling,365.0,111.78163046986799,111.18785758203363,652.878977849626,1674.597859345454,67.60328689514252,58.6988501065586,8.35074745791243,0.19235812788543283,13.04338333423501,19.576311570512658,0.6255005165700573,2500.0,13.75,0.55,none,0.0,859.0
hot_weather,100,cooling,366.0,111.72837195163804,111.72410201540214,650.884689553371,1696.4967207347343,68.22777518681717,58.142328111373416,8.350747457910126,0.19779785060843233,13.077845335384387,19.929125932863435,0.6258259128018129,2500.0,13.75,0.55,none,0.0,858.0
hot_weather,100,cooling,367.0,111.67638149336572,112.41112028427445,655.0229167202224,1682.462124130957,66.8807788746575,58.16427599432697,8.350747457908543,0.29312683240590826,13.055115555115654,20.037801324411507,0.626143561504242,2500.0,13.75,0.55,none,0.0,857.0
hot_weather,100,cooling,368.0,111.62562890314736,111.91607045844376,653.0749522541506,1675.9211521808802,66.7778575919309,57.36653490655283,8.350747457907454,0.2482626107603583,12.933154849787948,20.530589176083197,0.6264536471423288,2500.0,13.75,0.55,none,0.0,856.0
hot_weather,100,cooling,369.0,111.57608470793409,111.33691188324332,655.9165228567036,1680.9724376259123,68.00262228339069,58.52955303020353,8.350747457906705,0.1714548157890924,12.959944218541334,19.688846062065505,0.6267563497890329,2500.0,13.75,0.55,none,0.0,855.0
hot_weather,100,cooling,370.0,111.52772013641629,111.49452769088185,658.7286242943763,1681.704255627135,67.70799069168577,58.48311213242261,8.350747457906191,0.1575797078823705,13.006004554949953,20.02737408576738,0.6270518452298639,2500.0,13.75,0.55,none,0.0,854.0
hot_weather,100,cooling,371.0,111.48050710231554,110.6328667558639,657.3429581251709,1682.6497754252364,68.69877395710273,58.008896002317655,8.350747457905836,0.19173931096929525,13.021475317303722,20.027097586447045,0.6273403050649609,2500.0,13.75,0.55,none,0.0,853.0
hot_weather,100,cooling,372.0,111.4344181880743,111.19773575106987,660.1027024158062,1685.3065342806517,67.15892396489923,57.37147008360386,8.350747457905593,0.2052183781511687,12.983579192427852,20.003335423588286,0.6276218968087462,2500.0,13.75,0.55,none,0.0,852.0
hot_weather,100,cooling,373.0,111.38942662893402,110.70996856237332,660.6785522146029,1687.5227337839606,67.65047254516669,58.676444088341974,8.350747457905426,0.16837872693296574,13.071739633222487,19.820808463984598,0.6278967839872036,2500.0,13.75,0.55,none,0.0,851.0
hot_weather,100,cooling,374.0,111.34550629739229,112.04437173011254,650.4426193490208,1687.0007546216875,67.73174717217938,58.388910457135715,8.35074745790531,0.1741739311200126,13.038005937939065,20.019192470096332,0.6281651262328407,2500.0,13.75,0.55,none,0.0,850.0
hot_weather,100,cooling,375.0,111.30263168803012,112.23334483964418,656.64924729005,1689.4562686590114,67.34992417876867,58.8068947749724,8.350747457905232,0.2198537227664843,13.06688231707032,20.14375471722714,0.6284270793773913,2500.0,13.75,0.55,none,0.0,849.0
hot_weather,100,cooling,376.0,111.26077790270037,110.52127780051997,652.5490714768282,1669.6372245884545,67.40556121474592,58.04380179156989,8.350747457905177,0.16218005731861385,12.992924556819663,20.191332759899517,0.6286827955423098,2500.0,13.75,0.55,none,0.0,848.0
hot_weather,100,cooling,377.0,111.21992063606895,110.88288073969146,656.7796258573001,1686.579686512425,67.39350259729503,57.39824403777548,8.35074745790514,0.14206523551082204,13.077410215316505,20.141281236849125,0.6289324232271111,2500.0,13.75,0.55,none,0.0,847.0
hot_weather,100,cooling,378.0,111.18003616150017,110.73146522206498,650.3408305946365,1681.0909824491669,66.57620061417325,57.70764775897932,8.350747457905115,0.2363521890045441,12.998824677439979,20.053200975726025,0.6291761073956076,2500.0,13.75,0.55,none,0.0,846.0
hot_weather,100,cooling,379.0,111.14110131727827,110.02343470641007,656.2852652895099,1681.66137890636,67.28296745073293,58.56810814018839,8.350747457905095,0.15105331141052034,13.053668608222615,20.005158946397806,0.6294139895600924,2500.0,13.75,0.55,none,0.0,845.0
hot_weather,100,cooling,380.0,111.10309349315689,111.82875212637313,662.0420291600567,1685.9514967081539,67.43935235383562,56.963123712045245,8.350747457905083,0.1347960554410466,13.052047882736984,20.194277714811857,0.6296462078635179,2500.0,13.75,0.55,none,0.0,844.0
hot_weather,100,cooling,381.0,111.06599061722888,110.94461462296027,653.5914679707915,1680.005983747033,67.67930751544986,57.997892918047775,8.350747457905076,0.1139761884742824,13.03126899553415,19.86886497776322,0.6298728971597192,2500.0,13.75,0.55,none,0.0,843.0
hot_weather,100,cooling,382.0,111.02977114310868,111.50789003132635,656.6331758532376,1683.3893826836354,67.4841976003408,58.05074170735143,8.35074745790507,0.20992746227950537,13.050995188481462,20.118576676921727,0.6300941890917251,2500.0,13.75,0.55,none,0.0,842.0
hot_weather,100,cooling,383.0,110.99522745679278,111.40893387111088,656.654266927275,1684.4554577337813,67.81022825729714,57.602819953999294,8.350747457905067,0.1469085234336872,12.99219341497783,19.6144010918347,0.6303052423791936,2500.0,13.75,0.55,cooling,0.001,841.0
hot_weather,100,cooling,384.0,110.9631348197418,111.13787188464488,650.7734046994066,1689.5874067030518,67.25433461002237,57.91445817329711,8.350747457905062,0.3010571606884942,12.986956281626542,20.147188445219467,0.6305013203684158,2500.0,13.75,0.55,cooling,0.002,840.0
hot_weather,100,cooling,385.0,110.93343720018353,111.58582682650206,658.6712022627262,1684.456750057488,67.32998146115933,57.95920141476892,8.350747457905062,0.1351611803298088,12.988918808477427,19.957281742124735,0.630682765399512,2500.0,13.75,0.55,cooling,0.003,839.0
hot_weather,100,cooling,386.0,110.90607990542462,111.56881359501926,662.4335142423452,1684.1568250507255,68.18553967196739,57.33912461442271,8.35074745790506,0.20098748600627112,13.006543359032559,20.122818117890283,0.6308499116311652,2500.0,13.75,0.55,cooling,0.004,838.0
hot_weather,100,cooling,387.0,110.88100954998197,111.20304904744829,657.392779405027,1684.2372472107181,67.38382379704167,56.76299801674982,8.350747457905058,0.16885526524652922,13.046725700737351,20.235726441532048,0.631003085235331,2500.0,13.75,0.55,cooling,0.005,837.0
hot_weather,100,cooling,388.0,110.85817402447302,110.2916434335378,646.9928526491991,1684.7921672261332,66.96262437327165,57.53748876724054,8.350747457905058,0.17597837330052038,13.018330854556934,20.176844037701642,0.6311426045873092,2500.0,13.75,0.55,cooling,0.007,836.0
hot_weather,100,cooling,389.0,110.83752246524679,110.42669986718039,655.3538402582122,1691.9682339043873,67.98604514561565,57.88648551585971,8.350747457905058,0.2125865637646887,13.096430622040376,20.140527187903363,0.6312687804512918,2500.0,13.75,0.55,cooling,0.008,835.0
hot_weather,100,cooling,390.0,110.81900522473806,110.30508147398032,652.9881844346957,1687.3019527770348,68.3450960649997,57.33864816744155,8.350747457905058,0.16241807538376515,13.143283158945806,19.495347235967017,0.63138191616149,2500.0,13.75,0.55,cooling,0.009,834.0
hot_weather,100,cooling,391.0,110.80257384252737,110.49237653705856,656.732617443909,1679.8579758494843,68.23920289667215,57.02456177525137,8.350747457905058,0.2395999139631444,13.003178999960747,19.83640904805146,0.6314823077989518,2500.0,13.75,0.55,cooling,0.01,833.0
hot_weather,100,cooling,392.0,110.78818101709018,109.7511183318868,654.8440336817766,1677.566128030819,67.62464220289682,57.06098151156353,8.350747457905058,0.24023998957674894,13.079657047115248,19.57270579742649,0.6315702443641665,2500.0,13.75,0.55,cooling,0.011,832.0
hot_weather,100,cooling,393.0,110.77578057821879,110.11390276805153,656.042295617366,1688.7389435193184,67.071640726431,57.89741580022596,8.350747457905058,0.26193925721420247,13.087207053346464,20.066958444449504,0.631646007945561,2500.0,13.75,0.55,cooling,0.012,831.0
hot_weather,100,cooling,394.0,110.76532746010079,110.28042630699458,658.9786311758302,1691.0594875958145,68.10747998371956,57.39101937556639,8.350747457905058,0.23607584168701062,13.05073632842835,19.438595731424858,0.6317098738839826,2500.0,13.75,0.55,cooling,0.014,830.0
hot_weather,100,cooling,395.0,110.75677767503865,110.67880707691582,657.1602179128148,1679.5515264652183,67.99959934739945,57.53313969820627,8.350747457905058,0.18846915468509284,13.017974520905025,20.058398248150166,0.631762110933266,2500.0,13.75,0.55,cooling,0.015,829.0
hot_weather,100,cooling,396.0,110.75008828779507,110.79576773139217,653.1919484292903,1680.442947804004,67.40500072909954,57.20839916918323,8.350747457905058,0.2310148907994015,13.00416514746359,19.604741020853815,0.6318029814169774,2500.0,13.75,0.55,cooling,0.016,828.0
hot_weather,100,cooling,397.0,110.74521739054917,111.0503547646839,656.9996330485687,1680.136370306615,66.78016040805323,56.67035344561908,8.350747457905058,0.21772258995421948,13.032749129325753,19.996800183212233,0.6318327413814255,2500.0,13.75,0.55,cooling,0.017,827.0
hot_weather,100,cooling,398.0,110.74212407844908,110.34054879215991,655.8066919352565,1683.8920460432296,67.25744588323089,57.6427820630445,8.350747457905058,0.2138646258605423,12.991349850923234,19.934549014905617,0.631851640745029,2500.0,13.75,0.55,cooling,0.018,826.0
hot_weather,100,cooling,399.0,110.74076842574658,110.98944783625319,653.7279878456822,1682.1309560141972,67.35032226841288,56.35070001074758,8.350747457905058,0.16931479004412991,13.01687400726785,19.87516301909593,0.6318599234441281,2500.0,13.75,0.55,cooling,0.02,825.0
hot_weather,100,cooling,400.0,110.74111146250013,110.17185160414125,655.432207857964,1681.1521990018275,67.34240677348649,56.99788185958383,8.350747457905058,0.18144878229044736,13.01047867585664,19.784642998235643,0.6318578275753232,2500.0,13.75,0.55,cooling,0.021,824.0
hot_weather,100,cooling,401.0,110.74311515183251,111.27822539802065,655.0545561643974,1681.7322741476407,67.62271577048686,56.7624048257065,8.350747457905058,0.17094019149704942,13.03438374669372,19.923378251653634,0.6318455855344246,2500.0,13.75,0.55,cooling,0.022,823.0
hot_weather,100,cooling,402.0,110.74674236773012,111.25931478321517,655.7729896284795,1679.3521400988827,67.57389228765842,57.28071780399323,8.350747457905058,0.19171393388059094,13.05136680266465,19.982029796462584,0.6318234241520942,2500.0,13.75,0.55,cooling,0.023,822.0
hot_weather,100,cooling,403.0,110.75195687337083,111.53943746270326,652.0643502624421,1679.8642323591782,66.50104920088134,57.48380730057843,8.350747457905058,0.12884317050070962,13.059449164128102,20.39802295954075,0.6317915648262559,2500.0,13.75,0.55,cooling,0.024,821.0
hot_weather,100,cooling,404.0,110.75872329996797,110.29451975388007,655.8618872477764,1682.748084854129,66.34406180463371,57.7761641653712,8.350747457905058,0.2438189935249676,13.030785658737459,19.906570167741197,0.6317502236513539,2500.0,13.75,0.55,cooling,0.026,820.0
hot_weather,100,cooling,405.0,110.76700712611802,110.06905435847581,655.6091994179995,1683.9850449689911,66.93068553544036,57.26230158205633,8.350747457905058,0.23514642452729986,12.987409302878687,20.036813997810384,0.6316996115445337,2500.0,13.75,0.55,cooling,0.027,819.0
hot_weather,100,cooling,406.0,110.7767746576401,111.06449540687044,651.3350055698874,1687.249037472319,69.27735173830237,57.086575895823565,8.350747457905058,0.19995955037134458,13.13824481880313,20.001832886290096,0.6316399343688167,2500.0,13.75,0.55,cooling,0.028,818.0
hot_weather,100,cooling,407.0,110.78799300789555,111.37534986146406,657.1221302394114,1674.9531208783853,67.80573232367622,55.78204683685921,8.350747457905058,0.1487765052718773,13.056995770736494,19.710304973679285,0.6315713930533434,2500.0,13.75,0.55,cooling,0.029,817.0
hot_weather,100,cooling,408.0,110.80063007857612,110.09061306941362,660.5117847907866,1693.3290783326647,66.9841218546695,57.28031415528566,8.350747457905058,0.20676502592736515,12.895151878249118,19.78446911253272,0.6314941837107528,2500.0,13.75,0.55,cooling,0.03,816.0
hot_weather,100,cooling,409.0,110.81465454094966,110.97846429139311,656.3099852516402,1677.860181339845,67.96431357511354,56.58490153411071,8.350747457905058,0.2235810780847761,13.006256587626387,19.76778552547144,0.6314084977517661,2500.0,13.75,0.55,cooling,0.031,815.0
hot_weather,100,cooling,410.0,110.83003581755237,110.78280860266386,659.2271150177007,1685.370618465391,67.7706762298711,57.46189254379557,8.350747457905058,0.23290843506233086,13.076308444610326,20.063456145495927,0.6313145219970426,2500.0,13.75,0.55,cooling,0.033,814.0
hot_weather,100,cooling,411.0,110.84674406431704,111.4395706575848,656.3811999548916,1689.8217659782622,67.43301763682182,56.88120569933331,8.350747457905058,0.1752626618734578,13.094919216803788,20.336047837482266,0.6312124387863722,2500.0,13.75,0.55,cooling,0.034,813.0
hot_weather,100,cooling,412.0,110.86475015312682,110.33936196458369,650.7540816328259,1680.435023873207,69.104979663103,57.25915761355564,8.350747457905058,0.1357410247880586,13.022503295365876,19.843997225839534,0.6311024260852667,2500.0,13.75,0.55,cooling,0.035,812.0
hot_weather,100,cooling,413.0,110.88402565478451,111.20218453254353,660.9660886899394,1673.4624726207057,68.33064096543092,56.41433346437323,8.350747457905058,0.18047993928805933,13.032190052645042,20.010816860468264,0.6309846575890137,2500.0,13.75,0.55,cooling,0.036,811.0
hot_weather,100,cooling,414.0,110.90454282238728,111.41312173620159,648.6551315976125,1677.6535372966575,68.08414274501479,57.03908676045569,8.350747457905058,0.25802055433195203,13.026061846438418,19.620360047006514,0.6308593028242526,2500.0,13.75,0.55,cooling,0.037,810.0
hot_weather,100,cooling,415.0,110.92627457509744,111.67714196067256,657.5143175461452,1684.4654330971114,67.69297211816797,55.689581687778826,8.350747457905058,0.26660506254523475,12.988540222449862,20.045915297248563,0.6307265272481317,2500.0,13.75,0.55,cooling,0.039,809.0
hot_weather,100,cooling,416.0,110.9491944822995,111.41213021003539,653.1092201486405,1683.8818704379146,67.9901382058529,55.599540497569926,8.350747457905058,0.2794933085182914,13.017654545825303,19.651854220000228,0.6305864923451039,2500.0,13.75,0.55,cooling,0.04,808.0
hot_weather,100,cooling,417.0,110.9732767481347,111.87948498965982,659.0176342530746,1682.0032864041532,67.99099938167505,56.8634790890862,8.350747457905058,0.2860842073093072,12.987974854803396,19.862418293602392,0.6304393557214174,2500.0,13.75,0.55,cooling,0.041,807.0
hot_weather,100,cooling,418.0,110.99849619640362,111.10465876476613,653.999625248617,1687.3179243112845,67.83110931783828,56.19829565037724,8.350747457905058,0.20401464140806888,12.96397656337755,20.051669772083983,0.6302852711973563,2500.0,13.75,0.55,cooling,0.042,806.0
hot_weather,100,cooling,419.0,111.02482825582852,110.99743001914078,654.3901274707298,1683.13565826621,68.17051509941254,57.22652212574692,8.350747457905058,0.15739651972376728,12.988709217793744,20.347610558474532,0.6301243888972851,2500.0,13.75,0.55,cooling,0.043,805.0
hot_weather,100,cooling,420.0,111.05224894566642,110.97515639253058,654.3860412678971,1682.318260310684,67.04629335008931,56.46463436808702,8.350747457905058,0.20692542034781183,12.948940335276781,19.80850043233082,0.6299568553375479,2500.0,13.75,0.55,cooling,0.045,804.0
hot_weather,100,cooling,421.0,111.08073486166495,111.01538362441639,659.3130998069227,1686.9545911910307,67.50985231755091,56.21699217602469,8.350747457905058,0.15547797680563366,12.983925790816336,19.989687315081394,0.6297828135122758,2500.0,13.75,0.55,cooling,0.046,803.0
hot_weather,100,cooling,422.0,111.11026316235257,112.45384376402221,659.1093702967046,1680.2105196246125,67.53012761614862,55.84378951390594,8.350747457905058,0.32549760338614764,13.192352802673085,19.805916356425115,0.6296024029771496,2500.0,13.75,0.55,cooling,0.047,802.0
hot_weather,100,cooling,423.0,111.14081155565528,110.9657599350178,649.3439662393939,1680.916498531556,66.95460264753524,55.90557276229976,8.350747457905058,0.1624369083578993,12.98990017316203,20.008957308173947,0.6294157599311685,2500.0,13.75,0.55,cooling,0.048,801.0
hot_weather,100,cooling,424.0,111.17235828583206,111.0493957079886,658.9225066064054,1686.5803603585964,67.5234196058319,56.33846538464153,8.350747457905058,0.195353433628189,12.966980912343937,20.219688817984913,0.6292230172964708,2500.0,13.75,0.55,cooling,0.049,800.0
hot_weather,100,cooling,425.0,111.20488212072144,111.09437537637191,663.0627906880642,1691.9979898845354,67.19873260369528,56.14690474429475,8.350747457905058,0.23244366432725813,13.036048514052187,20.063318008831097,0.6290243047962556,2500.0,13.75,0.55,cooling,0.051,799.0
hot_weather,100,cooling,426.0,111.23836233929167,111.56294008524516,656.2516949635702,1691.4385178081675,67.6818356946761,56.85327728806133,8.350747457905058,0.15231614550021041,13.047645262200477,19.756209716143516,0.628819749030846,2500.0,13.75,0.55,cooling,0.052,798.0
hot_weather,100,cooling,427.0,111.27277871948759,111.29892648989983,651.4511968013655,1686.7744417282247,67.79855682276813,56.39198789932693,8.350747457905058,0.16712477347454543,12.91402620274322,20.251916633433336,0.628609473551944,2500.0,13.75,0.55,cooling,0.053,797.0
hot_weather,100,cooling,428.0,111.3081115263667,111.51239238032343,662.0437015233744,1679.5470692758493,67.15803053915427,55.87841222812732,8.350747457905058,0.20358495784308014,13.006327777689636,20.02866534253598,0.6283935989351144,2500.0,13.75,0.55,cooling,0.054,796.0
hot_weather,100,cooling,429.0,111.3443415005179,111.55314423655709,655.8800911902675,1691.6844475865857,67.28391143050787,56.924329949499835,8.350747457905058,0.2123092481357481,13.081330452972031,20.108526983476686,0.6281722428505441,2500.0,13.75,0.55,cooling,0.055,795.0
hot_weather,100,cooling,430.0,111.38144984675601,111.7066943077629,654.6162291508592,1683.6627023323838,68.0856930403106,56.578710609977826,8.350747457905058,0.18398409336340824,12.949970669886415,19.89726201156305,0.6279455201321157,2500.0,13.75,0.55,cooling,0.056,794.0
hot_weather,100,cooling,431.0,111.4194182230855,111.99979234209289,659.4818680158646,1686.636029939091,67.93239388856625,55.27890697896133,8.350747457905058,0.19834543171407507,13.07693241642928,20.058085237751612,0.6277135428448366,2500.0,13.75,0.55,cooling,0.058,793.0
hot_weather,100,cooling,432.0,111.45822872992704,112.12278683334391,652.6218704771377,1682.180189415961,66.98658357355269,56.05852472810804,8.350747457905058,0.18540853532144996,13.093238037982637,19.911492624199038,0.6274764203506615,2500.0,13.75,0.55,cooling,0.059,792.0
hot_weather,100,cooling,433.0,111.49786389960074,111.03560525039232,658.0346311604643,1676.840179050072,67.98618322989273,56.37334789722886,8.350747457905058,0.2606780127394035,13.083517325502537,20.142529819315506,0.6272342593727476,2500.0,13.75,0.55,cooling,0.06,791.0
hot_weather,100,cooling,434.0,111.53830668605967,111.87405620121031,655.64306568788,1682.9458276579442,67.99371031524495,57.12008781343804,8.350747457905058,0.1840735123980949,12.994684285404897,20.131998857651183,0.6269871640581802,2500.0,13.75,0.55,cooling,0.061,790.0
hot_weather,100,cooling,435.0,111.579540454868,111.54265035349556,659.2845857828911,1686.8434964611245,67.47420827970132,56.03329104917517,8.350747457905058,0.11646878031048374,12.996043004012968,19.90528450853828,0.6267352360392036,2500.0,13.75,0.55,cooling,0.062,789.0
hot_weather,100,cooling,436.0,111.62154897341782,112.75711328079132,654.7085590942465,1677.0625556519985,67.02484418397052,56.172980496965025,8.350747457905058,0.1931993015069398,13.082311197818917,19.974792164993623,0.6264785744929938,2500.0,13.75,0.55,cooling,0.064,788.0
hot_weather,100,cooling,437.0,111.66431640137891,112.0536950044402,656.8755575104271,1669.1407967896412,67.76355646043403,56.08811835891735,8.350747457905058,0.20418079103653794,13.005404269994054,20.440489110244524,0.6262172762000086,2500.0,13.75,0.55,cooling,0.065,787.0
hot_weather,100,cooling,438.0,111.707827281376,112.592100117002,660.5328305941799,1687.8566824156553,67.05400259145947,54.81061297771113,8.350747457905058,0.18957655364971274,13.045991457568766,19.98146688649628,0.6259514356009463,2500.0,13.75,0.55,cooling,0.066,786.0
hot_weather,100,cooling,439.0,111.752066529888,111.36748038816236,654.9450575015055,1686.3464224097843,67.6251602679329,56.07818165257314,8.350747457905058,0.1464640278837293,12.988036717725194,19.882859041070972,0.6256811448523502,2500.0,13.75,0.55,cooling,0.067,785.0
hot_weather,100,cooling,440.0,111.79701942836407,112.49355194953012,657.8161547177377,1688.2542866611366,67.42688357748567,55.39949620954385,8.350747457905058,0.19273003988815998,12.965796558197292,20.122334531408615,0.625406493880886,2500.0,13.75,0.55,cooling,0.068,784.0
hot_weather,100,cooling,441.0,111.8426716145512,112.30372189554862,654.2473820953096,1691.9181842518044,67.25684961723415,55.45385203939677,8.350747457905058,0.20635080982218085,13.021514367152529,19.957221424221895,0.6251275704363292,2500.0,13.75,0.55,cooling,0.07,783.0
hot_weather,100,cooling,442.0,111.88900907402838,112.37326038550363,654.4476634399949,1676.2551755543566,67.70108275781288,54.80599923674715,8.350747457905058,0.16753979768394073,13.117594016990433,20.021986355707874,0.6248444601432883,2500.0,13.75,0.55,cooling,0.071,782.0
hot_weather,100,cooling,443.0,111.9360181319424,111.61449554000504,652.6504113109728,1684.3389520024966,67.64468919308628,56.07126615241989,8.350747457905058,0.1477376653416596,12.99459450983093,20.17070671656646,0.6245572465516982,2500.0,13.75,0.55,cooling,0.072,781.0
hot_weather,100,cooling,444.0,111.98368544494048,113.11638382875888,651.847835452685,1687.3223219978743,67.51380226133804,55.545827097096954,8.350747457905058,0.24802370880095087,12.997843888210012,19.867156155448516,0.6242660111861081,2500.0,13.75,0.55,cooling,0.073,780.0
hot_weather,100,cooling,445.0,112.031997993295,112.49430970357871,659.9257993624145,1686.92618367125,67.97986876608928,56.86899427235301,8.350747457905058,0.30100881940588503,13.04594749925309,20.173279952534177,0.6239708335937992,2500.0,13.75,0.55,cooling,0.074,779.0
hot_weather,100,cooling,446.0,112.08094307321588,111.84070359527567,659.151817440933,1675.495308562142,67.45989889598842,55.81284390161853,8.350747457905058,0.19207430398946707,12.924976298044974,19.990843467984675,0.6236717913917527,2500.0,13.75,0.55,cooling,0.075,778.0
hot_weather,100,cooling,447.0,112.13050828934603,111.92650056237005,657.9387844954254,1683.7929258214938,68.01499339081192,56.195037283767384,8.350747457905058,0.05363476478259441,13.026747255772099,19.993284961557777,0.6233689603125014,2500.0,13.75,0.55,cooling,0.077,777.0
hot_weather,100,cooling,448.0,112.18068154743551,112.23730230208974,659.3553940324246,1690.3706452738506,68.26242817490512,56.05976320629492,8.350747457905058,0.14595300881760587,12.991107420743297,20.203793445407896,0.6230624142488892,2500.0,13.75,0.55,cooling,0.078,776.0
hot_weather,100,cooling,449.0,112.23145104719026,111.99390764078542,660.3357269902621,1683.0871188329183,66.86281613961674,54.820534084116616,8.350747457905058,0.2165585016893622,13.001842375949483,19.851123154058055,0.6227522252977626,2500.0,13.75,0.55,cooling,0.079,775.0
hot_weather,100,cooling,450.0,112.2828052752911,112.29735210559792,662.9121891955548,1687.9072052204094,67.68105367237825,55.73807820413819,8.350747457905058,0.2610100705904965,12.94555297175287,20.185128783292495,0.6224384638026235,2500.0,13.75,0.55,cooling,0.08,774.0
hot_weather,100,cooling,451.0,112.334732998579,111.3039839875268,656.7813241828545,1682.2114061053296,68.58814092329176,54.90633447520531,8.350747457905058,0.25237037703449794,13.036531815553099,20.012860058441987,0.6221211983952653,2500.0,13.75,0.55,cooling,0.081,773.0
hot_weather,100,cooling,452.0,112.38722325740275,112.49382236944426,660.0559276071185,1685.939412205999,67.97040947840844,55.61579519867143,8.350747457905058,0.21480413306007234,13.02727125257103,20.168451561812425,0.6218004960364168,2500.0,13.75,0.55,cooling,0.083,772.0
hot_weather,100,cooling,453.0,112.44026535912505,112.10314507914237,658.9306948405822,1675.1023607992684,66.80308521276527,54.5245735441505,8.350747457905058,0.10202110227010464,12.989371187932058,20.114562145235038,0.621476422055419,2500.0,13.75,0.55,cooling,0.084,771.0
hot_weather,100,cooling,454.0,112.49384887178323,111.87314539179484,656.5375009780998,1682.3344290246287,67.25234360088146,55.82653021804399,8.350747457905058,0.12622325184017547,13.035787023873048,20.09721852014672,0.6211490401889557,2500.0,13.75,0.55,cooling,0.085,770.0
hot_weather,100,cooling,455.0,112.54796361790103,111.57912018417618,652.3209823496262,1677.7885740450956,68.24081405926577,54.53438680413933,8.350747457905058,0.12523612321258756,13.094497020472815,20.22359181956858,0.6208184126188624,2500.0,13.75,0.55,cooling,0.086,769.0
hot_weather,100,cooling,456.0,112.60259966844785,112.29994638701768,655.8870200360534,1695.5441477811898,68.0893910387889,55.00595694896563,8.350747457905058,0.19839814850534748,12.931189614654112,19.82966937504206,0.620484600009034,2500.0,13.75,0.55,cooling,0.087,768.0
hot_weather,100,cooling,457.0,112.65774733694171,112.35940603993699,657.057893429834,1683.960020316818,67.067947348981,55.04367720149326,8.350747457905058,0.1937266610302446,13.001547668366822,19.85262370608508,0.6201476615414536,2500.0,13.75,0.55,cooling,0.089,767.0
hot_weather,100,cooling,458.0,112.7133971736929,112.96513900497561,653.1111055147577,1675.6444984890197,67.40101468062359,55.29992014029522,8.350747457905058,0.30315724374923836,12.992438020071628,19.9265091516592,0.6198076549513631,2500.0,13.75,0.55,cooling,0.09,766.0
hot_weather,100,cooling,459.0,112.7695399601846,112.12026960262672,659.5917489475437,1683.3399160395004,67.0085128548595,54.858227239746356,8.350747457905058,0.3221912492592282,12.924842627758405,20.035954360555035,0.6194646365615954,2500.0,13.75,0.55,cooling,0.091,765.0
hot_weather,100,cooling,460.0,112.82616670358745,112.24196431097572,653.1348402761806,1688.749621093446,67.86810151858666,55.976242891016575,8.350747457905058,0.1748058527780822,13.084372018563435,19.965228105342618,0.6191186613160898,2500.0,13.75,0.55,cooling,0.092,764.0
hot_weather,100,cooling,461.0,112.88326863140472,112.36536363928397,658.9126363324519,1682.2637854829302,67.4115849300977,55.04227869867881,8.350747457905058,0.13746577741377508,12.952722232378651,19.919730870616384,0.6187697828126083,2500.0,13.75,0.55,cooling,0.093,763.0
hot_weather,100,cooling,462.0,112.94083718624516,112.99377311511286,660.1959254676547,1682.4326852979934,67.6530462478458,55.368458104253236,8.350747457905058,0.2102945763604189,12.932676667220127,20.03447684573506,0.6184180533346719,2500.0,13.75,0.55,cooling,0.094,762.0
hot_weather,100,cooling,463.0,112.99886402072028,112.52021063720849,655.7772762559165,1676.3959936488006,67.24591575522837,56.029593429109966,8.350747457905058,0.22069071880273622,12.9784277191531,20.083957604733314,0.6180635238827376,2500.0,13.75,0.55,cooling,0.096,761.0
hot_weather,100,cooling,464.0,113.05734099246321,112.66241623557714,667.6030795776599,1690.7817603571723,67.80011963315944,55.70382331233182,8.350747457905058,0.264857320040509,13.033205990310664,19.85390184836393,0.6177062442046313,2500.0,13.75,0.55,cooling,0.097,760.0
hot_weather,100,cooling,465.0,113.11626015926626,113.08833622262571,661.2929775835695,1686.4638099168662,68.32105002152583,55.217980346156885,8.350747457905058,0.21506740519462647,12.980080527895844,20.043496614233824,0.6173462628252563,2500.0,13.75,0.55,cooling,0.098,759.0
hot_weather,100,cooling,466.0,113.17561377433432,112.7429383728848,661.9726258162234,1689.2980851601333,68.0581819953176,56.06354858872253,8.350747457905058,0.23289071060858424,13.102213958109797,19.874294336295293,0.6169836270755942,2500.0,13.75,0.55,cooling,0.099,758.0
hot_weather,100,cooling,467.0,113.23539428165132,113.63091052023331,656.6621204740189,1680.3762126346744,68.14884284926744,55.65607579902349,8.350747457905058,0.21821676648387017,13.034160542810072,20.02014792912661,0.6166183831210141,2500.0,13.75,0.55,cooling,0.1,757.0
hot_weather,100,cooling,468.0,113.29559431145712,113.08186367381607,657.09466952425,1683.3098320040517,68.5045122572955,55.42181581574514,8.350747457905058,0.1738313503619285,13.025636901612138,20.26130817294471,0.6162505759889081,2500.0,13.75,0.55,cooling,0.102,756.0
hot_weather,100,cooling,469.0,113.35620667583213,112.87522259355579,657.4608176873502,1684.126212199122,67.32640695671206,55.72745418800654,8.350747457905058,0.24703057385931487,12.978373917888819,19.785868607424906,0.6158802495956679,2500.0,13.75,0.55,cooling,0.103,755.0
hot_weather,100,cooling,470.0,113.41722436438714,113.48977185175058,663.3193572105082,1681.4316591445286,67.63084172767995,56.10677234275579,8.350747457905058,0.21744882296848,13.023430981439546,20.013470152537764,0.6155074467730189,2500.0,13.75,0.55,cooling,0.104,754.0
hot_weather,100,cooling,471.0,113.4786405400559,113.05133465415986,663.3647636403758,1690.4185367369332,67.74237875120575,55.98315939120467,8.350747457905058,0.24223593410840827,13.006890209200346,19.6445286450322,0.6151322092937268,2500.0,13.75,0.55,cooling,0.105,753.0
hot_weather,100,cooling,472.0,113.54044853498789,113.0969000330099,660.3235760914353,1683.951520453001,67.91212177938938,56.079461031330155,8.350747457905058,0.12239161895858322,13.086705888540969,20.105178163698017,0.614754577896691,2500.0,13.75,0.55,cooling,0.106,752.0
hot_weather,100,cooling,473.0,113.60264184653893,114.134976466869,661.4920216367369,1682.4170441347387,67.34771370588484,55.78122794573087,8.350747457905058,0.19705625091936582,12.965166511578708,20.29123947603569,0.6143745923114421,2500.0,13.75,0.55,cooling,0.108,751.0
hot_weather,100,cooling,474.0,113.66521413335742,115.24191020187206,665.3733947837122,1684.5784346848327,67.12439956286322,54.83191536872753,8.350747457905058,0.25161185667942676,13.059206944998898,19.636339566918572,0.6139922912820528,2500.0,13.75,0.55,cooling,0.109,750.0
hot_weather,100,cooling,475.0,113.72815921156379,112.61550995788777,658.0860187058653,1679.1665052407716,67.94933045368664,55.65216696732368,8.350747457905058,0.19441539932084578,13.08374799158888,20.07796867753506,0.6136077125904814,2500.0,13.75,0.55,cooling,0.11,749.0
hot_weather,100,cooling,476.0,113.79147105102095,113.71128398525592,659.8911081724835,1683.7626192442165,67.8004095814617,54.78676937523242,8.350747457905058,0.15969236620135846,13.047698498605682,19.761733733115058,0.6132208930793581,2500.0,13.75,0.55,cooling,0.111,748.0
hot_weather,100,cooling,477.0,113.85514377169368,113.48638062692562,654.2858249333989,1689.6665863385235,67.25524038910183,54.53008281558797,8.350747457905058,0.25507476051371186,13.026105707765238,20.112255060156894,0.6128318686742278,2500.0,13.75,0.55,cooling,0.112,747.0
hot_weather,100,cooling,478.0,113.91917164009476,114.5806836916299,660.6481618241601,1674.1198125287983,66.98648934967434,55.39551576471751,8.350747457905058,0.20982141655435588,12.970962394820093,20.09781696041229,0.6124406744052644,2500.0,13.75,0.55,cooling,0.113,746.0
hot_weather,100,cooling,479.0,113.98354906581577,113.83256622399314,663.2426342958292,1680.9864418209934,67.4057466151966,55.41795733218782,8.350747457905058,0.17274907208529014,12.996501739875233,19.863127531703796,0.6120473444284654,2500.0,13.75,0.55,cooling,0.115,745.0
hot_weather,100,cooling,480.0,114.04827059814058,113.52496017989891,661.709516197469,1676.7318696244843,67.04208616333042,54.78943083743513,8.350747457905058,0.17989742630741534,13.055699846380524,19.660945324056435,0.611651912046344,2500.0,13.75,0.55,cooling,0.116,744.0
hot_weather,100,cooling,481.0,114.11333092273956,114.30745182460467,664.6980089890397,1677.613557291771,67.17988368275111,54.51349800085563,8.350747457905058,0.22458729776947597,12.968581013863146,20.04575337918389,0.6112544097281252,2500.0,13.75,0.55,cooling,0.117,743.0
hot_weather,100,cooling,482.0,114.17872485844258,114.60099834000367,662.5197345648272,1680.7163806166016,67.88253904218732,54.98267342668198,8.350747457905058,0.19088475905613686,13.012773664599928,20.114539188505884,0.6108548691294637,2500.0,13.75,0.55,cooling,0.118,742.0
hot_weather,100,cooling,483.0,114.24444735408885,113.74390245408041,659.7679174556218,1684.1530945836316,67.8142621468456,55.15974367682709,8.350747457905058,0.15721327002910954,12.99531010511894,19.77935228020053,0.6104533211116889,2500.0,13.75,0.55,cooling,0.119,741.0
hot_weather,100,cooling,484.0,114.31049348545196,114.17505984762039,657.3763426780683,1688.6373439844392,67.7295573869459,54.64238174592338,8.350747457905058,0.1968309358237675,13.023434857007476,19.942757420018413,0.6100497957605931,2500.0,13.75,0.55,cooling,0.121,740.0
hot_weather,100,cooling,485.0,114.37685845223812,115.02316883182674,661.0299836094293,1687.2999110995777,69.03860345438014,54.866485250846075,8.350747457905058,0.22387166568351957,12.985345919518744,20.361621092055397,0.6096443224047714,2500.0,13.75,0.55,cooling,0.122,739.0
hot_weather,100,cooling,486.0,114.44353757515603,114.21635538094212,657.9741273853933,1680.5782879910469,67.14652429012325,55.10456970253423,8.350747457905058,0.10593300432642629,13.02914695497564,20.063706290399445,0.6092369296335238,2500.0,13.75,0.55,cooling,0.123,738.0
hot_weather,100,cooling,487.0,114.51052629305646,114.7257750436775,660.999340241291,1686.4360357701253,67.7303302620187,54.80476771340779,8.350747457905058,0.12433234449135461,13.062926658355254,20.056630878369408,0.6088276453143315,2500.0,13.75,0.55,cooling,0.124,737.0
hot_weather,100,cooling,488.0,114.57782016014018,114.32346634857177,662.414601917425,1681.2985380873815,67.05711324448836,54.58649205414614,8.350747457905058,0.2723125115644233,13.087600096466737,19.76664759767073,0.6084164966099168,2500.0,13.75,0.55,cooling,0.125,736.0
hot_weather,100,cooling,489.0,114.6454148432323,114.41063161582964,656.2953925374998,1682.7016555292191,68.53882958280455,54.112894191189504,8.350747457905058,0.14297388763467772,12.940519999281127,20.023596224972636,0.6080035099948948,2500.0,13.75,0.55,cooling,0.127,735.0
hot_weather,100,cooling,490.0,114.71330611912174,114.43877642313926,662.3033651608409,1682.7269833113778,67.80620873719135,55.259941601282556,8.350747457905058,0.16306060917153445,13.0281096545645,20.041819169411212,0.6075887112720293,2500.0,13.75,0.55,cooling,0.128,734.0
hot_weather,100,cooling,491.0,114.78148987196396,114.61232844041825,656.7295645560695,1681.1179514861017,68.47495028451048,54.337423065399875,8.350747457905058,0.2139520195265131,13.008346775068835,19.861317266168342,0.6071721255881015,2500.0,13.75,0.55,cooling,0.129,733.0
hot_weather,100,cooling,492.0,114.84996209074573,115.19641238330259,662.8260968242014,1686.8204551138404,67.2842186038987,55.063189939412894,8.350747457905058,0.17138551111052505,13.087555545321521,19.89970841303995,0.6067537774493995,2500.0,13.75,0.55,cooling,0.13,732.0
hot_weather,100,cooling,493.0,114.91871886681032,115.10738738395814,658.9991408658103,1682.0636049690318,67.88498240177294,55.0607167788321,8.350747457905058,0.250817508404896,12.950286672650472,20.001613602627394,0.606333690736839,2500.0,13.75,0.55,cooling,0.131,731.0
hot_weather,100,cooling,494.0,114.98775639144166,114.18706226535356,656.9725760668097,1683.0118809953435,68.41716114178851,55.070394080752024,8.350747457905058,0.15479393409974848,13.069887058348721,20.078468045350142,0.6059118887207225,2500.0,13.75,0.55,cooling,0.133,730.0
hot_weather,100,cooling,495.0,115.05707095350613,114.8291257960642,665.3589427290117,1682.0084323566941,66.98200728970949,55.54995794628173,8.350747457905058,0.225510848863268,12.99806733420684,20.067813465610993,0.6054883940751492,2500.0,13.75,0.55,cooling,0.134,729.0
hot_weather,100,cooling,496.0,115.12665893715058,115.65658572100267,657.9315144143492,1685.279946100831,67.24724921633704,54.961357621118886,8.350747457905058,0.19145672841191433,12.95219281681546,20.08064081953862,0.6050632288920775,2500.0,13.75,0.55,cooling,0.135,728.0
hot_weather,100,cooling,497.0,115.19651681955524,115.52495131763379,665.0339720505775,1687.1011385262116,67.81805215893047,54.37656436733148,8.350747457905058,0.12855554037953792,12.931183632384027,19.911685880377963,0.6046364146950556,2500.0,13.75,0.55,cooling,0.136,727.0
hot_weather,100,cooling,498.0,115.26664116874022,115.73639616998561,670.6762863579175,1680.4090998146924,67.20788356496983,55.42123241505059,8.350747457905058,0.1896711406015739,13.002520785384283,19.923150509140605,0.6042079724526228,2500.0,13.75,0.55,cooling,0.137,726.0
hot_weather,100,cooling,499.0,115.3370286414243,115.0646682710889,664.2777971801313,1681.2066823231085,67.99472909752423,54.590006455715155,8.350747457905058,0.21487768765138884,13.033730638290894,19.777425912836797,0.6037779225913912,2500.0,13.75,0.55,cooling,0.138,725.0
hot_weather,100,cooling,500.0,115.40767598093481,115.64407733549183,660.6436297742932,1675.3676097911311,68.04792509689268,55.013447301298996,8.350747457905058,0.26017664319803563,13.017216144455274,19.886206633950138,0.6033462850088168,2500.0,13.75,0.55,cooling,0.14,724.0
hot_weather,100,cooling,501.0,115.47858001516735,115.16698155323219,663.6449968138896,1674.2402265019916,67.9646236937665,55.07977762891668,8.350747457905058,0.24569229418195862,13.05450687666635,19.927388871925285,0.6029130790856646,2500.0,13.75,0.55,cooling,0.141,723.0
hot_weather,100,cooling,502.0,115.54973765459415,115.15022712076274,658.2004433231175,1688.2579473794422,68.36081733976712,54.468005157151325,8.350747457905058,0.18946488121838143,13.075915287727375,20.079465539334468,0.6024783236981766,2500.0,13.75,0.55,cooling,0.142,722.0
hot_weather,100,cooling,503.0,115.62114589032001,114.8964296594652,662.6405233971118,1688.6472717775923,66.89960782534726,55.525470364691316,8.350747457905058,0.2556078312920608,12.966384194319994,20.24954394805534,0.6020420372299506,2500.0,13.75,0.55,cooling,0.143,721.0
hot_weather,100,cooling,504.0,115.69280179218448,114.73657796056825,667.1201049208388,1690.7875772162133,67.99431080814496,54.94482497991899,8.350747457905058,0.34259750057271154,12.939639299035257,19.98084531792167,0.6016042375835341,2500.0,13.75,0.55,cooling,0.144,720.0
hot_weather,100,cooling,505.0,115.76470250690949,116.91324593593086,661.953494774348,1676.5922199183865,66.99845687508783,56.27437363992937,8.350747457905058,0.2249958178910049,13.040138846403538,19.98364076061953,0.601164942191743,2500.0,13.75,0.55,cooling,0.146,719.0
hot_weather,100,cooling,506.0,115.83684525629099,116.13650183733547,660.8689712868932,1690.3779561319518,67.14947591775537,54.57190868941065,8.350747457905058,0.24953385008827533,13.038901857191725,19.98475380856791,0.6007241680287094,2500.0,13.75,0.55,cooling,0.147,718.0
hot_weather,100,cooling,507.0,115.90922733543385,114.97947275269112,666.1745987813576,1679.325870633377,67.66270706458839,53.82246938099536,8.350747457905058,0.2160412620293107,13.061062113065649,19.713708563697672,0.6002819316206662,2500.0,13.75,0.55,cooling,0.148,717.0
hot_weather,100,cooling,508.0,115.98184611102887,116.2976752118583,663.6019900021207,1684.91464092985,67.51657917691105,54.313280197767035,8.350747457905058,0.22221214322495494,13.0270852390315,19.98603355057904,0.5998382490564746,2500.0,13.75,0.55,cooling,0.149,716.0
hot_weather,100,cooling,509.0,116.05469901967084,115.37356252129437,663.7786344428016,1677.585615253785,67.18206711942886,55.034595050016826,8.350747457905058,0.20409546993108998,13.056671718785728,20.16965303327165,0.5993931359978995,2500.0,13.75,0.55,cooling,0.15,715.0
hot_weather,100,cooling,510.0,116.12778356621672,116.17062149589576,665.7703194046843,1680.810983138997,68.14080392344685,54.76402949867232,8.350747457905058,0.16397926992459566,13.03679328736515,19.923286318852373,0.5989466076896407,2500.0,13.75,0.55,cooling,0.152,714.0
hot_weather,100,cooling,511.0,116.20109732218316,115.8267967703789,665.9429836544624,1678.7314895966229,67.57436745316505,54.46777074319032,8.350747457905058,0.16848639997969383,13.023921836783934,20.041585976342738,0.5984986789691247,2500.0,13.75,0.55,cooling,0.153,713.0
hot_weather,100,cooling,512.0,116.27463792418206,116.36265353212615,668.4165281628962,1685.049654898627,67.58261054543362,54.51179656541483,8.350747457905058,0.17233558107518288,12.981948845275554,19.88316344299697,0.598049364276062,2500.0,13.75,0.55,cooling,0.154,712.0
hot_weather,100,cooling,513.0,116.3484030723936,116.72369049600564,664.6472703399086,1677.8068161334163,68.24163405386646,54.74025487789819,8.350747457905058,0.115498418637851,13.046344488539635,20.004748052622134,0.5975986776617765,2500.0,13.75,0.55,cooling,0.155,711.0
hot_weather,100,cooling,514.0,116.42239052907563,117.06417054043153,664.9088806694127,1672.1467342480023,67.06453648129498,54.99431220864167,8.350747457905058,0.14734830259397644,13.045298926846185,20.127175682999688,0.5971466327983135,2500.0,13.75,0.55,cooling,0.156,710.0
hot_weather,100,cooling,515.0,116.49659811710875,115.77637240026039,668.1502166438611,1686.6955129082928,68.59274956770531,54.73355523209567,8.350747457905058,0.1438702046179927,13.030486649628449,20.22222130835517,0.5966932429873282,2500.0,13.75,0.55,cooling,0.157,709.0
hot_weather,100,cooling,516.0,116.571023718576,116.7077696890591,665.0740277249217,1678.0395799430748,68.18834143842875,55.17081651087375,8.350747457905058,0.15171450628916522,13.015561768062542,19.7105631364013,0.5962385211687636,2500.0,13.75,0.55,cooling,0.159,708.0
hot_weather,100,cooling,517.0,116.64566527337655,117.02401545645587,663.6241577548221,1676.9812887543417,67.955587118953,55.387392284665125,8.350747457905058,0.21413107952799051,13.095082561226254,20.36529680847527,0.595782479929321,2500.0,13.75,0.55,cooling,0.16,707.0
hot_weather,100,cooling,518.0,116.72052077787245,117.5751632507403,668.2063909219961,1680.9696209048736,67.38745041225151,55.7154901794382,8.350747457905058,0.19648704306767106,12.98976494532044,20.045029037572156,0.5953251315107271,2500.0,13.75,0.55,cooling,0.161,706.0
hot_weather,100,cooling,519.0,116.79558828356767,117.01504134677553,662.3821631515173,1676.9426593640267,67.24029880530651,54.16074732787185,8.350747457905058,0.16682244331359034,13.063390710089411,20.368471512017393,0.5948664878178058,2500.0,13.75,0.55,cooling,0.162,705.0
hot_weather,100,cooling,520.0,116.87086589581874,117.21499634099736,664.595299006065,1677.5315231194331,67.2447261354244,54.87460457854527,8.350747457905058,0.2360432420504984,12.980812782005422,19.829061600492732,0.5944065604263548,2500.0,13.75,0.55,cooling,0.163,704.0
hot_weather,100,cooling,521.0,116.94635177257615,117.62187004620253,664.4722605634918,1679.3607701255141,66.70289489843059,54.34969032200416,8.350747457905058,0.20381076846415308,12.986589883509934,20.196077727920432,0.5939453605908362,2500.0,13.75,0.55,cooling,0.165,703.0
hot_weather,100,cooling,522.0,117.02204412315581,116.68315609745575,668.1100540517256,1681.2712326390142,67.35760770908908,54.6858638355059,8.350747457905058,0.12280283817910809,13.070245548751767,20.3923548147289,0.593482899251882,2500.0,13.75,0.55,cooling,0.166,702.0
hot_weather,100,cooling,523.0,117.09794120703985,116.89178422199966,667.2742406382903,1684.5417097662719,68.10518290158389,53.82393154810963,8.350747457905058,0.16295417513933586,12.967282807346592,19.96283077168108,0.5930191870436216,2500.0,13.75,0.55,cooling,0.167,701.0
hot_weather,100,cooling,524.0,117.1740413327061,116.8552840896834,662.6066319630124,1693.4461964643624,67.08212975400293,54.796772848425476,8.350747457905058,0.05581347809671891,13.050096032558242,19.94261547777053,0.5925542343008322,2500.0,13.75,0.55,cooling,0.168,700.0
hot_weather,100,cooling,525.0,117.25034285648545,116.90653345701294,665.5421981253662,1681.5139780350632,67.58201518772287,55.414068090419995,8.350747457905058,0.1717542411534955,13.007433131298988,20.211815697635494,0.5920880510659213,2500.0,13.75,0.55,cooling,0.169,699.0
hot_weather,100,cooling,526.0,117.32684418144663,116.78794205607764,666.4895166639877,1680.5423803399483,66.89986760804453,54.53252998210284,8.350747457905058,0.202711243071295,13.000964331511824,19.581567247241992,0.5916206470957398,2500.0,13.75,0.55,cooling,0.171,698.0
hot_weather,100,cooling,527.0,117.40354375630757,117.64039341540128,663.0953613545203,1683.7544647175328,68.46914947400512,54.1761161807694,8.350747457905058,0.19197128288795068,13.034567573563024,20.19292811458973,0.5911520318682332,2500.0,13.75,0.55,cooling,0.172,697.0
hot_weather,100,cooling,528.0,117.48044007437277,116.94700950240828,666.2435870985386,1680.9469137922163,68.04317394001565,54.7265340663831,8.350747457905058,0.17389594842570763,12.96027712091202,19.630238648585394,0.5906822145889342,2500.0,13.75,0.55,cooling,0.173,696.0
hot_weather,100,cooling,529.0,117.55753167249607,118.00626393681284,666.3987344309337,1683.4788996238494,67.90802106199762,54.44371833360038,8.350747457905058,0.14048413326800402,12.986092948495529,19.687848026300273,0.5902112041973004,2500.0,13.75,0.55,cooling,0.174,695.0
hot_weather,100,cooling,530.0,117.63481713006826,117.68729738207352,668.4546962020453,1685.6589764113946,67.97729933743405,54.36057041309312,8.350747457905058,0.22901592069825513,12.99173314784086,20.03269217687717,0.5897390093728988,2500.0,13.75,0.55,cooling,0.175,694.0
hot_weather,100,cooling,531.0,117.71229506802882,118.04160162691319,669.4317442933369,1682.8392867109667,68.16925341402822,54.91177917640333,8.350747457905058,0.1496825944432791,13.07390002995968,20.008245163407402,0.5892656385414442,2500.0,13.75,0.55,cooling,0.176,693.0
hot_weather,100,cooling,532.0,117.78996414790137,118.32560835407163,662.95791540199,1675.8653785405309,68.16300227915617,54.938333921325764,8.350747457905058,0.17821903067933162,13.058137579599133,19.825726888648397,0.5887910998806929,2500.0,13.75,0.55,cooling,0.178,692.0
hot_weather,100,cooling,533.0,117.86782307085208,117.60315011485433,668.0062205377945,1690.3131667811995,68.03266920231115,55.08960857651561,8.350747457905058,0.19942353390084364,13.026047247406325,20.03721262002415,0.5883154013261948,2500.0,13.75,0.55,cooling,0.179,691.0
hot_weather,100,cooling,534.0,117.94587057677072,118.31515474965865,665.4194476944182,1685.3519635863252,67.45329512319661,55.05689988575339,8.350747457905058,0.20907200531470277,12.96191553346132,20.13514970649385,0.5878385505769084,2500.0,13.75,0.55,cooling,0.18,690.0
hot_weather,100,cooling,535.0,118.02410544337356,117.74213062730513,663.9792870522145,1682.0207940401374,68.14826965401652,54.47770462582073,8.350747457905058,0.21745756129116312,12.943036098576313,19.835726632406615,0.5873605551006817,2500.0,13.75,0.55,cooling,0.181,689.0
hot_weather,100,cooling,536.0,118.10252648532786,118.92921968981511,665.8869833405276,1682.8837271688442,67.10960544273762,55.022697937686935,8.350747457905058,0.22938200727763622,13.04328815871201,19.90593109576441,0.5868814221396014,2500.0,13.75,0.55,cooling,0.182,688.0
hot_weather,100,cooling,537.0,118.18113255339722,117.12245123372276,664.5540197254498,1690.9940088376236,67.08873188042529,54.317667401541414,8.350747457905058,0.18677808753277303,13.02333518404159,20.073683924790764,0.5864011587152146,2500.0,13.75,0.55,cooling,0.184,687.0
hot_weather,100,cooling,538.0,118.25992253360737,118.73825243793968,661.088442760019,1675.5802136034504,68.21103924967768,54.39421640993937,8.350747457905058,0.1270668187585169,12.9349847253304,20.016304134646806,0.5859197716336256,2500.0,13.75,0.55,cooling,0.185,686.0
hot_weather,100,cooling,539.0,118.33889534643198,118.37844934069714,668.8411208053453,1694.6896642824586,67.6388333585165,54.727356199082365,8.350747457905058,0.2105490075385945,13.020068975143827,19.873469740653206,0.5854372674904705,2500.0,13.75,0.55,cooling,0.186,685.0
hot_weather,100,cooling,540.0,118.41804994599795,117.98332021453622,669.570366918042,1672.8277631355509,67.6231460751267,55.26881150161141,8.350747457905058,0.18546660299939566,12.991040723788595,19.731109664045704,0.5849536526757724,2500.0,13.75,0.55,cooling,0.187,684.0
hot_weather,100,cooling,541.0,118.49738531930967,118.33958669616406,666.1354058303369,1679.3267026492506,68.38601004346305,55.08954197960185,8.350747457905058,0.1859154567472157,13.06718325849885,20.12685137796687,0.5844689333786811,2500.0,13.75,0.55,cooling,0.188,683.0
hot_weather,100,cooling,542.0,118.57690048549192,118.28597128025355,668.8215654377062,1680.425615366221,67.6737622105993,54.27331770965102,8.350747457905058,0.19919212524908203,13.004712426743623,20.012268062101136,0.583983115592099,2500.0,13.75,0.55,cooling,0.19,682.0
hot_weather,100,cooling,543.0,118.65659449505084,118.86359964523012,669.2264475677501,1701.9721291885098,68.34866676061013,54.480632467328505,8.350747457905058,0.1779935939953059,13.107096070813892,19.79581327784517,0.5834962051171965,2500.0,13.75,0.55,cooling,0.191,681.0
hot_weather,100,cooling,544.0,118.73646642915264,118.40595323228918,673.2564205206405,1682.7926647379895,67.28517803409277,54.9767997008503,8.350747457905058,0.07219130918668892,13.009157458461162,20.456218742849945,0.5830082075678179,2500.0,13.75,0.55,cooling,0.192,680.0
hot_weather,100,cooling,545.0,118.8165153989196,119.44928211445898,666.4376374237435,1681.70638588573,68.85935337171233,54.47580775064708,8.350747457905058,0.2720415252728067,12.950346361259482,20.271171267410047,0.5825191283747843,2500.0,13.75,0.55,cooling,0.193,679.0
hot_weather,100,cooling,546.0,118.89674054474287,119.87060276818829,663.2440304901944,1685.4371884867905,67.48019597211484,54.32306597860413,8.350747457905058,0.1431102048486449,12.922261986284692,19.84446172131554,0.5820289727900906,2500.0,13.75,0.55,cooling,0.194,678.0
hot_weather,100,cooling,547.0,118.9771410356118,118.9859409995037,672.3537512906661,1685.9931763846532,67.39816189109284,54.86422559004547,8.350747457905058,0.20915971607445724,13.061584667688507,19.719416838104074,0.5815377458910042,2500.0,13.75,0.55,cooling,0.195,677.0
hot_weather,100,cooling,548.0,119.05771606845933,118.69274790688851,664.5275811936305,1687.3842634019622,67.82285231682388,54.947311003345995,8.350747457905058,0.22013138071911664,12.986170941485533,19.895816416455453,0.5810454525840639,2500.0,13.75,0.55,cooling,0.197,676.0
hot_weather,100,cooling,549.0,119.13846486752307,119.17152865819611,667.978317104989,1680.6494856474753,67.03639324471597,55.11835315281909,8.350747457905058,0.12496957263350683,12.96082888694079,20.2409072878045,0.5805520976089842,2500.0,13.75,0.55,cooling,0.198,675.0
hot_weather,100,cooling,550.0,119.21938668372167,118.59682244618426,668.9273470160314,1690.6422522894297,68.57159102166958,54.601162328031414,8.350747457905058,0.20563643276904725,13.12152672787792,20.068258901818744,0.5800576855424648,2500.0,13.75,0.55,cooling,0.199,674.0
hot_weather,100,cooling,551.0,119.30048079404621,119.47533621438262,670.3247083062614,1677.9228782333341,67.00983063528699,53.926914567965774,8.350747457905058,0.19062420079640843,13.098869738220221,20.16051193356141,0.5795622208019094,2500.0,13.75,0.55,cooling,0.2,673.0
hot_weather,100,cooling,552.0,119.3817465009661,118.92197592730827,668.6248135923785,1682.4996686233071,68.0082221031449,54.26018114548586,8.350747457905058,0.13623359505664617,13.039056483070084,20.008783943055388,0.5790657076490556,2500.0,13.75,0.55,cooling,0.201,672.0
hot_weather,100,cooling,553.0,119.46318313184935,119.6370920488007,666.4434979964838,1687.216615760458,67.37879297511142,55.31036034820917,8.350747457905058,0.22041716350276747,12.973762995495562,19.819848987016325,0.5785681501935167,2500.0,13.75,0.55,cooling,0.203,671.0
hot_weather,100,cooling,554.0,119.5447900383966,120.3288500311676,667.684191348244,1685.5780203952602,68.34203238284198,55.001101608581386,8.350747457905058,0.17603405681662454,13.030730093798496,20.048668118118844,0.5780695523962398,2500.0,13.75,0.55,cooling,0.204,670.0
hot_weather,100,cooling,555.0,119.6265665960889,118.96096452831935,669.5161094786897,1675.644588231609,67.10032619195512,55.476893787066075,8.350747457905058,0.1753242811210941,13.07544803722132,20.012692470848055,0.577569918072879,2500.0,13.75,0.55,cooling,0.205,669.0
hot_weather,100,cooling,556.0,119.70851220364865,119.50908925363838,667.2423604596771,1686.3038506689106,68.16226688279755,53.98859271587508,8.350747457905058,0.2119264914714815,13.016510886581756,20.167329055667416,0.5770692508970909,2500.0,13.75,0.55,cooling,0.206,668.0
hot_weather,100,cooling,557.0,119.79062628251347,120.09041053728168,671.252527868196,1690.097899622076,67.76503495245353,55.21195005445744,8.350747457905058,0.1846872755064663,13.058778165474575,20.395335405511318,0.5765675544037465,2500.0,13.75,0.55,cooling,0.207,667.0
hot_weather,100,cooling,558.0,119.87290827632278,120.78330402014743,664.8591485391826,1674.9278421704894,67.9381429882462,54.11209907312064,8.350747457905058,0.2550878803203739,12.999347268378855,20.252461441341406,0.5760648319920703,2500.0,13.75,0.55,cooling,0.209,666.0
hot_weather,100,cooling,559.0,119.95535765041663,119.89829148986394,664.4285397714482,1670.6009351664786,67.112682468516,54.14543526877247,8.350747457905058,0.19871195915703035,12.972193047065307,19.579760579003175,0.5755610869287002,2500.0,13.75,0.55,cooling,0.21,665.0
hot_weather,100,cooling,560.0,120.0379738913467,119.8214431970273,663.7156720169618,1684.901597376347,67.89346911707999,54.22377740592815,8.350747457905058,0.23050058143015661,13.056253896644218,19.935838770179668,0.5750563223506777,2500.0,13.75,0.55,cooling,0.211,664.0
hot_weather,100,cooling,561.0,120.1207565063989,120.76344312902802,663.6132906287264,1683.0175501987005,68.07976884028825,54.76662218947173,8.350747457905058,0.1968488212730467,13.081299487178084,19.89615232964781,0.5745505412683626,2500.0,13.75,0.55,cooling,0.212,663.0
hot_weather,100,cooling,562.0,120.20370502312761,119.50620446956113,669.2790181009193,1684.8101262545924,67.30941228318927,54.39616477201865,8.350747457905058,0.16625501699342804,13.01945509162266,19.98570852553716,0.5740437465682794,2500.0,13.75,0.55,cooling,0.213,662.0
hot_weather,100,cooling,563.0,120.28681898890095,119.78333733429615,664.7293115644599,1681.2740342935476,68.19037674959378,55.21004274156448,8.350747457905058,0.15168289844566737,13.053163948770523,19.918891585684094,0.5735359410158958,2500.0,13.75,0.55,cooling,0.214,661.0
hot_weather,100,cooling,564.0,120.37009797045714,120.42098413637001,671.9943164343705,1684.9868957577357,66.58161186625412,54.02588606753335,8.350747457905058,0.1293841580485891,13.051335641296188,19.925578485715494,0.5730271272583327,2500.0,13.75,0.55,cooling,0.216,660.0
hot_weather,100,cooling,565.0,120.45354155347148,120.65729043637026,667.2343138270547,1687.3135632709168,66.96368994075488,55.340909421541035,8.350747457905058,0.27002687746064113,12.983710758465326,20.184626650182175,0.5725173078270109,2500.0,13.75,0.55,cooling,0.217,659.0
hot_weather,100,cooling,566.0,120.53714934213374,120.4449740366192,675.8972717476979,1684.1127123453623,68.23115595143868,53.88450419068217,8.350747457905058,0.2242022581342465,12.980669652031123,19.99211150698162,0.5720064851402316,2500.0,13.75,0.55,cooling,0.218,658.0
hot_weather,100,cooling,567.0,120.62092095873578,121.21893184560605,670.8366276452197,1678.8499581410517,67.58591706381672,54.659802223000824,8.350747457905058,0.1574040409211505,13.05873170732706,19.908653434477117,0.5714946615056973,2500.0,13.75,0.55,cooling,0.219,657.0
hot_weather,100,cooling,568.0,120.704856043269,119.80071868314836,669.3659467695535,1692.7364845132995,68.32712727477933,55.19832181670393,8.350747457905058,0.23371928498456898,13.009639260637288,19.803633140279565,0.5709818391229705,2500.0,13.75,0.55,cooling,0.22,656.0
hot_weather,100,cooling,569.0,120.78895425303165,120.75686692424277,664.6003542919251,1681.45676089212,68.6789234020525,54.10771910509503,8.350747457905058,0.2163802391402165,12.952246237844664,19.874578268734144,0.5704680200858732,2500.0,13.75,0.55,cooling,0.222,655.0
hot_weather,100,cooling,570.0,120.87321526224542,121.29656068588666,669.2345366877627,1682.4851060186265,68.01488031790669,54.567323470375236,8.350747457905058,0.1860679965181095,13.108106210035292,19.639666777651467,0.5699532063848293,2500.0,13.75,0.55,cooling,0.223,654.0
hot_weather,100,cooling,571.0,120.9576387616815,119.570467298864,668.8188443371126,1683.134762409011,68.21006366378738,54.86929690854597,8.350747457905058,0.15108292909936583,12.990761922340226,19.644865286562823,0.5694373999091498,2500.0,13.75,0.55,cooling,0.224,653.0
hot_weather,100,cooling,572.0,121.04222445829542,121.89691433934154,667.694391084391,1680.2073187433782,68.45518370523035,53.84332824054242,8.350747457905058,0.11929702741676117,12.998192721076919,20.06700786085096,0.5689206024492628,2500.0,13.75,0.55,cooling,0.225,652.0
hot_weather,100,cooling,573.0,121.1269720748709,120.81420773261134,668.8126337452703,1687.3877846593755,67.57491560691992,54.45335724675305,8.350747457905058,0.11703550734621153,12.998889384219485,20.07263420411109,0.5684028156988907,2500.0,13.75,0.55,cooling,0.226,651.0
hot_weather,100,cooling,574.0,121.21188134967221,121.33328882856144,674.3761849105192,1678.9092803211208,67.41520897578951,54.604455746616146,8.350747457905058,0.17750482494391365,13.05271187035166,19.865907948337192,0.5678840412571735,2500.0,13.75,0.55,cooling,0.228,650.0
hot_weather,100,cooling,575.0,121.2969520361049,121.4513450189686,666.1155841496627,1680.5633163749314,67.8192169882405,54.01333272503541,8.350747457905058,0.22977306654540652,13.018213746872128,20.024573576088038,0.5673642806307414,2500.0,13.75,0.55,cooling,0.229,649.0
hot_weather,100,cooling,576.0,121.38218390238482,121.67748178459622,673.1929698483344,1688.6949283050517,67.21335766406122,54.715952268444816,8.350747457905058,0.2255186213858554,13.02358833141556,20.039180365422233,0.5668435352357376,2500.0,13.75,0.55,cooling,0.23,648.0
hot_weather,100,cooling,577.0,121.46757673121508,121.57757781612406,676.7168661692657,1690.3101706946059,67.20518541871208,53.448538316431716,8.350747457905058,0.2120326534752353,13.038444418139168,20.078590273853866,0.566321806399792,2500.0,13.75,0.55,cooling,0.231,647.0
hot_weather,100,cooling,578.0,121.55313031947081,120.98256579899373,670.8475594278916,1688.8990620490197,67.50285341373298,54.51636423384803,8.350747457905058,0.2032908094967172,12.98716620658475,20.234352443402397,0.5657990953639466,2500.0,13.75,0.55,cooling,0.232,646.0
hot_weather,100,cooling,579.0,121.63884447789162,121.95159555060515,672.3936004284224,1679.6281283164474,67.10117202710377,55.35751479961659,8.350747457905058,0.12476139456096777,13.02947304888722,20.24525887033978,0.565275403284535,2500.0,13.75,0.55,cooling,0.234,645.0
hot_weather,100,cooling,580.0,121.72471903078143,121.19821908557572,672.9852738513243,1674.056217214559,68.38925607061933,54.84051248533414,8.350747457905058,0.16661684355575232,12.997567378262833,19.97613543224694,0.5647507312350164,2500.0,13.75,0.55,cooling,0.235,644.0
hot_weather,100,cooling,581.0,121.81075381571561,121.55905535688656,666.3161951655279,1679.5380366443503,67.26916743740321,54.541554776787684,8.350747457905058,0.17103999838561612,12.99837480634561,20.106383541116998,0.5642250802077649,2500.0,13.75,0.55,cooling,0.236,643.0
hot_weather,100,cooling,582.0,121.89694868325523,121.21102062856521,677.8412128674958,1682.0180186918149,66.72946539909039,54.52237160203997,8.350747457905058,0.27519460547632746,12.997564000074446,19.870223209711185,0.5636984511158147,2500.0,13.75,0.55,cooling,0.237,642.0
hot_weather,100,cooling,583.0,121.98330349666819,122.10695480522074,670.1060844834326,1686.9226624802823,67.2376689428603,53.98841787296028,8.350747457905058,0.2503696808033969,13.091750226771154,19.97553456120181,0.5631708447945648,2500.0,13.75,0.55,cooling,0.238,641.0
hot_weather,100,cooling,584.0,122.06981813165716,122.07647201265286,669.1688063459178,1682.5465277584171,66.7336667176513,54.6525224872017,8.350747457905058,0.20990146628319103,12.966761391167253,20.2003253378914,0.562642262003441,2500.0,13.75,0.55,cooling,0.239,640.0
hot_weather,100,cooling,585.0,122.15649247609414,123.20175590110837,668.6976625662224,1676.287691927691,67.80920032592572,54.68496975999249,8.350747457905058,0.21623855330266678,12.988299517119529,20.184777253505914,0.5621127034275171,2500.0,13.75,0.55,cooling,0.241,639.0
hot_weather,100,cooling,586.0,122.2433264297614,121.53028657636362,669.1222142940167,1679.203444661702,66.8337631705574,53.889140229104754,8.350747457905058,0.13965956942775248,13.016851229605436,20.219598130910065,0.5615821696790986,2500.0,13.75,0.55,cooling,0.242,638.0
hot_weather,100,cooling,587.0,122.33031990409876,123.20548944062743,672.7194006605872,1681.3842147301655,67.35156071957967,54.49782342826286,8.350747457905058,0.1575438314904814,13.101874668316855,19.915425385162226,0.5610506612992658,2500.0,13.75,0.55,cooling,0.243,637.0
hot_weather,100,cooling,588.0,122.41747282195702,121.91307931231549,673.8814198082878,1689.3068497676807,66.77303947509728,54.51281161772018,8.350747457905058,0.1828678628721762,12.960080480328427,20.165774104694215,0.5605181787593814,2500.0,13.75,0.55,cooling,0.244,636.0
hot_weather,100,cooling,589.0,122.5047851173574,122.57574838389472,674.0638099148076,1684.2933801290856,68.63838657404229,54.46533562300113,8.350747457905058,0.22164243559380237,12.934103832962874,20.00189666326881,0.5599847224625589,2500.0,13.75,0.55,cooling,0.245,635.0
hot_weather,100,cooling,590.0,122.5922567352568,121.86825701058946,676.2910756153792,1677.8951231619033,67.28665611032162,55.536657809932656,8.350747457905058,0.1409821278279399,13.004109009765296,20.196683588380665,0.559450292745098,2500.0,13.75,0.55,cooling,0.247,634.0
hot_weather,100,cooling,591.0,122.67988763131878,122.56986303750257,668.0576631469758,1678.239756732721,67.80770535624579,54.67939849151439,8.350747457905058,0.1631402940974345,12.90582888640592,19.891193303402982,0.5589148898778834,2500.0,13.75,0.55,cooling,0.248,633.0
hot_weather,100,cooling,592.0,122.76767777169017,122.42468554900567,671.4605202958046,1682.5983051113305,67.50401685102776,54.67322048341408,8.350747457905058,0.1483287135410917,13.000416460282826,19.91374411399917,0.5583785140677493,2500.0,13.75,0.55,cooling,0.249,632.0
hot_weather,100,cooling,593.0,122.85562713278313,122.62360949583571,673.6323437812714,1682.6065269632106,67.57103450504846,54.373079746520474,8.350747457905058,0.23081588073824938,13.087409415594177,19.945347457912472,0.5578411654588116,2500.0,13.75,0.55,cooling,0.25,631.0
hot_weather,100,cooling,594.0,122.94373570106244,123.12982829380759,674.2071355927727,1682.1860005473388,67.89532072651193,54.294035079201926,8.350747457905058,0.19173533195449308,13.103759499327825,20.18834847839902,0.5573028441337671,2500.0,13.75,0.55,cooling,0.251,630.0
hot_weather,100,cooling,595.0,123.03200347283811,123.3466769772429,672.6802923057894,1684.971100841246,67.35034633233933,54.86494927421001,8.350747457905058,0.2098897756171014,13.06480771977756,19.99408757514937,0.5567635501151607,2500.0,13.75,0.55,cooling,0.253,629.0
hot_weather,100,cooling,596.0,123.120430454063,123.22224874235513,672.9060357595257,1683.7433464484006,67.6739613398537,54.196152423638786,8.350747457905058,0.19357172842273687,12.987682644798747,20.37304388534624,0.5562232833666219,2500.0,13.75,0.55,cooling,0.254,628.0
hot_weather,100,cooling,597.0,123.20901666013535,123.69309300132153,668.3080162633293,1678.4059680716962,68.36304476587571,55.05293524903499,8.350747457905058,0.1146122528629408,13.05459794552059,19.642296225551913,0.5556820437940713,2500.0,13.75,0.55,cooling,0.255,627.0
hot_weather,100,cooling,598.0,123.29776211570625,122.2963020137342,671.3594567165769,1687.7247621998265,67.83245744193609,54.86345502110202,8.350747457905058,0.1260737341945844,12.98968522626886,19.921108313221907,0.555139831246897,2500.0,13.75,0.55,cooling,0.256,626.0
hot_weather,100,cooling,599.0,123.38666685449178,122.1666047892289,672.6710161659532,1690.565894792267,67.33374329742746,54.69155700573397,8.350747457905058,0.17744375780082605,13.020335177201122,20.37251458601887,0.5545966455191021,2500.0,13.75,0.55,cooling,0.257,625.0
hot_weather,100,cooling,600.0,123.47573091908973,122.55017716525214,667.7249714921062,1679.4163477289546,67.043334759489,54.623234223099786,8.350747457905058,0.2579872946780225,12.991288261283508,19.717335337551294,0.5540524863504248,2500.0,13.75,0.55,cooling,0.258,624.0
hot_weather,100,cooling,601.0,123.56495436080084,124.06609926705234,675.5607682503961,1685.2041503511582,67.44936970675093,53.62590850665849,8.350747457905058,0.09907044033139654,12.979260991870353,19.812353695626253,0.5535073534274303,2500.0,13.75,0.55,cooling,0.26,623.0
hot_weather,100,cooling,602.0,123.65433723945449,123.55410058843545,677.2138632470788,1678.187044999381,67.93755874399112,54.29482989611752,8.350747457905058,0.27997486445870146,12.963541219377442,19.816942664755693,0.5529612463845761,2500.0,13.75,0.55,cooling,0.261,622.0
hot_weather,100,cooling,603.0,123.74387962323858,123.73720193979415,674.6794060041716,1688.2069745833855,67.89095688335807,54.41552515931759,8.350747457905058,0.12455258558336862,12.935759480126116,19.96008448050338,0.5524141648052514,2500.0,13.75,0.55,cooling,0.262,621.0
hot_weather,100,cooling,604.0,123.83358158853369,123.8459992216474,674.1619823738731,1687.5169045863652,68.0563192577833,53.82018912072161,8.350747457905058,0.19191950660672816,12.96325084697868,20.113932319273275,0.5518661082227896,2500.0,13.75,0.55,cooling,0.263,620.0
hot_weather,100,cooling,605.0,123.92344321975126,124.68142175535984,672.1344959642703,1692.4612562254692,68.11294923333645,54.290806256134836,8.350747457905058,0.11572203522237079,12.953211058005579,19.880977374670206,0.5513170761214581,2500.0,13.75,0.55,cooling,0.264,619.0
hot_weather,100,cooling,606.0,124.01346460917583,123.85192086458113,671.9037389436576,1683.8784686699548,67.86310219281056,54.85671155103658,8.350747457905058,0.21252728600846324,12.991190106981366,19.913755093903124,0.5507670679374213,2500.0,13.75,0.55,cooling,0.266,618.0
hot_weather,100,cooling,607.0,124.10364585681111,124.35770664689996,677.0239831896885,1690.7635781479457,67.79587057020402,54.888865165635885,8.350747457905058,0.25569076164444204,12.980520615968425,19.926559746260015,0.5502160830596816,2500.0,13.75,0.55,cooling,0.267,617.0
hot_weather,100,cooling,608.0,124.19398707022994,124.83401999505983,670.4592282000297,1679.7807634548958,67.98355807500187,54.81400396411065,8.350747457905058,0.174275262528781,12.959799290724796,19.757826271848614,0.549664120830996,2500.0,13.75,0.55,cooling,0.268,616.0
hot_weather,100,cooling,609.0,124.28448836442783,123.98112208628126,673.7424964156521,1685.148586905085,68.17408162583129,54.56614162439654,8.350747457905058,0.2973146027445383,13.090217284555449,20.061754157587043,0.5491111805487704,2500.0,13.75,0.55,cooling,0.269,615.0
hot_weather,100,cooling,610.0,124.37514986168031,123.38153103945207,669.4544411644243,1689.5083620848607,67.97124785227255,53.75627700043508,8.350747457905058,0.1888652372581408,12.986061442019043,20.271705731633645,0.548557261465932,2500.0,13.75,0.55,cooling,0.27,614.0
hot_weather,100,cooling,611.0,124.46597169140368,124.09378553409606,677.7667758585601,1679.9935466761222,67.9369930230479,53.94531901072167,8.350747457905058,0.22226412436383436,12.982554819355252,19.75373309316701,0.5480023627917796,2500.0,13.75,0.55,cooling,0.272,613.0
hot_weather,100,cooling,612.0,124.55695399001928,124.39570840862086,675.6100347275591,1675.4875971833314,67.61660323234388,53.37029561807933,8.350747457905058,0.17778266699311213,12.99796108173708,19.850639061500193,0.547446483692813,2500.0,13.75,0.55,cooling,0.273,612.0
hot_weather,100,cooling,613.0,124.64809690082113,123.74069489935685,679.1777189547342,1681.0419565829252,67.61610577569738,53.845910111244706,8.350747457905058,0.20888855044570734,13.018120730978985,19.896992474848282,0.5468896232935414,2500.0,13.75,0.55,cooling,0.274,611.0
hot_weather,100,cooling,614.0,124.73940057384685,125.67021626247583,677.567967224251,1681.5176955583804,68.4069144001729,53.96015452498584,8.350747457905058,0.22151562884602077,12.976644563522786,20.098675295645386,0.5463317806772725,2500.0,13.75,0.55,cooling,0.275,610.0
hot_weather,100,cooling,615.0,124.83086516575185,125.21569428718767,671.0917329254088,1686.3575428174097,67.135257722463,54.88151026826035,8.350747457905058,0.21926790252728853,12.969375666038014,20.401209966631583,0.5457729548868809,2500.0,13.75,0.55,cooling,0.276,609.0
hot_weather,100,cooling,616.0,124.9224908396866,124.07501143954221,674.6758572768775,1683.8577751407693,67.94059740496068,54.492124304307666,8.350747457905058,0.216437837473217,12.968914718098727,20.345806366337467,0.5452131449255581,2500.0,13.75,0.55,cooling,0.277,608.0
hot_weather,100,cooling,617.0,125.01427776517704,124.48590032315884,675.0401197029636,1676.1876626068224,68.19930933558791,53.3206740104956,8.350747457905058,0.20483715857096196,12.979938563994748,20.37383373000937,0.5446523497575428,2500.0,13.75,0.55,cooling,0.279,607.0
hot_weather,100,cooling,618.0,125.10622611800788,125.02265346104635,674.8104201354553,1680.395167050398,67.79106093731676,53.5730461990077,8.350747457905058,0.10806967400385993,13.036289144752438,20.006322596645642,0.5440905683088346,2500.0,13.75,0.55,cooling,0.28,606.0
hot_weather,100,cooling,619.0,125.19833608010899,124.63369467573068,677.5968637941346,1684.0049591875566,67.4161959745054,54.8613656192344,8.350747457905058,0.12311699171711664,13.062077292935673,19.96485228407186,0.5435277994678874,2500.0,13.75,0.55,cooling,0.281,605.0
hot_weather,100,cooling,620.0,125.29060783944448,125.01022830837712,676.681487121666,1681.5404891295534,68.38385547450699,53.618738487790765,8.350747457905058,0.25866665050774895,12.945350104679116,19.92173596462237,0.5429640420862873,2500.0,13.75,0.55,cooling,0.282,604.0
hot_weather,100,cooling,621.0,125.38304158990469,125.66944132130118,675.2978052139096,1682.1555952790986,67.49331553392119,54.54264797314172,8.350747457905058,0.20782347280849575,12.990750584552435,19.869232641782492,0.5423992949794131,2500.0,13.75,0.55,cooling,0.283,603.0
hot_weather,100,cooling,622.0,125.47563753120087,124.97742439724098,677.5222896423096,1686.1806605403747,67.74346549131168,54.493516715584086,8.350747457905058,0.18296686893553885,12.994014130655092,20.1568101120057,0.5418335569270788,2500.0,13.75,0.55,cooling,0.285,602.0
hot_weather,100,cooling,623.0,125.5683958687625,126.14371750289375,677.5185890509176,1681.3299677972675,68.23659686231508,54.952773602431016,8.350747457905058,0.21721842415593795,13.010238797405371,20.251055007091967,0.5412668266741616,2500.0,13.75,0.55,cooling,0.286,601.0
hot_weather,100,cooling,624.0,125.66131681363717,125.7372514291813,672.7164566257411,1689.17788759853,66.99823645025437,54.073599536387576,8.350747457905058,0.19696540770574295,13.09549215523561,20.08532823045989,0.5406991029312136,2500.0,13.75,0.55,cooling,0.287,600.0
hot_weather,100,cooling,625.0,125.75440058239319,125.48313326660974,679.0453804540153,1680.8099750150964,67.95726155419297,53.858155226167995,8.350747457905058,0.16470894022697014,12.943099727454491,20.230881623611726,0.5401303843750566,2500.0,13.75,0.55,cooling,0.288,599.0
hot_weather,100,cooling,626.0,125.84764739702442,126.31702884356511,678.4782665514501,1682.3642032938453,68.2500665792684,54.366968266920814,8.350747457905058,0.21993432235841653,13.05467844493336,20.090075095132597,0.5395606696493634,2500.0,13.75,0.55,cooling,0.289,598.0
hot_weather,100,cooling,627.0,125.94105748485768,126.82997526838282,675.8616429795555,1676.831361639304,68.04589003268342,52.97993115094546,8.350747457905058,0.1673223545536483,12.98684861117116,19.73239142792768,0.5389899573652241,2500.0,13.75,0.55,cooling,0.291,597.0
hot_weather,100,cooling,628.0,126.0346310784625,125.35676865068268,677.7380159690732,1679.095122527683,68.01565494801159,53.91175666656768,8.350747457905058,0.18789803045526468,13.036254846351639,20.16874979092067,0.5384182461016971,2500.0,13.75,0.55,cooling,0.292,596.0
hot_weather,100,cooling,629.0,126.12836841556313,125.69294561577728,673.6983796407312,1690.8134957652678,68.20729275666402,53.85868500010051,8.350747457905058,0.20491240644858608,12.97148428707434,20.1150169801267,0.5378455344063464,2500.0,13.75,0.55,cooling,0.293,595.0
hot_weather,100,cooling,630.0,126.22226973895289,126.46692949524169,679.5608875405776,1684.9630817543973,66.77377398976314,54.410998143060695,8.350747457905058,0.16811908759572122,13.095969494345928,19.984668956935458,0.5372718207957659,2500.0,13.75,0.55,cooling,0.294,594.0
hot_weather,100,cooling,631.0,126.31633529641061,126.53354478362114,679.2380354883684,1689.606921677458,67.67647311061128,53.71281872148081,8.350747457905058,0.23416266567014518,13.109421483468896,19.90022496294973,0.5366971037560886,2500.0,13.75,0.55,cooling,0.295,593.0
hot_weather,100,cooling,632.0,126.41056534061933,126.39867374025192,678.0321379324927,1684.7030068044771,67.38555659105037,53.52122410565033,8.350747457905058,0.23772545856178717,13.011140281088977,19.991379837742535,0.5361213817434843,2500.0,13.75,0.55,cooling,0.296,592.0
hot_weather,100,cooling,633.0,126.50496012908698,126.55125393676845,678.6675223426698,1678.3256319176196,68.13995800814487,53.78911829615982,8.350747457905058,0.3058532748062399,13.065786276801424,19.818955398960412,0.5355446531846441,2500.0,13.75,0.55,cooling,0.298,591.0
hot_weather,100,cooling,634.0,126.59951992406927,126.9700599545247,677.5784376443578,1681.1529478074065,67.80959065481647,53.43242135059686,8.350747457905058,0.17677474285018885,13.028658245776803,20.00343817656503,0.534966916477251,2500.0,13.75,0.55,cooling,0.299,590.0
hot_weather,100,cooling,635.0,126.69424499249438,126.89099917210847,674.560344711182,1679.9986136482955,67.92748280220796,54.59411243798428,8.350747457905058,0.22017479933769385,12.95485335949581,19.957947397887068,0.5343881699904407,2500.0,13.75,0.55,cooling,0.3,589.0
hot_weather,100,cooling,636.0,126.7891356058898,126.02828304820979,682.7981765678525,1685.1425738010396,67.48103755337205,54.0111650715918,8.350747457905058,0.1938839472550761,13.03824243218381,19.859331887111583,0.5338084120652481,2500.0,13.75,0.55,cooling,0.301,588.0
hot_weather,100,cooling,637.0,126.88419204031096,126.85938264874578,676.5746650154604,1688.190494334373,67.39800891487533,54.434576401308334,8.350747457905058,0.19570531081239723,13.026629941159023,19.735454902318242,0.5332276410150434,2500.0,13.75,0.55,cooling,0.302,587.0
hot_weather,100,cooling,638.0,126.97941457627176,127.02529307178209,683.0142211504999,1674.2444944231163,66.99629656991237,54.67317271138265,8.350747457905058,0.24551290106307327,12.996607514798438,20.32984960188285,0.5326458551259567,2500.0,13.75,0.55,cooling,0.304,586.0
hot_weather,100,cooling,639.0,127.07480349867693,127.22427204346768,677.7946200527051,1690.7446358191696,67.46810097328908,55.01710157176337,8.350747457905058,0.22429831893067187,12.961074909255395,19.74809181441266,0.5320630526572919,2500.0,13.75,0.55,cooling,0.305,585.0
hot_weather,100,cooling,640.0,127.1703590967561,126.81036953366203,682.303888058827,1675.7889240823536,66.91032743940923,54.41273220768395,8.350747457905058,0.252399207405421,13.046738665613024,19.971416943410883,0.5314792318419277,2500.0,13.75,0.55,cooling,0.306,584.0
hot_weather,100,cooling,641.0,127.26608166399977,127.20687478350891,672.5306354134736,1680.7202236601347,68.05665166019581,52.919944103181486,8.350747457905058,0.2957777058466532,13.066999332021016,20.139328410523486,0.5308943908867106,2500.0,13.75,0.55,cooling,0.307,583.0
hot_weather,100,cooling,642.0,127.36197149809678,128.05187442682237,680.7542185018235,1686.5788019238637,67.21011468678758,54.47653190168851,8.350747457905058,0.1479587476175911,13.101217622723485,20.01878686623784,0.5303085279728365,2500.0,13.75,0.55,cooling,0.308,582.0
hot_weather,100,cooling,643.0,127.45802890087357,127.31748173427822,677.1130247100768,1683.5335711600271,67.38771714800136,54.645180259447145,8.350747457905058,0.16018951974411771,13.035515405989056,19.49468994846734,0.529721641256221,2500.0,13.75,0.55,cooling,0.31,581.0
hot_weather,100,cooling,644.0,127.55425417823503,127.83197428078965,677.3882137032058,1683.8923351578721,68.17639095088754,53.04892919001545,8.350747457905058,0.20062956030731918,13.019887072288181,20.101444318652426,0.5291337288678619,2500.0,13.75,0.55,cooling,0.311,580.0
hot_weather,100,cooling,645.0,127.65064764010688,128.20260123404648,679.3483794567763,1692.431257306487,67.55723845523588,52.73148542317755,8.350747457905058,0.2561346513011296,12.919774273133733,19.78679969146759,0.5285447889141903,2500.0,13.75,0.55,cooling,0.312,579.0
hot_weather,100,cooling,646.0,127.74720960037969,128.2054522579308,673.0853902750761,1679.479059293517,67.38162349193804,54.69729327470818,8.350747457905058,0.20712996326217212,13.13633781753433,20.077010203567873,0.5279548194774135,2500.0,13.75,0.55,cooling,0.313,578.0
hot_weather,100,cooling,647.0,127.8439403768543,128.3251219086624,681.8554564217463,1689.2320054603133,67.39177102277746,53.95070774810731,8.350747457905058,0.21599985940101438,12.944916108483163,19.952362404762383,0.5273638186158476,2500.0,13.75,0.55,cooling,0.314,577.0
hot_weather,100,cooling,648.0,127.94084029118879,127.79008688924158,683.6981240881494,1684.549984484749,68.00667168928057,53.389566728778085,8.350747457905058,0.2554960156979671,12.955585001956823,19.79831521064285,0.5267717843642425,2500.0,13.75,0.55,cooling,0.316,576.0
hot_weather,100,cooling,649.0,128.03790966884688,127.45938543915433,680.2142771753676,1684.8620180162225,67.05315280379564,54.3164622808984,8.350747457905058,0.1785692588120161,12.998533650237846,20.163107566715276,0.526178714734096,2500.0,13.75,0.55,cooling,0.317,575.0
hot_weather,100,cooling,650.0,128.13514883904767,128.51294187538198,682.6703867250719,1675.3346875673597,67.59117420243008,54.41782659121906,8.350747457905058,0.17693525723826412,13.073536151131973,19.883444066737688,0.5255846077139618,2500.0,13.75,0.55,cooling,0.318,574.0
hot_weather,100,cooling,651.0,128.23255813471687,128.50202734020925,674.5564894257058,1674.0813933799234,67.38873721099772,54.4432605691777,8.350747457905058,0.1381584956507167,13.011882916860495,20.181703515015418,0.5249894612697469,2500.0,13.75,0.55,cooling,0.319,573.0
hot_weather,100,cooling,652.0,128.33013789243927,128.4598824969784,674.2973462417098,1682.7131610247584,67.09266543353137,54.7859720892257,8.350747457905058,0.17332000974878461,12.990097146606894,19.73266424478637,0.5243932733450025,2500.0,13.75,0.55,cooling,0.32,572.0
hot_weather,100,cooling,653.0,128.4278884524126,127.13463019656743,679.3308023677721,1676.0926587235608,67.0600326730381,54.62072524438769,8.350747457905058,0.20775160728349415,12.98181914508609,19.707993211896067,0.5237960418612055,2500.0,13.75,0.55,cooling,0.321,571.0
hot_weather,100,cooling,654.0,128.52581015840252,128.16375825331966,681.262070554013,1682.7976878927645,67.5867776329883,53.52613583024777,8.350747457905058,0.20547043681893987,13.002765924192408,19.917040698097782,0.5231977647180335,2500.0,13.75,0.55,cooling,0.323,570.0
hot_weather,100,cooling,655.0,128.62390335769913,128.58015784026506,684.2142040123279,1680.4392265018246,67.09288891318374,54.19958130347674,8.350747457905058,0.24531732114194021,12.912666438466752,19.804888544775288,0.5225984397936311,2500.0,13.75,0.55,cooling,0.324,569.0
hot_weather,100,cooling,656.0,128.72216840107444,128.47298421119726,680.6107957176831,1676.8564296235477,66.75320506220699,54.86338963537558,8.350747457905058,0.2690269494953895,12.975876580671983,20.22229057999131,0.5219980649448688,2500.0,13.75,0.55,cooling,0.325,568.0
hot_weather,100,cooling,657.0,128.82060564274113,128.77781879940818,681.9269796945159,1689.8699356413404,67.23337213274193,54.212171769497694,8.350747457905058,0.20183500651289046,13.028025705490032,20.108973354628134,0.5213966380075956,2500.0,13.75,0.55,cooling,0.326,567.0
hot_weather,100,cooling,658.0,128.9192154403125,129.47148904123787,676.6902141681037,1687.6164441183048,67.08432185868753,54.262027875181545,8.350747457905058,0.19723805398205413,12.98996180328561,19.997876896140152,0.5207941567968839,2500.0,13.75,0.55,cooling,0.327,566.0
hot_weather,100,cooling,659.0,129.0179981547636,129.23119905264468,678.7924142327762,1680.7310643508238,67.64525616787725,53.68257159241805,8.350747457905058,0.18211486328047377,13.01849553370929,20.023933774547693,0.5201906191072664,2500.0,13.75,0.55,cooling,0.329,565.0
hot_weather,100,cooling,660.0,129.1169541503933,128.51454755688792,683.6873055660199,1681.4430091930974,67.86583771518966,54.077337277839426,8.350747457905058,0.14854832563779477,12.981966132543043,19.817160786873583,0.5195860227129678,2500.0,13.75,0.55,cooling,0.33,564.0
hot_weather,100,cooling,661.0,129.2160837947877,129.1598796749523,679.9856127152461,1683.0419953570242,67.46159242883033,53.85962608177755,8.350747457905058,0.12255633526056131,13.112323981477722,20.345072795528697,0.5189803653681292,2500.0,13.75,0.55,cooling,0.331,563.0
hot_weather,100,cooling,662.0,129.31538745878436,128.8458526272067,677.3447645583476,1679.5452087909714,68.24810683585632,54.112179814459246,8.350747457905058,0.2732340731811718,13.022910768243845,19.67122128783625,0.5183736448070255,2500.0,13.75,0.55,cooling,0.332,562.0
hot_weather,100,cooling,663.0,129.41486551643771,129.46142086827686,681.1822472539543,1680.8324905789582,66.97734300622248,55.06242921909414,8.350747457905058,0.24116778378729356,13.059826665732109,19.893046388177996,0.5177658587442779,2500.0,13.75,0.55,cooling,0.333,561.0
hot_weather,100,cooling,664.0,129.51451834498548,129.93857600680948,680.6349521806324,1683.6096096226138,68.16865300537889,54.26658181190683,8.350747457905058,0.17506480424590096,13.018810457924385,19.946374721877014,0.5171570048750582,2500.0,13.75,0.55,cooling,0.335,560.0
hot_weather,100,cooling,665.0,129.614346324816,129.98969878973372,677.2420497596155,1678.2457838992007,66.85616605143964,53.96591064611463,8.350747457905058,0.1542980622063523,13.106252482838336,19.945204244661813,0.5165470808752887,2500.0,13.75,0.55,cooling,0.336,559.0
hot_weather,100,cooling,666.0,129.7143498394367,129.22021928497895,681.2016760059367,1682.6699912599863,68.56467764737287,54.53858348473904,8.350747457905058,0.16629627097436733,12.962352415461705,19.547643523343762,0.515936084401835,2500.0,13.75,0.55,cooling,0.337,558.0
hot_weather,100,cooling,667.0,129.81452927544322,130.29765224213102,679.9390764851756,1674.7691199786123,66.40481590391765,54.87309037015821,8.350747457905058,0.2289086663758092,12.969037331625344,19.809275292466815,0.515324013092694,2500.0,13.75,0.55,cooling,0.338,557.0
hot_weather,100,cooling,668.0,129.91488502248978,129.572993515873,679.358711654027,1682.4075560902584,67.13163732365163,55.31853370455907,8.350747457905058,0.17618480852659105,13.131006956868934,20.07184204302951,0.5147108645671763,2500.0,13.75,0.55,cooling,0.339,556.0
hot_weather,100,cooling,669.0,130.01541747326027,130.73105680418854,681.2325201818604,1676.6162607401188,67.70610328164814,54.76303079705631,8.350747457905058,0.23867501635464705,13.047172400640171,19.844605305224125,0.5140966364260813,2500.0,13.75,0.55,cooling,0.34,555.0
hot_weather,100,cooling,670.0,130.11612702344024,130.6275050167999,680.4241853794692,1685.4528980146172,67.91375943055193,53.568559415568785,8.350747457905058,0.22106586210686666,12.995037589896178,19.924398764508638,0.5134813262518693,2500.0,13.75,0.55,cooling,0.342,554.0
hot_weather,100,cooling,671.0,130.2170140716898,130.49476448509304,677.1088022487374,1685.8181666017686,67.72656679070619,53.37639699667143,8.350747457905058,0.12122415777829877,13.063826487041682,20.072303128108764,0.5128649316088265,2500.0,13.75,0.55,cooling,0.343,553.0
hot_weather,100,cooling,672.0,130.31807901961736,130.71909150896067,679.7303750625412,1682.1334121236223,67.37242173233493,54.57536321986434,8.350747457905058,0.22603845529869793,13.053528806203497,20.143146963060975,0.5122474500432261,2500.0,13.75,0.55,cooling,0.344,552.0
hot_weather,100,cooling,673.0,130.41932227175417,130.61758559797096,683.1576038842742,1680.7977382523156,67.9925099294492,53.535430416308614,8.350747457905058,0.14282276735256508,12.996057978119133,20.03283009190388,0.5116288790834833,2500.0,13.75,0.55,cooling,0.345,551.0
hot_weather,100,cooling,674.0,130.5207442355297,130.4049121188139,679.9904746023178,1685.1407805628194,68.1734707938198,54.592979699963905,8.350747457905058,0.2504627701762227,13.044062001344027,20.149005064272956,0.5110092162403058,2500.0,13.75,0.55,cooling,0.346,550.0
hot_weather,100,cooling,675.0,130.62234532124774,131.1177734945132,681.3996547383455,1682.6791128206962,67.22990503354458,54.341808407309934,8.350747457905058,0.21858488940054432,12.995370736437927,20.237191029177055,0.5103884590068399,2500.0,13.75,0.55,cooling,0.348,549.0
hot_weather,100,cooling,676.0,130.72412594206332,130.405128016805,678.6275505194972,1689.9270918186173,68.26832267365565,52.72971315444649,8.350747457905058,0.21485474158080092,12.935044391237414,19.800030160869877,0.5097666048588119,2500.0,13.75,0.55,cooling,0.349,548.0
hot_weather,100,cooling,677.0,130.8260865139605,130.1845954833537,683.2425451726938,1685.4960785356113,67.2230642008057,55.093768498583096,8.350747457905058,0.150997184962815,13.021217511360756,20.08840716009241,0.5091436512546632,2500.0,13.75,0.55,cooling,0.35,547.0
hot_weather,100,cooling,678.0,130.92822745573056,130.8283253367729,678.7149670012898,1676.9720061765154,67.93644887569327,54.669760324676645,8.350747457905058,0.25070948000308846,13.003775789601569,20.020364197927805,0.5085195956356835,2500.0,13.75,0.55,cooling,0.351,546.0
hot_weather,100,cooling,679.0,131.0305491889514,131.56926743183777,684.6419788652356,1683.963355126585,68.37543811417697,54.37927462029426,8.350747457905058,0.17441263909374968,13.00989792754141,19.69392864072864,0.5078944354261375,2500.0,13.75,0.55,cooling,0.352,545.0
hot_weather,100,cooling,680.0,131.13305213796716,131.19728261532154,681.9774188110896,1677.5393125804753,67.06218038095847,54.6769363275841,8.350747457905058,0.32109117453733993,12.977254555919096,20.08338435307549,0.5072681680333885,2500.0,13.75,0.55,cooling,0.354,544.0
hot_weather,100,cooling,681.0,131.23573672986882,131.19142078730735,685.7907596798655,1682.0901435401522,67.35654267811778,54.89916229776332,8.350747457905058,0.15433701673358335,13.068268907541285,19.65116832597328,0.5066407908480173,2500.0,13.75,0.55,cooling,0.355,543.0
hot_weather,100,cooling,682.0,131.33860339447546,130.98214033269446,683.8628718932305,1675.5600705082882,68.50899768743318,54.16709471806182,8.350747457905058,0.1605898205738935,13.040471357337871,20.005625597926507,0.5060123012439369,2500.0,13.75,0.55,cooling,0.356,542.0
hot_weather,100,cooling,683.0,131.44165256431603,131.3576053962891,681.3025771588232,1686.837187198792,67.21706939424735,54.608673399825385,8.350747457905058,0.1169605390004011,12.989547053091165,19.599877656547008,0.5053826965785035,2500.0,13.75,0.55,cooling,0.357,541.0
hot_weather,100,cooling,684.0,131.54488467461186,131.66137844613493,685.3096304470362,1678.68051907744,67.55052707222985,53.62694010816928,8.350747457905058,0.25211269603982356,13.011531179855844,20.386196929111467,0.5047519741926234,2500.0,13.75,0.55,cooling,0.358,540.0
hot_weather,100,cooling,685.0,131.6483001632599,130.7010876269507,681.0244632102568,1687.4308708335511,66.86359216812859,54.53708453265549,8.350747457905058,0.2296788846690611,13.053749094764907,19.732434327129514,0.5041201314108561,2500.0,13.75,0.55,cooling,0.359,539.0
hot_weather,100,cooling,686.0,131.75189947081634,131.5597269839605,680.678129202953,1680.8207275967306,67.18392825736959,54.89815737776712,8.350747457905058,0.18609027889441498,13.002293723304438,20.09331014370129,0.5034871655415132,2500.0,13.75,0.55,cooling,0.361,538.0
hot_weather,100,cooling,687.0,131.855683040481,131.31836663587094,685.3720619401093,1678.833318422669,68.07684040193718,54.30197882429779,8.350747457905058,0.19497704293558588,12.962764141468334,20.278624440006976,0.5028530738767545,2500.0,13.75,0.55,cooling,0.362,537.0
hot_weather,100,cooling,688.0,131.95965131808236,131.9352834718614,679.5789231670735,1687.738265649082,67.72679571141965,54.9281695076753,8.350747457905058,0.2040354900977133,13.049476644314224,20.143031565513667,0.5022178536926796,2500.0,13.75,0.55,cooling,0.363,536.0
hot_weather,100,cooling,689.0,132.06380475206296,132.4646960328064,684.8847879933123,1689.4133514629368,67.98934023531086,54.23318957196542,8.350747457905058,0.17208785176581465,12.984519815778654,20.034092305281487,0.5015815022494166,2500.0,13.75,0.55,cooling,0.364,535.0
hot_weather,100,cooling,690.0,132.16814379346553,131.63843641578762,684.6619574222594,1681.0576018092427,67.5239521210776,54.74081992778384,8.350747457905058,0.24699451163025937,12.97710360325363,19.971325908722324,0.5009440167912073,2500.0,13.75,0.55,cooling,0.365,534.0
hot_weather,100,cooling,691.0,132.27266889591965,132.4738077908502,688.2549899340052,1681.075248608223,68.63398647138503,54.114127065990395,8.350747457905058,0.18826992444677043,12.953503256763272,20.076929238363586,0.5003053945464881,2500.0,13.75,0.55,cooling,0.367,533.0
hot_weather,100,cooling,692.0,132.3773805156289,132.1401238423568,681.4753877047333,1685.0876527978394,66.8229065016287,53.83159784024037,8.350747457905058,0.19408048741094708,13.002183928648178,20.02960102410569,0.4996656327279698,2500.0,13.75,0.55,cooling,0.368,532.0
hot_weather,100,cooling,693.0,132.48227911135857,132.15739079413092,687.7348356822388,1677.163378337368,66.95200134884767,53.813904090891896,8.350747457905058,0.2708388652254895,12.978732700142563,20.079288907706125,0.4990247285327103,2500.0,13.75,0.55,cooling,0.369,531.0
hot_weather,100,cooling,694.0,132.58736514442393,132.6406820417052,680.2088310712331,1686.5265546755318,67.16565333406145,53.37175046744539,8.350747457905058,0.18945158341824023,13.010515347672502,19.896242612856348,0.49838267914218926,2500.0,13.75,0.55,cooling,0.37,530.0
hot_weather,100,cooling,695.0,132.69263907867887,132.90728788634524,684.8392711938748,1677.5405332753548,68.24927435763348,54.543201808108456,8.350747457905058,0.16186747044011224,12.990804967190961,20.082621382242795,0.49773948172237503,2500.0,13.75,0.55,cooling,0.371,529.0
hot_weather,100,cooling,696.0,132.79810138050516,132.94131346525364,685.5493155488622,1678.7317710271975,67.25470089322397,55.16369615098693,8.350747457905058,0.2222878057208263,13.17223135676463,20.173247866480704,0.49709513342379197,2500.0,13.75,0.55,cooling,0.373,528.0
hot_weather,100,cooling,697.0,132.90375251880224,133.671898979521,682.9178051665602,1677.2811733018632,67.8833342700073,54.081221909134335,8.350747457905058,0.15099877506914197,13.050429322753963,19.994202703655667,0.4964496313815814,2500.0,13.75,0.55,cooling,0.374,527.0
hot_weather,100,cooling,698.0,133.00959296497726,133.17158199270318,680.8495388219251,1682.295945712318,67.56740550807824,54.45382152770874,8.350747457905058,0.21167165593539658,13.074431008559046,19.74249452062095,0.4958029727155635,2500.0,13.75,0.55,cooling,0.375,526.0
hot_weather,100,cooling,699.0,133.11562319293586,133.0636549724179,684.7410707011874,1685.172291208928,68.39239656397247,54.154510285875595,8.350747457905058,0.2696440672863083,13.053358146216137,19.77691290707386,0.49515515453029346,2500.0,13.75,0.55,cooling,0.376,525.0
hot_weather,100,cooling,700.0,133.22184367907317,133.32454821280422,682.0864766294522,1674.6981964081779,67.55063275435514,53.62331561387279,8.350747457905058,0.14252680969969037,12.928125814260374,19.98052549048256,0.494506173915116,2500.0,13.75,0.55,cooling,0.377,524.0
hot_weather,100,cooling,701.0,133.32825490226543,133.26658041482872,686.2921927036983,1678.4516720027004,67.98205649641248,54.46521831481832,8.350747457905058,0.25968243504819905,13.017443337756028,20.102345272783644,0.4938560279442171,2500.0,13.75,0.55,cooling,0.378,523.0
hot_weather,100,cooling,702.0,133.43485734386195,133.425814832838,687.6009107460902,1672.172909551508,67.61625659751567,54.02671287323877,8.350747457905058,0.16433094980108237,12.993934265163812,20.20701951509084,0.49320471367667273,2500.0,13.75,0.55,cooling,0.38,522.0
hot_weather,100,cooling,703.0,133.5416514876775,132.9318770317373,684.7420800414626,1674.0397737013686,67.36760699804988,55.040087096288545,8.350747457905058,0.25301249888556043,12.99643502289721,20.039978858862053,0.4925522281564956,2500.0,13.75,0.55,cooling,0.381,521.0
hot_weather,100,cooling,704.0,133.6486378199852,134.03470005472238,685.9089800441653,1674.850374691044,66.3323048937131,55.271631129239196,8.350747457905058,0.3065488487762487,13.072228656476959,19.750079277910643,0.49189856841267876,2500.0,13.75,0.55,cooling,0.382,520.0
hot_weather,100,cooling,705.0,133.75581682950963,134.0138005752282,685.0551135193762,1687.2057307508298,68.5838793008609,53.70604446381119,8.350747457905058,0.19180047638302494,12.965722312786093,19.911378673645977,0.49124373145923694,2500.0,13.75,0.55,cooling,0.383,519.0
hot_weather,100,cooling,706.0,133.86318900742066,133.25718853970957,687.2089274491658,1685.7841629438894,67.97344743122925,54.78986469365379,8.350747457905058,0.23434411105933567,13.097952934964773,20.236877820056165,0.49058771429524495,2500.0,13.75,0.55,cooling,0.384,518.0
hot_weather,100,cooling,707.0,133.9707548473273,133.38814588177843,690.0280583716566,1685.4276477513927,67.2518608418108,54.736546263288226,8.350747457905058,0.18881733274869167,13.061611244316051,19.96945026592617,0.4899305139048754,2500.0,13.75,0.55,cooling,0.386,517.0
hot_weather,100,cooling,708.0,134.07851484527222,134.39136468199425,686.5795424227741,1680.8445243502829,68.18272846930422,53.04601542854526,8.350747457905058,0.15506027099654102,12.997042816638832,19.64288317660735,0.4892721272574313,2500.0,13.75,0.55,cooling,0.387,516.0
hot_weather,100,cooling,709.0,134.18646949972654,133.5538539306117,688.6937431885771,1685.7958297321277,67.61351464874213,54.01050542965132,8.350747457905058,0.15812346951267864,13.006604455373433,20.26639282559716,0.488612551307379,2500.0,13.75,0.55,cooling,0.388,515.0
hot_weather,100,cooling,710.0,134.29461931158494,135.27012447453959,684.6365564743345,1679.1228623507584,68.43149321744568,54.152490210984006,8.350747457905058,0.16618232372094638,13.023699509892522,19.753989196740914,0.48795178299437714,2500.0,13.75,0.55,cooling,0.389,514.0
hot_weather,100,cooling,711.0,134.4029647841612,135.6316120786939,685.8897982709533,1674.5977772508256,67.83474635276293,54.1902381160943,8.350747457905058,0.24123357762315084,13.082254511360771,20.000765457640313,0.4872898192433043,2500.0,13.75,0.55,cooling,0.39,513.0
hot_weather,100,cooling,712.0,134.51150642318416,134.88959194253772,687.4777160845271,1674.7791250181392,67.9730734094667,53.98139548942915,8.350747457905058,0.18233735320157715,13.066809612031353,19.645670376920087,0.486626656964284,2500.0,13.75,0.55,cooling,0.392,512.0
hot_weather,100,cooling,713.0,134.62024473679378,135.52090906327862,688.9227424239525,1680.8233823475564,68.09708207032492,54.293907081390216,8.350747457905058,0.17561238978754729,13.125542184124086,20.02480888709882,0.48596229305270755,2500.0,13.75,0.55,cooling,0.393,511.0
hot_weather,100,cooling,714.0,134.72918023553785,134.46270081547564,686.9680360750996,1678.5720496467545,67.8452414502795,54.130532833462524,8.350747457905058,0.15175211851524906,13.044797679861412,20.086521072895795,0.48529672438925586,2500.0,13.75,0.55,cooling,0.394,510.0
hot_weather,100,cooling,715.0,134.8383134323689,135.41279108478392,687.7092233464973,1686.4641061627299,67.18870151301599,54.609326928073315,8.350747457905058,0.15723119943830255,12.96577744200185,19.96786813812847,0.48462994783991753,2500.0,13.75,0.55,cooling,0.395,509.0
hot_weather,100,cooling,716.0,134.9476448426413,134.8578036388304,687.4213790376027,1681.791874305913,67.79331224923531,54.66428630467505,8.350747457905058,0.27416444368704695,13.051876192317177,20.106801636261427,0.4839619602560057,2500.0,13.75,0.55,cooling,0.396,508.0
hot_weather,100,cooling,717.0,135.0571749841089,134.34940725779063,688.8542108433489,1683.0189527726943,67.32856032825153,54.46140452694783,8.350747457905058,0.19132208802128875,12.95300855434007,20.245769637921782,0.48329275847417386,2500.0,13.75,0.55,cooling,0.398,507.0
hot_weather,100,cooling,718.0,135.16690437692296,135.1502638425333,690.83554067303,1685.271821219064,67.63140549566158,54.124414315734654,8.350747457905058,0.15126293900159363,12.996972266007464,19.8674573715977,0.4826223393164283,2500.0,13.75,0.55,cooling,0.399,506.0
hot_weather,100,cooling,719.0,135.27683354363012,135.95049051288268,693.880000870818,1685.6413528485434,67.41565921607868,53.50932768662163,8.350747457905058,0.16712015194846136,12.99676087471753,20.208780517479475,0.48195069959013925,2500.0,13.75,0.55,cooling,0.4,505.0
hot_weather,100,cooling,720.0,135.38696300917107,135.1619113342489,691.8967584192826,1678.2491852979754,66.82334199042725,53.90735763026819,8.350747457905058,0.20910973739050046,12.999999599687268,19.930205692050734,0.4812778360880504,2500.0,13.75,0.55,cooling,0.401,504.0
hot_weather,100,cooling,721.0,135.49729330087922,135.42792082223536,693.747122181341,1674.8335164900625,67.6503193469488,53.80959947708087,8.350747457905058,0.2689536914854461,13.086515091694155,20.023593580181757,0.48060374558828656,2500.0,13.75,0.55,cooling,0.402,503.0
hot_weather,100,cooling,722.0,135.60782494847984,135.25236169579549,687.2362283808992,1681.9760445284476,67.87169216048673,54.154947120100076,8.350747457905058,0.1729431413999893,13.033875531926055,19.891790810995584,0.4799284248543585,2500.0,13.75,0.55,cooling,0.403,502.0
hot_weather,100,cooling,723.0,135.71855848408936,136.96417509567803,686.6168480619278,1683.9947467081527,66.3527954013713,54.08789985538756,8.350747457905058,0.2429364581072917,12.98220880160183,19.864678778926947,0.4792518706351683,2500.0,13.75,0.55,cooling,0.405,501.0
hot_weather,100,cooling,724.0,135.82949444221498,135.64478105354297,688.9254299923666,1682.8759336193918,68.11861617680445,53.48366738086578,8.350747457905058,0.1096080420137,12.996054746747696,20.064913244379046,0.4785740796650103,2500.0,13.75,0.55,cooling,0.406,500.0
hot_weather,100,cooling,725.0,135.94063335975463,135.8042996673342,690.5456820852378,1684.3344541159574,67.66278469673739,53.484995632122995,8.350747457905058,0.2475229717453211,13.031775269538464,20.42842384183559,0.47789504866357246,2500.0,13.75,0.55,cooling,0.407,499.0
hot_weather,100,cooling,726.0,136.0519757759971,136.77936448289861,690.8038523648777,1678.0395478010685,67.32750335680761,54.16794681491387,8.350747457905058,0.2358109970546458,13.021619812182804,19.876788149404394,0.47721477433593507,2500.0,13.75,0.55,cooling,0.408,498.0
hot_weather,100,cooling,727.0,136.16352223262254,136.92201104813356,691.6946745078833,1688.0867800111691,68.08656144362743,53.532506827761296,8.350747457905058,0.1507020805776151,13.07323448880201,20.341033508529833,0.4765332533725677,2500.0,13.75,0.55,cooling,0.409,497.0
hot_weather,100,cooling,728.0,136.2752732737031,136.14414195230404,691.2964242242108,1690.275724068144,67.68888098755313,53.598521679129234,8.350747457905058,0.277654768531145,13.03752215775737,19.981402017444513,0.4758504824493257,2500.0,13.75,0.55,cooling,0.411,496.0
hot_weather,100,cooling,729.0,136.38722944570395,136.39870334109025,689.2266322109629,1681.905575678389,67.44086972594522,54.391322959727034,8.350747457905058,0.20560134977896766,13.060631619202066,20.154545787517456,0.47516645822744363,2500.0,13.75,0.55,cooling,0.412,495.0
hot_weather,100,cooling,730.0,136.49939129748446,135.73009514737836,688.2463096275169,1681.2078297917294,67.23306350357049,54.11987235354319,8.350747457905058,0.14662814908016567,12.99763380696753,19.851924652858585,0.4744811773535276,2500.0,13.75,0.55,cooling,0.413,494.0
hot_weather,100,cooling,731.0,136.61175938029967,136.66763021685466,692.0623314322839,1687.472749958436,66.88336450919704,54.615180325674764,8.350747457905058,0.183203999774095,13.09984205409066,20.089514921247883,0.47379463645954734,2500.0,13.75,0.55,cooling,0.414,493.0
hot_weather,100,cooling,732.0,136.72433424780198,136.65689742303425,684.64757677603,1689.1604975934486,67.97208438785823,54.34004794187447,8.350747457905058,0.1718575922180109,13.120144852295576,19.520025780002843,0.4731068321628251,2500.0,13.75,0.55,cooling,0.415,492.0
hot_weather,100,cooling,733.0,136.83711645604308,136.26410071196014,691.3803920153302,1678.818602131731,68.00280901770917,53.80186276657147,8.350747457905058,0.22734867703581377,12.977646563809799,19.89896885489209,0.47241776106602407,2500.0,13.75,0.55,cooling,0.417,491.0
hot_weather,100,cooling,734.0,136.95010656347617,137.3049654512308,689.9704583293808,1684.6591101626473,66.89077111659839,54.703525847155504,8.350747457905058,0.17203637488602666,12.896549845205778,19.8410883165167,0.47172741975713484,2500.0,13.75,0.55,cooling,0.418,490.0
hot_weather,100,cooling,735.0,137.06330513095833,137.36501756094714,691.1729500255398,1677.9231737263651,67.23880851547854,53.74493502362667,8.350747457905058,0.18329793873456782,12.990264953442813,19.963636391988288,0.4710358048094607,2500.0,13.75,0.55,cooling,0.419,489.0
hot_weather,100,cooling,736.0,137.17671272175312,136.62385620277198,687.9949657932527,1679.4079528622099,66.9835101826388,53.71428137052152,8.350747457905058,0.28902451975268856,13.041447647696339,20.202564841732478,0.4703429127816021,2500.0,13.75,0.55,cooling,0.42,488.0
hot_weather,100,cooling,737.0,137.29032990153354,137.15499261813378,691.1920917290586,1686.7597256304769,68.08974213259626,54.020358969515236,8.350747457905058,0.18619215055186916,13.090803167501063,19.64832227633676,0.46964874021743874,2500.0,13.75,0.55,cooling,0.421,487.0
hot_weather,100,cooling,738.0,137.404157238385,137.82217950423464,690.1751273269385,1687.6844744383664,67.08397570193326,54.281812279482345,8.350747457905058,0.2012636547410475,12.986473692588083,20.563981526839555,0.46895328364611044,2500.0,13.75,0.55,cooling,0.422,486.0
hot_weather,100,cooling,739.0,137.51819530280872,136.99301483070926,688.4738302265483,1686.7947326296871,67.72917869945687,53.61746080481768,8.350747457905058,0.2742863557538688,13.04222246310892,20.16014995934009,0.46825653958199775,2500.0,13.75,0.55,cooling,0.424,485.0
hot_weather,100,cooling,740.0,137.63244466772505,137.40452710181447,691.6858098880119,1681.0630239997245,67.9553914771072,53.397605134115906,8.350747457905058,0.33455919616681473,12.999894819165316,20.0955359884063,0.46755850452470016,2500.0,13.75,0.55,cooling,0.425,484.0
hot_weather,100,cooling,741.0,137.74690590847737,137.41470262208844,690.7430399133184,1682.1000446724963,67.23248203441368,53.7462861618236,8.350747457905058,0.14419221671548854,13.057925842765234,19.960507476546315,0.46685917495901363,2500.0,13.75,0.55,cooling,0.426,483.0
hot_weather,100,cooling,742.0,137.86157960283592,137.61368737652984,693.2492163668852,1688.5332297902999,68.18507908506076,54.16640062064064,8.350747457905058,0.23398442565641242,13.006696857726702,20.096856089433587,0.4661585473549066,2500.0,13.75,0.55,cooling,0.427,482.0
hot_weather,100,cooling,743.0,137.97646633100194,137.17362256823412,684.6441363286796,1684.9320446505335,67.03547745727728,54.788068578985836,8.350747457905058,0.1749485276456521,12.948288466392356,20.094860425716305,0.4654566181674942,2500.0,13.75,0.55,cooling,0.428,481.0
hot_weather,100,cooling,744.0,138.09156667561197,137.95154136688868,691.7132152070889,1689.931053510077,67.90474036857299,53.720547260015245,8.350747457905058,0.24846460702072434,12.985497391676619,19.85862697626064,0.46475338383701303,2500.0,13.75,0.55,cooling,0.43,480.0
hot_weather,100,cooling,745.0,138.20688122174238,138.34399836807074,688.0809550371331,1684.1601331483046,68.3020882059707,53.88708984267468,8.350747457905058,0.3283787667374094,13.01081007126974,20.147073463310395,0.4640488407887928,2500.0,13.75,0.55,cooling,0.431,479.0
hot_weather,100,cooling,746.0,138.32241055691406,138.46504975792374,687.7377057878207,1681.3074108278086,67.81697608326526,53.36420172205177,8.350747457905058,0.1562342558573838,12.947365097481228,20.112530606142947,0.4633429854332276,2500.0,13.75,0.55,cooling,0.432,478.0
hot_weather,100,cooling,747.0,138.43815527109737,138.84293057412899,698.3839685090466,1682.9198234285554,67.80541974038698,53.82930550774498,8.350747457905058,0.16683396759704766,13.00587063000406,20.025420593160085,0.46263581416574606,2500.0,13.75,0.55,cooling,0.433,477.0
hot_weather,100,cooling,748.0,138.55411595671717,138.32323881840176,697.0622796523248,1672.6818481253554,67.37986548088382,54.78104492248763,8.350747457905058,0.22852155041292185,12.931076359078421,20.086076479595626,0.46192732336678055,2500.0,13.75,0.55,cooling,0.434,476.0
hot_weather,100,cooling,749.0,138.6702932086581,138.78476061821613,689.5483643613136,1688.5434053327124,67.77145965078962,53.987828609355496,8.350747457905058,0.16677892497283903,13.043367096409032,19.919879095960063,0.46121750940173434,2500.0,13.75,0.55,cooling,0.436,475.0
hot_weather,100,cooling,750.0,138.78668762427006,138.8425615640714,690.3829282909999,1686.0620568349773,67.88553908233577,54.14407569704869,8.350747457905058,0.17662880291100105,13.090089572860986,19.80397493627069,0.4605063686209493,2500.0,13.75,0.55,cooling,0.437,474.0
hot_weather,100,cooling,751.0,138.9032998033738,138.8612305087821,696.5014109193455,1669.3365844022671,67.90738458872886,54.689220926354686,8.350747457905058,0.092243032435651,13.00142240143038,19.793431702934907,0.45979389735967013,2500.0,13.75,0.55,cooling,0.438,473.0
hot_weather,100,cooling,752.0,139.0201303482668,138.62271641212462,691.0945763701466,1679.8276626553536,67.9166856078404,54.18740750822757,8.350747457905058,0.17820559410657774,13.013490386107549,19.992027059454927,0.45908009193801025,2500.0,13.75,0.55,cooling,0.439,472.0
hot_weather,100,cooling,753.0,139.1371798637292,139.17280156443218,689.8766107672734,1686.9652305913937,67.5240838194684,54.967710114825,8.350747457905058,0.2157085695425265,12.987905627438389,20.28715209322969,0.45836494866091393,2500.0,13.75,0.55,cooling,0.44,471.0
hot_weather,100,cooling,754.0,139.25444895702992,139.39144516823524,696.0870645332035,1686.2156746169942,67.3775487371793,53.88502567912131,8.350747457905058,0.16278351559934517,13.002047497890429,20.175847585646267,0.45764846381811974,2500.0,13.75,0.55,cooling,0.441,470.0
hot_weather,100,cooling,755.0,139.3719382379331,138.88843413238018,693.8738182477472,1678.7527228961976,67.91052729299703,54.67588320152339,8.350747457905058,0.2825248185157915,13.008893659923906,19.99860338651063,0.45693063368412146,2500.0,13.75,0.55,cooling,0.443,469.0
hot_weather,100,cooling,756.0,139.48964831870452,138.81416036520167,694.6246494130157,1676.1619036362738,67.21917707935465,54.82743510206633,8.350747457905058,0.2217567124762926,13.034899808163233,19.883816496153266,0.4562114545181284,2500.0,13.75,0.55,cooling,0.444,468.0
hot_weather,100,cooling,757.0,139.60757981411828,138.87429404312823,693.214984719786,1683.2783248227367,67.0657275409981,53.99064800932003,8.350747457905058,0.18636311231692676,12.95267905572807,20.24972664059376,0.4554909225640241,2500.0,13.75,0.55,cooling,0.445,467.0
hot_weather,100,cooling,758.0,139.7257333414636,139.04713239603848,695.0819206172384,1677.120069548293,68.27847764866516,52.82984995965657,8.350747457905058,0.2758157029050858,12.97769485513117,19.742067536717595,0.454769034050326,2500.0,13.75,0.55,cooling,0.446,466.0
hot_weather,100,cooling,759.0,139.84410952055185,140.33855666470112,693.2328100008078,1684.6445837390522,68.18328158655889,53.525107686754126,8.350747457905058,0.1452579485270848,13.061852254384489,20.12124837453805,0.4540457851901416,2500.0,13.75,0.55,cooling,0.447,465.0
hot_weather,100,cooling,760.0,139.96270897372366,140.60478220041836,693.5291279512664,1683.771355648524,68.15497327503908,54.33267243810658,8.350747457905058,0.12493298649765609,12.964543733943483,20.115765058833393,0.4533211721811251,2500.0,13.75,0.55,cooling,0.449,464.0
hot_weather,100,cooling,761.0,140.08153232585627,140.77257357340955,696.1097939018151,1670.1975786770315,67.01937646513949,54.77142958802293,8.350747457905058,0.222896391602326,12.966564868192062,20.062697873611395,0.452595191205433,2500.0,13.75,0.55,cooling,0.45,463.0
hot_weather,100,cooling,762.0,140.20058020437094,140.1426703971291,688.8430140620711,1682.8809523389239,67.93796058118427,54.11450452906236,8.350747457905058,0.15097658105353517,13.076139446252279,20.02479242444391,0.4518678384296779,2500.0,13.75,0.55,cooling,0.451,462.0
hot_weather,100,cooling,763.0,140.31985323924062,140.74005186684056,691.4083069443351,1672.3830223081593,68.30845902746586,54.355324738622464,8.350747457905058,0.18381352503906534,13.062882405618515,19.885211347862352,0.45113911000488294,2500.0,13.75,0.55,cooling,0.452,461.0
hot_weather,100,cooling,764.0,140.4393520629976,139.86903630031642,692.1393928116681,1691.5256430101467,67.97493321253665,53.86869065993049,8.350747457905058,0.26148901172839967,13.084835223307728,19.912486758310244,0.45040900206643353,2500.0,13.75,0.55,cooling,0.453,460.0
hot_weather,100,cooling,765.0,140.55907731074166,139.49413534583667,695.7034193379109,1688.7854647152974,68.26059590952225,54.906719232494126,8.350747457905058,0.12111988748150573,13.08471347685717,19.925033729540818,0.4496775107340294,2500.0,13.75,0.55,cooling,0.455,459.0
hot_weather,100,cooling,766.0,140.67902962014787,141.32203256000275,696.3624089933684,1678.518434667978,67.9144297402585,54.24155587395399,8.350747457905058,0.18096441275410666,13.094767451024936,20.045375027999736,0.4489446321116348,2500.0,13.75,0.55,cooling,0.456,458.0
hot_weather,100,cooling,767.0,140.79920963147498,141.32439023604903,698.4099171758384,1688.4707614230683,68.2115620026576,54.46628294362317,8.350747457905058,0.23070224954352037,13.035046947713985,20.050972964217486,0.44821036228742905,2500.0,13.75,0.55,cooling,0.457,457.0
hot_weather,100,cooling,768.0,140.91961798757373,140.7696533243359,699.0143145455081,1684.8351209072791,68.25135158522626,53.839245000540345,8.350747457905058,0.2360299131572871,12.99988535650397,19.933002628609913,0.44747469733375467,2500.0,13.75,0.55,cooling,0.458,456.0
hot_weather,100,cooling,769.0,141.04025533389537,139.89368426554344,696.5256659018128,1687.786203080227,67.60849129753528,53.87024289973029,8.350747457905058,0.13819489454185477,13.053035695430697,20.048829659041395,0.44673763330706606,2500.0,13.75,0.55,cooling,0.459,455.0
hot_weather,100,cooling,770.0,141.1611223185003,140.8120692431418,696.2417678880522,1683.5774423631003,68.57822664750097,53.60218030930683,8.350747457905058,0.20001701737788324,12.894225413744493,20.22903337026887,0.44599916624787606,2500.0,13.75,0.55,cooling,0.46,454.0
hot_weather,100,cooling,771.0,141.28221959206687,140.42431230214314,699.2748038387628,1689.1222635697216,68.00331390313956,54.694726769208366,8.350747457905058,0.16604365101666274,12.981320215554204,19.81854749180887,0.4452592921807028,2500.0,13.75,0.55,cooling,0.462,453.0
hot_weather,100,cooling,772.0,141.40354780790028,141.33890768809258,693.7931078118355,1684.4129392730163,67.88428195406911,54.1035161329728,8.350747457905058,0.18696472842845518,13.084081422756178,19.684525689021765,0.4445180071140147,2500.0,13.75,0.55,cooling,0.463,452.0
hot_weather,100,cooling,773.0,141.52510762194171,141.67951739914093,700.0526721954059,1683.178014501626,68.05516445072254,54.11668819182272,8.350747457905058,0.09584189040634133,13.01641658191549,20.135705059075864,0.44377530704017487,2500.0,13.75,0.55,cooling,0.464,451.0
hot_weather,100,cooling,774.0,141.6468996927775,141.86468615425673,699.0718882198736,1680.4428223001612,67.3492668369168,53.47661880688652,8.350747457905058,0.2429975471742107,12.9885051115195,20.010906525944623,0.443031187935386,2500.0,13.75,0.55,cooling,0.465,450.0
hot_weather,100,cooling,775.0,141.76892468164849,141.37004821347585,697.4975876584169,1687.1973880610853,67.40471388517138,54.4515821976062,8.350747457905058,0.24243191196215735,13.073974622777055,19.834832387996048,0.4422856457596315,2500.0,13.75,0.55,cooling,0.466,449.0
hot_weather,100,cooling,776.0,141.8911832524595,141.6533822952931,697.573951034226,1677.1638380146144,67.93897525365101,53.98913206772379,8.350747457905058,0.20090367906731735,13.015316944886564,20.00838432675326,0.4415386764566188,2500.0,13.75,0.55,cooling,0.468,448.0
hot_weather,100,cooling,777.0,142.013676071789,141.38143722092153,691.3615750289312,1678.2495636056326,67.30310981514467,54.5560158444574,8.350747457905058,0.23182639103368957,13.026748157714579,20.172140313160835,0.44079027595372045,2500.0,13.75,0.55,cooling,0.469,447.0
hot_weather,100,cooling,778.0,142.1364038088988,141.58799120706675,693.2129268223974,1676.6718905907173,67.74349820937852,53.11904244556178,8.350747457905058,0.1749231876850824,12.958535984952922,19.949535700055687,0.4400404401619139,2500.0,13.75,0.55,cooling,0.47,446.0
hot_weather,100,cooling,779.0,142.25936713574393,141.80976315938207,692.5744564382744,1686.2641750273199,67.33028175799019,53.84497790695263,8.350747457905058,0.282343093276777,12.970538627214093,19.97067213994887,0.4392891649757218,2500.0,13.75,0.55,cooling,0.471,445.0
hot_weather,100,cooling,780.0,142.38256672698273,143.12624724971525,695.4977392649688,1680.8045917010027,66.9041759846973,54.531139524902876,8.350747457905058,0.20456098443441292,12.974734174123876,20.252015961510907,0.43853644627315047,2500.0,13.75,0.55,cooling,0.472,444.0
hot_weather,100,cooling,781.0,142.50600325998695,142.86893500852705,697.890138007621,1681.8511307288632,66.64473759523268,54.08925514704964,8.350747457905058,0.22261558551890687,13.046733970492923,19.92351241733341,0.4377822799156279,2500.0,13.75,0.55,cooling,0.474,443.0
hot_weather,100,cooling,782.0,142.629677414852,143.3248700922305,698.7799896451121,1687.191591846659,66.47244762520889,54.02491185461633,8.350747457905058,0.19101684434040808,13.00987485367932,19.882178531361934,0.43702666174794125,2500.0,13.75,0.55,cooling,0.475,442.0
hot_weather,100,cooling,783.0,142.75358987440745,142.4226684713661,701.9857226274396,1681.0537863128736,67.96504315711769,53.78995508979481,8.350747457905058,0.2224922785306246,13.01294655953387,19.9417830213748,0.43626958759817236,2500.0,13.75,0.55,cooling,0.476,441.0
hot_weather,100,cooling,784.0,142.8777413242274,143.32012517456968,699.6953735111255,1677.5390564438762,67.59325807043734,54.779065659309445,8.350747457905058,0.2387042124533175,12.999566017356363,20.210755971332343,0.43551105327763495,2500.0,13.75,0.55,cooling,0.477,440.0
hot_weather,100,cooling,785.0,143.00213245264132,143.23525629062118,700.4712359904773,1674.1258463460904,67.34471609014365,54.71377170523182,8.350747457905058,0.19996570720768608,12.978396509046176,20.015640893480597,0.434751054580808,2500.0,13.75,0.55,cooling,0.478,439.0
hot_weather,100,cooling,786.0,143.12676395074476,143.1496025602541,702.4105547376192,1691.2964134718206,67.75459822048373,53.75178097204264,8.350747457905058,0.23700384150641882,13.036015505685901,20.144757599496888,0.4339895872852705,2500.0,13.75,0.55,cooling,0.48,438.0
hot_weather,100,cooling,787.0,143.25163651241022,143.30123624034127,696.4272016190804,1682.9496697558627,67.9595269911374,54.08424098360574,8.350747457905058,0.16557186547065042,12.925402549319779,20.53184328138091,0.43322664715163495,2500.0,13.75,0.55,cooling,0.481,437.0
hot_weather,100,cooling,788.0,143.37675083429826,142.79116799593132,698.3545939773356,1685.9826594066205,67.78267020619718,53.61583209557678,8.350747457905058,0.0989693037220084,13.019621962911955,20.39096419270462,0.4324622299234795,2500.0,13.75,0.55,cooling,0.482,436.0
hot_weather,100,cooling,789.0,143.50210761586862,143.4024336545403,703.4828348323324,1681.8067210097809,67.8126115221909,54.22607058369118,8.350747457905058,0.14633682411089247,13.123181994879275,20.04220738805226,0.4316963313272799,2500.0,13.75,0.55,cooling,0.483,435.0
hot_weather,100,cooling,790.0,143.62770755939155,143.9275817883793,699.3158189499782,1686.583712419106,67.83619694702324,54.47403110552499,8.350747457905058,0.1841252294317738,13.065908288484618,20.008325871709246,0.43092894707234075,2500.0,13.75,0.55,cooling,0.484,434.0
hot_weather,100,cooling,791.0,143.75355136995918,143.16579662274233,697.606510129703,1683.4379622549693,67.32107770537222,54.25017744664314,8.350747457905058,0.3060626242193102,13.05010026109161,20.08756849501941,0.4301600728507251,2500.0,13.75,0.55,cooling,0.485,433.0
hot_weather,100,cooling,792.0,143.87963975549707,143.23926678298363,704.4466841254717,1687.6797693686874,67.95034259520156,54.37376591224124,8.350747457905058,0.24543043131450681,13.04995336376425,20.043296279517346,0.42938970433718504,2500.0,13.75,0.55,cooling,0.487,432.0
hot_weather,100,cooling,793.0,144.00597342677585,144.39584011786093,706.1997620737119,1681.8179078101882,68.04145382216763,55.43412056838629,8.350747457905058,0.14763638890193354,13.07008208280518,19.66309814592335,0.4286178371890894,2500.0,13.75,0.55,cooling,0.488,431.0
hot_weather,100,cooling,794.0,144.13255309742306,144.8035100775919,703.9445570563237,1686.781857220025,67.66506934261982,54.50594018435153,8.350747457905058,0.17323811154663538,12.879098629152065,19.736183133346966,0.4278444670463528,2500.0,13.75,0.55,cooling,0.489,430.0
hot_weather,100,cooling,795.0,144.25937948393494,145.0175138894898,696.5327832375054,1674.7865655925339,68.08848341162724,54.86487180443104,8.350747457905058,0.22008052080156904,13.031027499692694,20.32564309117021,0.42706958953136187,2500.0,13.75,0.55,cooling,0.49,429.0
hot_weather,100,cooling,796.0,144.38645330568852,143.6382376169795,697.4102201372848,1681.4102741342474,67.8517304386754,53.73858318703143,8.350747457905058,0.26639431422626936,12.970044385561376,19.624376781063713,0.42629320024890294,2500.0,13.75,0.55,cooling,0.491,428.0
hot_weather,100,cooling,797.0,144.5137752849538,144.3647180502566,703.974912314493,1678.2365152885695,66.71557682046507,55.04893021016421,8.350747457905058,0.2408148330474931,13.094172807481096,20.18931032222,0.42551529478608674,2500.0,13.75,0.55,cooling,0.493,427.0
hot_weather,100,cooling,798.0,144.6413461469059,143.6485599493557,700.7356088671522,1679.9567211410517,67.52365592712852,53.791376712025375,8.350747457905058,0.1505331415673896,13.090054360574259,20.05365612287576,0.424735868712275,2500.0,13.75,0.55,cooling,0.494,426.0
hot_weather,100,cooling,799.0,144.76916661963756,145.77206988970676,702.7400221841446,1686.7848998661032,67.26313053736348,53.99288215798679,8.350747457905058,0.14607857167182847,13.031839263155694,20.308092707935806,0.4239549175790027,2500.0,13.75,0.55,cooling,0.495,425.0
hot_weather,100,cooling,800.0,144.8972374341715,144.13877455043473,700.1183224477361,1678.326468143274,67.70850510517226,53.321774061294704,8.350747457905058,0.2965589709514185,12.990811461705853,19.727010902777426,0.4231724369199039,2500.0,13.75,0.55,cooling,0.496,424.0
hot_weather,100,cooling,801.0,145.0255593244732,145.5353149067708,707.7062209645061,1683.0914794937153,67.46027155043843,53.90032224716044,8.350747457905058,0.17029430339338197,13.01253736858504,19.933162902818626,0.4223884222506332,2500.0,13.75,0.55,cooling,0.497,423.0
hot_weather,100,cooling,802.0,145.15413302746344,146.13421895165848,700.7270976647758,1678.161148277434,67.22644456842025,53.68722787533448,8.350747457905058,0.18905282332843557,13.047588463242512,19.991658670548528,0.4216028690687885,2500.0,13.75,0.55,cooling,0.499,422.0
hot_weather,100,cooling,803.0,145.28295928303137,145.18104893020984,697.3238844574025,1688.227969666348,67.22442103015004,54.06317170363595,8.350747457905058,0.21029670027234573,13.116369713950533,20.047459955982156,0.4208157728538323,2500.0,13.75,0.55,cooling,0.5,421.0
hot_weather,100,cooling,804.0,145.4120388340473,146.05158307610913,700.0233245629471,1679.4478465786299,67.8722925501403,54.033143096923304,8.350747457905058,0.2502916771624681,13.044889618850965,19.759808423463276,0.4200271290670128,2500.0,13.75,0.55,cooling,0.501,420.0
hot_weather,100,cooling,805.0,145.54137242637594,145.21996386203995,702.6021691586502,1682.0930120141468,68.19194158154713,53.913260177193635,8.350747457905058,0.16580861551939016,12.993120107136248,19.775620929434265,0.41923693315128285,2500.0,13.75,0.55,cooling,0.502,419.0
hot_weather,100,cooling,806.0,145.67096080888945,145.42711908486964,703.0277243151194,1680.8490972241625,66.82429527554922,54.64422715026522,8.350747457905058,0.11310174720869541,13.013356918074166,19.938321511694653,0.41844518053122104,2500.0,13.75,0.55,cooling,0.503,418.0
hot_weather,100,cooling,807.0,145.8008047334809,146.17640823536297,704.6963860945795,1678.9765562393497,68.00043313631116,53.75954706330393,8.350747457905058,0.1709174462558306,13.035180289388435,19.837336495963655,0.4176518666129483,2500.0,13.75,0.55,cooling,0.504,417.0
hot_weather,100,cooling,808.0,145.93090495507766,145.87927941548327,707.7100188094118,1684.2571045912864,68.13284475835759,54.89615728347357,8.350747457905058,0.08661201271882318,13.104852398899624,20.055886577221575,0.4168569867840476,2500.0,13.75,0.55,cooling,0.506,416.0
hot_weather,100,cooling,809.0,146.06126223165498,146.13357636264618,706.6844777535009,1676.747101486973,67.3458912278379,54.63685495989366,8.350747457905058,0.2991903844987027,12.944978490597942,20.358481782211413,0.4160605364134793,2500.0,13.75,0.55,cooling,0.507,415.0
hot_weather,100,cooling,810.0,146.1918773242496,145.46390989799247,706.6168130224835,1688.4616133631846,67.65265882707216,53.88290224581914,8.350747457905058,0.2635275082852509,12.981035601262937,19.89483091752039,0.41526251085149934,2500.0,13.75,0.55,cooling,0.508,414.0
hot_weather,100,cooling,811.0,146.32275099697358,145.3240821203478,696.8938657133033,1689.2294991130952,67.40217309097775,54.20834342717093,8.350747457905058,0.1264490723031298,12.98775646890018,20.109420958278147,0.414462905429574,2500.0,13.75,0.55,cooling,0.509,413.0
hot_weather,100,cooling,812.0,146.45388401702832,146.41430498426774,706.0130148111239,1694.567331111233,68.12720631678565,53.870344462462484,8.350747457905058,0.22352873676274823,12.951975941314515,20.11643100606247,0.4136617154602946,2500.0,13.75,0.55,cooling,0.51,412.0
hot_weather,100,cooling,813.0,146.58527715471843,146.6931618134121,700.1731471408456,1685.9174443817983,68.16932365027021,53.72307281825071,8.350747457905058,0.23299369820271326,12.997102274510786,20.056636972252733,0.4128589362372923,2500.0,13.75,0.55,cooling,0.512,411.0
hot_weather,100,cooling,814.0,146.71693118346593,146.95882268020708,705.5493251121342,1688.6655770593072,67.70554330129853,53.31184139874591,8.350747457905058,0.23478287015021118,13.08759168117877,20.16528480663158,0.4120545630351524,2500.0,13.75,0.55,cooling,0.513,410.0
hot_weather,100,cooling,815.0,146.84884687982455,147.20634178412908,701.1141494923696,1679.8255455632543,67.23373616409974,54.36477269133164,8.350747457905058,0.19417728146421498,13.048971935775997,20.300120946751452,0.4112485911093252,2500.0,13.75,0.55,cooling,0.514,409.0
hot_weather,100,cooling,816.0,146.98102502349408,147.72635737878235,706.0241893347383,1686.7282677716144,67.57333442479802,53.65484269583755,8.350747457905058,0.3232994403539287,12.951242549434596,19.62909760098163,0.4104410156960403,2500.0,13.75,0.55,cooling,0.515,408.0
hot_weather,100,cooling,817.0,147.11346639733486,147.16766366565727,700.984823316917,1688.3294965054079,67.61667929480927,53.366280345157186,8.350747457905058,0.24504529536532757,13.045213782062921,20.010956740450887,0.40963183201221676,2500.0,13.75,0.55,cooling,0.516,407.0
hot_weather,100,cooling,818.0,147.24617178738237,147.85912912350943,703.2443382609533,1687.9131003612881,67.76403138474524,54.19918076969844,8.350747457905058,0.149470850863881,13.039764050975954,20.129844719233372,0.40882103525537383,2500.0,13.75,0.55,cooling,0.518,406.0
hot_weather,100,cooling,819.0,147.37914198286202,147.91734666921164,701.9206265203874,1680.1957251311183,66.75393847192073,53.452147336540236,8.350747457905058,0.20784915861277678,13.004539964820571,19.955113020021372,0.40800862060354215,2500.0,13.75,0.55,cooling,0.519,405.0
hot_weather,100,cooling,820.0,147.512377776204,147.2603523670473,704.1249805394237,1689.1694424868729,67.88466139250963,53.35095195192322,8.350747457905058,0.12287876284100646,13.052532685659745,20.338776009452836,0.4071945832151709,2500.0,13.75,0.55,cooling,0.52,404.0
hot_weather,100,cooling,821.0,147.64587996305818,148.57700513623786,706.2103972328383,1684.273096740271,67.60091878128176,53.60088032044942,8.350747457905058,0.10837595059236522,12.921677956651145,20.00711886686387,0.4063789182290385,2500.0,13.75,0.55,cooling,0.521,403.0
hot_weather,100,cooling,822.0,147.77964934230923,147.1392998974964,705.5808848001111,1689.441769949661,67.42042633803038,54.28911118865092,8.350747457905058,0.12497460923363693,13.066570447061059,19.92308827474534,0.40556162076415947,2500.0,13.75,0.55,cooling,0.522,402.0
hot_weather,100,cooling,823.0,147.9136867160918,148.63363003452068,703.3834018453836,1682.1747833977054,68.24412019770936,54.02203631930153,8.350747457905058,0.2125358970810286,13.06273278317577,20.29800340785619,0.4047426859196914,2500.0,13.75,0.55,cooling,0.523,401.0
hot_weather,100,cooling,824.0,148.0479928898059,148.01367403369466,702.2101426482999,1688.6323730579343,67.42014473988033,53.8594964472317,8.350747457905058,0.21045640701378773,13.1025381385281,19.577629223497688,0.4039221087748417,2500.0,13.75,0.55,cooling,0.525,400.0
hot_weather,100,cooling,825.0,148.18256867213225,147.97424530705163,705.4916359014306,1678.346847400671,66.88876816934356,53.88125184270542,8.350747457905058,0.2737477509689069,13.075127462883549,20.017468162149342,0.4030998843887733,2500.0,13.75,0.55,cooling,0.526,399.0
hot_weather,100,cooling,826.0,148.31741487504792,148.02124352085067,708.9690711404872,1677.816728526191,67.09661456480157,54.24242582826378,8.350747457905058,0.3134547317965155,13.018662194054503,19.67453624124208,0.4022760078005093,2500.0,13.75,0.55,cooling,0.527,398.0
hot_weather,100,cooling,827.0,148.45253231384194,149.0958099656101,705.983007091433,1690.358876339313,67.66387534383065,53.955382306907076,8.350747457905058,0.251038125248213,13.033240569970681,19.930690750625953,0.4014504740288374,2500.0,13.75,0.55,cooling,0.528,397.0
hot_weather,100,cooling,828.0,148.58792180713112,148.34543430431685,706.03630525177,1674.7705744764187,68.18840602545765,53.76955029509355,8.350747457905058,0.15357633737181434,13.177031549574775,20.139051559656384,0.4006232780722139,2500.0,13.75,0.55,cooling,0.529,396.0
hot_weather,100,cooling,829.0,148.723584176876,149.26296764561476,706.8730335165021,1689.409996871016,67.5816071799629,54.065267654991864,8.350747457905058,0.21577793800791464,12.941271068332442,19.905962378994264,0.3997944149086652,2500.0,13.75,0.55,cooling,0.531,395.0
hot_weather,100,cooling,830.0,148.8595202483967,149.4663883143395,703.4123999848856,1686.1192416640974,68.28327300011253,53.94362121836431,8.350747457905058,0.17879752226256462,13.054745784142243,19.968585259547527,0.39896387949569156,2500.0,13.75,0.55,cooling,0.532,394.0
hot_weather,100,cooling,831.0,148.99573085038938,148.71749819396146,703.8384148211503,1682.6477324234063,67.77698049145631,53.58357063756856,8.350747457905058,0.25046934476353966,13.077909314511734,19.84938842438338,0.39813166677016665,2500.0,13.75,0.55,cooling,0.533,393.0
hot_weather,100,cooling,832.0,149.1322168149422,147.95994075439086,709.1476162315159,1689.4835703320653,68.45467164785757,54.02498084833849,8.350747457905058,0.26887104598773426,12.973297888320156,19.969843190763147,0.3972977716482401,2500.0,13.75,0.55,cooling,0.534,392.0
hot_weather,100,cooling,833.0,149.26897897755194,149.12193374979964,706.3870288109424,1681.7840679995902,68.80171634303214,53.71411559428265,8.350747457905058,0.18559970596657407,13.02963236993082,19.91883519402849,0.39646218902523533,2500.0,13.75,0.55,cooling,0.535,391.0
hot_weather,100,cooling,834.0,149.40601817714037,148.84754350991278,708.4338760184363,1686.2087333986779,67.25370891033634,52.855033707032106,8.350747457905058,0.15508697665296642,13.07821099994755,19.751765204349255,0.39562491377555,2500.0,13.75,0.55,cooling,0.537,390.0
hot_weather,100,cooling,835.0,149.54333525607092,148.89258626006898,706.7224992773268,1686.3708510297565,67.79885818117226,54.131008951979496,8.350747457905058,0.19330296736214142,13.005982736306668,20.274542838214987,0.394785940752554,2500.0,13.75,0.55,cooling,0.538,389.0
hot_weather,100,cooling,836.0,149.68093106016548,149.0096345698154,703.5579573513634,1684.9463008648875,67.49760572913588,54.50038945304273,8.350747457905058,0.2214591902063979,13.021747380271332,19.87217895315265,0.39394526478848735,2500.0,13.75,0.55,cooling,0.539,388.0
hot_weather,100,cooling,837.0,149.81880643872123,149.7346516612166,709.2857037838392,1677.5301662508025,67.56196469137889,54.4391603394952,8.350747457905058,0.27777601969304233,13.046149830525808,20.08618557502865,0.39310288069435617,2500.0,13.75,0.55,cooling,0.54,387.0
hot_weather,100,cooling,838.0,149.95696224452763,149.95630060263431,706.8135690472419,1684.6505153437633,68.94978422734987,54.127316663703624,8.350747457905058,0.22038834965148063,13.03103046942486,20.38829236566931,0.39225878325983066,2500.0,13.75,0.55,cooling,0.541,386.0
hot_weather,100,cooling,839.0,150.09539933388356,149.86163971484837,705.3901682252563,1685.6829292365642,67.45596225784534,53.08122638941624,8.350747457905058,0.12136810885926466,13.038026468204981,19.868792837449718,0.39141296725313823,2500.0,13.75,0.55,cooling,0.542,385.0
hot_weather,100,cooling,840.0,150.23411856661454,150.59051396657046,708.2896160166442,1680.0160882753496,67.79085889486882,54.40446233195687,8.350747457905058,0.22115536223587537,12.952822631605258,20.274268009666653,0.39056542742096,2500.0,13.75,0.55,cooling,0.544,384.0
hot_weather,100,cooling,841.0,150.37312080609013,150.44020310887447,707.7260556362844,1681.135828417827,68.20353382200499,54.0872341163668,8.350747457905058,0.2779220350456051,12.955653842144953,19.997451400449897,0.3897161584883242,2500.0,13.75,0.55,cooling,0.545,383.0
hot_weather,100,cooling,842.0,150.5124069192414,149.47420234168337,707.35237194867,1680.1000577376,67.77943262830831,53.819828823684084,8.350747457905058,0.12616977633229565,13.014399576651458,20.227279596362752,0.38886515515849807,2500.0,13.75,0.55,cooling,0.546,382.0
hot_weather,100,cooling,843.0,150.65197777657858,150.37409918344073,711.727296753937,1674.5279108802476,67.87205184515796,52.920582818989665,8.350747457905058,0.2736184797687513,13.0166605987074,20.06068908335029,0.3880124121128823,2500.0,13.75,0.55,cooling,0.547,381.0
hot_weather,100,cooling,844.0,150.79183425220867,150.43404743612206,711.6798774705095,1685.6108721211212,68.1859467019973,54.97767190332577,8.350747457905058,0.15197487902553408,12.924577867270026,20.178897356412435,0.3871579240109013,2500.0,13.75,0.55,cooling,0.548,380.0
hot_weather,100,cooling,845.0,150.93197722385347,151.04739411474935,708.3873276481269,1681.0450421904284,66.80662800283214,54.06481663968614,8.350747457905058,0.2434124470718344,12.977084178761315,20.036244974167683,0.38630168548989463,2500.0,13.75,0.55,cooling,0.55,379.0
hot_weather,100,cooling,846.0,151.07240757286746,151.37754555886286,708.2166231443192,1682.3616453469836,67.59696277984617,54.16238322006932,8.350747457905058,0.14799005060656573,13.08344775890862,20.06886971296506,0.3854436911650063,2500.0,13.75,0.55,cooling,0.551,378.0
hot_weather,100,cooling,847.0,151.213126184256,151.48305490653243,710.6153343393311,1687.9087609668175,68.03199589504413,53.85252070539714,8.350747457905058,0.2541253591208081,13.022266150209855,20.252591329586963,0.3845839356290752,2500.0,13.75,0.55,cooling,0.552,377.0
hot_weather,100,cooling,848.0,151.35413394669348,151.61261147564258,710.8557714493027,1675.900865393098,67.23572725572171,54.44095271137918,8.350747457905058,0.23150067100807684,13.016570422600301,20.09147816662269,0.3837224134525228,2500.0,13.75,0.55,cooling,0.553,376.0
hot_weather,100,cooling,849.0,151.49543175254175,150.78355830032274,709.2115672074306,1688.1039823212948,67.81347606443502,54.801128095623575,8.350747457905058,0.18163106743454718,13.040556954377438,20.0458954714103,0.38285911918324134,2500.0,13.75,0.55,cooling,0.554,375.0
hot_weather,100,cooling,850.0,151.6370204978686,151.31341702589097,711.824296405818,1681.974697193735,67.89227201456978,54.05027467357009,8.350747457905058,0.20352824090756166,12.992602371217478,19.994443003209778,0.3819940473464807,2500.0,13.75,0.55,cooling,0.556,374.0
hot_weather,100,cooling,851.0,151.77890108246643,151.53867947118974,709.6198634471361,1687.8567127959052,67.43769814192451,54.29359469872569,8.350747457905058,0.1501260675751239,13.018415353735108,19.834280112947404,0.38112719244473403,2500.0,13.75,0.55,cooling,0.557,373.0
hot_weather,100,cooling,852.0,151.9210744098709,152.22408166853563,711.4883409057526,1673.1303184999438,68.75355039410655,54.19828446394204,8.350747457905058,0.2210809031739824,13.045647551955598,20.031076445113364,0.3802585489576247,2500.0,13.75,0.55,cooling,0.558,372.0
hot_weather,100,cooling,853.0,152.0635413873799,152.1580979589347,712.8146021899287,1673.7667972971103,68.44880369597445,55.436909084875914,8.350747457905058,0.22763883877341357,13.022190316203941,20.19126483439643,0.37938811134178896,2500.0,13.75,0.55,cooling,0.559,371.0
hot_weather,100,cooling,854.0,152.2063029260726,151.422475321128,711.0075380082629,1688.1718004057025,67.42170977198731,53.83397284836335,8.350747457905058,0.21050456184182936,12.972421296738641,19.675151151189542,0.37851587403076126,2500.0,13.75,0.55,cooling,0.56,370.0
hot_weather,100,cooling,855.0,152.3493599408285,153.06505878400222,709.9825095002682,1678.2229887268845,67.98299383992334,54.03507811107257,8.350747457905058,0.20815496050772545,13.080945845486749,19.867176338036092,0.3776418314348564,2500.0,13.75,0.55,cooling,0.561,369.0
hot_weather,100,cooling,856.0,152.49271335034675,151.67300784375777,713.8884092099858,1680.1191285322047,66.59757507184884,54.1528160124674,8.350747457905058,0.20047279166975102,13.05549636201008,19.869650872258216,0.37676597794105215,2500.0,13.75,0.55,cooling,0.563,368.0
hot_weather,100,cooling,857.0,152.63636407716558,152.55584183631424,710.5721529003695,1680.8059594001877,67.83964904769705,53.90319409961019,8.350747457905058,0.2985156551635835,13.052998231144556,19.7033866371849,0.37588830791287087,2500.0,13.75,0.55,cooling,0.564,367.0
hot_weather,100,cooling,858.0,152.78031304768183,153.46150387155006,713.2484282915133,1679.633998923653,66.64030249790318,54.41562078214013,8.350747457905058,0.18913357471983702,13.019850475461485,19.88473352186513,0.3750088156902591,2500.0,13.75,0.55,cooling,0.565,366.0
hot_weather,100,cooling,859.0,152.92456119217064,153.39283975401483,710.2350106976132,1676.463331053494,68.10662984448096,53.879270447557396,8.350747457905058,0.19342469531239617,12.91536610739949,20.168475766352106,0.3741274955894687,2500.0,13.75,0.55,cooling,0.566,365.0
hot_weather,100,cooling,860.0,153.06910944480526,153.07117201689064,714.0866984558128,1676.294338894831,67.51088958202367,54.2758170383648,8.350747457905058,0.22285210707194855,13.066179784362566,19.941553741241506,0.3732443419029343,2500.0,13.75,0.55,cooling,0.567,364.0
hot_weather,100,cooling,861.0,153.21395874367695,153.20638881949287,712.4704855667047,1686.0693107797265,68.0425390786692,54.01850593438353,8.350747457905058,0.15919771881615716,13.032150197712985,20.15381506559288,0.372359348899153,2500.0,13.75,0.55,cooling,0.569,363.0
hot_weather,100,cooling,862.0,153.35911003081515,153.08046239964298,713.3517232647146,1684.6014439258204,67.58166969047767,54.36993368714744,8.350747457905058,0.2333793477545606,12.989029322384694,19.982885187505634,0.3714725108225605,2500.0,13.75,0.55,cooling,0.57,362.0
hot_weather,100,cooling,863.0,153.5045642522076,153.58824246342004,715.4018422464109,1686.478288639816,66.83204904757238,54.72629250240628,8.350747457905058,0.2531892587549649,13.082694625814526,19.79756305385122,0.3705838218934079,2500.0,13.75,0.55,cooling,0.571,361.0
hot_weather,100,cooling,864.0,153.65032235782078,153.551700222101,711.8011255512534,1686.3125162368,68.55896157426369,55.460007656208276,8.350747457905058,0.12281341656317696,12.943922483808814,19.908211078096414,0.3696932763076377,2500.0,13.75,0.55,cooling,0.572,360.0
hot_weather,100,cooling,865.0,153.7963853016204,153.16804733477727,709.8978413886682,1687.756632146849,67.43799177553498,54.2860030292133,8.350747457905058,0.08662628774670056,13.112080515276146,19.809984232211974,0.36880086823675806,2500.0,13.75,0.55,cooling,0.573,359.0
hot_weather,100,cooling,866.0,153.942754041592,153.45036076315824,713.7334897230693,1682.1984330599744,67.26596095422744,53.46424727437026,8.350747457905058,0.18592928653378496,13.004014951355474,19.95012661432279,0.36790659182771657,2500.0,13.75,0.55,cooling,0.575,358.0
hot_weather,100,cooling,867.0,154.0894295397617,154.67572596844988,712.9686782754317,1689.2515595736616,67.48042486598185,53.88730408978203,8.350747457905058,0.23245171659967623,13.068635205775179,19.825551001055068,0.36701044120277415,2500.0,13.75,0.55,cooling,0.576,357.0
hot_weather,100,cooling,868.0,154.2364127622172,155.0226531312566,710.9218552452047,1675.9461538204678,68.12570372707486,54.44903417201915,8.350747457905058,0.19186948046089733,12.919271287357153,20.280954623365112,0.3661124104593767,2500.0,13.75,0.55,cooling,0.577,356.0
hot_weather,100,cooling,869.0,154.38370467912878,153.19451059607795,715.212019307508,1682.7833615682728,67.07113857123382,54.616263922219865,8.350747457905058,0.1993542503395078,12.964953794256195,20.008093642339745,0.3652124936700263,2500.0,13.75,0.55,cooling,0.578,355.0
hot_weather,100,cooling,870.0,154.53130626477045,155.07827339550138,717.7418561577229,1680.1549292427085,67.62834299180977,54.1111418067521,8.350747457905058,0.16758688068443311,13.086500647264433,20.207996594208385,0.364310684882152,2500.0,13.75,0.55,cooling,0.579,354.0
hot_weather,100,cooling,871.0,154.67921849754143,155.52843453537767,713.2171532489192,1680.2461202252664,67.57148870869918,54.41224463987784,8.350747457905058,0.12689803025766158,13.024031372404488,20.25856812723163,0.3634069781179796,2500.0,13.75,0.55,cooling,0.581,353.0
hot_weather,100,cooling,872.0,154.82744235998751,154.50530704060068,715.7846475604729,1686.0063853107742,67.781580032363,54.122396488174815,8.350747457905058,0.31074591094178294,13.093196908543641,19.56414539118289,0.36250136737439953,2500.0,13.75,0.55,cooling,0.582,352.0
hot_weather,100,cooling,873.0,154.97597883882273,153.96107326792094,718.030933884592,1679.0414209180294,67.56301023472456,53.57035740702877,8.350747457905058,0.2115507037633727,12.983964700596921,19.951490629080922,0.3615938466228361,2500.0,13.75,0.55,cooling,0.583,351.0
hot_weather,100,cooling,874.0,155.12482892495115,154.85542007874008,713.4218500331726,1669.1214303972458,67.08049098536728,54.63606300158292,8.350747457905058,0.15502719322910555,12.978791949066173,20.12796378424997,0.3606844098091131,2500.0,13.75,0.55,cooling,0.584,350.0
hot_weather,100,cooling,875.0,155.27399361348876,155.18891666426924,709.1508798153457,1684.8343332556128,68.05479266048738,53.85021869648026,8.350747457905058,0.2025261785496176,13.038659547525336,20.025713523258748,0.35977305085332034,2500.0,13.75,0.55,cooling,0.585,349.0
hot_weather,100,cooling,876.0,155.42347390378555,154.78564974447426,713.6651757505091,1681.4477686666776,66.80716412715547,54.360108236867546,8.350747457905058,0.15872964093090142,12.911327810790349,20.051021958442732,0.35885976364967953,2500.0,13.75,0.55,cooling,0.586,348.0
hot_weather,100,cooling,877.0,155.57327079944778,156.5546627981348,717.5810163708458,1673.3943029316947,67.33061271206812,53.74778255566781,8.350747457905058,0.1461424085114623,12.969237920200044,19.96471238521802,0.35794454206640713,2500.0,13.75,0.55,cooling,0.588,347.0
hot_weather,100,cooling,878.0,155.7233853083603,156.02664569314692,719.2834562593763,1690.655390212711,67.55001232222459,54.21750145453605,8.350747457905058,0.19139633599949804,12.965727356103047,20.074955848392772,0.357027379945579,2500.0,13.75,0.55,cooling,0.589,346.0
hot_weather,100,cooling,879.0,155.87381844270902,155.7694678857073,718.0250877332844,1680.5609137781591,67.3283402742745,54.892584279324154,8.350747457905058,0.23272608442198817,12.932996993532075,19.982373008077925,0.3561082711029918,2500.0,13.75,0.55,cooling,0.59,345.0
hot_weather,100,cooling,880.0,156.02457121900372,156.31400371950994,713.2040107146838,1676.8031376043816,67.97298308391336,54.43808835208528,8.350747457905058,0.2162462579671086,12.968159735559855,20.197318502800766,0.3551872093280254,2500.0,13.75,0.55,cooling,0.591,344.0
hot_weather,100,cooling,881.0,156.17564465810068,155.4013634504863,718.0454675665244,1679.8445319490825,67.79122099481762,54.30245899032525,8.350747457905058,0.2975393795311205,12.969156000887091,19.81910143617624,0.3542641883835027,2500.0,13.75,0.55,cooling,0.592,343.0
hot_weather,100,cooling,882.0,156.32703978522582,156.0365505242424,714.3538156454982,1685.6040165643137,67.55446395874417,54.410629133406026,8.350747457905058,0.25355693990228767,12.9859586761589,20.022871577495124,0.3533392020055497,2500.0,13.75,0.55,cooling,0.594,342.0
hot_weather,100,cooling,883.0,156.47875762999772,155.83178502043037,715.1476741037648,1682.7657740380835,68.22252756247947,54.55106196527844,8.350747457905058,0.2687275196712533,12.916144146522464,20.118155634979313,0.3524122439034547,2500.0,13.75,0.55,cooling,0.595,341.0
hot_weather,100,cooling,884.0,156.630799226451,157.7281508832269,716.3538998273872,1679.7564564811746,67.40000082711093,53.40964980835731,8.350747457905058,0.20594527125861498,13.028284467122406,20.13748393508686,0.3514833077595244,2500.0,13.75,0.55,cooling,0.596,340.0
hot_weather,100,cooling,885.0,156.78316561305962,156.66293632243176,715.6705518447548,1672.4349377537937,67.98894378581825,54.489132155502816,8.350747457905058,0.2416672743086848,13.0383466313512,19.96892722075581,0.3505523872289422,2500.0,13.75,0.55,cooling,0.597,339.0
hot_weather,100,cooling,886.0,156.93585783276066,156.21312885219405,718.3508902899273,1685.1764018507984,67.84818787326466,53.711671814058256,8.350747457905058,0.1669660400463256,13.031024305926033,20.190307922303518,0.34961947593962384,2500.0,13.75,0.55,cooling,0.598,338.0
hot_weather,100,cooling,887.0,157.0888769329779,157.10860832821874,716.592118203689,1683.7235519328099,67.4716049417776,53.97853953781552,8.350747457905058,0.13018195421660966,13.040492620310134,19.93844299806871,0.34868456749207155,2500.0,13.75,0.55,cooling,0.6,337.0
hot_weather,100,cooling,888.0,157.24222396564585,157.2201031339728,715.9980469014852,1674.3928163856308,67.99596585720197,54.28993611216172,8.350747457905058,0.1322817393265119,13.036014651316671,19.836466599940586,0.3477476554592287,2500.0,13.75,0.55,cooling,0.601,336.0
hot_weather,100,cooling,889.0,157.3958999872337,157.80362336525727,723.1597840353327,1679.6613833789595,68.15799070368017,54.001337256579696,8.350747457905058,0.07388830455833306,13.057981141149375,19.84135295245039,0.3468087333863322,2500.0,13.75,0.55,cooling,0.602,335.0
hot_weather,100,cooling,890.0,157.5499060587697,157.77477983399314,715.4241311310868,1682.521460254907,66.4201854454153,54.515747465294375,8.350747457905058,0.1703984788237602,13.017357582574217,19.7915003214426,0.3458677947907651,2500.0,13.75,0.55,cooling,0.603,334.0
hot_weather,100,cooling,891.0,157.70424324586548,157.16700068106246,720.7636523118374,1683.875753790508,67.27711767940464,54.20118714531621,8.350747457905058,0.17248301361790247,13.033298383703679,20.343871797991714,0.3449248331619067,2500.0,13.75,0.55,cooling,0.604,333.0
hot_weather,100,cooling,892.0,157.85891261874062,157.75912621759596,718.7377905019583,1688.6676957530917,67.63683760730379,54.694528849727476,8.350747457905058,0.12614122605499956,12.865989979126104,20.485855397202318,0.34397984196098275,2500.0,13.75,0.55,cooling,0.605,332.0
hot_weather,100,cooling,893.0,158.01391525224733,158.63103773138337,722.9575429111263,1686.5028468324956,67.65962909219915,54.28441691727743,8.350747457905058,0.2281692310771231,13.02056151511037,19.957751868263657,0.34303281462091517,2500.0,13.75,0.55,cooling,0.607,331.0
hot_weather,100,cooling,894.0,158.16925222589546,157.76953536134906,716.6069748863947,1681.9366177758488,68.6751992194457,53.679988729939616,8.350747457905058,0.21675034924581835,13.114501304991064,20.244490726882447,0.3420837445461685,2500.0,13.75,0.55,cooling,0.608,330.0
hot_weather,100,cooling,895.0,158.32492462387742,158.18058410571135,718.3377839381423,1677.0188466401514,67.59914755723014,54.35408798648891,8.350747457905058,0.20357656137209063,12.972876618570014,20.144103438886482,0.34113262511259823,2500.0,13.75,0.55,cooling,0.609,329.0
hot_weather,100,cooling,896.0,158.4809335350935,158.42680996460845,718.2180186149429,1674.3582353107086,67.78779908253695,54.56957110547914,8.350747457905058,0.21995710970403187,13.096298353648013,19.797110081306595,0.34017944966729585,2500.0,13.75,0.55,cooling,0.61,328.0
hot_weather,100,cooling,897.0,158.6372800531772,159.07707342096575,720.1407146435805,1676.3531363444165,67.66582978222192,54.120540739170515,8.350747457905058,0.2142320950470154,13.063115525378095,20.489327189116235,0.33922421152843407,2500.0,13.75,0.55,cooling,0.611,327.0
hot_weather,100,cooling,898.0,158.79396527652085,158.91139822110537,718.2602604445756,1679.0774681729538,67.52500477632137,53.3725586187443,8.350747457905058,0.13665306543437328,13.026687510153797,19.887464691930006,0.33826690398511006,2500.0,13.75,0.55,cooling,0.613,326.0
hot_weather,100,cooling,899.0,158.95099030830133,159.25519377005912,719.19002995547,1681.61823731631,67.19649817678778,54.01116773395002,8.350747457905058,0.1509638505312175,12.989781144636149,19.757112538686297,0.33730752029718913,2500.0,13.75,0.55,cooling,0.614,325.0
hot_weather,100,cooling,900.0,159.10835625650594,159.29335512276575,721.7225201711833,1679.3773753947753,66.32578778856717,54.05520957491344,8.350747457905058,0.26956748188157426,13.05630543512111,19.71774103360857,0.33634605369514614,2500.0,13.75,0.55,cooling,0.615,324.0
hot_weather,100,cooling,901.0,159.2660642339586,158.80861557361916,719.887943916053,1688.3078327399678,67.6827817836719,53.93346829424124,8.350747457905058,0.2714382460562888,13.020226581117893,19.81572403825577,0.3353824973799048,2500.0,13.75,0.55,cooling,0.616,323.0
hot_weather,100,cooling,902.0,159.4241153583459,159.3145627560961,722.2972373124693,1673.6695360898325,68.12740446731686,53.44260660863608,8.350747457905058,0.21850033371873176,12.980184413420007,20.1630172730826,0.3344168445226796,2500.0,13.75,0.55,cooling,0.617,322.0
hot_weather,100,cooling,903.0,159.58251075224373,159.64059573689016,722.5911202882485,1683.9497830275336,67.52279167199282,53.354790670974594,8.350747457905058,0.21143179974226323,12.964929786700779,20.169892241830347,0.3334490882648121,2500.0,13.75,0.55,cooling,0.619,321.0
hot_weather,100,cooling,904.0,159.74125154314385,158.89943172856468,721.0317220312221,1682.0033260361693,67.71812766161656,54.07986401678545,8.350747457905058,0.17535516549679503,13.013892940697064,19.97432137070514,0.33247922171761024,2500.0,13.75,0.55,cooling,0.62,320.0
hot_weather,100,cooling,905.0,159.90033886348058,159.62306589413416,723.8179784445441,1679.502346276086,67.68825896962997,53.731210149284856,8.350747457905058,0.16806254268049148,13.068246191668575,20.02740983320111,0.33150723796218284,2500.0,13.75,0.55,cooling,0.621,319.0
hot_weather,100,cooling,906.0,160.05977385065793,160.27812517563038,724.2202767014472,1676.7695439909028,67.32892218644014,54.18701231837271,8.350747457905058,0.18231688622365896,13.101086742750553,19.85129146635904,0.330533130049276,2500.0,13.75,0.55,cooling,0.622,318.0
hot_weather,100,cooling,907.0,160.2195576470766,160.94783146857202,719.61333037533,1687.5856128771638,66.92080675053813,53.817888370640546,8.350747457905058,0.22185349911792568,13.07153484232418,19.99535926234208,0.3295568909991069,2500.0,13.75,0.55,cooling,0.623,317.0
hot_weather,100,cooling,908.0,160.37969140016145,159.87545766774204,716.7744304107499,1686.64561590524,68.81521992464964,55.23894789710334,8.350747457905058,0.21570337874416623,13.042386323591295,19.867193989143846,0.32857851380119685,2500.0,13.75,0.55,cooling,0.624,316.0
hot_weather,100,cooling,909.0,160.54017626238885,160.39541395136132,722.1244188149204,1677.4026781286807,67.03963816351657,53.90060447420857,8.350747457905058,0.22593142893688878,13.041574531885562,19.936740873131807,0.327597991414203,2500.0,13.75,0.55,cooling,0.626,315.0
hot_weather,100,cooling,910.0,160.70101339131463,160.98606448532476,723.5378614660352,1686.0577846576255,68.5059663787779,54.918952315977016,8.350747457905058,0.264761283304648,13.058199323352634,20.049243514915567,0.32661531676574873,2500.0,13.75,0.55,cooling,0.627,314.0
hot_weather,100,cooling,911.0,160.86220394960176,159.7504640659858,725.265453814957,1686.8889982516198,68.3199222217884,54.062927052035285,8.350747457905058,0.25948189010943457,12.95020073997865,20.0404339518142,0.32563048275225404,2500.0,13.75,0.55,cooling,0.628,313.0
hot_weather,100,cooling,912.0,161.0237491050485,161.4450837657818,725.2550168277826,1680.7475888382464,67.62160519644688,54.278630845116666,8.350747457905058,0.2269656456358345,12.987496712345784,19.93452768088488,0.32464348223876316,2500.0,13.75,0.55,cooling,0.629,312.0
hot_weather,100,cooling,913.0,161.1856500306167,160.77856450928823,720.9948310207083,1685.7257784774088,67.70675243493292,54.57124010338138,8.350747457905058,0.18426313453965548,12.991558281884595,19.70775294992869,0.32365430805877293,2500.0,13.75,0.55,cooling,0.63,311.0
hot_weather,100,cooling,914.0,161.34790790446027,161.0635067511085,724.8923221887807,1680.854430668978,67.78750993689059,53.884709061429206,8.350747457905058,0.1952948034433055,13.042580763794609,20.19139283560851,0.32266295301405723,2500.0,13.75,0.55,cooling,0.632,310.0
hot_weather,100,cooling,915.0,161.51052390995375,162.2367520872795,722.4663554745473,1689.3126903233854,68.06446932292806,54.207809620089456,8.350747457905058,0.10500427021946974,13.04723796458676,19.930870495832174,0.32166940987449344,2500.0,13.75,0.55,cooling,0.633,309.0
hot_weather,100,cooling,916.0,161.67349923572127,161.34191268593665,721.5420249434643,1675.1936559469095,67.85789965634504,53.683674782627655,8.350747457905058,0.20486359608572507,13.025629763776523,19.84705211690057,0.32067367137788527,2500.0,13.75,0.55,cooling,0.634,308.0
hot_weather,100,cooling,917.0,161.83683507566548,160.9385422442563,722.2933270528818,1677.8842770468743,67.51160484859412,53.455974365283105,8.350747457905058,0.22778741193922403,13.09143339675444,20.407174138305912,0.3196757302297861,2500.0,13.75,0.55,cooling,0.635,307.0
hot_weather,100,cooling,918.0,162.0005326289969,162.40806213771234,720.1891750521488,1684.6254300245075,67.73283830282811,54.33180533912832,8.350747457905058,0.2055628866691652,13.085286085234817,19.856982273487294,0.31867557910331956,2500.0,13.75,0.55,cooling,0.636,306.0
hot_weather,100,cooling,919.0,162.1645931002633,162.10789302380942,723.0798526876662,1677.2130925547817,67.64393536902269,53.57936688673424,8.350747457905058,0.28011629993122344,13.051837444979668,20.1386275380347,0.31767321063899967,2500.0,13.75,0.55,cooling,0.638,305.0
hot_weather,100,cooling,920.0,162.3290176993793,162.11727224089407,732.1512977649937,1687.4754332744806,67.81266446310644,53.57698344312027,8.350747457905058,0.22662192193041494,12.966522875320912,20.314008383205575,0.31666861744455055,2500.0,13.75,0.55,cooling,0.639,304.0
hot_weather,100,cooling,921.0,162.49380764165633,162.9337885280888,727.0475046461611,1677.5262370566807,66.22316700983266,53.70141378242612,8.350747457905058,0.18903484647892457,13.126874904310649,19.84608309860425,0.31566179209472356,2500.0,13.75,0.55,cooling,0.64,303.0
hot_weather,100,cooling,922.0,162.65896414783256,161.37350379880965,723.0266327027008,1674.9451127791071,67.13150700271848,53.87550053341511,8.350747457905058,0.24043286940240763,12.989689733630167,20.406636215283022,0.31465272713111325,2500.0,13.75,0.55,cooling,0.641,302.0
hot_weather,100,cooling,923.0,162.82448844410317,162.82450755254646,727.782477205237,1684.2849675496989,67.10432147057735,54.81776352091553,8.350747457905058,0.17394575839369408,13.03831786791996,20.002998549052045,0.31364141506197396,2500.0,13.75,0.55,cooling,0.642,301.0
hot_weather,100,cooling,924.0,162.99038176215083,162.12365562208157,721.644725211842,1677.001242935035,67.22331103055257,55.05064594207302,8.350747457905058,0.21595220488259548,13.059636160751895,20.146532581025255,0.31262784836203217,2500.0,13.75,0.55,cooling,0.643,300.0
hot_weather,100,cooling,925.0,163.15664533917638,163.2662852100212,724.5569076424615,1679.974788709867,67.76827898726505,53.400999822258875,8.350747457905058,0.12927603945121263,12.982167308560625,20.003409258197337,0.31161201947230044,2500.0,13.75,0.55,cooling,0.645,299.0
hot_weather,100,cooling,926.0,163.32328041792962,163.86345834484567,719.4795317952264,1687.764026546585,67.545712035154,53.82650329586367,8.350747457905058,0.15936260157226154,13.022233444671473,20.06354772762155,0.3105939207998878,2500.0,13.75,0.55,cooling,0.646,298.0
hot_weather,100,cooling,927.0,163.4902882467405,162.88758557272348,727.1983883235855,1681.1064153072443,67.28916716507739,53.97773512685748,8.350747457905058,0.23198405235813988,13.052991814114165,19.67042070967821,0.3095735447178105,2500.0,13.75,0.55,cooling,0.647,297.0
hot_weather,100,cooling,928.0,163.65767007955031,163.68663826911964,730.587509390356,1679.6382787374218,67.34951004691798,54.194571136142855,8.350747457905058,0.23676854597978644,13.069666345535314,19.914583380679723,0.30855088356480076,2500.0,13.75,0.55,cooling,0.648,296.0
hot_weather,100,cooling,929.0,163.82542717594322,162.85044662166632,729.3807078115244,1678.7511240834533,68.09263363147483,54.52350619832175,8.350747457905058,0.125911317295216,12.989416190508848,19.78471751725554,0.30752592964511427,2500.0,13.75,0.55,cooling,0.649,295.0
hot_weather,100,cooling,930.0,163.993560801178,164.44468445245244,726.08978671988,1687.7423748586025,67.72308787603716,53.08200912408599,8.350747457905058,0.16569498742061917,13.090992679490505,19.777730985170827,0.30649867522833596,2500.0,13.75,0.55,cooling,0.651,294.0
hot_weather,100,cooling,931.0,164.16207222622,164.9450185140066,729.1553893365412,1677.2121664726703,68.28763412524273,54.169808553697834,8.350747457905058,0.25415763756901144,13.010837665746676,20.067218090273396,0.3054691125491855,2500.0,13.75,0.55,cooling,0.652,293.0
hot_weather,100,cooling,932.0,164.33096272777325,164.0636031198216,730.0763141748056,1691.8881203649412,67.4330407835094,54.21427692386886,8.350747457905058,0.15722298037586036,13.044643301172002,19.775321324837837,0.3044372338073207,2500.0,13.75,0.55,cooling,0.653,292.0
hot_weather,100,cooling,933.0,164.50023358831288,164.5060526468506,726.0301020278014,1686.864983957492,67.90525365178989,53.56983171125024,8.350747457905058,0.1597332769287039,13.052496073156767,19.653324160603198,0.30340303116713874,2500.0,13.75,0.55,cooling,0.654,291.0
hot_weather,100,cooling,934.0,164.66988609611766,165.09553007296515,728.4847264659318,1691.3439304274154,67.11250178958721,54.30105377857834,8.350747457905058,0.12860495187426146,13.041936083517593,19.650332997955868,0.3023664967575783,2500.0,13.75,0.55,cooling,0.655,290.0
hot_weather,100,cooling,935.0,164.8399215453029,165.00967741969217,726.6463688557343,1678.6565292469966,67.60391678770708,54.34109483522653,8.350747457905058,0.15319857668880035,13.053079897810864,20.247585846369894,0.3013276226719189,2500.0,13.75,0.55,cooling,0.657,289.0
hot_weather,100,cooling,936.0,165.01034123585342,165.1428093189532,730.6501875851536,1688.9329573016867,67.34494665301615,54.6787489356554,8.350747457905058,0.22452510603277928,12.98768072708149,20.321232022297064,0.30028640096757786,2500.0,13.75,0.55,cooling,0.658,288.0
hot_weather,100,cooling,937.0,165.1811464736569,165.20280985153016,731.1692058769677,1685.6365749821757,68.35207362869946,53.88914464051976,8.350747457905058,0.25283169005479195,13.091024854494725,20.040759081996615,0.29924282366590804,2500.0,13.75,0.55,cooling,0.659,287.0
hot_weather,100,cooling,938.0,165.35233857053734,165.05395065655642,729.6791678409547,1690.4110889333747,67.731599838348,53.910563294781376,8.350747457905058,0.20236728089538156,13.032138722738798,19.73009033460435,0.29819688275199274,2500.0,13.75,0.55,cooling,0.66,286.0
hot_weather,100,cooling,939.0,165.52391884428883,165.45026892727856,728.3230589540588,1683.45947118477,68.31954767963745,55.18326949357254,8.350747457905058,0.1173604377223271,13.042530739032456,20.10898022314828,0.29714857017443963,2500.0,13.75,0.55,cooling,0.661,285.0
hot_weather,100,cooling,940.0,165.69588861870946,166.1229475805763,731.0402155112441,1685.618763269414,67.87661912462022,53.74731586388396,8.350747457905058,0.1439815596817986,13.065592921826742,19.97550740410041,0.2960978778451733,2500.0,13.75,0.55,cooling,0.663,284.0
hot_weather,100,cooling,941.0,165.8682492236356,165.44941942851514,729.6682498717116,1684.2343774705837,67.59897696604617,54.00485019330905,8.350747457905058,0.22878594271750385,12.917286134023058,20.258088843717704,0.29504479763922575,2500.0,13.75,0.55,cooling,0.664,283.0
hot_weather,100,cooling,942.0,166.04100199497626,166.25441127677993,733.3500597442712,1689.5250450276321,67.71551600957677,53.667972736491066,8.350747457905058,0.2974467671025555,13.022763838286348,20.105912117339297,0.29398932139452716,2500.0,13.75,0.55,cooling,0.665,282.0
hot_weather,100,cooling,943.0,166.21414827474786,166.08749805284228,730.042819857999,1674.7122383181627,67.2201815357009,54.34069523727563,8.350747457905058,0.25973350722891336,13.03154873371945,20.147672746291413,0.29293144091169254,2500.0,13.75,0.55,cooling,0.666,281.0
hot_weather,100,cooling,944.0,166.38768941110905,166.29683985496243,729.7600529596051,1688.3901003019864,68.48472284455555,54.862405493054354,8.350747457905058,0.22417015447606048,13.024683079219992,19.907206111500187,0.29187114795380986,2500.0,13.75,0.55,cooling,0.667,280.0
hot_weather,100,cooling,945.0,166.56162675839593,166.24075077020623,731.1293159967879,1679.2269051426047,67.403062084273,54.07137099646078,8.350747457905058,0.15426346320623618,13.028376875787767,20.17713677989229,0.2908084342462238,2500.0,13.75,0.55,cooling,0.668,279.0
hot_weather,100,cooling,946.0,166.73596167715746,167.0045823533258,729.6543356155115,1683.2555355424297,67.80476537157412,53.85210904552286,8.350747457905058,0.14275531251462842,13.04094307316868,20.118143812291443,0.2897432914763205,2500.0,13.75,0.55,cooling,0.67,278.0
hot_weather,100,cooling,947.0,166.91069553419106,166.75345573777665,731.3168566207778,1678.585882383041,68.07261954225483,54.027050678352104,8.350747457905058,0.2687190738332116,13.04876855491402,19.990103663467483,0.2886757112933094,2500.0,13.75,0.55,cooling,0.671,277.0
hot_weather,100,cooling,948.0,167.08582970257856,167.22727895230253,731.003594530998,1682.598067530307,67.2954688770318,54.98016395618278,8.350747457905058,0.22535352846117337,13.0084221126211,20.24318469584186,0.2876056853080039,2500.0,13.75,0.55,cooling,0.672,276.0
hot_weather,100,cooling,949.0,167.26136556172236,166.87747832915719,731.9774239714881,1673.226408816724,67.6279061163751,53.74054923515794,8.350747457905058,0.18190853067042895,12.9849272149663,19.81631478519398,0.28653320509260016,2500.0,13.75,0.55,cooling,0.673,275.0
hot_weather,100,cooling,950.0,167.43730449738175,167.40101003732607,736.4544084908401,1685.5662835138073,67.36758448748743,54.06163661102623,8.350747457905058,0.14368407510078235,12.929747637197282,20.023967788248708,0.2854582621804551,2500.0,13.75,0.55,cooling,0.674,274.0
hot_weather,100,cooling,951.0,167.6136479017096,167.5134201444813,730.2231688241199,1677.3631382751876,68.12162858242618,53.69883973049393,8.350747457905058,0.15354726838793273,13.061086411123574,19.880886721712287,0.28438084806586295,2500.0,13.75,0.55,cooling,0.676,273.0
hot_weather,100,cooling,952.0,167.79039717328934,167.4441319045122,734.0415250024517,1685.6845692447873,67.73167381032721,53.91963769797481,8.350747457905058,0.22702826529723535,12.994932183640367,19.822389180756595,0.2833009542038287,2500.0,13.75,0.55,cooling,0.677,272.0
hot_weather,100,cooling,953.0,167.967553717172,167.27171042366808,731.1091025346179,1681.950818278053,67.27894182264957,54.77591709875234,8.350747457905058,0.1836011476116282,13.07445471537891,19.80269420131677,0.2822185720098417,2500.0,13.75,0.55,cooling,0.678,271.0
hot_weather,100,cooling,954.0,168.14511894491375,167.1820901670935,730.698299769782,1680.6620152952028,68.76956841795175,53.30052284276642,8.350747457905058,0.17983261477176846,13.034626242469766,20.039012034028524,0.2811336928596466,2500.0,13.75,0.55,cooling,0.679,270.0
hot_weather,100,cooling,955.0,168.3230942746135,168.94388834182405,730.1101931689875,1693.6585985088884,67.72531235934184,53.621361082265196,8.350747457905058,0.19753015399745577,13.045805264341828,19.795566056453545,0.28004630808901343,2500.0,13.75,0.55,cooling,0.68,269.0
hot_weather,100,cooling,956.0,168.501481130951,168.63602299574404,733.6814255164753,1686.408789493007,67.77925303603179,54.51402655122281,8.350747457905058,0.21167207442534292,13.151805021701072,19.724082331808887,0.2789564089935054,2500.0,13.75,0.55,cooling,0.682,268.0
hot_weather,100,cooling,957.0,168.68028094522478,169.4271633999231,731.5888304050284,1688.535615202675,67.93636946014205,54.470208186732954,8.350747457905058,0.22359459263911252,13.051920966452332,19.478859827682978,0.2778639868282462,2500.0,13.75,0.55,cooling,0.683,267.0
hot_weather,100,cooling,958.0,168.85949515539096,168.21949252552074,734.2895743903965,1675.6745405120232,67.25743843968564,52.734542456667775,8.350747457905058,0.10262857144642049,13.017349279676663,20.037992385061187,0.2767690328076834,2500.0,13.75,0.55,cooling,0.684,266.0
hot_weather,100,cooling,959.0,169.03912520610177,169.72904774252595,734.5352839968081,1690.1802097220093,68.32153735970783,54.069902998840604,8.350747457905058,0.24275909403813153,13.14891685529475,20.139932485630908,0.27567153810535294,2500.0,13.75,0.55,cooling,0.685,265.0
hot_weather,100,cooling,960.0,169.21917254874472,168.8187915418301,730.237454244673,1687.340138731295,67.89409734033444,53.44005010271406,8.350747457905058,0.20601726597073933,12.98864577056464,19.802796625382772,0.2745714938536402,2500.0,13.75,0.55,cooling,0.686,264.0
hot_weather,100,cooling,961.0,169.39963864148186,169.73321631599072,727.2927686863112,1686.1059864560282,67.637167716698,54.67422580881975,8.350747457905058,0.1283667503294444,13.054045914376012,20.097736313048536,0.27346889114353945,2500.0,13.75,0.55,cooling,0.687,263.0
hot_weather,100,cooling,962.0,169.58052494928933,169.51424224831771,735.7337854989554,1695.3947359718022,67.52189166659596,54.14512774681099,8.350747457905058,0.3026307379121234,13.043844425251404,19.95990804447352,0.27236372102441286,2500.0,13.75,0.55,cooling,0.689,262.0
hot_weather,100,cooling,963.0,169.76183294399726,169.56674971037106,736.1486364462983,1672.5272041183623,67.72315837952725,53.78604140923019,8.350747457905058,0.26864627614912945,13.020444304390049,20.212130118667837,0.27125597450374606,2500.0,13.75,0.55,cooling,0.69,261.0
hot_weather,100,cooling,964.0,169.94356410432994,169.351058805982,735.6012343928327,1681.1132785388374,66.95301807356327,54.02609527155719,8.350747457905058,0.25252359920593836,13.043334868055997,20.060564907739714,0.27014564254690354,2500.0,13.75,0.55,cooling,0.691,260.0
hot_weather,100,cooling,965.0,170.12571991594615,169.390603962074,734.0922164554908,1676.186362186635,67.0698943692463,54.43499453689303,8.350747457905058,0.17859851067642024,13.007742786070281,20.32764084135157,0.2690327160768813,2500.0,13.75,0.55,cooling,0.692,259.0
hot_weather,100,cooling,966.0,170.30830187147998,169.83322166678283,730.61774793845,1671.956209025638,67.76245577248226,53.461372561698006,8.350747457905058,0.09806526460336432,13.016747762289375,20.172481162916956,0.26791718597405845,2500.0,13.75,0.55,cooling,0.693,258.0
hot_weather,100,cooling,967.0,170.4913114705818,170.24776423023417,740.2529685337524,1684.4707903439864,68.90803045324117,53.54271195936214,8.350747457905058,0.17364360100826154,13.014408271327643,19.914845257184044,0.26679904307594626,2500.0,13.75,0.55,cooling,0.695,257.0
hot_weather,100,cooling,968.0,170.67475021995952,170.19090409331451,738.8405855688383,1680.2149466063236,68.67223009300099,53.25163832722997,8.350747457905058,0.3189384881508945,13.066846680354358,20.357836694044913,0.26567827817693557,2500.0,13.75,0.55,cooling,0.696,256.0
hot_weather,100,cooling,969.0,170.85861963342023,171.05240301469317,733.3884648608474,1687.2480492133634,67.78449025745434,53.69748831274262,8.350747457905058,0.14636010759526746,13.010850703476793,20.380385448001793,0.2645548820280441,2500.0,13.75,0.55,cooling,0.697,255.0
hot_weather,100,cooling,970.0,171.04292123191206,170.09063110013528,733.1794187091169,1674.6716573500864,68.46464637585753,54.147594500348035,8.350747457905058,0.17091667695939133,13.002354483587315,20.363943035807196,0.26342884533665845,2500.0,13.75,0.55,cooling,0.698,254.0
hot_weather,100,cooling,971.0,171.22765654356633,171.28548923561726,737.858068592189,1688.6596102627238,67.13515998159006,53.84718585941621,8.350747457905058,0.2002561565710773,13.028239463650547,20.352995517157126,0.26230015876627877,2500.0,13.75,0.55,cooling,0.699,253.0
hot_weather,100,cooling,972.0,171.41282710374009,172.02978652939333,737.7956143491228,1677.2880919063712,67.55915822420766,54.96671985302179,8.350747457905058,0.15717566229277247,13.028224397793128,19.93420903203798,0.26116881293625727,2500.0,13.75,0.55,cooling,0.701,252.0
hot_weather,100,cooling,973.0,171.59843445505885,171.7204305142946,738.6093730456488,1681.9977949888405,68.29065055922598,54.87388854411696,8.350747457905058,0.1934772576157573,12.950922085596932,20.12154466397092,0.26003479842153754,2500.0,13.75,0.55,cooling,0.702,251.0
hot_weather,100,cooling,974.0,171.78448014745976,171.78976186917734,737.5648295916895,1691.8856078467734,67.34484187888891,53.68027165325334,8.350747457905058,0.23714127427277473,12.93486692341689,20.082361979188118,0.25889810575239114,2500.0,13.75,0.55,cooling,0.703,250.0
hot_weather,100,cooling,975.0,171.9709657382349,171.76399905951732,741.539846257264,1684.3168792294507,67.87895617656267,54.33627825053679,8.350747457905058,0.20668865894380162,13.069110206580097,19.83674828868578,0.2577587254141527,2500.0,13.75,0.55,cooling,0.704,249.0
hot_weather,100,cooling,976.0,172.15789279207505,171.40677260181545,738.4721467692825,1687.2746325554463,67.39761213834838,53.872391723684274,8.350747457905058,0.2765584126161004,12.955415550912832,20.04115115872251,0.2566166478469527,2500.0,13.75,0.55,cooling,0.705,248.0
hot_weather,100,cooling,977.0,172.3452628811137,173.13533391436067,739.6984015104946,1678.0219516366153,67.41610587331259,53.94551431851135,8.350747457905058,0.1732796009737089,13.104885076700292,19.845728395495563,0.2554718634454488,2500.0,13.75,0.55,cooling,0.706,247.0
hot_weather,100,cooling,978.0,172.53307758497144,173.30883162641715,736.2883925999416,1682.3959898543594,67.68798593904854,54.535240387438726,8.350747457905058,0.21728897957547771,13.02407604670017,20.259881789747997,0.25432436255855406,2500.0,13.75,0.55,cooling,0.708,246.0
hot_weather,100,cooling,979.0,172.7213384908005,172.63063999517829,735.6908778407915,1684.6194131861132,68.38118370362766,54.68049497231369,8.350747457905058,0.18818382170552775,13.045417914118145,20.27684748771191,0.253174135489165,2500.0,13.75,0.55,cooling,0.709,245.0
hot_weather,100,cooling,980.0,172.91004719332986,172.27169127539509,739.4598554860644,1678.9699007207548,67.7120357913965,53.738584513485456,8.350747457905058,0.13860812669229747,13.021990087529739,19.95078042669442,0.2520211724938862,2500.0,13.75,0.55,cooling,0.71,244.0
hot_weather,100,cooling,981.0,173.09920529491052,173.03210916938804,739.5068841734004,1682.8276653672917,67.4573171456579,53.79089065826716,8.350747457905058,0.17797136777678343,13.135309073418798,20.03913166242305,0.25086546378275376,2500.0,13.75,0.55,cooling,0.711,243.0
hot_weather,100,cooling,982.0,173.28881440556103,174.19366558441916,741.0126813668082,1684.0729922941978,67.0723928485651,53.463045517976404,8.350747457905058,0.17050547406296895,13.02854580582725,20.201757633175806,0.2497069995189568,2500.0,13.75,0.55,cooling,0.712,242.0
hot_weather,100,cooling,983.0,173.4788761430136,173.66271642034906,740.4362096795593,1680.4305634737846,67.40524514471345,53.9023301504273,8.350747457905058,0.23011724551031906,13.03623467091581,19.767874410867194,0.24854576981855603,2500.0,13.75,0.55,cooling,0.714,241.0
hot_weather,100,cooling,984.0,173.6693921327603,174.23731924742708,739.4001534538763,1687.348525581706,67.7262589394091,54.13746783172941,8.350747457905058,0.20710456689421752,12.994513078837654,20.17658770346914,0.24738176475020102,2500.0,13.75,0.55,cooling,0.715,240.0
hot_weather,100,cooling,985.0,173.8603640080997,173.7204326079666,736.8802536920081,1683.391647220193,67.28837252438544,53.441455354748264,8.350747457905058,0.25894237019787203,13.079089585840334,20.69070486288025,0.24621497433484607,2500.0,13.75,0.55,cooling,0.716,239.0
hot_weather,100,cooling,986.0,174.05179341018388,173.73818819785376,744.3145875661088,1691.7723584986197,67.28384419098988,53.68000689984034,8.350747457905058,0.1652872725270511,13.09766693880549,19.863759659989043,0.24504538854546243,2500.0,13.75,0.55,cooling,0.717,238.0
hot_weather,100,cooling,987.0,174.24368198806565,174.37478509973852,735.0467920261574,1684.6869461475753,68.20667283041766,53.87614557756836,8.350747457905058,0.27151846001558094,13.086205081433208,20.019916617862695,0.24387299730674927,2500.0,13.75,0.55,cooling,0.718,237.0
hot_weather,100,cooling,988.0,174.4360313987463,173.87820266224156,743.098283378039,1675.9904221583465,67.5137492192242,53.877941905676145,8.350747457905058,0.1984185706184361,13.051807720855107,20.370770374324326,0.24269779049484308,2500.0,13.75,0.55,cooling,0.72,236.0
hot_weather,100,cooling,989.0,174.62884330722352,174.95370390242533,745.0452995428892,1684.407102653504,68.31352049694641,53.320783047926476,8.350747457905058,0.22067032517561516,13.054172110418452,20.213865934614493,0.24151975793702452,2500.0,13.75,0.55,cooling,0.721,235.0
hot_weather,100,cooling,990.0,174.82211938653978,174.90545461404912,739.1552248748361,1678.4002734036515,67.75563956249091,53.70890653236522,8.350747457905058,0.20134587277700192,13.038854866481833,20.23190078828656,0.2403388894114219,2500.0,13.75,0.55,cooling,0.722,234.0
hot_weather,100,cooling,991.0,175.01586131783102,175.15643399756559,742.5958275962212,1679.4799602418218,67.76277369752681,54.55344480014122,8.350747457905058,0.18339217250256357,13.011149358746287,20.04024109176257,0.23915517464671532,2500.0,13.75,0.55,cooling,0.723,233.0
hot_weather,100,cooling,992.0,175.21007079037568,174.61810575962912,743.0878491601196,1696.0159628143997,67.58536868660347,53.19224471088852,8.350747457905058,0.19151980514911265,13.049176784632643,20.167526660783132,0.23796860332183545,2500.0,13.75,0.55,cooling,0.724,232.0
hot_weather,100,cooling,993.0,175.40474950164418,175.3988204515898,738.2138901633133,1681.57546003679,66.8516731042076,53.9353240190131,8.350747457905058,0.08812741229705685,13.118911119436413,19.893923420999162,0.23677916506566277,2500.0,13.75,0.55,cooling,0.725,231.0
hot_weather,100,cooling,994.0,175.5998991573486,175.93363435554494,743.3019556420747,1679.6021166632222,67.03651348369634,53.261973684259196,8.350747457905058,0.24946289546485745,12.980160136133007,19.9030469258834,0.2355868494567226,2500.0,13.75,0.55,cooling,0.727,230.0
hot_weather,100,cooling,995.0,175.7955214714929,175.08492738311367,743.1678730225804,1681.1451853096103,67.50738035879223,53.834597953001555,8.350747457905058,0.1391205435957366,12.962294752191065,20.195634206926567,0.23439164602287965,2500.0,13.75,0.55,cooling,0.728,229.0
hot_weather,100,cooling,996.0,175.99161816642334,175.9194984143135,745.8406897302424,1682.4783602753432,66.80176819644404,53.609323329817876,8.350747457905058,0.11292365555100899,13.130486513174697,19.91238709068979,0.23319354424102823,2500.0,13.75,0.55,cooling,0.729,228.0
hot_weather,100,cooling,997.0,176.18819097287943,176.8412030198629,742.346533797674,1680.5907305618496,67.02204906707503,53.95889353832109,8.350747457905058,0.22030621111433027,12.969899405150693,19.978182817096464,0.23199253353678329,2500.0,13.75,0.55,cooling,0.73,227.0
hot_weather,100,cooling,998.0,176.38524163004516,175.5202609642775,745.53959706321,1680.904947718492,67.55957018297369,54.121938707658295,8.350747457905058,0.2250896471124106,13.033002214225094,19.945581475013963,0.23078860328416484,2500.0,13.75,0.55,cooling,0.731,226.0
hot_weather,100,cooling,999.0,176.58277188560064,177.1274317797166,746.4812773666156,1688.0074912929313,67.97910482146347,54.56750255333923,8.350747457905058,0.22188129687689317,13.053529252733568,20.033500176481972,0.22958174280528487,2500.0,13.75,0.55,cooling,0.733,225.0
hot_weather,100,cooling,1000.0,176.78078349577402,176.90170741781415,744.1399405988765,1682.9495806033124,66.61050785767964,54.534727348809945,8.350747457905058,0.1556652105733408,13.003608714175128,19.73953442229247,0.22837194137002803,2500.0,13.75,0.55,cooling,0.734,224.0
hot_weather,100,cooling,1001.0,176.97927822539395,177.98720693498043,745.1020443658655,1678.7628632717694,68.31879286568478,54.09258343666222,8.350747457905058,0.1929446341954281,13.051987958363801,20.0026249100232,0.22715918819573266,2500.0,13.75,0.55,cooling,0.735,223.0
hot_weather,100,cooling,1002.0,177.17825784794243,176.50725291717933,745.6182461374237,1686.0784365326122,67.2319826548882,54.26162382379934,8.350747457905058,0.0911161267864038,12.94584810053964,20.283873670973115,0.22594347244686697,2500.0,13.75,0.55,cooling,0.736,222.0
hot_weather,100,cooling,1003.0,177.3777241456078,177.82697437547782,746.0265022251224,1683.4734856332252,67.99485018151456,53.12621897333283,8.350747457905058,0.22623535390808164,13.034183983309289,20.270031360591815,0.2247247832347059,2500.0,13.75,0.55,cooling,0.737,221.0
hot_weather,100,cooling,1004.0,177.57767890933846,177.87770234835418,745.9557340269713,1692.5403221057784,67.89213945131493,53.68165682345892,8.350747457905058,0.2748934899675969,13.127971234933495,19.797265861613816,0.2235031096170026,2500.0,13.75,0.55,cooling,0.739,220.0
hot_weather,100,cooling,1005.0,177.77812393889673,177.63458434214482,739.2969677984864,1677.2624697295596,67.47351742040185,54.126119773574274,8.350747457905058,0.2772895865611319,12.973506014743087,20.134177417407443,0.222278440597659,2500.0,13.75,0.55,cooling,0.74,219.0
hot_weather,100,cooling,1006.0,177.97906104291323,177.69036728638102,743.070772406774,1684.8990622336685,67.40616196003644,54.10412246160081,8.350747457905058,0.2629383886249002,12.892740008211144,20.22468939421008,0.2210507651263942,2500.0,13.75,0.55,cooling,0.741,218.0
hot_weather,100,cooling,1007.0,178.1804920389417,178.53148523352485,749.8903208394369,1681.1111149569276,68.11546362263631,53.62818132295508,8.350747457905058,0.21739777725469336,12.987761795008765,19.93368074855338,0.21982007209840937,2500.0,13.75,0.55,cooling,0.742,217.0
hot_weather,100,cooling,1008.0,178.3824187535141,178.74177677342584,747.5208861659223,1682.175226997555,68.12826849045166,53.71283719518195,8.350747457905058,0.24408506989914724,12.977623645839977,19.884529954091473,0.2185863503540506,2500.0,13.75,0.55,cooling,0.743,216.0
hot_weather,100,cooling,1009.0,178.58484302219614,178.4308734600653,746.7389519296049,1668.9942899009131,66.43363156409995,54.44345306940277,8.350747457905058,0.2834170400260035,13.045695071784957,19.930871995545058,0.21734958867847043,2500.0,13.75,0.55,cooling,0.745,215.0
hot_weather,100,cooling,1010.0,178.78776668964346,178.835129779229,745.1355090654705,1677.6486599740306,68.43016603993716,54.45024774461412,8.350747457905058,0.20746391336686612,13.055838927889752,19.91384470324692,0.2161097758012842,2500.0,13.75,0.55,cooling,0.746,214.0
hot_weather,100,cooling,1011.0,178.99119160965788,178.44785895452205,747.9392264507754,1683.1322636428492,67.58940656388614,54.68520539876288,8.350747457905058,0.16068937322937402,12.9527931043795,20.112354766747206,0.21486690039622602,2500.0,13.75,0.55,cooling,0.747,213.0
hot_weather,100,cooling,1012.0,179.19511964524423,178.8561366424152,746.8193154535505,1679.4749321658228,68.41349797139016,54.177112096414575,8.350747457905058,0.18085689619021797,12.884896623207032,20.16109646680459,0.21362095108080237,2500.0,13.75,0.55,cooling,0.748,212.0
hot_weather,100,cooling,1013.0,179.39955266866775,179.6046749566992,747.3889820160557,1683.6845364765354,67.600991269674,54.95626492327937,8.350747457905058,0.3067782009408694,13.055592584738562,19.58683401869766,0.21237191641594055,2500.0,13.75,0.55,cooling,0.749,211.0
hot_weather,100,cooling,1014.0,179.60449256151162,179.55558896070133,745.9672358053666,1691.6344324133743,67.5164161775962,53.10025399628647,8.350747457905058,0.20271941818357628,13.090718666751528,20.171762061379766,0.21111978490563765,2500.0,13.75,0.55,cooling,0.75,210.0
hot_weather,100,cooling,1015.0,179.80994121473515,179.809315740426,752.8777562593738,1683.5008442628234,68.1211300756671,54.502362929389065,8.350747457905058,0.1819381182556163,13.006864949974345,19.821429102659884,0.20986454499660523,2500.0,13.75,0.55,cooling,0.752,209.0
hot_weather,100,cooling,1016.0,180.01590052873235,179.6485460688753,744.0043532708836,1689.2366400592327,67.20274861401897,53.56414787610055,8.350747457905058,0.18948754340305357,13.072366807276632,19.850528487537986,0.20860618507791084,2500.0,13.75,0.55,cooling,0.753,208.0
hot_weather,100,cooling,1017.0,180.2223724133909,180.2504712376289,752.583782733982,1685.5419703876476,67.38909925134558,54.19464728671894,8.350747457905058,0.26760580916656596,12.980637266260592,19.87113947836538,0.20734469348061824,2500.0,13.75,0.55,cooling,0.754,207.0
hot_weather,100,cooling,1018.0,180.42935878815163,180.269256816361,744.1076772287437,1685.197326866635,67.64425161130592,54.704453274369804,8.350747457905058,0.19499289702456613,12.99892992831325,19.7262903161034,0.20608005847742383,2500.0,13.75,0.55,cooling,0.755,206.0
hot_weather,100,cooling,1019.0,180.63686158206835,180.5703460622608,747.0411610951834,1689.0933907023357,67.86013217354225,54.69024659347223,8.350747457905058,0.2341807393547489,13.046594604197042,19.997436546941316,0.20481226828229127,2500.0,13.75,0.55,cooling,0.756,205.0
hot_weather,100,cooling,1020.0,180.84488273386825,180.71453616035257,748.050969257672,1688.5618234637093,67.31242143850487,53.76390544989167,8.350747457905058,0.2389843555595002,13.000591436628422,19.996373674103616,0.20354131105008189,2500.0,13.75,0.55,cooling,0.758,204.0
hot_weather,100,cooling,1021.0,181.05342419201264,180.69877872310775,747.3403953385184,1689.857001139491,68.43228175462174,52.99718432501505,8.350747457905058,0.15935824293019243,13.027128746878226,20.21912443975834,0.20226717487618406,2500.0,13.75,0.55,cooling,0.759,203.0
hot_weather,100,cooling,1022.0,181.26248791475828,181.1224042647559,743.1754343795145,1687.4660651620284,68.43100970118611,53.94900858671285,8.350747457905058,0.09841446790736248,13.036367763320602,19.864302034188622,0.20098984779613893,2500.0,13.75,0.55,cooling,0.76,202.0
hot_weather,100,cooling,1023.0,181.47207587021907,181.00156068420398,751.440876239297,1680.5411591693755,68.55351084616325,53.53048134614489,8.350747457905058,0.15594284517832135,13.012696179355542,19.839609352045812,0.19970931778526246,2500.0,13.75,0.55,cooling,0.761,201.0
hot_weather,100,cooling,1024.0,181.68219003642818,180.947437887084,750.3030642424303,1684.1094413653336,68.36858083091049,54.308759695861355,8.350747457905058,0.1797977321143579,12.997542035098553,20.12652995251699,0.19842557275826622,2500.0,13.75,0.55,cooling,0.762,200.0
hot_weather,100,cooling,1025.0,181.89283240140082,181.4455393167659,754.0429712588763,1679.3264364606262,68.126341760967,53.94840015577185,8.350747457905058,0.25405771560819346,12.960820780969781,20.15191930074083,0.19713860056887467,2500.0,13.75,0.55,cooling,0.764,199.0
hot_weather,100,cooling,1026.0,182.10400496319733,182.01704720187274,748.6331578233028,1686.2469990421985,67.97521720375211,53.959595623278844,8.350747457905058,0.13843340842577498,13.032145948973826,20.03694727648675,0.19584838900943846,2500.0,13.75,0.55,cooling,0.765,198.0
hot_weather,100,cooling,1027.0,182.31570972998676,182.9042509232688,752.7256054937471,1685.1498829639804,67.95177660857098,54.20593678979358,8.350747457905058,0.3237590211826122,13.14459275509994,20.002198484756896,0.19455492581054668,2500.0,13.75,0.55,cooling,0.766,197.0
hot_weather,100,cooling,1028.0,182.52794872011108,182.96873339861503,747.4833201636812,1682.60498645144,67.77041039416049,54.582080374752046,8.350747457905058,0.19537797739539606,12.961495770458512,19.59392468190917,0.19325819864063465,2500.0,13.75,0.55,cooling,0.767,196.0
hot_weather,100,cooling,1029.0,182.74072396214964,182.32128052663785,751.5281047167589,1685.8902386480788,68.28038361931229,53.627685564549786,8.350747457905058,0.1842680782776443,12.968918614593079,20.12150183127047,0.19195819510558954,2500.0,13.75,0.55,cooling,0.768,195.0
hot_weather,100,cooling,1030.0,182.9540374949844,182.9645831681841,752.0159161781496,1681.7307639544608,68.18269892600416,53.88626630839157,8.350747457905058,0.0863726917223773,13.00416548983819,19.85710894884696,0.1906549027483524,2500.0,13.75,0.55,cooling,0.769,194.0
hot_weather,100,cooling,1031.0,183.16789136786537,183.88680170748282,754.6252391281245,1678.7799789259614,67.1573937803545,54.12049091629238,8.350747457905058,0.17604506015666244,13.058054989502574,20.03299244587564,0.18934830904851796,2500.0,13.75,0.55,cooling,0.771,193.0
hot_weather,100,cooling,1032.0,183.38228764047682,182.59121683356048,750.8472937179595,1669.4039861105275,67.69903817131714,54.489700621678054,8.350747457905058,0.19174515969523237,12.978784929146148,20.017732361819785,0.18803840142193007,2500.0,13.75,0.55,cooling,0.772,192.0
hot_weather,100,cooling,1033.0,183.59722838300385,183.59143865026346,752.6994960287647,1680.8769058942405,66.56068553489312,54.30935319301212,8.350747457905058,0.23248491642691638,13.02378471568131,20.36591548133835,0.18672516722027555,2500.0,13.75,0.55,cooling,0.773,191.0
hot_weather,100,cooling,1034.0,183.81271567619947,183.493626332177,749.5578988318076,1679.8299710748888,68.39568353528455,53.80715547371344,8.350747457905058,0.18667732371830167,13.020825960923656,20.360483408783836,0.18540859373067353,2500.0,13.75,0.55,cooling,0.774,190.0
hot_weather,100,cooling,1035.0,184.02875161145226,183.50650787539317,751.1830819181383,1678.5817935077084,67.49957550707364,53.69919739012007,8.350747457905058,0.17764001687226477,13.078288268035166,20.15591847828931,0.18408866817526293,2500.0,13.75,0.55,cooling,0.775,189.0
hot_weather,100,cooling,1036.0,184.24533829085448,183.71169142015935,752.0431500002247,1695.6319115173071,68.1814768120171,53.82654491640335,8.350747457905058,0.1288909371993084,12.97857266339563,19.90257652881779,0.18276537771078516,2500.0,13.75,0.55,cooling,0.777,188.0
hot_weather,100,cooling,1037.0,184.46247782727073,185.72067286467623,753.6321463649034,1688.6279563130963,67.42974838064421,53.92957368286826,8.350747457905058,0.2842909215324275,13.024315076443608,19.88274142274285,0.18143870942816598,2500.0,13.75,0.55,cooling,0.778,187.0
hot_weather,100,cooling,1038.0,184.68017234440725,184.28024122869715,750.3900781422636,1668.182667207752,67.21479406831325,53.766587460310596,8.350747457905058,0.23243811574691361,13.079561952238523,20.199144571164833,0.18010865035209123,2500.0,13.75,0.55,cooling,0.779,186.0
hot_weather,100,cooling,1039.0,184.89842397688156,185.1987118061607,750.9271281466727,1686.5682439638151,67.68427010511033,53.76873946238609,8.350747457905058,0.24095656650144096,12.941592950650708,19.844265566816215,0.17877518744058118,2500.0,13.75,0.55,cooling,0.78,185.0
hot_weather,100,cooling,1040.0,185.11723487029275,185.9030916520003,751.0959189811948,1676.9292251578065,67.59731595737739,54.04810809819066,8.350747457905058,0.18095205917304724,12.969699683038364,20.187443427555046,0.17743830758456225,2500.0,13.75,0.55,cooling,0.781,184.0
hot_weather,100,cooling,1041.0,185.33660718129232,186.161064793801,751.8060791333429,1687.9697392597893,67.54127368763052,54.882906921591996,8.350747457905058,0.3004843282112419,13.01662168580606,19.954182881688872,0.1760979976074324,2500.0,13.75,0.55,cooling,0.783,183.0
hot_weather,100,cooling,1042.0,185.5565430776556,185.4680250419046,763.5610854261695,1679.595620760658,68.16479702583356,53.74037282960421,8.350747457905058,0.24368082514403694,13.020070324524852,20.04978285674419,0.17475424426462705,2500.0,13.75,0.55,cooling,0.784,182.0
hot_weather,100,cooling,1043.0,185.77704473835357,185.76567262436365,757.295065720286,1684.1563282068435,67.6168448513044,54.04758020641938,8.350747457905058,0.1727234437486932,12.966096014413523,19.936137666739683,0.1734070342431776,2500.0,13.75,0.55,cooling,0.785,181.0
hot_weather,100,cooling,1044.0,185.99811435362548,186.40313194989054,755.3497474191926,1679.941561306752,67.7693784924338,53.6392931500936,8.350747457905058,0.22578920270073935,13.069571801042011,20.032414716892507,0.17205635416126996,2500.0,13.75,0.55,cooling,0.786,180.0
hot_weather,100,cooling,1045.0,186.2197541250518,185.99011273848544,753.5595976115244,1690.0821707177206,67.38521625610731,53.8940648532438,8.350747457905058,0.14674347068877852,13.077362484554568,19.93378719099982,0.17070219056779812,2500.0,13.75,0.55,cooling,0.787,179.0
hot_weather,100,cooling,1046.0,186.44196626562783,186.17168467335773,758.4169656768061,1677.716749090708,68.06833113650583,54.05583652956711,8.350747457905058,0.2674919925210275,13.068652719769375,20.435875767989902,0.16934452994191362,2500.0,13.75,0.55,cooling,0.788,178.0
hot_weather,100,cooling,1047.0,186.66475299983802,186.63578650457546,758.1825404171896,1686.5930962946218,67.65930483494493,53.64188037043342,8.350747457905058,0.2643565639502013,13.011327000628423,20.036617640492203,0.16798335869257297,2500.0,13.75,0.55,cooling,0.79,177.0
hot_weather,100,cooling,1048.0,186.88811656373062,186.80383791511247,758.1161583083918,1677.087432070199,68.007254775051,54.14345912278286,8.350747457905058,0.17475515671368136,12.931634046652864,20.047068115927566,0.16661866315808016,2500.0,13.75,0.55,cooling,0.791,176.0
hot_weather,100,cooling,1049.0,187.11205920499313,187.86700093206235,754.4427044709354,1683.3563052584473,67.37288722281664,54.689088278923435,8.350747457905058,0.11634996513088952,13.142236994606476,19.772832887887883,0.16525042960562653,2500.0,13.75,0.55,cooling,0.792,175.0
hot_weather,100,cooling,1050.0,187.3365831830282,187.42843129242638,763.7754458097417,1689.5738519342394,66.64537816110152,54.73978390609325,8.350747457905058,0.2149530732506265,13.004223461324177,19.960248937399648,0.16387864423082665,2500.0,13.75,0.55,cooling,0.793,174.0
hot_weather,100,cooling,1051.0,187.5616907690302,188.44644483344547,760.7174008653818,1678.814840770328,67.42613487211999,54.71132646631273,8.350747457905058,0.1768451291333774,13.004419275293271,20.16292861777212,0.16250329315725098,2500.0,13.75,0.55,cooling,0.794,173.0
hot_weather,100,cooling,1052.0,187.7873842460624,187.78031527145242,761.9071661141298,1681.6408454693683,67.73424867155063,53.91731312978265,8.350747457905058,0.1848319696747256,13.063757275071774,20.3739669232154,0.16112436243595352,2500.0,13.75,0.55,cooling,0.796,172.0
hot_weather,100,cooling,1053.0,188.01366590913472,188.7444261559153,758.3816141657601,1680.0282688857314,68.29932053120685,54.44985315745976,8.350747457905058,0.12416526905073953,13.03723963454357,20.02301786601746,0.15974183804499742,2500.0,13.75,0.55,cooling,0.797,171.0
hot_weather,100,cooling,1054.0,188.24053806528204,186.90707995470706,765.3863181425687,1684.4653346954672,67.64434591288,54.356395909813784,8.350747457905058,0.20623589492163455,13.003490337195057,20.1878219244539,0.1583557058889764,2500.0,13.75,0.55,cooling,0.798,170.0
hot_weather,100,cooling,1055.0,188.4680030336433,189.09539254290533,760.6651399320839,1692.3984520711751,66.8276829055996,53.69934403328418,8.350747457905058,0.19048260714686666,13.032242359611468,20.20242889728942,0.15696595179853112,2500.0,13.75,0.55,cooling,0.799,169.0
hot_weather,100,cooling,1056.0,188.6960631455411,188.00379208935271,757.0877715371905,1679.9354366896684,68.3205891347893,54.403322954613245,8.350747457905058,0.2310728178472481,13.009356710480988,19.860429335436223,0.15557256152986343,2500.0,13.75,0.55,cooling,0.8,168.0
hot_weather,100,cooling,1057.0,188.92472074456185,189.55846325591068,762.9166778980955,1683.9422090313628,67.46007778612089,54.84987113831638,8.350747457905058,0.26274324069305016,13.098436000833692,19.90778592118595,0.15417552076424657,2500.0,13.75,0.55,cooling,0.802,167.0
hot_weather,100,cooling,1058.0,189.15397818663678,189.63871004951474,757.1467640711122,1673.6465050010747,68.06245616063387,53.9123353010482,8.350747457905058,0.16943349086594506,12.995791335036419,19.805995132867817,0.15277481510752922,2500.0,13.75,0.55,cooling,0.803,166.0
hot_weather,100,cooling,1059.0,189.38383784012342,190.09385347713092,759.468872826359,1692.4640378500358,66.656457725902,53.79713481263311,8.350747457905058,0.2619799027084224,13.029985808136841,19.954045269480215,0.15137043008963924,2500.0,13.75,0.55,cooling,0.804,165.0
hot_weather,100,cooling,1060.0,189.61430208588772,189.6468882726649,755.1406266646785,1689.2840672869881,66.68300372371792,54.86582161855372,8.350747457905058,0.248324771808207,13.113775400630336,19.98491537772159,0.14996235116408085,2500.0,13.75,0.55,cooling,0.805,164.0
hot_weather,100,cooling,1061.0,189.845373317387,189.76760561384904,763.753345619515,1687.1300419529382,67.28946293545053,54.31677111266855,8.350747457905058,0.18121718723024288,13.004043561629251,20.24527622674887,0.14855056370742825,2500.0,13.75,0.55,cooling,0.806,163.0
hot_weather,100,cooling,1062.0,190.0770539407533,189.69272261163653,758.5651602252736,1684.4479112819936,67.3101045605517,53.5160795188416,8.350747457905058,0.11859271359534426,12.98048411295263,19.869176333579354,0.1471350530188158,2500.0,13.75,0.55,cooling,0.807,162.0
hot_weather,100,cooling,1063.0,190.30934637487772,190.47432209782573,756.8486676907414,1674.2505795701234,67.78377757338482,54.6223112038454,8.350747457905058,0.19257193311719145,13.005000181073347,19.977846757556716,0.1457158043194241,2500.0,13.75,0.55,cooling,0.809,161.0
hot_weather,100,cooling,1064.0,190.54225305149504,191.26777818915738,758.749503721888,1690.4009041888428,67.8006591822579,54.170689777158735,8.350747457905058,0.1814432202774142,12.995283360929557,20.13542451886077,0.14429280275196144,2500.0,13.75,0.55,cooling,0.81,160.0
hot_weather,100,cooling,1065.0,190.77577641526938,190.51399832614277,753.5944630699597,1693.0241158337146,67.481873946703,54.093538343071906,8.350747457905058,0.21711721179389387,12.965944341315181,19.92439398711208,0.14286603338014126,2500.0,13.75,0.55,cooling,0.811,159.0
hot_weather,100,cooling,1066.0,191.00991892388035,190.81251518525517,765.587434319702,1679.7557974562842,68.22061738484501,55.043758473461914,8.350747457905058,0.09266011944760655,12.964575392172428,19.84425115819965,0.1414354811881553,2500.0,13.75,0.55,cooling,0.812,158.0
hot_weather,100,cooling,1067.0,191.2446830481099,191.61334182803924,767.2884090170584,1675.9875406656486,67.84784432653929,54.04153223604141,8.350747457905058,0.23543062215600927,13.007146318091207,20.068391719665428,0.1400011310801439,2500.0,13.75,0.55,cooling,0.813,157.0
hot_weather,100,cooling,1068.0,191.48007127192997,190.8372758010979,762.4904747170192,1675.0459579347842,68.4666225455407,53.28261214974047,8.350747457905058,0.2518591337421864,13.018476361952155,20.14748521298665,0.13856296787965916,2500.0,13.75,0.55,cooling,0.815,156.0
hot_weather,100,cooling,1069.0,191.71608609259076,191.7925633698651,769.6290794877119,1689.4088889950406,68.1787275086757,53.82909990752118,8.350747457905058,0.17586947316867402,12.985952470602806,19.850935070751984,0.1371209763291269,2500.0,13.75,0.55,cooling,0.816,155.0
hot_weather,100,cooling,1070.0,191.95273002070965,191.98006727781538,766.1511935984055,1687.4972765234024,67.3706435772613,52.848590212579836,8.350747457905058,0.193371183981502,13.012873497417747,20.131272260960344,0.13567514108930256,2500.0,13.75,0.55,cooling,0.817,154.0
hot_weather,100,cooling,1071.0,192.19000558036103,191.6251542135657,768.0522856213959,1685.700747753112,67.74573941717891,54.34335708427287,8.350747457905058,0.23805043170591533,13.055942749103087,19.850877754657684,0.1342254467387225,2500.0,13.75,0.55,cooling,0.818,153.0
hot_weather,100,cooling,1072.0,192.4279153091667,191.6330228593726,768.360500476964,1677.9747396186256,68.0206125655889,54.18349610290432,8.350747457905058,0.20674698727814161,12.952010056276949,20.135162873972337,0.13277187777315191,2500.0,13.75,0.55,cooling,0.819,152.0
hot_weather,100,cooling,1073.0,192.66646175838707,192.64759899216028,768.553599401785,1683.9594897160384,67.51980406410759,53.72889764495101,8.350747457905058,0.18353140775679466,13.033730215354216,20.12869908554359,0.1313144186050279,2500.0,13.75,0.55,cooling,0.821,151.0
hot_weather,100,cooling,1074.0,192.905647493013,193.0408431174022,763.7121638146987,1682.2755145192482,66.90968886758203,54.32860009087792,8.350747457905058,0.17988996723812875,12.967113218623927,20.024739660081227,0.12985305356289722,2500.0,13.75,0.55,cooling,0.822,150.0
hot_weather,100,cooling,1075.0,193.14547509185851,193.30518676162822,768.1910782547823,1684.8888858915882,67.45788778467418,54.55175818905048,8.350747457905058,0.22653864672047308,13.010252913324145,19.785698344811387,0.12838776689085085,2500.0,13.75,0.55,cooling,0.823,149.0
hot_weather,100,cooling,1076.0,193.38594714765424,193.03056432486153,765.1305574144973,1679.2363648819362,67.52790964655085,54.45377476149892,8.350747457905058,0.2092160866534283,13.032758257858285,19.810541181474076,0.1269185427479529,2500.0,13.75,0.55,cooling,0.824,148.0
hot_weather,100,cooling,1077.0,193.62706626714152,193.1690122839683,767.2754907416165,1688.0231547389196,69.29462811978198,54.338582703155225,8.350747457905058,0.20953429900726164,13.004634759936138,19.89873243390956,0.12544536520766547,2500.0,13.75,0.55,cooling,0.825,147.0
hot_weather,100,cooling,1078.0,193.86883507116735,193.04435572905243,770.2652794798288,1678.4085260050833,67.52639336913133,54.10861292429713,8.350747457905058,0.16707155149545416,13.042456087375859,20.141853077527117,0.12396821825726856,2500.0,13.75,0.55,cooling,0.827,146.0
hot_weather,100,cooling,1079.0,194.1112561947802,194.7250849937624,763.4288304446767,1692.45663264387,67.02534277037455,53.93557635668398,8.350747457905058,0.09794787921099941,12.983529015642707,19.95598283401332,0.12248708579727507,2500.0,13.75,0.55,cooling,0.828,145.0
hot_weather,100,cooling,1080.0,194.35433228732637,193.30044228509553,768.5527722131211,1681.513645416862,67.57572736902027,54.67408632511338,8.350747457905058,0.1626339378650964,13.073824550328379,19.576413229834507,0.12100195164084093,2500.0,13.75,0.55,cooling,0.829,144.0
hot_weather,100,cooling,1081.0,194.59806601254738,194.68052987462426,767.3198212770484,1687.1943458564615,68.2945800146796,53.914630384287406,8.350747457905058,0.19148493658546226,12.999716343169846,19.84317758796224,0.11951279951317195,2500.0,13.75,0.55,cooling,0.83,143.0
hot_weather,100,cooling,1082.0,194.84246004867796,195.26523454321867,772.8116253784904,1680.9537466505483,68.04161316113809,53.72898078274758,8.350747457905058,0.19803304048779585,13.015985082492055,19.879898020513608,0.11801961305092301,2500.0,13.75,0.55,cooling,0.831,142.0
hot_weather,100,cooling,1083.0,195.08751708854504,194.99721750792332,769.3913312308667,1675.6904373776692,68.57156983224613,54.69506032503057,8.350747457905058,0.294206539230386,12.933036498354687,20.11322768401146,0.1165223758015953,2500.0,13.75,0.55,cooling,0.832,141.0
hot_weather,100,cooling,1084.0,195.33323983966733,196.29165838958195,772.5175476132132,1679.756417586259,67.7927415800163,53.68799350657669,8.350747457905058,0.26459179873108657,12.940427975865749,20.146241011847998,0.11502107122292593,2500.0,13.75,0.55,cooling,0.834,140.0
hot_weather,100,cooling,1085.0,195.57963102435596,195.95445635092196,773.4741901063353,1684.6755302082388,67.33783251659617,54.43897720981977,8.350747457905058,0.1901580464737542,13.057547764590014,20.273474143553667,0.11351568268227452,2500.0,13.75,0.55,cooling,0.835,139.0
hot_weather,100,cooling,1086.0,195.82669337981574,196.0834874206482,768.330947746349,1671.4873378078355,67.32763084403824,54.34137234177037,8.350747457905058,0.24127068902323523,13.095923214197878,19.339983924841572,0.11200619345600415,2500.0,13.75,0.55,cooling,0.836,138.0
hot_weather,100,cooling,1087.0,196.07442965824734,196.06285751463363,774.575421372844,1680.4162403029782,67.64885668664975,53.97141245527838,8.350747457905058,0.23870373805424838,12.980138402535387,19.878886724232448,0.11049258672885665,2500.0,13.75,0.55,cooling,0.837,137.0
hot_weather,100,cooling,1088.0,196.32284262695043,196.25879388245437,770.1639075104853,1676.4905619437202,66.83829947576743,54.61801925431699,8.350747457905058,0.19730138003410413,13.072390578284807,19.998647329389097,0.10897484559332293,2500.0,13.75,0.55,cooling,0.838,136.0
hot_weather,100,cooling,1089.0,196.57193506842742,195.46341181863252,771.1654977830755,1675.9669711706679,67.84097737506703,55.03983217128744,8.350747457905058,0.17424516148894356,13.07089167550882,20.21388513538058,0.10745295304900893,2500.0,13.75,0.55,cooling,0.84,135.0
hot_weather,100,cooling,1090.0,196.82170978048825,197.24207428278964,772.6658040143723,1688.221405515834,67.33597266539421,53.4732616792397,8.350747457905058,0.2451027788555885,12.991335825252852,19.948221347878807,0.10592689200199523,2500.0,13.75,0.55,cooling,0.841,134.0
hot_weather,100,cooling,1091.0,197.072169576356,196.67367725799937,775.4174407832693,1687.2812811556316,68.56966999739574,53.90300739229088,8.350747457905058,0.14425796195033544,13.008293171638647,19.964788881552664,0.10439664526419223,2500.0,13.75,0.55,cooling,0.842,133.0
hot_weather,100,cooling,1092.0,197.32331728477345,197.37649572271027,766.7639355261798,1677.6790823149852,68.06007802865302,54.45230140929596,8.350747457905058,0.20692929459143722,13.014684825874674,19.95511956190242,0.10286219555268872,2500.0,13.75,0.55,cooling,0.843,132.0
hot_weather,100,cooling,1093.0,197.57515575011027,197.9899223959358,771.2791819954373,1681.3751122550939,68.00788756840288,55.07304705767939,8.350747457905058,0.26059789092865787,13.103819586899045,19.77379436597574,0.10132352548909707,2500.0,13.75,0.55,cooling,0.844,131.0
hot_weather,100,cooling,1094.0,197.82768783247147,198.23532634127255,775.2179473172556,1684.9338072751736,68.13452797801494,54.310466421305335,8.350747457905058,0.24021278650964575,12.992148033702673,20.245159019235718,0.0997806175988909,2500.0,13.75,0.55,cooling,0.846,130.0
hot_weather,100,cooling,1095.0,198.08091640780643,198.81143185196345,773.446673819979,1685.200473305863,67.81339176067623,54.40775264711712,8.350747457905058,0.22391836424907988,13.014929384721855,19.986088824496026,0.09823345431073793,2500.0,13.75,0.55,cooling,0.847,129.0
hot_weather,100,cooling,1096.0,198.33484436801908,198.66931910753172,775.2102601290601,1680.9735689102963,67.08899665451176,53.77248683123229,8.350747457905058,0.2002378114942675,12.962758061103589,20.22210962640943,0.09668201795582876,2500.0,13.75,0.55,cooling,0.848,128.0
hot_weather,100,cooling,1097.0,198.58947462107886,198.76776648536452,770.9932110624445,1681.027854702238,67.97574083130176,54.00628202120163,8.350747457905058,0.1642928851578119,13.033914496327364,20.039347093885347,0.0951262907671967,2500.0,13.75,0.55,cooling,0.849,127.0
hot_weather,100,cooling,1098.0,198.84481009113264,199.9964236460771,770.7701283160162,1682.8578269293284,66.81296912422974,53.302829405335025,8.350747457905058,0.16779624143912927,13.047479437485,19.859422796981146,0.09356625487903558,2500.0,13.75,0.55,cooling,0.85,126.0
hot_weather,100,cooling,1099.0,199.10085371861757,199.02212883336676,769.4504172009429,1678.865118318106,67.53310116432714,54.58780324235668,8.350747457905058,0.12515963444595402,13.06272398028453,20.01639622483981,0.09200189232600964,2500.0,13.75,0.55,cooling,0.851,125.0
hot_weather,100,cooling,1100.0,199.35760846037493,200.71556129096265,774.0221239656298,1680.9408603796342,67.47245271836535,55.01582778862935,8.350747457905058,0.2070445380841655,13.019418305154346,20.023072734075097,0.0904331850425577,2500.0,13.75,0.55,cooling,0.853,124.0
hot_weather,100,cooling,1101.0,199.61507728976494,199.86990538335166,774.5065364745539,1685.8409012937304,66.89019867988803,55.59314307406084,8.350747457905058,0.22539864909849136,13.005982320859687,19.841092690021387,0.08886011486219192,2500.0,13.75,0.55,cooling,0.854,123.0
hot_weather,100,cooling,1102.0,199.8732631967824,198.90162805254363,774.8773629879472,1693.9601251619072,67.6499469651587,54.3594120344004,8.350747457905058,0.2478646310020716,13.033623302582,20.066257085070436,0.08728266351679204,2500.0,13.75,0.55,cooling,0.855,122.0
hot_weather,100,cooling,1103.0,200.13216918817352,199.78955712290772,773.1908737677965,1692.5624249505543,67.5571128419494,55.02468886922851,8.350747457905058,0.16248734248585966,13.02670844281168,20.060676895780357,0.08570081263589002,2500.0,13.75,0.55,cooling,0.856,121.0
hot_weather,100,cooling,1104.0,200.3917982875535,200.5104928524643,771.6472322087097,1681.672772783994,68.17141459600913,54.256301752069845,8.350747457905058,0.1968209854461209,13.037300267566552,20.322708166714822,0.08411454374595317,2500.0,13.75,0.55,cooling,0.857,120.0
hot_weather,100,cooling,1105.0,200.65215353552537,200.76814774326445,780.108697504109,1684.4444158912152,67.56020057548525,53.56543621646783,8.350747457905058,0.2404647554662872,13.005399616164429,20.088053505074807,0.08252383826965726,2500.0,13.75,0.55,cooling,0.859,119.0
hot_weather,100,cooling,1106.0,200.91323798979954,200.75870179141825,769.6366670599772,1680.7893180816116,67.04520656840653,54.29526379336463,8.350747457905058,0.18388906541566466,12.945612762226121,19.777346452094868,0.08092867752515542,2500.0,13.75,0.55,cooling,0.86,118.0
hot_weather,100,cooling,1107.0,201.17505472531465,201.2067448669358,781.7318650139547,1687.678028156249,67.62920063456669,54.16487399026608,8.350747457905058,0.21709902083003293,12.969184985764599,19.98920287371553,0.07932904272534214,2500.0,13.75,0.55,cooling,0.861,117.0
hot_weather,100,cooling,1108.0,201.43760683435926,201.31149671113445,775.5577588407858,1674.3970323025633,67.69403897457865,53.93201007516989,8.350747457905058,0.14708294464583796,12.996068308660488,20.04012754499865,0.07772491497710687,2500.0,13.75,0.55,cooling,0.862,116.0
hot_weather,100,cooling,1109.0,201.7008974266946,202.57145279363166,780.1874014091966,1683.078500456184,67.08962828597095,54.70172567417195,8.350747457905058,0.18706934894709878,13.026869748930016,19.88786666148027,0.07611627528058595,2500.0,13.75,0.55,cooling,0.863,115.0
hot_weather,100,cooling,1110.0,201.96492962967852,201.42362356527312,773.085999708905,1691.133347670995,67.72441470647044,53.88481733727137,8.350747457905058,0.23663634952330084,12.965120470554947,20.06130116599741,0.07450310452840492,2500.0,13.75,0.55,cooling,0.865,114.0
hot_weather,100,cooling,1111.0,202.22970658839017,201.7000548124451,779.6142148404953,1686.0725943037257,67.46425630674541,53.07290851215442,8.350747457905058,0.202324138624746,13.015048647938688,20.12867070828708,0.07288538350491647,2500.0,13.75,0.55,cooling,0.866,113.0
hot_weather,100,cooling,1112.0,202.49523146575612,201.81534415332098,782.0299565357736,1683.9774914457564,67.6441060572625,54.29368197035806,8.350747457905058,0.11548179620463117,13.017978671810647,20.060355746213304,0.07126309288542987,2500.0,13.75,0.55,cooling,0.867,112.0
hot_weather,100,cooling,1113.0,202.76150744267733,203.22025494046335,777.3184287059213,1685.5559617945348,67.61410840747355,54.487161680463565,8.350747457905058,0.1469940434335477,13.045422312098069,20.042929710542154,0.06963621323543556,2500.0,13.75,0.55,cooling,0.868,111.0
hot_weather,100,cooling,1114.0,203.02853771815728,203.53155115748928,780.5996578521068,1683.1812889542355,66.8919855536824,54.07064345227633,8.350747457905058,0.26167981076749763,13.028660293179401,19.841663638722146,0.06800472500982191,2500.0,13.75,0.55,cooling,0.869,110.0
hot_weather,100,cooling,1115.0,203.29632550943117,203.5035642192823,783.8206664768888,1676.554226392033,67.61804876699021,53.8770647804588,8.350747457905058,0.22278853340795837,12.946096915828836,19.69050293144983,0.06636860855208626,2500.0,13.75,0.55,cooling,0.87,109.0
hot_weather,100,cooling,1116.0,203.56487405209623,203.5809395890729,780.3909771186376,1686.0985471775653,66.72157440542132,53.77762292914078,8.350747457905058,0.16713063440793646,13.063512637535737,19.985835297580337,0.06472784409353838,2500.0,13.75,0.55,cooling,0.872,108.0
hot_weather,100,cooling,1117.0,203.83418660024324,203.60453141288872,780.5033941745409,1689.9580488281579,67.55404595023518,54.49962271381578,8.350747457905058,0.19112454631194817,13.01974948222986,20.21323172865266,0.06308241175249707,2500.0,13.75,0.55,cooling,0.873,107.0
hot_weather,100,cooling,1118.0,204.10426642658902,203.89983078577814,778.2982622907892,1681.671760075297,67.70650216215438,53.36711472029036,8.350747457905058,0.25257854589560513,13.133440347529806,20.096966683680833,0.061432291533481065,2500.0,13.75,0.55,cooling,0.874,106.0
hot_weather,100,cooling,1119.0,204.3751168226102,204.65197168854888,783.6749446951262,1687.2636538886084,67.30435076050283,53.7239404450921,8.350747457905058,0.20906140104260912,13.035944980265494,20.04458505613266,0.059777463326390556,2500.0,13.75,0.55,cooling,0.875,105.0
hot_weather,100,cooling,1120.0,204.64674109867812,204.47193608053303,783.3350745598144,1676.5132103521048,66.21628550489989,54.28241633636536,8.350747457905058,0.2237718956010266,13.074890592174615,19.98049750942364,0.058117906905684746,2500.0,13.75,0.55,cooling,0.876,104.0
hot_weather,100,cooling,1121.0,204.91914258419484,204.42446339739396,784.6130824400886,1680.584601928334,67.55408968945999,54.486778739797664,8.350747457905058,0.2157253738537583,13.02179551685803,19.969135957266975,0.05645360192954896,2500.0,13.75,0.55,cooling,0.878,103.0
hot_weather,100,cooling,1122.0,205.19232462773041,205.57352851776795,779.4761205330794,1681.9228185840145,67.42974615058506,53.92594965639468,8.350747457905058,0.3782818168195602,13.049089713047376,20.308516471580127,0.054784527939057415,2500.0,13.75,0.55,cooling,0.879,102.0
hot_weather,100,cooling,1123.0,205.46629059716125,205.36514990099926,781.1565142246336,1683.8703958850044,67.49109783296379,53.20083049737848,8.350747457905058,0.10753373697228041,12.995289152341908,20.139211808632147,0.053110664357327475,2500.0,13.75,0.55,cooling,0.88,101.0
hot_weather,100,cooling,1124.0,205.7410438798098,205.85152057540154,780.9094403584284,1675.8194659965393,67.95709295865953,53.81631887624259,8.350747457905058,0.2396920579669514,13.012043574130903,20.200164464176552,0.05143199048866531,2500.0,13.75,0.55,cooling,0.881,100.0
hot_weather,100,cooling,1125.0,206.01658788258536,205.52540497790687,779.5410239705121,1678.9277729787393,68.01378537894848,54.51538777105391,8.350747457905058,0.17803182936969916,13.008437251299432,19.869456557066126,0.0497484855177075,2500.0,13.75,0.55,cooling,0.882,99.0
hot_weather,100,cooling,1126.0,206.2929260321261,206.5641938394911,782.4887975502356,1683.6148453047867,67.10132367444947,53.21678510060249,8.350747457905058,0.31706056096191987,13.016955172566211,20.38306269995367,0.0480601285085509,2500.0,13.75,0.55,cooling,0.884,98.0
hot_weather,100,cooling,1127.0,206.57006177494247,205.67219663921298,778.784146314804,1680.0371903306054,67.50751828301648,52.828574032721804,8.350747457905058,0.2024402824471425,13.066543117790916,19.916248152403377,0.04636689840387853,2500.0,13.75,0.55,cooling,0.885,97.0
hot_weather,100,cooling,1128.0,206.84799857756173,206.67585081258952,784.8742146801058,1679.887158867898,67.27930360445058,53.67152453039488,8.350747457905058,0.14220790783193268,12.969596493876981,19.95170127690426,0.04466877402407554,2500.0,13.75,0.55,cooling,0.886,96.0
hot_weather,100,cooling,1129.0,207.12673992667365,206.6026171881508,783.2019385938889,1682.7245220632478,66.94385017507923,54.63465262587813,8.350747457905058,0.21792412415757415,12.976757359781528,19.816703488434943,0.04296573406633897,2500.0,13.75,0.55,cooling,0.887,95.0
hot_weather,100,cooling,1130.0,207.40628932927785,206.9887725910399,788.0090594657523,1679.9989479654434,67.25950645782734,53.7365516610378,8.350747457905058,0.3152061383789638,13.074802804724264,20.32963805346479,0.04125775710377799,2500.0,13.75,0.55,cooling,0.888,94.0
hot_weather,100,cooling,1131.0,207.68665031283197,207.497652688857,782.4881205252645,1673.50958909839,67.85380874362633,52.98460500407877,8.350747457905058,0.22566102926280562,13.012995452967813,19.863616278190545,0.039544821584508116,2500.0,13.75,0.55,cooling,0.889,93.0
hot_weather,100,cooling,1132.0,207.96782642540154,207.7858655650815,780.3824622705421,1681.7951969178253,68.35600253728282,53.42117746660638,8.350747457905058,0.24818225463883667,12.935066859632562,19.982686900758452,0.037826905830736335,2500.0,13.75,0.55,cooling,0.891,92.0
hot_weather,100,cooling,1133.0,208.24982123581094,207.7902891560388,784.0671975067888,1691.3997323696997,67.70468097962711,53.4585677306289,8.350747457905058,0.2100963940340755,13.033833120166058,19.96021902115339,0.03610398803783732,2500.0,13.75,0.55,cooling,0.892,91.0
hot_weather,100,cooling,1134.0,208.53263833379572,207.71081580046015,787.3801712075808,1679.2339936555722,68.16185001865024,54.423785049717964,8.350747457905058,0.26362118031954596,12.993308616715415,20.189692404602535,0.03437604627342483,2500.0,13.75,0.55,cooling,0.893,90.0
hot_weather,100,cooling,1135.0,208.81628133015636,208.27911522050852,785.4931192226178,1681.813996215672,67.47084157537503,53.54652060655353,8.350747457905058,0.09892416907260226,12.987320094693844,19.871950701462193,0.03264305847641036,2500.0,13.75,0.55,cooling,0.894,89.0
hot_weather,100,cooling,1136.0,209.10075385691331,210.25701162398815,789.8080347437125,1688.1953836218563,67.17080623099712,53.63229105392181,8.350747457905058,0.20059689544893536,12.940459563027801,19.94310325584495,0.030905002456057207,2500.0,13.75,0.55,cooling,0.895,88.0
hot_weather,100,cooling,1137.0,209.38605956746346,208.43097742237103,787.2837266002317,1685.8281595730841,68.0523924061183,54.063689063493456,8.350747457905058,0.176828877836706,12.962409212735999,19.919963401769042,0.02916185589102338,2500.0,13.75,0.55,cooling,0.897,87.0
hot_weather,100,cooling,1138.0,209.6722021367379,209.95616689317012,788.1037225820337,1685.3998718655048,67.4632059569089,54.79595847626113,8.350747457905058,0.32824134957166096,13.088206458742274,20.02723162700369,0.027413596328399015,2500.0,13.75,0.55,cooling,0.898,86.0
hot_weather,100,cooling,1139.0,209.95918526136123,209.64906052476184,783.7234130320785,1672.249649024285,67.77364116927656,53.5406507966153,8.350747457905058,0.15484130581253938,13.084602446112433,19.76945187916492,0.0256602011827316,2500.0,13.75,0.55,cooling,0.899,85.0
hot_weather,100,cooling,1140.0,210.24701265981213,210.77415570713254,788.42744628487,1680.8163345355322,66.8387998403062,53.78630502348321,8.350747457905058,0.2072802945396999,12.941661374611751,19.985776674283578,0.023901647735046216,2500.0,13.75,0.55,cooling,0.9,84.0
hot_weather,100,cooling,1141.0,210.5356880725855,211.18440623973993,789.2948478874813,1690.122674727134,67.41555411826128,54.449937732493105,8.350747457905058,0.131351850265147,13.000726464881286,19.821606947719822,0.022137913131854203,2500.0,13.75,0.55,cooling,0.901,83.0
hot_weather,100,cooling,1142.0,210.82521526235593,211.8717302643993,792.3235372268139,1683.767803120782,67.13510759936047,54.07905458820925,8.350747457905058,0.1923525048657017,13.03913995882085,20.490972728708286,0.020368974384154193,2500.0,13.75,0.55,cooling,0.903,82.0
hot_weather,100,cooling,1143.0,211.11559801414276,211.11460477196897,792.1853474176343,1686.128767602247,67.5364525856646,54.340908254403026,8.350747457905058,0.2472852069765677,13.114591183137987,20.304133290482586,0.018594808366424576,2500.0,13.75,0.55,cooling,0.904,81.0
hot_weather,100,cooling,1144.0,211.4068401354765,211.15520542270121,788.3084058211548,1680.2193617358926,67.66376152553794,54.04773505689289,8.350747457905058,0.273994868865094,12.900722895506988,20.136793588026368,0.016815391815605762,2500.0,13.75,0.55,cooling,0.905,80.0
hot_weather,100,cooling,1145.0,211.6989454565668,211.9779653115005,792.3904787410785,1681.9550258680474,67.23210918775224,53.70079766800792,8.350747457905058,0.25946749649897904,13.070042983680127,20.23281647730358,0.015030701330074336,2500.0,13.75,0.55,cooling,0.906,79.0
hot_weather,100,cooling,1146.0,211.99191783047195,212.41046476649169,786.8008189174108,1685.1040960180546,67.47820025219073,54.249403951131605,8.350747457905058,0.13395943813939926,12.964766019405069,20.248878082768705,0.013240713368607437,2500.0,13.75,0.55,cooling,0.907,78.0
hot_weather,100,cooling,1147.0,212.2857611332698,212.46647364052524,789.115578795361,1688.7626251798333,67.93783668123714,54.088030402206755,8.350747457905058,0.16900020560595266,13.11044763328765,19.946700650418073,0.011445404249338043,2500.0,13.75,0.55,cooling,0.908,77.0
hot_weather,100,cooling,1148.0,212.5804792642304,213.42428948386737,787.1516085513404,1682.6724870639628,67.56130920146454,53.690999657740335,8.350747457905058,0.20368840862823376,13.0205874086279,20.081179294800524,0.009644750148701475,2500.0,13.75,0.55,cooling,0.91,76.0
hot_weather,100,cooling,1149.0,212.87607614599,213.1855415676195,796.613934456376,1679.2102355007717,67.44842710951897,54.09159651796799,8.350747457905058,0.1653905630104853,12.96652921804797,19.777398214192868,0.007838727100371035,2500.0,13.75,0.55,cooling,0.911,75.0
hot_weather,100,cooling,1150.0,213.17255572472675,214.04246139793113,795.4031933771378,1687.1794371534368,67.27663866096894,53.288777037012,8.350747457905058,0.14409159013579148,13.035379469639208,19.88689019538813,0.006027310994183965,2500.0,13.75,0.55,cooling,0.912,74.0
hot_weather,100,cooling,1151.0,213.46992197033796,213.4134210113197,790.6371905861477,1678.2051875866034,67.50244911849941,54.04859425663554,8.350747457905058,0.2379570049535826,12.949960138603974,20.142365781742928,0.004210477575060989,2500.0,13.75,0.55,cooling,0.913,73.0
hot_weather,100,cooling,1152.0,213.76817887661903,213.60635478132363,788.6534027440737,1681.398784657909,67.54696160558798,53.36052031373665,8.350747457905058,0.17175089964118667,13.01148879805056,20.04068589508304,0.002388202441910181,2500.0,13.75,0.55,cooling,0.914,72.0
hot_weather,100,cooling,1153.0,214.06733046144382,214.13059196447364,794.7298270856501,1690.152670106508,67.11374366003567,53.916139208198125,8.350747457905058,0.2557621221751331,13.06927793727703,19.685683848872916,0.00056046104652685,2500.0,13.75,0.55,cooling,0.916,71.0
hot_weather,100,cooling,1154.0,214.36738076694687,214.5217656828725,793.542675903603,1673.1193334755303,68.10680590862148,54.24442526557865,8.350747457905058,0.13023430172285796,13.081365411652087,20.07468820313076,0.0,2500.0,13.75,0.55,cooling,0.917,70.0
hot_weather,100,cooling,1155.0,214.6683338597071,214.2018972925737,795.2493501552319,1689.9201510105154,66.82086651693119,54.553724112777815,8.350747457905058,0.22348951462909136,12.986670313839408,20.194159508271955,0.0,2500.0,13.75,0.55,cooling,0.918,69.0
hot_weather,100,cooling,1156.0,214.97019383093343,214.8681361936629,794.4672298447706,1687.5889348419055,67.16396346757682,53.466836286371965,8.350747457905058,0.26804119887461,13.041081710178826,20.07224615694322,0.0,2500.0,13.75,0.55,cooling,0.919,68.0
hot_weather,100,cooling,1157.0,215.27296479665173,215.9097917738996,796.9992371926436,1685.4936825729403,67.15677572948495,54.407874002781696,8.350747457905058,0.22189126858554678,13.04888394412013,20.51104036674154,0.0,2500.0,13.75,0.55,cooling,0.92,67.0
hot_weather,100,cooling,1158.0,215.57665089789393,215.69726441784863,796.956180341543,1689.2434365558609,68.15794506443295,53.924096725182,8.350747457905058,0.25233496093401336,13.097270420333562,20.406906563810043,0.0,2500.0,13.75,0.55,cooling,0.922,66.0
hot_weather,100,cooling,1159.0,215.88125630088842,215.34382454110076,792.2266761201056,1683.0817841723926,67.1991815296092,53.61360653002237,8.350747457905058,0.16957846722890826,13.01357402044076,19.730491134271116,0.0,2500.0,13.75,0.55,cooling,0.923,65.0
hot_weather,100,cooling,1160.0,216.1867851972525,215.67436402386463,795.6297571829477,1684.4746891790378,67.23382604644758,53.7313192328464,8.350747457905058,0.25872089717682306,13.09479677106802,20.127352062035424,0.0,2500.0,13.75,0.55,cooling,0.924,64.0
hot_weather,100,cooling,1161.0,216.49324180418654,216.28832803329237,795.1021246855279,1684.9209159229197,68.68381516157781,54.74862964759023,8.350747457905058,0.18746165673021228,13.035465513946063,20.047208459553048,0.0,2500.0,13.75,0.55,cooling,0.925,63.0
hot_weather,100,cooling,1162.0,216.8006303646698,217.55717599302085,800.0584663664645,1685.3800585748525,67.75175627170941,53.163003334452185,8.350747457905058,0.23224020509322701,12.987922279723508,20.238394918579207,0.0,2500.0,13.75,0.55,cooling,0.926,62.0
hot_weather,100,cooling,1163.0,217.10895514765815,216.21858794865005,801.2497540663106,1676.915631046809,67.38500880324766,54.259082864845965,8.350747457905058,0.18519649373044006,12.978570068603217,20.17177861640942,0.0,2500.0,13.75,0.55,cooling,0.928,61.0
hot_weather,100,cooling,1164.0,217.41822044828376,217.58258560225698,798.9839382906675,1673.2032606800476,67.42936244762043,54.033544599892075,8.350747457905058,0.16269202506720426,13.063676070040753,19.882930370349527,0.0,2500.0,13.75,0.55,cooling,0.929,60.0
hot_weather,100,cooling,1165.0,217.72843058805628,217.75193488432433,798.3795216745833,1680.5962221559187,67.21429923748313,55.32256903038446,8.350747457905058,0.22292207205662556,13.030972941221401,20.161372629931773,0.0,2500.0,13.75,0.55,cooling,0.93,59.0
hot_weather,100,cooling,1166.0,218.03958991506627,217.41916894869073,801.9943015482834,1682.4980346774717,67.19108526744525,54.16862090320665,8.350747457905058,0.12536991328325625,13.094057240455037,20.14422504808706,0.0,2500.0,13.75,0.55,cooling,0.931,58.0
hot_weather,100,cooling,1167.0,218.35170280419024,218.70544925210638,799.1216026074314,1675.27160767259,68.70544781155365,53.7135878645694,8.350747457905058,0.18671742463446636,13.010863998119271,19.571945821979845,0.0,2500.0,13.75,0.55,cooling,0.932,57.0
hot_weather,100,cooling,1168.0,218.66477365729773,218.32061728344175,800.3262167814598,1676.1792724198704,68.20874470959873,54.12620541842534,8.350747457905058,0.18067879601551848,13.05469371849153,19.96955808013766,0.0,2500.0,13.75,0.55,cooling,0.933,56.0
hot_weather,100,cooling,1169.0,218.97880690346028,218.6423467057757,797.1068837294671,1681.87918622967,67.22224935921221,54.03014281716605,8.350747457905058,0.24869167024054853,12.977918102394089,19.863154999107433,0.0,2500.0,13.75,0.55,cooling,0.935,55.0
hot_weather,100,cooling,1170.0,219.29380699916234,219.59794155419178,802.5033973691856,1690.0495650830048,68.62164257858531,53.736140046558546,8.350747457905058,0.24305677146775015,13.054329241783119,20.033691153891475,0.0,2500.0,13.75,0.55,cooling,0.936,54.0
hot_weather,100,cooling,1171.0,219.60977842851423,219.4557752286305,802.4445643473541,1685.6792879923441,66.67763353423803,54.11773399618793,8.350747457905058,0.17289263920265224,13.007871669474074,20.03457539067529,0.0,2500.0,13.75,0.55,cooling,0.937,53.0
hot_weather,100,cooling,1172.0,219.92672570346699,220.0580984130511,798.9986370347085,1682.190242878726,67.49784188886339,54.484114969215256,8.350747457905058,0.17431653508239117,13.028073935467457,20.050726403517242,0.0,2500.0,13.75,0.55,cooling,0.938,52.0
hot_weather,100,cooling,1173.0,220.24465336402918,221.1310318309071,802.0260001087757,1675.4025581936855,67.1549095145243,53.8770311393403,8.350747457905058,0.19935514809080937,13.092854495678118,20.02908977152145,0.0,2500.0,13.75,0.55,cooling,0.939,51.0
hot_weather,100,cooling,1174.0,220.563565978486,219.84688609629544,800.5072036794269,1686.9397407569522,68.42759965195337,53.37431124191964,8.350747457905058,0.2545903776332515,13.0487231329303,19.899577238733784,0.0,2500.0,13.75,0.55,cooling,0.941,50.0
hot_weather,100,cooling,1175.0,220.88346814362012,219.93617089306565,806.380366106135,1675.681653709748,67.30994421800644,53.983881426169084,8.350747457905058,0.1958968579124679,13.010242972351364,19.861610776935624,0.0,2500.0,13.75,0.55,cooling,0.942,49.0
hot_weather,100,cooling,1176.0,221.20436448493484,220.77797142794208,797.2115361430604,1679.5101331812953,67.02854063098394,54.078795978485374,8.350747457905058,0.2584005926897971,12.965629303375541,19.844750573743916,0.0,2500.0,13.75,0.55,cooling,0.943,48.0
hot_weather,100,cooling,1177.0,221.52625965687923,222.00022437191825,805.2661466289903,1672.9555703221365,68.56446257017697,54.03961988436668,8.350747457905058,0.22113891078546422,13.03059602191732,20.18790743813051,0.0,2500.0,13.75,0.55,cooling,0.944,47.0
hot_weather,100,cooling,1178.0,221.84915834307546,221.02049251967867,805.1198972083109,1687.52367339364,67.8335059500103,53.988891641613094,8.350747457905058,0.19513061391200837,12.98988499277848,19.812817953719165,0.0,2500.0,13.75,0.55,cooling,0.945,46.0
hot_weather,100,cooling,1179.0,222.17306525654823,222.78732728476862,811.20711186926,1678.584953196441,67.54572534701738,53.995464008009385,8.350747457905058,0.21018022995372213,12.962159321403922,19.943411897235116,0.0,2500.0,13.75,0.55,cooling,0.947,45.0
hot_weather,100,cooling,1180.0,222.49798513995637,222.3630037065446,807.1635437474074,1675.3791032190659,68.0668525561938,53.90837957091527,8.350747457905058,0.18338423067614995,13.056068593313409,20.354140871827667,0.0,2500.0,13.75,0.55,cooling,0.948,44.0
hot_weather,100,cooling,1181.0,222.82392276582672,221.82031758450893,805.0515402646367,1676.760888434577,68.12135892686604,53.50448854553731,8.350747457905058,0.14475302686211441,13.075270290876992,19.949559817592803,0.0,2500.0,13.75,0.55,cooling,0.949,43.0
hot_weather,100,cooling,1182.0,223.1508829367901,222.5150236773782,807.3308225649454,1685.0038734438374,67.74900250705956,54.77662120758302,8.350747457905058,0.18569348573198122,12.98949790678488,20.07788742061743,0.0,2500.0,13.75,0.55,cooling,0.95,42.0
hot_weather,100,cooling,1183.0,223.47887048581973,223.55644024879533,806.4228307876915,1685.6862194121322,67.01853769469398,53.147746426285565,8.350747457905058,0.22778903589158203,12.96785224160916,19.983973901954347,0.0,2500.0,13.75,0.55,cooling,0.951,41.0
hot_weather,100,cooling,1184.0,223.80789027647162,223.51467085627942,804.8823290331949,1681.9427788773546,67.71579897514908,53.59561471179369,8.350747457905058,0.24910979675672365,12.965789278915558,19.81860837518572,0.0,2500.0,13.75,0.55,cooling,0.952,40.0
hot_weather,100,cooling,1185.0,224.13794720312757,224.580507386699,803.9035566244298,1686.428174128875,66.88358783047437,53.527989793948095,8.350747457905058,0.19208395036385592,12.924208954988773,19.6231921780881,0.0,2500.0,13.75,0.55,cooling,0.954,39.0
hot_weather,100,cooling,1186.0,224.46904619124027,225.01053904854365,806.3659856089694,1686.8967764694519,67.18196642193463,53.75901481867838,8.350747457905058,0.24635132788264805,13.06963686942292,19.736948753390443,0.0,2500.0,13.75,0.55,cooling,0.955,38.0
hot_weather,100,cooling,1187.0,224.8011921975809,225.1973631973907,808.7788290130391,1680.7913659984513,68.08086905049207,54.122171764945634,8.350747457905058,0.1858381802784416,12.97126136357238,19.93744675814172,0.0,2500.0,13.75,0.55,cooling,0.956,37.0
hot_weather,100,cooling,1188.0,225.13439021048896,225.5657408549148,810.9647656929161,1674.009191643644,68.05755283746002,54.862768131876614,8.350747457905058,0.1947960417984417,12.98394194101728,19.82365303675913,0.0,2500.0,13.75,0.55,cooling,0.957,36.0
hot_weather,100,cooling,1189.0,225.46864525012467,225.33872980138753,815.3663361679854,1685.5486524715573,67.85604619235204,53.589011131413606,8.350747457905058,0.14600031511117784,12.998376853461009,20.070583945030183,0.0,2500.0,13.75,0.55,cooling,0.958,35.0
hot_weather,100,cooling,1190.0,225.80396236872363,226.04532360457804,808.9181592053378,1680.3181743945365,67.52579142070954,53.964969058047195,8.350747457905058,0.20692079333048452,12.96779938034595,19.853093900492386,0.0,2500.0,13.75,0.55,cooling,0.96,34.0
hot_weather,100,cooling,1191.0,226.1403466508541,226.08421956953018,810.4771460600567,1686.4424792318605,67.90793625471314,54.645350874958496,8.350747457905058,0.1600759598196789,12.947514589744044,20.08900794478433,0.0,2500.0,13.75,0.55,cooling,0.961,33.0
hot_weather,100,cooling,1192.0,226.47780321367657,226.9092659703901,804.4813849979632,1685.5348379028258,68.07479741805692,54.1444632655822,8.350747457905058,0.24519825756561112,12.96404499602082,19.94597891277214,0.0,2500.0,13.75,0.55,cooling,0.962,32.0
hot_weather,100,cooling,1193.0,226.816337207206,226.49273381547354,804.7822643871386,1679.8868785376583,68.40188539260464,55.054009463791104,8.350747457905058,0.2205848610348578,12.98891052120882,20.04647241518169,0.0,2500.0,13.75,0.55,cooling,0.963,31.0
hot_weather,100,cooling,1194.0,227.15595381457663,227.03995277148292,812.3502886044276,1691.723873952865,67.23291433138607,53.912540633298455,8.350747457905058,0.2616173856390419,13.049082012999474,19.84061977969259,0.0,2500.0,13.75,0.55,cooling,0.964,30.0
hot_weather,100,cooling,1195.0,227.49665825230917,226.0298147654078,807.996449139479,1680.7611357097671,68.27312700135145,54.470953705043605,8.350747457905058,0.2688924302402439,13.007733888928449,19.777519445585945,0.0,2500.0,13.75,0.55,cooling,0.966,29.0
hot_weather,100,cooling,1196.0,227.83845577058077,227.95340216345411,810.9822314539505,1683.6826505419235,67.41228134891949,54.432076257231444,8.350747457905058,0.14450038359664472,12.965246286677562,20.15406268500253,0.0,2500.0,13.75,0.55,cooling,0.967,28.0
hot_weather,100,cooling,1197.0,228.18135165349747,228.2124446019916,816.3122251608319,1680.753205295657,67.65902842426482,54.41537614368536,8.350747457905058,0.17068834392081383,13.017243180063895,19.970578084545764,0.0,2500.0,13.75,0.55,cooling,0.968,27.0
hot_weather,100,cooling,1198.0,228.52535121936953,227.77382540869465,814.2480549747772,1687.9497790308872,67.66395315451723,53.534337098154666,8.350747457905058,0.28005582479477475,13.086630620762886,19.59412843795332,0.0,2500.0,13.75,0.55,cooling,0.969,26.0
hot_weather,100,cooling,1199.0,228.87045982098914,228.62807836713338,815.5127348194607,1683.7944306701943,67.52810374433191,54.16620606878812,8.350747457905058,0.183843193098045,12.997958732302028,19.978358364012845,0.0,2500.0,13.75,0.55,cooling,0.97,25.0
hot_weather,100,cooling,1200.0,229.21668284591115,229.11220305550785,812.0184179390143,1678.5736762724841,66.77914740864996,54.10445502757386,8.350747457905058,0.21518330688272472,12.94587063962421,19.83290763542361,0.0,2500.0,13.75,0.55,cooling,0.971,24.0
hot_weather,100,cooling,1201.0,229.56402571673635,229.83663072677277,807.4817872206319,1679.1087297460447,67.42121663471961,54.36596058397768,8.350747457905058,0.08672137234118638,13.043084683631854,20.175825741622106,0.0,2500.0,13.75,0.55,cooling,0.973,23.0
hot_weather,100,cooling,1202.0,229.9124938913976,230.0836883990298,813.6186039483822,1683.9162273899267,67.67813842771339,54.26153203668788,8.350747457905058,0.15992897762352398,13.017378894814037,19.85077024857864,0.0,2500.0,13.75,0.55,cooling,0.974,22.0
hot_weather,100,cooling,1203.0,230.26209286344877,229.90980955515306,813.9604818926836,1683.8685338363705,68.72549144396399,54.658792371637915,8.350747457905058,0.14472629996940634,13.043053437685975,20.167336867339593,0.0,2500.0,13.75,0.55,cooling,0.975,21.0
hot_weather,100,cooling,1204.0,230.6128281623566,231.9883365599795,807.5092688412213,1674.2454518969107,66.8377141670607,53.79582073477294,8.350747457905058,0.24151961927651097,12.993106548200867,19.904652119766077,0.0,2500.0,13.75,0.55,cooling,0.976,20.0
hot_weather,100,cooling,1205.0,230.96470535379527,230.44233513386857,819.4465924153726,1682.094828508172,66.72098421433677,53.965348598335346,8.350747457905058,0.14698725276586114,13.008089390283978,20.071435556896777,0.0,2500.0,13.75,0.55,cooling,0.977,19.0
hot_weather,100,cooling,1206.0,231.317730039944,231.75819403538645,816.0055576593409,1684.810677686481,67.15668304646769,53.57680490329204,8.350747457905058,0.22669236456654024,13.043162813057478,19.871279267938633,0.0,2500.0,13.75,0.55,cooling,0.979,18.0
hot_weather,100,cooling,1207.0,231.67190785978767,231.14114197915558,816.8364157875267,1681.7832583111979,68.16454158345249,54.02241164203916,8.350747457905058,0.2499556590932967,13.02864234465663,19.787964460959795,0.0,2500.0,13.75,0.55,cooling,0.98,17.0
hot_weather,100,cooling,1208.0,232.0272444894202,231.43768518663262,815.3976188810406,1679.7933177026266,67.98876278508453,53.73654062526344,8.350747457905058,0.258967222776059,12.99513760373241,20.009663029784434,0.0,2500.0,13.75,0.55,cooling,0.981,16.0
hot_weather,100,cooling,1209.0,232.38374564235122,232.90503167877873,821.9366756663006,1677.9820835020812,67.73624701524214,53.21372355922038,8.350747457905058,0.27923618447386483,12.998989612765257,20.03365991048214,0.0,2500.0,13.75,0.55,cooling,0.982,15.0
hot_weather,100,cooling,1210.0,232.7414170698154,232.79474790856614,822.2974572129311,1681.08909833893,67.53176984954423,54.19861712895123,8.350747457905058,0.25157081246438306,13.092411624940857,20.298435543661007,0.0,2500.0,13.75,0.55,cooling,0.983,14.0
hot_weather,100,cooling,1211.0,233.10026456108548,233.33865761847812,815.9747337376032,1687.8892052993965,66.64819776567158,54.532955637183605,8.350747457905058,0.1494891499954023,12.941230083095581,19.8403403858831,0.0,2500.0,13.75,0.55,cooling,0.985,13.0
hot_weather,100,cooling,1212.0,233.46029394378766,232.56287337324056,820.1701220442807,1681.1819776988475,67.28935276197548,53.85601516760497,8.350747457905058,0.24108448316936704,13.014373553881377,20.058750463690682,0.0,2500.0,13.75,0.55,cooling,0.986,12.0
hot_weather,100,cooling,1213.0,233.82151108422082,233.60275234321162,818.5213639852083,1680.7533577379938,68.28862870960381,54.586174063728464,8.350747457905058,0.19990148961642806,13.042618245809168,19.75920538723326,0.0,2500.0,13.75,0.55,cooling,0.987,11.0
hot_weather,100,cooling,1214.0,234.1839218876785,233.49843611120426,823.5268968948949,1683.040647338295,68.92266264611591,53.680434637929,8.350747457905058,0.17755976533651344,13.03200002389868,20.05666064036996,0.0,2500.0,13.75,0.55,cooling,0.988,10.0
hot_weather,100,cooling,1215.0,234.5475322987744,234.1824930688437,823.6620740962805,1686.8300015329992,66.486264628623,53.67811599607239,8.350747457905058,0.2404966603056653,13.003783780224769,20.222022308288317,0.0,2500.0,13.75,0.55,cooling,0.989,9.0
hot_weather,100,cooling,1216.0,234.9123483017709,234.66756693277412,819.372812841468,1683.6429782244231,67.50883302032747,54.488959094371964,8.350747457905058,0.12439820151767583,13.009118632716213,19.8512932746716,0.0,2500.0,13.75,0.55,cooling,0.99,8.0
hot_weather,100,cooling,1217.0,235.278375920911,234.49207140319328,821.9740197310842,1686.1808293362435,67.65546347635114,54.40915240483218,8.350747457905058,0.324999251589407,13.013273555496674,20.049734991892826,0.0,2500.0,13.75,0.55,cooling,0.992,7.0
hot_weather,100,cooling,1218.0,235.64562122075378,235.0124939349575,820.9360398065915,1685.2571957976152,67.31246410572064,53.29062141593008,8.350747457905058,0.15107798665993247,12.925467617553753,20.141008307540634,0.0,2500.0,13.75,0.55,cooling,0.993,6.0
hot_weather,100,cooling,1219.0,236.0140903065129,235.82448692192267,826.8482286389118,1686.2958950063462,68.3001528588106,54.492983194777025,8.350747457905058,0.2310477438960957,12.97528343857721,20.064959874006618,0.0,2500.0,13.75,0.55,cooling,0.994,5.0
hot_weather,100,cooling,1220.0,236.38378932439883,236.7906382165376,826.2540663576999,1677.947618672823,67.89510086483585,54.34698732979712,8.350747457905058,0.10987479262180207,13.109322033022726,20.05832331553465,0.0,2500.0,13.75,0.55,cooling,0.995,4.0
hot_weather,100,cooling,1221.0,236.75472446196434,237.88149131712413,819.97454363473,1682.7396869160177,67.75322895621761,53.837383942332025,8.350747457905058,0.13572066344603317,13.050215639457322,19.973721532114254,0.0,2500.0,13.75,0.55,cooling,0.996,3.0
hot_weather,100,cooling,1222.0,237.12690194845368,237.457850743815,826.8514992191471,1671.5880259305898,67.51748198903567,54.24944508409281,8.350747457905058,0.2529191776669299,13.050756215178023,20.30187884803333,0.0,2500.0,13.75,0.55,cooling,0.998,2.0
hot_weather,100,cooling,1223.0,237.50032805515517,236.8379868636835,821.7198906087968,1691.376136747633,67.86161845934454,53.74699965785526,8.350747457905058,0.1892047100327749,13.046507922447747,20.134555017111484,0.0,2500.0,13.75,0.55,cooling,0.999,1.0
hot_weather,100,cooling,1224.0,237.87500909575743,239.0108431246704,821.7072487624407,1681.0303941044149,67.84183610891036,55.16878657563256,8.350747457905058,0.10697093515828043,13.016415578601991,20.050483879222664,0.0,2500.0,13.75,0.55,cooling,1.0,0.0
hot_weather,100,cooling,1225.0,238.2407691592025,238.2607517818759,826.4424827277248,1686.6716948052672,66.60527881560664,54.114659314235105,8.350747457905058,0.21066575070031138,13.035365978822622,19.90299073610531,0.0,2500.0,13.75,0.55,cooling,1.0,0.0
hot_weather,100,cooling,1226.0,238.5978206497084,238.2121188074992,824.6398957507199,1676.450229509252,67.53869510588245,54.99673347109406,8.350747457905058,0.12156788440322303,13.043359627902905,20.025082043746934,0.0,2500.0,13.75,0.55,cooling,1.0,0.0
hot_weather,100,cooling,1227.0,238.94637091424988,238.91404580487315,823.9209273807503,1691.1477459563614,68.04640360961409,53.761783457832415,8.350747457905058,0.21031851807199456,12.972815111756718,20.064260459130974,0.0,2500.0,13.75,0.55,cooling,1.0,0.0
hot_weather,100,cooling,1228.0,239.28662236296893,240.35673002332385,823.9968880788947,1687.2376833191313,66.90980153187516,53.77407532731243,8.350747457905058,0.24387140530168588,13.050655295638771,20.250855044245558,0.0,2500.0,13.75,0.55,cooling,1.0,0.0
hot_weather,100,cooling,1229.0,239.61877258671848,239.59022696114528,831.9285739037642,1677.078212793529,67.51284134035465,53.95753313082916,8.350747457905058,0.19883326924333944,13.040863592841369,19.739551975395496,0.0,2500.0,13.75,0.55,cooling,1.0,0.0
hot_weather,100,cooling,1230.0,239.94301447180732,240.13807670577634,829.0015194324407,1687.9690501670275,67.64065429030448,54.53545580859179,8.350747457905058,0.21917209882423555,12.987710648290985,20.09110194122854,0.0,2500.0,13.75,0.55,cooling,1.0,0.0
hot_weather,100,cooling,1231.0,240.2595363120131,240.3792105493532,825.6602057892563,1684.061730284941,67.29831747011369,54.63930189723185,8.350747457905058,0.20622575892424247,12.978611723257124,20.110094146007782,0.0,2500.0,13.75,0.55,cooling,1.0,0.0
hot_weather,100,cooling,1232.0,240.56852191792828,240.05140439894882,826.7005255433,1676.8107784954946,67.52623718817472,53.552007611452495,8.350747457905058,0.17207087332070828,13.06772825922063,20.188615181349768,0.0,2500.0,13.75,0.55,cooling,1.0,0.0
hot_weather,100,cooling,1233.0,240.8701507237026,239.8483521790261,835.0484988984175,1677.6525512594778,68.0150758570868,53.809672373687334,8.350747457905058,0.20857478110322103,12.999417611319481,20.08107116783908,0.0,2500.0,13.75,0.55,cooling,1.0,0.0
hot_weather,100,cooling,1234.0,241.16459789124423,241.4946762038599,831.1289339166335,1690.4656257110194,67.36050003662169,52.99985970192937,8.350747457905058,0.15955374315501006,12.886602573964185,19.867105597605544,0.0,2500.0,13.75,0.55,cooling,1.0,0.0
hot_weather,100,cooling,1235.0,241.45203441193962,241.95877790432849,829.9996851100361,1675.1985110760195,68.19903789170918,54.128261858062935,8.350747457905058,0.19007453402293903,12.993243535638742,19.9714607972342,0.0,2500.0,13.75,0.55,cooling,1.0,0.0
hot_weather,100,cooling,1236.0,241.7326272059518,242.4831367147931,830.2941031171716,1681.002778640201,68.04611615805662,55.016580428001,8.350747457905058,0.1826400838765475,13.017468885381207,20.02256892506449,0.0,2500.0,13.75,0.55,cooling,1.0,0.0
hot_weather,100,cooling,1237.0,242.00653921915412,242.65817746031047,832.0925704407172,1677.4896693777575,68.38745522100467,53.82312966252208,8.350747457905058,0.26257129083437925,13.009778237688856,19.586154739173256,0.0,2500.0,13.75,0.55,cooling,1.0,0.0
hot_weather,100,cooling,1238.0,242.27392951775641,242.1390323109522,831.9868252444841,1685.871454889602,67.33807715650543,54.3342531668018,8.350747457905058,0.2161949079796738,13.070558966603432,20.011800215642687,0.0,2500.0,13.75,0.55,cooling,1.0,0.0
hot_weather,100,cooling,1239.0,242.5349533806777,242.9416458205588,835.1075643854797,1681.7548802006716,68.26815294453947,54.38517855188733,8.350747457905058,0.22950576344881446,12.95771467820701,20.027132507724684,0.0,2500.0,13.75,0.55,cooling,1.0,0.0
hot_weather,100,cooling,1240.0,242.7897623897199,242.64415968762285,833.3799612369177,1684.4448016048552,67.09544163972735,54.54814184574951,8.350747457905058,0.20057392585685802,13.043494295058984,19.567821688624598,0.0,2500.0,13.75,0.55,cooling,1.0,0.0
hot_weather,100,cooling,1241.0,243.03850451759442,243.46059185534776,833.7893312480716,1682.4291606440254,68.16159450197729,54.037625048385614,8.350747457905058,0.20569263361818652,13.002966946599532,19.974673064127618,0.0,2500.0,13.75,0.55,cooling,1.0,0.0
hot_weather,100,cooling,1242.0,243.28132421385288,242.35952223590414,836.2985231901934,1675.7873870387743,67.94223989004216,54.31695998798093,8.350747457905058,0.1755700537892266,13.065198003243562,20.064100211154855,0.0,2500.0,13.75,0.55,cooling,1.0,0.0
hot_weather,100,cooling,1243.0,243.51836248877186,243.57142253283797,835.1374351744258,1674.6229944999398,68.21156233083732,54.438304564799815,8.350747457905058,0.13864593440727813,12.977506341365856,20.1171334954162,0.0,2500.0,13.75,0.55,cooling,1.0,0.0
hot_weather,100,cooling,1244.0,243.74975699524038,244.08001271835704,831.1905650728581,1681.6539853023355,68.04305934460383,54.55942614728012,8.350747457905058,0.25722400157596415,12.928981910847385,19.826258494976678,0.0,2500.0,13.75,0.55,cooling,1.0,0.0
hot_weather,100,cooling,1245.0,243.97564210869774,244.716927076137,834.8179536038941,1684.9713027005457,68.03968987389665,54.21987418668782,8.350747457905058,0.27114930503754503,13.055697889469027,20.374541927355484,0.0,2500.0,13.75,0.55,cooling,1.0,0.0
hot_weather,100,cooling,1246.0,244.19614900516802,242.91274577493292,840.7183347222531,1685.941090395605,67.57199692200805,53.81341598235734,8.350747457905058,0.28444896029183353,13.006369244636259,20.06317943406782,0.0,2500.0,13.75,0.55,cooling,1.0,0.0
hot_weather,100,cooling,1247.0,244.41140573743664,244.69061878091145,836.1394320451622,1684.8343858248766,67.47567409154236,54.458938607015746,8.350747457905058,0.2677054721653276,12.93819529480292,19.927378128662006,0.0,2500.0,13.75,0.55,cooling,1.0,0.0
hot_weather,100,cooling,1248.0,244.62153730941316,244.34899237809353,837.1517142880938,1681.9585002220388,67.30542233988287,53.62854827503429,8.350747457905058,0.2717327243562168,13.073164247465053,19.783874700923047,0.0,2500.0,13.75,0.55,cooling,1.0,0.0
hot_weather,100,cooling,1249.0,244.82666574872357,244.41380399415925,833.8050698176825,1680.982854349208,67.64240279799563,54.218326639571075,8.350747457905058,0.23439908550942945,13.048994597687773,20.00358082462886,0.0,2500.0,13.75,0.55,cooling,1.0,0.0
hot_weather,100,cooling,1250.0,245.0269101775742,244.6971140007985,833.5712158803129,1684.7545693152263,67.42843638060737,52.62349088192641,8.350747457905058,0.2218947948017748,13.069047676447127,19.96662167155314,0.0,2500.0,13.75,0.55,cooling,1.0,0.0
hot_weather,100,cooling,1251.0,245.22238688192837,245.33513184370497,837.8692695194787,1686.9497695404825,68.64552726267661,53.75826593991601,8.350747457905058,0.09979946049574528,12.977105529577948,19.791288879975394,0.0,2500.0,13.75,0.55,cooling,1.0,0.0
hot_weather,100,cooling,1252.0,245.41320937903603,245.30922465899047,833.9534654430876,1683.5167852697505,68.09886565743528,53.45707246458916,8.350747457905058,0.22949153239626555,13.007059000285347,20.31944405674105,0.0,2500.0,13.75,0.55,cooling,1.0,0.0
hot_weather,100,cooling,1253.0,245.59948848335543,245.713525363126,842.7246938377764,1691.576273824867,67.2814300416099,53.7734255454881,8.350747457905058,0.21985219931481612,13.00926732110454,20.1605164267735,0.0,2500.0,13.75,0.55,cooling,1.0,0.0
hot_weather,100,cooling,1254.0,245.78133237090532,245.85778620684633,835.4816464965844,1679.0611388740322,68.35392535449839,54.25203457197032,8.350747457905058,0.17869207964480677,13.063341285812328,19.724978753918805,0.0,2500.0,13.75,0.55,cooling,1.0,0.0
hot_weather,100,cooling,1255.0,245.95884664208495,246.82121632381245,838.1924453092367,1682.2584734025268,67.64355629480707,53.76253436167758,8.350747457905058,0.1853996356035399,12.943900073952697,20.02781397248968,0.0,2500.0,13.75,0.55,cooling,1.0,0.0
hot_weather,100,cooling,1256.0,246.1321343829984,245.33405312237855,832.6074659542436,1680.0942168917172,67.22236646315743,53.737555954895456,8.350747457905058,0.2861361591900023,13.002059881493613,19.92017717881221,0.0,2500.0,13.75,0.55,cooling,1.0,0.0
hot_weather,100,cooling,1257.0,246.30129622531868,246.46593742318092,832.0630144070709,1687.19371669872,67.37638613857887,54.25550188466559,8.350747457905058,0.1625193015069637,12.987560739036066,19.87205200138923,0.0,2500.0,13.75,0.55,cooling,1.0,0.0
hot_weather,100,cooling,1258.0,246.46643040472657,246.4367617582732,833.3405740546835,1684.5296388761665,68.04855715466682,54.26828826123775,8.350747457905058,0.12043266094181865,12.99910524913215,20.105962087229884,0.0,2500.0,13.75,0.55,cooling,1.0,0.0
hot_weather,100,cooling,1259.0,246.62763281795807,246.09573047503167,829.3967515112591,1680.2452430697283,67.48656898731448,54.39678158043517,8.350747457905058,0.12863693803605927,13.05747092683537,19.66798372518701,0.0,2500.0,13.75,0.55,cooling,1.0,0.0
hot_weather,100,cooling,1260.0,246.7849970784936,246.8662915751196,837.7526091550899,1688.743987191705,68.24650430892197,53.33868585781878,8.350747457905058,0.185860708486088,12.93471391717032,19.88105240564574,0.0,2500.0,13.75,0.55,cooling,1.0,0.0
hot_weather,100,cooling,1261.0,246.93861457092115,247.10613728628928,835.9295820082261,1691.519626794494,67.44952103926119,54.19499821584088,8.350747457905058,0.08150672982944687,12.9842963216807,19.94189538883929,0.0,2500.0,13.75,0.55,cooling,1.0,0.0
hot_weather,100,cooling,1262.0,247.08857450400518,247.03783428537915,838.8622909914533,1675.5984205934894,67.89653437936856,53.46542415666535,8.350747457905058,0.22723710149331117,13.012857837929035,20.14463716119494,0.0,2500.0,13.75,0.55,cooling,1.0,0.0
hot_weather,100,cooling,1263.0,247.23496396249197,248.17644484054136,835.6833806898884,1672.2962712048345,68.02689032723865,53.46458187355665,8.350747457905058,0.1872839056313008,12.944547001193198,20.014501438610083,0.0,2500.0,13.75,0.55,cooling,1.0,0.0
hot_weather,100,cooling,1264.0,247.37786795768145,246.86288635255227,835.7109125941595,1682.6888227097954,68.3619100809555,53.65775371280933,8.350747457905058,0.21803980284224053,13.037145810557606,20.040132671421052,0.0,2500.0,13.75,0.55,cooling,1.0,0.0
hot_weather,100,cooling,1265.0,247.51736947679498,247.41974836728045,834.9448976928488,1683.9746267039352,67.21849226964045,53.986178785178446,8.350747457905058,0.11513416823977791,13.008902179260303,19.810026245844632,0.0,2500.0,13.75,0.55,cooling,1.0,0.0
hot_weather,100,cooling,1266.0,247.65354953116773,248.072554100696,836.1315250929813,1677.4378870753437,68.15419484352195,54.54691189473625,8.350747457905058,0.1430527950368241,12.930991013499812,19.82790393210367,0.0,2500.0,13.75,0.55,cooling,1.0,0.0
hot_weather,100,cooling,1267.0,247.7864872032935,247.8638010825161,838.4407222179128,1688.6245485042962,67.33388332449171,54.77108225422335,8.350747457905058,0.15027686143016517,13.025192740887753,19.563715642922304,0.0,2500.0,13.75,0.55,cooling,1.0,0.0
hot_weather,100,cooling,1268.0,247.9162596927496,248.50156114240465,834.5180839388704,1691.0057587868664,67.66298891143904,53.78977833765917,8.350747457905058,0.21902067864317562,13.019631898587127,19.539871403997914,0.0,2500.0,13.75,0.55,cooling,1.0,0.0
hot_weather,100,cooling,1269.0,248.0429423610282,247.2057108075604,840.7357976762578,1691.0880474089342,67.35078652144101,54.33199925628205,8.350747457905058,0.12722767127974216,13.006070873380553,20.22349564205112,0.0,2500.0,13.75,0.55,cooling,1.0,0.0
hot_weather,100,cooling,1270.0,248.16660877530015,248.7626794617092,841.758998079163,1678.4247775697406,68.17438723173035,53.62459730008482,8.350747457905058,0.2669899630040413,12.971868999912301,19.479509309536233,0.0,2500.0,13.75,0.55,cooling,1.0,0.0
hot_weather,100,cooling,1271.0,248.28733075113706,248.12722854054005,838.588203792248,1687.9067410526823,67.78363022543243,54.79633454669814,8.350747457905058,0.2517924316795112,13.036672754842245,20.092251418452722,0.0,2500.0,13.75,0.55,cooling,1.0,0.0
hot_weather,100,cooling,1272.0,248.40517839421594,248.97190275896727,838.8073851136971,1690.5424668078565,69.44770079684469,53.5077747526347,8.350747457905058,0.24368409988557505,13.056693368232239,19.49046445834966,0.0,2500.0,13.75,0.55,cooling,1.0,0.0
hot_weather,100,cooling,1273.0,248.52022014103105,248.10198298321197,839.5499213999036,1682.1989549141347,67.31855494994576,54.259627720182955,8.350747457905058,0.27407288131176444,13.073541119505842,20.02584734333639,0.0,2500.0,13.75,0.55,cooling,1.0,0.0
hot_weather,100,cooling,1274.0,248.63252279863627,249.4954399294426,843.068625298269,1682.9309795843285,67.86121110152862,54.611552865537284,8.350747457905058,0.2318255027409188,13.105750803309736,20.343084524767296,0.0,2500.0,13.75,0.55,cooling,1.0,0.0
hot_weather,100,cooling,1275.0,248.74215158344137,248.70483521389866,835.738258552932,1670.5756045210487,68.1122492657572,53.77745307930372,8.350747457905058,0.14507360496004493,13.081572817180346,19.964326517724906,0.0,2500.0,13.75,0.55,cooling,1.0,0.0
hot_weather,100,cooling,1276.0,248.84917015908445,248.61468067955707,836.8714247469773,1686.3549850816037,67.60803433520393,54.42874532047126,8.350747457905058,0.20518006624632706,13.109278923560503,20.18438245991844,0.0,2500.0,13.75,0.55,cooling,1.0,0.0
hot_weather,100,cooling,1277.0,248.95364067340267,250.16058998078734,836.5337608413498,1678.0583144445932,68.00699080735602,53.640267716004075,8.350747457905058,0.21328263994172778,13.092513805362282,19.792828586318226,0.0,2500.0,13.75,0.55,cooling,1.0,0.0
hot_weather,100,cooling,1278.0,249.05562379452286,248.85377125446985,841.7534665916382,1678.1966477339345,68.36350455657893,54.26894059362518,8.350747457905058,0.17958658217110982,13.023777853769221,19.980220956769312,0.0,2500.0,13.75,0.55,cooling,1.0,0.0
hot_weather,100,cooling,1279.0,249.15517874609256,248.9515504823052,840.9892551237259,1681.6387659075242,67.5900417145399,54.21466815387422,8.350747457905058,0.1119879863317663,13.103710148619799,19.971490321949968,0.0,2500.0,13.75,0.55,cooling,1.0,0.0
hot_weather,100,cooling,1280.0,249.2523633416725,248.38089728434113,836.983478978725,1677.593968246688,67.89114549816055,54.164367388531815,8.350747457905058,0.21353294412960339,12.945386473540058,19.86911045572856,0.0,2500.0,13.75,0.55,cooling,1.0,0.0
hot_weather,100,cooling,1281.0,249.34723401831005,249.32231973982786,841.8955805651764,1686.2188914681853,67.82619428748102,54.444486914381436,8.350747457905058,0.195363946889964,13.029736460705633,20.12436113743391,0.0,2500.0,13.75,0.55,cooling,1.0,0.0
hot_weather,100,cooling,1282.0,249.4398458693134,249.5120053739418,837.5819991280885,1690.214698525549,67.04520616301104,53.844845696446065,8.350747457905058,0.2189545688745018,12.960487546676863,19.813545999300597,0.0,2500.0,13.75,0.55,cooling,1.0,0.0
hot_weather,100,cooling,1283.0,249.53025267624523,248.7199662693676,846.1784915913536,1676.5531164489323,68.03280919828477,53.76872224006766,8.350747457905058,0.08908440278066031,12.993266487252521,20.1259527982646,0.0,2500.0,13.75,0.55,cooling,1.0,0.0
hot_weather,100,cooling,1284.0,249.61850694015487,250.47439190654634,839.5775139089743,1684.567948536895,67.9684635406349,53.592022440422504,8.350747457905058,0.1099591442182471,12.96152025761165,20.121937248222775,0.0,2500.0,13.75,0.55,cooling,1.0,0.0
hot_weather,100,cooling,1285.0,249.70465991206666,248.58813875992112,839.5758791235277,1684.2450430839847,67.53322906187827,54.91034297440437,8.350747457905058,0.24930398437708418,13.049018551673859,19.768131846678276,0.0,2500.0,13.75,0.55,cooling,1.0,0.0
hot_weather,100,cooling,1286.0,249.78876162274247,250.4277003881318,834.0879597921368,1693.49926017008,67.93981147973334,54.54645164842671,8.350747457905058,0.2178397176431155,13.05914814386479,20.226518791895625,0.0,2500.0,13.75,0.55,cooling,1.0,0.0
hot_weather,100,cooling,1287.0,249.87086091173552,249.32136010087655,839.8807232739624,1698.1229668609517,68.9518438953529,54.18328682002434,8.350747457905058,0.1815110907873951,13.000845723627082,19.80031185840577,0.0,2500.0,13.75,0.55,cooling,1.0,0.0
hot_weather,100,cooling,1288.0,249.95100545575252,250.6033835658684,842.8806354118965,1676.1106197643585,67.8980746955674,54.97835956406407,8.350747457905058,0.2531607456639279,12.913419987916535,19.847237928632328,0.0,2500.0,13.75,0.55,cooling,1.0,0.0
hot_weather,100,cooling,1289.0,250.02924179634056,250.21614011425353,845.6393229781371,1670.4400096396037,67.49304503243799,54.37193644124662,8.350747457905058,0.1975500289580358,12.985104974293476,20.27976310157187,0.0,2500.0,13.75,0.55,cooling,1.0,0.0
hot_weather,100,cooling,1290.0,250.1056153669146,249.7595048064085,845.0360016346056,1676.5322137962764,67.4229594121856,54.5233770386878,8.350747457905058,0.25691297511112904,13.091555256938747,20.068016570953034,0.0,2500.0,13.75,0.55,cooling,1.0,0.0
hot_weather,100,cooling,1291.0,250.18017051914165,249.94784757903113,845.0413748964793,1692.8237263605938,67.679688515499,53.471668152102055,8.350747457905058,0.2720025390775432,13.079580012604028,19.98204288450649,0.0,2500.0,13.75,0.55,cooling,1.0,0.0
hot_weather,100,cooling,1292.0,250.25295054869662,249.81678377072097,839.0049919342113,1687.9517263264497,67.9269707788496,54.225882129797945,8.350747457905058,0.19691984161913564,12.99558208857647,20.20054899959324,0.0,2500.0,13.75,0.55,cooling,1.0,0.0
hot_weather,100,cooling,1293.0,250.32399772040503,250.26793056319733,838.1364119621275,1682.9797087213817,68.30315522616473,54.29468648900821,8.350747457905058,0.15784070416589657,13.006521259593987,20.131930472064845,0.0,2500.0,13.75,0.55,cooling,1.0,0.0
hot_weather,100,cooling,1294.0,250.39335329278705,250.77387090141005,842.4421388689659,1685.0674605467163,68.45563264498553,53.769866990935135,8.350747457905058,0.2106807291945118,12.910992773918755,20.121233242185284,0.0,2500.0,13.75,0.55,cooling,1.0,0.0
hot_weather,100,cooling,1295.0,250.46105754201713,249.86690546251168,842.3832063067441,1688.9792767777503,67.98321525797046,54.11902622517605,8.350747457905058,0.3122875421333745,13.029531035915687,19.998428923134785,0.0,2500.0,13.75,0.55,cooling,1.0,0.0
hot_weather,100,cooling,1296.0,250.52714978531316,250.80377183051917,842.4536728124862,1683.34002445889,68.47314259058665,53.90969099826087,8.350747457905058,0.17534629974242882,12.940777248873655,19.841387486853673,0.0,2500.0,13.75,0.55,cooling,1.0,0.0
hot_weather,100,cooling,1297.0,250.5916684037688,250.1232799495181,837.4590914019999,1686.3646115498939,67.39102415767968,53.09804817846849,8.350747457905058,0.1972750976407429,13.026812820211685,20.161874216003962,0.0,2500.0,13.75,0.55,cooling,1.0,0.0
hot_weather,100,cooling,1298.0,250.65465086464218,250.44480763465765,848.4778625713183,1683.3351492504128,67.09035756871499,53.943515142799264,8.350747457905058,0.19486867548567702,13.106158655664666,20.01364840612502,0.0,2500.0,13.75,0.55,cooling,1.0,0.0
hot_weather,100,cooling,1299.0,250.7161337431138,250.524561820953,845.2068937987644,1684.8390480494195,67.99991559330188,53.908878908455584,8.350747457905058,0.161491847232319,13.058904778467081,19.633473540943037,0.0,2500.0,13.75,0.55,cooling,1.0,0.0
hot_weather,100,cooling,1300.0,250.77615274352658,251.13936989614993,844.7751753040716,1686.627343878574,67.82790532237702,53.679558191050894,8.350747457905058,0.3189127434962272,13.005656887293163,19.978677699428534,0.0,2500.0,13.75,0.55,cooling,1.0,0.0
hot_weather,100,cooling,1301.0,250.83474272012,249.6800322406375,838.183186563169,1684.7122226367358,67.24166457933714,54.11413996374986,8.350747457905058,0.23447303272901632,13.050161221158543,19.78745055714438,0.0,2500.0,13.75,0.55,cooling,1.0,0.0
hot_weather,100,cooling,1302.0,250.89193769727072,250.4265612180157,845.822464912188,1688.1142710788324,67.62798964836014,54.39399534783937,8.350747457905058,0.16236006839162379,13.031461200647128,19.863652151983707,0.0,2500.0,13.75,0.55,cooling,1.0,0.0
hot_weather,100,cooling,1303.0,250.9477708892512,251.3620577458714,843.5785551269471,1678.11404818521,68.23622379691409,54.08208798010377,8.350747457905058,0.24107654266039583,13.007861803725286,20.202218119925984,0.0,2500.0,13.75,0.55,cooling,1.0,0.0
hot_weather,100,cooling,1304.0,251.00227471951783,250.92748408783254,840.6384804065151,1679.8647617751728,67.70520357058378,54.036907272495974,8.350747457905058,0.17481452136789113,12.914479241793117,20.477492534286476,0.0,2500.0,13.75,0.55,cooling,1.0,0.0
hot_weather,100,cooling,1305.0,251.05548083954002,251.56255287079358,848.406297279989,1681.5407998731275,68.38227118737305,54.13631580631723,8.350747457905058,0.24207224839678781,13.027801412251934,19.99784422121047,0.0,2500.0,13.75,0.55,cooling,1.0,0.0
hot_weather,100,cooling,1306.0,251.10742014718073,251.33531437636384,842.2281331493667,1692.2613362891298,67.22195289723342,54.12608621226795,8.350747457905058,0.1593025057843475,13.022650239418558,19.438510304456724,0.0,2500.0,13.75,0.55,cooling,1.0,0.0
hot_weather,100,cooling,1307.0,251.15812280463953,251.31016091329292,847.2024587704265,1685.4304183903723,67.8838959364859,54.521893381524606,8.350747457905058,0.2721116051752933,13.073916487430207,19.709201584053318,0.0,2500.0,13.75,0.55,cooling,1.0,0.0
hot_weather,100,cooling,1308.0,251.20761825596836,251.47976008065828,840.4252949944793,1683.7472264841065,68.08835564282309,54.189627045450756,8.350747457905058,0.2145261912595985,12.969334788480136,20.508961406412656,0.0,2500.0,13.75,0.55,cooling,1.0,0.0
hot_weather,100,cooling,1309.0,251.2559352441703,251.6961324739519,842.6821087434842,1691.722577803858,67.22391989525755,54.202128428245494,8.350747457905058,0.21490697814529605,13.035664128037332,20.16490342386616,0.0,2500.0,13.75,0.55,cooling,1.0,0.0
hot_weather,100,cooling,1310.0,251.30310182789125,251.43877396087512,839.4968230505035,1681.3549363783907,67.9730280777227,53.92584550898057,8.350747457905058,0.17194220956408265,12.961552648548286,20.133971603643918,0.0,2500.0,13.75,0.55,cooling,1.0,0.0
hot_weather,100,cooling,1311.0,251.3491453977141,251.03150358918293,845.8007099863444,1687.755259151049,67.12174828107248,54.61534525716691,8.350747457905058,0.25460124494419567,13.038893898483515,19.91932456652249,0.0,2500.0,13.75,0.55,cooling,1.0,0.0
hot_weather,100,cooling,1312.0,251.39409269206496,250.4953056626479,847.4009723632843,1679.1198337214505,67.6794265347741,54.13654028243478,8.350747457905058,0.2815934426502902,13.080598820812648,19.890218779761202,0.0,2500.0,13.75,0.55,cooling,1.0,0.0
hot_weather,100,cooling,1313.0,251.4379698127408,250.85190375465325,841.143471610557,1689.7126990829697,68.28798805899396,53.62391641212223,8.350747457905058,0.2391194791138382,13.050164424198755,20.21393270187203,0.0,2500.0,13.75,0.55,cooling,1.0,0.0
hot_weather,100,cooling,1314.0,251.4808022400672,251.31382379298165,853.1676199201327,1679.291340212829,67.41697496793351,54.42277430825622,8.350747457905058,0.09919265190561176,13.014480882477585,19.842905155653867,0.0,2500.0,13.75,0.55,cooling,1.0,0.0
hot_weather,100,cooling,1315.0,251.52261484769537,251.05608433224015,849.4163429127937,1689.7526040482335,68.81238013512403,53.69558693604108,8.350747457905058,0.13089479425006983,13.035386593765274,20.340731085100362,0.0,2500.0,13.75,0.55,cooling,1.0,0.0
hot_weather,100,cooling,1316.0,251.56343191704667,251.8976869150399,844.697892608045,1682.9981221885562,67.11738978752645,54.31887504188273,8.350747457905058,0.29444638627829367,13.043932528546351,19.81252991504829,0.0,2500.0,13.75,0.55,cooling,1.0,0.0
hot_weather,100,cooling,1317.0,251.6032771514134,251.5406921640083,842.0110819535503,1681.259490837832,68.18150426904123,53.64508021983851,8.350747457905058,0.1971549765098228,13.0199750713664,19.999208193821644,0.0,2500.0,13.75,0.55,cooling,1.0,0.0
hot_weather,100,cooling,1318.0,251.64217368972382,251.80036597623663,841.4712627388037,1681.7853581022353,68.03752555647947,54.340389236605255,8.350747457905058,0.22907329000802018,12.99462025694612,19.995983259542424,0.0,2500.0,13.75,0.55,cooling,1.0,0.0
hot_weather,100,cooling,1319.0,251.68014411997922,251.07295012564887,845.5181687504743,1689.682931991563,68.41794045398593,54.26079542491628,8.350747457905058,0.22686557574324182,13.09813189761041,19.825501225174637,0.0,2500.0,13.75,0.55,cooling,1.0,0.0
hot_weather,100,cooling,1320.0,251.71721049237138,252.14025815068808,842.8503602473111,1688.7459906037752,67.519198099351,54.410897648555604,8.350747457905058,0.20826587482860062,13.010626987045171,20.196572183364925,0.0,2500.0,13.75,0.55,cooling,1.0,0.0
hot_weather,100,cooling,1321.0,251.75339433208754,251.6387999809952,842.3449943572763,1684.575361853655,67.8701313182967,54.06326137943684,8.350747457905058,0.18704613720116442,13.07857471297333,20.477996378697036,0.0,2500.0,13.75,0.55,cooling,1.0,0.0
hot_weather,100,cooling,1322.0,251.78871665181046,251.51107043868373,841.3116871109971,1681.2140642811182,67.40322074007703,54.4700913678501,8.350747457905058,0.22263855561970153,12.952937396267656,19.91387706975673,0.0,2500.0,13.75,0.55,cooling,1.0,0.0
hot_weather,100,cooling,1323.0,251.82319796392093,251.33102870715734,844.9028198461059,1689.1579924945577,67.39249825692107,54.633255127960695,8.350747457905058,0.20616130655753556,12.932665681682915,19.783394905577904,0.0,2500.0,13.75,0.55,cooling,1.0,0.0
hot_weather,100,cooling,1324.0,251.85685829240973,251.41377827575042,842.6220691047191,1689.0408734721184,67.5755309802742,54.83017602957926,8.350747457905058,0.18650663692293434,12.95057694503097,20.035530614739915,0.0,2500.0,13.75,0.55,cooling,1.0,0.0
hot_weather,100,cooling,1325.0,251.88971718450594,251.70155802544093,841.1519737552759,1677.8838863026556,67.55698018276576,54.87899282460427,8.350747457905058,0.19592046591743661,13.090175387659668,20.317668330901952,0.0,2500.0,13.75,0.55,cooling,1.0,0.0
hot_weather,100,cooling,1326.0,251.9217937220284,251.83175298250055,842.7632897800179,1683.7877634075128,67.5177757615838,53.74780659592122,8.350747457905058,0.15907087210811788,12.923522356751477,19.922923993138905,0.0,2500.0,13.75,0.55,cooling,1.0,0.0
hot_weather,100,cooling,1327.0,251.95310653246702,251.91549503201057,846.074633748269,1686.262577428501,67.13186167162631,54.756206839100585,8.350747457905058,0.17680506371257826,13.04000596664976,20.124929449164615,0.0,2500.0,13.75,0.55,cooling,1.0,0.0
hot_weather,100,cooling,1328.0,251.98367379979996,251.10926803209503,846.8601770287632,1680.2070099532211,67.93555310226037,54.78970048801686,8.350747457905058,0.28518806385986345,13.11621315395758,19.87844415060874,0.0,2500.0,13.75,0.55,cooling,1.0,0.0
hot_weather,100,cooling,1329.0,252.01351327505353,252.7811080730983,842.3710767690487,1681.521464295827,67.95647269732967,53.52274833779469,8.350747457905058,0.19468802222644158,13.087276248973637,20.202170175782143,0.0,2500.0,13.75,0.55,cooling,1.0,0.0
hot_weather,100,cooling,1330.0,252.0426422866106,252.03086902164884,851.8566802316303,1688.1212033335719,66.85491999560303,53.41043644154441,8.350747457905058,0.22834549443616498,13.086001500414937,19.924599915295648,0.0,2500.0,13.75,0.55,cooling,1.0,0.0
hot_weather,100,cooling,1331.0,252.07107775027345,251.92946787990505,843.0717787436417,1674.7756347203276,68.56762235527414,53.527557594393926,8.350747457905058,0.19252219163931208,13.083016079712323,20.253988977951174,0.0,2500.0,13.75,0.55,cooling,1.0,0.0
hot_weather,100,cooling,1332.0,252.0988361790872,252.13436861905137,847.1992960530201,1683.4048271240874,68.31448580175457,53.610234153777526,8.350747457905058,0.15897265542412314,13.037220799645272,20.299151229071484,0.0,2500.0,13.75,0.55,cooling,1.0,0.0
hot_weather,100,cooling,1333.0,252.12593369292915,252.2336607196102,841.4965368610211,1684.17945543169,68.03020179187689,54.34852676441202,8.350747457905058,0.23965849831291214,13.038151470976098,19.905863751991646,0.0,2500.0,13.75,0.55,cooling,1.0,0.0
hot_weather,100,cooling,1334.0,252.15238602787014,251.8634286094781,846.6770321546736,1690.421386356547,68.01795491423113,54.26654363009852,8.350747457905058,0.12595978704531768,13.013541569762038,20.36354778185408,0.0,2500.0,13.75,0.55,cooling,1.0,0.0
hot_weather,100,cooling,1335.0,252.17820854531251,252.09091949741858,844.6581525805608,1691.3929920889916,68.0416792267313,53.6126416451924,8.350747457905058,0.24469804131637135,13.053263805795858,19.967197151118896,0.0,2500.0,13.75,0.55,cooling,1.0,0.0
hot_weather,100,cooling,1336.0,252.20341624091103,252.8985012501766,847.6914752633577,1682.5818992448926,68.27551300724903,54.338201715829314,8.350747457905058,0.2527897312206731,13.062802670353824,19.919164966203404,0.0,2500.0,13.75,0.55,cooling,1.0,0.0
hot_weather,100,cooling,1337.0,252.228023753281,252.25444892979488,840.5710518233338,1674.4707235486335,67.302518470255,54.191358147578285,8.350747457905058,0.15687066591404364,13.025899398789068,20.051368185705133,0.0,2500.0,13.75,0.55,cooling,1.0,0.0
hot_weather,100,cooling,1338.0,252.2520453724993,252.56930548558657,845.1812021864009,1682.0997041300236,67.77926699226302,53.50009271613021,8.350747457905058,0.2712578961272192,12.955034167297983,20.23840269367798,0.0,2500.0,13.75,0.55,cooling,1.0,0.0
hot_weather,100,cooling,1339.0,252.27549504840292,252.5139437042283,846.2607465868986,1680.9477039577387,67.92836846995445,53.07897747977585,8.350747457905058,0.26736206831718445,12.995212291791542,19.980367539178538,0.0,2500.0,13.75,0.55,cooling,1.0,0.0
hot_weather,100,cooling,1340.0,252.29838639868976,251.81631323531676,849.6486439997951,1679.5467802078576,67.80530839439693,54.5414860757095,8.350747457905058,0.17869905553923685,13.022333556446029,19.87738710639935,0.0,2500.0,13.75,0.55,cooling,1.0,0.0
hot_weather,100,cooling,1341.0,252.3207327168269,252.15790668587164,843.398577224568,1680.3300223273748,68.08582133029044,54.89161745427996,8.350747457905058,0.17716629351366844,13.027068707058373,19.84107174622637,0.0,2500.0,13.75,0.55,cooling,1.0,0.0
hot_weather,100,cooling,1342.0,252.34254697977033,252.66204615572275,847.908007785478,1683.9539843061884,67.37099827195235,54.39475565669189,8.350747457905058,0.2680157326976817,13.012081603274375,20.23592694600242,0.0,2500.0,13.75,0.55,cooling,1.0,0.0
hot_weather,100,cooling,1343.0,252.3638418555008,252.04973479636996,845.7474139173858,1682.9190349323612,67.56515635999781,53.46435539007463,8.350747457905058,0.15866011583717246,13.031343453834957,20.106557040669472,0.0,2500.0,13.75,0.55,cooling,1.0,0.0
hot_weather,100,cooling,1344.0,252.38462971038055,252.5862694244716,842.8807546672272,1685.8414258072792,67.91105035340226,54.60349504221483,8.350747457905058,0.23053153181404767,13.03289652282291,19.52729479255524,0.0,2500.0,13.75,0.55,cooling,1.0,0.0
hot_weather,100,cooling,1345.0,252.4049226163346,252.1989211155424,844.5158692236453,1686.429448422669,67.87356086829658,53.5537429990902,8.350747457905058,0.28558528727194293,13.037307630370735,20.16115423846425,0.0,2500.0,13.75,0.55,cooling,1.0,0.0
hot_weather,100,cooling,1346.0,252.42473235786116,252.35273622832833,845.824219822707,1682.9937568936687,68.67221238570619,53.728380328479666,8.350747457905058,0.22686075550760013,13.062551973641668,19.87394411857651,0.0,2500.0,13.75,0.55,cooling,1.0,0.0
hot_weather,100,cooling,1347.0,252.44407043887517,252.5828950865413,841.3970348356204,1688.4957389628782,67.93375232950767,54.06818255306645,8.350747457905058,0.20064634401866058,13.024753208733811,19.994227178210767,0.0,2500.0,13.75,0.55,cooling,1.0,0.0
hot_weather,100,cooling,1348.0,252.46294808938887,252.12007014822893,843.757266853727,1690.7475286790532,68.66589778941683,53.93168175553028,8.350747457905058,0.2395489845566163,13.053760149019132,19.892198355562027,0.0,2500.0,13.75,0.55,cooling,1.0,0.0
hot_weather,100,cooling,1349.0,252.4813762720332,252.42067698135827,844.0940458849543,1683.4357152202415,67.8891977751046,54.143933963191365,8.350747457905058,0.30579900971965,13.06608814618762,19.828215283979027,0.0,2500.0,13.75,0.55,cooling,1.0,0.0
hot_weather,100,cooling,1350.0,252.4993656884241,253.04414092964262,847.4593040089761,1691.7556206593786,67.24545361062287,54.33994026073244,8.350747457905058,0.25916378392231365,13.019003378025836,19.966644842489202,0.0,2500.0,13.75,0.55,cooling,1.0,0.0
hot_weather,100,cooling,1351.0,252.5169267853771,252.02891018018258,846.0216097169125,1670.7031215487116,67.32814170031187,53.82302916922561,8.350747457905058,0.1407884677262087,13.046816645201334,20.613732898451712,0.0,2500.0,13.75,0.55,cooling,1.0,0.0
hot_weather,100,cooling,1352.0,252.5340697609741,251.86378121531428,845.1027426497412,1682.9077418231575,68.31794342984699,53.87801922880569,8.350747457905058,0.2354557553336355,12.976407343828921,20.00915662918935,0.0,2500.0,13.75,0.55,cooling,1.0,0.0
hot_weather,100,cooling,1353.0,252.55080457048544,252.7351718046897,840.6920443165142,1686.7987330476296,67.45718751982001,53.248616660184084,8.350747457905058,0.18409865734867562,13.057537427039568,20.31853511840101,0.0,2500.0,13.75,0.55,cooling,1.0,0.0
hot_weather,100,cooling,1354.0,252.56714093215126,252.27875609792778,841.8245151934689,1674.3867873936674,67.39841831185652,53.85342275944899,8.350747457905058,0.2320733702004327,13.036270111912186,19.791327816190872,0.0,2500.0,13.75,0.55,cooling,1.0,0.0
hot_weather,100,cooling,1355.0,252.58308833282504,252.59923763755387,841.4330036024015,1681.2771769392675,66.93776629875593,53.783075566285596,8.350747457905058,0.150296447765254,12.99849506438903,20.04826794991732,0.0,2500.0,13.75,0.55,cooling,1.0,0.0
hot_weather,100,cooling,1356.0,252.5986560334828,253.43077384314773,841.0299305414329,1693.0687687476081,67.50257104223688,53.97284484248818,8.350747457905058,0.22934536045918474,13.08188416532025,19.676040949173412,0.0,2500.0,13.75,0.55,cooling,1.0,0.0
hot_weather,100,cooling,1357.0,252.61385307460108,252.91647704542476,847.890333185808,1682.6021974654395,68.11759353527711,53.94601602936191,8.350747457905058,0.20540033467710975,13.007497027561502,19.952251417893063,0.0,2500.0,13.75,0.55,cooling,1.0,0.0
hot_weather,100,cooling,1358.0,252.62868828140702,251.51756899361874,846.3958646546001,1672.4536393304268,67.83029544465518,54.725614986626475,8.350747457905058,0.13777631631994333,13.067983326698752,20.161803592569548,0.0,2500.0,13.75,0.55,cooling,1.0,0.0
hot_weather,100,cooling,1359.0,252.6431702690033,252.19431535058894,848.5623434204396,1683.0170208342947,66.94312452726342,54.512745532918736,8.350747457905058,0.1932590848790542,13.102631837097091,19.687630314225846,0.0,2500.0,13.75,0.55,cooling,1.0,0.0
hot_weather,100,cooling,1360.0,252.65730744737107,252.43447387116285,854.0319917232954,1683.6204057664286,68.42480663822728,53.31625402047635,8.350747457905058,0.2645773307514533,13.0423093881102,20.055006363159762,0.0,2500.0,13.75,0.55,cooling,1.0,0.0
hot_weather,100,cooling,1361.0,252.6711080262539,252.75832163929437,847.1299642217195,1676.8256393386864,67.23566635017725,53.594029083091534,8.350747457905058,0.11826153451419232,12.9118237749779,19.798142131015105,0.0,2500.0,13.75,0.55,cooling,1.0,0.0
hot_weather,100,cooling,1362.0,252.68458001992525,252.39585174680647,849.1034920978035,1678.648473921703,67.5260598772881,53.99413687041002,8.350747457905058,0.1674077134003628,12.987525303006054,20.29016434816281,0.0,2500.0,13.75,0.55,cooling,1.0,0.0
hot_weather,100,cooling,1363.0,252.6977312518425,253.64584564715832,842.3555078272753,1681.1584567272025,67.06415643681595,53.60202619058622,8.350747457905058,0.19641821547936167,13.063323196327673,20.13590635053737,0.0,2500.0,13.75,0.55,cooling,1.0,0.0
hot_weather,100,cooling,1364.0,252.7105693591903,252.83629278474473,839.2852011105301,1686.5716828086638,66.59454070212186,54.331586292881404,8.350747457905058,0.25332511630467636,13.044653590737214,20.002758647682093,0.0,2500.0,13.75,0.55,cooling,1.0,0.0
hot_weather,100,cooling,1365.0,252.72310179731554,252.80304806437104,844.3265470074043,1683.7204027193682,66.83604879317113,53.686316991995575,8.350747457905058,0.17682314269775895,13.177968034867558,19.721963724579176,0.0,2500.0,13.75,0.55,cooling,1.0,0.0
hot_weather,100,cooling,1366.0,252.73533584405683,253.03630904030757,846.3260780770889,1681.2406646830163,67.80602189858493,53.709083257904396,8.350747457905058,0.20374540885509726,12.965309684833914,20.15599770919095,0.0,2500.0,13.75,0.55,cooling,1.0,0.0
hot_weather,100,cooling,1367.0,252.74727860397095,253.84881153310994,842.8134905918515,1675.9628447995553,67.98656527922002,53.61931384631333,8.350747457905058,0.18840299523650467,13.04139546044015,20.262094662544154,0.0,2500.0,13.75,0.55,cooling,1.0,0.0
hot_weather,100,cooling,1368.0,252.75893701245855,252.1966578124158,842.0002630932979,1684.55223948006,67.16661622827455,55.208979155859396,8.350747457905058,0.2835181867847326,13.030865647495713,19.74918668231871,0.0,2500.0,13.75,0.55,cooling,1.0,0.0
hot_weather,100,cooling,1369.0,252.7703178397917,252.85697105733402,845.0382068427865,1681.3853903062982,67.27424179490446,53.8609705205669,8.350747457905058,0.22037883043043852,13.107386868240386,19.92187977710051,0.0,2500.0,13.75,0.55,cooling,1.0,0.0
hot_weather,100,cooling,1370.0,252.78142769504547,252.5707001508148,848.8086029065214,1678.753888251466,67.75693362490433,54.27930244969633,8.350747457905058,0.2183282255786061,13.021037581032342,19.760378523018353,0.0,2500.0,13.75,0.55,cooling,1.0,0.0
hot_weather,100,cooling,1371.0,252.79227302993604,252.7702178728119,841.0958768635056,1676.6572201549425,67.22864539378286,54.43656593034856,8.350747457905058,0.2147038205493972,13.078442915079291,20.15698571132975,0.0,2500.0,13.75,0.55,cooling,1.0,0.0
hot_weather,100,cooling,1372.0,252.80286014256734,253.02336524648015,839.7145647802923,1677.6866511611963,67.40632217965621,54.38710311143083,8.350747457905058,0.1962672920296785,13.032621360605994,20.08444676436712,0.0,2500.0,13.75,0.55,cooling,1.0,0.0
hot_weather,100,cooling,1373.0,252.81319518108836,252.9139213667276,847.6065142426414,1685.0167339957452,66.85298043518712,53.85887737538845,8.350747457905058,0.26061174414188254,13.09448635031765,19.982390810571818,0.0,2500.0,13.75,0.55,cooling,1.0,0.0
hot_weather,100,cooling,1374.0,252.82328414726365,252.58278425921256,846.3144622001635,1674.7989821642334,68.08997909845486,54.130376528878,8.350747457905058,0.1719643430365515,13.004320879483293,20.313441097882198,0.0,2500.0,13.75,0.55,cooling,1.0,0.0
hot_weather,100,cooling,1375.0,252.83313289995857,252.65416327881147,849.1076128101383,1686.6668534285868,67.69362968996278,54.88313227425651,8.350747457905058,0.22230769869265357,12.995040287317877,20.01228873387324,0.0,2500.0,13.75,0.55,cooling,1.0,0.0
hot_weather,100,cooling,1376.0,252.8427471585417,252.92559883072025,845.8810022537068,1685.5133643567958,67.9658404894389,54.519720110705265,8.350747457905058,0.13006165020690263,13.059115871383364,20.014343136252336,0.0,2500.0,13.75,0.55,cooling,1.0,0.0
hot_weather,100,cooling,1377.0,252.85213250620617,252.66709575258616,849.1507540950661,1685.1499038606482,67.44441632680726,53.65147775610258,8.350747457905058,0.2447437541889383,13.062817147507054,20.117857566097367,0.0,2500.0,13.75,0.55,cooling,1.0,0.0
hot_weather,100,cooling,1378.0,252.86129439321198,252.86658260778958,844.887652459526,1678.581598514763,67.44491446182562,53.94360604448274,8.350747457905058,0.2108642354479017,12.97381210759735,20.200154720367223,0.0,2500.0,13.75,0.55,cooling,1.0,0.0
hot_weather,100,cooling,1379.0,252.870238140051,251.84754553304907,845.675907330027,1679.4147316468375,67.6992721860692,53.3216122046761,8.350747457905058,0.2244063155280659,13.03486150566553,20.04883410231904,0.0,2500.0,13.75,0.55,cooling,1.0,0.0
hot_weather,100,cooling,1380.0,252.87896894053668,253.15405496155324,842.7496945779594,1672.7325857295127,67.0294276105108,54.134484576343475,8.350747457905058,0.18697267022473615,13.03255655559954,20.216124095388167,0.0,2500.0,13.75,0.55,cooling,1.0,0.0
hot_weather,100,cooling,1381.0,252.88749186482033,252.47018352109043,842.6315999501854,1678.6324767343372,68.06249882513838,54.28330876063197,8.350747457905058,0.09450892661187836,13.059074559711814,20.185492398853476,0.0,2500.0,13.75,0.55,cooling,1.0,0.0
hot_weather,100,cooling,1382.0,252.89581186233534,253.08228443066952,849.1817638317282,1682.6135204722007,67.29190646824293,53.90140406946422,8.350747457905058,0.2208226357889817,13.02286614338676,19.978537760795124,0.0,2500.0,13.75,0.55,cooling,1.0,0.0
hot_weather,100,cooling,1383.0,252.9039337646714,253.38424279955038,842.2909594619862,1674.7772293852252,67.45795425613153,54.26880326803986,8.350747457905058,0.13281101796676598,13.00973601697387,20.052006592583428,0.0,2500.0,13.75,0.55,cooling,1.0,0.0
hot_weather,100,cooling,1384.0,252.9118622883804,252.8461276570862,841.2903211535687,1684.900982951378,68.78181037577237,53.47953388799285,8.350747457905058,0.16033125029491802,13.07599788963312,20.278100500976258,0.0,2500.0,13.75,0.55,cooling,1.0,0.0
hot_weather,100,cooling,1385.0,252.9196020377154,252.63622968403453,838.7262606135316,1678.8157015343152,68.80154330982234,54.113914712745,8.350747457905058,0.13799665673334438,13.061403487719367,19.502400309371424,0.0,2500.0,13.75,0.55,cooling,1.0,0.0
hot_weather,100,cooling,1386.0,252.92715750730434,252.52506007819417,845.3552447430411,1679.9730156622566,67.8068790578149,54.261304013890296,8.350747457905058,0.2490744351914319,12.982047657556414,19.956885018426366,0.0,2500.0,13.75,0.55,cooling,1.0,0.0
hot_weather,100,cooling,1387.0,252.9345330847602,252.37960571012567,842.8586232933859,1686.5623893986183,67.46646456228542,53.66683238146508,8.350747457905058,0.25050385978807416,12.99506976953492,20.0783179525055,0.0,2500.0,13.75,0.55,cooling,1.0,0.0
hot_weather,100,cooling,1388.0,252.941733053229,252.3567296418086,844.2199106099671,1681.7033053375571,67.4441605015417,54.34655537442131,8.350747457905058,0.20153810237908446,13.0052933461958,19.904755640547066,0.0,2500.0,13.75,0.55,cooling,1.0,0.0
hot_weather,100,cooling,1389.0,252.94876159387712,252.1756368254323,848.6286285524895,1678.2833601536347,66.73264880018654,54.25576552795877,8.350747457905058,0.17232496682107393,12.997285214256763,19.653051856112086,0.0,2500.0,13.75,0.55,cooling,1.0,0.0
hot_weather,100,cooling,1390.0,252.95562278831935,253.43045448140094,849.2145130883398,1681.436008623613,67.26596230771375,55.018775258148054,8.350747457905058,0.26451568730186625,13.040580603820608,19.88663286788266,0.0,2500.0,13.75,0.55,cooling,1.0,0.0
hot_weather,100,cooling,1391.0,252.96232062098912,253.30622178034932,843.7741842927159,1683.5133936266504,67.91954974238631,54.38150870224176,8.350747457905058,0.2349080092340703,12.999602939451124,20.001377154294843,0.0,2500.0,13.75,0.55,cooling,1.0,0.0
hot_weather,100,cooling,1392.0,252.96885898145248,253.56528718860486,848.8911831627165,1690.3954435635176,67.65714268224659,54.16611422581941,8.350747457905058,0.19826110663011612,13.085972023376163,20.008616351010737,0.0,2500.0,13.75,0.55,cooling,1.0,0.0
hot_weather,100,cooling,1393.0,252.9752416666667,253.21894550724497,847.0288446233996,1676.8190816946214,67.67543295252766,54.16689691099328,8.350747457905058,0.21892383190725262,13.051389410312584,20.194437921168767,0.0,2500.0,13.75,0.55,cooling,1.0,0.0
hot_weather,100,cooling,1394.0,252.98147238318535,252.29422011510766,848.4207794249921,1684.0118615639105,67.5882118827859,54.31035502822272,8.350747457905058,0.1671576645865681,13.057850156603873,20.209193492900226,0.0,2500.0,13.75,0.55,cooling,1.0,0.0
hot_weather,100,cooling,1395.0,252.9875547493107,252.34067334314284,847.951235889312,1678.8552757083748,67.22488311593291,53.81195118731563,8.350747457905058,0.221471097239344,12.98721377174112,19.96518309886635,0.0,2500.0,13.75,0.55,cooling,1.0,0.0
hot_weather,100,cooling,1396.0,252.993492297195,251.82601221225593,844.5187863438532,1689.5120913191702,68.33372272482455,54.54158333235932,8.350747457905058,0.18686142151675197,12.984301375498719,20.093190005038135,0.0,2500.0,13.75,0.55,cooling,1.0,0.0
hot_weather,100,cooling,1397.0,252.99928847489156,253.46018735023722,848.6062230347112,1678.9603899057972,67.482153679884,53.92100524127777,8.350747457905058,0.19348644876759952,13.03994188190795,19.954095434818907,0.0,2500.0,13.75,0.55,cooling,1.0,0.0
hot_weather,100,cooling,1398.0,253.00494664835725,253.30157523316564,846.6711388101926,1684.1810154066718,68.96325054499663,54.78930581795042,8.350747457905058,0.2776284119842924,13.028149386630574,20.155498717149253,0.0,2500.0,13.75,0.55,cooling,1.0,0.0
hot_weather,100,cooling,1399.0,253.01047010340707,252.98806827560483,845.5112884345294,1681.8698837878246,68.34088088472647,53.555216876807,8.350747457905058,0.12136979504905186,13.027193017994405,19.89169963098906,0.0,2500.0,13.75,0.55,cooling,1.0,0.0
hot_weather,100,cooling,1400.0,253.0158620476224,252.45731560292379,846.3956724315158,1680.5529248244056,66.93518184016833,53.66621571606159,8.350747457905058,0.1570064703862474,12.909583714892573,20.114749763970302,0.0,2500.0,13.75,0.55,cooling,1.0,0.0
hot_weather,100,cooling,1401.0,253.02112561221352,253.17154193158296,850.7194965554093,1688.3232907935574,68.00276897901477,54.13088211813788,8.350747457905058,0.19922943829055362,12.941919064523336,20.12524207178555,0.0,2500.0,13.75,0.55,cooling,1.0,0.0
hot_weather,100,cooling,1402.0,253.0262638538382,252.25075479503369,843.908231494242,1692.10649994892,67.51415835555646,54.71784131856496,8.350747457905058,0.30495601383650534,12.94661145968932,19.938049005380506,0.0,2500.0,13.75,0.55,cooling,1.0,0.0
hot_weather,100,cooling,1403.0,253.0312797563766,253.27049407880938,844.0305718397728,1682.1723869106384,67.63133198891173,53.74403018570463,8.350747457905058,0.18745574573481127,12.958026177655464,20.1183702231297,0.0,2500.0,13.75,0.55,cooling,1.0,0.0
hot_weather,100,cooling,1404.0,253.03617623266405,253.07430002789553,845.930117542472,1676.0909525210882,68.87667391424988,53.627820538033376,8.350747457905058,0.21172730418519947,12.977482903422176,20.25888310112152,0.0,2500.0,13.75,0.55,cooling,1.0,0.0
hot_weather,100,cooling,1405.0,253.04095612618278,252.04201776639167,843.352044829434,1689.00867057731,67.32067153473136,53.333635369898815,8.350747457905058,0.17271253865783906,13.058277911106781,19.740078844421685,0.0,2500.0,13.75,0.55,cooling,1.0,0.0
hot_weather,100,cooling,1406.0,253.04562221271294,253.61280599316635,840.2795528931791,1681.803409724259,67.43387178204374,54.404216030755165,8.350747457905058,0.23958943024912502,13.018369439870913,20.31751327453566,0.0,2500.0,13.75,0.55,cooling,1.0,0.0
hot_weather,100,cooling,1407.0,253.0501772019448,253.31147713255655,845.368566271279,1685.2586853982336,67.64544205352136,52.944425790950454,8.350747457905058,0.17599825756507406,13.044083514414961,19.885073972851472,0.0,2500.0,13.75,0.55,cooling,1.0,0.0
hot_weather,100,cooling,1408.0,253.05462373905206,253.5410120272172,848.1242268762528,1686.6107278482102,67.71369677995321,54.035002965752916,8.350747457905058,0.17396196291209273,12.995729192660356,19.98809407642507,0.0,2500.0,13.75,0.55,cooling,1.0,0.0
hot_weather,100,cooling,1409.0,253.0589644062282,253.10692360229044,846.8271964862066,1681.6361484291685,68.33181940939063,54.055026664696484,8.350747457905058,0.19923346555434282,13.01116038103871,19.860580382352527,0.0,2500.0,13.75,0.55,cooling,1.0,0.0
hot_weather,100,cooling,1410.0,253.06320172418586,252.8961654637986,846.5723131355733,1683.1763528061513,67.75468023523203,54.012230894607,8.350747457905058,0.14001286546125613,13.013159539691594,20.169616936429723,0.0,2500.0,13.75,0.55,cooling,1.0,0.0
hot_weather,100,cooling,1411.0,253.0673381536207,253.38533610711647,845.2452326919903,1677.9476910131098,67.70924034498539,53.32298251498286,8.350747457905058,0.2750496918219907,13.030303692387363,20.141840140547266,0.0,2500.0,13.75,0.55,cooling,1.0,0.0
hot_weather,100,cooling,1412.0,253.07137609664045,252.52273439142945,842.0102838756084,1679.573631772091,67.31271629804758,55.056891944454854,8.350747457905058,0.1774506957245006,13.016168820735631,20.158147004338435,0.0,2500.0,13.75,0.55,cooling,1.0,0.0
hot_weather,100,cooling,1413.0,253.07531789815974,253.2473918199281,845.5663527615344,1676.8038395784522,67.8211149602708,53.8278432288384,8.350747457905058,0.1945301148003331,12.995990699076025,19.964218797893977,0.0,2500.0,13.75,0.55,cooling,1.0,0.0
hot_weather,100,cooling,1414.0,253.0791658472619,253.07468602722804,841.0961697137212,1676.7963087567841,67.96113865087645,53.580756932657046,8.350747457905058,0.19726278949491202,12.99022982072849,20.261233827178962,0.0,2500.0,13.75,0.55,cooling,1.0,0.0
hot_weather,100,cooling,1415.0,253.0829221785283,253.1940056666536,850.0274232301537,1683.9617535002099,66.8710219071098,54.89629078626618,8.350747457905058,0.3068496862194588,13.078423902597805,19.978191098144723,0.0,2500.0,13.75,0.55,cooling,1.0,0.0
hot_weather,100,cooling,1416.0,253.08658907333594,253.1174853226531,840.787172703822,1681.1179509445444,67.33521115107801,54.13367380082075,8.350747457905058,0.19944389447863758,13.027847920295518,19.95463498190639,0.0,2500.0,13.75,0.55,cooling,1.0,0.0
hot_weather,100,cooling,1417.0,253.09016866112438,252.14704684376397,844.296261508235,1685.5070910228703,66.15774716379913,54.412185447948154,8.350747457905058,0.19275764133010817,12.996521377090957,19.92812742214512,0.0,2500.0,13.75,0.55,cooling,1.0,0.0
hot_weather,100,cooling,1418.0,253.09366302063214,253.24215621545022,846.4809712995207,1682.148633414914,68.58061920543678,54.269693189270185,8.350747457905058,0.20278728190397982,13.073774370023623,19.882005339616136,0.0,2500.0,13.75,0.55,cooling,1.0,0.0
hot_weather,100,cooling,1419.0,253.097074181104,253.32371982683046,845.6140540312248,1676.1483536218536,67.75966433654963,54.53901057016632,8.350747457905058,0.18242548214874962,13.015795797430293,19.699412047174757,0.0,2500.0,13.75,0.55,cooling,1.0,0.0
hot_weather,100,cooling,1420.0,253.1004041234694,252.94817285638356,841.1780400283775,1684.1484229596074,68.16051385629508,54.473308407535626,8.350747457905058,0.23134097522792513,12.992935033932413,20.293634573879057,0.0,2500.0,13.75,0.55,cooling,1.0,0.0
hot_weather,100,cooling,1421.0,253.10365478149274,253.13559942964278,846.6308400632489,1681.3331863840501,67.52919454199308,54.158216896229334,8.350747457905058,0.18821553341881284,13.035440524100713,20.114809651183318,0.0,2500.0,13.75,0.55,cooling,1.0,0.0
hot_weather,100,cooling,1422.0,253.1068280428965,253.3777284578048,841.4364386609408,1686.2004787215246,67.94861226961855,53.87711710420884,8.350747457905058,0.1847571564359022,13.019582190297397,19.84741163871734,0.0,2500.0,13.75,0.55,cooling,1.0,0.0
hot_weather,100,cooling,1423.0,253.1099257504573,253.1063677357278,843.3938491830994,1680.1173331021487,67.72776021765443,54.507738628129694,8.350747457905058,0.10681536797076395,13.118539772473682,20.062394066778445,0.0,2500.0,13.75,0.55,cooling,1.0,0.0
hot_weather,100,cooling,1424.0,253.1129497030762,253.06887592985325,844.6643427758582,1686.2139157534098,67.75747106533147,53.95639372075773,8.350747457905058,0.2812931482019703,13.023130025228674,19.791600408380475,0.0,2500.0,13.75,0.55,cooling,1.0,0.0
hot_weather,100,cooling,1425.0,253.11590165682318,252.19805420285283,850.2263693680823,1683.9315766921525,66.42758456001289,55.373882137132945,8.350747457905058,0.2133019809850242,12.971305742911488,19.885659718605517,0.0,2500.0,13.75,0.55,cooling,1.0,0.0
hot_weather,100,cooling,1426.0,253.11878332595717,252.09550810743164,849.7672117895854,1680.029180341514,68.11733723682474,53.562367270273036,8.350747457905058,0.1977003516966803,12.97233764433886,19.59982946452745,0.0,2500.0,13.75,0.55,cooling,1.0,0.0
hot_weather,100,cooling,1427.0,253.1215963839213,253.32358592878492,845.2584157816935,1683.8895317599147,66.67874909339892,55.18725718415142,8.350747457905058,0.25910950056043563,13.074405214094885,20.087654903740113,0.0,2500.0,13.75,0.55,cooling,1.0,0.0
hot_weather,100,cooling,1428.0,253.12434246431482,253.20190443478833,849.3679791594905,1684.3791926967078,67.27547523571565,55.050175943112606,8.350747457905058,0.17564881623355083,13.049748654034287,19.973243534070626,0.0,2500.0,13.75,0.55,cooling,1.0,0.0
hot_weather,100,cooling,1429.0,253.12702316184186,252.63403135266807,841.7212406882223,1682.0034322220336,67.20410533085759,53.97327494274239,8.350747457905058,0.16942759039619998,13.054594932870138,20.02972127501408,0.0,2500.0,13.75,0.55,cooling,1.0,0.0
hot_weather,100,cooling,1430.0,253.1296400332373,252.85273966067842,850.9159971842518,1682.018628966729,67.80652407669402,54.24216083324637,8.350747457905058,0.14683468426794982,13.10897287934731,20.02216085832525,0.0,2500.0,13.75,0.55,cooling,1.0,0.0
hot_weather,100,cooling,1431.0,253.13219459817094,251.8530698439353,840.9001871885723,1686.286108563019,67.82515532903403,53.822466828048746,8.350747457905058,0.2679923753583368,13.096445282880087,19.73668216371833,0.0,2500.0,13.75,0.55,cooling,1.0,0.0
hot_weather,100,cooling,1432.0,253.13468834012997,253.7193124588273,842.470562373669,1674.6438911574023,67.83405201029281,54.18953827940333,8.350747457905058,0.26288787961190474,13.07102925025209,19.882360508698795,0.0,2500.0,13.75,0.55,cooling,1.0,0.0
hot_weather,100,cooling,1433.0,253.13712270728044,252.72573107657996,844.6973639979676,1681.526428417195,67.65498524275677,53.766403098444734,8.350747457905058,0.1316373827903748,12.973431629735531,19.977881496275973,0.0,2500.0,13.75,0.55,cooling,1.0,0.0
hot_weather,100,cooling,1434.0,253.1394991133083,253.5700221853896,848.4681917459197,1681.4072831392389,67.35936976054069,53.834170870137456,8.350747457905058,0.18337471774787115,13.089007162709766,19.876277177594925,0.0,2500.0,13.75,0.55,cooling,1.0,0.0
hot_weather,100,cooling,1435.0,253.14181893824025,252.6830694223601,848.3274432824975,1683.5943511491555,67.6071725113092,54.00008861540446,8.350747457905058,0.20791263348575312,12.966573693235878,20.131907735700892,0.0,2500.0,13.75,0.55,cooling,1.0,0.0
hot_weather,100,cooling,1436.0,253.14408352924525,252.63863897534497,844.2797856681568,1666.756070834806,68.11621828244607,53.65269111205934,8.350747457905058,0.17468756966150195,13.082419098059074,20.391118166557607,0.0,2500.0,13.75,0.55,cooling,1.0,0.0
hot_weather,100,cooling,1437.0,253.1462942014168,253.92762758120355,847.8115776426183,1695.3588593753987,67.47041633481886,54.70314758203351,8.350747457905058,0.15113265303463835,13.084048065981492,19.878637173184476,0.0,2500.0,13.75,0.55,cooling,1.0,0.0
hot_weather,100,cooling,1438.0,253.14845223853663,253.24827036554578,845.6949820145292,1686.9765061493786,67.86927508349855,54.434909861405885,8.350747457905058,0.3152506051087289,12.984276215466194,20.023371778954868,0.0,2500.0,13.75,0.55,cooling,1.0,0.0
hot_weather,100,cooling,1439.0,253.1505588938203,253.7857456359762,847.5138623220386,1679.021157919002,68.03379081477867,53.91073623193228,8.350747457905058,0.1773409637313176,13.086211347947815,19.830972158774564,0.0,2500.0,13.75,0.55,cooling,1.0,0.0
hot_weather,100,cooling,1440.0,251.7080260382502,251.78449316828818,842.9786210028446,1566.6361409778033,66.79264297039384,53.64772794481991,4.2224260708639845,0.17527073695798306,12.988558296889874,19.715306078956612,0.0,2492.0,13.802000000000021,0.3,cooling,1.0,0.0
hot_weather,100,cooling,1441.0,250.22034657317676,249.55972832119014,840.8658671187867,1482.5173535014292,65.6127396965183,53.89089552123247,3.9946323873282212,0.2622322500983082,12.93665582985505,19.782234134040735,0.0,2484.0,13.853999999999985,0.3,cooling,1.0,0.0
hot_weather,100,cooling,1442.0,248.71387820727512,248.66842267915803,842.1090197732599,1404.8768844928818,65.38413013330147,54.125387450004126,3.8388992898712124,0.1732497267603807,12.916021981216417,19.783087415375643,0.0,2476.0,13.906000000000006,0.3,cooling,1.0,0.0
hot_weather,100,cooling,1443.0,247.2064502241647,246.845828666388,838.4196283027068,1382.1572109238296,65.25004650066597,53.49348791445851,3.7327468632924545,0.20657640203249586,12.842883426083894,20.105477708104132,0.0,2468.0,13.958000000000027,0.3,cooling,1.0,0.0
hot_weather,100,cooling,1444.0,245.71003555907504,246.05303605811918,834.8285540884161,1347.6764385335925,64.3602351743484,53.87668169649643,3.6607082291068953,0.16716352947377106,12.786450361689296,19.922374290054815,0.0,2460.0,14.009999999999991,0.3,cooling,1.0,0.0
hot_weather,100,cooling,1445.0,244.23258768622387,243.97715519463847,831.4248224506852,1330.5276441613848,64.8640085570417,52.575793988169096,3.612141697121423,0.23695510122481012,12.819448441448905,20.26857239358611,0.0,2452.0,14.062000000000012,0.3,cooling,1.0,0.0
hot_weather,100,cooling,1446.0,242.77930331749684,242.50372613470802,830.5154195884704,1315.6283864002069,63.99205346751721,53.17959674432883,3.5797254569232337,0.17398513929932047,12.722709266016745,20.21839394392042,0.0,2444.0,14.113999999999976,0.3,cooling,1.0,0.0
hot_weather,100,cooling,1447.0,241.35349035023938,241.43306238554496,832.245928000699,1308.3431573237392,65.05795053834117,52.662141737034474,3.5584218784350834,0.16674027895651078,12.756369797952898,20.18811080742001,0.0,2436.0,14.165999999999997,0.3,cooling,1.0,0.0
hot_weather,100,cooling,1448.0,239.9571644275645,239.21555353073614,827.2618024164987,1300.7664486608207,64.26061335083989,52.855339990801205,3.5447649183299106,0.16273216014130326,12.769932145907907,19.583549847910916,0.0,2428.0,14.218000000000018,0.3,cooling,1.0,0.0
hot_weather,100,cooling,1449.0,238.59145892342707,238.01198320869375,828.1422080947582,1299.4159865245638,64.35483023939817,52.73942393422244,3.5363698334430005,0.147301701595843,12.820948995649035,20.044805168719567,0.0,2420.0,14.269999999999982,0.3,cooling,1.0,0.0
hot_weather,100,cooling,1450.0,237.2569066608,236.74827850735855,819.8340138033336,1295.9060524307602,64.86950764685793,52.41296403987003,3.5315958483718446,0.14887320580578606,12.846803687799463,19.966152987952757,0.0,2412.0,14.322000000000003,0.3,cooling,1.0,0.0
hot_weather,100,cooling,1451.0,235.9536334498474,236.70756187867488,817.885679342839,1292.234050828811,63.89572905021139,51.920627418245104,3.529314060340122,0.14037061074359242,12.699221700399415,19.845474829863488,0.0,2404.0,14.374000000000024,0.3,cooling,1.0,0.0
hot_weather,100,cooling,1452.0,234.6814910057519,234.13136735886917,824.6498872264375,1293.215331021456,63.9670924331105,51.86023934344947,3.5287477505802727,0.20467694429506383,12.76216162924596,20.06465244640692,0.0,2396.0,14.425999999999988,0.3,cooling,1.0,0.0
hot_weather,100,cooling,1453.0,233.4401481933803,233.90879485467286,816.3285020123657,1292.0366270621919,64.52879487614149,52.86226558867358,3.5293625136510998,0.269401037271374,12.777980399643667,19.963580400368937,0.0,2388.0,14.478000000000009,0.3,cooling,1.0,0.0
hot_weather,100,cooling,1454.0,232.22915362489604,232.58265279211165,816.8414468589712,1288.5764352100152,64.15825183474654,52.024467418650566,3.530790663038118,0.17624008037563144,12.841418543922444,20.165353158287786,0.0,2380.0,14.529999999999973,0.3,cooling,1.0,0.0
hot_weather,100,cooling,1455.0,231.0479785656919,231.0022419024163,816.7081429204732,1286.927536067216,63.933285396223035,52.12383353007379,3.532779219895159,0.11104585702985637,12.768002533439613,19.75907260002215,0.0,2372.0,14.581999999999994,0.3,cooling,1.0,0.0
hot_weather,100,cooling,1456.0,229.89604630538636,229.4122603279826,811.3693870572855,1298.676601037609,64.46005965293638,52.159491367602534,3.5351541277131875,0.22333608671461366,12.783364157183,20.15722794081447,0.0,2364.0,14.634000000000015,0.3,cooling,1.0,0.0
hot_weather,100,cooling,1457.0,228.7727522265709,229.70744748461345,814.5536340748395,1285.3325249212703,64.98207469802588,51.23105284941772,3.5377956309251326,0.13403240489295204,12.746485995978757,19.805137543366907,0.0,2356.0,14.685999999999979,0.3,cooling,1.0,0.0
hot_weather,100,cooling,1458.0,227.6774774812091,228.01439170491147,812.720443443184,1287.7997801053946,64.00827385627015,51.928740562721806,3.5406213346402686,0.2592313886314613,12.780196570026254,19.873108374532265,0.0,2348.0,14.738,0.3,cooling,1.0,0.0
hot_weather,100,cooling,1459.0,226.60959827517405,226.2986243628471,808.8322935185789,1286.920081041986,64.44622766579484,52.17907609757353,3.5435745492299513,0.2516720831462401,12.80396269774404,19.592746161377107,0.0,2340.0,14.79000000000002,0.3,cooling,1.0,0.0
hot_weather,100,cooling,1460.0,225.56849213618992,225.20780631736238,808.6105066752459,1286.8945212280432,63.96177732919738,51.80424839230633,3.546616271051854,0.29618425565055884,12.786278113157563,20.16481424632363,0.0,2332.0,14.841999999999985,0.3,cooling,1.0,0.0
hot_weather,100,cooling,1461.0,224.55354211060657,225.88881063775173,806.4608440360987,1275.3449076944926,64.07267115821314,50.985312532953216,3.5497196649476517,0.12264498228005802,12.805471007421698,19.808733475979558,0.0,2324.0,14.894000000000005,0.3,cooling,1.0,0.0
hot_weather,100,cooling,1462.0,223.5641395389235,223.5483468351357,805.7708249931173,1281.1634704365458,64.45499285799374,51.315549207211866,3.552866268036405,0.25317507501624187,12.842574955865928,20.161829419173657,0.0,2316.0,14.946000000000026,0.3,cooling,1.0,0.0
hot_weather,100,cooling,1463.0,222.59968585681764,222.45489683554703,805.458681720156,1296.1731584525335,63.413294457210476,51.35966821891147,3.556043377811277,0.18753093740298105,12.828492139752035,20.13178964199491,0.0,2308.0,14.99799999999999,0.3,cooling,1.0,0.0
hot_weather,100,cooling,1464.0,221.65959372875568,221.90433952314322,809.634201368602,1287.9723639171223,63.49367947209658,51.789998979703185,3.559242255072446,0.18011369350503428,12.836432787870049,20.08635381337816,0.0,2300.0,15.050000000000011,0.3,cooling,1.0,0.0
hot_weather,100,cooling,1465.0,220.74328772524908,219.96154492211483,799.9016648561078,1291.4111403528323,64.86316438137614,50.71353861605264,3.5624568874917415,0.23592651130434897,12.700809684180983,19.867206547443732,0.0,2292.0,15.101999999999975,0.3,cooling,1.0,0.0
hot_weather,100,cooling,1466.0,219.8502046887941,220.09000808578415,802.906717439488,1286.429169910779,63.817819676379585,51.03993711770033,3.5656831389085992,0.23218670146210654,12.803548442455632,20.284699211705842,0.0,2284.0,15.153999999999996,0.3,cooling,1.0,0.0
hot_weather,100,cooling,1467.0,218.97979388815605,219.4767074258737,800.3717581138177,1282.5325434736833,64.01889939181414,50.57205419872554,3.5689181640206584,0.17014320441159092,12.712710318757559,19.90217852666829,0.0,2276.0,15.206000000000017,0.3,cooling,1.0,0.0
hot_weather,100,cooling,1468.0,218.13151702945706,218.56015329080194,797.5841089036294,1286.638717413962,64.5422375574364,51.2726038577579,3.5721600056737106,0.33451910042857824,12.81312029273191,20.287600918994976,0.0,2268.0,15.257999999999981,0.3,cooling,1.0,0.0
hot_weather,100,cooling,1469.0,217.30484817107728,217.31040408226474,798.4327265627991,1297.5012355267013,64.4082149776617,50.406508935562506,3.575407317785436,0.2128398059736567,12.80455643399841,20.202962813272432,0.0,2260.0,15.310000000000002,0.3,cooling,1.0,0.0
hot_weather,100,cooling,1470.0,216.49927357463596,216.78231494606004,793.895668285458,1289.741009550188,63.842692194953315,50.8228711083145,3.578659174708831,0.23311719868727246,12.679643428869342,20.27980215894936,0.0,2252.0,15.362000000000023,0.3,cooling,1.0,0.0
hot_weather,100,cooling,1471.0,215.7142915141823,216.03269256512988,795.4779569514689,1297.8285043368767,64.39093038661954,50.02182128923343,3.5819149400687254,0.21328664287502092,12.863279049744026,20.048835548440284,0.0,2244.0,15.413999999999987,0.3,cooling,1.0,0.0
hot_weather,100,cooling,1472.0,214.94941205875926,214.5816418736971,797.9969087542187,1289.9823041124025,64.31414216926181,50.267364636761855,3.5851741765175276,0.23575377822048277,12.87855798972136,20.04869561235656,0.0,2236.0,15.466000000000008,0.3,cooling,1.0,0.0
hot_weather,100,cooling,1473.0,214.2041568387151,214.54519410524236,799.2921128542491,1293.3200688917896,64.24365751869777,51.02089398428852,3.5884365836445316,0.09767655187070204,12.781835879016967,19.919734015400852,0.0035099881815735534,2228.0,15.518000000000029,0.3,cooling,1.0,0.0
hot_weather,100,cooling,1474.0,213.4780588028462,212.94144006041344,790.9232681733411,1298.8081270753319,64.99894868848075,50.4212764031877,3.5917019552557674,0.35243727259614444,12.879720371615107,19.693323665496855,0.008216534696784739,2220.0,15.569999999999993,0.3,cooling,1.0,0.0
hot_weather,100,cooling,1475.0,212.7706619711933,212.94389413722683,791.474751780012,1295.904615447541,64.52240574695533,51.07228193551618,3.5949701499813154,0.06336392074042799,12.824250553686962,19.972757861093516,0.012808829952592249,2212.0,15.622000000000014,0.3,cooling,1.0,0.0
hot_weather,100,cooling,1476.0,212.0815211867604,212.48354945234829,787.2982320450602,1283.6657305954548,63.74968527312056,50.56249904997034,3.5982410710522648,0.22716887632085112,12.86585986620116,19.756268577718686,0.01728959176833933,2204.0,15.673999999999978,0.3,cooling,1.0,0.0
hot_weather,100,cooling,1477.0,211.41020186835726,211.41226627580448,790.9410509760901,1284.6215689955113,64.23471166122751,50.553510032263596,3.601514652386735,0.10051772608966585,12.776933281098906,19.978759750427177,0.021661473966172573,2196.0,15.725999999999999,0.3,cooling,1.0,0.0
hot_weather,100,cooling,1478.0,210.75627976603556,210.1111968197799,784.8265793998536,1292.6951066996628,63.81973847185272,49.498671133420146,3.6047908490166183,0.23368269947994633,12.756126474176613,19.921774941822576,0.025927067672035453,2188.0,15.77800000000002,0.3,cooling,1.0,0.0
hot_weather,100,cooling,1479.0,210.11934072008506,209.39656500506177,789.7313088175537,1302.931143344893,64.43046680171884,50.32318724636573,3.6080696305009314,0.16684235677787734,12.7099608836418,19.939618691667494,0.030088902655296956,2180.0,15.829999999999984,0.3,cooling,1.0,0.0
hot_weather,100,cooling,1480.0,209.4989804242124,210.0794061670916,790.6552706695107,1296.7322799366113,64.92369058743189,50.474915811949224,3.611350976394027,0.22510900247081256,12.769621885479408,20.121882515578484,0.034149448684341444,2172.0,15.882000000000005,0.3,cooling,1.0,0.0
hot_weather,100,cooling,1481.0,208.89480419328882,208.18351864511354,786.4034169670804,1293.6853683104566,64.86844780095133,49.90161978676635,3.614634873127557,0.21378318258584225,12.777123004185366,19.912470359887323,0.03811111688277902,2164.0,15.934000000000026,0.3,cooling,1.0,0.0
hot_weather,100,cooling,1482.0,208.3064267358925,208.32664270292958,788.9273032387234,1290.556346912375,64.8998636433671,49.960892352173666,3.6179213118652207,0.15554540312747667,12.728649733405419,19.928410435543437,0.04197626107598895,2156.0,15.98599999999999,0.3,cooling,1.0,0.0
hot_weather,100,cooling,1483.0,207.73347193176104,208.41919581897562,783.3761628883518,1299.1576870824679,64.53984869697031,49.44949360311065,3.6212102870267366,0.18933744891572224,12.829927595609819,19.720551742739993,0.04574717912115145,2148.0,16.03800000000001,0.3,cooling,1.0,0.0
hot_weather,100,cooling,1484.0,207.17557261419506,206.81907820593403,782.6814779130377,1299.3763620483476,64.02562833822788,49.380188792318506,3.624501795272319,0.25833185301181294,12.776077575556739,20.00119141634333,0.049426114216302164,2140.0,16.089999999999975,0.3,cooling,1.0,0.0
hot_weather,100,cooling,1485.0,206.6323703574038,206.57241001880578,785.8260456292594,1292.104865387567,65.14610045593125,49.26626891981055,3.6277958348039556,0.23952281464178785,12.74394779702217,19.86582564050326,0.05301525618557201,2132.0,16.141999999999996,0.3,cooling,1.0,0.0
hot_weather,100,cooling,1486.0,206.1035152687497,205.10358660663394,783.8054135371484,1293.9557368111466,64.36088301030149,49.39035986647393,3.6310924048846696,0.15541512891978324,12.866353553160105,20.2392539929473,0.05651674273887419,2124.0,16.194000000000017,0.3,cooling,1.0,0.0
hot_weather,100,cooling,1487.0,205.5886657858265,206.04460166552596,779.5976464150248,1301.2246114524396,65.10241497449573,49.84430922777142,3.634391505507758,0.1664656532479022,12.895183241701814,20.082521797007445,0.05993266070507852,2116.0,16.24599999999998,0.3,cooling,1.0,0.0
hot_weather,100,cooling,1488.0,205.08748847829116,204.76365621148926,783.2258729237424,1287.6152181535651,64.72939226604156,49.24816321043536,3.6376931371692347,0.17927195049793473,12.771949344430977,20.231228041305364,0.06326504723820958,2108.0,16.298000000000002,0.3,cooling,1.0,0.0
hot_weather,100,cooling,1489.0,204.59965785436088,205.03179767518455,784.2696687484632,1293.258802589461,64.55852883020732,49.0409048623443,3.640997300711233,0.24501951600454389,12.870744693176057,19.7503501702449,0.06651589099656818,2100.0,16.350000000000023,0.3,cooling,1.0,0.0
hot_weather,100,cooling,1490.0,204.12485617188034,203.71582631894074,775.5250480594938,1290.671369245028,64.24879366496826,49.755100804107066,3.6443039972142914,0.11023457413520657,12.819364805379035,19.940422992396464,0.06968713329490772,2092.0,16.401999999999987,0.3,cooling,1.0,0.0
hot_weather,100,cooling,1491.0,203.66277325386238,203.7203671398965,782.1481605787442,1294.600963556636,63.7654861112637,49.69199220556014,3.6476132279232374,0.2643964568180751,12.715692877204738,20.047314476191797,0.07278066922995474,2084.0,16.454000000000008,0.3,cooling,1.0,0.0
hot_weather,100,cooling,1492.0,203.21310630840304,203.14039316294136,782.5712572744558,1300.009139768588,64.99599295001998,48.84949246882311,3.650924994196176,0.18888400990350002,12.85283831692229,19.876459409669483,0.07579834877966385,2076.0,16.505999999999972,0.3,cooling,1.0,0.0
hot_weather,100,cooling,1493.0,202.7755597528725,203.10449332043288,779.3160793927672,1302.0469941500749,63.39420284767464,49.05764414085122,3.654239297469421,0.1662802800792704,12.810910284728452,20.07901957583674,0.07874197787666748,2068.0,16.557999999999993,0.3,cooling,1.0,0.0
hot_weather,100,cooling,1494.0,202.3498450422838,201.4453337484176,774.8987520677395,1299.0563395034126,64.51630945910776,49.449238462728374,3.657556139233337,0.18902860483156125,12.868373713059778,19.94771634604908,0.08161331945641781,2060.0,16.610000000000014,0.3,cooling,1.0,0.0
hot_weather,100,cooling,1495.0,201.93568050174216,202.5237872688608,777.3685708293725,1298.6170785635916,63.9783932780881,48.74360158863415,3.660875521015739,0.23182243852428747,12.886232942473598,19.959214431961364,0.08441409448054937,2052.0,16.661999999999978,0.3,cooling,1.0,0.0
hot_weather,100,cooling,1496.0,201.53279116288005,201.51922732852074,780.0765190915555,1298.3754454723232,65.00719565156776,48.81332372184614,3.6641974443704726,0.19619534571980857,12.773296212547386,19.88192697714686,0.08714598293599352,2044.0,16.714,0.3,cooling,1.0,0.0
hot_weather,100,cooling,1497.0,201.14090860418375,201.81027544322833,770.7355823991601,1296.736210826303,63.84675514038913,49.34064290535173,3.6675219108695365,0.1553334222767231,12.831585758112611,20.196843781953383,0.08981062481038438,2036.0,16.76600000000002,0.3,cooling,1.0,0.0
hot_weather,100,cooling,1498.0,200.7597707951199,201.40115140762245,772.9803424670586,1288.8767309475622,64.35746573787065,48.946705459730865,3.670848922097678,0.19909947281649149,12.794439526015989,19.573924244558757,0.09240962104430028,2028.0,16.817999999999984,0.3,cooling,1.0,0.0
hot_weather,100,cooling,1499.0,200.38912194397207,199.24584878453953,774.558216308843,1297.88608545263,63.64720827592594,48.1335509447907,3.674178479648684,0.1329547612528371,12.848247697037873,19.938304778759836,0.09494453446087159,2020.0,16.870000000000005,0.3,cooling,1.0,0.0
hot_weather,100,cooling,1500.0,200.02871234929947,200.28620398862842,775.9247243506126,1298.5019733754386,63.96438623847937,48.58706888371314,3.6775105851227967,0.15684683857943,12.73060832986984,20.116918951074933,0.09741689067327797,2012.0,16.922000000000025,0.3,cooling,1.0,0.0
hot_weather,100,cooling,1501.0,199.6782982549316,199.7275634359861,777.9503809610799,1296.6827943584153,64.07453940889765,48.306406447535586,3.680845240124976,0.20600708749920163,12.80785830778016,20.37195157679847,0.09982817897066065,2004.0,16.97399999999999,0.3,cooling,1.0,0.0
hot_weather,100,cooling,1502.0,199.33764170841516,199.0038226957822,769.42940703008,1291.2136721783072,63.643200732336325,48.286358195137346,3.684182446263674,0.25522729342608574,12.734795991633703,19.669172698999912,0.10217985318295375,1996.0,17.02600000000001,0.3,cooling,1.0,0.0
hot_weather,100,cooling,1503.0,199.00651042283093,200.02544437820856,776.2219182260411,1303.4735804886207,64.46093703762067,49.38353425790482,3.687522205149998,0.20297055450249948,12.76496484931735,20.202969715999824,0.10447333252512925,1988.0,17.077999999999975,0.3,cooling,1.0,0.0
hot_weather,100,cooling,1504.0,198.68467764190046,198.49580911170727,772.2172118830878,1296.6802006511018,64.75526443319468,48.25223962755199,3.6908645183971487,0.24123641656957287,12.752460643295889,19.49731516549816,0.10671000242135309,1980.0,17.129999999999995,0.3,cooling,1.0,0.0
hot_weather,100,cooling,1505.0,198.37192200830452,198.50911757067757,772.7198778385516,1294.8492203674232,63.78644116005672,48.45276612392682,3.694209387620023,0.2538991323762686,12.91096687951321,20.553332975859743,0.1088912153095164,1972.0,17.182000000000016,0.3,cooling,1.0,0.0
hot_weather,100,cooling,1506.0,198.06802743513663,197.43798752040058,772.2693510175236,1293.4015634074476,64.56730165107248,48.1947320335928,3.697556814434928,0.1952714482347024,12.83146893779244,19.845368022052806,0.11101829142661768,1964.0,17.23399999999998,0.3,cooling,1.0,0.0
hot_weather,100,cooling,1507.0,197.7727829804171,196.84437337118564,773.0130998731265,1296.678032851113,64.38934524248502,49.00404829581881,3.7009068004594226,0.2332964688155669,12.818977575978638,20.139178715792628,0.11309251957544819,1956.0,17.286,0.3,cooling,1.0,0.0
hot_weather,100,cooling,1508.0,197.48598272459503,197.68548513595582,763.4935139004008,1296.1734991315277,63.93547260449145,48.041891041293056,3.704259347312159,0.19101574091364548,12.778853435967461,19.894134722115503,0.11511515787301929,1948.0,17.338000000000022,0.3,cooling,1.0,0.0
hot_weather,100,cooling,1509.0,197.20742565096657,197.73090347775363,772.0358925076665,1293.8079750070933,64.88640832173967,48.27293578094238,3.707614456612808,0.22787944768417012,12.768786732171892,20.02623632267048,0.11708743448117676,1940.0,17.389999999999986,0.3,cooling,1.0,0.0
hot_weather,100,cooling,1510.0,196.9369155289406,196.81709470460106,772.2467951664082,1289.42727666676,64.90305570852152,48.28347228505583,3.710972129982013,0.18495674185356578,12.861002184554039,19.83762683913332,0.11901054831981706,1932.0,17.442000000000007,0.3,cooling,1.0,0.0
hot_weather,100,cooling,1511.0,196.6742608000837,196.65889344622298,769.7649491443175,1294.8126106474442,63.88327347647833,49.123035244768495,3.7143323690413204,0.13514415177871544,12.710971184985528,20.158694157290906,0.1208856697631231,1924.0,17.494000000000028,0.3,cooling,1.0,0.0
hot_weather,100,cooling,1512.0,196.41927446687828,197.24492261792162,765.3326979613482,1303.4423018724774,64.10797530087763,47.86852340673107,3.717695175413164,0.28542535098878963,12.714202077962094,20.088392662751342,0.1227139413192222,1916.0,17.545999999999992,0.3,cooling,1.0,0.0
hot_weather,100,cooling,1513.0,196.1717739841294,195.98603839618187,768.0027671495972,1299.3288201082019,64.30662416617265,48.79630930057189,3.72106055072086,0.13216037563032146,12.85367477330622,19.826160506290194,0.12449647829366628,1908.0,17.598000000000013,0.3,cooling,1.0,0.0
hot_weather,100,cooling,1514.0,195.93158115295708,195.9383779011547,767.8025101613675,1300.5922139709078,65.11223610590365,48.22789569214146,3.7244284965885632,0.21031759914644227,12.79525724865303,19.821300867746295,0.12623436943710797,1900.0,17.649999999999977,0.3,cooling,1.0,0.0
hot_weather,100,cooling,1515.0,195.6985220173126,195.313513861892,774.9872716207749,1299.0201221616323,65.6600197257252,47.53496651702221,3.7277990146412905,0.2121383534030888,12.803831200100127,20.01245648958755,0.12792867757756365,1892.0,17.701999999999998,0.3,cooling,1.0,0.0
hot_weather,100,cooling,1516.0,195.47242676295872,195.5917279284567,772.1974700011062,1302.0756066186539,64.783245482612,47.624112334628876,3.7311721065048875,0.13349330355226058,12.8002066711519,20.459760943780946,0.12958044023761672,1884.0,17.75400000000002,0.3,cooling,1.0,0.0
hot_weather,100,cooling,1517.0,195.25312961885518,195.00554780726307,765.2813968746617,1290.5101117517736,64.10610159421194,47.96884465163351,3.734547773806034,0.19926469410904818,12.845651526311261,19.83621413794862,0.13119067023692677,1876.0,17.805999999999983,0.3,cooling,1.0,0.0
hot_weather,100,cooling,1518.0,195.04046876089203,195.33762455541154,764.2558943197753,1305.8387497260599,64.36005413624862,48.37665510139769,3.7379260181722582,0.12713814002688956,12.781660568385032,20.01175676707158,0.1327603562803985,1868.0,17.858000000000004,0.3,cooling,1.0,0.0
hot_weather,100,cooling,1519.0,194.8342862179151,194.9252165902228,774.0532944285654,1297.637707788926,64.32119390481567,47.929622819583585,3.741306841231903,0.17534928336935646,12.846660543497308,19.688618603466328,0.13429046353233842,1860.0,17.910000000000025,0.3,cooling,1.0,0.0
hot_weather,100,cooling,1520.0,194.63442777998904,194.7676453270124,767.3535181264862,1297.2082295505613,64.26008341899657,48.25836678930972,3.744690244614153,0.12066011670709015,12.768330106050922,19.932400535778438,0.13578193417694595,1852.0,17.96199999999999,0.3,cooling,1.0,0.0
hot_weather,100,cooling,1521.0,194.44074290884444,193.89497181103096,765.1142782140894,1298.3970148462274,64.5438664634396,48.12350153547782,3.748076229949017,0.22041269757000342,12.764027377903245,19.84146006493287,0.1372356879654616,1844.0,18.01400000000001,0.3,cooling,1.0,0.0
hot_weather,100,cooling,1522.0,194.2530846504572,194.16360431536745,765.103875986562,1297.7786502976621,64.22190614234275,47.948739097118036,3.7514647988673335,0.23675334266075548,12.778451948706682,20.02284307444167,0.1386526227502809,1836.0,18.065999999999974,0.3,cooling,1.0,0.0
hot_weather,100,cooling,1523.0,194.07130954970935,194.54525736251773,766.3055307138469,1303.7821223821527,64.95770387727156,47.338065690789456,3.754855953000773,0.25248194658543377,12.832771809098313,19.80030180782342,0.1400336150063597,1828.0,18.117999999999995,0.3,cooling,1.0,0.0
hot_weather,100,cooling,1524.0,193.89527756708182,193.4394931179256,768.0650505504756,1300.0770958268176,63.67800213104222,47.43982828654266,3.7582496939818344,0.2235443175975785,12.80286574028361,20.01728575796367,0.14137952034019674,1820.0,18.170000000000016,0.3,cooling,1.0,0.0
hot_weather,100,cooling,1525.0,193.7248519973306,194.22419663360134,765.5265249246834,1295.1914169507102,63.922638620167376,47.680808201254976,3.761646023443837,0.21558630078804894,12.736122299693585,19.903400599792615,0.1426911739867044,1812.0,18.22199999999998,0.3,cooling,1.0,0.0
hot_weather,100,cooling,1526.0,193.55989939009925,194.29714687785926,767.456427536106,1296.4698783973072,63.52768561725951,47.57965721373167,3.7650449430209476,0.2346536409697933,12.87079393721246,20.063372500651344,0.14396939129424624,1804.0,18.274,0.3,cooling,1.0,0.0
hot_weather,100,cooling,1527.0,193.40028947242158,193.74821415587564,767.9668587539784,1299.0006128439322,64.85127014751247,46.92547863899541,3.768446454348148,0.20909073963009875,12.84600150146081,20.153303280620168,0.14521496819812518,1796.0,18.326000000000022,0.3,cooling,1.0,0.0
hot_weather,100,cooling,1528.0,193.2458950730695,193.194964942568,761.0433442588155,1318.9344244305123,63.45426418902755,47.83212919637861,3.7718505590612494,0.11393696958677013,12.800065344492221,20.031037576666595,0.1464286816827991,1788.0,18.377999999999986,0.3,cooling,1.0,0.0
hot_weather,100,cooling,1529.0,193.09659204870218,192.31401835154776,766.7295949240414,1293.3588165217582,64.73699719533681,47.70257171448379,3.775257258796906,0.23228937009072792,12.778849203796293,20.057207779338093,0.1476112902330935,1780.0,18.430000000000007,0.3,cooling,1.0,0.0
hot_weather,100,cooling,1530.0,192.95225921177334,193.5724013308397,769.5916263711372,1297.5869508475748,65.12872269690875,48.06361499044526,3.778666555192591,0.15720670782650828,12.829718673781539,20.026721793721418,0.1487635342746665,1772.0,18.482000000000028,0.3,cooling,1.0,0.0
