mission_type,mission_seed,fault_label,timestamp_s,true_cht,sensor_cht,egt,rpm,oil_pressure,oil_temp,fuel_flow,vibration,battery_voltage,injection_timing,health_index,altitude,ambient_temp,throttle,fault_type,fault_severity,rul_seconds
hot_weather,300,sensor_drift,0.0,28.41634237623879,27.970642911012998,548.4755332059212,1920.312324968407,69.6180359119559,26.4133321770282,19.734631975902747,0.2037259231422155,13.152359004081154,19.71508692606618,0.8581732973813023,8.0,29.94799999999998,0.9,none,0.0,1377.0
hot_weather,300,sensor_drift,1.0,31.92478409536287,32.05449380281868,554.0793000847254,2076.838394001079,72.1265944291087,26.25829111516807,21.295578215893386,0.21677877015196984,13.331538418570899,20.24836427714768,0.8542798041835044,16.0,29.896000000000015,0.9,none,0.0,1376.0
hot_weather,300,sensor_drift,2.0,35.46833681845664,34.50885081186388,560.6223933349809,2177.305610420015,71.5377140660189,27.29559054548429,22.360416803347857,0.36221555132695565,13.276520322829752,19.78804790038924,0.850347346549051,24.0,29.843999999999994,0.9,none,0.0,1375.0
hot_weather,300,sensor_drift,3.0,39.00849270508585,38.578786888236074,563.5716738345532,2255.054397196924,72.84950921306844,29.117537093911068,23.08443642389281,0.19740900345577456,13.299994967416286,19.79680526199746,0.8464186585538643,32.0,29.791999999999973,0.9,none,0.0,1374.0
hot_weather,300,sensor_drift,4.0,42.51943326603149,43.088117436297885,567.1293588479109,2301.851700759381,72.82396598096273,28.71425614966182,23.57432020225456,0.26148130234169803,13.396811019423787,19.906672501194176,0.8425223922663548,40.0,29.74000000000001,0.9,none,0.0,1373.0
hot_weather,300,sensor_drift,5.0,45.984048330294186,46.472190201971316,571.7999774175281,2345.3165335970075,72.919089442486,30.763322881999354,23.9033592956254,0.24086276134542248,13.484405198294134,20.17799128671553,0.8386775356987893,48.0,29.687999999999988,0.9,none,0.0,1372.0
hot_weather,300,sensor_drift,6.0,49.391199456593974,48.18393129514603,572.8118280288165,2364.8521862568846,73.74960282858389,30.25812797466967,24.121904618645427,0.15442842928737047,13.424981605862193,20.041156008889732,0.8348964497363782,56.0,29.636000000000024,0.9,none,0.0,1371.0
hot_weather,300,sensor_drift,7.0,52.7338388916111,52.498622889416026,583.4061913239817,2379.8843840584577,74.15619750993325,31.43799501197227,24.264547168183043,0.18941133957293319,13.427272242755684,20.61387481501936,0.8311869556233679,64.0,29.584000000000003,0.9,none,0.0,1370.0
hot_weather,300,sensor_drift,8.0,56.00771670797232,56.24342851161493,582.0737903743743,2386.538742833665,74.00468393752779,33.021015906818164,24.355050898780064,0.18552799549187737,13.4739836003339,20.2548297555808,0.8275537697166611,72.0,29.531999999999982,0.9,none,0.0,1369.0
hot_weather,300,sensor_drift,9.0,59.210492307379035,59.691082704790915,584.8630236160069,2394.722752784448,73.62541566908226,32.65417031742783,24.40974160238306,0.10737678699987918,13.545144343252762,19.688273549967576,0.8239994894952194,80.0,29.480000000000018,0.9,none,0.0,1368.0
hot_weather,300,sensor_drift,10.0,62.34112391653791,61.85539230265988,588.0374922144612,2399.693633011208,74.48868290046777,33.85288426361753,24.439835064512682,0.21355691161994667,13.427703169353519,20.21643541457277,0.8205252710669554,88.0,29.427999999999997,0.9,none,0.0,1367.0
hot_weather,300,sensor_drift,11.0,65.39944919510691,65.34919098996892,594.9012795482341,2410.2849917526632,73.57207549653543,34.09863252967838,24.453036504462347,0.20493136407658166,13.453902865301156,19.843615540949877,0.8171312945890634,96.0,29.375999999999976,0.9,none,0.0,1366.0
hot_weather,300,sensor_drift,12.0,68.38589722530668,68.77670057618491,598.7730732251969,2412.773786442695,73.73611775684826,35.31784732363024,24.45463938845471,0.21883516053952162,13.48175509663846,19.841769372665265,0.8138170838875491,104.0,29.324000000000012,0.9,none,0.0,1365.0
hot_weather,300,sensor_drift,13.0,71.30129081876872,72.54727099408002,600.796904483336,2408.220307462095,74.55597413615278,35.93909827330024,24.44828031263306,0.2336383217448812,13.45113136911915,19.88431599876721,0.8105817258472048,112.0,29.27199999999999,0.9,none,0.0,1364.0
hot_weather,300,sensor_drift,14.0,74.14671090900775,74.33409269008345,604.6102718090652,2405.417676848987,74.46518604588185,36.32322767447462,24.436457606480218,0.22500628272213022,13.416319080195704,19.90911518002296,0.807424020902062,120.0,29.220000000000027,0.9,none,0.0,1363.0
hot_weather,300,sensor_drift,15.0,76.92340362046286,76.4314691278364,607.0770525779573,2420.2953601866825,74.64639039622273,37.88351352810083,24.42088761250046,0.15107629580559737,13.461346506351349,20.28833104762624,0.8043425861655247,128.0,29.168000000000006,0.9,none,0.0,1362.0
hot_weather,300,sensor_drift,16.0,79.63271667055544,79.79164620569404,613.0380491407028,2407.525867346087,75.13181222557064,38.94524131084946,24.40274944973534,0.19885286197381621,13.487891069350574,19.997134863846355,0.8013359260081844,136.0,29.115999999999985,0.9,none,0.0,1361.0
hot_weather,300,sensor_drift,17.0,82.2760559312415,82.02238214044255,623.7101312866539,2401.7035427572437,73.98711008341552,38.81220195385315,24.382853165847823,0.1553319707404596,13.457067941410099,19.748853390796203,0.798402480263638,144.0,29.06400000000002,0.9,none,0.0,1360.0
hot_weather,300,sensor_drift,18.0,84.85485584342766,84.43475679920154,617.1665208045766,2410.870367918404,74.85598625566992,39.53118324500537,24.361755257279622,0.19412789126036925,13.398633518813865,20.176523250127673,0.7955406570610895,152.0,29.012,0.9,none,0.0,1359.0
hot_weather,300,sensor_drift,19.0,87.3705593486032,87.30960814311459,622.7781182706382,2405.949054923912,73.38806486419726,41.44391556050489,24.33983803136673,0.1487093896129653,13.459120295035376,20.11622595936817,0.792748855096221,160.0,28.95999999999998,0.9,none,0.0,1358.0
hot_weather,300,sensor_drift,20.0,89.82460435708886,90.2114338318738,626.9362963819216,2406.849268436212,74.00941122024938,41.17404614312128,24.317364127945822,0.19502968854248814,13.440515847643034,20.197456728826182,0.790025478648054,168.0,28.908000000000015,0.9,none,0.0,1357.0
hot_weather,300,sensor_drift,21.0,92.21841470389407,91.83870753375945,629.7070082598285,2402.7388950652867,76.09700326833753,42.828522243079604,24.294513975578585,0.1855718290392848,13.415483302819451,19.688287296585543,0.7873689476156869,176.0,28.855999999999995,0.9,none,0.0,1356.0
hot_weather,300,sensor_drift,22.0,94.5533941836398,94.19040114526244,634.7058195830755,2411.0242366400353,73.76240151805257,44.20227555656884,24.271411523892834,0.28723303226897223,13.407865262613736,20.08902434067169,0.784777704138039,184.0,28.803999999999974,0.9,none,0.0,1355.0
hot_weather,300,sensor_drift,23.0,96.83092269632067,96.5174393687078,641.7990336458986,2401.473999473379,75.34305304544179,43.94715749870429,24.24814192164002,0.238688206935866,13.502479638730195,20.017732666444186,0.7822502168710914,192.0,28.75200000000001,0.9,none,0.0,1354.0
hot_weather,300,sensor_drift,24.0,99.05235383839404,99.39085915572296,639.0829893048843,2412.8744312615213,74.90851045172161,44.15552407969505,24.224763661477372,0.1413880870105867,13.396631042846774,19.843710290485756,0.7780232144692052,200.0,28.69999999999999,0.9,none,0.0,1353.0
hot_weather,300,sensor_drift,25.0,101.21901348179614,101.51763280082287,643.4039241525612,2402.628738099729,75.00178482911214,44.582804182084416,24.201316923402768,0.20754750838133626,13.431476401335274,20.087223405969343,0.7645254657129295,208.0,28.648000000000025,0.9,none,0.0,1352.0
hot_weather,300,sensor_drift,26.0,103.33219902655945,104.03970156153466,645.3278624487391,2392.078162980553,74.15580924459373,45.10650101987516,24.177829306672322,0.18054966645964907,13.492410082659312,20.13118808119858,0.7513544303308117,216.0,28.596000000000004,0.9,none,0.0,1351.0
hot_weather,300,sensor_drift,27.0,105.39317911106568,105.7994221888803,643.8680968824685,2398.4780301080546,73.81417067897364,45.683155750678495,24.154319767612545,0.17585978786195985,13.498553879015573,20.00808885847843,0.7385023572594996,224.0,28.543999999999983,0.9,none,0.0,1350.0
hot_weather,300,sensor_drift,28.0,107.40319363158785,107.55656352090638,652.8580257778854,2403.672158819546,74.17135545717113,47.17303110329276,24.13080132488604,0.12264195944683792,13.51883765108482,20.36346785498319,0.7259616710427395,232.0,28.49200000000002,0.9,none,0.0,1349.0
hot_weather,300,sensor_drift,29.0,109.36345396926068,109.67108812893731,659.6065607424476,2397.28983547009,74.49192351320423,47.41579146788412,24.107282918001474,0.19992535308704865,13.384628498200772,20.160563002418716,0.7137249704446429,240.0,28.439999999999998,0.9,none,0.0,1348.0
hot_weather,300,sensor_drift,30.0,111.27514335457349,111.37779281646688,657.9313435640928,2400.3124019577285,73.5293886666577,47.9983883107932,24.08377068410423,0.15355192924993188,13.445129564388067,20.342910154360165,0.7017850262227279,248.0,28.387999999999977,0.9,none,0.0,1347.0
hot_weather,300,sensor_drift,31.0,113.13941732144707,113.28326938006477,659.4278836793882,2396.9247732989993,74.18371050334031,48.28477915064153,24.0602688351279,0.17323248055723078,13.36968098418944,19.8146291583126,0.6901347783536222,256.0,28.336000000000013,0.9,none,0.0,1346.0
hot_weather,300,sensor_drift,32.0,114.95740421805422,115.37422156138636,661.3889303170488,2403.2245904129486,74.59448262125268,49.51453523213742,24.03678026039434,0.20212699287925942,13.490742749170701,20.27155736577352,0.6787673329120765,264.0,28.283999999999992,0.9,none,0.0,1345.0
hot_weather,300,sensor_drift,33.0,116.73020575192221,116.01377428814823,663.3483417129348,2399.2698538525847,73.67777117997397,49.96832061209739,24.013306940598266,0.2110770677130849,13.423891133765277,20.061181712424,0.6676759587405268,272.0,28.232000000000028,0.9,none,0.0,1344.0
hot_weather,300,sensor_drift,34.0,118.458897553987,118.52132282055531,663.4859014757319,2398.1856565159896,74.64616317465651,51.14448725092321,23.989850232212977,0.28310846071742474,13.517575764232262,20.08336520742729,0.6568540840028613,280.0,28.180000000000007,0.9,none,0.0,1343.0
hot_weather,300,sensor_drift,35.0,120.14452975116971,119.8145421837808,666.1768842426784,2390.1480155950103,73.97561451596408,50.88995535431755,23.96641106287643,0.17544134143478024,13.413653517020853,20.049963636486716,0.6462952926861241,288.0,28.127999999999986,0.9,none,0.0,1342.0
hot_weather,300,sensor_drift,36.0,121.78812754041248,120.96920885905234,669.737695871603,2401.873347304791,74.38045432312907,51.7469006372232,23.942990065620613,0.1923072829537537,13.504350726865468,19.942595255224404,0.6359933210932982,296.0,28.076000000000022,0.9,none,0.0,1341.0
hot_weather,300,sensor_drift,37.0,123.39069175942254,123.93551989677972,673.1682081649228,2399.5361838525687,72.24510657171047,51.78538239345303,23.9195876710866,0.23687800526479863,13.405501882323469,20.053657527965505,0.6259420543562014,304.0,28.024,0.9,none,0.0,1340.0
hot_weather,300,sensor_drift,38.0,124.9531994509606,125.0487160923639,671.5538464762254,2394.8684437645225,74.68006421934639,52.36853389348637,23.896204170876146,0.19484777282702756,13.556249619704065,20.285536298198235,0.6161355229878267,312.0,27.97199999999998,0.9,none,0.0,1339.0
hot_weather,300,sensor_drift,39.0,126.47660441859797,125.66883453238131,679.9660904030312,2397.2001942207803,73.83169167209388,53.192869105930946,23.872839761073863,0.25121282476558215,13.446574817826459,19.835726158551807,0.6065678994868043,320.0,27.920000000000016,0.9,none,0.0,1338.0
hot_weather,300,sensor_drift,40.0,127.961837772613,127.69338187859717,683.1528569751524,2392.5578518142725,73.55795347346174,54.757458291964696,23.84949457214669,0.18892566535005095,13.461517713868828,20.35111586121493,0.597233495002111,328.0,27.867999999999995,0.9,none,0.0,1337.0
hot_weather,300,sensor_drift,41.0,129.4098084652079,129.13477858914425,683.9845722460111,2399.9940030702146,73.7123269354134,53.88560261559993,23.826168689485005,0.15769963646580748,13.462628415273665,20.02660163629987,0.5881267560630292,336.0,27.815999999999974,0.9,none,0.0,1336.0
hot_weather,300,sensor_drift,42.0,130.82140381457617,131.27168607415894,683.0872775220296,2398.953966372151,73.770697438059,54.53820987700986,23.802862167514007,0.17794216816263975,13.414975930230927,19.854166867575163,0.5792422613772266,344.0,27.76400000000001,0.9,none,0.0,1335.0
hot_weather,300,sensor_drift,43.0,132.1974900175875,131.64376092706587,685.5084843179421,2388.7617750169393,74.54277769689408,55.63677193939111,23.779575039388288,0.13152054952354345,13.425712260970878,20.43146536640363,0.570574718698378,352.0,27.71199999999999,0.9,none,0.0,1334.0
hot_weather,300,sensor_drift,44.0,133.53891265101947,133.14945943469976,682.562181677849,2395.981476699768,73.38775591818914,56.31113055659809,23.756307323652003,0.11269401869052437,13.432796758302784,19.930228471441197,0.5621189617637672,360.0,27.660000000000025,0.9,none,0.0,1333.0
hot_weather,300,sensor_drift,45.0,134.84649716137272,134.79517475389122,688.4159927256721,2389.1066577311317,74.552110124593,56.896840990116004,23.73305902881423,0.26783838745617483,13.425056031002427,20.13093705390536,0.5538699473016363,368.0,27.608000000000004,0.9,none,0.0,1332.0
hot_weather,300,sensor_drift,46.0,136.12104934338012,136.77783531375925,685.410978176919,2384.317508422414,75.43607388748018,56.869133668930424,23.70983015649246,0.23203601237929702,13.39296876943649,19.96546104312136,0.5458227521076164,376.0,27.555999999999983,0.9,none,0.0,1331.0
hot_weather,300,sensor_drift,47.0,137.36335580736747,137.5728269787811,690.3812112921894,2395.96246493547,73.79356268818456,56.48020662881136,23.68662070357191,0.21220725044747837,13.486671803809358,19.710542579573705,0.5379725701892699,384.0,27.50400000000002,0.9,none,0.0,1330.0
hot_weather,300,sensor_drift,48.0,138.57418443565487,138.68228615823125,689.4531919527054,2390.551976062983,74.374437630407,57.750058839600634,23.663430663689113,0.2384942400859568,13.426932880959447,19.554146677121185,0.5303147099775909,392.0,27.451999999999998,0.9,none,0.0,1329.0
hot_weather,300,sensor_drift,49.0,139.75428482820715,140.09683914027391,691.2968235451835,2388.777027114913,73.87807350257614,57.7688229465248,23.640260028251067,0.2092296551585816,13.40306743593569,20.157766755104447,0.5228445916041945,400.0,27.399999999999977,0.9,none,0.0,1328.0
hot_weather,300,sensor_drift,50.0,140.904388737753,140.72450623821015,700.2574339976987,2380.652063152079,73.24829500941817,58.02815750139034,23.6171087871355,0.2609457087435173,13.50148461902139,20.33400839694155,0.5155577442428468,408.0,27.348000000000013,0.9,none,0.0,1327.0
hot_weather,300,sensor_drift,51.0,142.02521049459895,142.50710936656506,699.7019249813553,2394.042045711906,73.63844910305527,58.440156123186746,23.593976929171713,0.2607000054946281,13.442998190426232,19.84689496707462,0.5084498035139573,416.0,27.295999999999992,0.9,none,0.0,1326.0
hot_weather,300,sensor_drift,52.0,143.11744742136614,143.86831513151597,700.9948409617426,2385.3343546506126,73.84387381540921,59.95013269376831,23.570864442471215,0.12806460282501708,13.449157250476206,19.98911851509982,0.5015165089506417,424.0,27.244000000000028,0.9,none,0.0,1325.0
hot_weather,300,sensor_drift,53.0,144.18178023787843,143.6875847697976,699.3085067230802,2392.917789526212,73.76166393110651,60.11215916250419,23.547771314654575,0.1606164652014197,13.46214563931676,19.809141166179046,0.49475370152495557,432.0,27.192000000000007,0.9,none,0.0,1324.0
hot_weather,300,sensor_drift,54.0,145.21887345642793,144.39871816480468,701.8063949484825,2379.4458134968236,73.59766890645962,60.18601670322155,23.524697533007537,0.14287686035765287,13.465909369791436,20.18379375841008,0.48815732123292266,440.0,27.139999999999986,0.9,none,0.0,1323.0
hot_weather,300,sensor_drift,55.0,146.22937576764184,146.19977281079437,705.134589783677,2381.4724785161284,73.70755110428294,60.22466384937873,23.50164308458806,0.34771775125968724,13.433786163021708,19.789210234662708,0.4817234047369837,448.0,27.088000000000022,0.9,none,0.0,1322.0
hot_weather,300,sensor_drift,56.0,147.21392041717016,146.6989675694414,702.0733627515506,2388.4923840942865,73.56957861378207,61.13852798127596,23.478607956299918,0.21887605515136863,13.436513774246606,20.15774731619904,0.475448083064528,456.0,27.036,0.9,none,0.0,1321.0
hot_weather,300,sensor_drift,57.0,148.17312557341063,147.59187659333514,706.4974757895764,2384.3164475908184,73.7161568740568,61.97311895427947,23.455592134943345,0.16030279513378198,13.499478881380835,20.192911909649236,0.46932757936118774,464.0,26.98399999999998,0.9,none,0.0,1320.0
hot_weather,300,sensor_drift,58.0,149.10759468648217,149.33779674549,705.1167461894153,2377.4846607967474,73.98928450395057,61.90088758148976,23.432595607249738,0.1469378755715432,13.398876806874311,20.313090597208763,0.463358206697599,472.0,26.932000000000016,0.9,none,0.0,1319.0
hot_weather,300,sensor_drift,59.0,150.01791683865406,149.5201149688258,711.0956869065712,2378.5346324318043,74.86429617249955,63.002085085104035,23.409618359905416,0.1866083691844668,13.479743676546144,19.873653928930107,0.45753636592836666,480.0,26.879999999999995,0.9,none,0.0,1318.0
hot_weather,300,sensor_drift,60.0,150.37578961344983,150.36800191741867,711.7889005920347,2295.449540891302,74.27786594008813,63.0024016258039,18.819098476344625,0.21372155536849388,13.395752301677478,20.09084564071234,0.4550898527425582,488.0,26.827999999999975,0.75,none,0.0,1317.0
hot_weather,300,sensor_drift,61.0,150.67006404997528,150.75902843174515,706.7847509005048,2248.1478422664572,72.03550853495464,63.148544033839684,18.340586039238385,0.19332141182893706,13.353696212729082,19.757366035411263,0.45303190950399697,496.0,26.77600000000001,0.75,none,0.0,1316.0
hot_weather,300,sensor_drift,62.0,150.9189362293017,150.9083300330115,708.9459763115527,2213.532540491411,72.3596843163491,63.02063819544322,18.006624349304452,0.21155098497582084,13.261970044001444,19.851641094780966,0.45125136270635724,504.0,26.72399999999999,0.75,none,0.0,1315.0
hot_weather,300,sensor_drift,63.0,151.13495594702863,151.74650171755698,709.9059025764283,2182.4648640111755,71.97244103414957,63.5055076703813,17.77197237441177,0.19776047941040145,13.292868255467074,19.809002067201057,0.4496715362359752,512.0,26.672000000000025,0.75,none,0.0,1314.0
hot_weather,300,sensor_drift,64.0,151.3267902253537,150.4159365546072,710.5277235568767,2150.4128397344407,72.54231215517251,63.459169918249586,17.605549815734573,0.20276678795555506,13.349746364436903,19.799918144438628,0.44823947675397857,520.0,26.620000000000005,0.75,none,0.0,1313.0
hot_weather,300,sensor_drift,65.0,151.5004357502905,151.16615840216437,708.9099815309341,2151.5009057034076,72.26774375791302,64.02141468397086,17.486004709177685,0.19491544871400335,13.230345934277155,20.065980244014785,0.44691854600799585,528.0,26.567999999999984,0.75,none,0.0,1312.0
hot_weather,300,sensor_drift,66.0,151.6600524443861,152.319836880464,710.2785184932835,2141.0682121485265,71.52163876294706,65.09724336222565,17.398668394576926,0.27315445330624555,13.23156231636638,20.13697331391021,0.4456833279112453,536.0,26.51600000000002,0.75,none,0.0,1311.0
hot_weather,300,sensor_drift,67.0,151.80853656956765,152.09667153651554,709.214526792143,2129.4995723596394,72.13170769911929,64.92623789515049,17.333463598370013,0.18005648582254044,13.271675796119542,19.776978074759988,0.4445161270274174,544.0,26.464,0.75,none,0.0,1310.0
hot_weather,300,sensor_drift,68.0,151.9479147564385,152.0413101923757,708.1290690866365,2126.8470447753452,70.82417335589071,64.90140307524287,17.283467299510875,0.2264117683496232,13.37792986022832,19.448456008820507,0.443404561150183,552.0,26.411999999999978,0.75,none,0.0,1309.0
hot_weather,300,sensor_drift,69.0,152.0796149200061,152.1759129416454,711.1072490263607,2116.1840297536555,71.39095802152116,65.3600048020968,17.243923427491627,0.18233116610466282,13.284416987018258,20.19825498010766,0.4423399060758262,560.0,26.360000000000014,0.75,none,0.0,1308.0
hot_weather,300,sensor_drift,70.0,152.20465253434145,152.2359344199755,709.827192252841,2121.606032609158,71.85697928241709,64.75411091224922,17.211564592248482,0.22997543581876878,13.178568344687516,20.215160489765744,0.44131595751164054,568.0,26.307999999999993,0.75,none,0.0,1307.0
hot_weather,300,sensor_drift,71.0,152.32375871602594,152.66719805390636,709.5140119719565,2116.4353707971777,70.89661044833724,65.38347350914994,17.184146117039376,0.21665545687636514,13.232672096561172,19.572601687060814,0.4403282485180937,576.0,26.255999999999972,0.75,none,0.0,1306.0
hot_weather,300,sensor_drift,72.0,152.4374683006719,152.52683103047605,713.4334707800459,2115.358681504293,70.72929927604319,65.93022904570265,17.160125922116368,0.23152533502156286,13.30466371188497,19.75444131614858,0.4393735113833033,584.0,26.204000000000008,0.75,none,0.0,1305.0
hot_weather,300,sensor_drift,73.0,152.54618041422577,152.28286817747542,709.5338955684908,2105.8571269302533,71.15542873413452,66.00527529488778,17.138444606956636,0.11815580696384556,13.224855657078061,19.884780930214603,0.4384493075475173,592.0,26.151999999999987,0.75,none,0.0,1304.0
hot_weather,300,sensor_drift,74.0,152.65020013398896,152.11623614057794,707.512737167708,2119.680942567151,71.45179280890557,65.35458638775162,17.11837436825013,0.21114766122748857,13.313039728888057,19.959430448056953,0.43755377306469434,600.0,26.100000000000023,0.75,none,0.0,1303.0
hot_weather,300,sensor_drift,75.0,152.74976714838505,153.18098089146397,716.2806712737588,2114.3146164837267,71.57482440201629,65.81124290593814,17.09941520759717,0.20154409705915136,13.32451732544736,19.999936185334445,0.4366854434984877,608.0,26.048000000000002,0.75,none,0.0,1302.0
hot_weather,300,sensor_drift,76.0,152.84507547794124,151.8162537801734,708.9456164917209,2112.364536253711,71.546707962126,66.13476306284713,17.081223626920682,0.2116557105215137,13.381175041524992,19.893135347502877,0.43584313343198167,616.0,25.99599999999998,0.75,none,0.0,1301.0
hot_weather,300,sensor_drift,77.0,152.93628705044014,153.12186994806012,715.1283460604614,2111.119662938205,70.84263236208905,65.77376883484474,17.063563642717757,0.20728100685386178,13.281701724641886,19.91100915081632,0.4350258535269067,624.0,25.944000000000017,0.75,none,0.0,1300.0
hot_weather,300,sensor_drift,78.0,153.02354105040976,153.19309991506537,710.8480369813824,2116.824840906357,71.96070361734758,66.04528274263065,17.046273133200643,0.14024521476459822,13.286424332894542,20.039722875120944,0.4342327534005923,632.0,25.891999999999996,0.75,none,0.0,1299.0
hot_weather,300,sensor_drift,79.0,153.1069603630761,152.36670125586414,707.7749772794484,2114.256126336974,71.4215360875656,66.42360367216169,17.029240719026298,0.2283874545440345,13.316186800287625,19.861549393193048,0.43346308225502894,640.0,25.839999999999975,0.75,none,0.0,1298.0
hot_weather,300,sensor_drift,80.0,153.18665602037396,153.92685944004037,715.9624404424314,2114.7330672542716,71.96999194315045,66.45778542373854,17.012389880526815,0.17522819496326605,13.282944047768735,20.166329379662816,0.43271616171285354,648.0,25.78800000000001,0.75,none,0.0,1297.0
hot_weather,300,sensor_drift,81.0,153.26273027299635,153.4768912607106,720.5171830102483,2104.141946817064,71.29238310761824,67.79848160861765,16.995668046364443,0.13288492992571976,13.266271309027275,20.423348553389545,0.43199136704789376,656.0,25.73599999999999,0.75,none,0.0,1296.0
hot_weather,300,sensor_drift,82.0,153.33527871747873,153.49413105540793,712.0415008715678,2103.0095809655104,71.64324449392792,67.22218020263875,16.97903909751956,0.23279714137525126,13.382717879199921,19.76389891547376,0.43128811418921775,664.0,25.684000000000026,0.75,none,0.0,1295.0
hot_weather,300,sensor_drift,83.0,153.404391773261,153.98090793070733,712.0997778812966,2111.5420501831704,72.3405360826716,66.77542472629486,16.962478217587126,0.17851254813319434,13.248676055430032,20.157861575713458,0.4306058506966519,672.0,25.632000000000005,0.75,none,0.0,1294.0
hot_weather,300,sensor_drift,84.0,153.4701557125098,153.77232679160844,713.4565458039488,2103.409684442302,71.38831426167461,67.19809066168376,16.945968354970056,0.2102420704471568,13.20463989034837,20.35743414543358,0.4299440494688265,680.0,25.579999999999984,0.75,none,0.0,1293.0
hot_weather,300,sensor_drift,85.0,153.53265338212157,153.43721295852308,717.1493147340583,2105.6994785720813,71.56373534108198,68.30292660058952,16.9294977924334,0.04422771833038883,13.24822585086904,19.61684363566868,0.4293022043319161,688.0,25.52800000000002,0.75,none,0.0,1292.0
hot_weather,300,sensor_drift,86.0,153.59196471376697,153.81222666119973,713.6214888042911,2099.9451543329437,71.71657747007313,67.70749662757977,16.913058477407176,0.20690872819634726,13.267638427462987,20.058953863752077,0.42867982692339557,696.0,25.476,0.75,none,0.0,1291.0
hot_weather,300,sensor_drift,87.0,153.6481670878881,153.5804036708454,713.5608392916251,2114.0206622927003,71.11385577218374,68.70017153788064,16.89664487491777,0.14972641286345767,13.206651783962059,19.91332357361209,0.4280764444681089,704.0,25.423999999999978,0.75,none,0.0,1290.0
hot_weather,300,sensor_drift,88.0,153.70133559697067,153.76227062778042,710.1217591193291,2108.982429478227,71.54480226668191,68.43645412888259,16.880253179560906,0.2138923171734778,13.349860274705739,19.992758040708676,0.4274915981697418,712.0,25.372000000000014,0.75,none,0.0,1289.0
hot_weather,300,sensor_drift,89.0,153.75154323925744,153.80735027665352,712.2164405481483,2105.357694264746,71.7440901690454,67.95902199766374,16.863880774133502,0.18420611492629618,13.263345028414857,19.915789465460914,0.4269248420272801,720.0,25.319999999999993,0.75,none,0.0,1288.0
hot_weather,300,sensor_drift,90.0,153.79886106433776,154.2448167084632,707.8255794337797,2105.9409468783642,71.32120601986067,68.54514789668022,16.84752585771824,0.2008843298764885,13.147317570848829,19.967091972396382,0.42637574194549566,728.0,25.267999999999972,0.75,none,0.0,1287.0
hot_weather,300,sensor_drift,91.0,153.84335828535583,153.68752001926055,715.0928078249253,2109.064040051814,71.01787340341723,69.27619231844056,16.831187190180714,0.17461721151364606,13.26477768543042,20.23284117373906,0.4258438750493805,736.0,25.216000000000008,0.75,none,0.0,1286.0
hot_weather,300,sensor_drift,92.0,153.8851023679814,154.8035644046804,710.1809722077096,2111.763183845572,70.29118089239056,68.89142147531716,16.81486391664108,0.10518650372260296,13.174642016316625,20.1419522356989,0.4253288291405588,744.0,25.163999999999987,0.75,none,0.0,1285.0
hot_weather,300,sensor_drift,93.0,153.92415910312258,153.00508644963492,718.2677898876071,2100.15228559105,71.62456698737464,69.62842302259742,16.79855544688768,0.23630557691991586,13.255227413588242,19.862068960476442,0.42483020225303014,752.0,25.112000000000023,0.75,none,0.0,1284.0
hot_weather,300,sensor_drift,94.0,153.9605926681869,154.60761170449612,712.1235516403876,2111.606074569301,71.72500355428194,68.67693061974903,16.78226137253504,0.13954401055425986,13.33971619412954,19.738318134210825,0.42434760227887836,760.0,25.060000000000002,0.75,none,0.0,1283.0
hot_weather,300,sensor_drift,95.0,153.99446568020056,153.9357561047105,713.8348943009017,2097.8273279921777,71.33860252631759,70.36341797856643,16.765981410112364,0.15914395931457137,13.224999345602773,20.07655146202628,0.4238806466437278,768.0,25.00799999999998,0.75,none,0.0,1282.0
hot_weather,300,sensor_drift,96.0,154.02583924306845,153.64572087654508,707.0538381153491,2101.4745489801335,71.4970245978101,69.52856257055358,16.749715361965666,0.23781135806824985,13.274759013602711,19.475492768328515,0.42342896201799607,776.0,24.956000000000017,0.75,none,0.0,1281.0
hot_weather,300,sensor_drift,97.0,154.0547729905501,153.35822740255296,715.2721134962679,2101.372570971057,70.93306193243137,69.87361269218516,16.733463089397866,0.18883305063282269,13.20623966461116,20.400057245131748,0.4229921840543197,784.0,24.903999999999996,0.75,none,0.0,1280.0
hot_weather,300,sensor_drift,98.0,154.0813251260409,154.27564658801356,714.824326094919,2111.06672036862,70.50594764060801,70.27449319512205,16.717224494216403,0.18888595516879023,13.255164696351988,20.30319898874822,0.42256995714450474,792.0,24.851999999999975,0.75,none,0.0,1279.0
hot_weather,300,sensor_drift,99.0,154.10555245991284,154.93071259977043,713.2742437151916,2106.5321313655136,71.31008349709744,70.14190391709924,16.700999506056547,0.2122418049094024,13.272866405653655,20.147107037625787,0.4221619341913808,800.0,24.80000000000001,0.75,none,0.0,1278.0
hot_weather,300,sensor_drift,100.0,154.1275104449401,153.32008381882525,711.6036723703302,2112.5444934197694,71.9619416355265,71.13788740487809,16.68478807367251,0.19503775692255654,13.26178276295743,20.35533835957409,0.4217677763923604,808.0,24.74799999999999,0.75,none,0.0,1277.0
hot_weather,300,sensor_drift,101.0,154.14725321017514,153.22299191366375,712.8701917087758,2097.762524039906,70.64763823454925,70.1051425531943,16.668590158954775,0.19485484184472956,13.332979188919614,19.884609804912316,0.421387153032466,816.0,24.696000000000026,0.75,none,0.0,1276.0
hot_weather,300,sensor_drift,102.0,154.16483359353336,153.82547864819185,712.4162330086823,2095.549155460566,70.95109767110546,69.85199670680515,16.65240573281978,0.21961320688503316,13.277848594963656,19.837775713921335,0.4210197412852428,824.0,24.644000000000005,0.75,none,0.0,1275.0
hot_weather,300,sensor_drift,103.0,154.18030317326816,154.26378624145457,717.5893472592269,2104.1237188035616,71.51503216282052,70.5321999788748,16.6362347723864,0.1497518536467092,13.243978692663736,20.184121714198483,0.42066522602045797,832.0,24.591999999999985,0.75,none,0.0,1274.0
hot_weather,300,sensor_drift,104.0,154.19371229846746,154.0500338547428,710.5489061547654,2095.9056305353793,71.46400538307424,70.36964011512617,16.62007725903603,0.21384974414442448,13.187840064522346,19.747561330178776,0.4203232996177717,840.0,24.54000000000002,0.75,none,0.0,1273.0
hot_weather,300,sensor_drift,105.0,154.2051101186663,153.9758016808945,716.4216182721726,2098.287699515907,70.5774626353014,70.0182105710155,16.603933177080034,0.19297576538649994,13.259952914790592,19.982005189700782,0.41999366178581177,848.0,24.488,0.75,none,0.0,1272.0
hot_weather,300,sensor_drift,106.0,154.21454461264614,154.21939754746285,712.2513334370711,2088.4553984576924,71.16695844970825,71.05428440842333,16.58780251284417,0.26269305719874747,13.295139729691542,19.340108943501424,0.41967601938621857,856.0,24.43599999999998,0.75,none,0.0,1271.0
hot_weather,300,sensor_drift,107.0,154.2220626164738,153.98141277655313,717.6822465613565,2088.344908130161,72.00672646959318,70.96122979666121,16.5716852540397,0.2142500279679649,13.262577276467844,20.07372382279036,0.4193700862623325,864.0,24.384000000000015,0.75,none,0.0,1270.0
hot_weather,300,sensor_drift,108.0,154.22770985082178,154.13563607163735,717.560243350914,2097.848507303404,71.82236152812023,70.22079839380339,16.555581389331234,0.1844885061561057,13.306345749173806,20.170607925808575,0.41907558307227477,872.0,24.331999999999994,0.75,none,0.0,1269.0
hot_weather,300,sensor_drift,109.0,154.23153094760264,154.5083708912665,712.07408571021,2096.8062153694223,71.59703051708681,70.71391434104147,16.539490908039983,0.3058616189031864,13.252768144197669,19.96532048083124,0.41879223712621794,880.0,24.279999999999973,0.75,none,0.0,1268.0
hot_weather,300,sensor_drift,110.0,154.23356947594513,154.81006696453093,710.7249712703292,2095.5475265774107,71.36055236383854,70.81590337495369,16.523413799939817,0.1694217127881841,13.348064752825662,19.645923689106883,0.4185197822276776,888.0,24.22800000000001,0.75,none,0.0,1267.0
hot_weather,300,sensor_drift,111.0,154.23386796753525,154.36350985612202,713.5924089800889,2096.148493607913,71.43742595930507,70.64552314859836,16.50735005511706,0.2240315733603803,13.179722201390028,19.80941308044268,0.41825795851868475,896.0,24.175999999999988,0.75,none,0.0,1266.0
hot_weather,300,sensor_drift,112.0,154.2324679413424,153.40895165116203,714.9608616418385,2094.500335341782,71.79564397886257,72.0917225617834,16.491299663874432,0.21976016264261955,13.289597877014854,20.049820679789377,0.41800651232871666,904.0,24.124000000000024,0.75,none,0.0,1265.0
hot_weather,300,sensor_drift,113.0,154.22940992774906,154.50617490290102,716.8937935731291,2099.2938137323204,71.01314957203134,71.77956209602394,16.475262616664747,0.2230365676872901,13.202318448840302,19.96121517296039,0.4177651960272686,912.0,24.072000000000003,0.75,none,0.0,1264.0
hot_weather,300,sensor_drift,114.0,154.22473349210034,154.283803682418,708.5820360214271,2090.967608655015,71.56527188627909,71.6956806321892,16.45923890404564,0.1861437957214304,13.186589811483923,20.484052356497386,0.4175337678799733,920.0,24.019999999999982,0.75,none,0.0,1263.0
hot_weather,300,sensor_drift,115.0,154.2184772576894,154.74743900563155,712.6886247409074,2096.645297234517,71.36140659855712,71.21348309463696,16.44322851664828,0.21027002865325192,13.280567972053246,20.224886444309494,0.4173119919081656,928.0,23.968000000000018,0.75,none,0.0,1262.0
hot_weather,300,sensor_drift,116.0,154.21067892819272,155.48264078136162,717.2683635926742,2091.127939693242,71.31742225562589,72.34433288290884,16.427231445155897,0.18497913997380952,13.297868809758166,19.902849466708425,0.4170996377518078,936.0,23.915999999999997,0.75,none,0.0,1261.0
hot_weather,300,sensor_drift,117.0,154.20137530956978,154.10716480794306,713.572551234674,2090.295154004,71.21635991804352,72.20788645707674,16.411247680289165,0.16656003024044094,13.21837780334324,20.159663357150652,0.4168964805356892,944.0,23.863999999999976,0.75,none,0.0,1260.0
hot_weather,300,sensor_drift,118.0,154.1906023314398,154.5449691156661,709.3141588650839,2085.7279892147244,71.10467101646773,71.33180403908041,16.395277212795996,0.1290585219299215,13.316090872393795,20.218474684136876,0.4167023007388191,952.0,23.812000000000012,0.75,none,0.0,1259.0
hot_weather,300,sensor_drift,119.0,154.17839506794886,154.28212807696826,712.5662926420408,2102.9224451298364,70.5121759483151,71.6571629813443,16.379320033444582,0.16196052972501115,13.328909483717618,19.945323649284465,0.41651688406693266,960.0,23.75999999999999,0.75,none,0.0,1258.0
hot_weather,300,sensor_drift,120.0,154.1647877581395,153.73371983924199,711.1146437739756,2082.9704338311612,71.68550175018068,71.51293047105082,16.3633761330187,0.26193721390093366,13.21953492970712,19.628021763524828,0.4163400213280406,968.0,23.708000000000027,0.75,none,0.0,1257.0
hot_weather,300,sensor_drift,121.0,154.14981382583514,154.89217848925725,716.9988869646376,2095.0937375171916,72.01847706945952,72.02417372986174,16.34744550231432,0.17490469374299736,13.281346203263158,19.987917925463417,0.4161715083109371,976.0,23.656000000000006,0.75,none,0.0,1256.0
hot_weather,300,sensor_drift,122.0,154.1335058990505,153.87158699033992,715.6179402112355,2088.0854925142994,71.48593423649439,72.26702825732286,16.33152813213744,0.19291658933561295,13.309223474962723,20.174046492786957,0.41601114566660935,984.0,23.603999999999985,0.75,none,0.0,1255.0
hot_weather,300,sensor_drift,123.0,154.11589582893998,154.45464809598843,707.3629224261055,2089.5029332571216,71.52650540993798,71.60393490538252,16.31562401330252,0.26674740510843464,13.247257964560864,19.776905176088306,0.4158587387924674,992.0,23.55200000000002,0.75,none,0.0,1254.0
hot_weather,300,sensor_drift,124.0,154.0970147082945,154.5453061378222,713.2437357283912,2103.766254061625,71.40062097259023,71.94272390540414,16.299733136631353,0.25610669544522496,13.254360513483451,19.728501541783956,0.415714097719331,1000.0,23.5,0.75,none,0.0,1253.0
hot_weather,300,sensor_drift,125.0,154.07689288959799,154.67924357901202,713.1170446634964,2094.082596551631,70.59604016341427,72.8040890228931,16.283855492952377,0.16269324307430344,13.316691922256584,19.83525672815494,0.4155770370011119,1008.0,23.44799999999998,0.75,none,0.0,1252.0
hot_weather,300,sensor_drift,126.0,154.0555600026539,153.18025626651522,717.0256235232877,2088.295389904628,71.50932654685832,72.65059850378927,16.267991073100237,0.10731905638584419,13.287378244740477,19.807320285752386,0.41544737560711875,1016.0,23.396000000000015,0.75,none,0.0,1251.0
hot_weather,300,sensor_drift,127.0,154.03304497179198,153.43999774120314,709.2988440794962,2084.3108376678356,71.19863668300606,73.3592860423827,16.252139867915282,0.20468545829855356,13.208938077079125,19.624822829121435,0.41532493681692717,1024.0,23.343999999999994,0.75,none,0.0,1250.0
hot_weather,300,sensor_drift,128.0,154.00937603266536,154.0557566054554,711.9940545388547,2086.3765509495565,71.0347698785764,72.0832597206207,16.236301868243487,0.1697364386750766,13.26333023079622,19.912380278868277,0.415209548117756,1032.0,23.291999999999973,0.75,none,0.0,1249.0
hot_weather,300,sensor_drift,129.0,153.98458074864752,154.19612619120565,713.8532965383743,2082.050102766017,71.26434588506007,72.41009957192772,16.22047706493619,0.30851770306511617,13.296159004991662,19.69089752192651,0.41510104110428414,1040.0,23.24000000000001,0.75,none,0.0,1248.0
hot_weather,300,sensor_drift,130.0,153.95868602683913,154.24579529289926,712.9836245963629,2092.3821753275593,70.9507568652232,73.06173399751512,16.204665448849997,0.17701203328715467,13.289029596477961,19.887557078367514,0.4149992513808529,1048.0,23.187999999999988,0.75,none,0.0,1247.0
hot_weather,300,sensor_drift,131.0,153.93171813369358,153.4309624569576,713.0805366044384,2087.3648911079376,70.29989687168478,73.34672137911375,16.188867010846753,0.2335660774957944,13.286929748838338,20.024259301630885,0.4149040184659991,1056.0,23.136000000000024,0.75,none,0.0,1246.0
hot_weather,300,sensor_drift,132.0,153.9037027102704,153.93986416891218,714.4752137254601,2083.1154432700446,71.21105888483432,73.15018829938626,16.17308174179337,0.17191284972866494,13.204613732125825,19.830824221049237,0.41481518569925857,1064.0,23.084000000000003,0.75,none,0.0,1245.0
hot_weather,300,sensor_drift,133.0,153.87466478712574,154.0187186142202,715.364374597482,2080.8846907104407,71.97374705395673,73.88199126661137,16.157309632561933,0.20946630260256838,13.218553774005875,20.210398314830606,0.41473260015019164,1072.0,23.031999999999982,0.75,none,0.0,1244.0
hot_weather,300,sensor_drift,134.0,153.84462879884808,153.82773297335876,710.4229117819119,2083.101412380729,71.5656417809428,73.28706754084638,16.14155067402961,0.261966366737456,13.314257126448243,19.672646588128522,0.41465611252957135,1080.0,22.980000000000018,0.75,none,0.0,1243.0
hot_weather,300,sensor_drift,135.0,153.81361859824798,154.2219567851904,711.7800221167969,2088.991012091344,72.07993018191301,72.45809250441178,16.125804857078567,0.10499292344105848,13.179667104240087,20.13177268004701,0.4145855771026876,1088.0,22.927999999999997,0.75,none,0.0,1242.0
hot_weather,300,sensor_drift,136.0,153.78165747020992,153.31109796737385,712.2228212816776,2079.9489128231226,71.11814799379722,72.47424123651443,16.110072172596052,0.13191971318598983,13.267068301501505,19.784460140253778,0.4145208516047181,1096.0,22.875999999999976,0.75,none,0.0,1241.0
hot_weather,300,sensor_drift,137.0,153.74876814521434,153.68737543550654,710.7156003244363,2092.96954809214,71.61333867731577,73.560515346269,16.094352611474378,0.24782806595936474,13.24534316072821,20.071553167124932,0.41446179715810993,1104.0,22.824000000000012,0.75,none,0.0,1240.0
hot_weather,300,sensor_drift,138.0,153.71497281253775,153.5669098144201,715.6366034091677,2085.517814856112,71.4068912427545,73.13362554036567,16.07864616461081,0.23212357344150503,13.23850042482783,19.933415524065353,0.4144082781919307,1112.0,22.77199999999999,0.75,none,0.0,1239.0
hot_weather,300,sensor_drift,139.0,153.68029313313858,153.27227342799378,711.3165394212997,2085.090276364403,71.44214869101036,73.29085994445207,16.062952822907725,0.20970015518691773,13.210310547575542,19.94032143215523,0.41436016236314,1120.0,22.720000000000027,0.75,none,0.0,1238.0
hot_weather,300,sensor_drift,140.0,153.64475025223612,153.61437236252928,712.4548200358106,2082.8595084920926,71.64976392510485,73.00332004463233,16.047272577272427,0.17937451220512068,13.29413585809915,19.969345810619544,0.4143173204797337,1128.0,22.668000000000006,0.75,none,0.0,1237.0
hot_weather,300,sensor_drift,141.0,153.60836481159006,154.08922081195513,714.9024443706769,2084.896030296427,70.8438673302029,73.14034470929954,16.031605418617303,0.22233148538542827,13.165870844929735,20.068222402268137,0.4142796264257209,1136.0,22.615999999999985,0.75,none,0.0,1236.0
hot_weather,300,sensor_drift,142.0,153.5711569614876,153.09157658442766,713.9495146152502,2076.1332941599953,70.38680785098558,73.93344113078098,16.015951337859732,0.1422353863622952,13.275295390056463,20.14864407441285,0.4142469570878846,1144.0,22.56400000000002,0.75,none,0.0,1235.0
hot_weather,300,sensor_drift,143.0,153.53314637244517,152.99789078675536,712.0822151641715,2080.7696847430543,72.28599235727496,73.82823239711048,16.000310325922072,0.23955892010159913,13.290555767524735,20.083086374877094,0.4142191922842864,1152.0,22.512,0.75,none,0.0,1234.0
hot_weather,300,sensor_drift,144.0,153.4943522466316,154.199695617166,710.3130523141156,2079.974557099218,71.24410705571417,73.52509913405135,15.984682373731706,0.2687195540300138,13.336978821270598,20.091856148322968,0.41419621469447576,1160.0,22.45999999999998,0.75,none,0.0,1233.0
hot_weather,300,sensor_drift,145.0,153.45479332901917,153.04920275222955,712.6686549351871,2086.7536787369036,70.40884941556703,73.2415963710562,15.969067472221045,0.21417465079180723,13.233356347102516,19.89126793921732,0.4141779097913585,1168.0,22.408000000000015,0.75,none,0.0,1232.0
hot_weather,300,sensor_drift,146.0,153.41448791826934,152.35055677148262,707.2824123004915,2071.15637849299,70.22305777594819,73.53508552744975,15.95346561232744,0.15991432535967848,13.21594631509834,19.68625850809645,0.41416416577468707,1176.0,22.355999999999995,0.75,none,0.0,1231.0
hot_weather,300,sensor_drift,147.0,153.3734538773591,153.04840897661722,711.11910374415,2077.5928949343215,71.3483952028243,73.77198058646948,15.937876784993291,0.23414351613619297,13.249696213930243,19.625330859676396,0.41415487350613833,1184.0,22.303999999999974,0.75,none,0.0,1230.0
hot_weather,300,sensor_drift,148.0,153.33170864395447,153.1582455023991,715.807147061812,2078.471532221177,70.5121295846936,73.86303749541183,15.922300981165995,0.2398914037514098,13.268917589438644,20.182189426022354,0.4141499264459325,1192.0,22.25200000000001,0.75,none,0.0,1229.0
hot_weather,300,sensor_drift,149.0,153.28926924053692,153.20143843900988,714.4027697359478,2079.7313614266623,71.17222305739536,73.31078230782529,15.906738191797889,0.26436464463557235,13.208191658313218,20.217277876411746,0.4141492205909627,1200.0,22.19999999999999,0.75,none,0.0,1228.0
hot_weather,300,sensor_drift,150.0,153.24615228428874,153.5061021721976,712.483736347647,2085.3521551143626,70.85263834623866,72.84493383786099,15.891188407846375,0.1897783716615136,13.31066649980077,20.04500356073898,0.4141526544144003,1208.0,22.148000000000025,0.75,none,0.0,1227.0
hot_weather,300,sensor_drift,151.0,153.20237399674303,152.8295675675795,712.1039919935513,2081.372488245651,71.32001093229385,73.34776546725358,15.875651620273768,0.16202568245201251,13.194088437428675,19.986237755422337,0.4141601288067326,1216.0,22.096000000000004,0.75,none,0.0,1226.0
hot_weather,300,sensor_drift,152.0,153.15795021320386,153.0971739545863,714.3594178861201,2083.225569494592,71.13244571899753,73.78865192215443,15.860127820047428,0.19494508758668175,13.346721498886863,19.58603042729126,0.4141715470182109,1224.0,22.043999999999983,0.75,none,0.0,1225.0
hot_weather,300,sensor_drift,153.0,153.1128963919423,152.30807133518363,716.3983607155009,2079.2948656718813,70.99887369940247,73.23729472205508,15.844616998139701,0.1725581411256182,13.314390405518488,20.121511055918372,0.41418681460266393,1232.0,21.99200000000002,0.75,none,0.0,1224.0
hot_weather,300,sensor_drift,154.0,153.06722762317324,152.65327191858609,710.161961050392,2073.616864044261,70.29642190249226,73.29625190626412,15.829119145527859,0.2027157270710171,13.236839136513389,19.986975874312982,0.41420583936265065,1240.0,21.939999999999998,0.75,none,0.0,1223.0
hot_weather,300,sensor_drift,155.0,153.0209586378188,152.88148333217902,710.0325735913792,2069.8673367526576,71.44397793449899,74.23419037512402,15.813634253194207,0.20827215622400955,13.233552854915281,20.097456873532924,0.41422853129591974,1248.0,21.887999999999977,0.75,none,0.0,1222.0
hot_weather,300,sensor_drift,156.0,152.97410381606284,153.05406353710666,705.9575838780544,2076.0702734414604,70.70938185677967,74.3037022125855,15.798162312126037,0.15707487085809652,13.290377538996594,19.854226669180207,0.4142548025431434,1256.0,21.836000000000013,0.75,none,0.0,1221.0
hot_weather,300,sensor_drift,157.0,152.92667719570184,153.30361943484945,710.5519084277546,2066.8175569785276,71.20523144444097,73.80369711175388,15.782703313315556,0.20493518931413826,13.26589000309273,20.11104872012465,0.4142845673368939,1264.0,21.783999999999992,0.75,none,0.0,1220.0
hot_weather,300,sensor_drift,158.0,152.87869248029705,153.2958466894052,713.3569005421654,2077.2700893867686,70.85179733950248,73.54247076890165,15.767257247760034,0.17299421254700154,13.230233052935699,19.728128484522113,0.41431774195183846,1272.0,21.732000000000028,0.75,none,0.0,1219.0
hot_weather,300,sensor_drift,159.0,152.83016304713243,152.6777194882451,716.590819854088,2067.708807424495,70.23862176852877,73.16719537164205,15.75182410646162,0.2410422783315124,13.23281615473338,20.171112233432584,0.4143542446561159,1280.0,21.680000000000007,0.75,none,0.0,1218.0
hot_weather,300,sensor_drift,160.0,152.78110195498317,153.0618167512956,711.6113019580888,2079.0420651374293,70.49191725084853,73.81374876077436,15.736403880427506,0.07228202758008367,13.257268315596255,19.896122259325935,0.4143939956638748,1288.0,21.627999999999986,0.75,none,0.0,1217.0
hot_weather,300,sensor_drift,161.0,152.7315219516992,153.62487216987452,711.8114603284014,2075.271479312398,71.29075628616337,74.5460882295923,15.720996560669844,0.25009163293010395,13.225778520244258,19.723009526364176,0.41443691708893926,1296.0,21.576000000000022,0.75,none,0.0,1216.0
hot_weather,300,sensor_drift,162.0,152.6814354816082,152.05600423368116,711.6206685223062,2075.8713776442146,71.0146912308017,73.4244882664534,15.7056021382057,0.2520898463797504,13.370675791399885,19.763003930729607,0.4144829328995777,1304.0,21.524,0.75,none,0.0,1215.0
hot_weather,300,sensor_drift,163.0,152.63085469274233,152.60311695132648,715.0300574697775,2078.9895395502954,71.01631396517115,73.50409737779073,15.69022060405718,0.2311139255594054,13.242975152224583,19.86381178865625,0.41453196887435073,1312.0,21.47199999999998,0.75,none,0.0,1214.0
hot_weather,300,sensor_drift,164.0,152.57979144389293,152.59133493469508,713.8430457113208,2070.103400008404,71.43092839977695,74.24228404629989,15.674851949251298,0.24954565660911596,13.241939506082074,20.439369418406592,0.4145839525590085,1320.0,21.420000000000016,0.75,none,0.0,1213.0
hot_weather,300,sensor_drift,165.0,152.52825731149704,151.8816160830022,711.0782646739576,2070.780423946899,71.3611421379191,74.69060416751292,15.659496164820043,0.2458207997350937,13.1587427204014,20.058070231949568,0.4146388132244142,1328.0,21.367999999999995,0.75,none,0.0,1212.0
hot_weather,300,sensor_drift,166.0,152.47626359636033,152.53028258465844,707.3036608331,2072.6155642907265,70.48060075008696,73.67964345328942,15.644153241800371,0.1210642086745424,13.22283393798929,19.974071837538865,0.4146964818254706,1336.0,21.315999999999974,0.75,none,0.0,1211.0
hot_weather,300,sensor_drift,167.0,152.42382133021957,151.74564706953137,711.8493910558416,2074.092406730554,70.52579865688577,74.54913550543235,15.628823171234213,0.1727207675610201,13.268840053117573,20.025955670347045,0.4147568909610243,1344.0,21.26400000000001,0.75,none,0.0,1210.0
hot_weather,300,sensor_drift,168.0,152.37094128214918,152.2955371942743,706.7507694475561,2068.5173771010177,71.45963019007063,74.1059836395029,15.613505944168402,0.2089662890117856,13.246768690178254,19.87545457352582,0.4148199748347222,1352.0,21.21199999999999,0.75,none,0.0,1209.0
hot_weather,300,sensor_drift,169.0,152.31763396481497,152.2787940143398,710.5158481961779,2079.586545299367,70.75854087675204,75.05481232553073,15.598201551654796,0.23368160749090286,13.253811056592065,19.63114247315534,0.41488566921680514,1360.0,21.160000000000025,0.75,none,0.0,1208.0
hot_weather,300,sensor_drift,170.0,152.26390964057921,152.37960123671175,712.1878599676768,2066.3977165465276,71.16542681579294,74.47021983735004,15.58290998475012,0.1761874477898811,13.28960565744549,19.777799801325642,0.4149539114068045,1368.0,21.108000000000004,0.75,none,0.0,1207.0
hot_weather,300,sensor_drift,171.0,152.20977832746019,152.04237089160415,712.1826827936751,2063.683399833101,71.29318468981003,74.56621243197615,15.567631234516119,0.22254586969942097,13.296198997385362,20.206038728925456,0.41502464019713337,1376.0,21.055999999999983,0.75,none,0.0,1206.0
hot_weather,300,sensor_drift,172.0,152.15524980494988,151.62531367667816,705.6841512148621,2070.1988766306426,70.69049520501056,74.26177682725383,15.552365292019479,0.2671634288918644,13.231079520958561,20.260434398239674,0.4150977958375408,1384.0,21.00400000000002,0.75,none,0.0,1205.0
hot_weather,300,sensor_drift,173.0,152.10033361969326,152.12254377055973,710.0791155027331,2066.34331997416,71.44871419917982,73.91503753851917,15.537112148331769,0.2630469512482017,13.257098733111945,19.864013948336652,0.4151733200004124,1392.0,20.951999999999998,0.75,none,0.0,1204.0
hot_weather,300,sensor_drift,174.0,152.0450390910322,151.56252171445084,709.0033797605889,2064.5756934306683,71.33923934489556,74.24323545031875,15.52187179452957,0.14568122005268475,13.272354855396342,20.193314504656733,0.4152511557468991,1400.0,20.899999999999977,0.75,none,0.0,1203.0
hot_weather,300,sensor_drift,175.0,151.98937531641744,152.67088599263494,714.4368133766776,2063.205056625771,70.37976188872662,73.62271591520276,15.506644221694389,0.17895121192753963,13.34270342725314,20.222413082745096,0.41533124749385186,1408.0,20.848000000000013,0.75,none,0.0,1202.0
hot_weather,300,sensor_drift,176.0,151.93335117669173,152.20523211445087,710.5095980608506,2057.445658862668,71.23336642407013,74.39250188083096,15.491429420912635,0.21835181811826512,13.227696038799062,20.46806660780619,0.41541354098154093,1416.0,20.795999999999992,0.75,none,0.0,1201.0
hot_weather,300,sensor_drift,177.0,151.87697534124717,152.1062802440821,712.4703752275898,2061.9219075510878,71.6313641269659,73.89707973646198,15.47622738327571,0.2577831615663054,13.219354284071713,19.9490908470809,0.4154979832421486,1424.0,20.744000000000028,0.75,none,0.0,1200.0
hot_weather,300,sensor_drift,178.0,151.82025627305975,151.09803206844308,710.8682491213596,2057.929021917311,71.74167727679527,73.65364379478517,15.46103809987989,0.28362863189490056,13.216730511608617,20.135440247981336,0.41558452256900646,1432.0,20.692000000000007,0.75,none,0.0,1199.0
hot_weather,300,sensor_drift,179.0,151.763202233604,151.66326645139165,705.594622568223,2073.97565745707,70.3817325188818,73.58449895405508,15.445861561826446,0.2004154400812364,13.19509684622963,20.028129402476015,0.41567310848657124,1440.0,20.639999999999986,0.75,none,0.0,1198.0
hot_weather,300,sensor_drift,180.0,151.70582128765065,151.71393835223415,704.3035460603503,2066.0287785928763,70.92561948723704,74.84549244487553,15.430697760221546,0.20330097834685396,13.211599237192308,20.088116677709497,0.41576369172110983,1448.0,20.588000000000022,0.75,none,0.0,1197.0
hot_weather,300,sensor_drift,181.0,151.64812130795008,151.43707681045402,708.7346304217991,2056.4157786934907,71.22700593846062,75.01876154467907,15.415546686176272,0.2062776996899838,13.288265681042008,19.940277682639795,0.41585622417208534,1456.0,20.536,0.75,none,0.0,1196.0
hot_weather,300,sensor_drift,182.0,151.5901099798042,151.39508604167622,709.1239058525268,2063.9194888479005,71.5894738115898,74.85222584173006,15.400408330806695,0.19965895655981747,13.28315028301261,20.076242415036354,0.41595065888422456,1464.0,20.48399999999998,0.75,none,0.0,1195.0
hot_weather,300,sensor_drift,183.0,151.5317948055295,150.5373164476815,705.2034253696196,2063.76540514545,71.77263316090283,75.08904424845578,15.38528268523374,0.21372102223305345,13.294274492600891,19.81675073695418,0.4160469500202495,1472.0,20.432000000000016,0.75,none,0.0,1194.0
hot_weather,300,sensor_drift,184.0,151.47318310881388,151.41029077441837,715.7912952905515,2063.5579483993115,71.52164525259799,73.86557997475198,15.370169740583282,0.14311283164448863,13.389339509121761,19.772735773779537,0.4161450528342576,1480.0,20.379999999999995,0.75,none,0.0,1193.0
hot_weather,300,sensor_drift,185.0,151.41428203896973,150.85981936112978,713.6039953702787,2066.3837349476116,71.7753837353461,73.83959676958605,15.355069487986134,0.3218471579162017,13.223879839331762,20.077294443675843,0.41624492364573784,1488.0,20.327999999999975,0.75,none,0.0,1192.0
hot_weather,300,sensor_drift,186.0,151.35509857508563,150.6639912681018,708.4216032804915,2054.411083544678,71.93561499601526,73.91967008607061,15.339981918578028,0.17988588141767972,13.263060331223066,20.144631589661337,0.4163465198142039,1496.0,20.27600000000001,0.75,none,0.0,1191.0
hot_weather,300,sensor_drift,187.0,151.29563953007943,151.75928013064868,707.7130874207887,2056.2322868865285,71.85459686150631,74.79118337775184,15.324907023499568,0.20135591131081831,13.236312459084862,20.152789396931738,0.4164497997144305,1504.0,20.22399999999999,0.75,none,0.0,1190.0
hot_weather,300,sensor_drift,188.0,151.23591155465456,150.8763617066728,710.2080219888113,2045.9348968572172,70.47591544039554,74.73151036667575,15.30984479389635,0.11453384291508317,13.242774167456382,19.94699908293828,0.41655472271228267,1512.0,20.172000000000025,0.75,none,0.0,1189.0
hot_weather,300,sensor_drift,189.0,151.17592114116238,151.30594174352353,706.979447157122,2054.7401262498215,70.45028712380311,74.4989609155554,15.294795220918793,0.16943837968261782,13.304467773166554,20.08778378022177,0.41666124914111646,1520.0,20.120000000000005,0.75,none,0.0,1188.0
hot_weather,300,sensor_drift,190.0,151.1156746273724,151.30703337895136,711.3276450433741,2055.5946261085924,71.09021643830089,75.4758415058976,15.27975829572231,0.13946591955657894,13.277538561080885,20.315936556951563,0.41676934027874457,1528.0,20.067999999999984,0.75,none,0.0,1187.0
hot_weather,300,sensor_drift,191.0,151.0551782001529,150.3808218271847,714.7860849340132,2048.381776198779,70.70531767926107,74.39358169166569,15.264734009467187,0.18804673734805608,13.207923881133876,20.012261824207464,0.41687895832494914,1536.0,20.01600000000002,0.75,none,0.0,1186.0
hot_weather,300,sensor_drift,192.0,150.9944378990637,151.27200684708635,714.0931607468094,2053.2677721570035,71.26511245780324,74.04166141298158,15.249722353318587,0.17559870187649618,13.30357458811667,20.07895834529799,0.41699006637952873,1544.0,19.964,0.75,none,0.0,1185.0
hot_weather,300,sensor_drift,193.0,150.93345961986356,151.0190515069909,710.4931741872831,2052.251854355573,70.87799446255352,73.8782517730149,15.234723318446637,0.2062418515794875,13.304790336557662,20.200705831167895,0.41710262842087187,1552.0,19.911999999999978,0.75,none,0.0,1184.0
hot_weather,300,sensor_drift,194.0,150.87224911793396,150.56522496259078,711.1028577975511,2055.040484308445,70.65864738999458,74.25365003981955,15.219736896026351,0.23660079464110365,13.265849404058061,20.19593072039483,0.41721660928503645,1560.0,19.860000000000014,0.75,none,0.0,1183.0
hot_weather,300,sensor_drift,195.0,150.81081201162155,150.38264898620457,705.7810517045841,2055.40102728091,70.79816329686994,73.40673158931173,15.2047630772376,0.21719410838728156,13.179275232251925,19.768115625252353,0.41733197464532845,1568.0,19.807999999999993,0.75,none,0.0,1182.0
hot_weather,300,sensor_drift,196.0,150.74915378550074,150.92844559695743,712.4405199098278,2058.7417972220583,71.63670974798092,74.09586420398468,15.189801853265207,0.12094390679094552,13.262421170994878,19.812869718116495,0.41744869099237003,1576.0,19.755999999999972,0.75,none,0.0,1181.0
hot_weather,300,sensor_drift,197.0,150.68727979355882,150.3206033518889,712.380236578139,2058.14982468067,70.91571224864583,74.29150619885341,15.17485321529889,0.27276187107457006,13.282058491072043,20.2054425258778,0.41756672561463737,1584.0,19.704000000000008,0.75,none,0.0,1180.0
hot_weather,300,sensor_drift,198.0,150.62519526230517,150.61440726141674,713.0148703094159,2057.3352259200256,71.99890874834789,75.04556189542551,15.159917154533215,0.1837682253607104,13.24715988500524,19.47695110013278,0.4176860465794643,1592.0,19.651999999999987,0.75,none,0.0,1179.0
hot_weather,300,sensor_drift,199.0,150.56290529380644,150.25628745228622,704.7786546604934,2044.4380934875405,70.98123144807147,75.00769121748583,15.14499366216771,0.2489692146341172,13.338489558626904,20.39076321857464,0.4178066227144994,1600.0,19.600000000000023,0.75,none,0.0,1178.0
hot_weather,300,sensor_drift,200.0,150.50041486864944,151.14575684587115,706.7438696678196,2053.811839623349,70.81560704930207,74.82243975473007,15.130082729406721,0.19090914276316087,13.183528823031345,20.12001847297874,0.41792842358960236,1608.0,19.548000000000002,0.75,none,0.0,1177.0
hot_weather,300,sensor_drift,201.0,150.43772884883364,150.12559384364144,702.5557410962757,2047.4218768932933,71.30272748463445,74.20977494199778,15.11518434745955,0.21416341291453128,13.30322782786761,20.199815286883815,0.4180514194991718,1616.0,19.49599999999998,0.75,none,0.0,1176.0
hot_weather,300,sensor_drift,202.0,150.3748519805945,149.76955127359327,708.3897161161033,2067.888517459554,71.19960945396332,75.04403190768755,15.100298507540327,0.20007601291515142,13.278295694494012,20.31996726700615,0.41817558144489597,1624.0,19.444000000000017,0.75,none,0.0,1175.0
hot_weather,300,sensor_drift,203.0,150.31178889715991,150.14079450621142,710.6523658529392,2051.9480657519407,71.11506158158178,74.06492206577434,15.085425200868134,0.11147529322303165,13.147557069352656,19.702709330348977,0.4183008811189104,1632.0,19.391999999999996,0.75,none,0.0,1174.0
hot_weather,300,sensor_drift,204.0,150.24854412144074,149.7015187013129,706.9728774965525,2049.782380494738,70.63257714326652,74.36460547334296,15.07056441866687,0.1705412093350643,13.207454877083025,20.046380025176884,0.4184272908873605,1640.0,19.339999999999975,0.75,none,0.0,1173.0
hot_weather,300,sensor_drift,205.0,150.1851220686575,150.20846279123413,712.7328344032336,2043.0229932142825,70.81010984390474,74.27065662399413,15.055716152165372,0.15926123764235997,13.267208228222264,20.277965982057086,0.4185547837743532,1648.0,19.28800000000001,0.75,none,0.0,1172.0
hot_weather,300,sensor_drift,206.0,150.12152704890437,150.7727015234475,708.1937218243896,2050.2556991918223,69.48222546078672,75.0208766923612,15.0408803925973,0.20856008226510447,13.226782167358653,20.08764765992539,0.41868333344628983,1656.0,19.23599999999999,0.75,none,0.0,1171.0
hot_weather,300,sensor_drift,207.0,150.05776326965218,149.55263995801198,708.201526288704,2044.9085600217197,70.99597370112993,74.00963635418181,15.026057131201261,0.11081179436411753,13.254022461931177,20.264471633583327,0.41881291419657596,1664.0,19.184000000000026,0.75,none,0.0,1170.0
hot_weather,300,sensor_drift,208.0,149.9938348381919,150.33550360563387,708.1706085867097,2051.126226787221,71.06446142123463,74.29602292293252,15.01124635922066,0.11529175531438005,13.192492201729753,19.906241787598915,0.4189435009306903,1672.0,19.132000000000005,0.75,none,0.0,1169.0
hot_weather,300,sensor_drift,209.0,149.9297457640198,149.778903509999,711.0892741199244,2056.7357731264538,71.62174795359896,74.23804820941824,14.99644806790384,0.1994075179284293,13.236422450455965,19.671842332321546,0.4190750691516133,1680.0,19.079999999999984,0.75,none,0.0,1168.0
hot_weather,300,sensor_drift,210.0,149.86549996116594,149.7094930651597,712.9631491386477,2048.8986200208165,70.60174728389968,73.821828050883,14.981662248503994,0.16210979586180904,13.191414666033058,20.19301930596406,0.4192075949455998,1688.0,19.02800000000002,0.75,none,0.0,1167.0
hot_weather,300,sensor_drift,211.0,149.80110125046716,150.10320406223386,706.4780763168222,2051.969751414633,71.27654811887908,73.52606147240895,14.966888892279162,0.2404844353734378,13.294591011339639,20.08223030945284,0.41934105496829166,1696.0,18.976,0.75,none,0.0,1166.0
hot_weather,300,sensor_drift,212.0,149.73655336178592,150.05781749947528,707.6476472342688,2047.8608142221708,71.55636201281385,73.46203227369604,14.952127990492283,0.3136574596860363,13.205388737479367,19.984497487397007,0.41947542643116176,1704.0,18.923999999999978,0.75,none,0.0,1165.0
hot_weather,300,sensor_drift,213.0,149.67185993617645,149.4675014269048,711.2909687777441,2042.613238221129,71.52243779986571,73.58029314071604,14.93737953441117,0.2418428360936404,13.21738047446183,19.48790348811299,0.4196106870882794,1712.0,18.872000000000014,0.75,none,0.0,1164.0
hot_weather,300,sensor_drift,214.0,149.60702452799916,149.75861713869236,704.9847211776953,2046.7665498910794,70.96420741117296,74.27533688861153,14.922643515308444,0.09431627392322375,13.240226553492818,20.309784334395538,0.4197468152233903,1720.0,18.819999999999993,0.75,none,0.0,1163.0
hot_weather,300,sensor_drift,215.0,149.5420506069848,149.56860099607678,707.4645822618264,2049.4286896962317,71.26169307190281,73.46317410572343,14.907919924461657,0.28240620588768267,13.220869297909257,20.062005047218214,0.4198837896373081,1728.0,18.76800000000003,0.75,none,0.0,1162.0
hot_weather,300,sensor_drift,216.0,149.47694156024943,149.13641656004557,707.1905490543137,2037.290443631633,70.40137394545688,73.8144953746315,14.893208753153159,0.11217495393771762,13.334677455468974,20.137194484848973,0.42002158963559943,1736.0,18.716000000000008,0.75,none,0.0,1161.0
hot_weather,300,sensor_drift,217.0,149.41170069426153,150.08141702176923,709.9600216526002,2046.3855622224444,70.98524532067077,73.84703582819024,14.878509992670201,0.22730085102007064,13.207781071045291,20.071979253109838,0.420160195016569,1744.0,18.663999999999987,0.75,none,0.0,1160.0
hot_weather,300,sensor_drift,218.0,149.346331236762,149.4602193728324,710.0292912774797,2047.5852414648627,70.1638599119813,74.5876071290543,14.863823634304898,0.17999338197254955,13.272051558431773,19.533441177072067,0.4202995860595268,1752.0,18.612000000000023,0.75,none,0.0,1159.0
hot_weather,300,sensor_drift,219.0,149.28083633863886,149.16611442454075,709.4960593398304,2042.5008438740674,71.33303709887676,73.28612435184313,14.849149669354157,0.22388000448311224,13.267909168155512,19.931125016112034,0.42043974351333446,1760.0,18.560000000000002,0.75,none,0.0,1158.0
hot_weather,300,sensor_drift,220.0,149.21521907575683,149.7691748618933,703.0095952921199,2052.1872436236595,70.90353907013194,73.17025086393916,14.834488089119805,0.13032027012939998,13.244303168985573,20.11228024761746,0.4205806485852279,1768.0,18.50799999999998,0.75,none,0.0,1157.0
hot_weather,300,sensor_drift,221.0,149.1494824507438,149.02702980945568,706.8434515888354,2045.3631721507984,71.44056622181968,73.45134670189061,14.819838884908489,0.15241748102130365,13.193588620611694,19.618683430983342,0.42072228292990155,1776.0,18.456000000000017,0.75,none,0.0,1156.0
hot_weather,300,sensor_drift,222.0,149.08362939473443,148.75240585818617,706.5747691770362,2042.424921510417,71.3045804524607,74.0666741561691,14.805202048031697,0.20407649946541936,13.208721379499497,19.858000920968,0.42086462863885454,1784.0,18.403999999999996,0.75,none,0.0,1155.0
hot_weather,300,sensor_drift,223.0,149.01766276907247,148.83048504322124,707.8492068334344,2042.6735944335067,71.81093302517985,73.93440546787926,14.790577569805775,0.29534655183177955,13.293738897620116,19.8222876656454,0.4210076682299926,1792.0,18.351999999999975,0.75,none,0.0,1154.0
hot_weather,300,sensor_drift,224.0,148.9515853669724,149.20244157336984,708.8367226539242,2047.556815485096,70.86620816123367,74.7742190306571,14.775965441551925,0.1770682423532934,13.17912008658138,20.147667344775652,0.4211513846374736,1800.0,18.30000000000001,0.75,none,0.0,1153.0
hot_weather,300,sensor_drift,225.0,148.88539991514153,148.41382717017183,709.2008556224138,2044.4400968098898,71.16548451773492,75.05852906338814,14.761365654596153,0.12128614578572558,13.279469857319448,20.19735341465943,0.42129576120179735,1808.0,18.24799999999999,0.75,none,0.0,1152.0
hot_weather,300,sensor_drift,226.0,148.81910907536357,149.08818907251168,704.9357880096402,2044.0894086503813,70.34014462235022,73.03698160384651,14.746778200269363,0.2930857759686574,13.31441928227798,20.162833699122398,0.4214407816601309,1816.0,18.196000000000026,0.75,none,0.0,1151.0
hot_weather,300,sensor_drift,227.0,148.75271544604436,147.896542050037,708.9704063304466,2041.5885145284235,70.62138667377617,73.45149374237717,14.73220306990722,0.10339975308621935,13.183092878749738,20.33221344896865,0.4215864301368639,1824.0,18.144000000000005,0.75,none,0.0,1150.0
hot_weather,300,sensor_drift,228.0,148.68622156372092,149.02031226251748,708.4044010916164,2035.3997683659961,71.369134191169,73.70437710693061,14.717640254850297,0.2669123432374593,13.33867326044626,19.952663692200883,0.4217326911343894,1832.0,18.091999999999985,0.75,none,0.0,1149.0
hot_weather,300,sensor_drift,229.0,148.61962990453446,148.90315028184102,700.6159027404285,2030.939137687022,70.0552905028921,73.35178440164613,14.703089746443977,0.2744981009739149,13.247982672916105,20.224312085991787,0.4218795495241039,1840.0,18.04000000000002,0.75,none,0.0,1148.0
hot_weather,300,sensor_drift,230.0,148.55294288566847,147.69828554418524,707.9424951279086,2039.8052050503625,70.26712710392353,73.4641932691947,14.688551536038458,0.15211813018898712,13.357743968254828,19.99192980943232,0.4220269905376204,1848.0,17.988,0.75,none,0.0,1147.0
hot_weather,300,sensor_drift,231.0,148.48616286675235,148.3435984103789,705.2291111915931,2030.7598531827966,70.71356451864351,73.89822402152411,14.67402561498878,0.2658116547079568,13.330326909040382,19.764050444757626,0.42217499975819306,1856.0,17.93599999999998,0.75,none,0.0,1146.0
hot_weather,300,sensor_drift,232.0,148.41929215123184,149.29684510843754,704.1426071846703,2048.9159952960413,70.46442091168556,73.2702010692248,14.659511974654835,0.25069049493612056,13.235991962475246,20.014991117349595,0.42232356311234454,1864.0,17.884000000000015,0.75,none,0.0,1145.0
hot_weather,300,sensor_drift,233.0,148.35233298770672,147.80419051555424,704.4243113311898,2033.5459811323394,71.62659410899929,74.18382215806122,14.64501060640129,0.26325977881934276,13.215842750770523,19.672698938217824,0.42247266686169216,1872.0,17.831999999999994,0.75,none,0.0,1144.0
hot_weather,300,sensor_drift,234.0,148.2852875712366,148.7747218535765,707.1641832175414,2037.6683420751147,71.19524145366948,73.20139679453591,14.630521501597686,0.22089634336410255,13.216852330192664,19.898372026369543,0.4226222975949703,1880.0,17.779999999999973,0.75,none,0.0,1143.0
hot_weather,300,sensor_drift,235.0,148.21815804461576,148.32741549307056,706.4166796975278,2034.9397348317373,71.47830446583795,73.0614263516834,14.616044651618376,0.26472450836620365,13.266426419384313,19.984740869855273,0.42277244222024213,1888.0,17.72800000000001,0.75,none,0.0,1142.0
hot_weather,300,sensor_drift,236.0,148.1509464996175,147.60569451858007,705.5467002803997,2029.6536841627133,70.912021291665,73.61031932193941,14.6015800478425,0.1246710060916435,13.246900075478196,19.761588703816486,0.42292308795729516,1896.0,17.675999999999988,0.75,none,0.0,1141.0
hot_weather,300,sensor_drift,237.0,148.083654978209,148.6292510912797,705.6916540013362,2030.7278125433788,70.92035529962968,73.64949302581164,14.587127681654058,0.14610094104064492,13.24934321894513,19.907497777677083,0.42307422233022085,1904.0,17.624000000000024,0.75,none,0.0,1140.0
hot_weather,300,sensor_drift,238.0,148.0162854737371,147.74134941734,706.8693617108444,2032.7908172877965,70.17429190220336,73.26521768327098,14.572687544441834,0.2549453004775511,13.223149202480935,20.061682277252803,0.42322583316016815,1912.0,17.572000000000003,0.75,none,0.0,1139.0
hot_weather,300,sensor_drift,239.0,147.94883993208595,147.60600220122123,706.3932200688291,2028.399522960779,71.34243270200488,74.09634240815936,14.558259627599464,0.28711686247132273,13.268153061712496,20.10031436611947,0.42337790855827107,1920.0,17.519999999999982,0.75,none,0.0,1138.0
hot_weather,300,sensor_drift,240.0,147.29649923309816,146.37018435803134,698.2920622631234,1935.0073129267635,70.29936795319834,73.72382797304466,10.13056506097167,0.2535870617943389,13.112821268432675,19.80820688941349,0.42710354714391185,1928.0,17.468000000000018,0.55,none,0.0,1137.0
hot_weather,300,sensor_drift,241.0,146.6094223175237,146.52771492968606,699.791657524864,1861.205449909166,69.93129306994184,73.97067324600889,9.75313535767921,0.21603420322114208,13.247472612946646,20.19558452716499,0.4310414153288429,1936.0,17.415999999999997,0.55,none,0.0,1136.0
hot_weather,300,sensor_drift,242.0,145.90368392757858,145.6789869351242,703.6911272365412,1826.4110882849716,68.0249311745879,73.49614330994278,9.491162812717274,0.25057645670951306,13.110490275623544,19.7832344900155,0.43509330045681005,1944.0,17.363999999999976,0.55,none,0.0,1135.0
hot_weather,300,sensor_drift,243.0,145.19021118555034,144.93371830425824,707.3887312856244,1773.0345661907602,68.73320174419091,72.90827009477394,9.308508887899237,0.11787638876718932,13.119308436032622,20.34540500479357,0.43919244054241724,1952.0,17.312000000000012,0.55,none,0.0,1134.0
hot_weather,300,sensor_drift,244.0,144.4763951836679,143.95782569309452,703.7762422715396,1754.886668524206,67.43933591416696,73.03455028651226,9.180347228842638,0.16955574143505336,13.09379129689691,20.044779180369776,0.44329367785991824,1960.0,17.25999999999999,0.55,none,0.0,1133.0
hot_weather,300,sensor_drift,245.0,143.76719888169322,144.04528827670816,699.3732106774505,1735.7249437196201,67.69928795520669,72.6831105192812,9.089622696185334,0.11560927257845878,12.985225956953197,19.985468278998198,0.44736668996590834,1968.0,17.208000000000027,0.55,none,0.0,1132.0
hot_weather,300,sensor_drift,246.0,143.06591871774881,143.47167562501448,696.934510407758,1733.8919614682568,69.3477091670812,72.10109818469101,9.024618799205722,0.1593846451517251,12.951183841004838,19.732728658783813,0.45139133644756746,1976.0,17.156000000000006,0.55,none,0.0,1131.0
hot_weather,300,sensor_drift,247.0,142.3747081486326,142.38022697139374,697.274258120987,1725.4414277949315,68.04656190741434,71.84725251709695,8.977286577338203,0.2002924280953284,13.052522565871463,20.118663619123815,0.45535446022222525,1984.0,17.103999999999985,0.55,none,0.0,1130.0
hot_weather,300,sensor_drift,248.0,141.69493751825306,141.22339526038843,696.8412006289158,1721.2555779355414,67.2215861226382,72.13720978874288,8.942096579451688,0.1907469620511737,13.098829624028436,19.925847972100982,0.4592476888311867,1992.0,17.05200000000002,0.55,none,0.0,1129.0
hot_weather,300,sensor_drift,249.0,141.02744140320783,140.32289480301023,693.2391628179302,1716.8542246704444,68.25775929532838,71.32460559370834,8.91525019960461,0.11792510035743807,12.974812974572865,19.76123118421274,0.4630659232200842,2000.0,17.0,0.55,none,0.0,1128.0
hot_weather,300,sensor_drift,250.0,140.37268860042136,140.1859323086607,692.7987011800097,1712.7893047529546,67.983673093583,71.61479871546439,8.894137882637372,0.2305366405688606,13.067041687667441,20.16852987988879,0.46680629915690885,2008.0,16.94799999999998,0.55,none,0.0,1127.0
hot_weather,300,sensor_drift,251.0,139.73089893268494,139.055347774003,691.329105805488,1716.3708856671685,67.86248283253732,71.81623051978484,8.876966923781474,0.1423392895631751,13.039783645097234,20.154981885444016,0.4704674735793616,2016.0,16.896000000000015,0.55,none,0.0,1126.0
hot_weather,300,sensor_drift,252.0,139.10212349295617,139.29422506380453,698.3538804187498,1706.0345471300545,67.76106366806398,71.36416342723054,8.86250577552174,0.2189882576710747,13.021600415576962,20.04671097941424,0.47404913432224427,2024.0,16.843999999999994,0.55,none,0.0,1125.0
hot_weather,300,sensor_drift,253.0,138.48629975422242,138.9261591480644,694.5958120973643,1702.9982457004253,67.37254553811336,71.15832501571266,8.849908392295072,0.1797253752993333,13.046548934970936,20.068432107639826,0.4775516634099727,2032.0,16.791999999999973,0.55,none,0.0,1124.0
hot_weather,300,sensor_drift,254.0,137.88328940082258,137.62432050682176,696.3167333086537,1708.987794556001,67.84959871143293,71.14886403712718,8.838593559357255,0.09151924723532666,12.982292470747597,20.07685388959609,0.4809759059166576,2040.0,16.74000000000001,0.55,none,0.0,1123.0
hot_weather,300,sensor_drift,255.0,137.29290428212175,135.65249016464946,693.3996113312031,1706.048740259408,66.87697715580097,70.20263536383548,8.828161994514055,0.26466848839551393,13.0281516950085,19.889598085627924,0.4843230113956398,2048.0,16.687999999999988,0.55,none,0.0,1122.0
hot_weather,300,sensor_drift,256.0,136.7149242016217,136.51321535841439,695.5043210956004,1700.8276993359723,68.39758213006365,70.19817667941166,8.818339398941577,0.24313580690188627,13.008008829048759,19.501268706863318,0.48759432519247525,2056.0,16.636000000000024,0.55,none,0.0,1121.0
hot_weather,300,sensor_drift,257.0,136.14910909421968,136.1340224941885,685.1716687532395,1703.1911810220895,68.45550865853626,70.27367722832619,8.808937334431654,0.11801806797867131,13.050345094495139,19.863662792205158,0.4907913140449246,2064.0,16.584000000000003,0.55,none,0.0,1120.0
hot_weather,300,sensor_drift,258.0,135.59520734657602,135.29732405235188,684.3724340486442,1697.5131037774688,68.19455078797642,70.61394081200827,8.799826346978165,0.1413629594369212,13.009563159177832,19.839168421522483,0.49391551524759036,2072.0,16.531999999999982,0.55,none,0.0,1119.0
hot_weather,300,sensor_drift,259.0,135.05296146709435,134.54449679810492,685.8075185510874,1696.4050138728453,67.82989358842431,70.3023983691363,8.790917503314374,0.17154492320076956,12.996383351091671,20.1923834702837,0.4969685020097536,2080.0,16.480000000000018,0.55,none,0.0,1118.0
hot_weather,300,sensor_drift,260.0,134.5221119349581,134.38798546717388,682.1196724426414,1708.454605879709,67.97390657014265,70.26468699339154,8.782149706951119,0.24439068551292356,13.028123423589344,19.817743685782222,0.49995185993872293,2088.0,16.427999999999997,0.55,none,0.0,1117.0
hot_weather,300,sensor_drift,261.0,134.0023997984364,134.66613407401073,686.0649777371552,1695.6678523062847,68.06119344069987,69.54179531533673,8.773480984596432,0.25015970829194834,13.044005290626732,19.74839295761067,0.5028671711648365,2096.0,16.375999999999976,0.55,none,0.0,1116.0
hot_weather,300,sensor_drift,262.0,133.49356841445308,133.0975262354966,682.6126928261735,1709.2049081100902,68.00566111064244,69.88686401751919,8.764882500133712,0.16024484174414322,13.031372775524664,19.849555193550717,0.5057160037131286,2104.0,16.324000000000012,0.55,none,0.0,1115.0
hot_weather,300,sensor_drift,263.0,132.99536459888816,133.6432212910279,688.429827868252,1696.0410374081885,67.4745340851608,69.58367377022121,8.756334442368045,0.20065319746250013,13.007904828540697,19.937034147980675,0.5084999044752763,2112.0,16.27199999999999,0.55,none,0.0,1114.0
hot_weather,300,sensor_drift,264.0,132.50753937284412,132.5108608160896,686.0406206368945,1703.808971630281,68.06261071137463,68.92726557128688,8.747823200006874,0.16282768685742027,12.996250215854317,19.717023783592452,0.511220394650099,2120.0,16.220000000000027,0.55,none,0.0,1113.0
hot_weather,300,sensor_drift,265.0,132.02984843219969,132.42395652730536,683.6084924510745,1703.430466217018,68.15473109032133,68.69239935564326,8.739339420939809,0.16265121891881767,13.032796109297879,19.925033701459803,0.5138789668747012,2128.0,16.168000000000006,0.55,none,0.0,1112.0
hot_weather,300,sensor_drift,266.0,131.56205242795926,131.30045995236247,679.5381730058889,1702.1979398912015,67.76388052983428,68.45222019719759,8.730876679010995,0.24598845947844908,13.032483132325527,20.147833907441612,0.5164770835116093,2136.0,16.115999999999985,0.55,none,0.0,1111.0
hot_weather,300,sensor_drift,267.0,131.10391711753562,131.21855564651491,681.9355336518526,1706.6716527984809,68.04442808455967,68.72945928521577,8.722430558124087,0.24342222990971024,13.063716205746665,20.17149987714745,0.5190161757244702,2144.0,16.06400000000002,0.55,none,0.0,1110.0
hot_weather,300,sensor_drift,268.0,130.65521342828632,130.80252016597314,677.9084911307652,1705.7342744139876,66.89847853306546,67.76311837660583,8.713998023044699,0.15692825226940896,12.96568123297119,19.740667796484324,0.521497643089861,2152.0,16.012,0.55,none,0.0,1109.0
hot_weather,300,sensor_drift,269.0,130.21571746168803,130.9587505657479,681.322293675602,1695.3078843862818,67.8244472411755,68.87189118073258,8.705576987157244,0.1735313763582811,12.959521817740269,19.828467225026323,0.5239228535717848,2160.0,15.95999999999998,0.55,none,0.0,1108.0
hot_weather,300,sensor_drift,270.0,129.78521045764026,129.74351715795794,681.4186142308927,1696.5346555997796,68.09013043106717,69.34496216968795,8.697166015524385,0.24242201299812782,13.023316174698039,20.2806013271998,0.5262931437397658,2168.0,15.908000000000015,0.55,none,0.0,1107.0
hot_weather,300,sensor_drift,271.0,129.36347873227606,129.2214010684826,677.3765734972853,1701.0836776144433,68.31234603535097,67.38836449128995,8.688764120896241,0.18998213584321322,13.033882498402,20.096776518782274,0.5286098191488096,2176.0,15.855999999999995,0.55,none,0.0,1106.0
hot_weather,300,sensor_drift,272.0,128.95031359845535,129.49239943377748,681.1174725771775,1701.5495552571103,67.92245823426013,68.49498726087685,8.680370623573854,0.17433078783475897,12.943314201096541,20.016211745174466,0.5308741548251705,2184.0,15.803999999999974,0.55,none,0.0,1105.0
hot_weather,300,sensor_drift,273.0,128.5455112752274,129.22092141990277,679.8769318652481,1701.097332969896,67.28318207944635,68.38760143307036,8.671985055138787,0.21740101728103037,13.06246925571448,19.90690353544972,0.5330873958195127,2192.0,15.75200000000001,0.55,none,0.0,1104.0
hot_weather,300,sensor_drift,274.0,128.14887279056404,128.60926987723678,674.5822206636801,1689.4276683069083,68.44960455538909,67.50052359074216,8.663607092317744,0.1514743618370208,13.071312477086895,20.205853258035994,0.5352507578011846,2200.0,15.699999999999989,0.55,none,0.0,1103.0
hot_weather,300,sensor_drift,275.0,127.76020388030017,127.98451863282096,682.3375017857949,1699.2154295010055,67.18626221223887,67.92561080994626,8.655236511549356,0.16929605808881426,12.98180798241029,20.015040198452535,0.5373654276756694,2208.0,15.648000000000025,0.55,none,0.0,1102.0
hot_weather,300,sensor_drift,276.0,127.37931488528082,127.85039468473296,675.5144792030944,1697.4718633868144,67.41408628443574,67.98373798401934,8.646873157772546,0.15325535181983116,13.075052507116329,20.276290970739105,0.5394325642129889,2216.0,15.596000000000004,0.55,none,0.0,1101.0
hot_weather,300,sensor_drift,277.0,127.00602064806996,126.94525817981754,678.7656543413318,1696.1041081384406,68.15959881641722,66.82397063859052,8.63851692298505,0.1706484415246646,13.019128009197138,20.107179947611275,0.5414532986787877,2224.0,15.543999999999983,0.55,none,0.0,1100.0
hot_weather,300,sensor_drift,278.0,126.64014041013367,126.00443321956003,677.6923231929238,1701.8899157480485,68.2414306271419,67.57913085610853,8.63016773151357,0.22112615382167058,12.999671783536522,20.244620623275164,0.5434287354625192,2232.0,15.492000000000019,0.55,none,0.0,1099.0
hot_weather,300,sensor_drift,279.0,126.28149771010654,126.85481228306388,675.6034758508695,1686.109214772364,67.87122506672812,67.40803725253329,8.621825529894814,0.24292725863728154,12.970916207424875,19.904209556164336,0.5453599526990098,2240.0,15.439999999999998,0.55,none,0.0,1098.0
hot_weather,300,sensor_drift,280.0,125.92992028354223,125.80039204489997,675.3686794962254,1696.6325390824427,67.23205378099426,66.53167951214839,8.613490279923987,0.24141276825003982,12.940934323835203,20.17878397542023,0.547248002880961,2248.0,15.387999999999977,0.55,none,0.0,1097.0
hot_weather,300,sensor_drift,281.0,125.5852399644059,126.19439360328016,683.0992789370536,1694.6688131555795,68.54073821216166,67.10988865424144,8.605161953879314,0.1702049599151628,13.002064287596955,19.973725336032476,0.5490939134608044,2256.0,15.336000000000013,0.55,none,0.0,1096.0
hot_weather,300,sensor_drift,282.0,125.2472925884685,125.78324438852847,679.4639058771257,1690.8283556993401,67.69601762238341,67.50998525807583,8.596840531241348,0.16361145631447213,13.036447195462836,19.94040711969171,0.5508986874409378,2264.0,15.283999999999992,0.55,none,0.0,1095.0
hot_weather,300,sensor_drift,283.0,124.91591789869642,125.64566962930316,675.4702432098704,1693.3438604053924,67.35969512884526,67.0030706831887,8.58852599643933,0.2385431516122907,13.038889524698474,19.90437520661842,0.552663303951773,2272.0,15.232000000000028,0.55,none,0.0,1094.0
hot_weather,300,sensor_drift,284.0,124.59095945268416,124.62710530088144,675.2509360715975,1693.2888168700454,67.61366782276367,65.47295156798005,8.580218337302853,0.15707338496766418,13.00243894929877,19.95779119571456,0.5543887188172962,2280.0,15.180000000000007,0.55,none,0.0,1093.0
hot_weather,300,sensor_drift,285.0,124.27226453214683,124.23673803340941,668.2276371367291,1690.4320447033663,67.97962311233908,66.51011715626562,8.571917543998337,0.11607581403937248,13.11593795374312,20.240045213582032,0.5560758651080492,2288.0,15.127999999999986,0.55,none,0.0,1092.0
hot_weather,300,sensor_drift,286.0,123.95968405446862,123.99998765815086,670.1137278889482,1694.5590012887155,67.85999218368572,66.15363286577362,8.56362360829832,0.20577549590870423,13.025652872239034,19.92996394395424,0.5577256536815437,2296.0,15.076000000000022,0.55,none,0.0,1091.0
hot_weather,300,sensor_drift,287.0,123.65307248628903,123.47343093330164,665.8195899183207,1689.6860958810316,68.21393244440684,66.01781384348801,8.555336523079486,0.16692908688654873,13.113094761451652,19.996110351496405,0.5593389737102289,2304.0,15.024000000000001,0.55,none,0.0,1090.0
hot_weather,300,sensor_drift,288.0,123.35228775909985,123.62141050177243,675.8389445868075,1690.7285370563864,67.9395681167184,65.41896164195869,8.547056281977898,0.15614194677782728,12.95805438995272,19.947792696946976,0.5609166931971729,2312.0,14.97199999999998,0.55,none,0.0,1089.0
hot_weather,300,sensor_drift,289.0,123.05719118681947,123.19493952829642,665.9548159855251,1689.9401020650039,67.17944040459419,65.53639048024422,8.538782879152066,0.23526917804220657,12.931694597674014,20.04445188919878,0.5624596594796631,2320.0,14.920000000000016,0.55,none,0.0,1088.0
hot_weather,300,sensor_drift,290.0,122.76764738530761,122.15568834492933,674.3228901252982,1692.2065464954028,67.36203095177093,66.10678369262891,8.530516309120197,0.29924539933132577,13.033441972197854,19.955711954009587,0.5639686997209501,2328.0,14.867999999999995,0.55,none,0.0,1087.0
hot_weather,300,sensor_drift,291.0,122.4835241937812,123.349726718496,673.6971342880574,1693.204389438107,68.35833735878727,65.48297423727233,8.522256566648455,0.20850688670181078,13.029164695881617,20.146774347210187,0.5654446213903785,2336.0,14.815999999999974,0.55,none,0.0,1086.0
hot_weather,300,sensor_drift,292.0,122.20469259809066,122.29606426879927,671.5912516359962,1689.897431613197,66.8725817208187,65.14070964172384,8.514003646674128,0.1382991338736057,13.051268920469413,20.127848153696778,0.566888212732149,2344.0,14.76400000000001,0.55,none,0.0,1085.0
hot_weather,300,sensor_drift,293.0,121.93102665581604,121.53643426218565,665.4311481644237,1692.3647975445892,68.03649851565649,65.30103830848913,8.505757544252837,0.20922677541965864,12.919887275602399,20.14090475927747,0.5683002432229611,2352.0,14.711999999999989,0.55,none,0.0,1084.0
hot_weather,300,sensor_drift,294.0,121.66240342314137,121.73181632547774,672.6264492696592,1688.5643375425373,67.92244649599076,65.22122038854029,8.49751825452236,0.18575512909651223,12.997095077822113,20.076898995411298,0.5696814640187954,2360.0,14.660000000000025,0.55,none,0.0,1083.0
hot_weather,300,sensor_drift,295.0,121.39870288346683,121.91344664604898,674.7263783700013,1692.7114977368108,67.37148217256393,65.29726675107581,8.489285772677665,0.16675706771707277,13.001989577435745,20.069654383253564,0.5710326083910718,2368.0,14.608000000000004,0.55,none,0.0,1082.0
hot_weather,300,sensor_drift,296.0,121.13980787771825,121.6254408065971,668.6276183206074,1682.0230714265733,67.62579981268418,64.60938314153333,8.481060093953856,0.10946985508016399,12.950118669985402,19.95004408712736,0.5723543921524441,2376.0,14.555999999999983,0.55,none,0.0,1081.0
hot_weather,300,sensor_drift,297.0,120.8856040363144,120.53295112975701,677.9032484907393,1680.1665636606936,67.67790876031007,64.79596674469981,8.47284121361438,0.1768784433383057,13.05906285283061,19.588266395985652,0.5736475140724615,2384.0,14.504000000000019,0.55,none,0.0,1080.0
hot_weather,300,sensor_drift,298.0,120.63597971275283,120.38437866946936,665.9224364196295,1685.0985934637297,67.31263389576475,64.1175382674899,8.464629126942986,0.22771789723542077,12.909730012177713,20.03677816452689,0.5749126562833418,2392.0,14.451999999999998,0.55,none,0.0,1079.0
hot_weather,300,sensor_drift,299.0,120.39082591877636,121.158690704276,665.02562712283,1688.2826988918566,67.94710207397372,64.76659700310425,8.456423829238153,0.2087140026843186,13.030203480414214,19.86510373048928,0.5761504846760892,2400.0,14.399999999999977,0.55,none,0.0,1078.0
hot_weather,300,sensor_drift,300.0,120.15003626108268,120.50668650819158,669.4100484910513,1685.9207772754892,68.10321495552729,64.67812264756814,8.448225315809308,0.20401166398453277,13.080030627149176,19.753181893998672,0.5773616492871835,2408.0,14.348000000000013,0.55,none,0.0,1077.0
hot_weather,300,sensor_drift,301.0,119.91350687954052,119.69868482877264,664.8849466279407,1689.5478675837287,67.67233899402179,63.341356907868494,8.440033581974165,0.17973113886980027,12.991351986958348,20.16251839422929,0.5785467846760606,2416.0,14.295999999999992,0.55,none,0.0,1076.0
hot_weather,300,sensor_drift,302.0,119.68113638687656,120.4848087386579,670.2594676291825,1687.4241149668221,67.49227536958264,64.10586646631643,8.431848623056982,0.1749115378151075,13.028406246078893,19.579899200351644,0.5797065102936143,2424.0,14.244000000000028,0.55,none,0.0,1075.0
hot_weather,300,sensor_drift,303.0,119.45282580979826,118.74598816757958,663.5271194082973,1687.2299378421997,68.27504977327385,64.04596258546331,8.423670434387269,0.1802133316411552,13.097213937478235,19.99501999009861,0.5808414308419184,2432.0,14.192000000000007,0.55,none,0.0,1074.0
hot_weather,300,sensor_drift,304.0,119.22847853151836,119.7612269648527,670.0092763758411,1694.3715462679138,67.62977220671415,63.87002353940402,8.415499011298984,0.17666184707861585,13.027800557819194,20.01032425726264,0.5819521366253889,2440.0,14.139999999999986,0.55,none,0.0,1073.0
hot_weather,300,sensor_drift,305.0,119.00800023564781,118.62140620692884,662.02677331738,1683.441462431718,67.22965160909114,62.43827495498379,8.407334349129925,0.2333356079196354,13.053634124805875,20.157158441209912,0.5830392038935842,2448.0,14.088000000000022,0.55,none,0.0,1072.0
hot_weather,300,sensor_drift,306.0,118.7912988514245,118.83754959791524,668.777076113106,1685.9963509656154,68.0270657379538,63.738660052876924,8.399176443221316,0.23106419909929465,13.051376088390485,19.817650076664442,0.5841031951758424,2456.0,14.036000000000001,0.55,none,0.0,1071.0
hot_weather,300,sensor_drift,307.0,118.57828450024601,118.71029217623288,663.9838890366725,1687.4487178656586,68.22648709456499,63.76756582923569,8.391025288917577,0.21346559634898146,12.959427841965866,20.20720327288565,0.585144659607955,2464.0,13.98399999999998,0.55,none,0.0,1070.0
hot_weather,300,sensor_drift,308.0,118.36886944347543,117.92313531267818,672.5755713932272,1683.2191163666673,67.28473766235916,63.091667536105966,8.38288088156609,0.22132822778684488,13.012931013645936,19.882085070890675,0.5861641332510593,2472.0,13.932000000000016,0.55,none,0.0,1069.0
hot_weather,300,sensor_drift,309.0,118.16296803148981,118.56724148796577,669.0345434030994,1683.7534773226664,67.46190225903638,62.70187481329135,8.37474321651707,0.17249815163099927,13.083713655986646,20.085265119323942,0.5871621394029384,2480.0,13.879999999999995,0.55,none,0.0,1068.0
hot_weather,300,sensor_drift,310.0,117.96049665394177,117.77213491903136,667.2329762937422,1690.6956144876117,67.9393099185197,62.97915999178751,8.366612289123506,0.25250476516604853,13.072857750106309,19.988791063472338,0.5881391889019124,2488.0,13.827999999999975,0.55,none,0.0,1067.0
hot_weather,300,sensor_drift,311.0,117.76137369120535,117.66892715438031,662.3557906451753,1688.8376278918781,68.04456503301553,63.58758631616999,8.358488094741091,0.14895359157012117,12.97937140960558,20.291980530389186,0.5890957804234914,2496.0,13.77600000000001,0.55,none,0.0,1066.0
hot_weather,300,sensor_drift,312.0,117.56617508833443,117.5292226629965,667.1667996825272,1679.6057013417915,67.88794194907797,63.01930901469034,8.353853325490617,0.22741786386634155,13.031041386029026,20.057836586208875,0.590158395087382,2500.0,13.75,0.55,none,0.0,1065.0
hot_weather,300,sensor_drift,313.0,117.37548821063271,117.34904821099285,666.2765130871871,1676.6186118016938,68.18925661322349,62.687266653609385,8.35288274187013,0.20332044985480802,12.999806383177885,19.79420170566858,0.5913234442384201,2500.0,13.75,0.55,none,0.0,1064.0
hot_weather,300,sensor_drift,314.0,117.18924809251405,117.44732346794568,662.5792013179012,1691.436169780681,66.85258151318929,61.971981776412,8.352215465631044,0.21167434860838819,13.039977295332259,20.085095625089693,0.5924613248000956,2500.0,13.75,0.55,none,0.0,1063.0
hot_weather,300,sensor_drift,315.0,117.00737804755396,116.91727070785932,663.6389189273073,1685.627261198683,67.802375049299,62.35442020664616,8.351756713216675,0.20333992713153154,12.997361828519313,19.88557568408974,0.5935725053072904,2500.0,13.75,0.55,none,0.0,1062.0
hot_weather,300,sensor_drift,316.0,116.82979409369403,117.86836074881245,665.8537799408141,1686.6325173808073,68.00565374749227,62.94716546978386,8.351441320931793,0.24360508701784234,13.022657613944467,19.650530619278936,0.5946574988693861,2500.0,13.75,0.55,none,0.0,1061.0
hot_weather,300,sensor_drift,317.0,116.65640797741665,116.58626582824466,663.8202909211518,1682.073041953653,68.0227747287676,62.46665780047582,8.351224488735939,0.16075565907797024,12.946500146826045,19.785570403207828,0.5957168446933119,2500.0,13.75,0.55,none,0.0,1060.0
hot_weather,300,sensor_drift,318.0,116.48712923514391,116.01896331844637,664.2492416672135,1683.0370351083675,67.15807359727653,61.352707666431805,8.351075416601288,0.23212522985707135,13.041409118250398,19.862591829361666,0.5967510954889128,2500.0,13.75,0.55,none,0.0,1059.0
hot_weather,300,sensor_drift,319.0,116.32186659315012,115.5240920884505,659.3910656331659,1680.6804812128923,68.23163284028547,63.14826075918971,8.350972929508716,0.1195724512339783,13.019952975064136,19.821238959679317,0.5977608089158344,2500.0,13.75,0.55,none,0.0,1058.0
hot_weather,300,sensor_drift,320.0,116.16052891311433,116.1854423315198,659.6340162081791,1682.4789390162211,67.60393652922097,62.1569711197903,8.350902469632572,0.15438840123632572,13.019164631842663,20.059992512714736,0.598746541806433,2500.0,13.75,0.55,none,0.0,1057.0
hot_weather,300,sensor_drift,321.0,116.00302582570241,116.89272224938787,666.0448125487536,1679.8164744498526,67.95028244257138,61.921281154862804,8.350854028467724,0.13997771374839138,12.937435514886179,20.11390366459267,0.599708846294748,2500.0,13.75,0.55,none,0.0,1056.0
hot_weather,300,sensor_drift,322.0,115.84926815006195,115.52844020436649,660.5303593873738,1684.7186233725758,68.24600667153709,61.04515563864236,8.35082072516689,0.24987571776541956,13.022497319730803,19.92658873115653,0.6006482672534923,2500.0,13.75,0.55,none,0.0,1055.0
hot_weather,300,sensor_drift,323.0,115.69916816651543,114.97941632596519,663.1905836371684,1691.5029919370377,67.74106286073327,61.08843078083076,8.350797829147568,0.15262268025339323,13.09808231510043,20.009598906460113,0.6015653406279656,2500.0,13.75,0.55,none,0.0,1054.0
hot_weather,300,sensor_drift,324.0,115.55263978870121,115.0867769613924,659.1080701263008,1679.4289732010031,68.2040733149628,61.941269297309795,8.350782088134284,0.24326865835749306,12.976947952333633,19.87708330272906,0.602460592384316,2500.0,13.75,0.55,none,0.0,1053.0
hot_weather,300,sensor_drift,325.0,115.40959866695,114.78137813733166,664.4351520741309,1683.5848155615035,66.9129808861429,61.9149312765428,8.35077126618765,0.23476405790614643,13.030378549447365,19.93397840564551,0.6033345378779356,2500.0,13.75,0.55,none,0.0,1052.0
hot_weather,300,sensor_drift,326.0,115.26996224474219,115.37463360559363,665.0524683695063,1674.1838029128344,67.42737088312305,61.50730270931611,8.350763826099339,0.1839078943605153,13.023885297011994,20.021201197024308,0.6041876815085198,2500.0,13.75,0.55,none,0.0,1051.0
hot_weather,300,sensor_drift,327.0,115.13364978325627,114.75184510533273,660.393887507801,1686.558783580341,67.445347972438,61.62275492814014,8.350758711038628,0.13917397988098887,12.959678748518318,20.274127521834174,0.6050205165700833,2500.0,13.75,0.55,none,0.0,1050.0
hot_weather,300,sensor_drift,328.0,115.00058236431948,114.73299324424913,655.9523131882016,1688.8555610169014,67.39242893903301,61.044578187793995,8.350755194434386,0.2900313991856647,13.07064711099917,19.99689954185359,0.6058335252329323,2500.0,13.75,0.55,none,0.0,1049.0
hot_weather,300,sensor_drift,329.0,114.87068287884152,114.95788072683948,656.5858378813524,1680.578033875163,67.61482118454468,61.45487916658731,8.35075277676897,0.24278276949005528,13.035285652712213,20.445815707745563,0.6066271786143312,2500.0,13.75,0.55,none,0.0,1048.0
hot_weather,300,sensor_drift,330.0,114.74387600559172,115.46135566525726,655.5694957014748,1684.9161515319418,68.47931396725737,60.13142896309714,8.350751114623998,0.1677753144774209,12.970235710242184,20.176795924523,0.6074019369081693,2500.0,13.75,0.55,none,0.0,1047.0
hot_weather,300,sensor_drift,331.0,114.62008818365314,114.7322568378355,660.7742233276916,1684.6111559469578,68.20019561017867,61.32910863233203,8.350749971899328,0.2275154214101866,12.931378328740646,19.5391372799874,0.6081582495532585,2500.0,13.75,0.55,none,0.0,1046.0
hot_weather,300,sensor_drift,332.0,114.49924758083817,113.72132157978338,659.7617950513093,1685.622265879443,67.6273157435535,60.14754690337978,8.350749186276119,0.11269082275150402,13.129824300954088,20.10207092621508,0.6088965554263073,2500.0,13.75,0.55,none,0.0,1045.0
hot_weather,300,sensor_drift,333.0,114.38128405962858,115.09615964287991,665.8030458849925,1682.023475311655,68.0071232586628,60.861620674232164,8.350748646160161,0.19354505318450047,13.002028424058988,19.76156990623696,0.6096172830500175,2500.0,13.75,0.55,none,0.0,1044.0
hot_weather,300,sensor_drift,334.0,114.2661291417078,114.18318667623276,660.7857431375851,1682.5040657239897,68.65215531212334,61.4997040775132,8.35074827483044,0.19372045352529346,13.049794652578166,19.85828157824449,0.6103208508097842,2500.0,13.75,0.55,none,0.0,1043.0
hot_weather,300,sensor_drift,335.0,114.15371597181209,114.08802962147888,664.5593807986314,1685.2935989364128,68.23715610534049,60.11399939499474,8.350748019541259,0.31017341784614894,12.998805950332049,20.202687235873032,0.6110076671745543,2500.0,13.75,0.55,none,0.0,1042.0
hot_weather,300,sensor_drift,336.0,114.04397928139376,113.47741887585421,656.5584244754436,1681.5475594147576,67.29126011934687,60.75395516250389,8.350747844029945,0.246557069884338,12.97723048503584,20.057656296903183,0.6116781309188378,2500.0,13.75,0.55,none,0.0,1041.0
hot_weather,300,sensor_drift,337.0,113.93685535242838,114.11306249144708,659.3950057165847,1683.0603814655606,67.52329623559773,59.674601088197264,8.350747723365918,0.11740307080003397,13.065230454978426,20.129987815255078,0.612332631343834,2500.0,13.75,0.55,none,0.0,1040.0
hot_weather,300,sensor_drift,338.0,113.83228198158815,113.6072131910876,653.821943550144,1675.322709016175,67.16703375079547,60.936264151192354,8.350747640409399,0.08489347488257593,13.074487998116467,20.082900468457613,0.6129715484963251,2500.0,13.75,0.55,none,0.0,1039.0
hot_weather,300,sensor_drift,339.0,113.73019844492747,113.08171933783288,659.3241533335425,1683.226656104219,67.23675453362605,60.81040015686419,8.35074758337679,0.24952758083498425,13.074846235435485,19.987805638294564,0.6135952533844377,2500.0,13.75,0.55,none,0.0,1038.0
hot_weather,300,sensor_drift,340.0,113.63054546317493,112.41489175182869,660.8261045075577,1688.7656724066817,67.565109095951,60.366766466746775,8.350747544166875,0.17362068146976883,13.03328432792443,19.8936057731838,0.6142041081897003,2500.0,13.75,0.55,none,0.0,1037.0
hot_weather,300,sensor_drift,341.0,113.53326516769074,113.59006909798323,660.0271640852883,1686.252687220771,66.56270891087257,60.19320555393642,8.350747517210056,0.2467049896361831,13.00398549363909,20.276667799920297,0.6147984664750348,2500.0,13.75,0.55,none,0.0,1036.0
hot_weather,300,sensor_drift,342.0,113.4383010671239,112.56147224605658,661.9013775052778,1681.9678944531365,67.66754016917896,59.69922057340717,8.350747498677245,0.27375111116271555,13.024693429698853,20.225697884842983,0.6153786733884731,2500.0,13.75,0.55,none,0.0,1035.0
hot_weather,300,sensor_drift,343.0,113.34559801478704,112.81652887911045,657.9556793995713,1675.180086592408,66.74967323152465,58.63069959379665,8.350747485935935,0.21488238497554682,13.036865700367853,19.999854164816746,0.6159450658624881,2500.0,13.75,0.55,none,0.0,1034.0
hot_weather,300,sensor_drift,344.0,113.25510217675586,113.4535927214031,662.5251212563135,1680.5531391169288,67.51389716929926,60.17353005355043,8.350747477176284,0.21167636485246566,13.05375962288676,20.094849458385237,0.6164979728088992,2500.0,13.75,0.55,none,0.0,1033.0
hot_weather,300,sensor_drift,345.0,113.16676100069195,113.25815148980601,666.203750336352,1675.710763935875,66.82299415307524,60.31485758579897,8.350747471154026,0.1482532932278412,12.938631041528811,20.086945517899114,0.6170377153093556,2500.0,13.75,0.55,none,0.0,1032.0
hot_weather,300,sensor_drift,346.0,113.08052318538334,113.63557366863714,655.7031626082206,1683.8033124547526,66.88404941411832,59.679409122170355,8.350747467013724,0.16475470027335568,13.042161673728605,19.933485588099266,0.6175646068014375,2500.0,13.75,0.55,none,0.0,1031.0
hot_weather,300,sensor_drift,347.0,112.99633865099317,112.45565156017544,662.6773666668424,1678.9416339254344,67.99235239670703,59.87876644302157,8.350747464167267,0.3125757924291936,13.043554663033403,20.3908548394322,0.6180789532604278,2500.0,13.75,0.55,none,0.0,1030.0
hot_weather,300,sensor_drift,348.0,112.91415851000502,112.86170571484504,656.2989138390268,1687.529802156108,68.07842627075095,59.170271203374085,8.350747462210325,0.14901192291540272,12.972858923535663,20.155386439180866,0.6185810533768301,2500.0,13.75,0.55,none,0.0,1029.0
hot_weather,300,sensor_drift,349.0,112.83393503885208,113.15152440205502,658.1701033069232,1683.1950022554881,67.20925299744218,60.435910002954,8.35074746086493,0.23938897015272442,12.882576799531085,19.98205103694905,0.6190711987297068,2500.0,13.75,0.55,none,0.0,1028.0
hot_weather,300,sensor_drift,350.0,112.75562165021616,113.11396670224006,658.7760269756341,1683.148808434428,68.21299177519013,60.13442384625292,8.350747459939969,0.12708798988637132,13.101873105342959,19.995357080060042,0.6195496739559251,2500.0,13.75,0.55,none,0.0,1027.0
hot_weather,300,sensor_drift,351.0,112.67917286598255,111.93793249054158,658.4672884290335,1691.161103858,67.58872568769678,59.12722291779355,8.35074745930406,0.1445869188489199,12.925717691039802,19.89319089068878,0.6200167569153964,2500.0,13.75,0.55,none,0.0,1026.0
hot_weather,300,sensor_drift,352.0,112.60454429083617,111.59636588369463,655.0430781466852,1686.235126178689,67.89176301285566,59.76704245181107,8.35074745886687,0.17207851685340633,12.906447151869065,20.028984656024264,0.620472718852397,2500.0,13.75,0.55,none,0.0,1025.0
hot_weather,300,sensor_drift,353.0,112.53169258648454,113.21727546749527,658.2916542603956,1681.051805684718,67.3391772317115,58.971581708815286,8.350747458566303,0.15355825970638817,12.94659478284778,20.009731272221128,0.6209178245530593,2500.0,13.75,0.55,none,0.0,1024.0
hot_weather,300,sensor_drift,354.0,112.46057544649331,112.50628205170841,656.458997802487,1682.5524651627252,68.15317692560916,60.05288943648808,8.350747458359663,0.1598199217320406,12.966926744746035,20.212372554570965,0.6213523324991208,2500.0,13.75,0.55,none,0.0,1023.0
hot_weather,300,sensor_drift,355.0,112.39115157172007,112.53192686279978,654.4770313935944,1677.7911072007994,66.89359197220634,59.99302390675623,8.3507474582176,0.19191253279702525,13.013230376199898,20.064208728678874,0.6217764950180166,2500.0,13.75,0.55,none,0.0,1022.0
hot_weather,300,sensor_drift,356.0,112.32338064633254,111.67801295104766,656.5343278556337,1695.4182021741203,66.90405226580485,59.23187964861195,8.35074745811993,0.22621382297710788,13.046654600408095,19.656746705061373,0.6221905584294031,2500.0,13.75,0.55,none,0.0,1021.0
hot_weather,300,sensor_drift,357.0,112.25722331439721,112.49640635286853,657.4585205125708,1682.8956573712494,67.54195315324557,58.35896901885828,8.350747458052782,0.2906143796706399,13.027550312155455,20.23352380357972,0.622594763188195,2500.0,13.75,0.55,none,0.0,1020.0
hot_weather,300,sensor_drift,358.0,112.1926411570253,111.93826477228318,651.337421441337,1675.9540850591748,68.11620907564837,58.581547885171766,8.350747458006618,0.12770430529527949,12.989096196656691,19.91087274209654,0.6229893440241979,2500.0,13.75,0.55,none,0.0,1019.0
hot_weather,300,sensor_drift,359.0,112.12959667006257,111.61670274642753,659.5216493765729,1675.5575807793348,67.83209521168634,57.93399187550713,8.35074745797488,0.21376706529848055,12.926457085400127,19.95637154805249,0.6233745300784185,2500.0,13.75,0.55,none,0.0,1018.0
hot_weather,300,sensor_drift,360.0,112.06805324231019,112.37609451510733,663.6634164067415,1682.7652769473143,67.16504119904933,59.53489503046249,8.35074745795306,0.17462689042423946,13.048701101727332,20.242050993563375,0.6237505450361286,2500.0,13.75,0.55,none,0.0,1017.0
hot_weather,300,sensor_drift,361.0,112.00797513426409,112.00023664335447,659.5535668217641,1680.2922333487213,66.85124644271086,59.02124296014925,8.35074745793806,0.40382645814792206,13.041079651151932,19.943156792877485,0.6241176072567634,2500.0,13.75,0.55,none,0.0,1016.0
hot_weather,300,sensor_drift,362.0,111.9493274573605,112.21710786173561,653.7524165837297,1678.6840811899801,67.68324281727638,58.73059743401137,8.350747457927746,0.13181850804304554,13.01649372034032,19.929087048894576,0.624475929900725,2500.0,13.75,0.55,none,0.0,1015.0
hot_weather,300,sensor_drift,363.0,111.89207615371552,112.5503479649674,653.8096545628146,1692.8573553703,67.89609838182545,58.17555993208246,8.350747457920654,0.22655962021641685,13.01811732651984,20.206804266102555,0.6248257210531699,2500.0,13.75,0.55,none,0.0,1014.0
hot_weather,300,sensor_drift,364.0,111.83618797634713,111.31845345552338,650.4979736639033,1684.7704695968325,68.30110795594263,58.76798683958326,8.350747457915782,0.12724865241199051,13.029848188819239,19.859601677065317,0.6251671838448465,2500.0,13.75,0.55,none,0.0,1013.0
hot_weather,300,sensor_drift,365.0,111.78163046986799,112.5655073852688,658.8242866159752,1671.1722973799808,68.13505460668601,59.67381320313306,8.35074745791243,0.1320730182365028,13.019484211905285,20.090640922229177,0.6255005165700573,2500.0,13.75,0.55,none,0.0,1012.0
hot_weather,300,sensor_drift,366.0,111.72837195163804,112.25214061405258,657.467752338267,1677.3464647546089,68.4344543866222,58.16401136237352,8.350747457910126,0.21472632478857037,13.013290535031235,19.985506401454685,0.6258259128018129,2500.0,13.75,0.55,none,0.0,1011.0
hot_weather,300,sensor_drift,367.0,111.67638149336572,111.20856123385431,656.1946605573683,1690.9496590472972,67.53301504776744,57.58670022158742,8.350747457908543,0.10754600829804378,13.037390508074736,20.02545599786851,0.626143561504242,2500.0,13.75,0.55,none,0.0,1010.0
hot_weather,300,sensor_drift,368.0,111.62562890314736,111.42401350481653,658.4910632770891,1683.1667350441535,68.04181312603998,58.19438611081409,8.350747457907454,0.142631208639899,13.009990165327933,19.57875448164653,0.6264536471423288,2500.0,13.75,0.55,none,0.0,1009.0
hot_weather,300,sensor_drift,369.0,111.57608470793409,111.03839811873661,659.5333582626112,1686.8527486577966,68.01456411879614,58.13584514737328,8.350747457906705,0.11467916171098154,13.021423984475424,20.139659277766697,0.6267563497890329,2500.0,13.75,0.55,none,0.0,1008.0
hot_weather,300,sensor_drift,370.0,111.52772013641629,111.8549298999327,655.9308151143205,1687.3892557965737,66.96286710724678,58.9714542751647,8.350747457906191,0.289106881431233,13.04674673858198,20.11676500805667,0.6270518452298639,2500.0,13.75,0.55,none,0.0,1007.0
hot_weather,300,sensor_drift,371.0,111.48050710231554,110.93534486084374,655.7747273785972,1681.2781885243294,68.39417348199751,59.07364646457706,8.350747457905836,0.26371358304296,12.966749534655191,19.934838491664408,0.6273403050649609,2500.0,13.75,0.55,none,0.0,1006.0
hot_weather,300,sensor_drift,372.0,111.4344181880743,111.31833382701559,658.8499574938867,1684.3558234463499,67.82314417196393,58.66548460482297,8.350747457905593,0.24493948088347356,13.05510544435877,19.835794293990737,0.6276218968087462,2500.0,13.75,0.55,none,0.0,1005.0
hot_weather,300,sensor_drift,373.0,111.38942662893402,111.75251391507724,656.9330914188016,1674.8251012461842,67.6930902999672,57.863073709908264,8.350747457905426,0.2177793539372222,13.04319051240668,20.01355572853117,0.6278967839872036,2500.0,13.75,0.55,none,0.0,1004.0
hot_weather,300,sensor_drift,374.0,111.34550629739229,111.88447772367758,658.3400544019769,1682.3998241591905,67.5130326995063,57.369390201075504,8.35074745790531,0.1475067973448058,13.017985918108568,20.06987802961615,0.6281651262328407,2500.0,13.75,0.55,none,0.0,1003.0
hot_weather,300,sensor_drift,375.0,111.30263168803012,111.7973527843348,655.5940884562366,1676.6414941766873,68.11631535968486,58.115337541916084,8.350747457905232,0.16086914198005153,13.041144615350571,19.813427216232135,0.6284270793773913,2500.0,13.75,0.55,none,0.0,1002.0
hot_weather,300,sensor_drift,376.0,111.26077790270037,111.19579285150839,654.3521124622335,1681.7665148259875,66.64134795965641,58.02497957427809,8.350747457905177,0.12803481568321423,13.079090596104221,19.80127690617491,0.6286827955423098,2500.0,13.75,0.55,none,0.0,1001.0
hot_weather,300,sensor_drift,377.0,111.21992063606895,111.1760395956252,660.0292931085474,1686.9351222461823,67.08003145814824,57.36881243738575,8.35074745790514,0.19414571560656158,12.93570655422079,19.838369811021447,0.6289324232271111,2500.0,13.75,0.55,none,0.0,1000.0
hot_weather,300,sensor_drift,378.0,111.18003616150017,110.89483526516706,654.9961923127188,1681.2435647025745,67.81739983534298,58.03326179855594,8.350747457905115,0.2086700499002322,13.015529477083076,20.122195518811303,0.6291761073956076,2500.0,13.75,0.55,none,0.0,999.0
hot_weather,300,sensor_drift,379.0,111.14110131727827,110.68739849349241,656.0561848264593,1678.684980201619,68.73965010619247,57.97144742211747,8.350747457905095,0.10235267050891571,13.015494099979081,20.278460398811102,0.6294139895600924,2500.0,13.75,0.55,none,0.0,998.0
hot_weather,300,sensor_drift,380.0,111.10309349315689,111.00357807698572,657.4546553773744,1683.7320061117616,66.70997746132308,58.74704658948754,8.350747457905083,0.12652147635631483,13.005576409289164,19.876992442248746,0.6296462078635179,2500.0,13.75,0.55,none,0.0,997.0
hot_weather,300,sensor_drift,381.0,111.06599061722888,111.37257899672252,655.9707878015108,1686.2356233107655,67.66547137477485,58.40492549049852,8.350747457905076,0.18683745410475097,12.991025153868188,19.949393560362196,0.6298728971597192,2500.0,13.75,0.55,none,0.0,996.0
hot_weather,300,sensor_drift,382.0,111.02977114310868,110.6481603763036,660.3059697985566,1675.40934845154,67.37694787393585,57.4452185369261,8.35074745790507,0.2192094551168572,13.025148409148342,20.147330851115818,0.6300941890917251,2500.0,13.75,0.55,none,0.0,995.0
hot_weather,300,sensor_drift,383.0,110.9944140374199,112.20489503925607,655.7469149029635,1677.9987665063074,67.59118534887746,57.35707754449364,8.350747457905067,0.1139475954360153,13.023789103736032,20.45420070998105,0.6303102121682072,2500.0,13.75,0.55,none,0.0,994.0
hot_weather,300,sensor_drift,384.0,110.95989876758085,110.9937831207945,652.1369398525621,1687.0051727398215,67.92313540551503,57.66018768719465,8.350747457905062,0.18697326070398923,13.138428368327201,20.16587336853111,0.6305210918381061,2500.0,13.75,0.55,none,0.0,993.0
hot_weather,300,sensor_drift,385.0,110.92620528988084,111.20640833441533,653.7894509542018,1680.9562782435373,68.605236323254,57.416466643257785,8.350747457905062,0.21285182256856355,13.050193405167656,20.346361853285448,0.6307269505634838,2500.0,13.75,0.55,none,0.0,992.0
hot_weather,300,sensor_drift,386.0,110.89331403784034,110.26433890344505,659.7604237735756,1680.2928827004182,68.06067354159342,57.012435017017474,8.35074745790506,0.18290685493025083,13.083679172031019,19.987984392881277,0.6309279078906384,2500.0,13.75,0.55,none,0.0,991.0
hot_weather,300,sensor_drift,387.0,110.86120591084843,110.1072256180874,660.9708016869737,1681.5027968666075,67.2679472428334,57.59856049943743,8.350747457905058,0.19180446984188404,13.061030560542077,19.973972954703854,0.6311240805195272,2500.0,13.75,0.55,none,0.0,990.0
hot_weather,300,sensor_drift,388.0,110.82986226307061,111.34293183014643,657.2994798417889,1680.5763098061225,67.45725458129291,57.507394261832204,8.350747457905058,0.2012963413910129,13.020736390584949,19.935560613825906,0.6313155823715376,2500.0,13.75,0.55,none,0.0,989.0
hot_weather,300,sensor_drift,389.0,110.79926489262084,110.97684037027045,654.6870820793522,1680.3031451691877,68.09037644762877,57.94013288722378,8.350747457905058,0.19531045871979139,13.02685655867146,19.901231521857568,0.6315025246556432,2500.0,13.75,0.55,none,0.0,988.0
hot_weather,300,sensor_drift,390.0,110.7693960309913,110.6410259623313,652.9585459356234,1688.6483094643845,66.94374033317011,56.91617557221021,8.350747457905058,0.24758685677134332,12.990830717990029,20.208266192238188,0.6316850159329842,2500.0,13.75,0.55,none,0.0,987.0
hot_weather,300,sensor_drift,391.0,110.7402383327339,111.28931456944295,651.4935382345064,1692.5623639678458,67.65077759035833,57.468992030134274,8.350747457905058,0.1976260051231029,13.064884840934804,19.969356747234585,0.6318631621799123,2500.0,13.75,0.55,none,0.0,986.0
hot_weather,300,sensor_drift,392.0,110.71177486538738,111.32100533595575,652.900819680344,1682.0996603506348,67.50054172552176,57.595155832918586,8.350747457905058,0.22705511296742434,12.987966755443793,20.332386175149658,0.6320370668495328,2500.0,13.75,0.55,none,0.0,985.0
hot_weather,300,sensor_drift,393.0,110.68398909964435,110.79430107007258,655.6459401598379,1676.9225367728313,67.67979226375265,56.95430176043655,8.350747457905058,0.2128221591919553,13.096670440641006,19.99430172395495,0.6322068309317812,2500.0,13.75,0.55,none,0.0,984.0
hot_weather,300,sensor_drift,394.0,110.65686489975235,110.93296203000118,654.2077732949922,1682.5644036967674,67.94800390647096,57.43611697131328,8.350747457905058,0.21112676549604537,13.07345033169001,19.69050457491006,0.6323725530120714,2500.0,13.75,0.55,none,0.0,983.0
hot_weather,300,sensor_drift,395.0,110.63038651414348,109.73624346746553,655.1122357909682,1689.1778298537427,67.97771763548853,56.55148305012269,8.350747457905058,0.13398109453144819,12.991023021025478,20.034495284347,0.6325343293285451,2500.0,13.75,0.55,none,0.0,982.0
hot_weather,300,sensor_drift,396.0,110.6045385662872,110.18779907275943,648.7068108560002,1688.079075118494,67.85246499448927,56.903268821381175,8.350747457905058,0.17442262784564705,13.149486727816372,20.255832851917173,0.63269225382796,2500.0,13.75,0.55,none,0.0,981.0
hot_weather,300,sensor_drift,397.0,110.57930604576084,110.1453571561363,649.8924750966958,1678.5863105594083,67.17950915029155,56.11960676417688,8.350747457905058,0.19846584642880716,13.10330661031498,20.049023404095863,0.632846418220246,2500.0,13.75,0.55,none,0.0,980.0
hot_weather,300,sensor_drift,398.0,110.55467429953273,109.69766382285589,650.8794225052033,1688.636619816465,66.71886907293847,57.15350404403711,8.350747457905058,0.20198018641562804,13.053145269051717,20.127182871687143,0.6329969120317631,2500.0,13.75,0.55,none,0.0,979.0
hot_weather,300,sensor_drift,399.0,110.53062902345292,109.92341782661109,656.3830530467891,1689.614368547733,67.56789172653026,57.44428316454889,8.350747457905058,0.10430366985100874,12.98128185093243,19.45811513571256,0.6331438226572917,2500.0,13.75,0.55,none,0.0,978.0
hot_weather,300,sensor_drift,400.0,110.50715625394642,110.96472541446887,651.0229031508212,1683.7125846062593,66.7317067068907,56.662846748455465,8.350747457905058,0.2917872489165555,12.996545074302404,20.08957173136082,0.6332872354107841,2500.0,13.75,0.55,none,0.0,977.0
hot_weather,300,sensor_drift,401.0,110.48424235990436,109.11989747745501,657.1692940355473,1674.0795178137816,68.31921609075877,56.031486820051775,8.350747457905058,0.17608292718866211,12.993788800169401,20.05843839747301,0.6334272335749076,2500.0,13.75,0.55,none,0.0,976.0
hot_weather,300,sensor_drift,402.0,110.46187403476806,110.70677443822036,659.7168774759209,1680.4450090411867,68.20119519892096,56.5090153936688,8.350747457905058,0.18776650387456637,12.943256533472908,19.9302727305708,0.6335638984494092,2500.0,13.75,0.55,none,0.0,975.0
hot_weather,300,sensor_drift,403.0,110.44003828880167,110.22188637030543,652.9258526557012,1683.7549487178876,67.8536415372188,55.81048977563314,8.350747457905058,0.30018778101121113,13.05343595124351,19.893975361163918,0.6336973093983272,2500.0,13.75,0.55,none,0.0,974.0
hot_weather,300,sensor_drift,404.0,110.41872244154878,109.91992556844299,652.0776645606895,1679.0827810287153,67.48653763014728,56.59597730385316,8.350747457905058,0.27027866251038385,12.987145947564539,19.824062343893207,0.6338275438960805,2500.0,13.75,0.55,none,0.0,973.0
hot_weather,300,sensor_drift,405.0,110.39791411446858,109.91598613245777,659.0032539044876,1680.2027670375867,67.33040049579046,57.10613684181995,8.350747457905058,0.16676716651989634,12.988679653828518,20.07581513066077,0.6339546775724589,2500.0,13.75,0.55,none,0.0,972.0
hot_weather,300,sensor_drift,406.0,110.37760122374742,110.47431879798458,653.797536523406,1688.3391559102813,67.0737496023049,57.155901643546215,8.350747457905058,0.1988770386231668,12.910444574409329,20.648420720974663,0.6340787842565425,2500.0,13.75,0.55,none,0.0,971.0
hot_weather,300,sensor_drift,407.0,110.35777197328153,110.8376320741222,654.8493880869647,1676.8663409292528,66.96798003874459,57.17712828020508,8.350747457905058,0.22673803354957034,13.06388773086425,20.037870245181452,0.6341999360195765,2500.0,13.75,0.55,none,0.0,970.0
hot_weather,300,sensor_drift,408.0,110.33841484782673,110.7899124942686,650.4095340832453,1686.3997830827282,67.55154313746722,56.325282293573416,8.350747457905058,0.2364357780651733,12.953885722801504,19.89592286966309,0.634318203216824,2500.0,13.75,0.55,none,0.0,969.0
hot_weather,300,sensor_drift,409.0,110.31951860631133,109.73838337355643,657.1129129214902,1684.5551851274352,67.512801069585,56.44506374490815,8.350747457905058,0.15666700816553383,13.167602719538564,20.008506075046217,0.6344336545284226,2500.0,13.75,0.55,none,0.0,968.0
hot_weather,300,sensor_drift,410.0,110.30107227530821,110.03919695758039,661.9829364658999,1687.8336533906947,68.06402506564797,56.93797005901815,8.350747457905058,0.20049619616290623,13.068696450855143,20.131992775483447,0.6345463569992689,2500.0,13.75,0.55,none,0.0,967.0
hot_weather,300,sensor_drift,411.0,110.28306514266231,110.59976970411799,658.9032023949869,1679.1396772728274,67.3036791000964,56.7431605327742,8.350747457905058,0.23770788728079528,12.988459263269398,20.150711703354364,0.6346563760779522,2500.0,13.75,0.55,none,0.0,966.0
hot_weather,300,sensor_drift,412.0,110.26548675126988,110.71448282575953,656.3094842127873,1673.7059671295026,67.7091871476841,55.80818403967974,8.350747457905058,0.32996533779662673,13.034244753732889,19.869448161799635,0.6347637756547622,2500.0,13.75,0.55,none,0.0,965.0
hot_weather,300,sensor_drift,413.0,110.24832689300584,109.93318685382145,653.6629387768135,1678.7933829751796,67.9424389514819,57.465622907809106,8.350747457905058,0.1419925444000611,13.02025328865722,20.158894805194464,0.6348686180987909,2500.0,13.75,0.55,none,0.0,964.0
hot_weather,300,sensor_drift,414.0,110.2315756027957,110.18911413573215,656.0824637822088,1676.7554678917206,68.17715297805346,56.291369457348296,8.350747457905058,0.19961555932159533,13.128524669535134,20.0263837705393,0.6349709642941523,2500.0,13.75,0.55,none,0.0,963.0
hot_weather,300,sensor_drift,415.0,110.21522315282866,110.15914533649052,656.1106097622254,1679.5865041738064,66.68614298530525,57.489900014046775,8.350747457905058,0.15915615626015706,13.073514844336389,20.156229012810545,0.6350708736753384,2500.0,13.75,0.55,none,0.0,962.0
hot_weather,300,sensor_drift,416.0,110.19926004690845,110.28152727025116,654.5592084941829,1676.834442236827,66.66027670423054,56.60921761565054,8.350747457905058,0.17951151328826917,13.015754696454387,19.97754728615788,0.6351684042617344,2500.0,13.75,0.55,none,0.0,961.0
hot_weather,300,sensor_drift,417.0,110.18367701493872,110.38543074107946,652.6671996234355,1693.9569573944932,67.60587749373438,56.93412702690531,8.350747457905058,0.21350496817013573,13.022036800812272,20.264085204108216,0.6352636126913114,2500.0,13.75,0.55,none,0.0,960.0
hot_weather,300,sensor_drift,418.0,110.16846500753971,110.46421334803038,660.6247398984783,1679.9048705236683,68.84753782506921,57.53977941841583,8.350747457905058,0.22284817442058838,12.990054844694125,19.82946370322729,0.6353565542535176,2500.0,13.75,0.55,none,0.0,959.0
hot_weather,300,sensor_drift,419.0,110.15361519079305,109.72963358452893,651.6496822734874,1687.2991478677422,67.78637518841589,56.26015334768872,8.350747457905058,0.16467827129064677,12.967993056765378,20.199534637490515,0.6354472829213854,2500.0,13.75,0.55,none,0.0,958.0
hot_weather,300,sensor_drift,420.0,110.13911894111179,109.47310028326302,653.5574487744925,1676.1561820004476,67.60379211786231,56.05463389765766,8.350747457905058,0.17197460214998533,13.02938797335993,19.991486541492073,0.6355358513828755,2500.0,13.75,0.55,none,0.0,957.0
hot_weather,300,sensor_drift,421.0,110.12496784023246,110.90706144158754,661.4517415821285,1684.2430503985784,68.11344386304972,55.60244305212654,8.350747457905058,0.1266571973168218,12.940669992333712,19.9487694063869,0.635622311071473,2500.0,13.75,0.55,none,0.0,956.0
hot_weather,300,sensor_drift,422.0,110.11115367032644,109.68321861240207,653.9213358572304,1684.0760944314484,67.67365917866879,56.512952192532694,8.350747457905058,0.19051240415859205,13.01891616486293,20.260694443971637,0.6357067121960563,2500.0,13.75,0.55,none,0.0,955.0
hot_weather,300,sensor_drift,423.0,110.09766840922772,110.29120157658213,647.4928658409069,1680.8792893551656,66.59665179076377,56.48850932897157,8.350747457905058,0.21742232995925234,13.009372672590388,19.893470404399963,0.6357891037700543,2500.0,13.75,0.55,none,0.0,954.0
hot_weather,300,sensor_drift,424.0,110.08450422577421,110.21821775031668,654.7078705354511,1680.6852245605357,66.96887879421455,56.742495271712144,8.350747457905058,0.20269762602710859,13.099440875948783,19.67133608221631,0.6358695336399094,2500.0,13.75,0.55,none,0.0,953.0
hot_weather,300,sensor_drift,425.0,110.07165347526006,109.54939188492038,655.3211204750198,1683.7306772489685,67.45359794608784,55.76068278242677,8.350747457905058,0.19116942365621253,12.936634848915515,19.916467288294836,0.6359480485128631,2500.0,13.75,0.55,none,0.0,952.0
hot_weather,300,sensor_drift,426.0,110.05910869499625,110.0399899865854,657.8994964832049,1686.9243672679781,67.4422604068848,56.354610116585945,8.350747457905058,0.18440430783273454,12.927934313855408,20.12207769335223,0.6360246939840799,2500.0,13.75,0.55,none,0.0,951.0
hot_weather,300,sensor_drift,427.0,110.04686259997682,110.08791909902644,652.4406197536567,1677.672981290709,67.85155147191901,56.05290663870729,8.350747457905058,0.20177511487392957,12.993758984266737,19.717020421842573,0.636099514563125,2500.0,13.75,0.55,none,0.0,950.0
hot_weather,300,sensor_drift,428.0,110.03490807864833,109.39701669320283,658.355825197352,1690.0798768027007,67.84041212682824,56.44958288122841,8.350747457905058,0.1459949252755548,13.062255673074453,20.010304133978078,0.6361725536998117,2500.0,13.75,0.55,none,0.0,949.0
hot_weather,300,sensor_drift,429.0,110.02323818878004,110.08065274463489,654.1085558350132,1680.5532342572246,67.85961790088882,56.41514607090925,8.350747457905058,0.18834043887639512,12.988504027531487,20.13578166777153,0.6362438538094344,2500.0,13.75,0.55,none,0.0,948.0
hot_weather,300,sensor_drift,430.0,110.01184615343243,109.73591506734358,654.8762429997043,1678.6646705535627,66.93575358653305,56.29262081327517,8.350747457905058,0.27500718062427226,12.981049403092094,19.84103126639241,0.6363134562973995,2500.0,13.75,0.55,none,0.0,947.0
hot_weather,300,sensor_drift,431.0,110.00072535702166,110.62894953164049,651.8843069840291,1690.0423858200625,67.53417247905519,56.185262814950384,8.350747457905058,0.2313571963809805,13.04047862681436,19.981935251511764,0.6363814015832702,2500.0,13.75,0.55,none,0.0,946.0
hot_weather,300,sensor_drift,432.0,109.98986934147781,110.61152370228238,656.4154178410588,1686.7536308977003,67.94071592207558,55.535433648491434,8.350747457905058,0.177202637156889,12.990130818057734,20.079570330830585,0.6364477291242392,2500.0,13.75,0.55,none,0.0,945.0
hot_weather,300,sensor_drift,433.0,109.97927180249454,109.88890153635043,654.9549466087743,1691.6409683226627,67.49005512262009,56.16183483352134,8.350747457905058,0.19643300318270948,13.038661653314872,20.20005238906265,0.6365124774380423,2500.0,13.75,0.55,none,0.0,944.0
hot_weather,300,sensor_drift,434.0,109.968926585868,109.55110056294605,659.4569022262425,1681.5313596273309,67.6174653830641,55.34004205614659,8.350747457905058,0.21769120588756974,13.048054468015593,20.01253281053825,0.6365756841253263,2500.0,13.75,0.55,none,0.0,943.0
hot_weather,300,sensor_drift,435.0,109.95882768392305,109.59155152978072,653.9794856225185,1681.109415851565,67.55031144322734,55.58906608074849,8.350747457905058,0.17098987111156977,13.01919452961205,20.23509928709261,0.6366373858914844,2500.0,13.75,0.55,none,0.0,942.0
hot_weather,300,sensor_drift,436.0,109.94896923202441,109.5655572937024,654.1306506117844,1672.9393441017316,67.50252932990071,56.22768191156172,8.350747457905058,0.1750482778353872,13.073293657514917,19.994548911565904,0.6366976185679721,2500.0,13.75,0.55,none,0.0,941.0
hot_weather,300,sensor_drift,437.0,109.93934550517098,109.98100418193617,651.7093095373367,1675.5166692366852,67.83513031140015,56.43957694486213,8.350747457905058,0.236827071575607,12.967188143951356,20.25400768889413,0.6367564171331149,2500.0,13.75,0.55,none,0.0,940.0
hot_weather,300,sensor_drift,438.0,109.9299509146712,109.9980971131306,654.7214519472509,1675.3402036681791,67.4234484379598,55.284505138935444,8.350747457905058,0.1676483558588013,12.939438584325513,20.25490600633906,0.6368138157324209,2500.0,13.75,0.55,none,0.0,939.0
hot_weather,300,sensor_drift,439.0,109.9207800048976,110.51120496644023,653.2781375092851,1686.84215894026,68.29976141214316,56.617026307518586,8.350747457905058,0.17122339216002394,12.996576677534836,20.081561491367193,0.6368698476984103,2500.0,13.75,0.55,none,0.0,938.0
hot_weather,300,sensor_drift,440.0,109.91182745011861,109.48434142844735,651.2118289647759,1684.6470406552633,67.23203042327472,55.774403371061624,8.350747457905058,0.20300769357309725,13.001633774614056,20.050232977793414,0.636924545569971,2500.0,13.75,0.55,none,0.0,937.0
hot_weather,300,sensor_drift,441.0,109.90308805140579,110.1327293689321,655.5727853932934,1682.0315504680661,68.04431672075113,56.78742540392267,8.350747457905058,0.21598890572483664,13.047900794616165,20.332677187204045,0.6369779411112567,2500.0,13.75,0.55,none,0.0,936.0
hot_weather,300,sensor_drift,442.0,109.8945567336147,109.67360592683765,655.540560951259,1678.7007182581665,67.4923020608157,55.555383934565484,8.350747457905058,0.1621733913662397,12.998525246318673,19.906852032402295,0.6370300653301308,2500.0,13.75,0.55,none,0.0,935.0
hot_weather,300,sensor_drift,443.0,109.88622854243769,109.75752191721878,649.4108189627013,1686.8092491559855,67.64793946456697,56.27356819887719,8.350747457905058,0.13881888674967235,12.967410958669493,20.150055360032226,0.6370809484961747,2500.0,13.75,0.55,none,0.0,934.0
hot_weather,300,sensor_drift,444.0,109.87809864152679,109.42259499628943,658.4967533820538,1676.9889719255623,67.65612839052969,56.1817146920999,8.350747457905058,0.28216098331718453,12.956746434839031,19.74575947505972,0.6371306201582649,2500.0,13.75,0.55,none,0.0,933.0
hot_weather,300,sensor_drift,445.0,109.8701623096852,109.50123109704478,653.4492703134612,1687.512534675084,67.70796299114903,55.94189173734755,8.350747457905058,0.19801845211248725,13.12409168394746,20.068075207337596,0.6371791091617343,2500.0,13.75,0.55,none,0.0,932.0
hot_weather,300,sensor_drift,446.0,109.86241493812555,109.92347742951046,653.650394222006,1681.991763830383,67.44131638597356,55.66143554799213,8.350747457905058,0.23548868687840624,12.897425649020109,20.080935245009456,0.6372264436651207,2500.0,13.75,0.55,none,0.0,931.0
hot_weather,300,sensor_drift,447.0,109.85485202779351,109.8809607642485,661.0660934038855,1674.3768206703805,67.72097913829182,55.38515170798983,8.350747457905058,0.21905181142629024,13.103680404003264,20.01031468332061,0.6372726511565219,2500.0,13.75,0.55,none,0.0,930.0
hot_weather,300,sensor_drift,448.0,109.84746918675509,109.9164706474625,649.3294182365859,1669.2322376289048,66.30330627765353,55.117364881079716,8.350747457905058,0.24357077440980163,13.020511535770854,19.700648708399353,0.6373177584695563,2500.0,13.75,0.55,none,0.0,929.0
hot_weather,300,sensor_drift,449.0,109.84026212764616,109.38431582460744,657.3104808204955,1680.6743107528816,67.93338508776313,55.79470968228633,8.350747457905058,0.21177578308289974,12.990612475535139,20.006493830392223,0.6373617917989471,2500.0,13.75,0.55,none,0.0,928.0
hot_weather,300,sensor_drift,450.0,109.83322666518268,110.9450215616102,651.5682248191176,1685.8447406238274,68.2530353820608,55.74709488148688,8.350747457905058,0.2781431856233444,12.995161593043063,20.095864514903386,0.6374047767157334,2500.0,13.75,0.55,none,0.0,927.0
hot_weather,300,sensor_drift,451.0,109.82635871373023,109.8036898678582,657.0574431685245,1697.02923169756,68.47544164743218,55.54343710590159,8.350747457905058,0.1771485153121093,12.987349196970426,20.435973762856403,0.6374467381821199,2500.0,13.75,0.55,none,0.0,926.0
hot_weather,300,sensor_drift,452.0,109.81965428493142,109.08643805426092,656.6972348800914,1679.2945085948577,67.71093553145035,55.64565553922081,8.350747457905058,0.10160464836594299,13.053345084233982,20.05701970684794,0.6374877005659736,2500.0,13.75,0.55,none,0.0,925.0
hot_weather,300,sensor_drift,453.0,109.81310948538972,110.31611147700677,654.311073456075,1682.1528876145687,67.55342710489616,55.69680278401636,8.350747457905058,0.22022410501370998,12.967692941465366,20.11307695355778,0.6375276876549735,2500.0,13.75,0.55,none,0.0,924.0
hot_weather,300,sensor_drift,454.0,109.80672051440854,110.59852522945663,652.9685165668725,1683.7222566543658,66.54425767727123,55.53728774542313,8.350747457905058,0.15849301408728525,13.019386565548368,19.845805245026956,0.6375667226704258,2500.0,13.75,0.55,none,0.0,923.0
hot_weather,300,sensor_drift,455.0,109.80048366178406,109.89681218979185,658.8825948296397,1680.483319100044,66.97653646942246,55.32501082114472,8.350747457905058,0.1370307882112312,12.971746840779138,19.988074391821943,0.6376048282807482,2500.0,13.75,0.55,none,0.0,922.0
hot_weather,300,sensor_drift,456.0,109.79439530565062,109.35748875918185,655.7729300906539,1683.087626522163,67.64966457051098,54.60235369421701,8.350747457905058,0.2574460477304261,13.017014723368833,20.20642187595483,0.6376420266146344,2500.0,13.75,0.55,none,0.0,921.0
hot_weather,300,sensor_drift,457.0,109.78845191037752,109.92649653100452,652.1126464785978,1672.177061834972,67.42262496386677,56.53207491781508,8.350747457905058,0.21416914557236943,13.052923368336199,20.170002521740656,0.6376783392739043,2500.0,13.75,0.55,none,0.0,920.0
hot_weather,300,sensor_drift,458.0,109.78265002451568,109.79258259502625,661.5637604828765,1678.9376702051188,67.85574447725953,56.14340071164246,8.350747457905058,0.09764539140060353,12.972835167916202,19.735773582647944,0.6377137873460487,2500.0,13.75,0.55,none,0.0,919.0
hot_weather,300,sensor_drift,459.0,109.7769862787934,109.54197040801081,659.177402275754,1683.5392345192538,67.72798243850329,55.250588244118426,8.350747457905058,0.17648082068282087,13.085822617809548,19.544409344773513,0.6377483914164753,2500.0,13.75,0.55,none,0.0,918.0
hot_weather,300,sensor_drift,460.0,109.77145738415975,109.0154693419876,654.7902060125954,1688.8941701825504,67.56792090256457,55.625883839237744,8.350747457905058,0.2160751712273852,13.017839343231596,19.73325693649601,0.6377821715804632,2500.0,13.75,0.55,none,0.0,917.0
hot_weather,300,sensor_drift,461.0,109.76606012987452,109.47161619506433,653.5223582950298,1685.0801215788056,68.1036274450211,55.248417124993004,8.350747457905058,0.19731732009528835,13.040003285437768,20.23233652601765,0.6378151474548324,2500.0,13.75,0.55,none,0.0,916.0
hot_weather,300,sensor_drift,462.0,109.7607913816437,109.4716558022541,651.2748570272034,1693.1095440374847,67.93096950738584,54.80177854391334,8.350747457905058,0.22019556670711637,12.946309344626325,19.96554993424296,0.6378473381893357,2500.0,13.75,0.55,none,0.0,915.0
hot_weather,300,sensor_drift,463.0,109.75564807979933,110.15947336556646,657.2292564030657,1672.1971692368531,67.39442535113409,54.144353629834946,8.350747457905058,0.19585593015775968,13.02548018796662,19.911288557500228,0.6378787624777794,2500.0,13.75,0.55,none,0.0,914.0
hot_weather,300,sensor_drift,464.0,109.75062723752268,110.28265081012147,659.1916078366924,1688.955891429358,67.51484929676025,56.1436694787434,8.350747457905058,0.19032035511348555,13.015972106369114,19.92743688175588,0.6379094385688792,2500.0,13.75,0.55,none,0.0,913.0
hot_weather,300,sensor_drift,465.0,109.74572593910976,109.11340844183489,653.6152677596834,1686.0501081499433,67.65386478456176,55.79015346039801,8.350747457905058,0.23853495755026635,13.07701391653301,20.02371854687855,0.6379393842768575,2500.0,13.75,0.55,none,0.0,912.0
hot_weather,300,sensor_drift,466.0,109.7409413382781,109.7645507716221,656.0161927630891,1688.3213949454785,68.14760690060477,55.455682728028805,8.350747457905058,0.25314805798206075,12.980912765819832,19.64073225603692,0.6379686169917886,2500.0,13.75,0.55,none,0.0,911.0
hot_weather,300,sensor_drift,467.0,109.73627065651387,109.36095342956156,661.6389920671122,1687.901401855131,67.73783069693063,55.71998326567609,8.350747457905058,0.2850282824363085,13.044464549559041,19.893466876516793,0.6379971536896978,2500.0,13.75,0.55,none,0.0,910.0
hot_weather,300,sensor_drift,468.0,109.7317111814583,109.44833502184105,653.7961653520254,1685.4303055370945,67.45511783168138,55.03903374679089,8.350747457905058,0.2183811046277559,12.94667882951322,20.121169321163404,0.6380250109424186,2500.0,13.75,0.55,none,0.0,909.0
hot_weather,300,sensor_drift,469.0,109.72726026533262,110.5520129122891,655.0120653800801,1678.0258371207192,67.4246532286754,54.776109559863585,8.350747457905058,0.19409038901524306,13.024291268681408,19.838005281273105,0.6380522049272174,2500.0,13.75,0.55,none,0.0,908.0
hot_weather,300,sensor_drift,470.0,109.72291532340041,109.84556390266431,655.9496520363681,1689.528340055989,67.12830131177103,56.411168459370884,8.350747457905058,0.24871264624855258,13.010704470953735,20.164709733346005,0.6380787514361876,2500.0,13.75,0.55,none,0.0,907.0
hot_weather,300,sensor_drift,471.0,109.71867383246659,109.89803297621279,651.4671705158689,1680.1169738137535,66.89757394899442,55.62506414262988,8.350747457905058,0.21313613048287566,13.007255752773089,19.504091985881818,0.6381046658854205,2500.0,13.75,0.55,none,0.0,906.0
hot_weather,300,sensor_drift,472.0,109.71453332941215,110.15301530546262,656.2417303833223,1681.8406984228097,67.46173618049028,55.44053375003059,8.350747457905058,0.24934300755952038,12.984256533837222,19.619600934099633,0.6381299633239574,2500.0,13.75,0.55,none,0.0,905.0
hot_weather,300,sensor_drift,473.0,109.71049140976376,109.98232434875297,655.8808921753531,1683.2512386768312,67.54766848471526,55.405277772244496,8.350747457905058,0.23437248737825564,13.145440578351005,20.260777423784774,0.6381546584425292,2500.0,13.75,0.55,none,0.0,904.0
hot_weather,300,sensor_drift,474.0,109.70654572629748,109.71368981320349,656.4520020205846,1680.5997393580974,67.64702486636551,55.5617386216418,8.350747457905058,0.27237644958758467,12.97315967964838,20.218086951701718,0.6381787655820872,2500.0,13.75,0.55,none,0.0,903.0
hot_weather,300,sensor_drift,475.0,109.70269398767563,109.52930273508872,656.0994525294078,1684.7768454800732,67.44935635743096,54.95631045360638,8.350747457905058,0.14861725208551047,13.061382578776833,19.97512919079033,0.6382022987421321,2500.0,13.75,0.55,none,0.0,902.0
hot_weather,300,sensor_drift,476.0,109.69893395711621,109.83635742523556,656.1966297712972,1686.4235518263858,68.25910090493625,54.85903404857872,8.350747457905058,0.1408914550615529,13.05089633093128,19.862763290934858,0.6382252715888426,2500.0,13.75,0.55,none,0.0,901.0
hot_weather,300,sensor_drift,477.0,109.69526345109392,110.1176524022145,656.1004532753959,1676.976008570991,67.23358761844688,55.346391461407116,8.350747457905058,0.1834314046571634,13.018077409038547,20.184564900583517,0.6382476974630122,2500.0,13.75,0.55,none,0.0,900.0
hot_weather,300,sensor_drift,478.0,109.69168033807216,110.03574834991194,654.5033314258137,1680.9603523709116,67.90991579824318,56.27649828079749,8.350747457905058,0.22569395927849736,12.959059609734066,19.994285175484006,0.6382695893877969,2500.0,13.75,0.55,none,0.0,899.0
hot_weather,300,sensor_drift,479.0,109.6881825372652,110.02133782692935,655.7604864689707,1687.5544888325499,67.96375663085155,54.8465987184083,8.350747457905058,0.18988404439325393,12.96300616591746,19.84520434381219,0.6382909600762772,2500.0,13.75,0.55,none,0.0,898.0
hot_weather,300,sensor_drift,480.0,109.68476801742985,110.35236564598574,658.824320929098,1677.4112277712147,67.85891986574303,55.48501455450358,8.350747457905058,0.27499822547941144,13.024128970273603,20.00593479980068,0.6383118219388413,2500.0,13.75,0.55,none,0.0,897.0
hot_weather,300,sensor_drift,481.0,109.6814347956858,110.60115950038235,651.3160713941211,1683.8202921769964,68.01746296570926,54.99355758908837,8.350747457905058,0.2131663686437473,12.961906974556717,20.01607868060663,0.638332187090392,2500.0,13.75,0.55,none,0.0,896.0
hot_weather,300,sensor_drift,482.0,109.67818093636424,109.41365254681442,659.2816664564733,1683.292371946958,66.68689054338435,54.26813973730572,8.350747457905058,0.20404351900824144,13.033074857502063,20.27082342046868,0.6383520673573819,2500.0,13.75,0.55,none,0.0,895.0
hot_weather,300,sensor_drift,483.0,109.67500454988367,109.68992729577597,653.4116378599734,1691.4744231395825,67.61462738844314,54.500016800263175,8.350747457905058,0.21446417646008012,13.011360350784997,19.95837941438267,0.6383714742846816,2500.0,13.75,0.55,none,0.0,894.0
hot_weather,300,sensor_drift,484.0,109.67190379165262,110.13385331351004,651.2465259839397,1678.1751026681031,67.98270117630074,55.630701364300464,8.350747457905058,0.1943261395767075,12.99669966448559,19.80926174107838,0.6383904191422837,2500.0,13.75,0.55,none,0.0,893.0
hot_weather,300,sensor_drift,485.0,109.66887686099852,110.37405081655622,647.3161752789374,1685.2971908956538,67.22929336710689,55.088259525288265,8.350747457905058,0.19958646501792254,12.992777855092891,19.606198472187884,0.6384089129318475,2500.0,13.75,0.55,none,0.0,892.0
hot_weather,300,sensor_drift,486.0,109.6659220001219,108.89266892411885,655.170561039484,1674.6258371855345,67.95292405962508,55.523667357503406,8.350747457905058,0.19981536678171094,12.98846310461404,20.188371306016396,0.6384269663930886,2500.0,13.75,0.55,none,0.0,891.0
hot_weather,300,sensor_drift,487.0,109.66303749307566,109.1137833139402,655.9975221102553,1679.655991712655,67.28739338447558,55.736314081875484,8.350747457905058,0.21418127374564297,13.04095124544744,20.24116021158423,0.6384445900100143,2500.0,13.75,0.55,none,0.0,890.0
hot_weather,300,sensor_drift,488.0,109.66022166476863,110.06758192631919,651.1658159356957,1685.5365428409211,68.15649445949866,55.264330361125936,8.350747457905058,0.17801350023540982,12.992043702120496,20.117579900407055,0.6384617940170131,2500.0,13.75,0.55,none,0.0,889.0
hot_weather,300,sensor_drift,489.0,109.65747287999271,109.65352734854682,654.0806488820106,1676.6000147914642,67.74760393391016,54.69790701711361,8.350747457905058,0.14392837921744317,13.043558021311975,20.10879712712127,0.6384785884047978,2500.0,13.75,0.55,none,0.0,888.0
hot_weather,300,sensor_drift,490.0,109.65478954247337,109.17553201670916,657.0571430621857,1682.0451196277531,67.71220894385971,55.60171291125175,8.350747457905058,0.19967917908177477,13.076722345319324,19.614524695123855,0.6384949829262067,2500.0,13.75,0.55,none,0.0,887.0
hot_weather,300,sensor_drift,491.0,109.65217009394257,109.88305665773143,649.3504448432071,1685.1773390849753,67.88245821702013,54.73840413864375,8.350747457905058,0.16041110373933176,12.971544980887739,19.781093426456522,0.6385109871018676,2500.0,13.75,0.55,none,0.0,886.0
hot_weather,300,sensor_drift,492.0,109.64961301323395,108.23903554533489,658.0173118747433,1689.9714607955295,66.65405821786044,54.95433024230148,8.350747457905058,0.19455050787792805,13.07760755441785,19.946912390705865,0.6385266102257272,2500.0,13.75,0.55,none,0.0,885.0
hot_weather,300,sensor_drift,493.0,109.64711681539933,108.41753721685436,652.8315934095793,1689.8644544559106,67.99259735397105,54.536673592430915,8.350747457905058,0.1381375617249359,13.030540077240286,20.171083850427042,0.6385418613704472,2500.0,13.75,0.55,none,0.0,884.0
hot_weather,300,sensor_drift,494.0,109.64468005084649,109.50925708585157,657.367161192217,1679.6061367755347,67.20458992310574,55.75938446770029,8.350747457905058,0.1233858333415089,12.99174106809607,20.266733840369458,0.638556749392674,2500.0,13.75,0.55,none,0.0,883.0
hot_weather,300,sensor_drift,495.0,109.6423013044973,109.40178967983485,658.1718542314478,1683.5933685130258,67.79265732945672,54.357242244899645,8.350747457905058,0.1725206390218996,13.07134050740944,20.062285935972973,0.6385712829381809,2500.0,13.75,0.55,none,0.0,882.0
hot_weather,300,sensor_drift,496.0,109.63997919496593,109.35777634428129,658.1589726144707,1683.7308625316386,67.31763323669243,55.30081265309267,8.350747457905058,0.25018252839927774,13.098236519767376,20.237071344066212,0.6385854704468903,2500.0,13.75,0.55,none,0.0,881.0
hot_weather,300,sensor_drift,497.0,109.63771237375674,109.87782343745643,648.8122470712136,1682.8173018984141,67.11066026511257,55.27996807405246,8.350747457905058,0.22649433824516294,12.968526235697533,19.947740951599894,0.638599320157773,2500.0,13.75,0.55,none,0.0,880.0
hot_weather,300,sensor_drift,498.0,109.6354995244811,109.92984486798468,662.6782531546538,1688.0810335549597,67.55563440707095,54.129001565365236,8.350747457905058,0.2310949757350344,13.067434744309686,20.14869498252928,0.6386128401136348,2500.0,13.75,0.55,none,0.0,879.0
hot_weather,300,sensor_drift,499.0,109.63333936209298,110.12348588651508,654.0866920647007,1680.8270850730064,67.48547719752294,54.01823012772899,8.350747457905058,0.2706688334008654,13.066440198095677,19.90969445423707,0.6386260381657858,2500.0,13.75,0.55,none,0.0,878.0
hot_weather,300,sensor_drift,500.0,109.63123063214267,109.10218051639694,654.9788357336963,1679.8949280622924,67.60114856306647,54.53993057075557,8.350747457905058,0.19697029641982125,12.936243302159872,19.668097522988848,0.6386389219785996,2500.0,13.75,0.55,none,0.0,877.0
hot_weather,300,sensor_drift,501.0,109.62917211004833,110.61461858329244,655.3634187200483,1693.2952035972364,67.7031500155633,54.781855453965356,8.350747457905058,0.18931474629535203,13.062170924165029,20.070931060354795,0.6386514990339655,2500.0,13.75,0.55,none,0.0,876.0
hot_weather,300,sensor_drift,502.0,109.6271626003848,109.41105995083933,654.0062632839815,1682.3656613901624,67.61960605404796,54.80840722593762,8.350747457905058,0.17153194961857218,12.981577594431435,20.308054576290814,0.6386637766356322,2500.0,13.75,0.55,none,0.0,875.0
hot_weather,300,sensor_drift,503.0,109.62520093618946,108.93811979344875,653.0346414691584,1683.87806581155,68.1158310803696,55.014995035208756,8.350747457905058,0.31337396572417586,12.967173007312761,19.97530219787315,0.6386757619134498,2500.0,13.75,0.55,none,0.0,874.0
hot_weather,300,sensor_drift,504.0,109.62328597828447,110.72116923270652,653.6132817909881,1682.2208827604097,68.25993929999744,54.46220806536675,8.350747457905058,0.20095064813081467,12.984981959069872,19.922406926964232,0.6386874618275098,2500.0,13.75,0.55,none,0.0,873.0
hot_weather,300,sensor_drift,505.0,109.62141661461531,110.6522486414521,656.8503927048816,1688.9055063902151,67.40951658549332,55.397478307932495,8.350747457905058,0.2500423994001425,12.988638622804011,20.4231107993186,0.6386988831721875,2500.0,13.75,0.55,none,0.0,872.0
hot_weather,300,sensor_drift,506.0,109.61959175960494,109.44397771103068,654.1591130004983,1680.6824228021007,67.69260292618829,55.58552492965045,8.350747457905058,0.2907670485794762,12.960348237544784,19.96085267879714,0.638710032580087,2500.0,13.75,0.55,none,0.0,871.0
hot_weather,300,sensor_drift,507.0,109.6178103535234,109.8617531588064,655.4275373578431,1686.4300003307014,67.87328036046476,55.33245819308479,8.350747457905058,0.2545125113558586,13.010823236711621,20.150565497807065,0.6387209165258938,2500.0,13.75,0.55,none,0.0,870.0
hot_weather,300,sensor_drift,508.0,109.61607136187237,108.85416013575222,647.9131596700278,1688.2301217746135,67.67156874910903,54.022250699636345,8.350747457905058,0.2527522435023788,12.999370795335544,20.026215152342107,0.6387315413301335,2500.0,13.75,0.55,none,0.0,869.0
hot_weather,300,sensor_drift,509.0,109.61437377478445,109.69718549430897,651.476011860517,1672.9935629253284,67.74995347702782,55.322414538823026,8.350747457905058,0.10235426147071665,12.992396925095917,20.032116744733,0.638741913162844,2500.0,13.75,0.55,none,0.0,868.0
hot_weather,300,sensor_drift,510.0,109.61271660643673,109.71008119747623,652.0256022950063,1683.98706636676,67.56706324491043,55.210285634146196,8.350747457905058,0.22019080032450364,13.04386266096212,19.975879721390594,0.6387520380471565,2500.0,13.75,0.55,none,0.0,867.0
hot_weather,300,sensor_drift,511.0,109.61109889447825,109.98487272709912,653.982214592078,1685.1525507525923,67.48787830741098,55.08617807175389,8.350747457905058,0.25549671027899357,12.975871144197026,19.810751319113898,0.6387619218627948,2500.0,13.75,0.55,none,0.0,866.0
hot_weather,300,sensor_drift,512.0,109.60951969947115,108.90009095985178,658.6571861378827,1684.9444600366721,67.23209994404769,54.86742792267919,8.350747457905058,0.23550407843175036,12.960623478868397,20.180814161432842,0.6387715703494894,2500.0,13.75,0.55,none,0.0,865.0
hot_weather,300,sensor_drift,513.0,109.60797810434518,110.20557553624766,655.9479124605584,1680.0251030295294,67.55614429306101,54.357117935102195,8.350747457905058,0.09974483675260554,12.965227921123722,19.952232867040173,0.6387809891103104,2500.0,13.75,0.55,none,0.0,864.0
hot_weather,300,sensor_drift,514.0,109.60647321386506,108.84512256207445,653.5439017963646,1686.4252776036005,68.26121132195598,53.51512268737892,8.350747457905058,0.2956893498311135,12.971627015228707,19.655737772073834,0.6387901836149212,2500.0,13.75,0.55,none,0.0,863.0
hot_weather,300,sensor_drift,515.0,109.60500415411066,110.74509651239626,654.3504417873345,1681.2375114761462,67.42346439392824,54.723348736344725,8.350747457905058,0.2073307395255122,12.99897611953108,19.783852323856284,0.6387991592027558,2500.0,13.75,0.55,none,0.0,862.0
hot_weather,300,sensor_drift,516.0,109.60357007196946,109.24480511826853,650.8194208650091,1679.4184593320358,67.68555870752093,55.529038596309924,8.350747457905058,0.2486700438267516,12.940084398490105,19.678244206448614,0.6388079210861178,2500.0,13.75,0.55,none,0.0,861.0
hot_weather,300,sensor_drift,517.0,109.60217013464114,109.76920603155632,653.2693812068607,1685.352106493752,67.61058084801569,53.479114029831365,8.350747457905058,0.1397146242279675,13.05201163696201,20.142552032886204,0.6388164743532095,2500.0,13.75,0.55,none,0.0,860.0
hot_weather,300,sensor_drift,518.0,109.60080352915398,110.31963596338998,653.6453423548039,1684.5140852007303,67.56775554482846,54.99252068795607,8.350747457905058,0.2212944896771334,13.099384342139361,19.901394337536914,0.6388248239710848,2500.0,13.75,0.55,none,0.0,859.0
hot_weather,300,sensor_drift,519.0,109.5994694618927,109.79637013188163,651.8498555812583,1683.4807098407598,67.45620674849711,54.41177477984376,8.350747457905058,0.2834257452412652,13.02365284619394,20.034865697732904,0.6388329747885344,2500.0,13.75,0.55,none,0.0,858.0
hot_weather,300,sensor_drift,520.0,109.59816715813763,109.13161763213661,651.9859335899279,1685.8904129919965,67.29614353853732,55.49816868134066,8.350747457905058,0.2877898758403007,12.990048168535813,19.53877326714073,0.6388409315389019,2500.0,13.75,0.55,none,0.0,857.0
hot_weather,300,sensor_drift,521.0,109.59689586161483,109.14419408591725,653.4216226937477,1684.2888161528672,67.04376073065471,55.45526307752013,8.350747457905058,0.31450998037930056,12.991826747593656,20.293045207650938,0.6388486988428321,2500.0,13.75,0.55,none,0.0,856.0
hot_weather,300,sensor_drift,522.0,109.59565483405686,110.27307628986081,655.3941198960978,1683.642378233191,68.22598339644067,54.46857467638916,8.350747457905058,0.08458101346352774,13.036436235390926,20.11719973044044,0.6388562812109544,2500.0,13.75,0.55,none,0.0,855.0
hot_weather,300,sensor_drift,523.0,109.59444335477409,110.16543849422555,654.4382060349432,1677.1007049463324,67.06629000114776,55.08476871701303,8.350747457905058,0.21141396037286153,12.942151810157583,19.771881705744622,0.6388636830465023,2500.0,13.75,0.55,none,0.0,854.0
hot_weather,300,sensor_drift,524.0,109.59326072023613,108.49225604127355,649.7897378998389,1689.670631870097,67.70728441977697,54.24602735838866,8.350747457905058,0.23972349697084927,13.014115078033312,20.219760885808785,0.6388709086478706,2500.0,13.75,0.55,none,0.0,853.0
hot_weather,300,sensor_drift,525.0,109.59210624366337,109.14125557249928,655.4520252766084,1685.8148780829729,67.61387778101829,54.2002537367452,8.350747457905058,0.16390397320985414,13.06185620572075,19.98066157382008,0.638877962211111,2500.0,13.75,0.55,none,0.0,852.0
hot_weather,300,sensor_drift,526.0,109.59097925462805,110.49922210077162,654.0939158474628,1681.3117809862833,66.74343542639288,54.899456835885886,8.350747457905058,0.15755778864894804,12.986385443622213,20.22917242893381,0.6388848478323695,2500.0,13.75,0.55,none,0.0,851.0
hot_weather,300,sensor_drift,527.0,109.58987909866501,109.25392796899814,659.5288019401958,1682.6217824840592,68.2312816949164,54.52809479747568,8.350747457905058,0.2675925600679861,12.969000645494235,20.0994798643045,0.6388915695102647,2500.0,13.75,0.55,none,0.0,850.0
hot_weather,300,sensor_drift,528.0,109.58880513689155,108.63230527409243,653.787571880399,1685.9182410260516,67.66039134181392,53.84090608639863,8.350747457905058,0.17662525992110834,13.073676954874355,20.049824613076275,0.6388981311482101,2500.0,13.75,0.55,none,0.0,849.0
hot_weather,300,sensor_drift,529.0,109.58775674563651,109.67312449395321,651.7735807027871,1680.6702610759364,67.43570017998022,54.782886890774954,8.350747457905058,0.13134633201671736,13.127670714535066,19.84964358215116,0.6389045365566807,2500.0,13.75,0.55,none,0.0,848.0
hot_weather,300,sensor_drift,530.0,109.58673331607802,109.12862373560309,656.4913662506171,1681.2245023120645,67.63265568585898,54.97311469495822,8.350747457905058,0.25867859029285933,12.98270241356914,19.732514923244864,0.6389107894554256,2500.0,13.75,0.55,none,0.0,847.0
hot_weather,300,sensor_drift,531.0,109.58573425388998,109.79314726368084,653.7292272790414,1683.5706574728358,67.36601651996803,54.67247221450447,8.350747457905058,0.18644622090162793,13.018789081294754,19.97262586780967,0.638916893475629,2500.0,13.75,0.55,none,0.0,846.0
hot_weather,300,sensor_drift,532.0,109.58475897889689,109.44862211911277,652.0691398052032,1679.8011931271233,66.42733081536531,54.57366408767468,8.350747457905058,0.2269038476198047,13.08412084552697,19.883938041182457,0.638922852162018,2500.0,13.75,0.55,none,0.0,845.0
hot_weather,300,sensor_drift,533.0,109.58380692473696,109.96087639562992,655.3636963743738,1684.8388371006386,67.64389474204928,53.90429075336079,8.350747457905058,0.2035816898993379,13.047789011294007,19.595756855813164,0.6389286689749216,2500.0,13.75,0.55,none,0.0,844.0
hot_weather,300,sensor_drift,534.0,109.58287753853322,110.04987709550939,651.8617577723169,1684.806289862616,67.32909728459104,54.46543888310671,8.350747457905058,0.1950543387828075,13.026388482012218,20.289961969552312,0.6389343472922799,2500.0,13.75,0.55,none,0.0,843.0
hot_weather,300,sensor_drift,535.0,109.58197028057243,109.2796240426085,656.8141858943535,1676.3150815084157,67.35908320343265,54.64979815112624,8.350747457905058,0.1987893039693126,13.04970521165892,20.48365733025097,0.6389398904116058,2500.0,13.75,0.55,none,0.0,842.0
hot_weather,300,sensor_drift,536.0,109.58108462399167,109.99226210138181,657.3124297318465,1693.0808910164064,67.3973053773175,54.4681434830636,8.350747457905058,0.21930394223061495,12.992483552482774,20.28102316652314,0.6389453015519002,2500.0,13.75,0.55,none,0.0,841.0
hot_weather,300,sensor_drift,537.0,109.58022005447235,109.99782967340276,654.880168867615,1677.2618307691014,67.35032106594446,54.704761307825876,8.350747457905058,0.18122438646232175,12.902892749412235,19.999335710275524,0.6389505838555208,2500.0,13.75,0.55,none,0.0,840.0
hot_weather,300,sensor_drift,538.0,109.57937606994157,109.58651912421057,655.9208809808575,1687.9885984631153,67.7745500354647,54.78093332706303,8.350747457905058,0.19370467146881945,13.035087050931299,19.84270490865961,0.6389557403900078,2500.0,13.75,0.55,none,0.0,839.0
hot_weather,300,sensor_drift,539.0,109.57855218028058,109.37110855971287,654.1610818479477,1687.2134121367121,66.77488607463448,55.18124528005231,8.350747457905058,0.1975262788480086,12.989464815826514,19.860264334699945,0.638960774149864,2500.0,13.75,0.55,none,0.0,838.0
hot_weather,300,sensor_drift,540.0,109.57774790704009,110.2392785272723,656.4545644827656,1692.059997860253,67.67947343783769,54.22582506269282,8.350747457905058,0.09830628738501677,13.0212259440882,19.78829787590866,0.6389656880582951,2500.0,13.75,0.55,none,0.0,837.0
hot_weather,300,sensor_drift,541.0,109.57696278316247,109.63381305448709,655.4092939602718,1681.3962836804192,67.2973108374673,54.82110769624825,8.350747457905058,0.21874208795416733,13.036932054226678,20.133747167389682,0.6389704849689064,2500.0,13.75,0.55,none,0.0,836.0
hot_weather,300,sensor_drift,542.0,109.57619635271051,109.5199606241878,662.5915584865716,1680.1020056048446,67.47860231089378,55.331618921982916,8.350747457905058,0.12810774341293168,12.981302930447072,20.233174905013527,0.6389751676673603,2500.0,13.75,0.55,none,0.0,835.0
hot_weather,300,sensor_drift,543.0,109.57544817060264,109.2484077782539,655.8047563197804,1685.9642722566912,68.11407671272788,54.801809588082214,8.350747457905058,0.17429326257757702,13.024865699638095,19.92641613312106,0.6389797388729938,2500.0,13.75,0.55,none,0.0,834.0
hot_weather,300,sensor_drift,544.0,109.57471780235448,109.50359842784162,655.162553018897,1692.119082416663,66.53336643100081,53.98120993425847,8.350747457905058,0.28965151072089085,12.956382690172,19.902670572881377,0.638984201240398,2500.0,13.75,0.55,none,0.0,833.0
hot_weather,300,sensor_drift,545.0,109.57400482382653,108.8939940025449,650.2591281690449,1681.50274645039,67.17172054698983,54.49103816946504,8.350747457905058,0.27438904463297586,12.970707255060352,20.268648030013022,0.6389885573609592,2500.0,13.75,0.55,none,0.0,832.0
hot_weather,300,sensor_drift,546.0,109.5733088209778,109.94996747698427,655.0514314523825,1689.7286830006292,67.6934397827494,54.729797543671836,8.350747457905058,0.21221866637774298,13.050287114348489,19.759897314781984,0.6389928097643642,2500.0,13.75,0.55,none,0.0,831.0
hot_weather,300,sensor_drift,547.0,109.57262938962548,110.27605781782741,651.9584864913662,1687.2603251083187,68.0348641216686,54.30584585440572,8.350747457905058,0.21593063646457694,12.980102178111624,20.10674924014152,0.638996960920069,2500.0,13.75,0.55,none,0.0,830.0
hot_weather,300,sensor_drift,548.0,109.5719661352101,109.70502601667484,653.4747232867691,1680.7796051502598,66.90794762379353,54.12584841587121,8.350747457905058,0.2852481097043015,13.010282051294817,19.898101613777744,0.6390010132387333,2500.0,13.75,0.55,none,0.0,829.0
hot_weather,300,sensor_drift,549.0,109.57131867256653,109.71175617431663,655.2174706059395,1684.3756357383972,68.09413293135236,54.05501892276186,8.350747457905058,0.17655579626551912,13.109158087174777,19.788086021016632,0.6390049690736199,2500.0,13.75,0.55,none,0.0,828.0
hot_weather,300,sensor_drift,550.0,109.57068662570019,109.30542418333916,650.931851278913,1677.6752349575556,67.05793524207621,54.8444196821388,8.350747457905058,0.1330360556474391,13.08916789592465,20.25364644429963,0.6390088307219615,2500.0,13.75,0.55,none,0.0,827.0
hot_weather,300,sensor_drift,551.0,109.57006962756876,110.31558092712945,652.0137030209256,1683.4976886590873,67.59179833826595,54.67378707424943,8.350747457905058,0.18107118920408766,13.044001607488287,19.996466054065195,0.639012600426295,2500.0,13.75,0.55,none,0.0,826.0
hot_weather,300,sensor_drift,552.0,109.56946731986902,110.39005574353669,658.5003716560033,1687.46922382796,66.40123448232194,54.05133846648974,8.350747457905058,0.18974762300012593,13.055663584154223,19.834360054272445,0.6390162803757635,2500.0,13.75,0.55,none,0.0,825.0
hot_weather,300,sensor_drift,553.0,109.5688793528288,109.97268360136012,650.1957332800191,1679.9003677960154,68.36851277016272,54.993847842767046,8.350747457905058,0.21118314606334576,13.054978450512744,20.21782518772123,0.6390198727073876,2500.0,13.75,0.55,none,0.0,824.0
hot_weather,300,sensor_drift,554.0,109.56830538500384,109.14478382498231,649.7540938412739,1688.9586088468004,67.54070318553748,54.028115856141184,8.350747457905058,0.25515137433630264,12.970772756060843,19.974362887171164,0.6390233795073061,2500.0,13.75,0.55,none,0.0,823.0
hot_weather,300,sensor_drift,555.0,109.56774508307946,109.43147325655647,655.5165982330424,1679.1463800557353,68.14471419520898,54.57080354821734,8.350747457905058,0.20654038883503512,13.07597754611183,19.811933703730073,0.6390268028119885,2500.0,13.75,0.55,none,0.0,822.0
hot_weather,300,sensor_drift,556.0,109.5671981216771,109.23161471240151,650.4638662956984,1690.5974470838744,68.09893154947885,55.112393710271284,8.350747457905058,0.24263580574796142,12.988356930371337,20.13091825573839,0.6390301446094167,2500.0,13.75,0.55,none,0.0,821.0
hot_weather,300,sensor_drift,557.0,109.56666418316526,109.94191430821516,654.7971209337559,1679.3818064031743,67.29663233866816,54.87126010990263,8.350747457905058,0.21517662550102382,12.985224531722146,20.10272890310394,0.6390334068402393,2500.0,13.75,0.55,none,0.0,820.0
hot_weather,300,sensor_drift,558.0,109.56614295747514,109.22982905664627,652.1951553125828,1678.6236574671004,67.68412700027602,54.79687386443568,8.350747457905058,0.22135779244964748,12.978252466727984,20.123726863018717,0.6390365913988996,2500.0,13.75,0.55,none,0.0,819.0
hot_weather,300,sensor_drift,559.0,109.5656341419205,109.16219265092072,653.2091885157349,1679.8530404385426,67.50181818779136,54.48789711522661,8.350747457905058,0.18017251342527124,13.039579687194582,20.0801231291841,0.6390397001347345,2500.0,13.75,0.55,none,0.0,818.0
hot_weather,300,sensor_drift,560.0,109.56513744102192,109.2805992013605,657.8823924570594,1680.5419811775387,67.15585430203747,54.254003859202356,8.350747457905058,0.17483925902657946,13.028811137053763,20.145136869552495,0.6390427348530496,2500.0,13.75,0.55,none,0.0,817.0
hot_weather,300,sensor_drift,561.0,109.56465256633521,109.33968270183077,656.5989440892291,1682.0926038639775,67.9547780092037,53.804694178674694,8.350747457905058,0.23585398043154815,13.024753976935314,19.903675550373766,0.6390456973161667,2500.0,13.75,0.55,none,0.0,816.0
hot_weather,300,sensor_drift,562.0,109.5641792362839,109.9808247378524,653.6781200748453,1689.0913415310567,67.44614232779138,54.75565964513348,8.350747457905058,0.21551744834362124,13.005271052583018,20.627491667154704,0.6390485892444476,2500.0,13.75,0.55,none,0.0,815.0
hot_weather,300,sensor_drift,563.0,109.56371717599572,109.59709991469161,656.5489471622944,1687.9292990765464,68.47177602857614,53.5978070810612,8.350747457905058,0.08166366922410853,13.054808502162079,20.11420351778781,0.6390514123172935,2500.0,13.75,0.55,none,0.0,814.0
hot_weather,300,sensor_drift,564.0,109.56326611714297,109.7268017456331,650.3977776270137,1678.730440430562,68.27603532211836,54.337331225507974,8.350747457905058,0.30736209221845384,12.994850042211153,19.801384629235326,0.639054168174119,2500.0,13.75,0.55,none,0.0,813.0
hot_weather,300,sensor_drift,565.0,109.56282579778672,109.92463195317639,656.7539595129805,1679.7276184295645,68.65726016888053,54.46660773658524,8.350747457905058,0.17015894673830426,13.03047395636661,19.948300068201245,0.6390568584153059,2500.0,13.75,0.55,none,0.0,812.0
hot_weather,300,sensor_drift,566.0,109.56239596222466,108.88397335541111,651.9078076618464,1681.055926354578,66.82415355600426,55.5127428201755,8.350747457905058,0.2478808587067166,13.109940797097105,19.770650558872468,0.6390594846031312,2500.0,13.75,0.55,none,0.0,811.0
hot_weather,300,sensor_drift,567.0,109.56197636084264,108.90866797471385,656.8946794019071,1673.4685279559696,68.075568732038,54.09586765719013,8.350747457905058,0.21527122530846834,13.07450992626298,20.161912435613488,0.639062048262675,2500.0,13.75,0.55,none,0.0,810.0
hot_weather,300,sensor_drift,568.0,109.56156674996971,109.24605333751055,660.1278851068196,1678.8738595586005,67.27875382351141,54.7333560768059,8.350747457905058,0.1530974538156132,13.06839448828887,20.061739294469447,0.6390645508827059,2500.0,13.75,0.55,none,0.0,809.0
hot_weather,300,sensor_drift,569.0,109.56116689173663,109.54869956005328,658.4384408646939,1684.4014791254326,67.54352330195991,54.362141602915784,8.350747457905058,0.1407897036325373,13.014289572578308,19.7123390343429,0.6390669939165454,2500.0,13.75,0.55,none,0.0,808.0
hot_weather,300,sensor_drift,570.0,109.56077655393767,109.41742654020247,653.6532166894082,1675.88181523178,67.68663492271166,54.30498591065082,8.350747457905058,0.21352069666885942,13.07381892765107,19.866436980473665,0.6390693787829127,2500.0,13.75,0.55,none,0.0,807.0
hot_weather,300,sensor_drift,571.0,109.56039550989583,109.51661273122586,648.9872820142431,1685.8125133860433,67.83781417101741,53.780967162220826,8.350747457905058,0.24135226819103467,13.008421382087835,20.247782824989073,0.6390717068667473,2500.0,13.75,0.55,none,0.0,806.0
hot_weather,300,sensor_drift,572.0,109.56002353833117,109.3586820125078,657.1806536536218,1670.3716417891164,67.5353350296408,54.635644392901284,8.350747457905058,0.22329688442253254,12.991383145243086,19.949940703216754,0.6390739795200144,2500.0,13.75,0.55,none,0.0,805.0
hot_weather,300,sensor_drift,573.0,109.55966042323233,109.9042447915363,652.5385524776067,1676.1611063982846,67.17137204880022,54.226010273621746,8.350747457905058,0.17128346356340773,12.888266993111127,19.71581947537934,0.6390761980624895,2500.0,13.75,0.55,none,0.0,804.0
hot_weather,300,sensor_drift,574.0,109.55930595373108,109.94677982507949,658.520489676546,1674.3963059459,67.54545674584686,53.72437529609895,8.350747457905058,0.22072757369474458,13.041472642250044,19.922557571905724,0.6390783637825248,2500.0,13.75,0.55,none,0.0,803.0
hot_weather,300,sensor_drift,575.0,109.55895992397987,109.87799864711349,650.8025556139771,1681.2619453481263,67.830016279649,53.341824383951455,8.350747457905058,0.23604211015241341,13.138625204863976,20.211739693064054,0.6390804779377972,2500.0,13.75,0.55,none,0.0,802.0
hot_weather,300,sensor_drift,576.0,109.55862213303226,109.25070782858535,649.988804361481,1685.1373454873,67.19247172750987,54.6381148890808,8.350747457905058,0.20118198287631872,13.05111467432849,19.81957780645668,0.6390825417560395,2500.0,13.75,0.55,none,0.0,801.0
hot_weather,300,sensor_drift,577.0,109.55829238472626,110.52311795996553,655.6639942613847,1688.5830840456415,67.44421766401823,54.705927406702344,8.350747457905058,0.27625213903224927,12.97881919230721,19.90118298763314,0.639084556435752,2500.0,13.75,0.55,none,0.0,800.0
hot_weather,300,sensor_drift,578.0,109.5579704875704,109.3325353008217,649.6591226240388,1686.7716762590694,68.0639637871231,53.764168809813235,8.350747457905058,0.27621100697459183,12.961429310059707,20.00305595098497,0.6390865231469001,2500.0,13.75,0.55,none,0.0,799.0
hot_weather,300,sensor_drift,579.0,109.55765625463253,109.6213082374467,652.5729393486127,1680.1477593043069,67.49638945190883,54.601915289845586,8.350747457905058,0.17247212493292838,12.986988322979874,19.97108907637829,0.6390884430315922,2500.0,13.75,0.55,none,0.0,798.0
hot_weather,300,sensor_drift,580.0,109.55734950343128,108.46237672968469,653.8441936917251,1679.9313257977258,67.43829869387554,54.788715888945724,8.350747457905058,0.2273304405232957,12.962330394873604,19.719154227665808,0.6390903172047441,2500.0,13.75,0.55,none,0.0,797.0
hot_weather,300,sensor_drift,581.0,109.55705005583006,110.21769906557188,651.9156737316542,1677.3947101099589,67.12937804931533,54.33905053680853,8.350747457905058,0.19680538628039992,13.019374820312892,20.016004677624952,0.6390921467547256,2500.0,13.75,0.55,none,0.0,796.0
hot_weather,300,sensor_drift,582.0,109.55675773793364,110.47947677498989,651.426191767326,1689.4985405181199,67.90512953737871,54.71092450645933,8.350747457905058,0.25398449157669745,13.033345270841764,20.127895533317698,0.6390939327439933,2500.0,13.75,0.55,none,0.0,795.0
hot_weather,300,sensor_drift,583.0,109.55647237998713,109.623900804904,655.5079150368426,1681.5876142069842,67.38344617958388,54.12990319576654,8.350747457905058,0.1303194178630115,13.015446584996408,19.925994915982574,0.639095676209707,2500.0,13.75,0.55,none,0.0,794.0
hot_weather,300,sensor_drift,584.0,109.55619381627744,109.83448761936563,651.9442831549817,1686.8832739528048,67.54175855768506,53.87636533165007,8.350747457905058,0.19884033485839922,13.0378367371171,19.986017580552033,0.6390973781643321,2500.0,13.75,0.55,none,0.0,793.0
hot_weather,300,sensor_drift,585.0,109.55592188503702,109.24286257283443,649.8177638661352,1688.469756601624,67.4110676653978,55.09463507207658,8.350747457905058,0.0692193704784341,12.970577372926567,19.732742669187054,0.6390990395962284,2500.0,13.75,0.55,none,0.0,792.0
hot_weather,300,sensor_drift,586.0,109.55565642834995,109.29711137318029,650.8517783355366,1670.6583650754544,68.18075627035176,53.8854641475974,8.350747457905058,0.13257474727845642,12.92508187750105,19.86824558495906,0.6391006614702222,2500.0,13.75,0.55,none,0.0,791.0
hot_weather,300,sensor_drift,587.0,109.55539729206019,108.4111402251987,657.6669643050706,1679.3546155657175,68.075563647419,54.76937880760303,8.350747457905058,0.21218690178389885,12.915835703086831,20.200403711989754,0.6391022447281686,2500.0,13.75,0.55,none,0.0,790.0
hot_weather,300,sensor_drift,588.0,109.5551443256821,109.4290601926099,655.7180184017911,1684.6963200299956,66.96210980988151,54.580287072302816,8.350747457905058,0.2336567932726119,13.05729660975698,19.898647787035166,0.639103790289497,2500.0,13.75,0.55,none,0.0,789.0
hot_weather,300,sensor_drift,589.0,109.554897382313,110.73120215840399,653.4778669442314,1687.3964391848851,67.0198079524804,54.994872574647665,8.350747457905058,0.1728993791942903,13.024599966600338,20.23062394366133,0.6391052990517464,2500.0,13.75,0.55,none,0.0,788.0
hot_weather,300,sensor_drift,590.0,109.55465631854793,109.14685421344103,650.1528976171912,1680.7519576193188,67.46623634713708,54.745975718680725,8.350747457905058,0.11330029404670096,12.994792578690276,20.112023591081567,0.639106771891085,2500.0,13.75,0.55,none,0.0,787.0
hot_weather,300,sensor_drift,591.0,109.55442099439631,109.01984856084304,652.755104664736,1674.0225925234515,68.07692713835503,53.55622861661009,8.350747457905058,0.22167192265525953,13.047309161572784,19.74798674899462,0.6391082096628204,2500.0,13.75,0.55,none,0.0,786.0
hot_weather,300,sensor_drift,592.0,109.55419127320069,110.38004610667583,649.0315005776805,1678.4806678231582,67.59053227312951,54.79190058093487,8.350747457905058,0.21028514355595085,13.051146033198343,19.98125973743621,0.6391096132018954,2500.0,13.75,0.55,none,0.0,785.0
hot_weather,300,sensor_drift,593.0,109.55396702155734,110.02473123189343,656.9993845883575,1681.4804774410254,67.28082151081458,54.49937697141455,8.350747457905058,0.18036837610015435,12.979701732522068,20.141268747762904,0.6391109833233732,2500.0,13.75,0.55,none,0.0,784.0
hot_weather,300,sensor_drift,594.0,109.55374810923884,110.21119551778563,655.495925772435,1684.973106469631,68.21655240360417,54.02450472725337,8.350747457905058,0.1500701949386026,13.066949642936887,20.12666555065963,0.6391123208229113,2500.0,13.75,0.55,none,0.0,783.0
hot_weather,300,sensor_drift,595.0,109.5535344091184,109.59688770830539,660.0008630867404,1683.1178302524934,67.356555067407,55.00294424298507,8.350747457905058,0.10895779698317876,12.974511546281018,20.02197891691639,0.6391136264772221,2500.0,13.75,0.55,none,0.0,782.0
hot_weather,300,sensor_drift,596.0,109.55332579709606,109.73898350864523,656.78943027558,1686.705411684466,68.3659877829344,53.17455334614025,8.350747457905058,0.20262609626649725,13.11450214666503,20.120849390711015,0.6391149010445256,2500.0,13.75,0.55,none,0.0,781.0
hot_weather,300,sensor_drift,597.0,109.55312215202663,108.86525838219885,655.9143098829657,1684.169725911954,67.68625068997615,53.60742431772961,8.350747457905058,0.13691693608007754,13.02873648195552,20.020234766765103,0.6391161452649886,2500.0,13.75,0.55,none,0.0,780.0
hot_weather,300,sensor_drift,598.0,109.55292335564933,109.1870996025353,648.1446393621488,1684.7440239319599,67.76388116737108,54.37321170371622,8.350747457905058,0.1069340779001994,13.040983629954873,20.085105925505957,0.6391173598611548,2500.0,13.75,0.55,none,0.0,779.0
hot_weather,300,sensor_drift,599.0,109.5527292925191,110.41556435499892,648.6690591197708,1676.0076000501363,67.22604476765059,54.280552898796934,8.350747457905058,0.2037485902083104,12.968116875197497,19.777630702633708,0.6391185455383647,2500.0,13.75,0.55,none,0.0,778.0
hot_weather,300,sensor_drift,600.0,109.5525398499396,110.5618806484352,654.9290812339309,1683.8657549563222,67.52780198827207,54.912161407463756,8.350747457905058,0.1754435316947714,12.966980019069524,19.856565818835957,0.6391197029851647,2500.0,13.75,0.55,none,0.0,777.0
hot_weather,300,sensor_drift,601.0,109.55235491789772,109.91556581578651,657.7928626876943,1687.7251661173125,66.77139933355197,54.72038113471918,8.350747457905058,0.21513332957466724,12.987695773238157,19.791641029670306,0.6391208328737077,2500.0,13.75,0.55,none,0.0,776.0
hot_weather,300,sensor_drift,602.0,109.55217438899967,109.7889559689986,652.2435743915592,1683.824284936723,67.34994231638095,54.49479155473321,8.350747457905058,0.16539211542827428,13.104453883978852,20.366933103544145,0.6391219358601425,2500.0,13.75,0.55,none,0.0,775.0
hot_weather,300,sensor_drift,603.0,109.55199815840874,109.33415317750588,652.9686066487892,1679.967326560122,67.01957548830661,52.95808246935855,8.350747457905058,0.18725414108703148,13.050875413738058,19.94035965160846,0.6391230125849955,2500.0,13.75,0.55,none,0.0,774.0
hot_weather,300,sensor_drift,604.0,109.55182612378424,109.55011642955608,660.1145236342634,1679.0191089512632,67.73611401404592,53.941311119712914,8.350747457905058,0.2713566623937495,13.078255097777662,19.97213973672496,0.6391240636735426,2500.0,13.75,0.55,none,0.0,773.0
hot_weather,300,sensor_drift,605.0,109.55165818522224,110.47112192758352,651.7963769504871,1684.6124517055707,66.86523390921201,55.254558400582056,8.350747457905058,0.19381106134465403,13.009657633442231,19.8196642604218,0.6391250897361718,2500.0,13.75,0.55,none,0.0,772.0
hot_weather,300,sensor_drift,606.0,109.55149424519742,110.75270444147542,651.9386717994386,1686.0791686515504,67.49157264616879,53.96963337118955,8.350747457905058,0.23445441437672715,13.021647576797829,20.00751241846433,0.6391260913687384,2500.0,13.75,0.55,none,0.0,771.0
hot_weather,300,sensor_drift,607.0,109.55133420850653,109.85536495996696,652.2822155116096,1682.7376854478312,67.21304957782758,54.42204546098657,8.350747457905058,0.20133753721716727,13.052840128435813,20.132530719977034,0.6391270691529105,2500.0,13.75,0.55,none,0.0,770.0
hot_weather,300,sensor_drift,608.0,109.55117798221305,109.22305482254872,646.9690917208286,1674.8267756131581,67.67163160858432,54.82474072351321,8.350747457905058,0.1906297770654496,13.05387828935121,19.841089375202372,0.6391280236565071,2500.0,13.75,0.55,none,0.0,769.0
hot_weather,300,sensor_drift,609.0,109.55102547559322,109.5098465912013,657.238197511507,1677.424280051073,67.47237426547147,53.910715146325835,8.350747457905058,0.2259910561106818,13.061243441134245,20.081858008518445,0.6391289554338276,2500.0,13.75,0.55,none,0.0,768.0
hot_weather,300,sensor_drift,610.0,109.55087660008338,109.45580972147286,649.8013101195459,1668.0473020824625,67.45685830870526,53.24804491752702,8.350747457905058,0.15413828876303776,13.004666299046653,20.14589512573477,0.6391298650259738,2500.0,13.75,0.55,none,0.0,767.0
hot_weather,300,sensor_drift,611.0,109.55073126922855,109.37016748377876,649.3752740030606,1687.9827244176981,68.90486506892829,54.33552189859976,8.350747457905058,0.22544624605511732,13.092405627415639,20.05397974467655,0.6391307529611642,2500.0,13.75,0.55,none,0.0,766.0
hot_weather,300,sensor_drift,612.0,109.55058939863216,109.60863405505776,652.5553023412772,1685.2805850160203,68.15076508458597,53.861064540814446,8.350747457905058,0.1737062789502563,13.058053106955162,19.954405783777883,0.6391316197550405,2500.0,13.75,0.55,none,0.0,765.0
hot_weather,300,sensor_drift,613.0,109.55045090590711,110.05248138454274,657.7453277920192,1684.5588464717669,67.05458794883076,54.38514950209443,8.350747457905058,0.17060872079914594,13.068920803518363,20.29272091875449,0.6391324659109673,2500.0,13.75,0.55,none,0.0,764.0
hot_weather,300,sensor_drift,614.0,109.5503157106279,109.20639113706528,653.9656292845326,1677.059113898378,67.63179037400874,54.34727586901876,8.350747457905058,0.13604696834906022,13.013709756228762,19.69364921893615,0.6391332919203245,2500.0,13.75,0.55,none,0.0,763.0
hot_weather,300,sensor_drift,615.0,109.5501837342839,109.75944210961308,653.1019339858557,1685.6422483250583,67.44261329982072,54.269024090663535,8.350747457905058,0.16151233673029064,12.928510378965164,20.001806401842494,0.6391340982627921,2500.0,13.75,0.55,none,0.0,762.0
hot_weather,300,sensor_drift,616.0,109.55005490023382,109.43323171535799,652.8453760972303,1685.9719778741805,67.20413102168256,53.99328539303609,8.350747457905058,0.2192819964755536,13.06604818356302,20.016705876322366,0.6391348854066298,2500.0,13.75,0.55,none,0.0,761.0
hot_weather,300,sensor_drift,617.0,109.54992913366111,110.17876818846312,653.8829920528165,1676.302798472478,67.95579734533186,53.77081048112579,8.350747457905058,0.1773300982954208,13.002589971789035,19.86219156947379,0.6391356538089473,2500.0,13.75,0.55,none,0.0,760.0
hot_weather,300,sensor_drift,618.0,109.54980636153061,109.62833571794101,660.1604076211354,1689.2036777228832,67.775846169172,54.57512467146731,8.350747457905058,0.13525910189343232,13.113224408059235,19.820874105209214,0.6391364039159716,2500.0,13.75,0.55,none,0.0,759.0
hot_weather,300,sensor_drift,619.0,109.54968651254607,109.45985387159534,651.3622798788033,1680.1938342556668,67.44907800862454,54.027755452693484,8.350747457905058,0.1579688767668989,12.989434129243088,20.14773125040602,0.6391371361633049,2500.0,13.75,0.55,none,0.0,758.0
hot_weather,300,sensor_drift,620.0,109.5495695171088,109.3272787852095,653.8796020452244,1684.4469934670826,67.57431818534242,54.222954248893636,8.350747457905058,0.196786827121903,13.061868012123792,19.83213159337068,0.6391378509761778,2500.0,13.75,0.55,none,0.0,757.0
hot_weather,300,sensor_drift,621.0,109.54945530727716,109.42500085066447,656.9477020309573,1678.383160766052,67.74412114673291,53.458047184193504,8.350747457905058,0.19050298021044185,12.991582597911865,20.217506593496648,0.6391385487696967,2500.0,13.75,0.55,none,0.0,756.0
hot_weather,300,sensor_drift,622.0,109.54934381672723,109.95585208717898,649.1173082145694,1686.2880958600651,66.87366823137724,54.89870525111626,8.350747457905058,0.268056615150093,13.048670682746833,20.22643975597986,0.6391392299490841,2500.0,13.75,0.55,none,0.0,755.0
hot_weather,300,sensor_drift,623.0,109.5492349807142,109.29011814005197,649.043094984491,1674.659347500173,67.74754844704778,53.91054834729447,8.350747457905058,0.27329391130956515,13.047321941519979,20.105021334682437,0.6391398949099147,2500.0,13.75,0.55,none,0.0,754.0
hot_weather,300,sensor_drift,624.0,109.54912873603482,108.96188141092618,658.6337660588392,1677.984585696127,66.57813971470898,55.18278455419257,8.350747457905058,0.1921153975250443,12.981796401164303,20.101313301856184,0.6391405440383446,2500.0,13.75,0.55,none,0.0,753.0
hot_weather,300,sensor_drift,625.0,109.54902502099065,108.58097299286779,651.2074108330115,1687.643221648822,67.26696269351619,54.780097032491206,8.350747457905058,0.22201242014958647,13.043390291005473,19.936530269018494,0.6391411777113356,2500.0,13.75,0.55,none,0.0,752.0
hot_weather,300,sensor_drift,626.0,109.5489237753523,109.8840427790008,651.0144069822716,1682.9819409056336,67.4174695322788,54.9823860889723,8.350747457905058,0.2145184096698911,13.043598896670114,20.157758853132673,0.6391417962968745,2500.0,13.75,0.55,none,0.0,751.0
hot_weather,300,sensor_drift,627.0,109.5488249403244,109.76046351361342,649.8851171987643,1678.488832415357,67.54419899389447,54.38991794857625,8.350747457905058,0.13387734362172904,13.025128185552987,19.709468685235006,0.6391424001541863,2500.0,13.75,0.55,none,0.0,750.0
hot_weather,300,sensor_drift,628.0,109.54872845851143,109.51104880685813,651.2405310815311,1687.1206441763495,66.95546988987935,54.51946661404596,8.350747457905058,0.17501137277294262,12.983314163033187,19.87360819755317,0.639142989633943,2500.0,13.75,0.55,none,0.0,749.0
hot_weather,300,sensor_drift,629.0,109.5486342738845,109.489845105156,652.8778966733536,1690.9102504862406,68.00774076475712,54.403585220021235,8.350747457905058,0.18624850982122937,12.988499720514119,19.662833783138353,0.6391435650784675,2500.0,13.75,0.55,none,0.0,748.0
hot_weather,300,sensor_drift,630.0,109.54854233174868,109.7414609621854,652.3361143724651,1683.8388430566317,67.17087433015426,54.67846142769571,8.350747457905058,0.10088797809631458,12.985949998595162,19.63195273420029,0.6391441268219318,2500.0,13.75,0.55,none,0.0,747.0
hot_weather,300,sensor_drift,631.0,109.54845257871133,109.68038748666875,659.6307605436391,1681.5925991392078,68.49311286629968,54.02199792781229,8.350747457905058,0.25526275795740855,13.026538323075624,19.8419819619117,0.6391446751905516,2500.0,13.75,0.55,none,0.0,746.0
hot_weather,300,sensor_drift,632.0,109.54836496265106,109.24622465150148,657.1940297434088,1688.9397896367464,67.7286721016482,53.82033917040908,8.350747457905058,0.20555712495667475,13.08544035745292,20.226008457757295,0.639145210502776,2500.0,13.75,0.55,none,0.0,745.0
hot_weather,300,sensor_drift,633.0,109.54827943268747,109.89231939616062,652.8028802692278,1678.73225655623,67.46679009720384,54.62375102430329,8.350747457905058,0.22449262610098303,12.984419257043765,20.143904116095236,0.6391457330694711,2500.0,13.75,0.55,none,0.0,744.0
hot_weather,300,sensor_drift,634.0,109.54819593915157,110.17838745328983,652.0408721139028,1684.8256716176074,67.19692624546582,54.355338388446015,8.350747457905058,0.2013144569911717,13.078743997395826,19.9682098804385,0.639146243194102,2500.0,13.75,0.55,none,0.0,743.0
hot_weather,300,sensor_drift,635.0,109.548114433557,109.11521790363773,653.6022892178182,1679.5092149456657,68.55288862084147,54.271804147058866,8.350747457905058,0.12890925618777482,13.025962637589695,20.213484225753707,0.6391467411729084,2500.0,13.75,0.55,none,0.0,742.0
hot_weather,300,sensor_drift,636.0,109.54803486857183,110.02455851430472,656.6480728474387,1690.071506257505,67.41446613424996,54.50500759191066,8.350747457905058,0.2297077903275614,13.096110203772282,20.025968009190837,0.6391472272950764,2500.0,13.75,0.55,none,0.0,741.0
hot_weather,300,sensor_drift,637.0,109.54795719799108,109.84857111133678,654.3331972351779,1682.1261976036074,68.94750095403293,54.10366622513077,8.350747457905058,0.13144726166017373,13.069516231788398,20.270370285716886,0.6391477018429073,2500.0,13.75,0.55,none,0.0,740.0
hot_weather,300,sensor_drift,638.0,109.54788137670987,109.20189894786935,660.074004416607,1684.380868259424,67.44194142850358,54.01519634767824,8.350747457905058,0.20281447999129915,13.05190235573998,19.900843709808584,0.6391481650919802,2500.0,13.75,0.55,none,0.0,739.0
hot_weather,300,sensor_drift,639.0,109.54780736069725,108.735666598889,648.8746878395993,1674.137987005426,67.8798375101055,54.825352851522766,8.350747457905058,0.20956080774893257,13.005560932014005,19.89542092765439,0.6391486173113132,2500.0,13.75,0.55,none,0.0,738.0
hot_weather,300,sensor_drift,640.0,109.54773510697065,109.8658724965469,654.7005344079868,1687.9990058545354,67.6384829611514,54.28254446546576,8.350747457905058,0.27455697395399814,12.983359049115787,20.24528064999722,0.6391490587635194,2500.0,13.75,0.55,none,0.0,737.0
hot_weather,300,sensor_drift,641.0,109.54766457357087,108.28788784704031,654.8010414871076,1690.165049673835,68.42436622116848,53.58047666534401,8.350747457905058,0.2094891929026488,13.083339533838222,20.223282812297438,0.6391494897049587,2500.0,13.75,0.55,none,0.0,736.0
hot_weather,300,sensor_drift,642.0,109.54759571953775,109.74073839277294,653.3116294400577,1683.795265489606,68.19881454969929,54.948572300594186,8.350747457905058,0.14776675171682277,13.06927176691715,20.135813828981444,0.6391499103858874,2500.0,13.75,0.55,none,0.0,735.0
hot_weather,300,sensor_drift,643.0,109.54752850488639,109.35366950226441,658.5060443487339,1696.527572433505,66.92134794033235,54.72988651978629,8.350747457905058,0.2163915095436757,12.976914267795113,19.999487184147938,0.6391503210506037,2500.0,13.75,0.55,none,0.0,734.0
hot_weather,300,sensor_drift,644.0,109.54746289058386,108.84782314013675,652.927984417546,1687.2173064570916,67.58207709842414,53.23753167779211,8.350747457905058,0.15882675723161668,13.100801329158065,19.903202836896956,0.6391507219375885,2500.0,13.75,0.55,none,0.0,733.0
hot_weather,300,sensor_drift,645.0,109.54739883852663,109.99213245665237,653.2849877168899,1683.6520900861206,68.425647279251,53.53918501464006,8.350747457905058,0.21739680450211202,13.074693803380944,19.998869267074998,0.6391511132796452,2500.0,13.75,0.55,none,0.0,732.0
hot_weather,300,sensor_drift,646.0,109.54733631151838,108.6890471709246,652.6862529516242,1684.04935040713,67.47740933738426,54.734672554434404,8.350747457905058,0.20117904506551845,13.098095931202119,20.374583611999547,0.6391514953040339,2500.0,13.75,0.55,none,0.0,731.0
hot_weather,300,sensor_drift,647.0,109.54727527324842,109.38784574210554,652.7033851122898,1686.382333512976,68.10954290470997,53.195499501830604,8.350747457905058,0.21312307026338514,13.03674333695769,20.015672614472045,0.6391518682326037,2500.0,13.75,0.55,none,0.0,730.0
hot_weather,300,sensor_drift,648.0,109.5472156882706,109.37973537746288,650.7977224892905,1695.9472503138152,68.18377296088937,54.63229423518823,8.350747457905058,0.21590024005241423,13.022030767650767,19.740989235441123,0.6391522322819221,2500.0,13.75,0.55,none,0.0,729.0
hot_weather,300,sensor_drift,649.0,109.54715752198273,109.55473749402356,655.8753559907356,1685.109675206641,67.71519718745448,56.05589472779224,8.350747457905058,0.22026419834987473,13.04677196349664,20.027482331475436,0.6391525876633993,2500.0,13.75,0.55,none,0.0,728.0
hot_weather,300,sensor_drift,650.0,109.54710074060647,109.31949896629696,655.977921602693,1686.4700467013674,67.96401213445418,54.696146444738964,8.350747457905058,0.21204660394726368,13.027645511349329,20.016133301054282,0.6391529345834129,2500.0,13.75,0.55,none,0.0,727.0
hot_weather,300,sensor_drift,651.0,109.54704531116775,110.58148008709229,655.6051837148899,1675.3825557149119,67.45661635181962,54.40786644635018,8.350747457905058,0.18942282927757684,13.018736856976062,19.88648799665457,0.6391532732434261,2500.0,13.75,0.55,none,0.0,726.0
hot_weather,300,sensor_drift,652.0,109.54699120147757,109.24496242167454,655.4472840037433,1680.4912273599368,67.7889153377004,53.351172802309186,8.350747457905058,0.22937427188453907,13.064221836244338,20.181409241704348,0.6391536038401057,2500.0,13.75,0.55,none,0.0,725.0
hot_weather,300,sensor_drift,653.0,109.54693838011335,109.2798590277427,652.8761834285693,1678.3072949875686,68.29462718151461,54.95499104657843,8.350747457905058,0.0974510425373098,13.0444061919359,19.68428938972925,0.6391539265654358,2500.0,13.75,0.55,none,0.0,724.0
hot_weather,300,sensor_drift,654.0,109.54688681640064,109.71830953083233,662.614915734192,1682.8338103451574,67.8747998936761,54.08065750290791,8.350747457905058,0.09520882897937291,12.96799529964422,19.761333335017458,0.6391542416068294,2500.0,13.75,0.55,none,0.0,723.0
hot_weather,300,sensor_drift,655.0,109.5468364803954,109.09047932223686,653.2837570114755,1677.6760536435738,68.11167983889008,53.786278217081936,8.350747457905058,0.20611078935777993,12.927855933785306,19.953084240220957,0.6391545491472375,2500.0,13.75,0.55,none,0.0,722.0
hot_weather,300,sensor_drift,656.0,109.54678734286647,109.90972544171322,656.6882074745608,1676.1806706507084,67.73979103982708,53.967040855367344,8.350747457905058,0.1757515071053178,13.066683299621014,19.937259824034378,0.6391548493652549,2500.0,13.75,0.55,none,0.0,721.0
hot_weather,300,sensor_drift,657.0,109.54673937527869,109.77501313930202,656.0489787470314,1688.0475740984887,66.92127105296039,54.35844247298907,8.350747457905058,0.15714416852158983,13.094482521137973,19.99375473058861,0.6391551424352243,2500.0,13.75,0.55,none,0.0,720.0
hot_weather,300,sensor_drift,658.0,109.54669254977634,109.28675668399154,653.4592647341086,1688.885543624901,67.91099337654552,54.364884232930066,8.350747457905058,0.1584590249383016,12.981962815762103,20.069041439568657,0.6391554285273373,2500.0,13.75,0.55,none,0.0,719.0
hot_weather,300,sensor_drift,659.0,109.5466468391669,109.30497625725472,653.0341936337126,1682.8058230416514,67.70587190733424,54.451880801620526,8.350747457905058,0.18081241413216798,12.939601460728571,19.943646123516306,0.6391557078077333,2500.0,13.75,0.55,none,0.0,718.0
hot_weather,300,sensor_drift,660.0,109.54660221690531,109.26538667689395,649.8992285312787,1684.4727280443144,67.90834023605143,53.83741018259605,8.350747457905058,0.27681186280639536,13.066059333236117,20.364243063688214,0.639155980438596,2500.0,13.75,0.55,none,0.0,717.0
hot_weather,300,sensor_drift,661.0,109.54655865707852,110.13317234143715,654.9201698297911,1682.5339477816117,67.24732833058638,53.57851831628163,8.350747457905058,0.23056272474145892,12.97479474158864,20.29830659998757,0.6391562465782478,2500.0,13.75,0.55,none,0.0,716.0
hot_weather,300,sensor_drift,662.0,109.54651613439046,109.57421785305527,651.9422082210502,1688.4254126523078,67.67332344682922,55.101576619767364,8.350747457905058,0.1228661157371564,13.072155601597784,19.861754257979666,0.6391565063812411,2500.0,13.75,0.55,none,0.0,715.0
hot_weather,300,sensor_drift,663.0,109.54647462414735,109.97109082320816,655.8902551303801,1680.876992050212,66.69656361375243,53.57786800275514,8.350747457905058,0.1813629543301408,12.953113913081495,20.089468493613502,0.639156759998449,2500.0,13.75,0.55,none,0.0,714.0
hot_weather,300,sensor_drift,664.0,109.54643410224337,110.26156785592627,647.7059631888744,1677.7049991676436,67.57681388539015,54.193296331330494,8.350747457905058,0.18543210210082814,12.959540832076545,20.10104797457742,0.6391570075771519,2500.0,13.75,0.55,none,0.0,713.0
hot_weather,300,sensor_drift,665.0,109.54639454514663,109.33083856132856,650.9557448808529,1676.1344453910424,67.60742373186403,54.54436247031056,8.350747457905058,0.1794771209873743,13.135658099445145,19.903981092787127,0.6391572492611237,2500.0,13.75,0.55,none,0.0,712.0
hot_weather,300,sensor_drift,666.0,109.54635592988552,109.94202583642357,659.5101419767847,1677.145272141034,66.9834367825681,53.570645106134386,8.350747457905058,0.18251692251487023,13.04961707678927,19.920886777748386,0.6391574851907152,2500.0,13.75,0.55,none,0.0,711.0
hot_weather,300,sensor_drift,667.0,109.5463182340354,110.30958974872793,653.5807528706086,1676.0588726577278,67.80788320197264,54.78602850878478,8.350747457905058,0.17078301560229076,13.042676067023786,19.99894323778843,0.6391577155029355,2500.0,13.75,0.55,none,0.0,710.0
hot_weather,300,sensor_drift,668.0,109.54628143570551,109.55569471913341,654.3251792797289,1688.3992547185403,67.45590260669817,54.969043248144516,8.350747457905058,0.13376683034942527,13.026565961519843,19.555192599096436,0.6391579403315315,2500.0,13.75,0.55,none,0.0,709.0
hot_weather,300,sensor_drift,669.0,109.54624551352633,109.89082299347017,653.2789454637008,1679.914595534248,67.9631895357322,53.809943803686394,8.350747457905058,0.19407053273746885,13.047305950545365,19.739268522582815,0.6391581598070658,2500.0,13.75,0.55,none,0.0,708.0
hot_weather,300,sensor_drift,670.0,109.54621044663713,109.1741241427804,649.5142161958473,1683.7058405339908,66.93678809694998,54.30646538523281,8.350747457905058,0.2818634901680565,12.96933563232092,19.760953053976657,0.639158374056992,2500.0,13.75,0.55,none,0.0,707.0
hot_weather,300,sensor_drift,671.0,109.54617621467386,109.69593895237738,655.6581413212166,1682.626405534197,67.33265711125941,54.500708930741645,8.350747457905058,0.14507951396632768,12.992632659997286,19.98161545654574,0.6391585832057296,2500.0,13.75,0.55,none,0.0,706.0
hot_weather,300,sensor_drift,672.0,109.54614279775734,109.12178595132043,653.2746729710351,1682.3671408018672,67.53052053609012,54.477162489988785,8.350747457905058,0.2302420959602037,13.050981555041176,20.01665294515784,0.6391587873747353,2500.0,13.75,0.55,none,0.0,705.0
hot_weather,300,sensor_drift,673.0,109.54611017648169,110.4661091022611,659.9050472180971,1677.3486993085635,67.70108882260587,54.771477074985995,8.350747457905058,0.15891744725054374,13.089841498708337,19.75565456849513,0.6391589866825743,2500.0,13.75,0.55,none,0.0,704.0
hot_weather,300,sensor_drift,674.0,109.54607833190308,108.53839486297632,652.2246879785049,1678.3891593443727,67.79474129509792,54.461067857955186,8.350747457905058,0.1314155999930949,13.0338216945677,20.00389839918331,0.6391591812449885,2500.0,13.75,0.55,none,0.0,703.0
hot_weather,300,sensor_drift,675.0,109.54604724552871,110.17313016501295,653.5653856557983,1683.7609102724452,67.44726132286884,54.36012136552131,8.350747457905058,0.20594219109471826,12.997887042193415,19.725491250438758,0.6391593711749644,2500.0,13.75,0.55,none,0.0,702.0
hot_weather,300,sensor_drift,676.0,109.54601689930612,109.23101686480426,654.4445980776163,1691.677838782496,67.4433154728096,54.102497896947746,8.350747457905058,0.144476711235984,12.91704783391421,20.005653432084255,0.6391595565827977,2500.0,13.75,0.55,none,0.0,701.0
hot_weather,300,sensor_drift,677.0,109.54598727561265,109.24514529061373,651.8489474500209,1685.874240133458,68.14319241796247,53.94429933599114,8.350747457905058,0.23004938232546704,13.05315003365464,19.73392476458972,0.6391597375761588,2500.0,13.75,0.55,none,0.0,700.0
hot_weather,300,sensor_drift,678.0,109.5459583572452,110.20078847768104,651.2674133211053,1678.9955203739466,67.65405914586121,53.97860274626281,8.350747457905058,0.15114082355391506,12.956511673608123,20.315923127503122,0.6391599142601545,2500.0,13.75,0.55,none,0.0,699.0
hot_weather,300,sensor_drift,679.0,109.54593012741032,109.4944464293431,656.4965825006253,1687.5178145795232,67.71373803393533,53.09071003700716,8.350747457905058,0.1209178635771033,13.084934659287354,19.9864301146878,0.6391600867373881,2500.0,13.75,0.55,none,0.0,698.0
hot_weather,300,sensor_drift,680.0,109.54590256971436,109.74046552932452,659.6349924431767,1679.2057487954821,67.44796202621873,55.301340514172516,8.350747457905058,0.24113413888630078,13.065576371678617,20.325885185368755,0.639160255108021,2500.0,13.75,0.55,none,0.0,697.0
hot_weather,300,sensor_drift,681.0,109.54587566815401,109.66932135248959,650.4312412718803,1678.952844455303,67.4610130395719,53.620709295359894,8.350747457905058,0.2916218243230694,12.995545402275143,20.033651915790077,0.6391604194698294,2500.0,13.75,0.55,none,0.0,696.0
hot_weather,300,sensor_drift,682.0,109.54584940710701,109.65212513453646,651.9157273622802,1676.297359073659,67.67427960862497,54.21916490062444,8.350747457905058,0.22989176072328535,13.04093565594702,19.94766318082656,0.6391605799182613,2500.0,13.75,0.55,none,0.0,695.0
hot_weather,300,sensor_drift,683.0,109.54582377132304,109.87207540877456,650.062774706596,1685.2667328956877,68.65207302028738,54.51146514609431,8.350747457905058,0.2964914936533238,13.02226853832436,19.54724314321891,0.6391607365464924,2500.0,13.75,0.55,none,0.0,694.0
hot_weather,300,sensor_drift,684.0,109.54579874591488,108.73562504682062,653.8661454928099,1680.447372878563,67.78705848723153,54.3396501650369,8.350747457905058,0.19035524976871787,13.014528948529676,19.816622214304907,0.6391608894454799,2500.0,13.75,0.55,none,0.0,693.0
hot_weather,300,sensor_drift,685.0,109.54577431634976,109.9241887614995,655.0780340770476,1683.446926599901,68.86326471254593,54.49101859656142,8.350747457905058,0.22993103861570038,13.05665806753902,20.153877611449047,0.6391610387040153,2500.0,13.75,0.55,none,0.0,692.0
hot_weather,300,sensor_drift,686.0,109.54575046844096,108.5919939239308,654.0750862687606,1688.354221929504,68.33256861893663,54.00223168731545,8.350747457905058,0.21168365660149185,13.048322034162378,19.966484083166794,0.6391611844087761,2500.0,13.75,0.55,none,0.0,691.0
hot_weather,300,sensor_drift,687.0,109.54572718833951,110.78667366082834,651.3783214415648,1669.8375372280566,67.43936540679891,54.36462794663083,8.350747457905058,0.13810332406231993,12.97596347908033,19.81417031965222,0.639161326644376,2500.0,13.75,0.55,none,0.0,690.0
hot_weather,300,sensor_drift,688.0,109.54570446252619,110.17777665496165,652.4581174602333,1688.6008163960528,67.80811904926713,54.152295790823636,8.350747457905058,0.19322588294772883,13.023883296475917,20.177616748762556,0.6391614654934139,2500.0,13.75,0.55,none,0.0,689.0
hot_weather,300,sensor_drift,689.0,109.54568227780366,109.71060765653002,654.5830015293384,1683.4005239841904,66.78406351875736,54.419986743379575,8.350747457905058,0.1326979505578053,12.964413105002574,19.985140431597507,0.6391616010365224,2500.0,13.75,0.55,none,0.0,688.0
hot_weather,300,sensor_drift,690.0,109.54566062128882,109.321492929841,650.8399420558798,1674.9187645591321,66.7068782982365,54.48194891954387,8.350747457905058,0.16355805580067362,12.968780030576566,19.868489668919803,0.639161733352414,2500.0,13.75,0.55,none,0.0,687.0
hot_weather,300,sensor_drift,691.0,109.54563948040527,109.06234063436666,650.9622734570436,1688.242470324671,68.07837691040292,53.70806923805907,8.350747457905058,0.2147209919450756,12.968429175803777,20.118157485056983,0.6391618625179272,2500.0,13.75,0.55,none,0.0,686.0
hot_weather,300,sensor_drift,692.0,109.5456188428761,109.33644043573815,656.1617496902305,1688.3743814934062,68.16641480627678,53.33464037227053,8.350747457905058,0.1516129323063134,13.092648095861156,19.73824013201689,0.639161988608071,2500.0,13.75,0.55,none,0.0,685.0
hot_weather,300,sensor_drift,693.0,109.54559869671667,109.44628984213337,658.2396568046632,1688.5663867084827,68.74831206738054,55.179707544907686,8.350747457905058,0.1221207880533488,12.989821814473167,19.928886044919157,0.6391621116960686,2500.0,13.75,0.55,none,0.0,684.0
hot_weather,300,sensor_drift,694.0,109.5455790302277,109.43630429079774,654.8438877810227,1681.0969619108787,67.51626536136105,53.40231748031449,8.350747457905058,0.19093544492062234,13.047334822267521,19.798501429567168,0.6391622318533996,2500.0,13.75,0.55,none,0.0,683.0
hot_weather,300,sensor_drift,695.0,109.54555983198847,109.76653929053009,656.8152535508684,1690.6329406920222,68.82760472584279,54.09776090688792,8.350747457905058,0.17600796276087494,13.063733859650586,20.2274019183492,0.6391623491498417,2500.0,13.75,0.55,none,0.0,682.0
hot_weather,300,sensor_drift,696.0,109.54554109085018,109.6804467417052,659.7016080071854,1669.7595767547537,68.01850382404125,54.555198240022946,8.350747457905058,0.264714155984011,12.953138961497901,19.955976156134763,0.6391624636535115,2500.0,13.75,0.55,none,0.0,681.0
hot_weather,300,sensor_drift,697.0,109.54552279592946,109.82389462626112,656.1419997111973,1687.2335154631621,67.79122691553533,54.38803543425904,8.350747457905058,0.2455985011900837,13.058541819431785,20.377345738296132,0.6391625754309033,2500.0,13.75,0.55,none,0.0,680.0
hot_weather,300,sensor_drift,698.0,109.54550493660209,109.2689381273918,656.7076537590534,1682.2521932724758,67.78194724850344,54.27313318165684,8.350747457905058,0.23610195186163097,12.974213462348537,19.958547313744383,0.6391626845469287,2500.0,13.75,0.55,none,0.0,679.0
hot_weather,300,sensor_drift,699.0,109.5454875024968,109.42673690406377,655.5192846902453,1674.2960266133864,68.28246900046311,54.341902218829446,8.350747457905058,0.17877527184075898,13.045258494882768,19.78471188407809,0.6391627910649534,2500.0,13.75,0.55,none,0.0,678.0
hot_weather,300,sensor_drift,700.0,109.54547048348925,109.44687098123781,650.8679262083838,1681.2734890491445,68.36715983756415,53.89050299897067,8.350747457905058,0.19504949108212757,13.08818703378012,20.02978004889486,0.6391628950468348,2500.0,13.75,0.55,none,0.0,677.0
hot_weather,300,sensor_drift,701.0,109.54545386969617,109.70750128602002,655.0138209009523,1671.8928790103482,67.59389109916053,52.92773672001334,8.350747457905058,0.19381309172461134,13.079568207122712,19.762234209468573,0.6391629965529572,2500.0,13.75,0.55,none,0.0,676.0
hot_weather,300,sensor_drift,702.0,109.5454376514696,109.57951372901951,654.3859450526476,1681.665555063005,67.49394972962085,54.22657841103356,8.350747457905058,0.2769705179408888,12.912008187230505,19.879899155472508,0.6391630956422669,2500.0,13.75,0.55,none,0.0,675.0
hot_weather,300,sensor_drift,703.0,109.54542181939128,109.26132974007338,649.6067101915401,1682.5837672528628,67.27785919372312,54.805632764455936,8.350747457905058,0.14188455440720998,13.074318432525025,20.02486848194476,0.6391631923723073,2500.0,13.75,0.55,none,0.0,674.0
hot_weather,300,sensor_drift,704.0,109.54540636426721,110.1408631825805,652.1647274025756,1682.2840477440066,66.89826142303181,54.372498060263325,8.350747457905058,0.13543415134654013,13.02003675347788,19.86557834870734,0.6391632867992516,2500.0,13.75,0.55,none,0.0,673.0
hot_weather,300,sensor_drift,705.0,109.54539127712228,109.30494852018319,654.089602051043,1677.833829617777,67.62566855729487,54.388090966895575,8.350747457905058,0.2011264758409254,13.040979067950339,19.854480832727535,0.6391633789779354,2500.0,13.75,0.55,none,0.0,672.0
hot_weather,300,sensor_drift,706.0,109.54537654919508,109.45741709976939,655.5345796687436,1682.5081722249774,67.8978752147417,54.51458159170305,8.350747457905058,0.20049495310290358,12.97383117037379,20.233651526050416,0.6391634689618886,2500.0,13.75,0.55,none,0.0,671.0
hot_weather,300,sensor_drift,707.0,109.54536217193282,110.52988554797173,653.40237813731,1679.8741783057108,67.22053539051826,54.446772514628755,8.350747457905058,0.21391171640130693,13.090786989078572,20.047175275691586,0.6391635568033667,2500.0,13.75,0.55,none,0.0,670.0
hot_weather,300,sensor_drift,708.0,109.54534813698633,109.24923177512744,655.6203961856872,1681.2109860626265,67.51579630467215,53.942674536835945,8.350747457905058,0.19031761240140077,13.054781271253043,20.01196268454275,0.6391636425533811,2500.0,13.75,0.55,none,0.0,669.0
hot_weather,300,sensor_drift,709.0,109.54533443620524,109.21794319264953,655.35925123015,1689.1343730404635,67.28783081355088,54.50511902100978,8.350747457905058,0.26234980084240145,13.01592122032606,19.83792120082788,0.6391637262617283,2500.0,13.75,0.55,none,0.0,668.0
hot_weather,300,sensor_drift,710.0,109.54532106163322,110.27401694667603,651.5862132245876,1679.065747962954,67.89531848064226,53.64551526855236,8.350747457905058,0.16121735759489808,13.020559988736327,19.71673123219209,0.6391638079770198,2500.0,13.75,0.55,none,0.0,667.0
hot_weather,300,sensor_drift,711.0,109.54530800550339,109.39796876142468,653.278778086982,1681.5841291251174,67.44372219733376,54.26822285285255,8.350747457905058,0.22030758328758246,12.966492683730188,20.172448631498746,0.639163887746709,2500.0,13.75,0.55,none,0.0,666.0
hot_weather,300,sensor_drift,712.0,109.54529526023379,109.1600050127162,655.9484100365537,1682.270558215705,68.08958826558633,53.33632237046783,8.350747457905058,0.16085747667930128,12.980065565257014,19.977834441840752,0.6391639656171199,2500.0,13.75,0.55,none,0.0,665.0
hot_weather,300,sensor_drift,713.0,109.54528281842299,110.6476146889463,652.493409481021,1689.921258421695,67.29262167186954,54.66186184026316,8.350747457905058,0.17353655127733544,13.040079162506272,20.104339731058847,0.6391640416334735,2500.0,13.75,0.55,none,0.0,664.0
hot_weather,300,sensor_drift,714.0,109.54527067284577,109.66216942841868,652.8447312953235,1675.8973088275068,66.58342173999475,54.77161964517024,8.350747457905058,0.21812461572790987,13.01231487865261,20.388188611170378,0.6391641158399137,2500.0,13.75,0.55,none,0.0,663.0
hot_weather,300,sensor_drift,715.0,109.54525881644898,109.68142679454377,653.3959681195148,1685.5670950825086,67.41520265513243,53.86761671687792,8.350747457905058,0.20684233820070072,13.020663832969433,20.327842599306972,0.639164188279534,2500.0,13.75,0.55,none,0.0,662.0
hot_weather,300,sensor_drift,716.0,109.54524724234734,109.59203348393444,657.7757347151594,1681.6316720835289,67.25521041031928,53.579065820707115,8.350747457905058,0.14745387234228474,13.02302175094018,20.25680607280886,0.6391642589944015,2500.0,13.75,0.55,none,0.0,661.0
hot_weather,300,sensor_drift,717.0,109.54523594381955,109.27475136201514,653.6935698592437,1684.6509951068615,66.65198431596231,54.483252118859234,8.350747457905058,0.18301147566666398,13.025970327293726,19.99168517803704,0.6391643280255818,2500.0,13.75,0.55,none,0.0,660.0
hot_weather,300,sensor_drift,718.0,109.54522491430433,109.38432821239225,653.4142814109363,1690.3279186121524,68.15790927799951,54.0995904395902,8.350747457905058,0.3317881367305846,12.991509909290082,20.122749850096273,0.6391643954131624,2500.0,13.75,0.55,none,0.0,659.0
hot_weather,300,sensor_drift,719.0,109.5452141473966,110.42191502030752,655.2237439472311,1690.5471371421536,67.89173176351106,55.315842026222896,8.350747457905058,0.21782580178488006,13.11369117691485,19.85948198102685,0.6391644611962769,2500.0,13.75,0.55,none,0.0,658.0
hot_weather,300,sensor_drift,720.0,109.54520363684384,110.07781109738883,653.4627404800952,1678.011216894407,67.50252474780915,54.64508472441371,8.350747457905058,0.20030969417257344,13.113310547954018,19.844985885591814,0.6391645254131266,2500.0,13.75,0.55,none,0.0,657.0
hot_weather,300,sensor_drift,721.0,109.54519337654231,109.30192172900979,659.8705562548131,1679.3201005284834,68.40484448231544,54.77865190752317,8.350747457905058,0.14400621592752796,12.95692520423006,20.12961307656924,0.6391645881010038,2500.0,13.75,0.55,none,0.0,656.0
hot_weather,300,sensor_drift,722.0,109.54518336053368,109.55636829006752,652.3391664734645,1682.311203721037,67.2670550144173,53.78988448834365,8.350747457905058,0.17808394132538613,13.061652137439438,19.829932407793667,0.6391646492963126,2500.0,13.75,0.55,none,0.0,655.0
hot_weather,300,sensor_drift,723.0,109.54517358300146,108.58291485664996,653.3777944804004,1683.9459564047122,67.0369220153984,53.9100869240402,8.350747457905058,0.2767780428898757,13.018254091377901,19.790461349228117,0.6391647090345902,2500.0,13.75,0.55,none,0.0,654.0
hot_weather,300,sensor_drift,724.0,109.54516403826761,108.57386385878625,653.2769830729035,1680.4693655420856,68.15128304171854,53.54236579158581,8.350747457905058,0.1968348238825694,12.990561819118167,20.02759354129004,0.6391647673505277,2500.0,13.75,0.55,none,0.0,653.0
hot_weather,300,sensor_drift,725.0,109.54515472078934,109.44444149874163,661.6192148808884,1687.8624397699682,68.1953189591609,54.194413375943334,8.350747457905058,0.19481991313647376,13.019509567996538,20.06186031447348,0.6391648242779906,2500.0,13.75,0.55,none,0.0,652.0
hot_weather,300,sensor_drift,726.0,109.54514562515578,110.11149220752655,650.9277288758988,1686.627416670746,67.78367286729045,54.178591287812644,8.350747457905058,0.08351106714586597,13.001963487219646,20.07050058577308,0.6391648798500377,2500.0,13.75,0.55,none,0.0,651.0
hot_weather,300,sensor_drift,727.0,109.54513674608494,109.78171890620604,648.3274361375985,1687.0819990510277,66.95022360502416,54.34922036291944,8.350747457905058,0.1664708555161438,13.023965654558273,20.355517474236663,0.6391649340989408,2500.0,13.75,0.55,none,0.0,650.0
hot_weather,300,sensor_drift,728.0,109.54512807842053,108.78980754951209,652.5859281777085,1674.8826515718602,67.264418761479,54.721018563223446,8.350747457905058,0.16498573473927222,13.013186031943073,20.12331149190006,0.6391649870562034,2500.0,13.75,0.55,none,0.0,649.0
hot_weather,300,sensor_drift,729.0,109.54511961712909,109.7018647154054,658.7652650186486,1677.7065223584218,67.51030294984146,54.6997412861849,8.350747457905058,0.1544933491062384,13.056955380515769,19.834744446588534,0.6391650387525789,2500.0,13.75,0.55,none,0.0,648.0
hot_weather,300,sensor_drift,730.0,109.54511135729697,110.08166638527075,652.7881086806925,1686.9637010832782,66.77977303539087,53.92179027514459,8.350747457905058,0.21733120031136954,12.972121828865134,20.162466439520685,0.6391650892180881,2500.0,13.75,0.55,none,0.0,647.0
hot_weather,300,sensor_drift,731.0,109.54510329412753,108.39820730718968,655.5061168733964,1688.4345178052874,67.24751503861695,52.657945674633346,8.350747457905058,0.20118201114543974,12.959201180392634,20.074483042248016,0.6391651384820376,2500.0,13.75,0.55,none,0.0,646.0
hot_weather,300,sensor_drift,732.0,109.5450954229383,109.65708456324111,654.1063465313965,1685.5181718108372,67.38082603790116,53.59378906803834,8.350747457905058,0.17648927494801633,13.000924733392294,19.973307388330543,0.6391651865730359,2500.0,13.75,0.55,none,0.0,645.0
hot_weather,300,sensor_drift,733.0,109.54508773915835,109.03983067743508,651.4558887866091,1678.467045572337,66.8921739903132,54.40781442442515,8.350747457905058,0.13696960865071536,12.999725903908583,19.804848589154116,0.6391652335190106,2500.0,13.75,0.55,none,0.0,644.0
hot_weather,300,sensor_drift,734.0,109.54508023832553,109.52270094024084,652.6434462074002,1678.6519184510544,67.4506477730429,55.250126803687095,8.350747457905058,0.20249310066940487,12.967088708133337,19.714754069169,0.6391652793472239,2500.0,13.75,0.55,none,0.0,643.0
hot_weather,300,sensor_drift,735.0,109.54507291608397,109.01376330832763,651.3986034437886,1687.9225629000537,67.97865137512247,54.049899291651755,8.350747457905058,0.2065604302494094,13.066211011081549,19.85821821732061,0.6391653240842893,2500.0,13.75,0.55,none,0.0,642.0
hot_weather,300,sensor_drift,736.0,109.54506576818149,110.57926895536174,653.3747163097061,1688.274101728678,67.97618732023882,53.650749326131674,8.350747457905058,0.17881036388128796,13.009041649109074,20.018671840158504,0.6391653677561865,2500.0,13.75,0.55,none,0.0,641.0
hot_weather,300,sensor_drift,737.0,109.54505879046717,110.40297437768875,655.8427426460239,1672.662552690643,67.83126617406892,54.197602146373555,8.350747457905058,0.20492002296514222,12.990933415021027,20.141138282117257,0.6391654103882765,2500.0,13.75,0.55,none,0.0,640.0
hot_weather,300,sensor_drift,738.0,109.5450519788889,109.22687844772372,656.5304376848204,1679.3479456514415,68.77171928463295,54.084502801647226,8.350747457905058,0.19615208291964326,13.0154036728973,19.51908449530307,0.6391654520053168,2500.0,13.75,0.55,none,0.0,639.0
hot_weather,300,sensor_drift,739.0,109.54504532949107,110.42029665893827,654.5767346626805,1683.1424478830195,67.28153960023009,55.164514227417385,8.350747457905058,0.29538433224276656,12.997176069783634,20.169026996251198,0.6391654926314752,2500.0,13.75,0.55,none,0.0,638.0
hot_weather,300,sensor_drift,740.0,109.54503883841224,109.47361378296438,652.1229516015305,1688.2943225213794,67.54522488368404,53.46546083330735,8.350747457905058,0.23803533766822033,13.009260681889272,20.127363473341074,0.6391655322903441,2500.0,13.75,0.55,none,0.0,637.0
hot_weather,300,sensor_drift,741.0,109.5450325018829,109.57893629007197,654.7603011412298,1683.792369022388,68.27703455518544,54.07484740842188,8.350747457905058,0.15374627537796787,13.026285435107,19.989388036281063,0.6391655710049542,2500.0,13.75,0.55,none,0.0,636.0
hot_weather,300,sensor_drift,742.0,109.54502631622331,108.82197471102481,654.6143514354175,1689.5662274871127,68.20871338862037,54.15138128754989,8.350747457905058,0.1467184127158006,12.95747635969384,19.6267392253877,0.6391656087977878,2500.0,13.75,0.55,none,0.0,635.0
hot_weather,300,sensor_drift,743.0,109.54502027784133,110.2322827018627,657.1901104618831,1686.0364762883974,68.18832114760353,53.775725893796356,8.350747457905058,0.16685307323242737,13.133763468240625,19.941317364475385,0.6391656456907922,2500.0,13.75,0.55,none,0.0,634.0
hot_weather,300,sensor_drift,744.0,109.54501438323035,109.84389480587461,655.4932263179714,1681.3918779920482,68.22974461359591,53.52645133390144,8.350747457905058,0.16037156844429948,12.956031380719354,19.958591320529134,0.6391656817053917,2500.0,13.75,0.55,none,0.0,633.0
hot_weather,300,sensor_drift,745.0,109.54500862896725,109.70947126140703,654.9594397014691,1684.795977755021,67.6239192304168,54.49329562500577,8.350747457905058,0.16396777337377327,12.947458467132265,20.213763325667465,0.6391657168625006,2500.0,13.75,0.55,none,0.0,632.0
hot_weather,300,sensor_drift,746.0,109.54500301171042,109.54715605226654,653.5833814272194,1687.769516243186,67.91711287463112,53.77785279382409,8.350747457905058,0.23723442550719873,13.038110384165588,19.685846199044104,0.6391657511825355,2500.0,13.75,0.55,none,0.0,631.0
hot_weather,300,sensor_drift,747.0,109.5449975281978,109.44118072050853,654.8650136241752,1680.6603027513113,67.81704674243223,53.84438535579273,8.350747457905058,0.1940889196405767,13.001258154944397,19.946588096646963,0.6391657846854268,2500.0,13.75,0.55,none,0.0,630.0
hot_weather,300,sensor_drift,748.0,109.544992175245,109.14167859506473,651.664629041404,1682.3896014407458,67.34653875816842,54.29122963215569,8.350747457905058,0.2371772303909272,13.10518065515854,20.104996752389585,0.6391658173906302,2500.0,13.75,0.55,none,0.0,629.0
hot_weather,300,sensor_drift,749.0,109.54498694974346,109.50925726530696,655.1538117400652,1684.822930462126,67.47282291589697,54.5165530052341,8.350747457905058,0.1451299589809691,13.022595584959834,19.803814052582354,0.6391658493171382,2500.0,13.75,0.55,none,0.0,628.0
hot_weather,300,sensor_drift,750.0,109.54498184865862,110.13082454811548,657.2533463365422,1682.3194918839342,67.40427415416175,53.77558634553312,8.350747457905058,0.20349546086629566,13.069554471576033,19.96544871025039,0.6391658804834912,2500.0,13.75,0.55,none,0.0,627.0
hot_weather,300,sensor_drift,751.0,109.54497686902818,110.64961100074603,652.1672533521078,1683.074190748586,67.83473118149017,54.03685638163957,8.350747457905058,0.17470846269372148,13.03100530093472,20.13308049655027,0.6391659109077883,2500.0,13.75,0.55,none,0.0,626.0
hot_weather,300,sensor_drift,752.0,109.54497200796037,109.82659184778844,651.4808304153546,1677.8065222509058,67.32691836388088,54.011055449695725,8.350747457905058,0.19759141531739552,13.017879692470016,19.786975346759654,0.6391659406076975,2500.0,13.75,0.55,none,0.0,625.0
hot_weather,300,sensor_drift,753.0,109.54496726263227,109.54562340611423,654.8705634953534,1682.1949254081107,67.10762400652789,54.603847600428686,8.350747457905058,0.14617292250762076,13.043115184258864,20.271662530082963,0.6391659696004658,2500.0,13.75,0.55,none,0.0,624.0
hot_weather,300,sensor_drift,754.0,109.54496263028817,109.75279933103049,655.2371017512959,1683.4044609280413,67.8537418542446,54.59825166745111,8.350747457905058,0.15384893206103112,13.06831017867066,20.046220839064926,0.6391659979029302,2500.0,13.75,0.55,none,0.0,623.0
hot_weather,300,sensor_drift,755.0,109.54495810823798,110.34115043185166,656.1300297468666,1676.964641826071,68.1043761515446,54.549208311650276,8.350747457905058,0.13907594971788578,12.937164670271526,19.89618421068521,0.6391660255315263,2500.0,13.75,0.55,none,0.0,622.0
hot_weather,300,sensor_drift,756.0,109.54495369385565,109.31378897226962,651.5948529091036,1681.9133339550974,67.41401410206826,53.1337539904256,8.350747457905058,0.23634938561260344,12.978629710948423,20.296018588589508,0.6391660525022987,2500.0,13.75,0.55,none,0.0,621.0
hot_weather,300,sensor_drift,757.0,109.54494938457766,109.89415516171324,649.6702496807791,1678.1071770565072,68.23569351980736,54.42104569996847,8.350747457905058,0.10533922008083775,13.093005925129232,19.76299947161806,0.6391660788309099,2500.0,13.75,0.55,none,0.0,620.0
hot_weather,300,sensor_drift,758.0,109.54494517790152,109.96780564302527,646.9165341624357,1687.1940424500579,67.88788513649186,54.36099674872423,8.350747457905058,0.13360834809760092,13.004317067798445,19.99791352135113,0.6391661045326495,2500.0,13.75,0.55,none,0.0,619.0
hot_weather,300,sensor_drift,759.0,109.54494107138434,109.63863407936311,657.3105907671162,1686.941872057823,67.81618174437702,54.43442119942399,8.350747457905058,0.2189185875741286,12.994055087236957,19.711117920672486,0.6391661296224428,2500.0,13.75,0.55,none,0.0,618.0
hot_weather,300,sensor_drift,760.0,109.54493706264138,110.13869036103073,654.7313211422894,1691.3202114301782,68.31462962644973,53.40341533122523,8.350747457905058,0.18753868433216372,13.076872753180615,20.123585582232007,0.6391661541148601,2500.0,13.75,0.55,none,0.0,617.0
hot_weather,300,sensor_drift,761.0,109.54493314934469,109.57593352409698,658.5367230642621,1688.8950644053716,67.2524693406284,54.91835395870812,8.350747457905058,0.2249674800271604,12.934981870028958,20.22158657869713,0.6391661780241246,2500.0,13.75,0.55,none,0.0,616.0
hot_weather,300,sensor_drift,762.0,109.54492932922172,109.36760917140609,655.2161799893827,1680.8922370432658,67.42043726504741,53.844347432756855,8.350747457905058,0.16733720799400378,12.960034590740003,19.837680796862493,0.639166201364121,2500.0,13.75,0.55,none,0.0,615.0
hot_weather,300,sensor_drift,763.0,109.54492560005406,109.05821364914934,656.3447966015278,1680.8975411528631,67.85879122917459,53.748681839370505,8.350747457905058,0.10310545919050004,13.0536890280405,19.90671554727263,0.6391662241484031,2500.0,13.75,0.55,none,0.0,614.0
hot_weather,300,sensor_drift,764.0,109.5449219596761,111.10247761083244,653.049081108253,1692.4716997166893,67.8600106867676,54.6888622619276,8.350747457905058,0.2670345840250588,13.072823744850766,20.2605579114683,0.6391662463902023,2500.0,13.75,0.55,none,0.0,613.0
hot_weather,300,sensor_drift,765.0,109.54491840597382,110.79072080987476,656.6106563763772,1679.224129119701,67.31293921377961,54.45489618116682,8.350747457905058,0.22286621409360985,13.065080767334939,20.002907838198965,0.6391662681024348,2500.0,13.75,0.55,none,0.0,612.0
hot_weather,300,sensor_drift,766.0,109.54491493688349,109.29955324831073,650.1715266556237,1677.4948215628215,67.02536341354134,54.43181766910281,8.350747457905058,0.1963186369807621,13.104278515158482,20.23705964548404,0.6391662892977094,2500.0,13.75,0.55,sensor_drift,0.002,611.0
hot_weather,300,sensor_drift,767.0,109.54491155039055,109.07843656856369,651.9080191044407,1688.4879491494999,68.21716259876833,54.2602123365898,8.350747457905058,0.18865720576303152,13.020385674063636,20.299597121135847,0.6391663099883347,2500.0,13.75,0.55,sensor_drift,0.003,610.0
hot_weather,300,sensor_drift,768.0,109.5449082445284,109.6788245756002,655.9201941365584,1678.0673560602752,66.93549882499975,53.37976434204329,8.350747457905058,0.17553606834548333,13.04298922111396,19.98569302594821,0.6391663301863258,2500.0,13.75,0.55,sensor_drift,0.005,609.0
hot_weather,300,sensor_drift,769.0,109.54490501737725,109.84321208258216,654.315140493501,1689.2277404480228,67.72502158469801,54.74677371212252,8.350747457905058,0.28182027393024367,12.997595026810439,20.152122015458723,0.6391663499034127,2500.0,13.75,0.55,sensor_drift,0.007,608.0
hot_weather,300,sensor_drift,770.0,109.54490186706303,109.10835785109992,655.1607085463728,1689.216072541026,67.14226041713846,54.37899108565674,8.350747457905058,0.17638179970696732,13.053163652822011,20.187472970050752,0.6391663691510449,2500.0,13.75,0.55,sensor_drift,0.008,607.0
hot_weather,300,sensor_drift,771.0,109.5448987917563,110.1671518754059,655.0749320668233,1686.08300366105,68.36832063274903,53.531741689846406,8.350747457905058,0.1882826540489682,12.937497730550437,19.763512367216947,0.6391663879404003,2500.0,13.75,0.55,sensor_drift,0.01,606.0
hot_weather,300,sensor_drift,772.0,109.54489578967114,109.55660774670685,658.1717643176565,1673.062341310764,67.54430776678208,54.58351510367699,8.350747457905058,0.2035888908532347,13.01767471543205,20.020445629377242,0.6391664062823901,2500.0,13.75,0.55,sensor_drift,0.011,605.0
hot_weather,300,sensor_drift,773.0,109.54489285906422,109.47151678921888,652.7964268577348,1679.9402577695394,67.59100084843547,54.63854260178891,8.350747457905058,0.22170910519164103,12.927252683262864,19.80549420558856,0.6391664241876657,2500.0,13.75,0.55,sensor_drift,0.013,604.0
hot_weather,300,sensor_drift,774.0,109.54488999823364,110.16789121607536,656.6958556360224,1692.3743735232974,67.32028757866608,54.81494059913792,8.350747457905058,0.24054171376490469,12.980629863109469,19.948687758803445,0.6391664416666253,2500.0,13.75,0.55,sensor_drift,0.015,603.0
hot_weather,300,sensor_drift,775.0,109.54488720551808,109.418760301601,656.3955778829699,1680.0460301059527,67.97213486726453,53.646792653623514,8.350747457905058,0.268220850607335,13.036076765352677,19.92831583341203,0.6391664587294191,2500.0,13.75,0.55,sensor_drift,0.016,602.0
hot_weather,300,sensor_drift,776.0,109.54488447929575,109.33009536449806,659.0468097758404,1686.5093331609096,67.54155200928325,54.2950778447881,8.350747457905058,0.2706718242317371,13.07335050327005,19.97714331934226,0.6391664753859561,2500.0,13.75,0.55,sensor_drift,0.018,601.0
hot_weather,300,sensor_drift,777.0,109.54488181798347,109.8220319963981,659.7591414537474,1689.0130882009169,66.79024269591156,54.054903719870396,8.350747457905058,0.21319359531579776,13.050920997426623,19.760839720775362,0.6391664916459088,2500.0,13.75,0.55,sensor_drift,0.02,600.0
hot_weather,300,sensor_drift,778.0,109.54487922003577,108.89632636218779,652.4366961921371,1676.9422549813528,68.03584262135058,54.92931615883603,8.350747457905058,0.13731294738876945,13.143734879396447,19.75050245408354,0.6391665075187197,2500.0,13.75,0.55,sensor_drift,0.021,599.0
hot_weather,300,sensor_drift,779.0,109.54487668394397,109.56411348740555,655.8438040442544,1686.419709755849,67.95426322346262,55.010885445170516,8.350747457905058,0.18808833291769897,12.989412740352408,19.92787263978642,0.6391665230136067,2500.0,13.75,0.55,sensor_drift,0.023,598.0
hot_weather,300,sensor_drift,780.0,109.5448742082353,109.33723883659033,655.6211570026662,1683.4659536291597,68.08252359044434,54.19322137471021,8.350747457905058,0.2023922746596517,13.128509330523363,20.140140024020543,0.6391665381395677,2500.0,13.75,0.55,sensor_drift,0.025,597.0
hot_weather,300,sensor_drift,781.0,109.54487179147208,109.21754130122473,653.2631774345493,1682.10199024488,68.66270587645565,53.75766853042395,8.350747457905058,0.2312864072900722,12.907181918849762,20.388682346772985,0.6391665529053868,2500.0,13.75,0.55,sensor_drift,0.026,596.0
hot_weather,300,sensor_drift,782.0,109.54486943225083,108.62445514538531,653.5853210945585,1683.639473227034,68.16609278696463,54.58294223584457,8.350747457905058,0.231019363427818,13.034914355422607,20.237341742557646,0.6391665673196387,2500.0,13.75,0.55,sensor_drift,0.028,595.0
hot_weather,300,sensor_drift,783.0,109.54486712920153,109.89962726632355,655.5981120276992,1690.9963605221715,67.57541717376935,53.86005660662987,8.350747457905058,0.2177017905412058,12.974731671844104,19.823487769781636,0.6391665813906943,2500.0,13.75,0.55,sensor_drift,0.029,594.0
hot_weather,300,sensor_drift,784.0,109.54486488098674,110.22129079653264,654.5030138414382,1686.7667578162598,67.7412241930366,53.67109697889293,8.350747457905058,0.24908705669606368,13.047325782844014,20.119916454374586,0.6391665951267247,2500.0,13.75,0.55,sensor_drift,0.031,593.0
hot_weather,300,sensor_drift,785.0,109.54486268630086,109.76481330118459,650.9280465642581,1685.083295825995,67.57574961851988,54.37691037522118,8.350747457905058,0.24094863858124838,12.855208191237876,19.78885846355815,0.6391666085357066,2500.0,13.75,0.55,sensor_drift,0.033,592.0
hot_weather,300,sensor_drift,786.0,109.54486054386942,110.14401216886536,655.7340678888615,1686.370282982286,67.71420389344405,55.02603520353514,8.350747457905058,0.2527480012142368,13.048031227427767,19.85583415474923,0.639166621625427,2500.0,13.75,0.55,sensor_drift,0.034,591.0
hot_weather,300,sensor_drift,787.0,109.54485845244824,109.59889804288265,650.974090153147,1683.0412250845845,68.29065256338642,53.88217639176932,8.350747457905058,0.24843022220266847,12.964589018150884,20.285094605383897,0.6391666344034876,2500.0,13.75,0.55,sensor_drift,0.036,590.0
hot_weather,300,sensor_drift,788.0,109.5448564108228,109.25217327279782,653.7453652757586,1689.0113232507363,67.49277535940362,55.66096129438587,8.350747457905058,0.14402950329378708,13.139474991675105,19.909341686854706,0.6391666468773086,2500.0,13.75,0.55,sensor_drift,0.038,589.0
hot_weather,300,sensor_drift,789.0,109.5448544178075,110.33593450409495,654.7954338592417,1684.4636739839193,68.15400341968132,54.12704129871685,8.350747457905058,0.22647815820578293,13.005469353110804,19.701154364500532,0.6391666590541338,2500.0,13.75,0.55,sensor_drift,0.039,588.0
hot_weather,300,sensor_drift,790.0,109.54485247224494,109.74243228440729,648.74166845143,1683.0070295836556,67.78469436949219,54.07700220193327,8.350747457905058,0.184744025727387,13.001525649013205,19.912097172224705,0.6391666709410347,2500.0,13.75,0.55,sensor_drift,0.041,587.0
hot_weather,300,sensor_drift,791.0,109.5448505730053,110.09016096042022,655.313732518396,1690.8584009418312,66.85524491948928,54.26781784576697,8.350747457905058,0.23699346078814335,12.972308627771577,19.649731182753904,0.639166682544914,2500.0,13.75,0.55,sensor_drift,0.042,586.0
hot_weather,300,sensor_drift,792.0,109.54484871898566,110.41020586291978,653.5560075566339,1682.976357223613,67.95008716932884,55.07514989083511,8.350747457905058,0.2950802195686111,13.119683919508743,19.99690526827142,0.6391666938725107,2500.0,13.75,0.55,sensor_drift,0.044,585.0
hot_weather,300,sensor_drift,793.0,109.54484690910934,110.37356921713504,653.96114915607,1687.2777165104255,67.90838658241263,53.53793144696338,8.350747457905058,0.25577176379622146,12.968581248734099,20.036493547531894,0.6391667049304026,2500.0,13.75,0.55,sensor_drift,0.046,584.0
hot_weather,300,sensor_drift,794.0,109.54484514232531,110.16857646858637,651.2258892391819,1679.3067316368765,67.4374262670967,53.58697358757195,8.350747457905058,0.1231166985514763,13.002255267485141,19.64966467740534,0.6391667157250112,2500.0,13.75,0.55,sensor_drift,0.047,583.0
hot_weather,300,sensor_drift,795.0,109.54484341760757,109.75733445208778,650.1245408243814,1684.9807612662364,66.94490774770286,54.29768945890398,8.350747457905058,0.16379390609618133,12.967603672912544,19.90323372308294,0.6391667262626055,2500.0,13.75,0.55,sensor_drift,0.049,582.0
hot_weather,300,sensor_drift,796.0,109.54484173395453,109.39518184913891,653.8155259197641,1680.8527008139974,66.52171409266879,54.00908154439721,8.350747457905058,0.12206011993309962,13.085916043494363,19.769903915467566,0.6391667365493047,2500.0,13.75,0.55,sensor_drift,0.051,581.0
hot_weather,300,sensor_drift,797.0,109.54484009038848,110.19972811002681,652.9831861572547,1690.9157487429793,67.54511403288447,54.40012733785042,8.350747457905058,0.17438516579551017,13.011133117276918,19.816065580110475,0.6391667465910823,2500.0,13.75,0.55,sensor_drift,0.052,580.0
hot_weather,300,sensor_drift,798.0,109.54483848595494,110.39687145056978,653.1090315578996,1679.9332207031962,67.05954042670952,54.66959914686325,8.350747457905058,0.14081173916065745,13.050031620974481,20.17627323410151,0.6391667563937701,2500.0,13.75,0.55,sensor_drift,0.054,579.0
hot_weather,300,sensor_drift,799.0,109.5448369197222,110.20338029926029,653.01176907935,1682.4412874414363,68.22799174521207,53.71698888358525,8.350747457905058,0.22171716538182967,13.057008709878607,19.80896584375657,0.6391667659630605,2500.0,13.75,0.55,sensor_drift,0.056,578.0
hot_weather,300,sensor_drift,800.0,109.54483539078072,110.17963712523387,650.5239606249357,1678.3669341090128,66.72353469303316,54.24438381600836,8.350747457905058,0.21231130909018092,12.986364072838697,19.748829412939447,0.6391667753045108,2500.0,13.75,0.55,sensor_drift,0.057,577.0
hot_weather,300,sensor_drift,801.0,109.54483389824262,110.04433722871723,655.1276984022495,1679.8500783382826,67.42084949375091,54.02690928241889,8.350747457905058,0.22105229863980067,13.062536377622829,19.735431795128036,0.6391667844235456,2500.0,13.75,0.55,sensor_drift,0.059,576.0
hot_weather,300,sensor_drift,802.0,109.54483244124113,110.31416638951978,655.1247180894604,1683.2062907278687,68.2519363352253,54.99003881300229,8.350747457905058,0.189678621903366,13.06706526666274,20.03463270529447,0.6391667933254603,2500.0,13.75,0.55,sensor_drift,0.06,575.0
hot_weather,300,sensor_drift,803.0,109.54483101893015,109.5806942654116,648.9977887454476,1686.4251411519801,67.25455857559083,54.134720959104506,8.350747457905058,0.26816837318482056,13.006758019342849,19.979426623047576,0.6391668020154248,2500.0,13.75,0.55,sensor_drift,0.062,574.0
hot_weather,300,sensor_drift,804.0,109.54482963048372,110.14786392377279,652.9627412782306,1686.7477335114113,68.26027221395684,54.55478155469464,8.350747457905058,0.1582341266663234,13.013142022161675,19.96691392051473,0.6391668104984853,2500.0,13.75,0.55,sensor_drift,0.064,573.0
hot_weather,300,sensor_drift,805.0,109.54482827509554,111.03966683015938,659.6026078367992,1684.6265994304674,68.08129768335387,54.545230144680296,8.350747457905058,0.14329371700354487,13.00412519573057,20.04550465543802,0.6391668187795683,2500.0,13.75,0.55,sensor_drift,0.065,572.0
hot_weather,300,sensor_drift,806.0,109.54482695197851,111.65971848232536,654.0722687619683,1684.9286354176631,67.60803030355356,54.76092999062782,8.350747457905058,0.23736019293463945,13.07325508536531,19.977989980606726,0.6391668268634826,2500.0,13.75,0.55,sensor_drift,0.067,571.0
hot_weather,300,sensor_drift,807.0,109.54482566036425,109.96533926667661,652.5987509309115,1685.5337032928715,67.7406782177223,53.7923420632184,8.350747457905058,0.2091190161798554,13.0059015179852,20.11310598119439,0.6391668347549229,2500.0,13.75,0.55,sensor_drift,0.069,570.0
hot_weather,300,sensor_drift,808.0,109.54482439950273,109.49952132812224,651.1126670310013,1682.333964931515,67.78531955455846,53.37570062181362,8.350747457905058,0.18554929006153587,13.0516628261659,19.9673510169461,0.6391668424584714,2500.0,13.75,0.55,sensor_drift,0.07,569.0
hot_weather,300,sensor_drift,809.0,109.54482316866171,110.4567164053011,649.444085476751,1689.3909317028154,67.657305929622,55.003832669084666,8.350747457905058,0.28257704304796527,13.014684384774927,19.953741713091624,0.6391668499786024,2500.0,13.75,0.55,sensor_drift,0.072,568.0
hot_weather,300,sensor_drift,810.0,109.54482196712644,109.87812442778504,657.5343000470126,1674.2921257898,67.69348788765545,53.70680258330571,8.350747457905058,0.25469601346877324,13.040530859834051,20.073005279185097,0.6391668573196825,2500.0,13.75,0.55,sensor_drift,0.074,567.0
hot_weather,300,sensor_drift,811.0,109.54482079419914,110.57395677952964,654.3944177972705,1673.9309332327916,67.92901372184053,53.76688702528321,8.350747457905058,0.13775984110453204,12.966988024182307,20.143347854389855,0.6391668644859752,2500.0,13.75,0.55,sensor_drift,0.075,566.0
hot_weather,300,sensor_drift,812.0,109.54481964919869,110.6433398357542,656.1488797944387,1689.479930660011,68.31330922147558,54.91739967982634,8.350747457905058,0.22800311947667426,13.002773033105473,20.02524484934706,0.6391668714816416,2500.0,13.75,0.55,sensor_drift,0.077,565.0
hot_weather,300,sensor_drift,813.0,109.54481853146015,110.84451471250956,657.1005211317535,1680.469765830541,68.41226343375006,54.57295258532863,8.350747457905058,0.2724776891716493,13.024807040162864,19.861313746401244,0.6391668783107446,2500.0,13.75,0.55,sensor_drift,0.078,564.0
hot_weather,300,sensor_drift,814.0,109.54481744033444,110.15741949180726,655.0652557310094,1674.7212849857283,68.98557886396435,53.53256658872321,8.350747457905058,0.23477909339638625,12.978261405772725,20.070808476075136,0.6391668849772499,2500.0,13.75,0.55,sensor_drift,0.08,563.0
hot_weather,300,sensor_drift,815.0,109.5448163751879,110.79951289233976,649.9600850161964,1687.3229631667168,66.51917172919858,54.08289947942951,8.350747457905058,0.2187852519111111,13.060258210859027,19.9303739052477,0.639166891485029,2500.0,13.75,0.55,sensor_drift,0.082,562.0
hot_weather,300,sensor_drift,816.0,109.544815335402,110.65604923050948,654.4512246981855,1691.8299461642198,67.95823833832618,54.228268087712166,8.350747457905058,0.2230464934414325,13.032342775549711,20.14651313749578,0.6391668978378608,2500.0,13.75,0.55,sensor_drift,0.083,561.0
hot_weather,300,sensor_drift,817.0,109.54481432037291,110.29207869638668,653.4199836601148,1690.5623978996125,67.32118487132735,54.59409185783845,8.350747457905058,0.167289353283191,13.049471791331266,19.813295991146344,0.639166904039435,2500.0,13.75,0.55,sensor_drift,0.085,560.0
hot_weather,300,sensor_drift,818.0,109.54481332951117,110.78736348376741,650.6957624111711,1683.3247799459987,67.89645563639648,54.443428652942444,8.350747457905058,0.2051763756451336,13.01129149814859,20.11122152025664,0.6391669100933524,2500.0,13.75,0.55,sensor_drift,0.087,559.0
hot_weather,300,sensor_drift,819.0,109.54481236224139,109.92630810916124,657.1321652139956,1683.554933919234,67.58713355426698,54.36633009237769,8.350747457905058,0.255556469390216,13.128129675034527,19.86556622736904,0.6391669160031289,2500.0,13.75,0.55,sensor_drift,0.088,558.0
hot_weather,300,sensor_drift,820.0,109.54481141800183,110.36142290758862,656.1889656785692,1685.4814386645417,67.17131479167003,52.689032474021126,8.350747457905058,0.22017762539471336,13.133125232043911,19.955981819649097,0.6391669217721966,2500.0,13.75,0.55,sensor_drift,0.09,557.0
hot_weather,300,sensor_drift,821.0,109.54481049624417,111.1599473757691,661.6005001596342,1675.4081987650102,67.71228735709803,53.67290497568689,8.350747457905058,0.226030418593848,12.955523715975081,19.87397961793389,0.6391669274039055,2500.0,13.75,0.55,sensor_drift,0.092,556.0
hot_weather,300,sensor_drift,822.0,109.54480959643311,110.11088335522638,652.4084311671598,1686.962829826682,68.422867248201,54.5115271183467,8.350747457905058,0.21753982097214028,13.073961175269762,19.962047980518243,0.6391669329015262,2500.0,13.75,0.55,sensor_drift,0.093,555.0
hot_weather,300,sensor_drift,823.0,109.54480871804614,110.62946959793207,653.8705547867227,1680.4419691539274,67.1089683931875,53.98426966001778,8.350747457905058,0.1860911656961461,13.098234155047388,20.256918548263112,0.6391669382682509,2500.0,13.75,0.55,sensor_drift,0.095,554.0
hot_weather,300,sensor_drift,824.0,109.54480786057314,111.14782650484375,651.8734416823095,1687.1034474986268,67.17846518380247,54.24306922818952,8.350747457905058,0.29364338661050493,13.047198232054747,20.34512363320619,0.6391669435071965,2500.0,13.75,0.55,sensor_drift,0.096,553.0
hot_weather,300,sensor_drift,825.0,109.54480702351617,110.75426027753556,647.4520008303365,1682.4944403157695,68.4932090900216,53.42848144517481,8.350747457905058,0.15088219265796715,12.92289090874028,19.86279033587157,0.6391669486214053,2500.0,13.75,0.55,sensor_drift,0.098,552.0
hot_weather,300,sensor_drift,826.0,109.54480620638913,109.40812210511241,652.09986430608,1678.6453597097725,67.00696900761262,53.80631120982113,8.350747457905058,0.13608814702665256,12.98737351297817,19.995593579252464,0.6391669536138473,2500.0,13.75,0.55,sensor_drift,0.1,551.0
hot_weather,300,sensor_drift,827.0,109.54480540871748,110.13591468625035,648.5959128763911,1683.5175589960015,67.1550743082455,54.50549409000264,8.350747457905058,0.2138423175259924,13.041233027045093,20.081109614570256,0.6391669584874217,2500.0,13.75,0.55,sensor_drift,0.101,550.0
hot_weather,300,sensor_drift,828.0,109.54480463003802,110.99237570338619,656.3824287318665,1679.3860651490281,67.60162538690138,54.59699884439324,8.350747457905058,0.07798657240844598,13.084370128055369,20.057003139700825,0.6391669632449585,2500.0,13.75,0.55,sensor_drift,0.103,549.0
hot_weather,300,sensor_drift,829.0,109.54480386989854,110.57495674524266,657.3883660730773,1682.0725772085596,67.11085581050098,53.88252402635263,8.350747457905058,0.22729723916817082,13.087138758349125,19.92865946886319,0.6391669678892207,2500.0,13.75,0.55,sensor_drift,0.105,548.0
hot_weather,300,sensor_drift,830.0,109.54480312785763,110.8801585209528,649.857746603613,1687.0133349274279,67.89113981964887,54.71289598151587,8.350747457905058,0.19914563595589363,12.927825136858946,20.02281904666444,0.639166972422905,2500.0,13.75,0.55,sensor_drift,0.106,547.0
hot_weather,300,sensor_drift,831.0,109.54480240348435,110.48877086447649,646.8513927919181,1683.0031573710573,67.78049542360452,53.42861473659558,8.350747457905058,0.19257721118695506,13.104671283480942,20.214644542749806,0.6391669768486448,2500.0,13.75,0.55,sensor_drift,0.108,546.0
hot_weather,300,sensor_drift,832.0,109.54480169635806,109.97011585879422,654.587701202169,1681.7623445541371,68.19302381244597,54.21555252181386,8.350747457905058,0.1919962962437366,13.002393800936648,19.58238755947655,0.6391669811690097,2500.0,13.75,0.55,sensor_drift,0.109,545.0
hot_weather,300,sensor_drift,833.0,109.54480100606811,110.07595190829511,648.5418437445736,1683.3852032174202,68.31474768919006,54.11612059744625,8.350747457905058,0.18572260103896376,12.978979519947332,19.79134224482012,0.6391669853865087,2500.0,13.75,0.55,sensor_drift,0.111,544.0
hot_weather,300,sensor_drift,834.0,109.54480033221364,110.70843401948706,652.3115510816106,1690.745293631814,66.99526386808945,54.094379352536045,8.350747457905058,0.21148533792477373,13.087235536829532,20.155219756049842,0.639166989503591,2500.0,13.75,0.55,sensor_drift,0.113,543.0
hot_weather,300,sensor_drift,835.0,109.54479967440332,110.45829366284815,647.7842257425779,1676.4872035671503,67.95411771932459,54.25951912405987,8.350747457905058,0.19521048114254352,13.065744281128238,19.851610702389966,0.6391669935226476,2500.0,13.75,0.55,sensor_drift,0.114,542.0
hot_weather,300,sensor_drift,836.0,109.54479903225516,110.335245845539,659.3665373566419,1681.1071057096724,66.90635640135837,53.721882474030615,8.350747457905058,0.15825693415602704,12.958104618453858,19.887817469841973,0.6391669974460124,2500.0,13.75,0.55,sensor_drift,0.116,541.0
hot_weather,300,sensor_drift,837.0,109.54479840539622,110.87649924383715,656.5915270124536,1680.3524819568452,67.57554077150718,54.34343208253371,8.350747457905058,0.24049111123069378,13.009273568858672,19.88164705495296,0.6391670012759637,2500.0,13.75,0.55,sensor_drift,0.118,540.0
hot_weather,300,sensor_drift,838.0,109.54479779346251,110.93972211003991,648.2769239926524,1681.6297320283666,67.75751810494492,54.707204434658976,8.350747457905058,0.19217210622520822,13.03735786845865,19.446612404279467,0.6391670050147258,2500.0,13.75,0.55,sensor_drift,0.119,539.0
hot_weather,300,sensor_drift,839.0,109.54479719609864,111.87320130986748,654.8555605422213,1687.0899651427787,66.99478048239045,54.01698846371993,8.350747457905058,0.15947654352066115,12.987090708650681,19.89146998670017,0.6391670086644696,2500.0,13.75,0.55,sensor_drift,0.121,538.0
hot_weather,300,sensor_drift,840.0,109.54479661295773,111.62131040392971,656.2665523832176,1679.288901477932,67.27839575123518,54.3751660956456,8.350747457905058,0.22061861614873066,13.003375400301625,19.927564991170662,0.6391670122273149,2500.0,13.75,0.55,sensor_drift,0.123,537.0
hot_weather,300,sensor_drift,841.0,109.54479604370111,110.89537459767158,650.3267812945788,1670.490870262883,68.08691139932094,53.86835538303134,8.350747457905058,0.24092305957797244,13.029504609305341,19.61472655358003,0.6391670157053304,2500.0,13.75,0.55,sensor_drift,0.124,536.0
hot_weather,300,sensor_drift,842.0,109.54479548799823,110.26733637411256,652.931029327722,1694.421211822886,67.9358094198628,53.76065797609773,8.350747457905058,0.16020504340890238,13.09480466643201,19.856345076023352,0.6391670191005361,2500.0,13.75,0.55,sensor_drift,0.126,535.0
hot_weather,300,sensor_drift,843.0,109.54479494552636,110.01661287359487,653.2765377793526,1690.8143550949594,68.31714081179001,54.301451707414834,8.350747457905058,0.2029951626722275,12.946196268094791,19.73938766487614,0.6391670224149035,2500.0,13.75,0.55,sensor_drift,0.127,534.0
hot_weather,300,sensor_drift,844.0,109.5447944159705,111.23422350298574,657.805019476107,1680.4826853843192,67.11320150036448,53.7868611618519,8.350747457905058,0.19980867653774137,12.949935606430671,19.970546689846955,0.6391670256503575,2500.0,13.75,0.55,sensor_drift,0.129,533.0
hot_weather,300,sensor_drift,845.0,109.5447938990231,109.96325298499086,647.8457874230235,1679.9961670167386,68.39367919277292,54.78985990406659,8.350747457905058,0.14111086776049067,12.979957178110308,20.236082568578034,0.6391670288087768,2500.0,13.75,0.55,sensor_drift,0.131,532.0
hot_weather,300,sensor_drift,846.0,109.54479339438399,111.65780865969826,654.9966684623766,1686.1350777032924,67.90552275412755,53.366575094425095,8.350747457905058,0.11799443244273318,12.957672503645282,19.726321732808408,0.6391670318919958,2500.0,13.75,0.55,sensor_drift,0.132,531.0
hot_weather,300,sensor_drift,847.0,109.54479290176009,110.33797128620824,653.4931697629373,1678.9859387116019,67.27582557587415,53.82928195280444,8.350747457905058,0.20905388133682293,12.99284076587609,19.782208543577404,0.6391670349018046,2500.0,13.75,0.55,sensor_drift,0.134,530.0
hot_weather,300,sensor_drift,848.0,109.54479242086533,111.51629675302239,659.6771481207185,1691.8854073175103,66.65586556253422,55.01981891088747,8.350747457905058,0.12540963503654562,13.064217592078114,19.891636412361116,0.6391670378399512,2500.0,13.75,0.55,sensor_drift,0.136,529.0
hot_weather,300,sensor_drift,849.0,109.54479195142045,110.71130777889658,656.1294046670236,1677.0505667596312,67.6044484389218,54.235889034057195,8.350747457905058,0.1397284534459836,13.084528206521782,20.06707453239702,0.6391670407081422,2500.0,13.75,0.55,sensor_drift,0.137,528.0
hot_weather,300,sensor_drift,850.0,109.54479149315283,110.27618894445206,652.3779808692559,1683.1157989275007,67.28725512959853,54.104436445627975,8.350747457905058,0.2137823660414665,12.942383992067604,20.434705759508066,0.6391670435080428,2500.0,13.75,0.55,sensor_drift,0.139,527.0
hot_weather,300,sensor_drift,851.0,109.54479104579633,111.74699999415665,651.338305401469,1688.9025095179175,67.55474345877057,53.71008157761314,8.350747457905058,0.17333644397694029,13.016485129427688,20.22384959527178,0.6391670462412792,2500.0,13.75,0.55,sensor_drift,0.141,526.0
hot_weather,300,sensor_drift,852.0,109.54479060909118,111.06597989807206,652.4865293655831,1684.1115707126094,67.95303424446669,53.64604548220612,8.350747457905058,0.2338184727203243,12.995804038042525,20.079038556888065,0.6391670489094385,2500.0,13.75,0.55,sensor_drift,0.142,525.0
hot_weather,300,sensor_drift,853.0,109.54479018278377,110.93203749135026,651.7544073556411,1676.6930987068313,67.80372762049224,53.08391960216224,8.350747457905058,0.18543911771196153,13.066785071228626,20.1950952180435,0.6391670515140702,2500.0,13.75,0.55,sensor_drift,0.144,524.0
hot_weather,300,sensor_drift,854.0,109.54478976662654,110.90156205538526,658.6844630240149,1678.7815847517588,67.40712887951906,53.46602497609508,8.350747457905058,0.18162393409580077,12.970111576324914,20.23718510555672,0.6391670540566868,2500.0,13.75,0.55,sensor_drift,0.145,523.0
hot_weather,300,sensor_drift,855.0,109.5447893603778,111.22559916495267,645.9982536384551,1685.1291617848585,67.68572529807298,53.331015498834645,8.350747457905058,0.10554276955632064,13.010641607719737,20.048194416596107,0.639167056538765,2500.0,13.75,0.55,sensor_drift,0.147,522.0
hot_weather,300,sensor_drift,856.0,109.54478896380166,110.46796114930656,656.9691035217354,1680.8351023499483,68.02209811895563,54.804960243052626,8.350747457905058,0.2499345606222257,13.056537738527387,20.411780619294525,0.6391670589617461,2500.0,13.75,0.55,sensor_drift,0.149,521.0
hot_weather,300,sensor_drift,857.0,109.54478857666781,110.88817374707367,649.6353091140808,1680.8156705084293,68.0955525408416,54.311820389300514,8.350747457905058,0.2015086867406112,13.03339138907151,20.022806302855894,0.639167061327037,2500.0,13.75,0.55,sensor_drift,0.15,520.0
hot_weather,300,sensor_drift,858.0,109.54478819875143,110.95785661151484,650.8673401385728,1689.3054855500864,67.91656120316607,52.953401404966996,8.350747457905058,0.2217030647858662,13.092824301688607,19.973290168137623,0.6391670636360117,2500.0,13.75,0.55,sensor_drift,0.152,519.0
hot_weather,300,sensor_drift,859.0,109.54478782983307,111.55720025980256,654.3025122807059,1676.4899289994266,67.4752617412074,53.88814732243469,8.350747457905058,0.13931305993761772,13.01627666210067,19.845809924080285,0.6391670658900107,2500.0,13.75,0.55,sensor_drift,0.154,518.0
hot_weather,300,sensor_drift,860.0,109.54478746969848,110.78448424979933,659.356692283365,1683.4367466481726,67.81713114454043,54.54191812257062,8.350747457905058,0.2260643211499522,13.042455328207437,19.850815635312614,0.639167068090343,2500.0,13.75,0.55,sensor_drift,0.155,517.0
hot_weather,300,sensor_drift,861.0,109.54478711813852,112.14965524181588,649.5838059027835,1680.5101829330931,67.59365625207447,53.80929558513239,8.350747457905058,0.197005715210195,12.948884168051656,20.359713597319615,0.6391670702382866,2500.0,13.75,0.55,sensor_drift,0.157,516.0
hot_weather,300,sensor_drift,862.0,109.54478677494903,110.37323906289964,652.6345454424675,1688.7365092682116,67.76880758750652,54.76323640130932,8.350747457905058,0.21074060173458697,12.8868864830072,19.34253519468386,0.6391670723350884,2500.0,13.75,0.55,sensor_drift,0.158,515.0
hot_weather,300,sensor_drift,863.0,109.54478643993072,111.41585414241185,660.0591443336116,1682.8041841480472,67.74505264495231,54.06036492529651,8.350747457905058,0.2239684389828028,12.997431477323186,19.99436497802001,0.6391670743819665,2500.0,13.75,0.55,sensor_drift,0.16,514.0
hot_weather,300,sensor_drift,864.0,109.54478611288904,111.43071290697333,653.2830699390823,1687.6020499566412,67.34266179989791,54.831526782429684,8.350747457905058,0.256229708573206,13.064104377769775,20.10223835663129,0.6391670763801094,2500.0,13.75,0.55,sensor_drift,0.162,513.0
hot_weather,300,sensor_drift,865.0,109.54478579363406,111.12527030034974,655.971927454887,1689.8537799139156,67.84280152472589,53.5454653829681,8.350747457905058,0.2513530281279177,12.960728684582763,20.001010508195712,0.6391670783306775,2500.0,13.75,0.55,sensor_drift,0.163,512.0
hot_weather,300,sensor_drift,866.0,109.5447854819804,110.89525496672687,652.781608481615,1673.6979319957281,67.65029130562507,54.290509019842126,8.350747457905058,0.15402342283372297,12.957421204806515,20.353816133978157,0.6391670802348035,2500.0,13.75,0.55,sensor_drift,0.165,511.0
hot_weather,300,sensor_drift,867.0,109.54478517774706,110.63380677884355,654.4594904067433,1684.4777217603978,67.8003546254594,54.70209487081035,8.350747457905058,0.1640776297842939,12.934401122077166,20.03264587888903,0.6391670820935932,2500.0,13.75,0.55,sensor_drift,0.167,510.0
hot_weather,300,sensor_drift,868.0,109.54478488075736,112.18572493925713,655.2674170895984,1680.557226287288,67.48773345915913,54.26651000227392,8.350747457905058,0.19740182231575773,13.05907829512473,19.885090537696527,0.6391670839081259,2500.0,13.75,0.55,sensor_drift,0.168,509.0
hot_weather,300,sensor_drift,869.0,109.54478459083886,111.13905107756027,659.6437968091828,1681.5756067395323,67.28979280536879,53.830805987020526,8.350747457905058,0.22044074644094147,13.09143566761971,19.839417587893493,0.6391670856794556,2500.0,13.75,0.55,sensor_drift,0.17,508.0
hot_weather,300,sensor_drift,870.0,109.54478430782318,111.48323191089085,653.7855258292282,1691.0592686066768,67.42599336005158,53.73259193311172,8.350747457905058,0.09811747010493528,12.968028573784977,20.305581876963053,0.6391670874086106,2500.0,13.75,0.55,sensor_drift,0.172,507.0
hot_weather,300,sensor_drift,871.0,109.54478403154596,111.42565770438895,652.6437594361353,1687.5274209690242,67.81244658720088,53.711892625169384,8.350747457905058,0.15474063647550018,13.042923465638362,19.77552692936722,0.6391670890965953,2500.0,13.75,0.55,sensor_drift,0.173,506.0
hot_weather,300,sensor_drift,872.0,109.54478376184677,111.5493770934007,660.9428197272673,1687.174388496625,66.75369689051142,53.91096179237025,8.350747457905058,0.2686557494109627,12.979487606993656,19.989951568066626,0.6391670907443899,2500.0,13.75,0.55,sensor_drift,0.175,505.0
hot_weather,300,sensor_drift,873.0,109.54478349856899,112.39776369662182,656.0263222403277,1684.6054376951706,66.97914981000886,54.2864271964873,8.350747457905058,0.2204538567225246,13.042759202523085,20.106139793255867,0.6391670923529513,2500.0,13.75,0.55,sensor_drift,0.176,504.0
hot_weather,300,sensor_drift,874.0,109.54478324155973,110.64681922649487,657.4346608805513,1680.0150884739815,67.47763255537137,54.41153260361004,8.350747457905058,0.2739753400310381,12.992878794833922,19.962678904823388,0.6391670939232137,2500.0,13.75,0.55,sensor_drift,0.178,503.0
hot_weather,300,sensor_drift,875.0,109.54478299066973,110.86282180656619,658.5002075628729,1685.2667629495345,67.54582262285122,53.38847461574873,8.350747457905058,0.23161716608057448,13.128665521129188,19.9295083371053,0.639167095456089,2500.0,13.75,0.55,sensor_drift,0.18,502.0
hot_weather,300,sensor_drift,876.0,109.54478274575331,111.19813866985218,655.757575116286,1685.611230543304,67.54031437875872,53.91959886072379,8.350747457905058,0.23655661993862787,13.030553434394392,19.945278102185313,0.639167096952467,2500.0,13.75,0.55,sensor_drift,0.181,501.0
hot_weather,300,sensor_drift,877.0,109.54478250666823,111.10139085285005,656.3487945601828,1690.4801560697179,66.90552680753042,54.30855078213288,8.350747457905058,0.17922076058882386,12.972595326894442,20.0096515764918,0.6391670984132172,2500.0,13.75,0.55,sensor_drift,0.183,500.0
hot_weather,300,sensor_drift,878.0,109.54478227327566,111.17154278871182,651.4778734931624,1688.4548235916236,67.5663270035035,54.84769712858054,8.350747457905058,0.1746182583358175,13.007822300995432,20.16147528499987,0.6391670998391874,2500.0,13.75,0.55,sensor_drift,0.185,499.0
hot_weather,300,sensor_drift,879.0,109.54478204544004,111.93147887383351,656.1138759720058,1681.8870270587274,67.88245611231537,54.15913286744388,8.350747457905058,0.21638583341835374,12.979642382888299,20.188276436250895,0.639167101231206,2500.0,13.75,0.55,sensor_drift,0.186,498.0
hot_weather,300,sensor_drift,880.0,109.5447818230291,111.2584866571747,651.3315124172854,1684.4111330953865,68.15797945600896,54.02600070134949,8.350747457905058,0.20170080532191118,13.084691035420244,20.093593033875447,0.6391671025900812,2500.0,13.75,0.55,sensor_drift,0.188,497.0
hot_weather,300,sensor_drift,881.0,109.54478160591364,111.10305665555121,650.4672471779036,1676.3595530745624,67.16126588343701,54.41942978102618,8.350747457905058,0.20180840519513887,13.007483154370012,20.063786442757316,0.6391671039166024,2500.0,13.75,0.55,sensor_drift,0.19,496.0
hot_weather,300,sensor_drift,882.0,109.54478139396761,111.60269722643405,655.575295383019,1674.9023677183357,67.45153541673722,53.718529535500565,8.350747457905058,0.15778680042294643,12.987938130079108,20.035428997058123,0.6391671052115396,2500.0,13.75,0.55,sensor_drift,0.191,495.0
hot_weather,300,sensor_drift,883.0,109.54478118706791,111.39951998809585,657.7556089698988,1688.1321134980117,67.17343206730386,55.0317548175558,8.350747457905058,0.08222310544909626,13.052226468283676,20.436836771146048,0.6391671064756452,2500.0,13.75,0.55,sensor_drift,0.193,494.0
hot_weather,300,sensor_drift,884.0,109.54478098509439,112.08784335074739,653.6085564849948,1685.9620782658817,66.91979506713696,54.66450971929878,8.350747457905058,0.23124888771967714,13.053548607158048,19.772128711845834,0.6391671077096528,2500.0,13.75,0.55,sensor_drift,0.194,493.0
hot_weather,300,sensor_drift,885.0,109.54478078792977,112.06869599131726,653.235277420709,1678.0640822525547,67.55639731721281,53.61765028917399,8.350747457905058,0.19443863224786856,12.980805161008623,20.040710698783005,0.6391671089142794,2500.0,13.75,0.55,sensor_drift,0.196,492.0
hot_weather,300,sensor_drift,886.0,109.54478059545954,112.15046140781918,654.444932560681,1680.3404683508759,67.77222109226503,54.03789821813032,8.350747457905058,0.2670495398328772,12.983778860016958,19.985483208724787,0.6391671100902243,2500.0,13.75,0.55,sensor_drift,0.198,491.0
hot_weather,300,sensor_drift,887.0,109.54478040757193,112.07307199815037,653.2770283868348,1685.737593831827,68.1047476911948,53.96435479354682,8.350747457905058,0.14109164501702526,13.027410606713675,19.594491088212802,0.6391671112381707,2500.0,13.75,0.55,sensor_drift,0.199,490.0
hot_weather,300,sensor_drift,888.0,109.54478022415785,111.60767627861105,656.7426569978077,1680.0177236271934,67.25896642368447,54.03660632928351,8.350747457905058,0.1882195397814366,13.09508394601662,20.218100958042452,0.6391671123587849,2500.0,13.75,0.55,sensor_drift,0.201,489.0
hot_weather,300,sensor_drift,889.0,109.54478004511076,111.75135010338435,654.7298592208039,1685.459929935288,68.14179360625023,53.64892489895696,8.350747457905058,0.16048516629420057,12.98186164772209,20.014676007616938,0.6391671134527178,2500.0,13.75,0.55,sensor_drift,0.203,488.0
hot_weather,300,sensor_drift,890.0,109.54477987032669,111.54268357674923,655.735497272,1681.5225970547497,68.52765740001777,53.971864088662166,8.350747457905058,0.15925701342040582,13.04372812823782,20.43631144136632,0.6391671145206048,2500.0,13.75,0.55,sensor_drift,0.204,487.0
hot_weather,300,sensor_drift,891.0,109.54477969970415,111.87989534841189,649.4637326429639,1683.682025038841,68.26138019178615,54.18035031799436,8.350747457905058,0.11071739496857247,13.063985685193394,20.358413540175455,0.6391671155630658,2500.0,13.75,0.55,sensor_drift,0.206,486.0
hot_weather,300,sensor_drift,892.0,109.54477953314405,111.17551863194727,652.1948542540456,1680.2193699648328,68.51329189194098,54.05138372477737,8.350747457905058,0.13751942116683055,13.024029005607504,19.970662829938586,0.6391671165807065,2500.0,13.75,0.55,sensor_drift,0.208,485.0
hot_weather,300,sensor_drift,893.0,109.54477937054968,111.26572698596424,662.5261365465904,1689.677559859302,67.84320545983837,54.452971008566806,8.350747457905058,0.1941987067721606,12.995770195201054,20.212249448119362,0.6391671175741174,2500.0,13.75,0.55,sensor_drift,0.209,484.0
hot_weather,300,sensor_drift,894.0,109.5447792118266,111.58411137405976,653.446543932707,1678.1265755572967,68.66101986067956,54.45831900032078,8.350747457905058,0.1524476140805207,12.939179148867359,19.345218785963397,0.6391671185438758,2500.0,13.75,0.55,sensor_drift,0.211,483.0
hot_weather,300,sensor_drift,895.0,109.54477905688263,111.85788475957118,657.6701665783274,1681.4380117351466,67.17383018664363,53.5208445276694,8.350747457905058,0.19262146823654988,12.98169881677367,20.058381946311254,0.6391671194905446,2500.0,13.75,0.55,sensor_drift,0.212,482.0
hot_weather,300,sensor_drift,896.0,109.54477890562781,112.15678392954186,649.4199112465017,1686.1661514998293,66.91510467057265,54.196772749488254,8.350747457905058,0.1670836423438219,13.093484518171486,19.81717732309663,0.6391671204146737,2500.0,13.75,0.55,sensor_drift,0.214,481.0
hot_weather,300,sensor_drift,897.0,109.54477875797429,110.61202927393224,651.5487651137493,1688.717179061788,67.4651582889594,55.07794548723201,8.350747457905058,0.29651201335935873,13.052905548293566,20.165328708302795,0.6391671213167999,2500.0,13.75,0.55,sensor_drift,0.216,480.0
hot_weather,300,sensor_drift,898.0,109.54477861383633,111.41273675111863,653.5746860809451,1683.591326018944,66.77749015724169,54.34467224447114,8.350747457905058,0.28719466451597897,12.979304413398141,20.33095892205801,0.6391671221974468,2500.0,13.75,0.55,sensor_drift,0.217,479.0
hot_weather,300,sensor_drift,899.0,109.54477847313022,111.09361555737175,652.2456889118821,1682.9018936794484,67.01021065201297,54.71733565102434,8.350747457905058,0.17635895587363273,13.05016315943819,20.063721141556307,0.6391671230571259,2500.0,13.75,0.55,sensor_drift,0.219,478.0
hot_weather,300,sensor_drift,900.0,109.54477833577427,111.82236770257936,655.6753613937504,1680.4517481405617,67.9071381238243,54.1904174823301,8.350747457905058,0.17923379258009453,13.008286090228005,20.07357826643741,0.6391671238963365,2500.0,13.75,0.55,sensor_drift,0.221,477.0
hot_weather,300,sensor_drift,901.0,109.54477820168869,111.4103334979941,659.380535312164,1689.5131341679253,67.4595796573697,54.725694834648024,8.350747457905058,0.12637874234734037,13.064035512181158,20.278787064616882,0.6391671247155658,2500.0,13.75,0.55,sensor_drift,0.222,476.0
hot_weather,300,sensor_drift,902.0,109.54477807079563,112.1485785185646,659.174599995259,1678.3839131380553,67.14914160068025,53.437120188339904,8.350747457905058,0.17419130039790381,13.060414579445885,19.984638181895292,0.6391671255152898,2500.0,13.75,0.55,sensor_drift,0.224,475.0
hot_weather,300,sensor_drift,903.0,109.54477794301907,111.87261416999267,654.2942480950966,1675.9479362710192,67.94334079242486,53.976348491316294,8.350747457905058,0.2177420078312135,13.113236520115628,19.88018824114631,0.6391671262959726,2500.0,13.75,0.55,sensor_drift,0.225,474.0
hot_weather,300,sensor_drift,904.0,109.54477781828481,111.5195073183126,656.4857783811723,1688.6251227832865,67.01052459453398,53.44052096873511,8.350747457905058,0.18891629311945138,13.051671585873315,19.794121358257737,0.6391671270580677,2500.0,13.75,0.55,sensor_drift,0.227,473.0
hot_weather,300,sensor_drift,905.0,109.54477769652041,111.514781049818,653.4886608607629,1680.7355254843326,67.40781305603667,54.33988811368809,8.350747457905058,0.12876272472156575,12.943938998383516,19.950516033419706,0.6391671278020177,2500.0,13.75,0.55,sensor_drift,0.229,472.0
hot_weather,300,sensor_drift,906.0,109.54477757765517,111.1241963394882,649.9512240660015,1685.8880316838138,67.79103435742769,54.41658268215804,8.350747457905058,0.21016090224431483,13.066505772843177,19.949484341108587,0.6391671285282547,2500.0,13.75,0.55,sensor_drift,0.23,471.0
hot_weather,300,sensor_drift,907.0,109.54477746162004,112.1421592563807,657.2299659954222,1681.1666890164722,67.69261366265823,54.41734234489092,8.350747457905058,0.2451425093317036,13.055302544259053,20.410817106315577,0.6391671292372003,2500.0,13.75,0.55,sensor_drift,0.232,470.0
hot_weather,300,sensor_drift,908.0,109.54477734834767,111.66144473098397,653.8290772166499,1690.7283185328395,67.46146025309399,54.26469688983369,8.350747457905058,0.1387450462016284,12.976850711166444,20.019582354682374,0.6391671299292662,2500.0,13.75,0.55,sensor_drift,0.234,469.0
hot_weather,300,sensor_drift,909.0,109.54477723777225,112.18385619834397,653.3930589343195,1675.3585374856607,67.56983212241984,54.75165180337424,8.350747457905058,0.23629254068136069,13.020445767152706,20.055252176678803,0.6391671306048543,2500.0,13.75,0.55,sensor_drift,0.235,468.0
hot_weather,300,sensor_drift,910.0,109.54477712982958,111.72122542145672,657.6062517404052,1690.8126246794873,68.76674476160527,54.728060800630324,8.350747457905058,0.16268786727372053,12.976965112563633,20.06477799421548,0.639167131264357,2500.0,13.75,0.55,sensor_drift,0.237,467.0
hot_weather,300,sensor_drift,911.0,109.54477702445698,111.8644365947042,656.2451610389693,1682.0465800222337,67.7867874429303,53.841433141377806,8.350747457905058,0.1607777822759835,13.04965883363187,20.380593327410256,0.6391671319081573,2500.0,13.75,0.55,sensor_drift,0.239,466.0
hot_weather,300,sensor_drift,912.0,109.54477692159324,112.30215354106154,650.6695861946062,1686.8806981848384,68.53164865824142,54.251190715742354,8.350747457905058,0.2483163253856749,13.008852397019947,19.855328305013657,0.639167132536629,2500.0,13.75,0.55,sensor_drift,0.24,465.0
hot_weather,300,sensor_drift,913.0,109.54477682117864,112.52628050452584,652.4249330560707,1682.4882278725777,66.9534532421833,54.54411280999255,8.350747457905058,0.13627359218639956,13.007911323909454,20.275036627012025,0.6391671331501371,2500.0,13.75,0.55,sensor_drift,0.242,464.0
hot_weather,300,sensor_drift,914.0,109.54477672315487,113.53775422219408,655.5461195184046,1694.2157151608396,68.05515385138528,54.685462896022464,8.350747457905058,0.1086583727841641,12.942117363126762,20.05786406519199,0.6391671337490378,2500.0,13.75,0.55,sensor_drift,0.243,463.0
hot_weather,300,sensor_drift,915.0,109.544776627465,111.50738540722708,654.9509932424195,1692.358696396494,68.08163694581252,53.41424593984695,8.350747457905058,0.19401396569899976,12.947824531817702,19.951258669891125,0.639167134333679,2500.0,13.75,0.55,sensor_drift,0.245,462.0
hot_weather,300,sensor_drift,916.0,109.54477653405345,111.9347935065783,651.6418337850035,1685.6958692761661,68.08633513073022,54.518045372769656,8.350747457905058,0.1763741857444191,13.015467305484913,20.207261845535196,0.6391671349044001,2500.0,13.75,0.55,sensor_drift,0.247,461.0
hot_weather,300,sensor_drift,917.0,109.544776442866,111.7343385731757,656.4042614139119,1678.8350605490718,67.33006836836802,54.47086685542062,8.350747457905058,0.24346210803609078,13.019693596584402,20.236430353570604,0.6391671354615327,2500.0,13.75,0.55,sensor_drift,0.248,460.0
hot_weather,300,sensor_drift,918.0,109.54477635384967,111.36777774334143,657.4256939057968,1684.2668978822926,69.33680805915756,54.3585389195087,8.350747457905058,0.21996768523274485,13.063563537762114,19.823080939542287,0.6391671360054003,2500.0,13.75,0.55,sensor_drift,0.25,459.0
hot_weather,300,sensor_drift,919.0,109.54477626695278,112.23933956415588,656.0603100859903,1678.281391967153,67.73333013254899,53.70397606462275,8.350747457905058,0.23895059085144996,13.012992365531607,20.049530799601598,0.6391671365363185,2500.0,13.75,0.55,sensor_drift,0.252,458.0
hot_weather,300,sensor_drift,920.0,109.54477618212486,112.864321659212,651.5811515699928,1692.3060511276074,67.5631142169238,53.991157748511455,8.350747457905058,0.28908253112434285,12.956910285028501,20.0948549144124,0.6391671370545959,2500.0,13.75,0.55,sensor_drift,0.253,457.0
hot_weather,300,sensor_drift,921.0,109.54477609931665,111.54087691922592,659.6526144726762,1679.6904109161253,67.25341775475803,54.15586089790654,8.350747457905058,0.24870793925082613,12.908271775206497,19.977320637636392,0.6391671375605334,2500.0,13.75,0.55,sensor_drift,0.255,456.0
hot_weather,300,sensor_drift,922.0,109.54477601848006,112.36118459312901,656.1812187912598,1690.5537296202165,67.77273296029243,54.374224341545464,8.350747457905058,0.17519954037794674,12.97577545654501,19.709692055369366,0.6391671380544247,2500.0,13.75,0.55,sensor_drift,0.257,455.0
hot_weather,300,sensor_drift,923.0,109.54477593956815,112.29213826495692,657.2865540275666,1692.5132254914445,66.89867222575816,53.80889652548146,8.350747457905058,0.2246828432747936,13.023367003237391,20.03296988716492,0.6391671385365567,2500.0,13.75,0.55,sensor_drift,0.258,454.0
hot_weather,300,sensor_drift,924.0,109.5447758625351,112.82264814026477,651.4560977149449,1686.0500650245808,68.1844066617556,54.351609370877455,8.350747457905058,0.23179671894655418,12.965982047124873,19.83708305217047,0.6391671390072095,2500.0,13.75,0.55,sensor_drift,0.26,453.0
hot_weather,300,sensor_drift,925.0,109.54477578733618,112.11497650573983,653.4643759140658,1683.3366527660296,67.34606561968242,54.09866938624866,8.350747457905058,0.1555741622443703,12.9699890046714,19.88351433515693,0.639167139466656,2500.0,13.75,0.55,sensor_drift,0.261,452.0
hot_weather,300,sensor_drift,926.0,109.5447757139277,112.84024295403948,655.6852658712559,1676.020598000292,67.39316690123417,54.47944970681407,8.350747457905058,0.26276668724041846,12.94322499595879,20.174648677165056,0.6391671399151635,2500.0,13.75,0.55,sensor_drift,0.263,451.0
hot_weather,300,sensor_drift,927.0,109.54477564226706,112.03079196043471,657.3815214335013,1676.3308568084774,66.72688877664467,54.24400843805468,8.350747457905058,0.18595892379212742,12.96889348490496,19.73637046106666,0.6391671403529922,2500.0,13.75,0.55,sensor_drift,0.265,450.0
hot_weather,300,sensor_drift,928.0,109.5447755723126,111.92907942778066,656.1191757300411,1683.3484973011957,67.45564933982853,54.03277658285093,8.350747457905058,0.13623642099785305,12.926723479307864,19.76600629610905,0.6391671407803964,2500.0,13.75,0.55,sensor_drift,0.266,449.0
hot_weather,300,sensor_drift,929.0,109.54477550402373,112.4214371863387,651.7274538023252,1679.6428047157326,67.07036661589878,53.58168077400059,8.350747457905058,0.30218839623793303,12.94785146079316,20.29614230595584,0.6391671411976243,2500.0,13.75,0.55,sensor_drift,0.268,448.0
hot_weather,300,sensor_drift,930.0,109.54477543736078,112.44399783323034,648.8139393167008,1676.2048692521585,67.32301628471673,54.7919961610271,8.350747457905058,0.2138868397830902,13.054835749969833,20.168374323988832,0.6391671416049183,2500.0,13.75,0.55,sensor_drift,0.27,447.0
hot_weather,300,sensor_drift,931.0,109.54477537228506,111.57432271419717,658.2252093266204,1689.1221254641891,67.75674526929095,54.40075812257011,8.350747457905058,0.1233626435499544,13.026640657220184,20.08872435212666,0.6391671420025147,2500.0,13.75,0.55,sensor_drift,0.271,446.0
hot_weather,300,sensor_drift,932.0,109.54477530875874,112.3508887779474,653.8295679742963,1695.7313957388678,67.53317183384787,54.54338717366294,8.350747457905058,0.15153099153430233,13.018794771972464,20.112217103031444,0.6391671423906445,2500.0,13.75,0.55,sensor_drift,0.273,445.0
hot_weather,300,sensor_drift,933.0,109.54477524674496,112.68720915226034,660.1232097504508,1684.0598124479438,67.42821012122137,54.23064285296861,8.350747457905058,0.17258437008354852,13.037792183207644,20.06961610125212,0.6391671427695333,2500.0,13.75,0.55,sensor_drift,0.275,444.0
hot_weather,300,sensor_drift,934.0,109.5447751862077,112.69199379100264,649.4312349597418,1682.4713342853336,67.34647752974813,54.0092746858101,8.350747457905058,0.23670563882680284,13.06137843384983,20.331939592101378,0.6391671431394008,2500.0,13.75,0.55,sensor_drift,0.276,443.0
hot_weather,300,sensor_drift,935.0,109.5447751271118,111.91863672784619,655.8740577006932,1684.7302144473354,67.74786461549883,54.284387415148124,8.350747457905058,0.12597497826785664,13.030804845128074,20.314055733328075,0.6391671435004619,2500.0,13.75,0.55,sensor_drift,0.278,442.0
hot_weather,300,sensor_drift,936.0,109.54477506942295,111.99802502428645,650.7053875039791,1679.672694054618,67.68688467388164,55.01724889396064,8.350747457905058,0.19164974231621568,13.040387923312922,20.123970919039643,0.6391671438529264,2500.0,13.75,0.55,sensor_drift,0.279,441.0
hot_weather,300,sensor_drift,937.0,109.54477501310765,112.0535853051426,649.9535640318713,1680.0986339113242,67.9885281523857,53.6567117768924,8.350747457905058,0.28762681606998736,13.072932378259638,20.147086688849214,0.6391671441969988,2500.0,13.75,0.55,sensor_drift,0.281,440.0
hot_weather,300,sensor_drift,938.0,109.54477495813319,112.32655148801925,654.9964799968038,1679.2404074142248,67.68453816158778,54.035914970218364,8.350747457905058,0.13727936826638193,13.004197467955265,19.969660832413716,0.639167144532879,2500.0,13.75,0.55,sensor_drift,0.283,439.0
hot_weather,300,sensor_drift,939.0,109.54477490446764,112.43008620572594,649.1696336966862,1683.4936924680944,67.94286124818898,54.79603974352086,8.350747457905058,0.18781502643798764,13.017002527379915,19.78643647282515,0.6391671448607621,2500.0,13.75,0.55,sensor_drift,0.284,438.0
hot_weather,300,sensor_drift,940.0,109.54477485207984,112.9317120229454,660.263841656814,1686.1843077545252,67.98605990856412,53.14725375688595,8.350747457905058,0.23270623689518138,12.978699984771204,20.22877703126824,0.6391671451808385,2500.0,13.75,0.55,sensor_drift,0.286,437.0
hot_weather,300,sensor_drift,941.0,109.54477480093936,111.83832445599933,652.9801673097624,1684.5475155317909,67.04465541637813,54.019709852544786,8.350747457905058,0.2651826377707605,13.072510364040644,20.043587964697444,0.639167145493294,2500.0,13.75,0.55,sensor_drift,0.288,436.0
hot_weather,300,sensor_drift,942.0,109.54477475101652,113.0103988311526,650.0195728520483,1683.127119241929,68.0480950977835,54.11996233087568,8.350747457905058,0.168667149798506,13.00843617178668,20.268503025918893,0.6391671457983101,2500.0,13.75,0.55,sensor_drift,0.289,435.0
hot_weather,300,sensor_drift,943.0,109.54477470228233,112.09396995863321,654.3374113531894,1678.4951972729352,67.21071473221497,53.716026525710916,8.350747457905058,0.28314378857017225,13.02752715930507,20.005257468711704,0.6391671460960638,2500.0,13.75,0.55,sensor_drift,0.291,434.0
hot_weather,300,sensor_drift,944.0,109.54477465470846,112.47566857603752,658.5118120904993,1674.0709370963434,67.51144702847249,54.09928716079857,8.350747457905058,0.1423691729425084,12.997425115013522,19.719136963758807,0.6391671463867282,2500.0,13.75,0.55,sensor_drift,0.292,433.0
hot_weather,300,sensor_drift,945.0,109.5447746082673,112.46244466151529,650.815275239184,1682.0104086653246,68.0657158705898,53.65789262138016,8.350747457905058,0.18030597255832181,13.06163883468752,19.895174318279874,0.6391671466704721,2500.0,13.75,0.55,sensor_drift,0.294,432.0
hot_weather,300,sensor_drift,946.0,109.54477456293189,112.46633045496277,653.1891701800679,1693.295847746239,67.67150143761174,54.31462254325647,8.350747457905058,0.1635463823234174,13.026368931144352,20.233055751731523,0.6391671469474602,2500.0,13.75,0.55,sensor_drift,0.296,431.0
hot_weather,300,sensor_drift,947.0,109.5447745186759,112.20903251549439,653.223013655459,1681.2441208789369,67.90022359120142,53.877815852905556,8.350747457905058,0.21416248638227464,12.977157274199335,20.016532712569933,0.6391671472178533,2500.0,13.75,0.55,sensor_drift,0.297,430.0
hot_weather,300,sensor_drift,948.0,109.54477447547362,111.9397324375738,653.3582925091929,1691.5747666848226,67.38518684277949,53.8242232901335,8.350747457905058,0.11099396461198266,13.059800400617695,20.334376691657994,0.6391671474818084,2500.0,13.75,0.55,sensor_drift,0.299,429.0
hot_weather,300,sensor_drift,949.0,109.54477443329996,112.45532987655504,658.1148330901893,1686.917515338638,68.31099977452786,54.6322217595972,8.350747457905058,0.20916368754321416,13.011786013598673,20.364078497087107,0.6391671477394788,2500.0,13.75,0.55,sensor_drift,0.301,428.0
hot_weather,300,sensor_drift,950.0,109.54477439213045,112.9489063906883,654.2503204338569,1681.9131177244778,66.37442620442542,53.88448199895075,8.350747457905058,0.19576271970224668,12.996648239503854,19.731000831713995,0.6391671479910143,2500.0,13.75,0.55,sensor_drift,0.302,427.0
hot_weather,300,sensor_drift,951.0,109.54477435194116,113.13496795922393,650.9817089474304,1678.650844520105,67.74361606743798,54.81239466239422,8.350747457905058,0.2405190937890513,12.987478949911491,19.914344394759176,0.6391671482365608,2500.0,13.75,0.55,sensor_drift,0.304,426.0
hot_weather,300,sensor_drift,952.0,109.54477431270875,111.75584017927174,649.4591791891446,1676.4086039833253,67.58072488700111,54.35387833712985,8.350747457905058,0.1982391094716969,12.948152533417694,20.063951316076892,0.639167148476261,2500.0,13.75,0.55,sensor_drift,0.306,425.0
hot_weather,300,sensor_drift,953.0,109.54477427441046,113.04897215994937,655.5016616748653,1681.8390952213813,67.9821773296559,54.09605517715559,8.350747457905058,0.13559560236747847,13.032200223151426,19.731221424364776,0.639167148710254,2500.0,13.75,0.55,sensor_drift,0.307,424.0
hot_weather,300,sensor_drift,954.0,109.54477423702401,113.23287884761227,653.6429887577685,1681.047491882918,66.73615401838912,54.586831497819844,8.350747457905058,0.12505492415165417,13.030953892364415,20.07438363614555,0.6391671489386758,2500.0,13.75,0.55,sensor_drift,0.309,423.0
hot_weather,300,sensor_drift,955.0,109.54477420052773,113.14771378381933,655.5721515331605,1679.8058191435823,67.05679705883792,54.79532098354536,8.350747457905058,0.18405112799946455,13.01478860365295,20.092422847032445,0.6391671491616591,2500.0,13.75,0.55,sensor_drift,0.31,422.0
hot_weather,300,sensor_drift,956.0,109.5447741649004,111.95106971928926,655.1368460570841,1686.8401017788294,67.3673950641957,54.413366682960486,8.350747457905058,0.23010744580147305,13.051889475751276,20.294406974996452,0.639167149379333,2500.0,13.75,0.55,sensor_drift,0.312,421.0
hot_weather,300,sensor_drift,957.0,109.54477413012135,113.27982378731622,655.8618683728337,1685.3251819181146,66.93800094764883,54.58864934675137,8.350747457905058,0.11720504847045958,12.966565844616792,20.44886082682691,0.6391671495918243,2500.0,13.75,0.55,sensor_drift,0.314,420.0
hot_weather,300,sensor_drift,958.0,109.54477409617037,113.1037718303401,654.2254251092397,1684.993986496578,67.19864437246866,54.43263914062131,8.350747457905058,0.15203468686474317,13.114074261955274,19.931702316173627,0.6391671497992564,2500.0,13.75,0.55,sensor_drift,0.315,419.0
hot_weather,300,sensor_drift,959.0,109.54477406302775,112.59433051058713,654.887998279342,1680.8234091361962,67.79749829409432,53.76673618397702,8.350747457905058,0.2173050423024568,13.00433869121199,19.96718690950632,0.6391671500017495,2500.0,13.75,0.55,sensor_drift,0.317,418.0
hot_weather,300,sensor_drift,960.0,109.54477403067423,113.13484293370544,656.4696807267331,1690.1850719261265,66.73439001123398,55.39926422469795,8.350747457905058,0.12851921643742553,12.988745785746726,20.073815562623277,0.6391671501994214,2500.0,13.75,0.55,sensor_drift,0.319,417.0
hot_weather,300,sensor_drift,961.0,109.54477399909103,112.02598434294688,653.6171993878166,1674.3689680089929,67.29752538211916,54.74092393597218,8.350747457905058,0.18797754048699603,13.064512639599807,20.11297430645467,0.6391671503923868,2500.0,13.75,0.55,sensor_drift,0.32,416.0
hot_weather,300,sensor_drift,962.0,109.54477396825982,112.17215804268331,653.7017913825177,1677.0939034330686,67.08952473362964,55.00746597103718,8.350747457905058,0.18775235514993754,13.077923658297065,19.886301620449622,0.6391671505807579,2500.0,13.75,0.55,sensor_drift,0.322,415.0
hot_weather,300,sensor_drift,963.0,109.54477393816268,113.3779168204035,653.4395386773747,1687.089630675518,68.94167737356523,54.5292669423875,8.350747457905058,0.2619244017091353,12.933386076606043,20.128955775186817,0.6391671507646438,2500.0,13.75,0.55,sensor_drift,0.324,414.0
hot_weather,300,sensor_drift,964.0,109.54477390878213,113.09261923138277,654.5284907637082,1686.9518016835218,67.02107624979034,53.335071818950276,8.350747457905058,0.16354446905067271,13.00916670462508,19.90751284321421,0.6391671509441517,2500.0,13.75,0.55,sensor_drift,0.325,413.0
hot_weather,300,sensor_drift,965.0,109.54477388010113,112.7332297525945,659.1807029923328,1686.9100707414893,68.14211716527103,54.99366358926669,8.350747457905058,0.23414126952695088,13.082336461682816,19.988248459811757,0.6391671511193854,2500.0,13.75,0.55,sensor_drift,0.327,412.0
hot_weather,300,sensor_drift,966.0,109.544773852103,111.3168652716048,657.6373975585147,1681.6840322643056,67.20224990720217,53.96395291507139,8.350747457905058,0.24789090213128995,13.023192600629551,20.003877188608563,0.6391671512904469,2500.0,13.75,0.55,sensor_drift,0.328,411.0
hot_weather,300,sensor_drift,967.0,109.54477382477151,112.99775714879218,651.2040495607368,1680.7840539468157,68.33094071446882,53.814619906594125,8.350747457905058,0.14255372033521604,13.002365454292779,19.793899162056995,0.6391671514574355,2500.0,13.75,0.55,sensor_drift,0.33,410.0
hot_weather,300,sensor_drift,968.0,109.54477379809076,113.38033224801464,647.3535956660387,1683.301709990644,67.82583881656899,53.89161426357202,8.350747457905058,0.24754767863991828,13.057185320024411,19.963041158895688,0.6391671516204482,2500.0,13.75,0.55,sensor_drift,0.332,409.0
hot_weather,300,sensor_drift,969.0,109.54477377204526,112.17821934883727,651.8859383237641,1678.3782328487787,67.43217038735932,54.83183676513591,8.350747457905058,0.20790643039636342,13.133081646841601,20.10390919660365,0.6391671517795798,2500.0,13.75,0.55,sensor_drift,0.333,408.0
hot_weather,300,sensor_drift,970.0,109.5447737466199,113.54766949794862,657.4777748443432,1685.385440710633,67.5188262855889,53.773533280014185,8.350747457905058,0.17677242137847,12.997200461084997,19.663288831188748,0.6391671519349225,2500.0,13.75,0.55,sensor_drift,0.335,407.0
hot_weather,300,sensor_drift,971.0,109.5447737217999,112.07624472007298,653.4268815142384,1691.4982703462147,67.32733195250835,54.23846783364866,8.350747457905058,0.14532117923866192,12.898425367733743,20.004885848615395,0.6391671520865665,2500.0,13.75,0.55,sensor_drift,0.337,406.0
hot_weather,300,sensor_drift,972.0,109.54477369757086,112.17559734205366,655.3539676937077,1679.1772858181405,67.412936414085,54.089634324648685,8.350747457905058,0.26101734758926903,12.987920881974679,19.669941510835955,0.6391671522345996,2500.0,13.75,0.55,sensor_drift,0.338,405.0
hot_weather,300,sensor_drift,973.0,109.5447736739187,113.0363713902747,653.5656407511634,1682.1436951093137,67.89886365972819,54.82444166098838,8.350747457905058,0.12589815182223796,13.011921930718572,19.93177864626107,0.6391671523791085,2500.0,13.75,0.55,sensor_drift,0.34,404.0
hot_weather,300,sensor_drift,974.0,109.54477365082968,112.71073849059046,651.3870734014887,1683.9755387380544,67.87697211076345,54.357190053661505,8.350747457905058,0.261218691910482,12.979870316024716,19.827161356897392,0.6391671525201766,2500.0,13.75,0.55,sensor_drift,0.342,403.0
hot_weather,300,sensor_drift,975.0,109.5447736282904,112.67101741706938,653.3381373485596,1684.2186525197285,67.71037683173093,55.07316506050118,8.350747457905058,0.2081319334036238,13.055557887305678,20.10565760658697,0.639167152657886,2500.0,13.75,0.55,sensor_drift,0.343,402.0
hot_weather,300,sensor_drift,976.0,109.54477360628778,113.21845687127099,656.6540585299342,1678.377392190053,67.0399837364772,53.903242746058666,8.350747457905058,0.23747578820418913,13.017842677935276,19.8602969843999,0.6391671527923165,2500.0,13.75,0.55,sensor_drift,0.345,401.0
hot_weather,300,sensor_drift,977.0,109.54477358480902,112.4612127420493,656.0874168370117,1682.2599656506136,67.9128440878237,54.23531853610329,8.350747457905058,0.21836092192644732,13.046890346051724,19.892710932314873,0.6391671529235463,2500.0,13.75,0.55,sensor_drift,0.346,400.0
hot_weather,300,sensor_drift,978.0,109.54477356384167,113.09525420453731,662.3234203719899,1682.92196215458,66.98810643636023,53.244041439087525,8.350747457905058,0.24816734502205523,12.995755887176967,20.075395012908277,0.6391671530516516,2500.0,13.75,0.55,sensor_drift,0.348,399.0
hot_weather,300,sensor_drift,979.0,109.54477354337354,113.27538644286783,652.0778934519071,1682.307668727482,67.74233583497603,53.923594417830294,8.350747457905058,0.15462237002992912,13.02783727720304,20.375125397054035,0.6391671531767068,2500.0,13.75,0.55,sensor_drift,0.35,398.0
hot_weather,300,sensor_drift,980.0,109.54477352339273,112.5886839829334,651.7078800035515,1683.3856893692928,67.63386772109654,54.09455269633375,8.350747457905058,0.1908039785280288,13.027905032537339,20.100375089131568,0.6391671532987846,2500.0,13.75,0.55,sensor_drift,0.351,397.0
hot_weather,300,sensor_drift,981.0,109.54477350388767,113.83828940462949,654.9782194223818,1691.087270328825,67.77455581770961,54.66563718155787,8.350747457905058,0.2629181012499949,13.090731437848936,19.865642581893578,0.6391671534179556,2500.0,13.75,0.55,sensor_drift,0.353,396.0
hot_weather,300,sensor_drift,982.0,109.54477348484701,113.98344289093048,645.7134794995824,1684.7337552596796,67.69345783805004,53.83322338967918,8.350747457905058,0.2646770004074197,13.09647966384126,20.24803313044016,0.6391671535342893,2500.0,13.75,0.55,sensor_drift,0.355,395.0
hot_weather,300,sensor_drift,983.0,109.5447734662597,112.60698187423316,654.0695757240222,1685.631075864565,68.41873282993068,53.93712736660061,8.350747457905058,0.14882287105894076,12.996631694939017,20.037429742029378,0.6391671536478531,2500.0,13.75,0.55,sensor_drift,0.356,394.0
hot_weather,300,sensor_drift,984.0,109.54477344811495,112.4719642510533,653.5121788251781,1678.498786454866,67.37158382378747,54.17192213264269,8.350747457905058,0.23658943454267095,13.036716040264496,20.120965176291314,0.6391671537587129,2500.0,13.75,0.55,sensor_drift,0.358,393.0
hot_weather,300,sensor_drift,985.0,109.54477343040222,113.04291231436135,655.4068372836407,1679.973506386928,68.17750707890455,55.449387270542296,8.350747457905058,0.2389742348852179,13.099526523507024,20.014153499542914,0.6391671538669333,2500.0,13.75,0.55,sensor_drift,0.359,392.0
hot_weather,300,sensor_drift,986.0,109.54477341311122,113.52194835004923,651.9914889913591,1685.956104793081,67.22946297418966,53.79362883377776,8.350747457905058,0.209888633771338,12.964072355956484,19.72874204487899,0.6391671539725771,2500.0,13.75,0.55,sensor_drift,0.361,391.0
hot_weather,300,sensor_drift,987.0,109.5447733962319,112.52718297464885,655.2021288072789,1673.7323399683617,67.95578965143982,54.43907687130205,8.350747457905058,0.17768224933896049,13.060353790214673,20.238006254373136,0.6391671540757055,2500.0,13.75,0.55,sensor_drift,0.363,390.0
hot_weather,300,sensor_drift,988.0,109.54477337975447,113.01786744681718,650.4232717477089,1679.5356392540632,67.50130770571621,54.00572883839152,8.350747457905058,0.14658885634925806,12.98347580958431,19.61827804402088,0.6391671541763784,2500.0,13.75,0.55,sensor_drift,0.364,389.0
hot_weather,300,sensor_drift,989.0,109.54477336366936,112.61951907179747,652.7400281545621,1674.2527180753607,67.5706193918955,54.748006040277645,8.350747457905058,0.1688304527228082,13.049446770581083,20.191822624201755,0.6391671542746544,2500.0,13.75,0.55,sensor_drift,0.366,388.0
hot_weather,300,sensor_drift,990.0,109.54477334796724,113.05720481831783,649.1208188381439,1687.774427933006,67.23529323859124,54.03460018913864,8.350747457905058,0.18005060008781335,13.001915535772383,19.886811496427757,0.6391671543705905,2500.0,13.75,0.55,sensor_drift,0.368,387.0
hot_weather,300,sensor_drift,991.0,109.54477333263897,113.15164002878116,651.1147381558457,1694.598699543133,68.6870186301674,54.04869533649009,8.350747457905058,0.24046985652460082,13.088619390973786,20.042085907348387,0.6391671544642423,2500.0,13.75,0.55,sensor_drift,0.369,386.0
hot_weather,300,sensor_drift,992.0,109.54477331767566,112.95141518606366,655.0139230523055,1674.8284031672663,68.90010700697249,54.42571060684693,8.350747457905058,0.1968680027241352,13.086868943732652,20.002577381716584,0.6391671545556643,2500.0,13.75,0.55,sensor_drift,0.371,385.0
hot_weather,300,sensor_drift,993.0,109.54477330306862,113.37808667131509,654.2132254725972,1684.350770400634,67.53433238901833,53.77296516774899,8.350747457905058,0.21260283324831586,12.936050688919178,20.34859339590047,0.6391671546449098,2500.0,13.75,0.55,sensor_drift,0.373,384.0
hot_weather,300,sensor_drift,994.0,109.54477328880937,112.91132347563268,651.5583712221306,1677.3100853218668,68.00298406438208,54.497315275644375,8.350747457905058,0.29850371430454287,13.043447608933704,20.26472566485622,0.6391671547320302,2500.0,13.75,0.55,sensor_drift,0.374,383.0
hot_weather,300,sensor_drift,995.0,109.54477327488962,112.73235083717182,654.6303523006295,1691.7029739834259,67.2745089260196,54.01386154730721,8.350747457905058,0.1470800087195,13.003562815906868,19.971730673324984,0.6391671548170764,2500.0,13.75,0.55,sensor_drift,0.376,382.0
hot_weather,300,sensor_drift,996.0,109.5447732613013,113.52348342516704,656.5749596767664,1678.6474313368433,68.1989116140161,54.799355470889935,8.350747457905058,0.15340593761369953,13.055952099833275,19.963460449439452,0.6391671549000977,2500.0,13.75,0.55,sensor_drift,0.377,381.0
hot_weather,300,sensor_drift,997.0,109.5447732480365,113.92238978543367,652.6397605430451,1671.0600583264056,67.75432102406064,53.787754569127614,8.350747457905058,0.19506690237599428,12.999471563668262,19.645894178831668,0.6391671549811423,2500.0,13.75,0.55,sensor_drift,0.379,380.0
hot_weather,300,sensor_drift,998.0,109.54477323508755,113.31610311481238,650.1200827729414,1687.4211319662722,68.1092242775282,53.34963815839752,8.350747457905058,0.15707417593235198,12.979075072346062,19.997977007818058,0.6391671550602572,2500.0,13.75,0.55,sensor_drift,0.381,379.0
hot_weather,300,sensor_drift,999.0,109.54477322244689,113.4173477889074,652.4266768550299,1678.1349283187337,66.83419830704807,53.67200709753655,8.350747457905058,0.134996836910322,13.032334383319794,19.868997629681314,0.6391671551374885,2500.0,13.75,0.55,sensor_drift,0.382,378.0
hot_weather,300,sensor_drift,1000.0,109.54477321010721,113.45434511194662,654.5753898888818,1685.5557273335532,67.53113277596258,54.49504971442289,8.350747457905058,0.1376726264553349,13.003269750313157,20.239453540493898,0.6391671552128808,2500.0,13.75,0.55,sensor_drift,0.384,377.0
hot_weather,300,sensor_drift,1001.0,109.54477319806132,114.19631064862298,653.8229056195163,1683.316212588123,67.87430846826192,54.9856636385322,8.350747457905058,0.21304443096432854,13.12191444142951,19.94812863104979,0.6391671552864782,2500.0,13.75,0.55,sensor_drift,0.386,376.0
hot_weather,300,sensor_drift,1002.0,109.54477318630225,113.57403802148153,658.8156043174987,1679.012836572529,67.47308929303485,53.93813589261075,8.350747457905058,0.29624873901101934,12.94635413559876,19.640693659979533,0.6391671553583231,2500.0,13.75,0.55,sensor_drift,0.387,375.0
hot_weather,300,sensor_drift,1003.0,109.54477317482315,113.43303574664718,656.2188467472474,1688.4640902976205,67.9558854153062,54.381712796848056,8.350747457905058,0.20393866614935485,13.046305298237383,19.983149748562713,0.6391671554284575,2500.0,13.75,0.55,sensor_drift,0.389,374.0
hot_weather,300,sensor_drift,1004.0,109.54477316361736,112.86612149615574,656.6566008361626,1681.8869508048483,68.52205143540242,54.79890428226668,8.350747457905058,0.20548248022505045,13.039318705945325,20.11272027846376,0.639167155496922,2500.0,13.75,0.55,sensor_drift,0.391,373.0
hot_weather,300,sensor_drift,1005.0,109.54477315267839,113.55829648098403,657.5428576896553,1690.8028540743255,67.83539784242865,53.4108972952692,8.350747457905058,0.18381734726653476,12.99627555776053,20.153570301233366,0.6391671555637565,2500.0,13.75,0.55,sensor_drift,0.392,372.0
hot_weather,300,sensor_drift,1006.0,109.54477314199985,114.1136671454814,646.2116478876351,1680.324958078966,68.40962995016245,54.28238252873751,8.350747457905058,0.2624399136910176,13.058468428485215,19.94542549605032,0.6391671556289996,2500.0,13.75,0.55,sensor_drift,0.394,371.0
hot_weather,300,sensor_drift,1007.0,109.54477313157557,113.28172809168572,651.9932092381551,1691.566031609456,67.6934830734488,54.4924811503263,8.350747457905058,0.18876727662525927,12.924457650694983,20.313530718239917,0.6391671556926894,2500.0,13.75,0.55,sensor_drift,0.395,370.0
hot_weather,300,sensor_drift,1008.0,109.54477312139949,113.82889983892495,651.0528821599044,1676.7441456118618,67.85789213656413,53.67024926760848,8.350747457905058,0.16549699535537812,13.017301788217388,20.331407190986912,0.6391671557548628,2500.0,13.75,0.55,sensor_drift,0.397,369.0
hot_weather,300,sensor_drift,1009.0,109.54477311146569,114.45769406816012,656.8528503517156,1685.6564643729416,67.88769512459366,53.95765637300026,8.350747457905058,0.1933698949361441,13.038124034394611,19.93570153000874,0.6391671558155558,2500.0,13.75,0.55,sensor_drift,0.399,368.0
hot_weather,300,sensor_drift,1010.0,109.54477310176841,113.0283618532989,656.3213648582517,1681.159392863551,67.20466961993642,53.02676753200664,8.350747457905058,0.20501387849151978,13.019298562494328,20.168540314032047,0.6391671558748038,2500.0,13.75,0.55,sensor_drift,0.4,367.0
hot_weather,300,sensor_drift,1011.0,109.54477309230202,114.5442496126304,656.2754687810028,1676.5592053784546,67.21766412552856,54.58788773928663,8.350747457905058,0.19923402418352415,12.969673359508546,19.87714440939124,0.639167155932641,2500.0,13.75,0.55,sensor_drift,0.402,366.0
hot_weather,300,sensor_drift,1012.0,109.54477308306103,114.4338625138557,655.7544099556275,1677.1102680756412,68.06634055641516,53.56392346916112,8.350747457905058,0.21794757359554837,13.057357695787873,19.9697828696796,0.6391671559891011,2500.0,13.75,0.55,sensor_drift,0.404,365.0
hot_weather,300,sensor_drift,1013.0,109.54477307404005,113.31150069129941,656.1207727607718,1683.2142980798217,67.83269827036727,53.92344404748821,8.350747457905058,0.1763503708828367,12.985239052886303,19.652904006552337,0.6391671560442171,2500.0,13.75,0.55,sensor_drift,0.405,364.0
hot_weather,300,sensor_drift,1014.0,109.54477306523387,114.16924362938406,652.207256427787,1688.081798729861,69.03697334271163,53.771589183274614,8.350747457905058,0.1309139336938583,13.017670713389391,19.902908283504026,0.6391671560980207,2500.0,13.75,0.55,sensor_drift,0.407,363.0
hot_weather,300,sensor_drift,1015.0,109.54477305663735,113.77354280318603,657.9574403373333,1690.4556920882658,67.87397469162345,55.187929159004334,8.350747457905058,0.18235159844596946,12.971240880190495,19.911581435357032,0.6391671561505432,2500.0,13.75,0.55,sensor_drift,0.408,362.0
hot_weather,300,sensor_drift,1016.0,109.54477304824552,113.27381725875306,656.3046225845662,1681.2367126102722,67.73357198143587,53.33976644898174,8.350747457905058,0.31793844753989575,12.885399462723534,20.531604051053296,0.6391671562018153,2500.0,13.75,0.55,sensor_drift,0.41,361.0
hot_weather,300,sensor_drift,1017.0,109.54477304005349,113.37606833035203,652.8663066045351,1695.9814696596723,67.44803702382649,55.06645239735132,8.350747457905058,0.27977213661728134,13.027814537804874,20.04906194539414,0.6391671562518665,2500.0,13.75,0.55,sensor_drift,0.412,360.0
hot_weather,300,sensor_drift,1018.0,109.5447730320565,114.87309661984798,653.0000409576129,1685.0589881456654,67.76030839092938,53.89411983122306,8.350747457905058,0.12213753149322404,12.990062438129291,19.703043587135276,0.6391671563007261,2500.0,13.75,0.55,sensor_drift,0.413,359.0
hot_weather,300,sensor_drift,1019.0,109.54477302424992,114.58828618526674,656.1781987059403,1681.9947139075025,67.62286406201213,53.61876128782072,8.350747457905058,0.2203624834302468,13.04230727762497,20.209029526470033,0.6391671563484222,2500.0,13.75,0.55,sensor_drift,0.415,358.0
hot_weather,300,sensor_drift,1020.0,109.54477301662921,114.13466703430528,651.2707903154693,1681.5307197075565,67.79046951708403,53.82160509496291,8.350747457905058,0.2726785352111898,12.99025609330076,19.791781753146914,0.639167156394983,2500.0,13.75,0.55,sensor_drift,0.417,357.0
hot_weather,300,sensor_drift,1021.0,109.54477300918994,113.78634665911002,649.0579593949868,1676.6262418637507,67.50236138958114,54.798743155309886,8.350747457905058,0.2798337382338,12.954564338535526,19.810396087585534,0.6391671564404351,2500.0,13.75,0.55,sensor_drift,0.418,356.0
hot_weather,300,sensor_drift,1022.0,109.5447730019278,113.16368957414619,651.6183455181671,1673.6916621148002,68.02345918306138,54.20118617406229,8.350747457905058,0.13583301325797797,13.039951004252803,19.911331081523116,0.6391671564848049,2500.0,13.75,0.55,sensor_drift,0.42,355.0
hot_weather,300,sensor_drift,1023.0,109.54477299483857,113.635087309677,652.4240219818123,1672.6138541251712,67.58964691990943,54.01779810162656,8.350747457905058,0.24730372227286745,12.914646290878196,19.98240159792546,0.6391671565281184,2500.0,13.75,0.55,sensor_drift,0.422,354.0
hot_weather,300,sensor_drift,1024.0,109.54477298791812,113.58329461793127,652.6627030034298,1685.9758563960756,68.05360188430477,53.9245393202672,8.350747457905058,0.21902758383552107,12.995952335368905,20.116482230568387,0.6391671565704005,2500.0,13.75,0.55,sensor_drift,0.423,353.0
hot_weather,300,sensor_drift,1025.0,109.54477298116245,112.8933332069197,653.3652372037526,1689.9568192558506,67.73540284217137,53.891403066937094,8.350747457905058,0.1855736770618061,12.981625660165163,19.802658177682503,0.6391671566116759,2500.0,13.75,0.55,sensor_drift,0.425,352.0
hot_weather,300,sensor_drift,1026.0,109.54477297456764,114.53326938629543,651.140650954414,1676.5845112201466,68.55757069164262,54.46474836814861,8.350747457905058,0.17407494610672064,13.019049084772561,20.072629357762327,0.6391671566519685,2500.0,13.75,0.55,sensor_drift,0.426,351.0
hot_weather,300,sensor_drift,1027.0,109.54477296812983,113.54522587187313,655.5308766298302,1675.8294455124774,67.94605767361246,54.014896115051066,8.350747457905058,0.22575139305607408,12.985241261446353,19.81280475224636,0.6391671566913021,2500.0,13.75,0.55,sensor_drift,0.428,350.0
hot_weather,300,sensor_drift,1028.0,109.54477296184531,113.78240952331173,657.5224533421698,1690.8398059935669,67.5820540544001,54.70749256725838,8.350747457905058,0.24525524399203452,12.941428995120413,19.985754056836374,0.6391671567296989,2500.0,13.75,0.55,sensor_drift,0.43,349.0
hot_weather,300,sensor_drift,1029.0,109.54477295571043,113.62380601375357,650.8127807100223,1680.5056471212326,67.31338023980119,54.25276889318255,8.350747457905058,0.15832873450234503,13.084810657109143,19.99118011211375,0.6391671567671815,2500.0,13.75,0.55,sensor_drift,0.431,348.0
hot_weather,300,sensor_drift,1030.0,109.5447729497216,113.97525685840161,652.040503688499,1680.3604227635346,67.33355708428137,54.15618008710356,8.350747457905058,0.2663051950608927,13.166505295216169,19.89124214642813,0.6391671568037717,2500.0,13.75,0.55,sensor_drift,0.433,347.0
hot_weather,300,sensor_drift,1031.0,109.54477294387537,113.37196644058959,650.1279521503149,1690.280339114825,67.58967365635162,53.249932194352006,8.350747457905058,0.20602692468320827,13.00540930092607,20.200610938181,0.6391671568394908,2500.0,13.75,0.55,sensor_drift,0.435,346.0
hot_weather,300,sensor_drift,1032.0,109.54477293816834,113.37516219703964,653.4222368262318,1684.7520022363615,67.94283565645577,53.311608504806145,8.350747457905058,0.17241027813794685,12.928760693968247,20.212781122326877,0.6391671568743593,2500.0,13.75,0.55,sensor_drift,0.436,345.0
hot_weather,300,sensor_drift,1033.0,109.54477293259718,113.39653086574118,651.9562209612975,1695.425244137845,67.45988273847398,53.95778644159984,8.350747457905058,0.1987953005888952,13.055812676646156,20.3950696203767,0.6391671569083976,2500.0,13.75,0.55,sensor_drift,0.438,344.0
hot_weather,300,sensor_drift,1034.0,109.54477292715868,113.91875692886471,654.984991409669,1677.2370144561546,68.18720691710082,54.018556586243726,8.350747457905058,0.22431223655508525,12.989831392241518,20.290256081693077,0.6391671569416256,2500.0,13.75,0.55,sensor_drift,0.44,343.0
hot_weather,300,sensor_drift,1035.0,109.54477292184966,113.87834155682127,656.3904884298124,1674.4954230157757,69.04409995964502,54.213807741391015,8.350747457905058,0.24230832733081245,12.904224002693494,20.094529666413624,0.6391671569740623,2500.0,13.75,0.55,sensor_drift,0.441,342.0
hot_weather,300,sensor_drift,1036.0,109.54477291666704,113.81577926552315,654.2765622890712,1680.8231869279862,66.45049263532695,53.68863570615457,8.350747457905058,0.20189413416133736,12.982424613888067,20.04005213104308,0.6391671570057268,2500.0,13.75,0.55,sensor_drift,0.443,341.0
hot_weather,300,sensor_drift,1037.0,109.54477291160784,114.14053547831607,656.8464775315712,1685.965668043336,67.84621403093965,54.85434113549369,8.350747457905058,0.2747162763657861,13.035726189423414,19.98988318354033,0.6391671570366373,2500.0,13.75,0.55,sensor_drift,0.444,340.0
hot_weather,300,sensor_drift,1038.0,109.54477290666908,113.67722690685812,653.5600119345844,1683.611604011589,67.96114446414856,53.96037242017381,8.350747457905058,0.20566924107271461,13.043330341700212,20.332938897255257,0.6391671570668119,2500.0,13.75,0.55,sensor_drift,0.446,339.0
hot_weather,300,sensor_drift,1039.0,109.54477290184792,113.99605300231966,657.7301740276542,1686.420641738672,68.24593447519288,53.76477176419963,8.350747457905058,0.17721048878027898,12.950178531459606,20.131028198259482,0.639167157096268,2500.0,13.75,0.55,sensor_drift,0.448,338.0
hot_weather,300,sensor_drift,1040.0,109.54477289714154,114.11760811933557,653.2402770434919,1679.9848871774802,67.97605070495118,53.90399615160001,8.350747457905058,0.11892431751847254,13.052081745839834,19.797245531160755,0.6391671571250228,2500.0,13.75,0.55,sensor_drift,0.449,337.0
hot_weather,300,sensor_drift,1041.0,109.54477289254721,114.1261364906427,651.2428464297399,1681.7959311045997,67.47548146563622,53.611342958184245,8.350747457905058,0.1734236850196774,13.052170248772413,20.354632940111944,0.639167157153093,2500.0,13.75,0.55,sensor_drift,0.451,336.0
hot_weather,300,sensor_drift,1042.0,109.54477288806228,114.26913919003164,652.3146683482694,1692.2746819659055,67.53122056705513,53.57562564125025,8.350747457905058,0.2536327823275656,13.08176493540978,19.72847940924465,0.6391671571804947,2500.0,13.75,0.55,sensor_drift,0.453,335.0
hot_weather,300,sensor_drift,1043.0,109.54477288368413,114.99698859136713,657.4825460007594,1688.9077568654184,67.07800226862042,54.31614432281558,8.350747457905058,0.2534253857846387,13.038490326647954,20.124453151027357,0.6391671572072442,2500.0,13.75,0.55,sensor_drift,0.454,334.0
hot_weather,300,sensor_drift,1044.0,109.54477287941023,113.65400263902634,655.3109065035147,1681.8308405291705,68.01754666552709,53.48300157646981,8.350747457905058,0.19190016906045027,12.96573512292523,20.037196724450236,0.6391671572333566,2500.0,13.75,0.55,sensor_drift,0.456,333.0
hot_weather,300,sensor_drift,1045.0,109.54477287523808,113.93097050493499,655.5196757696159,1685.662712936315,68.13743636080017,53.77342588215793,8.350747457905058,0.21419829447621325,13.081972105488973,20.06520754529209,0.6391671572588474,2500.0,13.75,0.55,sensor_drift,0.458,332.0
hot_weather,300,sensor_drift,1046.0,109.54477287116528,114.17933355964529,649.3090742167265,1677.1105019263819,66.92211712276186,54.4473000465561,8.350747457905058,0.2343526240868636,13.056131426165628,20.219601830692923,0.6391671572837312,2500.0,13.75,0.55,sensor_drift,0.459,331.0
hot_weather,300,sensor_drift,1047.0,109.54477286718944,114.2894698941317,653.0909878823119,1676.4177073569952,68.35785116797942,53.413805880689104,8.350747457905058,0.23275219568801284,13.039969309439956,19.997169611110348,0.6391671573080226,2500.0,13.75,0.55,sensor_drift,0.461,330.0
hot_weather,300,sensor_drift,1048.0,109.54477286330827,113.92059526363849,650.6451578822587,1675.3069010444367,67.63260971043063,54.60545244541832,8.350747457905058,0.13117812035399767,12.996109163041861,20.226496496066673,0.6391671573317356,2500.0,13.75,0.55,sensor_drift,0.462,329.0
hot_weather,300,sensor_drift,1049.0,109.5447728595195,113.76020301783194,656.3349108001937,1686.1054486472954,67.0073843179756,54.416496569140186,8.350747457905058,0.16747809664418326,13.026229519993608,20.03174390562231,0.639167157354884,2500.0,13.75,0.55,sensor_drift,0.464,328.0
hot_weather,300,sensor_drift,1050.0,109.54477285582094,114.93240718764456,653.1680452924578,1689.758051930589,66.69759737160352,54.81634031384284,8.350747457905058,0.21883729427042078,13.055082852724581,20.106564208344967,0.6391671573774813,2500.0,13.75,0.55,sensor_drift,0.466,327.0
hot_weather,300,sensor_drift,1051.0,109.54477285221044,114.06304824714786,657.9783290341884,1679.354739908961,67.5346110759054,53.46182926749753,8.350747457905058,0.18002683503622538,13.028650059291385,20.22790454487556,0.6391671573995406,2500.0,13.75,0.55,sensor_drift,0.467,326.0
hot_weather,300,sensor_drift,1052.0,109.54477284868591,114.02810314688148,655.7443746234678,1679.4585181464122,67.71006666900631,54.41784829819974,8.350747457905058,0.22058529381045563,12.989498508973549,20.250997169364584,0.6391671574210744,2500.0,13.75,0.55,sensor_drift,0.469,325.0
hot_weather,300,sensor_drift,1053.0,109.54477284524529,113.77306109814494,650.8988204022124,1681.8895769854641,67.45071170353044,54.503375825812746,8.350747457905058,0.17608849283210012,13.017974677783824,20.036464336873397,0.6391671574420958,2500.0,13.75,0.55,sensor_drift,0.471,324.0
hot_weather,300,sensor_drift,1054.0,109.5447728418866,113.23509060337769,653.3842312479103,1682.4977817766044,68.55915382380142,53.216827963455366,8.350747457905058,0.13059923267123985,13.00557011198238,19.698971451064587,0.6391671574626167,2500.0,13.75,0.55,sensor_drift,0.472,323.0
hot_weather,300,sensor_drift,1055.0,109.54477283860787,114.04225744207791,654.0284521444688,1676.3447804513546,67.29030674663291,52.58009798033599,8.350747457905058,0.1516851663007326,12.996281730124748,20.264680036455523,0.6391671574826489,2500.0,13.75,0.55,sensor_drift,0.474,322.0
hot_weather,300,sensor_drift,1056.0,109.5447728354072,114.54077716022452,652.6692581672662,1685.776044979509,67.57932528729948,54.940849986768114,8.350747457905058,0.27579033083925525,13.05884692671528,20.378429621965736,0.6391671575022042,2500.0,13.75,0.55,sensor_drift,0.475,321.0
hot_weather,300,sensor_drift,1057.0,109.54477283228275,113.61939865764244,656.6709708088977,1680.9960711335118,67.53980931219405,54.737131542375174,8.350747457905058,0.1482195051659102,13.099762296825482,20.17105567748961,0.6391671575212937,2500.0,13.75,0.55,sensor_drift,0.477,320.0
hot_weather,300,sensor_drift,1058.0,109.54477282923268,115.05630520891573,653.1094197857989,1677.880093295175,68.09044014968453,52.95616858620525,8.350747457905058,0.2780510673166782,12.957705249333587,19.89818149360847,0.6391671575399289,2500.0,13.75,0.55,sensor_drift,0.479,319.0
hot_weather,300,sensor_drift,1059.0,109.54477282625524,114.27971112399598,654.4490446509475,1690.8104075956912,67.57273047660712,53.720956557204545,8.350747457905058,0.13294588743067157,13.042550603771618,19.673185220572677,0.6391671575581204,2500.0,13.75,0.55,sensor_drift,0.48,318.0
hot_weather,300,sensor_drift,1060.0,109.5447728233487,114.0430757887745,655.9201375879063,1680.919524880648,67.3543573764876,53.88472924008623,8.350747457905058,0.23557178599515574,12.977220749908753,20.052514278640405,0.6391671575758786,2500.0,13.75,0.55,sensor_drift,0.482,317.0
hot_weather,300,sensor_drift,1061.0,109.54477282051134,114.96341800315827,651.3276946890996,1678.0890180377983,67.90426618376102,54.1271945806207,8.350747457905058,0.2049311868355008,12.982255073772784,19.761953381880975,0.6391671575932142,2500.0,13.75,0.55,sensor_drift,0.484,316.0
hot_weather,300,sensor_drift,1062.0,109.54477281774155,115.18498654337606,650.3143195982013,1676.5021563886935,67.79459776755216,53.650606232035464,8.350747457905058,0.10849735057401705,13.154351449460636,20.351546985305664,0.6391671576101369,2500.0,13.75,0.55,sensor_drift,0.485,315.0
hot_weather,300,sensor_drift,1063.0,109.5447728150377,114.59936909252144,653.0113525632436,1677.5423088951472,67.1123689700802,53.374668486434864,8.350747457905058,0.20634134367884954,13.020042890648979,20.063961903154883,0.6391671576266568,2500.0,13.75,0.55,sensor_drift,0.487,314.0
hot_weather,300,sensor_drift,1064.0,109.54477281239824,113.94911875908475,654.1644378439456,1688.3648195840867,67.3354699700808,53.337469140110166,8.350747457905058,0.23767749542253236,12.980462113294795,19.816071294483628,0.6391671576427832,2500.0,13.75,0.55,sensor_drift,0.489,313.0
hot_weather,300,sensor_drift,1065.0,109.54477280982161,113.64695342992665,649.4703240480152,1684.1927918004685,68.72954463988259,53.736663736643735,8.350747457905058,0.19429321457653914,13.029138913078505,19.69821305332535,0.6391671576585257,2500.0,13.75,0.55,sensor_drift,0.49,312.0
hot_weather,300,sensor_drift,1066.0,109.54477280730633,114.36743109625777,656.4538614317997,1683.1963127994609,67.71605907196684,55.48172130925391,8.350747457905058,0.23087513370889584,13.05950443202834,19.90687289277014,0.6391671576738934,2500.0,13.75,0.55,sensor_drift,0.492,311.0
hot_weather,300,sensor_drift,1067.0,109.54477280485095,113.35507806816534,655.2748402750012,1684.0625624334273,67.61126358861613,54.3125960336659,8.350747457905058,0.19605954448686586,13.056457762098574,20.09919348550319,0.6391671576888953,2500.0,13.75,0.55,sensor_drift,0.493,310.0
hot_weather,300,sensor_drift,1068.0,109.54477280245402,114.45239347739111,652.9603624159512,1679.6688165702406,67.03616060505767,54.69835234459755,8.350747457905058,0.30625543698923086,12.978157384677116,20.05338241532183,0.6391671577035398,2500.0,13.75,0.55,sensor_drift,0.495,309.0
hot_weather,300,sensor_drift,1069.0,109.54477280011416,114.52709693427748,649.2927738498058,1682.25001391298,66.95567979282367,54.14062668459638,8.350747457905058,0.20021439002657548,13.091605069200819,19.832421216812968,0.6391671577178357,2500.0,13.75,0.55,sensor_drift,0.497,308.0
hot_weather,300,sensor_drift,1070.0,109.54477279783002,114.35705705466519,657.9536694511183,1683.7240158711575,67.84867306066755,53.926040846115114,8.350747457905058,0.17938588674200476,12.958652645276427,20.06340659157092,0.6391671577317913,2500.0,13.75,0.55,sensor_drift,0.498,307.0
hot_weather,300,sensor_drift,1071.0,109.54477279560027,114.80304249644637,656.0976575745977,1680.6404741654344,67.84211868899676,53.48300452875692,8.350747457905058,0.2544773900841589,12.958608555911578,19.777621006397432,0.6391671577454145,2500.0,13.75,0.55,sensor_drift,0.5,306.0
hot_weather,300,sensor_drift,1072.0,109.54477279342359,114.45324035829056,653.3450207208627,1686.0814919670715,67.47870330149404,53.69857403176331,8.350747457905058,0.06632355686232333,12.995587173086886,19.936799723607386,0.6391671577587135,2500.0,13.75,0.55,sensor_drift,0.502,305.0
hot_weather,300,sensor_drift,1073.0,109.54477279129874,113.66130865963589,656.4423219221998,1686.020689821141,68.66151480624336,54.09199265113956,8.350747457905058,0.2475057125921042,13.047765193920172,20.226578236025684,0.6391671577716959,2500.0,13.75,0.55,sensor_drift,0.503,304.0
hot_weather,300,sensor_drift,1074.0,109.54477278922448,114.196479192371,657.8100650183562,1690.7160938745628,67.12044231796004,54.044281760187424,8.350747457905058,0.09312362734399351,12.92792759398023,19.6469511490778,0.6391671577843689,2500.0,13.75,0.55,sensor_drift,0.505,303.0
hot_weather,300,sensor_drift,1075.0,109.54477278719962,114.68104880446624,656.0501902937464,1684.4063631083263,67.75155313582417,53.90431641998875,8.350747457905058,0.1565681238584845,13.029130816366804,19.90018988740258,0.6391671577967404,2500.0,13.75,0.55,sensor_drift,0.507,302.0
hot_weather,300,sensor_drift,1076.0,109.54477278522296,114.73697420006023,651.8042843081736,1682.2508337228041,67.08966176354797,53.59867760269965,8.350747457905058,0.15643956297122444,13.044452197213301,19.738410177045978,0.6391671578088173,2500.0,13.75,0.55,sensor_drift,0.508,301.0
hot_weather,300,sensor_drift,1077.0,109.54477278329337,114.45473114170927,653.6009876245545,1685.581689212862,66.75858990965719,54.21956904920904,8.350747457905058,0.19633413950569195,13.03382325231931,20.328843933686496,0.6391671578206066,2500.0,13.75,0.55,sensor_drift,0.51,300.0
hot_weather,300,sensor_drift,1078.0,109.54477278140972,114.72310140008084,650.778027572101,1683.3901222384131,67.58888995181935,54.967923529039055,8.350747457905058,0.22309013104173592,12.973792221297924,19.972186650110917,0.6391671578321153,2500.0,13.75,0.55,sensor_drift,0.511,299.0
hot_weather,300,sensor_drift,1079.0,109.54477277957092,115.37447991665962,654.2823225831944,1680.661297209678,67.47434661326659,53.95742142016912,8.350747457905058,0.11577001496340426,13.02712623619039,19.820456865825417,0.6391671578433499,2500.0,13.75,0.55,sensor_drift,0.513,298.0
hot_weather,300,sensor_drift,1080.0,109.5447727777759,114.68297737086945,650.6722364931896,1679.2228132583991,67.58584848327102,54.06821780085319,8.350747457905058,0.21256891880102277,13.0338090008568,20.041475733872414,0.639167157854317,2500.0,13.75,0.55,sensor_drift,0.515,297.0
hot_weather,300,sensor_drift,1081.0,109.54477277602362,114.7132306836561,653.5907967493999,1687.3244507026395,67.7743397089408,53.89380525211518,8.350747457905058,0.09988380081275879,13.117220264097043,20.131189178286697,0.639167157865023,2500.0,13.75,0.55,sensor_drift,0.516,296.0
hot_weather,300,sensor_drift,1082.0,109.54477277431306,114.83679691245929,653.1851384815939,1680.9762003931153,67.13322808181337,54.582497140817225,8.350747457905058,0.21777059344912567,12.926542417880508,20.002055384953266,0.6391671578754741,2500.0,13.75,0.55,sensor_drift,0.518,295.0
hot_weather,300,sensor_drift,1083.0,109.54477277264323,114.77843185258796,652.5403216270084,1678.532547565674,67.35741946288158,54.07142076780395,8.350747457905058,0.24003083777124073,13.08753607957765,19.74703663722344,0.6391671578856764,2500.0,13.75,0.55,sensor_drift,0.52,294.0
hot_weather,300,sensor_drift,1084.0,109.54477277101316,114.5172109023783,655.6069944724992,1683.571710581598,67.721963205217,54.01735147060894,8.350747457905058,0.205794129761029,13.014494393067823,19.94696380283071,0.6391671578956356,2500.0,13.75,0.55,sensor_drift,0.521,293.0
hot_weather,300,sensor_drift,1085.0,109.5447727694219,114.73034918918073,652.4883134119701,1682.2197452145977,67.1005132055268,53.89705573788157,8.350747457905058,0.18129943074876614,13.038778633644423,20.04437204646387,0.6391671579053578,2500.0,13.75,0.55,sensor_drift,0.523,292.0
hot_weather,300,sensor_drift,1086.0,109.54477276786852,115.66489214945318,658.7982336049346,1688.6701011492648,67.77451630479177,53.41696942882805,8.350747457905058,0.23720827096533453,13.036249245209216,20.01849406600317,0.6391671579148486,2500.0,13.75,0.55,sensor_drift,0.525,291.0
hot_weather,300,sensor_drift,1087.0,109.54477276635212,114.92151599356548,653.1733260742766,1680.1463543337734,68.012319338134,54.54701402146253,8.350747457905058,0.2484147786659973,12.94150877450759,19.855088499534002,0.6391671579241134,2500.0,13.75,0.55,sensor_drift,0.526,290.0
hot_weather,300,sensor_drift,1088.0,109.54477276487184,113.97516558407445,658.9243865071824,1681.799440511847,67.69454894083182,54.49106648522748,8.350747457905058,0.13516219679457042,13.020800774929224,20.02108532572402,0.6391671579331576,2500.0,13.75,0.55,sensor_drift,0.528,289.0
hot_weather,300,sensor_drift,1089.0,109.54477276342679,115.02657560537911,653.8331854173651,1684.717925004215,68.0219120098551,55.23470530143215,8.350747457905058,0.16352909397452214,13.09144560766325,20.044614431779824,0.6391671579419864,2500.0,13.75,0.55,sensor_drift,0.529,288.0
hot_weather,300,sensor_drift,1090.0,109.54477276201615,115.08877366915445,656.960852801203,1679.9222771108457,66.85175979940529,52.89525080886284,8.350747457905058,0.18314596979947242,13.00161843871301,20.29005181246112,0.6391671579506051,2500.0,13.75,0.55,sensor_drift,0.531,287.0
hot_weather,300,sensor_drift,1091.0,109.5447727606391,114.92136271298902,657.4352370637581,1681.5416883499674,67.43203812031464,54.571737578062226,8.350747457905058,0.29789351776898365,12.96047978057503,19.945762738903703,0.6391671579590186,2500.0,13.75,0.55,sensor_drift,0.533,286.0
hot_weather,300,sensor_drift,1092.0,109.54477275929484,114.26097371764767,653.2786404064556,1687.0177360352357,67.86397222582062,54.07865998379537,8.350747457905058,0.22777189834104822,12.966362123431296,20.06191014397731,0.6391671579672317,2500.0,13.75,0.55,sensor_drift,0.534,285.0
hot_weather,300,sensor_drift,1093.0,109.54477275798259,115.09910792719097,654.9682969138772,1684.2045054346086,67.91732363666355,54.32283287822057,8.350747457905058,0.1899017977988034,13.026017669249068,20.340495948298287,0.6391671579752491,2500.0,13.75,0.55,sensor_drift,0.536,284.0
hot_weather,300,sensor_drift,1094.0,109.54477275670158,115.39353783508533,648.3960625470023,1677.6930766439114,67.37012015301808,53.75791201160018,8.350747457905058,0.20659427287343626,13.007108244269967,19.881402088985766,0.6391671579830759,2500.0,13.75,0.55,sensor_drift,0.538,283.0
hot_weather,300,sensor_drift,1095.0,109.54477275545106,115.587035796958,647.4379413965598,1680.9590441038122,67.72064959700162,53.67374129428968,8.350747457905058,0.24638272231386654,12.954354267177449,20.01221767892376,0.6391671579907161,2500.0,13.75,0.55,sensor_drift,0.539,282.0
hot_weather,300,sensor_drift,1096.0,109.54477275423032,114.7356550236254,652.7905649662254,1679.7262289614619,67.2119955742504,53.773819637854714,8.350747457905058,0.2618544969288701,13.077499284147379,19.751392213781212,0.6391671579981746,2500.0,13.75,0.55,sensor_drift,0.541,281.0
hot_weather,300,sensor_drift,1097.0,109.54477275303866,115.93089196799362,657.9447178896942,1689.3623604248587,66.95488870081803,54.15203330223243,8.350747457905058,0.10576455871353856,12.949594280365886,20.21100418361391,0.6391671580054553,2500.0,13.75,0.55,sensor_drift,0.542,280.0
hot_weather,300,sensor_drift,1098.0,109.54477275187536,114.75489389183907,652.7113162711851,1683.4331316026364,67.85938199281878,54.1230743049821,8.350747457905058,0.2349147534738089,12.953460639442406,20.1303821078941,0.6391671580125629,2500.0,13.75,0.55,sensor_drift,0.544,279.0
hot_weather,300,sensor_drift,1099.0,109.54477275073975,115.27498952155086,656.7377811890741,1689.6426967369935,67.4307091188007,54.59348690619859,8.350747457905058,0.17123494367487763,13.12115818926144,19.847347786613668,0.6391671580195011,2500.0,13.75,0.55,sensor_drift,0.546,278.0
hot_weather,300,sensor_drift,1100.0,109.54477274963119,115.08324963403422,652.2674386908903,1691.2629372447461,67.93418492797807,54.130943690895734,8.350747457905058,0.2996702503885463,13.013356986176118,19.63759231516495,0.6391671580262741,2500.0,13.75,0.55,sensor_drift,0.547,277.0
hot_weather,300,sensor_drift,1101.0,109.54477274854902,115.35428056848363,654.574615694905,1676.762783448728,67.42180261483777,53.75988370383198,8.350747457905058,0.24916555069817065,13.147230683109592,20.180699452595388,0.6391671580328859,2500.0,13.75,0.55,sensor_drift,0.549,276.0
hot_weather,300,sensor_drift,1102.0,109.54477274749262,113.94196157336094,658.7833530581808,1687.3173154681892,67.6853831041191,53.90526819453377,8.350747457905058,0.27081742626136573,12.99784534966795,20.00459072017177,0.6391671580393403,2500.0,13.75,0.55,sensor_drift,0.551,275.0
hot_weather,300,sensor_drift,1103.0,109.54477274646136,115.48426403116271,646.8687707907383,1678.2504786971529,67.61912877032226,54.496743427642194,8.350747457905058,0.26368009958900174,12.979894034292728,19.976371533725608,0.639167158045641,2500.0,13.75,0.55,sensor_drift,0.552,274.0
hot_weather,300,sensor_drift,1104.0,109.54477274545467,114.94320668995412,658.4967347327142,1685.2573151434126,67.79480697359494,54.28314422941811,8.350747457905058,0.2134714612096047,13.051983053823554,20.34867531175346,0.6391671580517916,2500.0,13.75,0.55,sensor_drift,0.554,273.0
hot_weather,300,sensor_drift,1105.0,109.54477274447194,115.08995954153332,655.4927097941371,1676.6678607452866,67.44744376423613,53.70621962150647,8.350747457905058,0.21238535213865517,13.08668054398399,20.13073331089764,0.6391671580577959,2500.0,13.75,0.55,sensor_drift,0.556,272.0
hot_weather,300,sensor_drift,1106.0,109.54477274351261,115.33514916498004,654.947512955242,1680.9213281216892,68.08233265070321,53.60583185703253,8.350747457905058,0.279857870441389,13.091393506499724,19.88709703679142,0.6391671580636571,2500.0,13.75,0.55,sensor_drift,0.557,271.0
hot_weather,300,sensor_drift,1107.0,109.54477274257611,114.54081370368458,656.0415767243348,1680.9742306875148,67.92115179102426,53.800999895306475,8.350747457905058,0.19327289019814226,13.117439632983546,19.603669874358378,0.639167158069379,2500.0,13.75,0.55,sensor_drift,0.559,270.0
hot_weather,300,sensor_drift,1108.0,109.54477274166193,115.27006692949355,653.839106723482,1680.3272507099086,67.68657837214226,54.03020858662712,8.350747457905058,0.23679676408824787,12.92783355986237,19.803861395649296,0.6391671580749644,2500.0,13.75,0.55,sensor_drift,0.56,269.0
hot_weather,300,sensor_drift,1109.0,109.5447727407695,115.47134954498307,655.8431517698334,1680.1929782234374,66.91711251407528,53.67981802614362,8.350747457905058,0.284758032743775,13.067037675625349,19.986569877662784,0.6391671580804168,2500.0,13.75,0.55,sensor_drift,0.562,268.0
hot_weather,300,sensor_drift,1110.0,109.54477273989832,115.32951502722852,653.349490076257,1684.8784103476396,67.2731427334024,53.48465112617359,8.350747457905058,0.24487261305857838,12.983564295855569,19.72165042142423,0.6391671580857395,2500.0,13.75,0.55,sensor_drift,0.564,267.0
hot_weather,300,sensor_drift,1111.0,109.54477273904789,114.93484918925374,654.5069522234959,1687.4610780840303,68.06149621857828,52.69444541727021,8.350747457905058,0.22203921283709932,13.04652577039875,19.913073567375598,0.6391671580909355,2500.0,13.75,0.55,sensor_drift,0.565,266.0
hot_weather,300,sensor_drift,1112.0,109.5447727382177,114.46800034519448,650.1762611850218,1682.590468660608,67.56877125501283,54.122485944179935,8.350747457905058,0.2602689332500745,13.010258376721103,19.83353128545658,0.6391671580960077,2500.0,13.75,0.55,sensor_drift,0.567,265.0
hot_weather,300,sensor_drift,1113.0,109.54477273740729,114.97450718707829,652.420791544863,1682.3855518318862,67.92001727331704,53.98319076949627,8.350747457905058,0.16390741954280028,13.005478972048612,20.340117024599895,0.639167158100959,2500.0,13.75,0.55,sensor_drift,0.569,264.0
hot_weather,300,sensor_drift,1114.0,109.54477273661617,115.91358945799306,650.7610054198824,1679.5204673609044,67.39029596009485,53.62906712558653,8.350747457905058,0.18145923980570378,12.99233506712924,20.326909475941317,0.6391671581057926,2500.0,13.75,0.55,sensor_drift,0.57,263.0
hot_weather,300,sensor_drift,1115.0,109.54477273584388,114.91486463569244,652.6586047440426,1678.5374570120218,67.87978017297671,54.544393127322266,8.350747457905058,0.22363208047838662,12.986596286238576,19.972848532416897,0.6391671581105112,2500.0,13.75,0.55,sensor_drift,0.572,262.0
hot_weather,300,sensor_drift,1116.0,109.54477273508998,115.4997765559413,655.3747785593372,1676.7829494190203,67.3153761961889,54.20981361004877,8.350747457905058,0.21838844454558537,12.947946883648301,19.76542338891158,0.6391671581151173,2500.0,13.75,0.55,sensor_drift,0.574,261.0
hot_weather,300,sensor_drift,1117.0,109.54477273435403,114.81207285446958,651.385639151396,1677.4731391033147,67.22164542292629,53.68999998663717,8.350747457905058,0.2510901877225235,12.998305063335948,19.893830301067368,0.6391671581196137,2500.0,13.75,0.55,sensor_drift,0.575,260.0
hot_weather,300,sensor_drift,1118.0,109.5447727336356,115.15613568660729,656.2325370778179,1683.7392493705609,67.55140683787816,54.163892093099776,8.350747457905058,0.16352186503330393,13.038361063208418,20.371840569956717,0.6391671581240033,2500.0,13.75,0.55,sensor_drift,0.577,259.0
hot_weather,300,sensor_drift,1119.0,109.54477273293428,114.71431262054556,653.0100868342519,1688.6106504083366,67.95955835797919,54.39547171178631,8.350747457905058,0.2024634978321342,13.157206887913052,19.981550228725187,0.6391671581282881,2500.0,13.75,0.55,sensor_drift,0.578,258.0
hot_weather,300,sensor_drift,1120.0,109.54477273224965,115.29885959519561,653.5045499308962,1689.5687369899965,67.11816173862381,53.945789112179966,8.350747457905058,0.2193612851641614,12.979270367043416,19.659958551193068,0.6391671581324709,2500.0,13.75,0.55,sensor_drift,0.58,257.0
hot_weather,300,sensor_drift,1121.0,109.54477273158133,115.12563845367704,653.1739087445,1681.8432578789666,66.91714322808606,54.1695440004893,8.350747457905058,0.20287712765260582,13.019015076766232,20.095483913759498,0.6391671581365542,2500.0,13.75,0.55,sensor_drift,0.582,256.0
hot_weather,300,sensor_drift,1122.0,109.54477273092893,115.62770406127898,656.9369957051207,1681.559228378822,67.91005269653044,53.685630947509246,8.350747457905058,0.17527211626477668,13.028494915350555,19.88034553578426,0.6391671581405403,2500.0,13.75,0.55,sensor_drift,0.583,255.0
hot_weather,300,sensor_drift,1123.0,109.54477273029205,115.54005647301338,650.6826574802739,1687.6793041102314,67.25025682849196,54.21830825537267,8.350747457905058,0.1532862127146116,12.984379577237974,20.02824394654876,0.6391671581444315,2500.0,13.75,0.55,sensor_drift,0.585,254.0
hot_weather,300,sensor_drift,1124.0,109.54477272967034,115.8178730739354,650.3265726239974,1690.1135704711535,66.8420984332165,54.76014619866939,8.350747457905058,0.20882951552453607,12.983196970712982,19.824910157127288,0.6391671581482299,2500.0,13.75,0.55,sensor_drift,0.587,253.0
hot_weather,300,sensor_drift,1125.0,109.54477272906342,115.69252518288485,652.063481689981,1682.5304706768572,67.37184213988314,54.14071719436148,8.350747457905058,0.20962373915855187,12.967406861183214,20.012010398473254,0.639167158151938,2500.0,13.75,0.55,sensor_drift,0.588,252.0
hot_weather,300,sensor_drift,1126.0,109.54477272847096,115.58005893694887,655.9634605969567,1694.9124998211523,69.12617789412664,54.45192723964575,8.350747457905058,0.2027430663023842,12.991423092394484,20.066821477175477,0.6391671581555578,2500.0,13.75,0.55,sensor_drift,0.59,251.0
hot_weather,300,sensor_drift,1127.0,109.5447727278926,115.15710926220572,651.2446386090727,1673.5576800560978,68.33294761427437,54.47028488838236,8.350747457905058,0.21981878025703944,13.07470385374404,19.626059392849633,0.6391671581590914,2500.0,13.75,0.55,sensor_drift,0.592,250.0
hot_weather,300,sensor_drift,1128.0,109.54477272732802,115.66291917265565,646.109648220645,1689.266568166544,67.8487476731523,53.96969563990509,8.350747457905058,0.20103094271193456,13.005215329349443,20.084795804608675,0.6391671581625409,2500.0,13.75,0.55,sensor_drift,0.593,249.0
hot_weather,300,sensor_drift,1129.0,109.54477272677688,115.24471793782278,657.9236123813552,1685.4668994109477,68.08414202262067,54.81227036833415,8.350747457905058,0.22460203020828268,12.99404811726322,20.0674403785245,0.6391671581659082,2500.0,13.75,0.55,sensor_drift,0.595,248.0
hot_weather,300,sensor_drift,1130.0,109.54477272623886,114.76851026751903,655.7578171336219,1683.6669625924205,67.3134967543679,54.36621354573671,8.350747457905058,0.2719470640141769,13.06676339027929,20.305770812600958,0.6391671581691954,2500.0,13.75,0.55,sensor_drift,0.596,247.0
hot_weather,300,sensor_drift,1131.0,109.54477272571366,114.75881304344121,652.686311557466,1688.5121883703473,67.94766712836308,54.22073283840839,8.350747457905058,0.13602537957137883,13.087016932872341,19.858413422846702,0.6391671581724043,2500.0,13.75,0.55,sensor_drift,0.598,246.0
hot_weather,300,sensor_drift,1132.0,109.54477272520096,116.28047658960166,652.8460720394723,1685.1851578435676,67.81748121338023,54.25180923756085,8.350747457905058,0.15116193335431216,12.9197219026682,19.76698959591547,0.6391671581755367,2500.0,13.75,0.55,sensor_drift,0.6,245.0
hot_weather,300,sensor_drift,1133.0,109.54477272470047,115.09222532345595,658.2094282105691,1682.4846658253869,68.30820582597201,53.165651335862734,8.350747457905058,0.2901395641185725,13.061295831269767,20.14081883836283,0.6391671581785946,2500.0,13.75,0.55,sensor_drift,0.601,244.0
hot_weather,300,sensor_drift,1134.0,109.54477272421188,116.50584453770833,652.1735807571082,1675.235486876136,67.07656287160025,55.0576141827509,8.350747457905058,0.21558420041397788,13.056051840907946,19.696776211377585,0.6391671581815798,2500.0,13.75,0.55,sensor_drift,0.603,243.0
hot_weather,300,sensor_drift,1135.0,109.54477272373494,115.76510133031216,651.2746452310778,1680.657583100092,68.06561904710513,55.10110786332582,8.350747457905058,0.19542288441571998,13.002371721935617,19.847436383239508,0.6391671581844938,2500.0,13.75,0.55,sensor_drift,0.605,242.0
hot_weather,300,sensor_drift,1136.0,109.54477272326935,115.90568542031619,654.1550804312621,1677.4562379145646,67.53924157694051,54.175556875826345,8.350747457905058,0.1942196837043716,13.042846919761228,20.079750269040026,0.6391671581873384,2500.0,13.75,0.55,sensor_drift,0.606,241.0
hot_weather,300,sensor_drift,1137.0,109.54477272281484,114.91775652458439,660.3993576000308,1674.1747911814898,67.7623842111784,54.02220674117393,8.350747457905058,0.22446398070431275,13.0107518123392,19.79278400174161,0.6391671581901154,2500.0,13.75,0.55,sensor_drift,0.608,240.0
hot_weather,300,sensor_drift,1138.0,109.54477272237115,116.30828640869885,657.2408385506616,1680.2210216404062,67.76311632681612,53.479415927722386,8.350747457905058,0.2264478651199718,12.96014843473329,19.915705986427504,0.6391671581928262,2500.0,13.75,0.55,sensor_drift,0.609,239.0
hot_weather,300,sensor_drift,1139.0,109.54477272193803,115.02881730891512,655.1664709747195,1688.0603252657606,67.43855321326794,53.65423342565863,8.350747457905058,0.25697143763537245,13.042505033852322,20.05209202942466,0.6391671581954723,2500.0,13.75,0.55,sensor_drift,0.611,238.0
hot_weather,300,sensor_drift,1140.0,109.54477272151523,115.56309879576526,655.1580698653265,1687.2571715301092,67.51906091034849,54.32348276192902,8.350747457905058,0.2257120526192366,13.058558349305342,20.267785260573767,0.6391671581980556,2500.0,13.75,0.55,sensor_drift,0.613,237.0
hot_weather,300,sensor_drift,1141.0,109.54477272110249,114.81448029440003,650.844825491423,1689.813303126381,67.67913992806679,54.65300031642621,8.350747457905058,0.22342004843630026,13.053873550557391,19.777248353692514,0.6391671582005773,2500.0,13.75,0.55,sensor_drift,0.614,236.0
hot_weather,300,sensor_drift,1142.0,109.54477272069957,115.01390288929888,652.63993331094,1686.4976542612076,67.8011743348438,54.27223070989888,8.350747457905058,0.22473514826476673,12.942413190538854,20.216526996257745,0.6391671582030392,2500.0,13.75,0.55,sensor_drift,0.616,235.0
hot_weather,300,sensor_drift,1143.0,109.54477272030624,115.42025928041781,657.6091703375517,1681.6979479704537,68.21600015953257,54.07671358895784,8.350747457905058,0.17705828270296758,13.083232423650456,20.11295945901673,0.6391671582054422,2500.0,13.75,0.55,sensor_drift,0.618,234.0
hot_weather,300,sensor_drift,1144.0,109.54477271992229,115.4241153397851,652.8231723169105,1682.2696887891734,67.95274478283517,53.36990766216239,8.350747457905058,0.221996544220802,13.086662327635146,19.927340615464868,0.639167158207788,2500.0,13.75,0.55,sensor_drift,0.619,233.0
hot_weather,300,sensor_drift,1145.0,109.54477271954748,115.43906537224034,657.0521410257361,1675.6064518672883,68.33380359746607,54.414389045727596,8.350747457905058,0.2330906932474236,13.034691501478274,20.087941032426087,0.6391671582100781,2500.0,13.75,0.55,sensor_drift,0.621,232.0
hot_weather,300,sensor_drift,1146.0,109.5447727191816,115.24095962077877,652.2953386398542,1672.724736384305,68.32355505331053,53.646201110509075,8.350747457905058,0.21812281945567447,13.010086416529157,20.42553393271352,0.6391671582123136,2500.0,13.75,0.55,sensor_drift,0.623,231.0
hot_weather,300,sensor_drift,1147.0,109.54477271882442,116.14332488441774,652.1293383317927,1679.2982293026491,68.43995095013238,53.4557461567473,8.350747457905058,0.15530226472531633,13.070406815679094,19.882138035327397,0.6391671582144958,2500.0,13.75,0.55,sensor_drift,0.624,230.0
hot_weather,300,sensor_drift,1148.0,109.54477271847574,115.2397444946134,658.8643640221675,1683.133291790616,67.71354767163275,54.12218634509549,8.350747457905058,0.18983875552602114,13.0394824171591,20.20728917119656,0.6391671582166262,2500.0,13.75,0.55,sensor_drift,0.626,229.0
hot_weather,300,sensor_drift,1149.0,109.54477271813536,116.09329631958067,654.4887300485555,1685.1422896588567,67.24379807255858,53.87995178074976,8.350747457905058,0.22286040426048556,12.979824759814782,19.868498777657706,0.6391671582187057,2500.0,13.75,0.55,sensor_drift,0.627,228.0
hot_weather,300,sensor_drift,1150.0,109.5447727178031,115.78897329400355,655.1234116513059,1683.1174070491102,67.04413751349203,54.06509099084734,8.350747457905058,0.13091557722456398,13.043869093430718,20.267845647797415,0.6391671582207359,2500.0,13.75,0.55,sensor_drift,0.629,227.0
hot_weather,300,sensor_drift,1151.0,109.54477271747874,116.45466220103883,649.3742128534334,1682.3710243428006,68.57593806616751,54.5661525894786,8.350747457905058,0.1882368348367207,13.09712106529217,19.92492204724301,0.6391671582227176,2500.0,13.75,0.55,sensor_drift,0.631,226.0
hot_weather,300,sensor_drift,1152.0,109.5447727171621,115.79779658863703,647.187022119988,1673.9849128525175,67.34895381255974,54.70575651940737,8.350747457905058,0.18647253163141234,13.042149007788836,19.81260464801285,0.6391671582246521,2500.0,13.75,0.55,sensor_drift,0.632,225.0
hot_weather,300,sensor_drift,1153.0,109.544772716853,116.75747041204495,654.001268738979,1682.1368869655546,67.90555391762369,54.989756616620824,8.350747457905058,0.19403252283658712,12.98931808630669,20.118125623232316,0.6391671582265406,2500.0,13.75,0.55,sensor_drift,0.634,224.0
hot_weather,300,sensor_drift,1154.0,109.54477271655126,115.86983884243568,655.9240047469315,1680.963270695068,67.66317906693637,53.54258417681204,8.350747457905058,0.17954409947919395,13.066318634970676,20.442332460268734,0.6391671582283842,2500.0,13.75,0.55,sensor_drift,0.636,223.0
hot_weather,300,sensor_drift,1155.0,109.54477271625672,116.80501953901972,655.8269306759254,1683.049343743174,67.29511669274143,54.034827411793465,8.350747457905058,0.22412424016278795,13.054717673708135,19.731340674739563,0.6391671582301839,2500.0,13.75,0.55,sensor_drift,0.637,222.0
hot_weather,300,sensor_drift,1156.0,109.54477271596917,115.6947631289793,656.1737907440959,1679.187023902565,67.71607865469939,53.99907593714903,8.350747457905058,0.2730329941878289,12.953945888569287,19.951425596543604,0.6391671582319406,2500.0,13.75,0.55,sensor_drift,0.639,221.0
hot_weather,300,sensor_drift,1157.0,109.54477271568848,116.17152226034214,657.2241848978517,1679.8199031397078,67.74745291836932,53.50313642821146,8.350747457905058,0.271222362441739,12.983481162759285,19.896749788962655,0.6391671582336556,2500.0,13.75,0.55,sensor_drift,0.641,220.0
hot_weather,300,sensor_drift,1158.0,109.54477271541447,116.03548875332184,654.5112212926499,1681.4625682622132,68.04562234065739,54.21681563263476,8.350747457905058,0.16992984647520526,13.020413984227172,20.40580135116723,0.6391671582353298,2500.0,13.75,0.55,sensor_drift,0.642,219.0
hot_weather,300,sensor_drift,1159.0,109.54477271514698,115.52981973434633,651.1974608868741,1684.5824103609978,67.83840990132798,53.26320680304023,8.350747457905058,0.28957854827230284,12.97939936630232,19.881275414238356,0.639167158236964,2500.0,13.75,0.55,sensor_drift,0.644,218.0
hot_weather,300,sensor_drift,1160.0,109.54477271488587,115.65382210580955,654.4489746107882,1677.8537670808978,68.45777405852145,53.996612734933045,8.350747457905058,0.15528873491201078,13.057425986308433,20.27039929439749,0.6391671582385594,2500.0,13.75,0.55,sensor_drift,0.645,217.0
hot_weather,300,sensor_drift,1161.0,109.54477271463097,116.1400987084935,652.0646020332335,1684.4779824442778,67.18313307395623,54.46896111428201,8.350747457905058,0.20453577307842885,12.973847922586954,19.881052134790156,0.6391671582401168,2500.0,13.75,0.55,sensor_drift,0.647,216.0
hot_weather,300,sensor_drift,1162.0,109.54477271438213,115.19272519189792,654.5723567376111,1685.727748316449,67.35909496709422,54.60651604666303,8.350747457905058,0.27100233270910695,13.114634241551753,19.94355073033536,0.6391671582416371,2500.0,13.75,0.55,sensor_drift,0.649,215.0
hot_weather,300,sensor_drift,1163.0,109.54477271413923,116.21749006567475,656.172631455252,1678.3073195287068,67.85344150546932,53.770708067040815,8.350747457905058,0.11747183043759096,13.03346067115093,19.887515657664032,0.6391671582431212,2500.0,13.75,0.55,sensor_drift,0.65,214.0
hot_weather,300,sensor_drift,1164.0,109.5447727139021,116.01716665592103,659.7605931052832,1690.8263385782393,68.00807488629324,53.70062610929693,8.350747457905058,0.15010124236630976,12.961102087887742,19.608789741494835,0.6391671582445699,2500.0,13.75,0.55,sensor_drift,0.652,213.0
hot_weather,300,sensor_drift,1165.0,109.54477271367062,116.18601534551986,654.2171073766095,1687.0876051884532,67.99713553207475,53.51691878550646,8.350747457905058,0.17218055630413787,12.963237034038412,19.87419350063546,0.6391671582459841,2500.0,13.75,0.55,sensor_drift,0.654,212.0
hot_weather,300,sensor_drift,1166.0,109.54477271344466,115.85616132202814,651.097249456329,1680.1187414719348,67.09528724680835,53.83106039803355,8.350747457905058,0.2640677526993622,13.01850223586463,19.979124325700884,0.6391671582473648,2500.0,13.75,0.55,sensor_drift,0.655,211.0
hot_weather,300,sensor_drift,1167.0,109.54477271322408,116.51243305036455,654.7775552294487,1680.0606059943023,67.24466854299997,54.510225304372796,8.350747457905058,0.22667100018353858,13.012344589075063,19.998345579380715,0.6391671582487125,2500.0,13.75,0.55,sensor_drift,0.657,210.0
hot_weather,300,sensor_drift,1168.0,109.54477271300874,116.17171580269736,655.4918403298865,1678.6831895040925,67.81225257344464,54.280653778743186,8.350747457905058,0.19108582112994416,13.093742105437249,20.15351547831447,0.6391671582500281,2500.0,13.75,0.55,sensor_drift,0.658,209.0
hot_weather,300,sensor_drift,1169.0,109.54477271279853,116.86252136153782,656.695268900536,1665.4752841923762,68.03820743412064,54.57508425895178,8.350747457905058,0.18243291645608797,13.055325227077857,20.244635595483714,0.6391671582513124,2500.0,13.75,0.55,sensor_drift,0.66,208.0
hot_weather,300,sensor_drift,1170.0,109.54477271259333,115.52891047030708,657.3690168184697,1676.1673805845214,67.66694159442055,55.13999074259442,8.350747457905058,0.2380194840634251,13.052493979704254,19.953361073657273,0.6391671582525662,2500.0,13.75,0.55,sensor_drift,0.662,207.0
hot_weather,300,sensor_drift,1171.0,109.54477271239301,115.55634588350263,652.2493169587381,1684.8502239680292,68.3085658681836,54.54405397439418,8.350747457905058,0.2833475648382341,12.945673042976145,20.023856163564787,0.6391671582537901,2500.0,13.75,0.55,sensor_drift,0.663,206.0
hot_weather,300,sensor_drift,1172.0,109.54477271219747,115.38015812858099,652.2898818663522,1689.3024901339966,67.42546517059982,53.84030020565157,8.350747457905058,0.20799781223045702,13.046985390179632,20.14288157071069,0.6391671582549847,2500.0,13.75,0.55,sensor_drift,0.665,205.0
hot_weather,300,sensor_drift,1173.0,109.54477271200658,115.23192164201106,648.9096645264908,1672.961359362312,67.44070805142992,54.02737765602414,8.350747457905058,0.22069704453882966,13.032821805654665,20.184516617868326,0.6391671582561511,2500.0,13.75,0.55,sensor_drift,0.667,204.0
hot_weather,300,sensor_drift,1174.0,109.54477271182023,116.04930601852884,657.5173986953391,1681.935019481411,67.82652932884037,54.2442310914232,8.350747457905058,0.18188462592276522,13.020229274641258,19.617944707350038,0.6391671582572896,2500.0,13.75,0.55,sensor_drift,0.668,203.0
hot_weather,300,sensor_drift,1175.0,109.54477271163832,116.20388522525208,655.7266589260541,1687.9319823405856,67.64349887650124,54.20567993542945,8.350747457905058,0.12956392819357754,13.01261688021055,20.025171389323457,0.6391671582584011,2500.0,13.75,0.55,sensor_drift,0.67,202.0
hot_weather,300,sensor_drift,1176.0,109.54477271146074,115.32201419486127,659.2707164539141,1692.5147711178765,68.1374641806039,53.84919432894306,8.350747457905058,0.19461290063005082,13.070901277895809,19.948836577736525,0.6391671582594861,2500.0,13.75,0.55,sensor_drift,0.672,201.0
hot_weather,300,sensor_drift,1177.0,109.5447727112874,116.0651846534057,649.1257017548988,1682.0342175951632,67.98345138656106,54.39204661922775,8.350747457905058,0.18659133654142437,13.103807138378421,19.877595184877798,0.6391671582605452,2500.0,13.75,0.55,sensor_drift,0.673,200.0
hot_weather,300,sensor_drift,1178.0,109.54477271111817,115.89351230591207,657.9876051273275,1684.9572444475666,68.09590961425519,54.31823462272875,8.350747457905058,0.22564461800957636,13.024200240124763,19.970594428413452,0.6391671582615791,2500.0,13.75,0.55,sensor_drift,0.675,199.0
hot_weather,300,sensor_drift,1179.0,109.54477271095298,116.28865823624129,659.6639293115384,1676.4091819667403,67.34362785121516,53.32601364831653,8.350747457905058,0.2221313357205636,13.036192513462407,20.247156731631076,0.6391671582625882,2500.0,13.75,0.55,sensor_drift,0.676,198.0
hot_weather,300,sensor_drift,1180.0,109.54477271079172,116.05315068538151,652.7289947867584,1685.0160804915529,68.9392138363913,54.84816778146939,8.350747457905058,0.18732276642045023,12.9772426437072,20.200236108962233,0.6391671582635736,2500.0,13.75,0.55,sensor_drift,0.678,197.0
hot_weather,300,sensor_drift,1181.0,109.5447727106343,116.86358997140393,652.7282480935239,1683.9670798702468,67.82612555812085,53.600228718444605,8.350747457905058,0.16834010188195328,13.113700238660995,19.48402476357019,0.6391671582645354,2500.0,13.75,0.55,sensor_drift,0.68,196.0
hot_weather,300,sensor_drift,1182.0,109.54477271048063,117.0512670942329,655.7414865096537,1685.6487839472181,67.97618909777268,53.96746442770203,8.350747457905058,0.2185355015665773,13.062804360186076,19.873406638818288,0.6391671582654743,2500.0,13.75,0.55,sensor_drift,0.681,195.0
hot_weather,300,sensor_drift,1183.0,109.54477271033062,116.95536741844958,652.3547762354478,1679.421581475456,67.35319936955061,54.268423790187846,8.350747457905058,0.22787226021628915,13.017575820227007,19.99541238404086,0.6391671582663908,2500.0,13.75,0.55,sensor_drift,0.683,194.0
hot_weather,300,sensor_drift,1184.0,109.54477271018418,116.43270284334255,651.536400756103,1684.6470065380363,67.40570561199603,54.00104087370134,8.350747457905058,0.16924572757966816,13.095388381586247,20.032165278263662,0.6391671582672855,2500.0,13.75,0.55,sensor_drift,0.685,193.0
hot_weather,300,sensor_drift,1185.0,109.54477271004122,116.66774594939817,655.3783430015866,1681.830333390655,68.09550411815172,53.607027284816915,8.350747457905058,0.1823834006436006,13.043631093675751,19.98199587625613,0.639167158268159,2500.0,13.75,0.55,sensor_drift,0.686,192.0
hot_weather,300,sensor_drift,1186.0,109.54477270990166,115.86535691804363,654.7484954493274,1682.664557923039,67.59202628235744,53.385804480395805,8.350747457905058,0.1719678586479202,13.011997211307023,20.191230084047067,0.6391671582690116,2500.0,13.75,0.55,sensor_drift,0.688,191.0
hot_weather,300,sensor_drift,1187.0,109.54477270976544,115.9489890109638,662.1555452014691,1679.988923122554,67.87894467841495,54.204855262905554,8.350747457905058,0.19597240367352817,13.049514707793708,20.153623956762544,0.6391671582698439,2500.0,13.75,0.55,sensor_drift,0.69,190.0
hot_weather,300,sensor_drift,1188.0,109.54477270963245,116.72090472773453,659.9492640945575,1675.7524778318302,67.92527199521034,53.803977666430264,8.350747457905058,0.2612330603994071,12.91928766638421,20.1002782738901,0.6391671582706564,2500.0,13.75,0.55,sensor_drift,0.691,189.0
hot_weather,300,sensor_drift,1189.0,109.54477270950264,116.75417476140908,655.0591535878169,1692.641315406407,67.47886635067921,54.22816809457234,8.350747457905058,0.15113813743148302,12.979489541184574,19.96679465024721,0.6391671582714495,2500.0,13.75,0.55,sensor_drift,0.693,188.0
hot_weather,300,sensor_drift,1190.0,109.5447727093759,116.40438175541895,652.0256240398816,1677.1931337229937,66.51697991731211,53.9821715289532,8.350747457905058,0.1940170146318079,12.952508884516705,20.157738379533875,0.6391671582722238,2500.0,13.75,0.55,sensor_drift,0.694,187.0
hot_weather,300,sensor_drift,1191.0,109.5447727092522,116.62851455696516,658.8480578380625,1683.1284219189329,67.43472690398102,53.84310089062823,8.350747457905058,0.1933334830952662,12.95327452502838,20.035200629327605,0.6391671582729797,2500.0,13.75,0.55,sensor_drift,0.696,186.0
hot_weather,300,sensor_drift,1192.0,109.54477270913144,117.66190464380952,656.6863810113198,1675.9178989590748,68.09779292460851,54.81724669575223,8.350747457905058,0.27306048905772107,12.973540506435025,19.69350856016023,0.6391671582737175,2500.0,13.75,0.55,sensor_drift,0.698,185.0
hot_weather,300,sensor_drift,1193.0,109.54477270901354,116.46611652135235,651.282354251933,1685.1248764041472,66.92411921476449,53.624633660305236,8.350747457905058,0.1785433841492633,13.052572946076582,20.043364550883275,0.6391671582744378,2500.0,13.75,0.55,sensor_drift,0.699,184.0
hot_weather,300,sensor_drift,1194.0,109.54477270889846,116.3641617484065,660.2405826994794,1688.4999076444276,66.83555935901046,54.833629582828806,8.350747457905058,0.20199292200886002,12.991059521366834,19.81587277813981,0.6391671582751409,2500.0,13.75,0.55,sensor_drift,0.701,183.0
hot_weather,300,sensor_drift,1195.0,109.54477270878613,116.66046693147797,654.0345579680871,1679.3452388113037,67.99589485732886,54.338013909827055,8.350747457905058,0.19873930949797225,13.06942382532349,19.990772854964145,0.6391671582758273,2500.0,13.75,0.55,sensor_drift,0.703,182.0
hot_weather,300,sensor_drift,1196.0,109.54477270867646,116.78737657736404,650.0841759880655,1686.6001411987945,67.04054737225312,53.39128972582659,8.350747457905058,0.14133087684228124,12.964325704486509,20.09815171615044,0.6391671582764973,2500.0,13.75,0.55,sensor_drift,0.704,181.0
hot_weather,300,sensor_drift,1197.0,109.54477270856941,115.97112812750414,657.713599479868,1683.3580609825005,68.2133424011121,53.577735553087955,8.350747457905058,0.16473864724427087,13.02887598269045,20.225710596712464,0.6391671582771513,2500.0,13.75,0.55,sensor_drift,0.706,180.0
hot_weather,300,sensor_drift,1198.0,109.5447727084649,116.53418492191281,659.7352274303333,1675.5427058526498,68.14129451069333,53.21750874397289,8.350747457905058,0.2589341022426537,13.123575258346467,19.829019140330388,0.6391671582777898,2500.0,13.75,0.55,sensor_drift,0.708,179.0
hot_weather,300,sensor_drift,1199.0,109.54477270836288,116.04091892677461,653.9998258142671,1691.9111848734465,67.87981032464403,53.72495180497889,8.350747457905058,0.18301401277017892,13.085078268241492,19.795688726360613,0.6391671582784131,2500.0,13.75,0.55,sensor_drift,0.709,178.0
hot_weather,300,sensor_drift,1200.0,109.5447727082633,116.96342188570763,652.8085982857025,1687.751514450271,67.40972803667648,54.56324420790688,8.350747457905058,0.1611387125310509,13.076234947761186,19.959732125864637,0.6391671582790217,2500.0,13.75,0.55,sensor_drift,0.711,177.0
hot_weather,300,sensor_drift,1201.0,109.54477270816608,116.94793613294584,656.1801488548331,1686.7698979418024,67.0478843764338,53.631343970131844,8.350747457905058,0.19278694012964617,13.057800902068387,20.446092622982682,0.6391671582796156,2500.0,13.75,0.55,sensor_drift,0.712,176.0
hot_weather,300,sensor_drift,1202.0,109.54477270807118,117.72392198076595,655.3965024669415,1686.8277870096751,67.81076049224197,54.16799004940506,8.350747457905058,0.15620908010051945,12.975171261987773,20.160346338810978,0.6391671582801954,2500.0,13.75,0.55,sensor_drift,0.714,175.0
hot_weather,300,sensor_drift,1203.0,109.54477270797854,116.41821197617854,653.2466078739706,1692.3987125579536,67.54029845855698,54.34169558759515,8.350747457905058,0.1794770430365728,13.018895270709997,19.952602222397417,0.6391671582807614,2500.0,13.75,0.55,sensor_drift,0.716,174.0
hot_weather,300,sensor_drift,1204.0,109.5447727078881,117.34323828118056,654.8732684761862,1684.3721658878549,68.22609863266405,54.312419087047225,8.350747457905058,0.2366202911757439,12.994520185191782,20.147662617543507,0.639167158281314,2500.0,13.75,0.55,sensor_drift,0.717,173.0
hot_weather,300,sensor_drift,1205.0,109.54477270779981,116.20047218753531,650.0893715315631,1687.4367209699599,67.10332417650801,53.76237410356585,8.350747457905058,0.16068768664260275,13.047080312242413,19.968140191071942,0.6391671582818534,2500.0,13.75,0.55,sensor_drift,0.719,172.0
hot_weather,300,sensor_drift,1206.0,109.54477270771362,117.07844040277432,649.6574785482325,1681.5375590345116,67.55000744238563,55.070630966098065,8.350747457905058,0.24898994789184176,13.007270753417897,20.065658894325125,0.63916715828238,2500.0,13.75,0.55,sensor_drift,0.721,171.0
hot_weather,300,sensor_drift,1207.0,109.54477270762949,116.4440757649106,654.3337978140734,1677.5734709326011,67.14797304954843,54.870678089539275,8.350747457905058,0.21904115351544595,12.987770940922978,19.916890271222133,0.6391671582828939,2500.0,13.75,0.55,sensor_drift,0.722,170.0
hot_weather,300,sensor_drift,1208.0,109.54477270754737,116.13795946286805,655.253575388842,1680.4282269215473,67.44815549201267,53.760622802938336,8.350747457905058,0.18821751650643506,13.005873620529696,19.643381271176885,0.6391671582833958,2500.0,13.75,0.55,sensor_drift,0.724,169.0
hot_weather,300,sensor_drift,1209.0,109.54477270746719,116.72994392518268,647.6722152940823,1683.1802580331912,66.56853003354006,54.353877227927526,8.350747457905058,0.1774080475939044,13.063465520490423,19.922571763415657,0.6391671582838856,2500.0,13.75,0.55,sensor_drift,0.725,168.0
hot_weather,300,sensor_drift,1210.0,109.54477270738893,116.28269835838513,653.2741972399057,1678.96549736109,68.13742952117555,54.128979993357916,8.350747457905058,0.17210782107157654,13.000814685350136,19.676218353307586,0.6391671582843638,2500.0,13.75,0.55,sensor_drift,0.727,167.0
hot_weather,300,sensor_drift,1211.0,109.54477270731253,117.04227829264326,660.9931892027302,1679.4557107649007,67.70308447745064,54.86318559540321,8.350747457905058,0.1873500478421121,12.977266780045795,20.206132353806296,0.6391671582848306,2500.0,13.75,0.55,sensor_drift,0.729,166.0
hot_weather,300,sensor_drift,1212.0,109.54477270723795,116.95123079212286,655.7430369048494,1697.121333070665,67.96708865565105,54.95177512988519,8.350747457905058,0.2715601686890279,12.936503807935495,20.077475227849934,0.6391671582852863,2500.0,13.75,0.55,sensor_drift,0.73,165.0
hot_weather,300,sensor_drift,1213.0,109.54477270716515,116.45849677145848,666.4044994265995,1683.7795315353371,67.64063577319111,54.295317543880614,8.350747457905058,0.22126007873751424,13.02459240904822,20.14984177653087,0.639167158285731,2500.0,13.75,0.55,sensor_drift,0.732,164.0
hot_weather,300,sensor_drift,1214.0,109.54477270709408,116.72812259522206,654.8173982682862,1679.8432143283626,67.64522609810003,53.3308166886926,8.350747457905058,0.1746726057070842,12.997460999658323,19.9054583741663,0.6391671582861652,2500.0,13.75,0.55,sensor_drift,0.734,163.0
hot_weather,300,sensor_drift,1215.0,109.5447727070247,116.52243327904034,650.8260577737899,1681.07041795216,67.53483697938508,54.714782648693124,8.350747457905058,0.2715410581153493,12.97992438439892,20.050391950858323,0.6391671582865892,2500.0,13.75,0.55,sensor_drift,0.735,162.0
hot_weather,300,sensor_drift,1216.0,109.54477270695698,116.84133674666668,655.5684064068704,1681.79402170962,66.8170866350426,53.91407928693515,8.350747457905058,0.19685251770381867,13.01276992703921,20.135359335360217,0.6391671582870029,2500.0,13.75,0.55,sensor_drift,0.737,161.0
hot_weather,300,sensor_drift,1217.0,109.54477270689085,116.54343405464246,656.4126875698031,1689.2180827737154,68.55038238734205,54.20109870094152,8.350747457905058,0.23337772479824204,12.980086086352257,20.05861953046602,0.639167158287407,2500.0,13.75,0.55,sensor_drift,0.739,160.0
hot_weather,300,sensor_drift,1218.0,109.54477270682631,117.50061344841235,654.8863130634543,1675.8552349646448,68.2609392912934,53.73743914095487,8.350747457905058,0.2519982797711545,12.98905277313403,19.784047499836706,0.6391671582878014,2500.0,13.75,0.55,sensor_drift,0.74,159.0
hot_weather,300,sensor_drift,1219.0,109.5447727067633,117.08338916500226,652.0443391518223,1684.3034695833483,67.2844107768679,53.44635682852046,8.350747457905058,0.1971833328835506,13.056357159218528,20.321329245256813,0.6391671582881863,2500.0,13.75,0.55,sensor_drift,0.742,158.0
hot_weather,300,sensor_drift,1220.0,109.54477270670179,116.89456604580721,651.3713047727618,1684.7401128586548,67.30111824666817,53.66649584115882,8.350747457905058,0.24976569447352104,12.984460660261442,20.150758910445745,0.6391671582885621,2500.0,13.75,0.55,sensor_drift,0.743,157.0
hot_weather,300,sensor_drift,1221.0,109.54477270664175,116.2613845223872,651.5975036489757,1685.5351943481044,67.02149083553171,53.70340025132279,8.350747457905058,0.2235968503457855,13.045850369892706,20.14188489721088,0.6391671582889288,2500.0,13.75,0.55,sensor_drift,0.745,156.0
hot_weather,300,sensor_drift,1222.0,109.54477270658315,116.99632919758457,653.1421099951003,1686.9173917969028,67.53661805350886,53.357783826143596,8.350747457905058,0.1896425582125711,13.065547598379435,20.30726705709749,0.6391671582892869,2500.0,13.75,0.55,sensor_drift,0.747,155.0
hot_weather,300,sensor_drift,1223.0,109.54477270652593,117.01734265549425,654.5584717851445,1689.7077517071382,67.9532308278981,54.2717612616921,8.350747457905058,0.18434866451379217,12.927299642708592,20.3663973871273,0.6391671582896364,2500.0,13.75,0.55,sensor_drift,0.748,154.0
hot_weather,300,sensor_drift,1224.0,109.54477270647008,116.29726475212132,656.3983889687115,1677.9855515359613,68.96678970711947,54.66898941772841,8.350747457905058,0.12849381445857924,12.926603860124892,19.988126505556757,0.6391671582899777,2500.0,13.75,0.55,sensor_drift,0.75,153.0
hot_weather,300,sensor_drift,1225.0,109.54477270641556,116.55593585607376,653.8329753976386,1682.8409735709304,66.34577152196981,53.68633186138965,8.350747457905058,0.11208257470179289,13.118601085525603,19.876458244138746,0.6391671582903109,2500.0,13.75,0.55,sensor_drift,0.752,152.0
hot_weather,300,sensor_drift,1226.0,109.54477270636234,116.56574047133631,653.8757907084712,1678.685977200831,67.70253629938304,54.83582526935544,8.350747457905058,0.19939226865856666,12.951855682288379,19.83382928624302,0.639167158290636,2500.0,13.75,0.55,sensor_drift,0.753,151.0
hot_weather,300,sensor_drift,1227.0,109.54477270631038,117.35809224404169,649.2875879096787,1682.5219348640248,67.03853983550637,54.23618874805765,8.350747457905058,0.276593815905222,13.02110866912685,19.815279637356028,0.6391671582909535,2500.0,13.75,0.55,sensor_drift,0.755,150.0
hot_weather,300,sensor_drift,1228.0,109.54477270625966,116.82952425111232,648.3580733410316,1685.9268491195764,68.34386119743397,54.05820473831851,8.350747457905058,0.25216202595223813,13.042861682543943,20.159380922546895,0.6391671582912632,2500.0,13.75,0.55,sensor_drift,0.757,149.0
hot_weather,300,sensor_drift,1229.0,109.54477270621015,117.59560127023029,657.5390440928722,1690.1383928747528,67.59625175716019,53.97870110341926,8.350747457905058,0.2643761040337742,12.975113728026102,19.836501165001973,0.6391671582915658,2500.0,13.75,0.55,sensor_drift,0.758,148.0
hot_weather,300,sensor_drift,1230.0,109.54477270616182,116.84025575175338,650.0701845904857,1679.4853299276247,68.14481250716344,54.12919877165446,8.350747457905058,0.14165688361839365,13.080214313125742,20.35444802902937,0.6391671582918611,2500.0,13.75,0.55,sensor_drift,0.76,147.0
hot_weather,300,sensor_drift,1231.0,109.54477270611464,116.95755178732048,650.9479971544912,1684.5467346580094,68.10643914002962,54.022184381859425,8.350747457905058,0.15407863394798132,12.967484519393953,19.930101380395918,0.6391671582921494,2500.0,13.75,0.55,sensor_drift,0.761,146.0
hot_weather,300,sensor_drift,1232.0,109.54477270606858,116.9764629905395,649.0161517448622,1687.7753321214861,67.71410943370154,53.94178356696585,8.350747457905058,0.28589997386949684,13.04670093695212,20.092880502545604,0.6391671582924308,2500.0,13.75,0.55,sensor_drift,0.763,145.0
hot_weather,300,sensor_drift,1233.0,109.54477270602362,117.66762563393372,655.5540677572138,1681.6336422323006,68.62158154910716,53.62034836604175,8.350747457905058,0.1452804066070574,13.049633992445571,19.748899158124892,0.6391671582927054,2500.0,13.75,0.55,sensor_drift,0.765,144.0
hot_weather,300,sensor_drift,1234.0,109.54477270597972,117.73507163805436,653.1223846355648,1676.082691757454,67.36659524746591,53.6879212465571,8.350747457905058,0.22237798839794967,12.919937547147253,20.090869660188268,0.6391671582929737,2500.0,13.75,0.55,sensor_drift,0.766,143.0
hot_weather,300,sensor_drift,1235.0,109.54477270593688,117.07585214896237,653.4111532216742,1687.3033273154351,67.06258634231524,54.52892672852476,8.350747457905058,0.20208421767702117,12.993125835309304,19.797329102764966,0.6391671582932354,2500.0,13.75,0.55,sensor_drift,0.768,142.0
hot_weather,300,sensor_drift,1236.0,109.54477270589506,117.30010921641752,651.2942129879578,1684.9533240102373,67.40007271556745,54.92069308121828,8.350747457905058,0.2342207455837486,13.068818212520025,19.739413789273353,0.639167158293491,2500.0,13.75,0.55,sensor_drift,0.77,141.0
hot_weather,300,sensor_drift,1237.0,109.54477270585423,116.89953840548584,655.0788775474618,1681.7911305178816,67.06045685314054,54.9837877304549,8.350747457905058,0.16685900444613078,13.091816509089288,20.16963613557614,0.6391671582937404,2500.0,13.75,0.55,sensor_drift,0.771,140.0
hot_weather,300,sensor_drift,1238.0,109.54477270581437,116.43376039278199,651.7545290270541,1685.1923302333073,67.74508694346484,53.95046905696235,8.350747457905058,0.19834607007034938,13.033130869345896,19.855849050603936,0.639167158293984,2500.0,13.75,0.55,sensor_drift,0.773,139.0
hot_weather,300,sensor_drift,1239.0,109.54477270577546,117.8074933415297,648.5059629740537,1690.5179709844288,67.57570399282837,53.81742258218776,8.350747457905058,0.2005605687435197,12.948184935597094,19.899549909167902,0.6391671582942217,2500.0,13.75,0.55,sensor_drift,0.775,138.0
hot_weather,300,sensor_drift,1240.0,109.54477270573747,117.4414565835092,654.6997402214224,1696.478328844,67.52447250058019,53.85264094040816,8.350747457905058,0.23658089478101732,13.027816524135181,20.123465577635287,0.6391671582944538,2500.0,13.75,0.55,sensor_drift,0.776,137.0
hot_weather,300,sensor_drift,1241.0,109.5447727057004,117.87338246905291,656.0675576732912,1682.0974415220417,67.83927076163104,54.01004222693805,8.350747457905058,0.11540291310241317,13.038931990310262,19.8543064502941,0.6391671582946803,2500.0,13.75,0.55,sensor_drift,0.778,136.0
hot_weather,300,sensor_drift,1242.0,109.5447727056642,117.54430537262024,654.8233611762985,1680.8762741191392,68.32675285119161,54.08259327510139,8.350747457905058,0.10311477517478615,13.084606306416685,19.710680221760622,0.6391671582949014,2500.0,13.75,0.55,sensor_drift,0.779,135.0
hot_weather,300,sensor_drift,1243.0,109.54477270562886,117.16816734482997,654.4137998496417,1680.9331593973448,66.78804680319566,54.57187392066911,8.350747457905058,0.144150992491561,13.033205632904464,19.728503280454373,0.6391671582951174,2500.0,13.75,0.55,sensor_drift,0.781,134.0
hot_weather,300,sensor_drift,1244.0,109.54477270559437,116.74389001368964,653.3165575968802,1683.904299070523,68.44285539815394,53.42755726271689,8.350747457905058,0.11274745652956288,12.994213479795407,20.30677997934891,0.6391671582953281,2500.0,13.75,0.55,sensor_drift,0.783,133.0
hot_weather,300,sensor_drift,1245.0,109.54477270556069,117.95117634130202,659.5967391352553,1679.8064996736255,66.83519001470111,53.873515477990246,8.350747457905058,0.2089166407019815,12.986524623671455,19.843691210245662,0.6391671582955339,2500.0,13.75,0.55,sensor_drift,0.784,132.0
hot_weather,300,sensor_drift,1246.0,109.54477270552782,117.0198938693317,655.3077854490417,1689.839211055403,67.74764838121703,54.34950501231262,8.350747457905058,0.20265303328846618,13.032453110222978,19.789461778623036,0.6391671582957348,2500.0,13.75,0.55,sensor_drift,0.786,131.0
hot_weather,300,sensor_drift,1247.0,109.54477270549573,117.51564439149725,654.1275700387764,1681.1968705550946,67.3073519068969,54.178392322588714,8.350747457905058,0.3033274085688981,12.999231454996778,19.822318799906817,0.6391671582959307,2500.0,13.75,0.55,sensor_drift,0.788,130.0
hot_weather,300,sensor_drift,1248.0,109.54477270546441,117.76147549993263,650.6052931934794,1679.6839911148102,67.0231778283544,53.98558733700305,8.350747457905058,0.13233693116805256,13.003929295029394,19.62729653240984,0.639167158296122,2500.0,13.75,0.55,sensor_drift,0.789,129.0
hot_weather,300,sensor_drift,1249.0,109.54477270543383,117.94114965436292,661.4074774281119,1680.7401586623241,66.12292445494205,54.49937873922531,8.350747457905058,0.19549556859798636,13.035433793946572,19.958870308082393,0.639167158296309,2500.0,13.75,0.55,sensor_drift,0.791,128.0
hot_weather,300,sensor_drift,1250.0,109.54477270540397,118.3654367677638,655.7852494043074,1687.4744037414887,67.73557477180105,54.35242231759521,8.350747457905058,0.15298208150417475,12.999245246646725,19.966752582252244,0.6391671582964913,2500.0,13.75,0.55,sensor_drift,0.792,127.0
hot_weather,300,sensor_drift,1251.0,109.54477270537483,116.47815513033234,655.8687075150693,1689.719507056384,67.35349127750736,54.42490111951257,8.350747457905058,0.20405582919703688,13.065464117771374,20.12969907188836,0.6391671582966695,2500.0,13.75,0.55,sensor_drift,0.794,126.0
hot_weather,300,sensor_drift,1252.0,109.54477270534638,117.25209999296733,659.2828424623715,1682.0969011685668,67.11286398292556,53.192174022893006,8.350747457905058,0.23466218855649873,12.921839153925859,20.098966711952148,0.6391671582968432,2500.0,13.75,0.55,sensor_drift,0.796,125.0
hot_weather,300,sensor_drift,1253.0,109.54477270531861,116.87378568358021,652.2425174973041,1681.9672836215796,67.08671070367615,53.91019881505979,8.350747457905058,0.14270170506699437,13.03397867379624,19.98882595812447,0.6391671582970129,2500.0,13.75,0.55,sensor_drift,0.797,124.0
hot_weather,300,sensor_drift,1254.0,109.54477270529149,117.45383619080168,657.040847888943,1684.5481016586284,67.25614496495362,53.24955369636379,8.350747457905058,0.23681595699638777,13.019516785845461,20.011561967316187,0.6391671582971786,2500.0,13.75,0.55,sensor_drift,0.799,123.0
hot_weather,300,sensor_drift,1255.0,109.54477270526503,117.26740240744938,650.6648563286524,1690.52207123193,67.98854121304993,54.34815939269107,8.350747457905058,0.22888518736669997,13.088366808733264,20.278285909267854,0.6391671582973403,2500.0,13.75,0.55,sensor_drift,0.801,122.0
hot_weather,300,sensor_drift,1256.0,109.5447727052392,117.63749486894507,651.4360659130855,1676.5157141731536,67.96546890844336,54.090809012872754,8.350747457905058,0.23047769717046557,13.002319939526451,19.879564748865672,0.639167158297498,2500.0,13.75,0.55,sensor_drift,0.802,121.0
hot_weather,300,sensor_drift,1257.0,109.54477270521399,118.49068874073373,653.0896894533781,1686.8115215744783,67.55103720158513,53.49925879256856,8.350747457905058,0.24160457860398554,13.059345944264635,20.02195384407094,0.6391671582976521,2500.0,13.75,0.55,sensor_drift,0.804,120.0
hot_weather,300,sensor_drift,1258.0,109.54477270518937,117.81225566842845,655.668274194136,1675.970083671975,68.16861532713604,53.254271969064355,8.350747457905058,0.18229456086374496,12.973713517363365,20.151068048140857,0.6391671582978025,2500.0,13.75,0.55,sensor_drift,0.806,119.0
hot_weather,300,sensor_drift,1259.0,109.54477270516534,116.24590655853424,657.6724179447982,1674.0169314188568,67.59103618851333,54.3714479788932,8.350747457905058,0.26463283839380786,12.96081189932173,20.308038559257934,0.6391671582979493,2500.0,13.75,0.55,sensor_drift,0.807,118.0
hot_weather,300,sensor_drift,1260.0,109.54477270514188,117.82911849819877,661.0887452870277,1680.11373221585,66.97111895949324,53.345145460024334,8.350747457905058,0.1557068352829396,12.95658465787811,20.097966784591023,0.6391671582980927,2500.0,13.75,0.55,sensor_drift,0.809,117.0
hot_weather,300,sensor_drift,1261.0,109.54477270511899,117.73443254995776,655.0014184000379,1688.1966420652104,68.29133979011175,55.318206289112524,8.350747457905058,0.25081525539401167,12.999840965514052,20.269638766186194,0.6391671582982326,2500.0,13.75,0.55,sensor_drift,0.81,116.0
hot_weather,300,sensor_drift,1262.0,109.54477270509663,117.89412669217683,654.5569476045538,1687.6016717251248,67.42851372986797,54.296635987630246,8.350747457905058,0.22872457580897393,12.998698105367058,19.95027058122949,0.6391671582983691,2500.0,13.75,0.55,sensor_drift,0.812,115.0
hot_weather,300,sensor_drift,1263.0,109.5447727050748,117.70861545073524,652.148584530775,1677.907683698202,67.53100843490465,53.71996234416146,8.350747457905058,0.15726323596554995,13.04007783795412,20.37781494579855,0.6391671582985025,2500.0,13.75,0.55,sensor_drift,0.814,114.0
hot_weather,300,sensor_drift,1264.0,109.5447727050535,117.74751608672192,648.6785973657215,1676.4133029330305,67.42011706236715,54.59435813098636,8.350747457905058,0.20831685984086434,13.020163059693157,20.269185483923927,0.6391671582986327,2500.0,13.75,0.55,sensor_drift,0.815,113.0
hot_weather,300,sensor_drift,1265.0,109.54477270503271,117.4378404367833,650.0185490923409,1678.2179483357088,67.3983694886322,54.193819068496005,8.350747457905058,0.18996567312432988,12.952494171219472,20.332450380649416,0.6391671582987597,2500.0,13.75,0.55,sensor_drift,0.817,112.0
hot_weather,300,sensor_drift,1266.0,109.5447727050124,118.29034355646172,651.5862950620522,1680.7109790191976,67.12008729782842,54.36201835280932,8.350747457905058,0.15301829108543252,13.056310223008918,20.018196771970644,0.6391671582988837,2500.0,13.75,0.55,sensor_drift,0.819,111.0
hot_weather,300,sensor_drift,1267.0,109.5447727049926,117.42117053250908,655.4261605075151,1686.975649895679,68.19867662043329,53.9047406554219,8.350747457905058,0.20375238125183018,12.992266259135986,20.337009542518267,0.6391671582990048,2500.0,13.75,0.55,sensor_drift,0.82,110.0
hot_weather,300,sensor_drift,1268.0,109.54477270497325,118.20239843580939,657.916170743813,1679.6005400568768,67.97849228696757,54.13793814143983,8.350747457905058,0.22541529496154925,13.06146840463607,20.053615707228328,0.639167158299123,2500.0,13.75,0.55,sensor_drift,0.822,109.0
hot_weather,300,sensor_drift,1269.0,109.54477270495437,117.33729766921084,654.3356310374345,1682.756846661492,67.36761229757377,54.59369223129495,8.350747457905058,0.2157196364721425,13.068390410576374,19.992683100833887,0.6391671582992383,2500.0,13.75,0.55,sensor_drift,0.824,108.0
hot_weather,300,sensor_drift,1270.0,109.54477270493594,118.45360160680856,653.6193080796984,1677.6312892322499,66.38529844418139,54.43568752598941,8.350747457905058,0.27753861618419806,12.980790435593127,19.81836115177353,0.639167158299351,2500.0,13.75,0.55,sensor_drift,0.825,107.0
hot_weather,300,sensor_drift,1271.0,109.54477270491795,117.1126585619648,653.8212805793747,1682.6846294237166,67.59235224037923,54.76578094783537,8.350747457905058,0.24238031757959505,13.02915043383566,19.667573931573024,0.6391671582994609,2500.0,13.75,0.55,sensor_drift,0.827,106.0
hot_weather,300,sensor_drift,1272.0,109.54477270490038,118.23234723502176,655.710191953798,1679.491827987537,67.97261747398308,53.791262847639636,8.350747457905058,0.25611373784201796,13.000651570948063,20.296951834310867,0.6391671582995682,2500.0,13.75,0.55,sensor_drift,0.828,105.0
hot_weather,300,sensor_drift,1273.0,109.54477270488323,117.05573510959687,653.9665995165205,1688.3967466930198,67.49423003105392,54.53548789170824,8.350747457905058,0.26329857996923456,12.996709487921969,20.27556575795099,0.639167158299673,2500.0,13.75,0.55,sensor_drift,0.83,104.0
hot_weather,300,sensor_drift,1274.0,109.54477270486649,117.16719448975599,655.7714814468161,1681.2433199911186,68.0006968829083,54.29465127107599,8.350747457905058,0.2282796140783877,13.044602267307436,20.01482730239624,0.6391671582997752,2500.0,13.75,0.55,sensor_drift,0.832,103.0
hot_weather,300,sensor_drift,1275.0,109.54477270485015,117.06566710134311,650.0112692675095,1683.082833459092,67.41717009767704,53.80579316190288,8.350747457905058,0.12989166427546384,13.082698619426209,19.904168116399077,0.6391671582998751,2500.0,13.75,0.55,sensor_drift,0.833,102.0
hot_weather,300,sensor_drift,1276.0,109.54477270483419,117.79785723356771,651.4059075272538,1684.1801822954935,68.42551741469173,54.66016216417887,8.350747457905058,0.21577854578766947,13.00672138928323,19.762350001739183,0.6391671582999726,2500.0,13.75,0.55,sensor_drift,0.835,101.0
hot_weather,300,sensor_drift,1277.0,109.54477270481861,117.44227056435102,653.3866816386326,1678.866882708682,67.97591785452057,54.39494955218211,8.350747457905058,0.20776424108804276,13.03944613014921,20.207663111564738,0.6391671583000678,2500.0,13.75,0.55,sensor_drift,0.837,100.0
hot_weather,300,sensor_drift,1278.0,109.5447727048034,117.82388508765892,654.8857307261449,1672.7243934610096,67.09658624244422,54.02826351877432,8.350747457905058,0.13914340495334085,13.0220740705558,20.304882978746445,0.6391671583001607,2500.0,13.75,0.55,sensor_drift,0.838,99.0
hot_weather,300,sensor_drift,1279.0,109.54477270478857,117.82055934997021,653.2957142327674,1678.1076431611184,68.04853745532392,53.42923522037498,8.350747457905058,0.2785804807301448,12.94775748473013,19.931330955912934,0.6391671583002513,2500.0,13.75,0.55,sensor_drift,0.84,98.0
hot_weather,300,sensor_drift,1280.0,109.54477270477409,117.5877173956208,653.0130657199866,1687.7070550733165,66.51797655206599,54.526979260664646,8.350747457905058,0.23127561704027508,13.036468471392686,19.861091109073215,0.6391671583003398,2500.0,13.75,0.55,sensor_drift,0.842,97.0
hot_weather,300,sensor_drift,1281.0,109.54477270475995,117.23471580377063,655.1636906775793,1677.6120928841954,68.59242504568212,53.03161733318787,8.350747457905058,0.16608906034770643,13.041423535488073,19.803388578155573,0.6391671583004261,2500.0,13.75,0.55,sensor_drift,0.843,96.0
hot_weather,300,sensor_drift,1282.0,109.54477270474614,117.65760469104274,652.0972434727039,1685.259250433641,68.33220538302423,53.94101755080819,8.350747457905058,0.23815316909401824,13.085152836235306,19.96752764799189,0.6391671583005105,2500.0,13.75,0.55,sensor_drift,0.845,95.0
hot_weather,300,sensor_drift,1283.0,109.54477270473267,119.12216197606814,649.6034195222761,1676.5667165853379,67.47720721522104,53.83631326144169,8.350747457905058,0.21709405107914104,12.993305942799617,20.05316212750315,0.6391671583005929,2500.0,13.75,0.55,sensor_drift,0.846,94.0
hot_weather,300,sensor_drift,1284.0,109.5447727047195,117.2186774938689,651.429559108388,1686.213715193941,68.10430039370178,54.186547180656916,8.350747457905058,0.18279526886987896,12.98126215453017,20.03161580859042,0.6391671583006733,2500.0,13.75,0.55,sensor_drift,0.848,93.0
hot_weather,300,sensor_drift,1285.0,109.54477270470666,118.18552258250361,654.6797815411433,1694.6294024594704,67.48965805535634,53.89194093437328,8.350747457905058,0.13895845782806548,13.070574712470112,20.000962681713283,0.6391671583007517,2500.0,13.75,0.55,sensor_drift,0.85,92.0
hot_weather,300,sensor_drift,1286.0,109.54477270469413,117.60482644069353,654.3639394995434,1681.416239752613,67.60073192004378,53.54229473714148,8.350747457905058,0.19323673054209303,12.975704980506796,20.066038810404493,0.6391671583008283,2500.0,13.75,0.55,sensor_drift,0.851,91.0
hot_weather,300,sensor_drift,1287.0,109.54477270468189,118.38046664529513,652.7487342290161,1678.5921475378907,67.66507994783113,54.787271772081176,8.350747457905058,0.21887128821525376,13.017167054576808,20.077837393153857,0.6391671583009031,2500.0,13.75,0.55,sensor_drift,0.853,90.0
hot_weather,300,sensor_drift,1288.0,109.54477270466994,117.91914782061754,656.8823525833299,1687.992486982411,68.14049923023437,53.75992583797957,8.350747457905058,0.2360813978754599,13.012785093571384,20.061875839983035,0.6391671583009761,2500.0,13.75,0.55,sensor_drift,0.855,89.0
hot_weather,300,sensor_drift,1289.0,109.54477270465827,119.43932645073262,656.5590782904632,1679.777917408769,68.34149440176662,53.591395415595684,8.350747457905058,0.19944528068389616,12.999642894418207,20.049900825557636,0.6391671583010474,2500.0,13.75,0.55,sensor_drift,0.856,88.0
hot_weather,300,sensor_drift,1290.0,109.54477270464689,118.22626136447249,652.3841669078835,1683.0836559802535,67.13898080733004,54.24712501725303,8.350747457905058,0.12375361326566953,12.975304269369113,19.963391745500708,0.639167158301117,2500.0,13.75,0.55,sensor_drift,0.858,87.0
hot_weather,300,sensor_drift,1291.0,109.54477270463578,117.951743492842,654.3843285962096,1687.8966277658012,66.94267608035074,53.836268567152565,8.350747457905058,0.28209917660261374,13.039164956404916,19.888100872717636,0.6391671583011849,2500.0,13.75,0.55,sensor_drift,0.859,86.0
hot_weather,300,sensor_drift,1292.0,109.54477270462493,118.16304547272902,659.3344001083651,1682.6108333241225,67.163765204806,53.43508650577922,8.350747457905058,0.2755198988588812,13.026788417604145,20.259065529351783,0.6391671583012511,2500.0,13.75,0.55,sensor_drift,0.861,85.0
hot_weather,300,sensor_drift,1293.0,109.54477270461435,118.22340187192941,657.567089317322,1671.957743988726,67.7497010415801,55.48180948678469,8.350747457905058,0.2645905247370405,12.996073059295192,20.132698689804204,0.6391671583013159,2500.0,13.75,0.55,sensor_drift,0.863,84.0
hot_weather,300,sensor_drift,1294.0,109.544772704604,118.84702708628168,652.6226240067726,1683.844856193572,67.8149794953922,53.57077463045897,8.350747457905058,0.24941692951123412,13.049776493343915,19.81913003627089,0.639167158301379,2500.0,13.75,0.55,sensor_drift,0.864,83.0
hot_weather,300,sensor_drift,1295.0,109.54477270459391,118.30374012115601,655.3933596682785,1683.0510675650075,67.43117663425222,54.71726711956981,8.350747457905058,0.1898691709944423,13.022757407818508,19.95955607003733,0.6391671583014407,2500.0,13.75,0.55,sensor_drift,0.866,82.0
hot_weather,300,sensor_drift,1296.0,109.54477270458406,118.72313458523813,650.0064427406459,1691.566727164808,68.49328742212266,54.05765775837988,8.350747457905058,0.19697165267503985,13.075892363542835,20.096914385763053,0.6391671583015007,2500.0,13.75,0.55,sensor_drift,0.868,81.0
hot_weather,300,sensor_drift,1297.0,109.54477270457444,118.80010616626072,654.1184447362805,1676.4852745372991,67.72421266796191,53.91182966233546,8.350747457905058,0.21048836622864278,13.080745166848821,20.404710673589683,0.6391671583015596,2500.0,13.75,0.55,sensor_drift,0.869,80.0
hot_weather,300,sensor_drift,1298.0,109.54477270456505,117.6423902444455,656.2272547444851,1682.4965356495895,67.76002041024758,53.461089904117294,8.350747457905058,0.1656108724442201,13.007860270152223,20.139695248554883,0.639167158301617,2500.0,13.75,0.55,sensor_drift,0.871,79.0
hot_weather,300,sensor_drift,1299.0,109.54477270455588,119.23065327239266,655.1987099101897,1674.3947397818138,68.14878552476843,54.00949578472915,8.350747457905058,0.23372260362587424,13.084466141554978,20.075440277782466,0.639167158301673,2500.0,13.75,0.55,sensor_drift,0.873,78.0
hot_weather,300,sensor_drift,1300.0,109.54477270454693,118.01222777624425,653.9707852628989,1696.7127767330226,66.97361915963694,54.183022627098204,8.350747457905058,0.17130444004369078,13.085190180920502,20.04133845006575,0.6391671583017278,2500.0,13.75,0.55,sensor_drift,0.874,77.0
hot_weather,300,sensor_drift,1301.0,109.54477270453819,117.74731706531456,653.5308040243266,1684.6564960116445,67.57528313687781,54.0986242938155,8.350747457905058,0.09277238554143996,13.036499920448428,19.750295224026253,0.6391671583017811,2500.0,13.75,0.55,sensor_drift,0.876,76.0
hot_weather,300,sensor_drift,1302.0,109.54477270452966,119.07594312310496,655.7080861717471,1688.5782203356619,68.29107127957693,54.7288934569841,8.350747457905058,0.16497773185200204,13.06584390875895,20.22541088401459,0.6391671583018332,2500.0,13.75,0.55,sensor_drift,0.877,75.0
hot_weather,300,sensor_drift,1303.0,109.54477270452134,117.16670692518764,655.5155197797936,1685.2554516557502,67.56503495736712,54.1632797450153,8.350747457905058,0.11950868932140207,12.945556752248255,19.830679317686744,0.6391671583018841,2500.0,13.75,0.55,sensor_drift,0.879,74.0
hot_weather,300,sensor_drift,1304.0,109.5447727045132,118.32359897424877,656.4564644110241,1684.5238599003778,66.8776720715764,55.218622047657426,8.350747457905058,0.1325488976529644,13.007982567727087,19.943489874157297,0.6391671583019336,2500.0,13.75,0.55,sensor_drift,0.881,73.0
hot_weather,300,sensor_drift,1305.0,109.54477270450528,118.87286390004064,652.8173156778889,1686.7063414948348,66.1852771155448,54.85762560155806,8.350747457905058,0.1969702492667181,13.07161874477435,19.96461240740396,0.6391671583019822,2500.0,13.75,0.55,sensor_drift,0.882,72.0
hot_weather,300,sensor_drift,1306.0,109.54477270449753,118.57303768537669,655.5927896754325,1682.5657489441598,67.10196844325998,54.02184090141289,8.350747457905058,0.18254288189786944,13.01067187914675,19.907039922155693,0.6391671583020295,2500.0,13.75,0.55,sensor_drift,0.884,71.0
hot_weather,300,sensor_drift,1307.0,109.54477270448997,118.09142869854928,656.3713143171866,1675.3488859319966,67.44283771902828,54.585168311916064,8.350747457905058,0.24859015230482773,13.016319158160076,20.029961133059142,0.6391671583020757,2500.0,13.75,0.55,sensor_drift,0.886,70.0
hot_weather,300,sensor_drift,1308.0,109.5447727044826,117.82120039525152,652.9831283494282,1681.6918089580627,68.18123191672522,53.36371138810113,8.350747457905058,0.21170750799768165,12.994066329148943,20.08134110397164,0.6391671583021208,2500.0,13.75,0.55,sensor_drift,0.887,69.0
hot_weather,300,sensor_drift,1309.0,109.54477270447539,118.03978501147927,654.6323926802695,1683.4939401217941,67.23113182643917,53.92545634827752,8.350747457905058,0.1929802273762578,12.955649397143267,19.674232763689684,0.6391671583021649,2500.0,13.75,0.55,sensor_drift,0.889,68.0
hot_weather,300,sensor_drift,1310.0,109.54477270446836,118.59778067582167,659.6561280810208,1685.9243466764585,68.61549490646463,54.27943577649775,8.350747457905058,0.20200075652501756,13.028071613708542,20.108121788081707,0.6391671583022077,2500.0,13.75,0.55,sensor_drift,0.891,67.0
hot_weather,300,sensor_drift,1311.0,109.5447727044615,117.89113742084704,647.5369827651253,1671.8039486418406,67.56471884394917,53.6792415261653,8.350747457905058,0.24239479933512073,12.95321508942355,19.95382617956695,0.6391671583022497,2500.0,13.75,0.55,sensor_drift,0.892,66.0
hot_weather,300,sensor_drift,1312.0,109.5447727044548,118.14537284339488,650.4913198140086,1680.4999167950286,67.18023222146356,53.670764023023835,8.350747457905058,0.21614065761598994,12.92954612081138,19.952094505946175,0.6391671583022906,2500.0,13.75,0.55,sensor_drift,0.894,65.0
hot_weather,300,sensor_drift,1313.0,109.54477270444826,118.05944026501678,654.1628294398354,1682.6076161960593,67.59901020557709,53.91634547950599,8.350747457905058,0.31620083014566874,13.012527724464926,20.150785939527566,0.6391671583023305,2500.0,13.75,0.55,sensor_drift,0.895,64.0
hot_weather,300,sensor_drift,1314.0,109.54477270444188,118.6252171958629,650.2072316478573,1680.240828156875,67.28700874078736,54.777315718221324,8.350747457905058,0.2526036722409306,12.968661060018519,20.54657637604974,0.6391671583023695,2500.0,13.75,0.55,sensor_drift,0.897,63.0
hot_weather,300,sensor_drift,1315.0,109.54477270443564,118.2474114762935,651.2072971280934,1683.508272616989,67.70979176029165,54.14431753990158,8.350747457905058,0.14866734701024248,12.955431710787423,19.63660461272042,0.6391671583024077,2500.0,13.75,0.55,sensor_drift,0.899,62.0
hot_weather,300,sensor_drift,1316.0,109.54477270442956,119.76325530917109,657.0395446824228,1683.0484415821327,68.27437934926444,54.603055284723496,8.350747457905058,0.24329345621220105,13.032736538934683,19.886307829741973,0.6391671583024447,2500.0,13.75,0.55,sensor_drift,0.9,61.0
hot_weather,300,sensor_drift,1317.0,109.54477270442362,119.27027191445579,658.1860654677376,1691.9924563872846,68.11573785559145,53.89736209975488,8.350747457905058,0.15908267568535683,12.986862476780026,20.254190195216683,0.639167158302481,2500.0,13.75,0.55,sensor_drift,0.902,60.0
hot_weather,300,sensor_drift,1318.0,109.54477270441782,118.12108246073022,659.918600918992,1685.9977001451484,67.2846376700805,53.78775966841466,8.350747457905058,0.15797083441003817,13.11416353748604,19.88078110061925,0.6391671583025165,2500.0,13.75,0.55,sensor_drift,0.904,59.0
hot_weather,300,sensor_drift,1319.0,109.54477270441217,118.78943577157852,657.8445542093173,1678.9684659636616,67.98480542665992,54.38710095461542,8.350747457905058,0.1444378288188935,13.022345504743484,19.71265829126018,0.639167158302551,2500.0,13.75,0.55,sensor_drift,0.905,58.0
hot_weather,300,sensor_drift,1320.0,109.54477270440664,118.31909999194075,650.3832864854924,1687.6513241098294,67.89580685669071,55.01667747505077,8.350747457905058,0.21792049263546706,12.901592249812033,20.011988867511615,0.6391671583025849,2500.0,13.75,0.55,sensor_drift,0.907,57.0
hot_weather,300,sensor_drift,1321.0,109.54477270440124,118.73198534948311,653.5747079952763,1672.4354898947624,67.44659772269203,54.69573829148944,8.350747457905058,0.21702728539299945,12.966839834343443,20.128797225758273,0.6391671583026177,2500.0,13.75,0.55,sensor_drift,0.908,56.0
hot_weather,300,sensor_drift,1322.0,109.54477270439597,117.98524506426467,655.2005285855141,1677.1995909343348,68.04306795507463,54.24525385870467,8.350747457905058,0.12182036880885354,13.025814120898852,19.946753705009122,0.63916715830265,2500.0,13.75,0.55,sensor_drift,0.91,55.0
hot_weather,300,sensor_drift,1323.0,109.54477270439082,118.50305854822919,652.9767693053085,1680.9079452635856,67.60556038280474,54.855350663755154,8.350747457905058,0.20727981620236832,12.965557862178986,19.938070090810513,0.6391671583026814,2500.0,13.75,0.55,sensor_drift,0.912,54.0
hot_weather,300,sensor_drift,1324.0,109.5447727043858,119.02672458290186,656.0659611163484,1680.4090821434934,67.12283881306223,54.33170575873778,8.350747457905058,0.2109678930925758,13.034376192955012,20.04883727354474,0.6391671583027121,2500.0,13.75,0.55,sensor_drift,0.913,53.0
hot_weather,300,sensor_drift,1325.0,109.5447727043809,118.73358680075866,653.0492984451148,1683.324445991125,67.91125738710018,54.59263076682005,8.350747457905058,0.20351690791304503,13.053335640338283,20.246197622530484,0.6391671583027421,2500.0,13.75,0.55,sensor_drift,0.915,52.0
hot_weather,300,sensor_drift,1326.0,109.54477270437613,117.89327859048788,651.1749432012307,1684.9169945911685,67.52111523804902,54.50288261884103,8.350747457905058,0.23409621026201916,13.079476027014483,19.822430226062952,0.6391671583027712,2500.0,13.75,0.55,sensor_drift,0.917,51.0
hot_weather,300,sensor_drift,1327.0,109.54477270437147,118.56204164420716,654.6789364831919,1676.7583158193581,67.72298570536402,54.863945740502054,8.350747457905058,0.16634055203394404,13.062744663556154,20.082446765424542,0.6391671583027998,2500.0,13.75,0.55,sensor_drift,0.918,50.0
hot_weather,300,sensor_drift,1328.0,109.5447727043669,118.83290584332123,652.8450657430003,1685.6903671724292,67.53728721199253,54.02528345689728,8.350747457905058,0.21864589990382619,13.005197430172297,20.235093447196228,0.6391671583028276,2500.0,13.75,0.55,sensor_drift,0.92,49.0
hot_weather,300,sensor_drift,1329.0,109.54477270436246,119.12714768855837,656.1563262369058,1681.5211359230193,67.06787655100517,55.004172944639436,8.350747457905058,0.15685876739736312,12.976471333010002,20.00934156590749,0.6391671583028548,2500.0,13.75,0.55,sensor_drift,0.922,48.0
hot_weather,300,sensor_drift,1330.0,109.54477270435811,118.83710487835106,651.0697714083636,1688.9469950027897,68.14179502578126,55.05611393162126,8.350747457905058,0.23319413291270835,12.984892063669218,19.73775069673804,0.6391671583028813,2500.0,13.75,0.55,sensor_drift,0.923,47.0
hot_weather,300,sensor_drift,1331.0,109.54477270435387,118.58021237407763,652.0365284198251,1680.787598689369,67.902327038567,54.917737990776196,8.350747457905058,0.1221010711103458,13.036829045805064,19.478279326869888,0.6391671583029073,2500.0,13.75,0.55,sensor_drift,0.925,46.0
hot_weather,300,sensor_drift,1332.0,109.54477270434974,119.31227991669778,657.3808532775366,1681.0747873042474,67.41062227970619,53.66104074043821,8.350747457905058,0.1876101947109165,13.051819667107615,20.080727129267032,0.6391671583029326,2500.0,13.75,0.55,sensor_drift,0.926,45.0
hot_weather,300,sensor_drift,1333.0,109.5447727043457,118.77618069156743,653.2201529943268,1678.9316675902257,67.57190426959258,54.57241872948743,8.350747457905058,0.2104172009367861,12.975151627158558,20.434955714722797,0.6391671583029571,2500.0,13.75,0.55,sensor_drift,0.928,44.0
hot_weather,300,sensor_drift,1334.0,109.54477270434177,119.5514699904752,654.1534486950659,1685.8242761117588,66.82228360905276,54.296696597130634,8.350747457905058,0.21799316386893358,12.972852909378275,20.115776468945487,0.6391671583029812,2500.0,13.75,0.55,sensor_drift,0.93,43.0
hot_weather,300,sensor_drift,1335.0,109.54477270433792,119.10813742764337,649.9104977625522,1683.1053734084392,67.82934063953299,53.921832863926255,8.350747457905058,0.2563647602636908,13.159967809148226,20.3273622051282,0.6391671583030047,2500.0,13.75,0.55,sensor_drift,0.931,42.0
hot_weather,300,sensor_drift,1336.0,109.54477270433416,118.46111338214888,657.2055296954967,1677.8873335391265,68.18880477491103,54.08282383683937,8.350747457905058,0.17474804803295124,12.977344822666595,19.967503762988756,0.6391671583030276,2500.0,13.75,0.55,sensor_drift,0.933,41.0
hot_weather,300,sensor_drift,1337.0,109.5447727043305,119.0176598455392,659.4487735462951,1674.4594732704236,67.29394401025004,53.91215716532781,8.350747457905058,0.18166048606693808,13.106068174788282,19.730841278403357,0.63916715830305,2500.0,13.75,0.55,sensor_drift,0.935,40.0
hot_weather,300,sensor_drift,1338.0,109.54477270432692,118.9457882095231,658.9194034980823,1678.075547879398,67.74713995879054,53.6849262255103,8.350747457905058,0.1476120555499316,13.039383078694232,19.76406125536123,0.6391671583030719,2500.0,13.75,0.55,sensor_drift,0.936,39.0
hot_weather,300,sensor_drift,1339.0,109.54477270432342,118.44073602026917,660.5209730521219,1679.7903300963246,67.80840769446411,54.30251994606503,8.350747457905058,0.17462724228832258,12.998572452859658,20.12327214142083,0.6391671583030933,2500.0,13.75,0.55,sensor_drift,0.938,38.0
hot_weather,300,sensor_drift,1340.0,109.54477270432001,119.18208439326271,655.0260050392965,1688.6007322930946,67.95017170529519,53.21200873464863,8.350747457905058,0.22818760243585265,13.050438698492913,19.805880111371756,0.6391671583031142,2500.0,13.75,0.55,sensor_drift,0.94,37.0
hot_weather,300,sensor_drift,1341.0,109.54477270431669,119.41377286807027,650.9662542567203,1678.3856491169124,68.75042492416507,54.212486498142454,8.350747457905058,0.16561786409248164,12.970703572738966,19.726725277310624,0.6391671583031344,2500.0,13.75,0.55,sensor_drift,0.941,36.0
hot_weather,300,sensor_drift,1342.0,109.54477270431343,119.07506826033733,652.9378444577584,1686.7060378930012,67.67861124953883,54.55220493003334,8.350747457905058,0.08131565323555745,13.147011202361293,20.027327773003464,0.6391671583031544,2500.0,13.75,0.55,sensor_drift,0.943,35.0
hot_weather,300,sensor_drift,1343.0,109.54477270431026,119.11634035761222,650.9903211297337,1686.7431649468313,68.07046434566976,53.970415247725626,8.350747457905058,0.2335254552590657,13.050247922520967,20.547987205661336,0.6391671583031737,2500.0,13.75,0.55,sensor_drift,0.944,34.0
hot_weather,300,sensor_drift,1344.0,109.54477270430716,118.65777650938384,651.6931920045189,1691.888589278896,67.6750163853016,54.03176703840968,8.350747457905058,0.2454031381792169,13.079727556803869,19.98335893342651,0.6391671583031926,2500.0,13.75,0.55,sensor_drift,0.946,33.0
hot_weather,300,sensor_drift,1345.0,109.54477270430414,118.6913978057428,654.045370910922,1683.4600990879821,67.657092635046,53.63314874289339,8.350747457905058,0.1907693221408011,13.078028628674563,20.030418779136404,0.6391671583032111,2500.0,13.75,0.55,sensor_drift,0.948,32.0
hot_weather,300,sensor_drift,1346.0,109.54477270430118,118.3180736819697,647.9647375002685,1688.290332384918,67.24451456922218,53.88547049327464,8.350747457905058,0.25951762655009497,12.957727845473563,19.98505054131062,0.6391671583032291,2500.0,13.75,0.55,sensor_drift,0.949,31.0
hot_weather,300,sensor_drift,1347.0,109.5447727042983,118.79122201486936,651.903887205616,1682.4233773121189,66.87224326557099,54.44804343296737,8.350747457905058,0.22110296865016704,12.951770514299524,20.05335627480051,0.6391671583032468,2500.0,13.75,0.55,sensor_drift,0.951,30.0
hot_weather,300,sensor_drift,1348.0,109.54477270429548,118.36039602752713,655.9325390313438,1692.522283845741,68.66148442809904,54.331364210681265,8.350747457905058,0.10263682128152922,13.055387714471951,19.714291388725027,0.639167158303264,2500.0,13.75,0.55,sensor_drift,0.953,29.0
hot_weather,300,sensor_drift,1349.0,109.54477270429274,118.18691961980419,660.6378336020567,1675.6506982626254,67.51293680632969,53.6282838591785,8.350747457905058,0.13609285201349358,12.89322448315177,19.97571909606378,0.6391671583032807,2500.0,13.75,0.55,sensor_drift,0.954,28.0
hot_weather,300,sensor_drift,1350.0,109.54477270429005,119.8569969773675,657.0117750362207,1687.0669984085107,67.52522141252294,54.63622580665361,8.350747457905058,0.2679004259683626,13.10019077815173,19.935194120922514,0.6391671583032971,2500.0,13.75,0.55,sensor_drift,0.956,27.0
hot_weather,300,sensor_drift,1351.0,109.54477270428744,118.7267826483915,657.2047883427097,1682.0515519615867,67.47937988829926,54.046423264640396,8.350747457905058,0.22497114684292102,13.026664300743564,19.759263518789684,0.639167158303313,2500.0,13.75,0.55,sensor_drift,0.958,26.0
hot_weather,300,sensor_drift,1352.0,109.54477270428488,118.83152072971511,656.5722090084327,1683.4471926717001,67.22520900564078,54.36145060471614,8.350747457905058,0.15421275059160183,13.014616490250189,19.487499314856656,0.6391671583033287,2500.0,13.75,0.55,sensor_drift,0.959,25.0
hot_weather,300,sensor_drift,1353.0,109.54477270428238,118.87044854037084,653.9243353758766,1681.4771250173378,67.08310382858986,54.26228625261664,8.350747457905058,0.10384773375884189,12.985112815873542,20.2722667590394,0.639167158303344,2500.0,13.75,0.55,sensor_drift,0.961,24.0
hot_weather,300,sensor_drift,1354.0,109.54477270427995,118.7156789077875,656.7521606805185,1676.2161657271645,67.42429707954587,54.06719234630181,8.350747457905058,0.11947769678081582,13.019147513900926,20.031905707500766,0.6391671583033589,2500.0,13.75,0.55,sensor_drift,0.962,23.0
hot_weather,300,sensor_drift,1355.0,109.54477270427758,119.02739944019554,655.5319196834796,1688.6758514819207,68.60669722152396,54.6192848614617,8.350747457905058,0.21263201733878467,13.007186357931266,20.15359107980844,0.6391671583033733,2500.0,13.75,0.55,sensor_drift,0.964,22.0
hot_weather,300,sensor_drift,1356.0,109.54477270427526,118.92846867512233,653.1593377903088,1682.5777860669705,66.92973530846463,54.124195300640224,8.350747457905058,0.19902197200767094,12.948401023739102,20.152159657559473,0.6391671583033876,2500.0,13.75,0.55,sensor_drift,0.966,21.0
hot_weather,300,sensor_drift,1357.0,109.544772704273,119.79119113550078,652.1788591230529,1678.715808110322,67.2749024070996,53.25670577738799,8.350747457905058,0.25974484799377184,13.037594621213044,19.945591001071058,0.6391671583034013,2500.0,13.75,0.55,sensor_drift,0.967,20.0
hot_weather,300,sensor_drift,1358.0,109.54477270427078,119.9129160397595,653.3248504324795,1682.4266148480597,67.92542862813089,53.8171120727161,8.350747457905058,0.1319437660511656,12.99457458328423,19.78040392387795,0.6391671583034149,2500.0,13.75,0.55,sensor_drift,0.969,19.0
hot_weather,300,sensor_drift,1359.0,109.54477270426862,119.25898190581809,654.4554268782819,1685.9655871189514,67.4982319073503,53.92251188610639,8.350747457905058,0.1680257782208993,13.044041505751002,19.953014045725322,0.6391671583034282,2500.0,13.75,0.55,sensor_drift,0.971,18.0
hot_weather,300,sensor_drift,1360.0,109.54477270426652,119.57976719084797,653.9967357257048,1686.3144115867547,67.65867211680938,54.12069446236581,8.350747457905058,0.21058515044270912,13.037626908216454,20.06430129209816,0.6391671583034408,2500.0,13.75,0.55,sensor_drift,0.972,17.0
hot_weather,300,sensor_drift,1361.0,109.54477270426446,119.42696923937524,656.7709903978514,1676.1062485250216,67.03855714980166,54.228779901052384,8.350747457905058,0.24584483848453026,12.922894496888077,19.97331505183452,0.6391671583034535,2500.0,13.75,0.55,sensor_drift,0.974,16.0
hot_weather,300,sensor_drift,1362.0,109.54477270426246,118.59554436827896,656.1035087367023,1682.6260695323479,67.88156084729722,53.31756634804214,8.350747457905058,0.23762588761849818,13.07228065215506,20.115966538057453,0.6391671583034657,2500.0,13.75,0.55,sensor_drift,0.975,15.0
hot_weather,300,sensor_drift,1363.0,109.5447727042605,119.85789487030885,656.3351898737802,1680.1058887712309,68.55067850116325,53.735030448872685,8.350747457905058,0.12042581951940784,13.076317370247207,20.135396705379897,0.6391671583034777,2500.0,13.75,0.55,sensor_drift,0.977,14.0
hot_weather,300,sensor_drift,1364.0,109.54477270425858,119.3999337487543,656.2232688662516,1683.6242450514944,67.12473727129394,54.64423430435684,8.350747457905058,0.23322686180499003,13.069458289315099,19.658862636353334,0.6391671583034895,2500.0,13.75,0.55,sensor_drift,0.979,13.0
hot_weather,300,sensor_drift,1365.0,109.5447727042567,119.19717338606053,652.2108057957188,1680.4739037700201,68.65039379445847,54.57366782386272,8.350747457905058,0.22430840593774487,12.99882768908819,20.03664091969881,0.6391671583035009,2500.0,13.75,0.55,sensor_drift,0.98,12.0
hot_weather,300,sensor_drift,1366.0,109.54477270425488,119.78553316268139,654.4375848661228,1684.1995258501,67.62994662511683,53.9525898988265,8.350747457905058,0.19246260833178394,13.048239919443558,19.838188793644246,0.639167158303512,2500.0,13.75,0.55,sensor_drift,0.982,11.0
hot_weather,300,sensor_drift,1367.0,109.5447727042531,119.47890559851932,650.8348706595266,1684.9653370769047,68.01068010831261,53.449020309856394,8.350747457905058,0.24652100158017975,12.942943865134902,19.74087418009046,0.6391671583035228,2500.0,13.75,0.55,sensor_drift,0.984,10.0
hot_weather,300,sensor_drift,1368.0,109.54477270425137,119.38004376898036,654.6208408129536,1687.1246133479854,67.50825322809527,53.65458322668376,8.350747457905058,0.25756985744301175,13.016650780643369,20.354104301229384,0.6391671583035335,2500.0,13.75,0.55,sensor_drift,0.985,9.0
hot_weather,300,sensor_drift,1369.0,109.54477270424968,118.96576733728953,649.2087450336371,1688.4989065981968,66.99128341894071,53.34571152624161,8.350747457905058,0.1597761034894511,13.000556703607616,20.006961434989943,0.6391671583035439,2500.0,13.75,0.55,sensor_drift,0.987,8.0
hot_weather,300,sensor_drift,1370.0,109.54477270424802,119.33985316858168,654.6611837719877,1679.2981175102498,68.20355583581713,53.62090813731778,8.350747457905058,0.2400153166954935,12.937308727306744,19.719421634979692,0.639167158303554,2500.0,13.75,0.55,sensor_drift,0.989,7.0
hot_weather,300,sensor_drift,1371.0,109.5447727042464,118.95952549851413,653.1084341071653,1681.847047826631,68.33880506163726,53.78333446814394,8.350747457905058,0.2820715602593954,12.937728810659165,20.09744469754692,0.6391671583035639,2500.0,13.75,0.55,sensor_drift,0.99,6.0
hot_weather,300,sensor_drift,1372.0,109.54477270424482,120.11596142639898,652.2670569588391,1680.2939505693544,67.44705167438701,54.187131470023495,8.350747457905058,0.17301455510979513,12.991745686047448,20.25531820228692,0.6391671583035735,2500.0,13.75,0.55,sensor_drift,0.992,5.0
hot_weather,300,sensor_drift,1373.0,109.54477270424329,119.74012622913915,655.4553558813082,1687.4816738922168,67.67136937557322,54.04717089346946,8.350747457905058,0.24431633594545066,12.964514525720583,19.63632594988821,0.6391671583035828,2500.0,13.75,0.55,sensor_drift,0.993,4.0
hot_weather,300,sensor_drift,1374.0,109.54477270424178,118.67598778790125,658.8734833245669,1684.6617689152695,67.54263631023306,53.6474664067172,8.350747457905058,0.25076118115009943,12.956153314263378,20.364184153596472,0.639167158303592,2500.0,13.75,0.55,sensor_drift,0.995,3.0
hot_weather,300,sensor_drift,1375.0,109.54477270424032,120.22635003772979,652.5848918057352,1681.7587499042052,67.87395749257766,54.861150210798975,8.350747457905058,0.2409915586419929,13.029867329364073,20.23703821347758,0.6391671583036009,2500.0,13.75,0.55,sensor_drift,0.997,2.0
hot_weather,300,sensor_drift,1376.0,109.54477270423888,118.89688752658955,650.770196244703,1684.4953426470545,68.56965225959007,54.08044284816138,8.350747457905058,0.13464127079669574,12.992038086704419,20.10708847842521,0.6391671583036098,2500.0,13.75,0.55,sensor_drift,0.998,1.0
hot_weather,300,sensor_drift,1377.0,109.54477270423749,119.10453526022216,654.5326307045905,1687.703724466946,68.15151253826211,54.34241460796158,8.350747457905058,0.0971211618674013,13.081401186174098,20.083269408446334,0.6391671583036183,2500.0,13.75,0.55,sensor_drift,1.0,0.0
hot_weather,300,sensor_drift,1378.0,109.54477270423612,119.49482045293256,652.6173721942184,1684.4692530721554,67.33458549736318,54.67583790707892,8.350747457905058,0.13971335608064422,13.05932093426948,19.863671993623875,0.6391671583036266,2500.0,13.75,0.55,sensor_drift,1.0,0.0
hot_weather,300,sensor_drift,1379.0,109.54477270423479,119.87012327440334,652.0237241534841,1677.3000392714966,68.01010894751226,54.81179435077731,8.350747457905058,0.226753006065397,13.029845268156604,20.201301494628204,0.6391671583036348,2500.0,13.75,0.55,sensor_drift,1.0,0.0
hot_weather,300,sensor_drift,1380.0,109.54477270423348,119.55739013691772,660.7506679773109,1679.721166399876,67.60807034169937,53.736130143670714,8.350747457905058,0.24485881388450112,13.09281190648882,19.703163841414558,0.6391671583036428,2500.0,13.75,0.55,sensor_drift,1.0,0.0
hot_weather,300,sensor_drift,1381.0,109.54477270423222,119.23430510956644,656.5966796132439,1682.684741506655,68.13266447944119,54.01823627500463,8.350747457905058,0.23162634002723836,13.017048566481321,19.750574554419476,0.6391671583036505,2500.0,13.75,0.55,sensor_drift,1.0,0.0
hot_weather,300,sensor_drift,1382.0,109.54477270423098,118.84351828005626,655.8283486235441,1682.7614683468225,68.25433165951003,53.85461317869867,8.350747457905058,0.18988279275471381,13.03637858507782,20.09737660306591,0.639167158303658,2500.0,13.75,0.55,sensor_drift,1.0,0.0
hot_weather,300,sensor_drift,1383.0,109.54477270422977,119.95243441192649,654.2296584547128,1678.6299806564646,68.35413902401869,53.661203724914785,8.350747457905058,0.09953449391553987,13.04910602229735,19.99883470369739,0.6391671583036656,2500.0,13.75,0.55,sensor_drift,1.0,0.0
hot_weather,300,sensor_drift,1384.0,109.54477270422859,119.26174638647947,654.6278533736853,1681.381885047005,67.39188093870573,55.12038664855095,8.350747457905058,0.08255311873296745,13.118648272701819,20.296632341922415,0.6391671583036727,2500.0,13.75,0.55,sensor_drift,1.0,0.0
hot_weather,300,sensor_drift,1385.0,109.54477270422744,118.54386474139596,650.9278811947585,1672.5123533379751,68.22874925844683,53.30807786487574,8.350747457905058,0.2953978385082033,13.013997705443616,20.07311510487545,0.6391671583036798,2500.0,13.75,0.55,sensor_drift,1.0,0.0
hot_weather,300,sensor_drift,1386.0,109.54477270422632,119.79387627197654,652.739610853524,1681.3111717688835,67.56587717549702,54.10202248884028,8.350747457905058,0.14945804817699282,12.94788642023941,19.745809515371192,0.6391671583036865,2500.0,13.75,0.55,sensor_drift,1.0,0.0
hot_weather,300,sensor_drift,1387.0,109.54477270422522,119.75983625480443,653.7885244762753,1686.5924177217184,67.95952511801481,54.788062604141956,8.350747457905058,0.20174787646133419,12.9620844380388,19.967950993402063,0.6391671583036933,2500.0,13.75,0.55,sensor_drift,1.0,0.0
hot_weather,300,sensor_drift,1388.0,109.54477270422414,119.6906517853914,652.3249874603865,1688.3140563342206,67.66703306724938,53.86643775638037,8.350747457905058,0.21420790792432115,12.974207734027706,20.24166606190795,0.6391671583036997,2500.0,13.75,0.55,sensor_drift,1.0,0.0
hot_weather,300,sensor_drift,1389.0,109.54477270422309,118.97509573861333,656.9060461814854,1684.5706430145133,68.10630492615913,54.31232545574356,8.350747457905058,0.190539369487989,13.060043005298791,20.289809321663572,0.6391671583037063,2500.0,13.75,0.55,sensor_drift,1.0,0.0
hot_weather,300,sensor_drift,1390.0,109.54477270422207,120.76697619989585,655.9999937113035,1691.463230208326,67.87274396413116,54.682740093665636,8.350747457905058,0.224803847052034,13.034292171633032,19.893607664306572,0.6391671583037125,2500.0,13.75,0.55,sensor_drift,1.0,0.0
hot_weather,300,sensor_drift,1391.0,109.54477270422107,119.2180790434282,651.6899271192865,1687.5823789848762,67.53567482234051,53.81288047309738,8.350747457905058,0.25647899704856403,13.065536835508112,19.873288275676405,0.6391671583037185,2500.0,13.75,0.55,sensor_drift,1.0,0.0
hot_weather,300,sensor_drift,1392.0,109.5447727042201,119.07296174862029,652.0888385199667,1676.1962715431785,67.1107278192149,54.487649904514015,8.350747457905058,0.17431542990900967,12.997463629902962,20.286517572854173,0.6391671583037246,2500.0,13.75,0.55,sensor_drift,1.0,0.0
hot_weather,300,sensor_drift,1393.0,109.54477270421914,119.2317672105162,652.2401172074244,1674.5223586640288,66.57255834725851,53.50806479193365,8.350747457905058,0.20793676211180281,13.012033869752155,20.185951708599625,0.6391671583037304,2500.0,13.75,0.55,sensor_drift,1.0,0.0
hot_weather,300,sensor_drift,1394.0,109.54477270421822,119.48331538960134,653.6052511311096,1687.0314868060586,67.61918560453971,53.95256062227189,8.350747457905058,0.14867518614270447,13.124871879147232,20.150498756637408,0.639167158303736,2500.0,13.75,0.55,sensor_drift,1.0,0.0
hot_weather,300,sensor_drift,1395.0,109.54477270421731,119.93791842538887,648.9892939786004,1684.2387852630925,67.54370726651875,53.49114596588623,8.350747457905058,0.16979526210027956,12.988120894646386,19.882028209535765,0.6391671583037416,2500.0,13.75,0.55,sensor_drift,1.0,0.0
hot_weather,300,sensor_drift,1396.0,109.54477270421643,119.37479400475294,651.4407615248808,1694.4073216369097,67.40752226098579,53.6834947789533,8.350747457905058,0.23630331490729667,13.066664485871074,20.171598627649775,0.6391671583037469,2500.0,13.75,0.55,sensor_drift,1.0,0.0
hot_weather,300,sensor_drift,1397.0,109.54477270421556,119.15556051051072,651.093422107093,1680.5874688635427,67.57604107733991,54.475491880881506,8.350747457905058,0.15189861807848043,12.998566641037902,19.717291386938157,0.6391671583037523,2500.0,13.75,0.55,sensor_drift,1.0,0.0
hot_weather,300,sensor_drift,1398.0,109.54477270421472,119.8278212396954,649.8900927521986,1684.509346761679,66.97077699100046,54.70940819459235,8.350747457905058,0.26140689872809525,12.99379822859409,20.282402448628616,0.6391671583037574,2500.0,13.75,0.55,sensor_drift,1.0,0.0
hot_weather,300,sensor_drift,1399.0,109.5447727042139,119.49376066813394,651.4407740275907,1677.7555515965678,68.048080533146,54.80909497182584,8.350747457905058,0.09424921984489719,13.066980036434035,20.29345026182982,0.6391671583037625,2500.0,13.75,0.55,sensor_drift,1.0,0.0
hot_weather,300,sensor_drift,1400.0,109.54477270421309,119.8045501711188,657.0838789587714,1679.9641078232146,67.97995552184165,53.736605203823245,8.350747457905058,0.14546085192682845,13.006590059892202,19.83015238745581,0.6391671583037674,2500.0,13.75,0.55,sensor_drift,1.0,0.0
hot_weather,300,sensor_drift,1401.0,109.5447727042123,120.01261050689463,654.6828769700097,1683.7576967273203,68.23843901382789,54.51920775922477,8.350747457905058,0.11270716272250296,13.105638622008291,19.700998332436,0.6391671583037721,2500.0,13.75,0.55,sensor_drift,1.0,0.0
hot_weather,300,sensor_drift,1402.0,109.54477270421154,120.0387675285526,650.4621827445691,1683.2158275348968,67.91323570454527,53.92737372048195,8.350747457905058,0.22751012113684232,12.993811543540039,19.888360895383393,0.6391671583037768,2500.0,13.75,0.55,sensor_drift,1.0,0.0
hot_weather,300,sensor_drift,1403.0,109.54477270421079,119.4382467376036,655.8158204680586,1685.5267486081182,69.75350747407137,54.440735124273374,8.350747457905058,0.15442543032210965,13.042204036319111,20.215419881978942,0.6391671583037815,2500.0,13.75,0.55,sensor_drift,1.0,0.0
hot_weather,300,sensor_drift,1404.0,109.54477270421006,119.71051923267959,655.1525355184679,1687.406251170838,67.69850900840537,53.167924361067875,8.350747457905058,0.14808188155091975,13.042450508655296,19.73880926526983,0.6391671583037859,2500.0,13.75,0.55,sensor_drift,1.0,0.0
hot_weather,300,sensor_drift,1405.0,109.54477270420935,119.96881630847126,654.35247869146,1685.2000374252061,67.83296199022568,54.002918156158835,8.350747457905058,0.17080346696497764,12.99309633163359,19.871634138065467,0.6391671583037902,2500.0,13.75,0.55,sensor_drift,1.0,0.0
hot_weather,300,sensor_drift,1406.0,109.54477270420865,119.60485480097893,653.6542133350928,1686.5168237477242,67.0711373034082,54.061599614582725,8.350747457905058,0.2618357904209057,13.00415081098644,20.014199743379283,0.6391671583037944,2500.0,13.75,0.55,sensor_drift,1.0,0.0
hot_weather,300,sensor_drift,1407.0,109.54477270420797,118.6415052538492,652.9982576937975,1683.217356829993,67.73864639110612,54.71224315521078,8.350747457905058,0.19436427037424064,13.093258601644216,19.807352605717107,0.6391671583037987,2500.0,13.75,0.55,sensor_drift,1.0,0.0
hot_weather,300,sensor_drift,1408.0,109.5447727042073,118.7243874827315,651.4118526794845,1683.3010840974705,68.05766985310089,53.415211996786255,8.350747457905058,0.29372236072002494,12.963865958338182,20.184179521526392,0.6391671583038028,2500.0,13.75,0.55,sensor_drift,1.0,0.0
hot_weather,300,sensor_drift,1409.0,109.54477270420665,119.4528876036977,653.2986026113867,1685.3721687033346,68.0936510843099,54.8995683531194,8.350747457905058,0.11864526754511798,12.951985580133,20.172001245866216,0.6391671583038068,2500.0,13.75,0.55,sensor_drift,1.0,0.0
hot_weather,300,sensor_drift,1410.0,109.54477270420603,119.49208426587941,651.7509914140579,1677.7072787132122,67.29332840998744,53.590424049758994,8.350747457905058,0.18320645233142585,12.999866809414748,20.023798177284267,0.6391671583038105,2500.0,13.75,0.55,sensor_drift,1.0,0.0
hot_weather,300,sensor_drift,1411.0,109.54477270420541,118.9137457957465,652.6735087801221,1687.8595216718304,68.05692511366071,54.18793892611588,8.350747457905058,0.1498932690743941,13.019435753074548,19.71413418129901,0.6391671583038143,2500.0,13.75,0.55,sensor_drift,1.0,0.0
hot_weather,300,sensor_drift,1412.0,109.54477270420482,120.74334311344508,649.1278201421547,1680.0441170723134,66.74480349354762,54.68291258162047,8.350747457905058,0.16707195300364053,13.033345856811863,19.784118623793233,0.6391671583038179,2500.0,13.75,0.55,sensor_drift,1.0,0.0
hot_weather,300,sensor_drift,1413.0,109.54477270420423,120.12144846620987,648.0342451069263,1683.7199195008573,67.79164886910313,53.98050340805642,8.350747457905058,0.24990770767656367,13.036957882143458,19.961835553851234,0.6391671583038214,2500.0,13.75,0.55,sensor_drift,1.0,0.0
hot_weather,300,sensor_drift,1414.0,109.54477270420367,119.25982469363947,657.5301632920964,1680.842296468822,67.44778031572045,53.24728186084831,8.350747457905058,0.23632856329318302,13.000013219983494,19.661308513261563,0.6391671583038249,2500.0,13.75,0.55,sensor_drift,1.0,0.0
hot_weather,300,sensor_drift,1415.0,109.5447727042031,118.83751731287467,656.678366541434,1683.2064400253707,67.63122641960526,53.533761623793396,8.350747457905058,0.16861289117769895,12.96928889472248,19.867124919182768,0.6391671583038284,2500.0,13.75,0.55,sensor_drift,1.0,0.0
hot_weather,300,sensor_drift,1416.0,109.54477270420254,119.17428044822726,657.6289512626822,1686.8669835447763,67.33246157755872,53.63028737247924,8.350747457905058,0.12848108513587608,12.966777223252272,20.136696713630894,0.6391671583038319,2500.0,13.75,0.55,sensor_drift,1.0,0.0
hot_weather,300,sensor_drift,1417.0,109.544772704202,118.63383483787216,655.6848810792857,1682.4516845635237,68.23930246837088,54.25450107775672,8.350747457905058,0.09800309493313897,12.911375339542516,19.639641493761733,0.6391671583038351,2500.0,13.75,0.55,sensor_drift,1.0,0.0
hot_weather,300,sensor_drift,1418.0,109.54477270420148,119.44056126900809,657.7126003464153,1678.5171319676888,67.38718361695008,54.24707977595271,8.350747457905058,0.24830283240681544,13.008538500455943,19.924284233097143,0.6391671583038383,2500.0,13.75,0.55,sensor_drift,1.0,0.0
hot_weather,300,sensor_drift,1419.0,109.54477270420097,119.07597377183502,654.5737310140034,1686.3969643174569,67.6314260409376,53.99544311538228,8.350747457905058,0.22310787821598788,13.097849320752914,20.384361749731937,0.6391671583038414,2500.0,13.75,0.55,sensor_drift,1.0,0.0
hot_weather,300,sensor_drift,1420.0,109.54477270420047,119.34915369530417,657.0479647431654,1681.2534656569746,68.2406841570044,54.03930942652521,8.350747457905058,0.1926022357177729,13.054668805143379,20.076456380893195,0.6391671583038445,2500.0,13.75,0.55,sensor_drift,1.0,0.0
hot_weather,300,sensor_drift,1421.0,109.54477270419999,119.68050101903995,655.4867569713047,1682.289116089177,66.75857322919028,54.680251971741605,8.350747457905058,0.20741848162150647,13.039851678442158,20.05279771361118,0.6391671583038474,2500.0,13.75,0.55,sensor_drift,1.0,0.0
hot_weather,300,sensor_drift,1422.0,109.54477270419952,119.85164189885917,653.7407150427288,1682.7854177811516,66.7471422484627,53.28167424714556,8.350747457905058,0.24362174817361806,12.98414391204163,19.785415669635128,0.6391671583038503,2500.0,13.75,0.55,sensor_drift,1.0,0.0
hot_weather,300,sensor_drift,1423.0,109.54477270419905,118.49023948504208,658.8214867488368,1684.1548975311457,68.21265001932447,53.62892369538416,8.350747457905058,0.1665610832538128,12.954290230078358,19.85916542134052,0.6391671583038532,2500.0,13.75,0.55,sensor_drift,1.0,0.0
hot_weather,300,sensor_drift,1424.0,109.54477270419859,119.10569415769919,654.4376053542285,1682.2997819610246,68.07679504431592,53.62907761416826,8.350747457905058,0.3175331363288888,12.960332838280767,19.98298402935882,0.639167158303856,2500.0,13.75,0.55,sensor_drift,1.0,0.0
hot_weather,300,sensor_drift,1425.0,109.54477270419815,119.38680933035464,653.6898695908988,1690.0478147618894,67.21484961403642,53.587133524476755,8.350747457905058,0.12008956162511152,13.005326292999039,20.304620302385693,0.6391671583038586,2500.0,13.75,0.55,sensor_drift,1.0,0.0
hot_weather,300,sensor_drift,1426.0,109.54477270419773,119.20627916400666,651.8214033307139,1686.9238703732797,67.78149840586158,54.997056028651386,8.350747457905058,0.18252625930304578,13.030094846082436,20.22991141460474,0.6391671583038612,2500.0,13.75,0.55,sensor_drift,1.0,0.0
hot_weather,300,sensor_drift,1427.0,109.5447727041973,119.14751499607883,655.78846079364,1680.0358822046535,67.41120623212339,54.370823484060885,8.350747457905058,0.1966498074398236,13.007144831706745,20.12838637744735,0.6391671583038638,2500.0,13.75,0.55,sensor_drift,1.0,0.0
hot_weather,300,sensor_drift,1428.0,109.54477270419689,119.29505195012955,652.8842568187345,1687.2724192122216,67.2922416321387,54.178679825033164,8.350747457905058,0.18001660055124963,13.037557906596366,19.979282102521097,0.6391671583038664,2500.0,13.75,0.55,sensor_drift,1.0,0.0
hot_weather,300,sensor_drift,1429.0,109.54477270419649,118.99712391219983,653.4739754154245,1676.8972472858263,67.78628059703858,54.14705178284885,8.350747457905058,0.3404480390848843,12.979444533218183,19.575921613218927,0.6391671583038687,2500.0,13.75,0.55,sensor_drift,1.0,0.0
hot_weather,300,sensor_drift,1430.0,109.5447727041961,119.69404310919286,653.2888498965791,1688.0320345423354,67.99118798489064,54.40834833366237,8.350747457905058,0.09834139338652695,13.057838534611918,20.017525383976064,0.6391671583038712,2500.0,13.75,0.55,sensor_drift,1.0,0.0
hot_weather,300,sensor_drift,1431.0,109.54477270419572,119.73895943958057,653.1703591671238,1681.9601469106742,67.6401902070993,54.82821563573314,8.350747457905058,0.3181550715658461,13.013840591585799,20.00895296071562,0.6391671583038735,2500.0,13.75,0.55,sensor_drift,1.0,0.0
hot_weather,300,sensor_drift,1432.0,109.54477270419535,119.19749302725296,656.2890958566958,1684.808114108142,68.21560378701854,54.972066947862,8.350747457905058,0.27367479423936614,13.050646574257337,19.87990675394227,0.6391671583038757,2500.0,13.75,0.55,sensor_drift,1.0,0.0
hot_weather,300,sensor_drift,1433.0,109.54477270419498,119.73308628014391,651.8659515701574,1684.3068444455002,68.0693272771072,53.86294250200601,8.350747457905058,0.13897835071976425,12.990833609459335,19.824864726803607,0.639167158303878,2500.0,13.75,0.55,sensor_drift,1.0,0.0
hot_weather,300,sensor_drift,1434.0,109.54477270419463,119.02848025247533,651.2112851690974,1684.6676918473117,67.4883044465042,53.87079721087941,8.350747457905058,0.061540500103391765,13.071980440983765,20.103746207450417,0.6391671583038802,2500.0,13.75,0.55,sensor_drift,1.0,0.0
hot_weather,300,sensor_drift,1435.0,109.54477270419429,119.57881912250458,659.8705648865944,1688.3575028178127,67.33294542811436,54.06215070657631,8.350747457905058,0.15153805852035718,13.121725413735536,19.815771496598984,0.6391671583038823,2500.0,13.75,0.55,sensor_drift,1.0,0.0
hot_weather,300,sensor_drift,1436.0,109.54477270419395,119.28683340804432,655.3519535170449,1682.3231008751984,68.25176569453393,54.58435274470448,8.350747457905058,0.2583676669921773,12.955452372412324,20.135958553116875,0.6391671583038843,2500.0,13.75,0.55,sensor_drift,1.0,0.0
hot_weather,300,sensor_drift,1437.0,109.54477270419362,119.98040770700347,653.0555340334896,1686.2449558764001,68.58405258226506,54.28281928496613,8.350747457905058,0.12394710445256472,12.979827433054508,19.878199354706602,0.6391671583038863,2500.0,13.75,0.55,sensor_drift,1.0,0.0
hot_weather,300,sensor_drift,1438.0,109.54477270419329,119.38244373841799,656.2296399115991,1678.186062758703,68.2038777432496,53.80115789712743,8.350747457905058,0.18848419438284061,12.972287632744017,20.026329456268567,0.6391671583038883,2500.0,13.75,0.55,sensor_drift,1.0,0.0
hot_weather,300,sensor_drift,1439.0,109.54477270419298,119.28020340999475,652.6643109773665,1678.52755681737,68.01665903267495,53.76874406330586,8.350747457905058,0.2037306356409115,12.988056845600905,20.021291447074542,0.6391671583038903,2500.0,13.75,0.55,sensor_drift,1.0,0.0
hot_weather,300,sensor_drift,1440.0,108.9676798203777,119.41788144083712,649.0045476925151,1563.9619844552824,65.96356787886305,54.50465230953764,4.2224260708639845,0.15721481736847898,12.936682513867442,20.15123251226484,0.6429530515507808,2492.0,13.802000000000021,0.3,sensor_drift,1.0,0.0
hot_weather,300,sensor_drift,1441.0,108.37327304851314,117.97556284859613,656.6714904891383,1471.494914671299,65.49866358727623,53.949391160647764,3.9946323873282212,0.17071471072184657,12.925122803640171,19.941299642466245,0.64684472832518,2484.0,13.853999999999985,0.3,sensor_drift,1.0,0.0
hot_weather,300,sensor_drift,1442.0,107.77207773978957,118.69918996674764,653.9707527276489,1414.6406576139455,64.10594072003198,53.273946537340294,3.8388992898712124,0.2140469621929349,12.864066504941658,20.224052764158145,0.650777881362654,2476.0,13.906000000000006,0.3,sensor_drift,1.0,0.0
hot_weather,300,sensor_drift,1443.0,107.1712082975721,116.95885862903222,652.9046277599955,1369.911064581337,64.8522999347705,53.63743386731626,3.7327468632924545,0.21492469264651443,12.890632743693086,19.83383376885862,0.6542857873428458,2468.0,13.958000000000027,0.3,sensor_drift,1.0,0.0
hot_weather,300,sensor_drift,1444.0,106.57543699801465,117.70936285242104,648.8134576792769,1352.3383910259606,65.13358099970887,53.280280827108825,3.6607082291068953,0.1748178627776022,12.793907422446322,20.007196715217507,0.6566525859132261,2460.0,14.009999999999991,0.3,sensor_drift,1.0,0.0
hot_weather,300,sensor_drift,1445.0,105.98792873519835,116.22699544228881,647.7863964937912,1329.3085200330347,63.792164665892244,53.30432879349682,3.612141697121423,0.1297879595837234,12.81163159314282,19.95108390124122,0.6594512270195763,2452.0,14.062000000000012,0.3,sensor_drift,1.0,0.0
hot_weather,300,sensor_drift,1446.0,105.410746091024,115.25468622540986,642.5060153846584,1315.6258588096787,64.64322953290089,53.19759926033779,3.5797254569232337,0.1632686321077607,12.87721163532358,20.125711042461194,0.6625183820725483,2444.0,14.113999999999976,0.3,sensor_drift,1.0,0.0
hot_weather,300,sensor_drift,1447.0,104.84519650497757,114.08178810169984,643.4170533563272,1301.3738441875182,63.64246959965437,53.59534275181207,3.5584218784350834,0.18389730557805573,12.770569684381222,20.2502629548733,0.6657424383171725,2436.0,14.165999999999997,0.3,sensor_drift,1.0,0.0
hot_weather,300,sensor_drift,1448.0,104.2920708891247,114.5334183580031,644.3721851392781,1303.9941337539708,64.01566429906636,53.05633560309313,3.5447649183299106,0.10241598235090763,12.810865928050182,19.919664523156705,0.6690473215477035,2428.0,14.218000000000018,0.3,sensor_drift,1.0,0.0
hot_weather,300,sensor_drift,1449.0,103.75180761322927,114.26459424525103,649.9787756645534,1300.019588487261,63.66606472363982,52.488086329452095,3.5363698334430005,0.22551212164801865,12.75937494894228,20.202342422365565,0.6723813746070992,2420.0,14.269999999999982,0.3,sensor_drift,1.0,0.0
hot_weather,300,sensor_drift,1450.0,103.22460518332468,112.92432979966843,646.1950548216046,1298.3202265066634,65.32157713051126,52.51658216650513,3.5315958483718446,0.24807042548750602,12.739075290068392,19.635044692361443,0.6757097117293159,2412.0,14.322000000000003,0.3,sensor_drift,1.0,0.0
hot_weather,300,sensor_drift,1451.0,102.71049964849114,112.76916331078597,648.9855509645375,1297.5952246952177,64.24997615320667,52.68015537725052,3.529314060340122,0.2088240939503181,12.783505931110444,20.073453371136463,0.6790089625146338,2404.0,14.374000000000024,0.3,sensor_drift,1.0,0.0
hot_weather,300,sensor_drift,1452.0,102.20941775969693,111.66892623616032,639.8816693727149,1290.195126775549,63.35616732267399,52.580563331445475,3.5287477505802727,0.12306308570017507,12.805357994598278,20.406881402543107,0.6822636587690036,2396.0,14.425999999999988,0.3,sensor_drift,1.0,0.0
hot_weather,300,sensor_drift,1453.0,101.7212134595722,111.9555898248991,647.7792468708858,1303.5491586894059,64.30269566932549,51.79370906021653,3.5293625136510998,0.24981225738668747,12.811113826011768,20.212220497417622,0.6854637508039235,2388.0,14.478000000000009,0.3,sensor_drift,1.0,0.0
hot_weather,300,sensor_drift,1454.0,101.24569291355421,111.58769317797808,641.3260310786496,1285.288256249896,65.46187657490515,52.64243537393318,3.530790663038118,0.23675132317189265,12.739495040523188,19.748804698662752,0.6886029002321469,2380.0,14.529999999999973,0.3,sensor_drift,1.0,0.0
hot_weather,300,sensor_drift,1455.0,100.78263166454884,110.17345735138234,642.5869323244847,1294.3964011003923,64.30213610145307,52.074819134231376,3.532779219895159,0.18465535214465134,12.845045153849503,20.018322305996893,0.6916773065961933,2372.0,14.581999999999994,0.3,sensor_drift,1.0,0.0
hot_weather,300,sensor_drift,1456.0,100.33178637380111,111.01698618556878,644.3642209723124,1285.0491439877935,63.80698050652091,51.84104749596767,3.5351541277131875,0.18179784616178812,12.761544963683074,20.056757557191368,0.6946849009990161,2364.0,14.634000000000015,0.3,sensor_drift,1.0,0.0
hot_weather,300,sensor_drift,1457.0,99.89290284104524,109.9483467007817,640.9997284570625,1281.221910620975,64.05818750183631,51.72504181323439,3.5377956309251326,0.16100913784443424,12.773282118519177,19.92486826639135,0.6976247920409501,2356.0,14.685999999999979,0.3,sensor_drift,1.0,0.0
hot_weather,300,sensor_drift,1458.0,99.4657214678906,109.20447391497619,640.1143298883743,1290.5871622394832,63.72164543047815,51.22722854854345,3.5406213346402686,0.20758638381150332,12.740031213209228,20.144067396192007,0.7004968852097075,2348.0,14.738,0.3,sensor_drift,1.0,0.0
hot_weather,300,sensor_drift,1459.0,99.04998096463355,108.41407660725562,644.0611440182314,1293.9613939500673,64.13930161323499,50.38497522282621,3.5435745492299513,0.1587351035416081,12.772395576611173,20.272304219039174,0.7033016215120014,2340.0,14.79000000000002,0.3,sensor_drift,1.0,0.0
hot_weather,300,sensor_drift,1460.0,98.6454208505979,108.73278769615476,643.6928822443507,1289.0317036808356,65.13760716283961,51.60621039423398,3.546616271051854,0.12273958598643596,12.718433936540118,20.05474216177305,0.7060397980766204,2332.0,14.841999999999985,0.3,sensor_drift,1.0,0.0
hot_weather,300,sensor_drift,1461.0,98.25178312617118,108.56744178426919,641.43789057466,1299.5025365370905,65.08221637495502,50.93537178482232,3.5497196649476517,0.28222745864266263,12.76256818707473,20.0992750760295,0.7087124451058853,2324.0,14.894000000000005,0.3,sensor_drift,1.0,0.0
hot_weather,300,sensor_drift,1462.0,97.86881337649966,107.76590288726509,641.3886207016084,1285.9816233647703,63.74422684512755,51.103496697010385,3.552866268036405,0.10425883314534005,12.74940900214921,19.77790939374668,0.7113207415597792,2316.0,14.946000000000026,0.3,sensor_drift,1.0,0.0
hot_weather,300,sensor_drift,1463.0,97.49626148553993,106.97459399611432,642.3815337124221,1290.6922112164807,63.6953254991683,51.558140819469294,3.556043377811277,0.21245479787934665,12.797886006286422,19.963998203208774,0.7138659574621351,2308.0,14.99799999999999,0.3,sensor_drift,1.0,0.0
hot_weather,300,sensor_drift,1464.0,97.1338820832958,106.37831599861153,636.5579783894776,1287.5185774377173,64.37194240637456,50.61936744936827,3.559242255072446,0.19364757597568097,12.81133078436995,20.461580471406638,0.716349414502972,2300.0,15.050000000000011,0.3,sensor_drift,1.0,0.0
hot_weather,300,sensor_drift,1465.0,96.78143481065999,106.97736234331725,641.0173145523825,1286.649164678802,64.99756213494332,51.39980606364607,3.5624568874917415,0.22000219746724817,12.789083103319973,20.03654651844451,0.7187724592130803,2292.0,15.101999999999975,0.3,sensor_drift,1.0,0.0
hot_weather,300,sensor_drift,1466.0,96.43868445987417,105.72274057906192,640.5891975055788,1289.8394698780505,64.03564097425313,50.38374080194426,3.5656831389085992,0.18235675770274148,12.779064014244794,19.714996948974225,0.7211364447758325,2284.0,15.153999999999996,0.3,sensor_drift,1.0,0.0
hot_weather,300,sensor_drift,1467.0,96.1054010304676,106.26770281220993,636.5948811653792,1289.8366791264032,63.97628464457802,50.374429670943506,3.5689181640206584,0.3318397252673967,12.743555359737412,19.690447576744475,0.7234427187710246,2276.0,15.206000000000017,0.3,sensor_drift,1.0,0.0
hot_weather,300,sensor_drift,1468.0,95.78135972805455,106.26104907826351,638.6904186603311,1294.148779751459,65.49642081507378,51.94036962213086,3.5721600056737106,0.2427314087815752,12.793734785820893,20.08605249232445,0.7256926149910834,2268.0,15.257999999999981,0.3,sensor_drift,1.0,0.0
hot_weather,300,sensor_drift,1469.0,95.46634092479141,104.81326113730884,630.8840555998215,1287.5626989552604,63.52769489207371,49.9937164456477,3.575407317785436,0.16485042312286413,12.74398112458376,19.860149608208303,0.7278874480512553,2260.0,15.310000000000002,0.3,sensor_drift,1.0,0.0
hot_weather,300,sensor_drift,1470.0,95.16013009439678,104.97259119131765,639.1878648943448,1289.5760441651696,64.51673308587512,50.42625209242809,3.578659174708831,0.22266532635836847,12.755003803698067,20.023493165023034,0.7300285099150227,2252.0,15.362000000000023,0.3,sensor_drift,1.0,0.0
hot_weather,300,sensor_drift,1471.0,94.86251773058335,104.43266421854293,635.0445409304151,1285.4456406380095,63.79615626410682,51.37648622672025,3.5819149400687254,0.18092658708953901,12.807427775139862,19.80117911064052,0.7321170677307443,2244.0,15.413999999999987,0.3,sensor_drift,1.0,0.0
hot_weather,300,sensor_drift,1472.0,94.57329925496389,104.8570195956451,634.223218260626,1295.4119543208744,64.20602760307631,50.42036249409142,3.5851741765175276,0.19582943671203867,12.760909204942873,20.03298302773436,0.7341543625643947,2236.0,15.466000000000008,0.3,sensor_drift,1.0,0.0
hot_weather,300,sensor_drift,1473.0,94.29227491857813,104.56599815235322,632.7497866835643,1289.7723168684618,64.36640813932534,50.20797289167831,3.5884365836445316,0.2937247563307629,12.741652687235765,20.169896143719626,0.7361416087431304,2228.0,15.518000000000029,0.3,sensor_drift,1.0,0.0
hot_weather,300,sensor_drift,1474.0,94.01924969987122,103.84150545043762,635.0749005469662,1290.8802809642136,64.13189358361706,50.141914411095264,3.5917019552557674,0.15046680109928295,12.702616259319306,20.016073484139167,0.7380799936136859,2220.0,15.569999999999993,0.3,sensor_drift,1.0,0.0
hot_weather,300,sensor_drift,1475.0,93.75403320104977,104.3598631695418,635.4565365876002,1291.1698564718788,64.26555071102905,50.55907795245359,3.5949701499813154,0.15990536132834415,12.761658686250094,19.940760401552968,0.7399706775809767,2212.0,15.622000000000014,0.3,sensor_drift,1.0,0.0
hot_weather,300,sensor_drift,1476.0,93.49643954412012,104.19722752937109,627.5986325370543,1287.35813503543,64.29282089285807,50.65290592923862,3.5982410710522648,0.23397475755859476,12.792217411709283,19.951845345610376,0.7418147943344608,2204.0,15.673999999999978,0.3,sensor_drift,1.0,0.0
hot_weather,300,sensor_drift,1477.0,93.24628726748706,102.51627826644578,633.5248692037766,1293.5154120404857,63.822868993127074,50.05280542818486,3.601514652386735,0.16137940589147687,12.782352933954678,19.985778458901898,0.7436134511988395,2196.0,15.725999999999999,0.3,sensor_drift,1.0,0.0
hot_weather,300,sensor_drift,1478.0,93.0033992236978,102.0425144635576,633.564042978345,1296.347348586498,64.82753902139304,50.426268787313354,3.6047908490166183,0.1475192175261991,12.761606295543668,19.76927176337086,0.7453677295655836,2188.0,15.77800000000002,0.3,sensor_drift,1.0,0.0
hot_weather,300,sensor_drift,1479.0,92.7676024787156,104.36229019132549,628.7972101594253,1295.6409136595103,64.73095428625061,49.154635154071975,3.6080696305009314,0.1855878024867982,12.637366741873647,20.349823287020644,0.747078685375504,2180.0,15.829999999999984,0.3,sensor_drift,1.0,0.0
hot_weather,300,sensor_drift,1480.0,92.53872821296936,102.63797148166849,627.5352349091426,1293.6055147373245,63.88061996863259,50.602951049433436,3.611350976394027,0.20649364260936567,12.797291414356787,20.35500217138274,0.7487473496319834,2172.0,15.882000000000005,0.3,sensor_drift,1.0,0.0
hot_weather,300,sensor_drift,1481.0,92.31661162433126,101.50419397154913,629.8040623715841,1294.073588267837,64.9815823403074,48.64527846537984,3.614634873127557,0.1853340434036223,12.798516205986068,20.13492770078924,0.7503747289309673,2164.0,15.934000000000026,0.3,sensor_drift,1.0,0.0
hot_weather,300,sensor_drift,1482.0,92.10109183311046,102.5691776730293,625.9267416735664,1291.808365465752,64.22522707488761,49.217354306674984,3.6179213118652207,0.17439261138817588,12.785933432171868,20.01192310797816,0.7519618059982615,2156.0,15.98599999999999,0.3,sensor_drift,1.0,0.0
hot_weather,300,sensor_drift,1483.0,91.8920117891066,101.87204812680771,631.4325899781882,1293.8220880537083,64.93840917062002,48.80856732609409,3.6212102870267366,0.14634054557608592,12.756440547864017,20.07446230146697,0.7535095402277345,2148.0,16.03800000000001,0.3,sensor_drift,1.0,0.0
hot_weather,300,sensor_drift,1484.0,91.6892181807373,101.06339971718491,635.1324392380789,1284.0546644276174,63.77399677636415,48.60071572755392,3.624501795272319,0.15787094978360378,12.842480051292307,19.468752948529037,0.7550188682161209,2140.0,16.089999999999975,0.3,sensor_drift,1.0,0.0
hot_weather,300,sensor_drift,1485.0,91.49256134623367,101.37242889590703,629.6905502172826,1302.985833515511,64.94916754717721,49.58397669036691,3.6277958348039556,0.20101732635380273,12.774637644091454,20.012315378954682,0.7564907042915687,2132.0,16.141999999999996,0.3,sensor_drift,1.0,0.0
hot_weather,300,sensor_drift,1486.0,91.30189518688461,101.52298373369221,630.9679442461854,1289.0467100273397,64.77711967209714,49.29670646688899,3.6310924048846696,0.20445458766929298,12.73222263914952,19.986572817918773,0.7579259410340495,2124.0,16.194000000000017,0.3,sensor_drift,1.0,0.0
hot_weather,300,sensor_drift,1487.0,91.1170770823014,100.95831312618657,631.1980225394576,1302.699485242871,64.33516034701312,49.28478627130322,3.634391505507758,0.23987781606901254,12.895185608273014,20.03864041380664,0.7593254497864408,2116.0,16.24599999999998,0.3,sensor_drift,1.0,0.0
hot_weather,300,sensor_drift,1488.0,90.93796780766893,101.46175114756463,631.391097561145,1289.8489969914954,64.66647729140477,48.88564794963812,3.6376931371692347,0.2648531623350635,12.808830431700622,20.119918543813235,0.7606900811555437,2108.0,16.298000000000002,0.3,sensor_drift,1.0,0.0
hot_weather,300,sensor_drift,1489.0,90.76443145294557,100.27314012174381,634.956708461846,1298.479791152985,64.72657346798408,49.410507512416075,3.640997300711233,0.17680248784490935,12.87389977646057,19.84388842190705,0.7620206655026154,2100.0,16.350000000000023,0.3,sensor_drift,1.0,0.0
hot_weather,300,sensor_drift,1490.0,90.59633534397237,100.89733361008592,636.5110436320186,1288.6519889197064,64.01842928575324,48.99027631320555,3.6443039972142914,0.2050619081061497,12.760820376842823,20.101681723099254,0.7633180134232183,2092.0,16.401999999999987,0.3,sensor_drift,1.0,0.0
hot_weather,300,sensor_drift,1491.0,90.43354996545041,100.84037939527352,628.7308091226549,1293.131716761218,64.23990267962446,49.21251883767089,3.6476132279232374,0.11356215742238451,12.753531426212355,19.804922484260306,0.7645829162163298,2084.0,16.454000000000008,0.3,sensor_drift,1.0,0.0
hot_weather,300,sensor_drift,1492.0,90.27594888574511,100.04067671277802,631.1561114393027,1302.2104276384111,63.59472939504828,48.79515559025761,3.650924994196176,0.25052881472361554,12.817143373445399,20.18125248345079,0.7658161463427482,2076.0,16.505999999999972,0.3,sensor_drift,1.0,0.0
hot_weather,300,sensor_drift,1493.0,90.12340868347613,99.52239321352975,628.3073143837772,1295.4474864800975,64.39654612204006,48.48600465311772,3.654239297469421,0.18546205219154063,12.804454727489812,19.877130540044607,0.7670184578729119,2068.0,16.557999999999993,0.3,sensor_drift,1.0,0.0
hot_weather,300,sensor_drift,1494.0,89.9758088758519,99.67003697957688,631.1458247020345,1293.0889355217487,63.98024161689301,48.58124567657483,3.657556139233337,0.1933838027453751,12.768919793700684,19.934827237882793,0.7681905869242751,2060.0,16.610000000000014,0.3,sensor_drift,1.0,0.0
hot_weather,300,sensor_drift,1495.0,89.83303184870813,100.11101954592037,624.7043587747379,1299.9598212210772,64.63898250431816,48.4474118173989,3.660875521015739,0.3397708807113772,12.80971057178434,20.00548307525252,0.7693332520884241,2052.0,16.661999999999978,0.3,sensor_drift,1.0,0.0
hot_weather,300,sensor_drift,1496.0,89.69496278821065,99.78142906973,630.4538414306227,1297.7766406209244,63.808920093182984,49.282916888083186,3.6641974443704726,0.08853239868971591,12.831790754640036,20.02997103708982,0.77044715484813,2044.0,16.714,0.3,sensor_drift,1.0,0.0
hot_weather,300,sensor_drift,1497.0,89.5614896141831,98.09817790119381,625.5630602608089,1295.122549974892,64.12009486538219,48.574071439818134,3.6675219108695365,0.2776332146810073,12.82687099805661,19.86263215374447,0.7715329799845407,2036.0,16.76600000000002,0.3,sensor_drift,1.0,0.0
hot_weather,300,sensor_drift,1498.0,89.43250291502162,99.94986726244687,628.3385834928396,1295.48506185712,64.58260373309776,48.33338762958985,3.670848922097678,0.24117947857891367,12.763695799505024,19.97691728846169,0.7725913959747308,2028.0,16.817999999999984,0.3,sensor_drift,1.0,0.0
hot_weather,300,sensor_drift,1499.0,89.30789588415836,99.56839899185715,627.7468305247827,1305.8168716197795,63.15872599231122,48.785694921656926,3.674178479648684,0.281892512567516,12.829049136039469,20.17828545149933,0.7736230553798185,2020.0,16.870000000000005,0.3,sensor_drift,1.0,0.0
hot_weather,300,sensor_drift,1500.0,89.18756425803765,99.08548902969167,628.3589989891134,1294.5577236570741,64.38552560046026,48.25189696824415,3.6775105851227967,0.17263489266474083,12.805848239619523,19.672584083203272,0.774628595223865,2012.0,16.922000000000025,0.3,sensor_drift,1.0,0.0
hot_weather,300,sensor_drift,1501.0,89.07140625556865,98.27492604436874,631.4696409945122,1297.4383657058343,64.38443929095331,48.54978206997466,3.680845240124976,0.14154565249313078,12.712117244007727,20.06827644569213,0.7756086373637685,2004.0,16.97399999999999,0.3,sensor_drift,1.0,0.0
hot_weather,300,sensor_drift,1502.0,88.95932251901931,98.535229605628,628.282099226836,1285.3820366859811,64.28919649100555,48.69626060563506,3.684182446263674,0.2224069385836755,12.723877651821669,19.815967980528047,0.776563788850365,1996.0,17.02600000000001,0.3,sensor_drift,1.0,0.0
hot_weather,300,sensor_drift,1503.0,88.85121605631768,98.2287590218786,625.8084582155147,1300.0363555184979,64.00865914720293,49.319223451109025,3.687522205149998,0.21412831629612503,12.828121333422322,20.125594418094543,0.7774946422809336,1988.0,17.077999999999975,0.3,sensor_drift,1.0,0.0
hot_weather,300,sensor_drift,1504.0,88.74699218472679,98.8264642443387,625.1598523466743,1292.2125527328571,64.17570876403813,48.992094168716505,3.6908645183971487,0.1827600248393866,12.813866599935912,20.027290706447964,0.77840177614332,1980.0,17.129999999999995,0.3,sensor_drift,1.0,0.0
hot_weather,300,sensor_drift,1505.0,88.64655847586064,99.34533841853744,624.9395224116088,1294.5083891991007,64.17173776310247,48.649435862828575,3.694209387620023,0.28393451558934424,12.81468468087028,19.936925968866518,0.7792857551518654,1972.0,17.182000000000016,0.3,sensor_drift,1.0,0.0
hot_weather,300,sensor_drift,1506.0,88.54982470200923,98.43353648991256,623.5016682266873,1295.4148724670367,64.77542010913434,48.29800166574311,3.697556814434928,0.20952054868718945,12.768249045836383,19.987882451800726,0.7801471305753427,1964.0,17.23399999999998,0.3,sensor_drift,1.0,0.0
hot_weather,300,sensor_drift,1507.0,88.45670278374155,99.2138630635899,623.5824951699306,1295.4865307983732,63.461321348987134,48.7035207313961,3.7009068004594226,0.27333922288161594,12.818364360425097,20.108700873362505,0.7809864405570865,1956.0,17.286,0.3,sensor_drift,1.0,0.0
hot_weather,300,sensor_drift,1508.0,88.36710673875618,98.70563772076859,623.447687339055,1294.0668011048895,64.40603605034107,47.58112076094794,3.704259347312159,0.14036916609080036,12.773713138881451,19.861285392570764,0.7818042104274983,1948.0,17.338000000000022,0.3,sensor_drift,1.0,0.0
hot_weather,300,sensor_drift,1509.0,88.28095263194959,98.02465878817549,629.4297423595365,1292.0509795484197,64.68359290369261,49.15812600479531,3.707614456612808,0.2111874776779003,12.730606099803007,20.175120953313066,0.7826009530091158,1940.0,17.389999999999986,0.3,sensor_drift,1.0,0.0
hot_weather,300,sensor_drift,1510.0,88.19815852667341,98.5140118909476,620.4875424204599,1303.3374154949292,64.71295911638856,47.81513799373236,3.710972129982013,0.2168076764173048,12.834757542177941,19.63337489492439,0.7833771689144192,1932.0,17.442000000000007,0.3,sensor_drift,1.0,0.0
hot_weather,300,sensor_drift,1511.0,88.11864443715214,98.04956588502625,626.4941277464502,1299.7403673682595,64.71108584343193,48.15553700862163,3.7143323690413204,0.2746889406503697,12.805380442354947,20.249626587998954,0.7841333468365442,1924.0,17.494000000000028,0.3,sensor_drift,1.0,0.0
hot_weather,300,sensor_drift,1512.0,88.04233228203381,98.71000325475957,623.5672045394672,1294.599050031075,64.31414190320002,48.327708764254396,3.717695175413164,0.22109931115508888,12.848342741415,19.91856566402634,0.7848699638330757,1916.0,17.545999999999992,0.3,sensor_drift,1.0,0.0
hot_weather,300,sensor_drift,1513.0,87.96914583904658,98.63615772222663,623.677320362126,1297.290426864233,64.27803875219824,48.22101430868483,3.72106055072086,0.22459622339849578,12.757561005233244,20.122834581317356,0.785587485603086,1908.0,17.598000000000013,0.3,sensor_drift,1.0,0.0
hot_weather,300,sensor_drift,1514.0,87.8990107007349,99.13368407845061,626.0038306032724,1300.1819509722359,64.12527267359516,48.224050472005075,3.7244284965885632,0.24431527710304876,12.772593529049038,20.0431466152499,0.7862863667575724,1900.0,17.649999999999977,0.3,sensor_drift,1.0,0.0
hot_weather,300,sensor_drift,1515.0,87.83185423124968,97.97593783532058,629.5799707639123,1296.3768545943476,64.0427015709809,47.289496448354775,3.7277990146412905,0.15986847002446614,12.811129563157547,20.141387711823395,0.7869670510834617,1892.0,17.701999999999998,0.3,sensor_drift,1.0,0.0
hot_weather,300,sensor_drift,1516.0,87.76760552416707,97.93750358010809,625.4390097061358,1298.7327596570608,64.05935644262033,48.0809896343026,3.7311721065048875,0.2028025354261809,12.682817898358271,20.237451222711165,0.7876299718013239,1884.0,17.75400000000002,0.3,sensor_drift,1.0,0.0
hot_weather,300,sensor_drift,1517.0,87.70619536131176,97.65396374331188,624.0984215437132,1290.0238889218545,63.81333528426936,47.65957816795123,3.734547773806034,0.2037012991192238,12.761919831851056,19.860400308942452,0.7877765286235117,1876.0,17.805999999999983,0.3,sensor_drift,1.0,0.0
hot_weather,300,sensor_drift,1518.0,87.64755617256054,97.68424621642068,625.6281544711776,1302.6246586014531,63.03072221015306,48.59133597068993,3.7379260181722582,0.2816782053984862,12.763281261481108,20.079321867259978,0.7878519848297595,1868.0,17.858000000000004,0.3,sensor_drift,1.0,0.0
hot_weather,300,sensor_drift,1519.0,87.59162199660302,97.01966904383528,623.7193027577683,1300.0303022966764,63.834912978863336,48.17531779543026,3.741306841231903,0.27372613647701255,12.832618512448375,20.17700422867718,0.7879244412415147,1860.0,17.910000000000025,0.3,sensor_drift,1.0,0.0
hot_weather,300,sensor_drift,1520.0,87.53832844263648,97.17982867737861,620.6046250411047,1297.308906157012,64.46362411499896,48.30926169503412,3.744690244614153,0.07691537904423783,12.78036877362225,19.59938502127143,0.7879939693165182,1852.0,17.96199999999999,0.3,sensor_drift,1.0,0.0
hot_weather,300,sensor_drift,1521.0,87.48761265297291,97.72418662563871,625.5690541844564,1303.1996459742527,63.631705844780036,48.58234869192965,3.748076229949017,0.20758887953145405,12.77693891903394,19.956866912758596,0.7880606388111372,1844.0,18.01400000000001,0.3,sensor_drift,1.0,0.0
hot_weather,300,sensor_drift,1522.0,87.43941326653623,97.3472633746019,622.8001425244521,1301.5518227444957,65.12681268087628,48.16911930651547,3.7514647988673335,0.28574114658963323,12.855408690826552,19.896298211645338,0.7881245178208733,1836.0,18.065999999999974,0.3,sensor_drift,1.0,0.0
hot_weather,300,sensor_drift,1523.0,87.39367038322868,96.63079324825804,629.561188574798,1293.2771327403354,64.04031912705305,48.293650375877206,3.754855953000773,0.18571153390049513,12.82376793262275,19.64338632076357,0.7881856728199084,1828.0,18.117999999999995,0.3,sensor_drift,1.0,0.0
hot_weather,300,sensor_drift,1524.0,87.35032552914565,97.19342213845117,627.8554319344225,1298.8080799870177,64.19328269813225,47.643198840189235,3.7582496939818344,0.11875553018503932,12.808011909182081,19.859750385738643,0.7882441686997055,1820.0,18.170000000000016,0.3,sensor_drift,1.0,0.0
hot_weather,300,sensor_drift,1525.0,87.30932162261867,98.120225817699,624.3839933610253,1306.81626646529,64.59739999714532,48.10097757676852,3.761646023443837,0.1439467607099863,12.75482348889122,20.107688037847062,0.7883000688066941,1812.0,18.22199999999998,0.3,sensor_drift,1.0,0.0
hot_weather,300,sensor_drift,1526.0,87.27060294106693,96.48508648568414,624.7504136293512,1288.211995808611,64.03518973862099,47.28348589480117,3.7650449430209476,0.17281021064893534,12.856132201916349,19.750284449309074,0.7883534349790562,1804.0,18.274,0.3,sensor_drift,1.0,0.0
hot_weather,300,sensor_drift,1527.0,87.23411508863806,96.93296903442804,629.8740484801689,1306.603861040634,64.20440556823218,47.370017529555525,3.768446454348148,0.1505411358503295,12.809844948567061,20.15798187074168,0.7884043275826367,1796.0,18.326000000000022,0.3,sensor_drift,1.0,0.0
hot_weather,300,sensor_drift,1528.0,87.19980496461939,97.44886067057288,626.0941950819715,1304.4532534557895,64.53687380934318,47.437889956994184,3.7718505590612494,0.1531509220754987,12.828615136791901,19.606719018716486,0.7884528055459993,1788.0,18.377999999999986,0.3,sensor_drift,1.0,0.0
hot_weather,300,sensor_drift,1529.0,87.16762073260124,96.52183210213599,630.1587590550082,1299.6600372588737,63.83305658873648,48.53332126369898,3.775257258796906,0.31049101717057703,12.746011538817713,20.230429377604096,0.7884989263946474,1780.0,18.430000000000007,0.3,sensor_drift,1.0,0.0
hot_weather,300,sensor_drift,1530.0,87.13751179037446,97.15721402597553,625.627790468813,1304.2694892231725,64.03485058623211,48.0854006840129,3.778666555192591,0.2956518926879941,12.827426300155537,20.092940061592298,0.7885427462844306,1772.0,18.482000000000028,0.3,sensor_drift,1.0,0.0
